sample_index,time_seconds,measured_ecg,predicted_ecg
0,0.0000000,-0.00060939736431464553,-0.63739997148513794
1,0.0005000,-0.0030286549590528011,-0.6754000186920166
2,0.0010000,-0.0077633149921894073,-0.71139997243881226
3,0.0015000,-0.014627410098910332,-0.74519997835159302
4,0.0020000,-0.023460663855075836,-0.77679997682571411
5,0.0025000,-0.034137681126594543,-0.80620002746582031
6,0.0030000,-0.046518813818693161,-0.83329999446868896
7,0.0035000,-0.060443028807640076,-0.85799998044967651
8,0.0040000,-0.075785525143146515,-0.88029998540878296
9,0.0045000,-0.092485480010509491,-0.9002000093460083
10,0.0050000,-0.11043176054954529,-0.91759997606277466
11,0.0055000,-0.12945131957530975,-0.93260002136230469
12,0.0060000,-0.14939004182815552,-0.94499999284744263
13,0.0065000,-0.17012703418731689,-0.95499998331069946
14,0.0070000,-0.19154375791549683,-0.9625999927520752
15,0.0075000,-0.21348881721496582,-0.96759998798370361
16,0.0080000,-0.2358521968126297,-0.97030001878738403
17,0.0085000,-0.25857841968536377,-0.97060000896453857
18,0.0090000,-0.28156059980392456,-0.96859997510910034
19,0.0095000,-0.30465620756149292,-0.96429997682571411
20,0.0100000,-0.32773745059967041,-0.95779997110366821
21,0.0105000,-0.35068473219871521,-0.94910001754760742
22,0.0110000,-0.37338164448738098,-0.93830001354217529
23,0.0115000,-0.39570713043212891,-0.92549997568130493
24,0.0120000,-0.41754478216171265,-0.91089999675750732
25,0.0125000,-0.43877747654914856,-0.89429998397827148
26,0.0130000,-0.45930087566375732,-0.87610000371932983
27,0.0135000,-0.47903808951377869,-0.85610002279281616
28,0.0140000,-0.49790534377098083,-0.83469998836517334
29,0.0145000,-0.51582086086273193,-0.81180000305175781
30,0.0150000,-0.53272557258605957,-0.78759998083114624
31,0.0155000,-0.54855751991271973,-0.7620999813079834
32,0.0160000,-0.56326174736022949,-0.73549997806549072
33,0.0165000,-0.57679718732833862,-0.70789998769760132
34,0.0170000,-0.58911257982254028,-0.67940002679824829
35,0.0175000,-0.60016268491744995,-0.6502000093460083
36,0.0180000,-0.60992026329040527,-0.62019997835159302
37,0.0185000,-0.61835598945617676,-0.58969998359680176
38,0.0190000,-0.62542295455932617,-0.55879998207092285
39,0.0195000,-0.63110119104385376,-0.5274999737739563
40,0.0200000,-0.63541126251220703,-0.49599999189376831
41,0.0205000,-0.63835859298706055,-0.4643000066280365
42,0.0210000,-0.63994425535202026,-0.4325999915599823
43,0.0215000,-0.64019197225570679,-0.40099999308586121
44,0.0220000,-0.63912731409072876,-0.36959999799728394
45,0.0225000,-0.63676291704177856,-0.33840000629425049
46,0.0230000,-0.63311553001403809,-0.30750000476837158
47,0.0235000,-0.62822562456130981,-0.27709999680519104
48,0.0240000,-0.62214666604995728,-0.24719999730587006
49,0.0245000,-0.6149105429649353,-0.21780000627040863
50,0.0250000,-0.60653585195541382,-0.1890999972820282
51,0.0255000,-0.59705972671508789,-0.16110000014305115
52,0.0260000,-0.58652722835540771,-0.1339000016450882
53,0.0265000,-0.57498621940612793,-0.10750000178813934
54,0.0270000,-0.56249886751174927,-0.082000002264976501
55,0.0275000,-0.54913389682769775,-0.057399999350309372
56,0.0280000,-0.53496164083480835,-0.033700000494718552
57,0.0285000,-0.52004802227020264,-0.010999999940395355
58,0.0290000,-0.50445091724395752,0.010599999688565731
59,0.0295000,-0.48822548985481262,0.031199999153614044
60,0.0300000,-0.47143036127090454,0.050799999386072159
61,0.0305000,-0.45412608981132507,0.069300003349781036
62,0.0310000,-0.43637356162071228,0.086800001561641693
63,0.0315000,-0.41823121905326843,0.1031000018119812
64,0.0320000,-0.39974695444107056,0.11840000003576279
65,0.0325000,-0.38097491860389709,0.13269999623298645
66,0.0330000,-0.36198616027832031,0.14589999616146088
67,0.0335000,-0.34284862875938416,0.15800000727176666
68,0.0340000,-0.3236204981803894,0.16910000145435333
69,0.0345000,-0.30436649918556213,0.17919999361038208
70,0.0350000,-0.28514271974563599,0.1882999986410141
71,0.0355000,-0.26598349213600159,0.19650000333786011
72,0.0360000,-0.24692687392234802,0.20379999279975891
73,0.0365000,-0.22802497446537018,0.2101999968290329
74,0.0370000,-0.20934154093265533,0.21570000052452087
75,0.0375000,-0.19093447923660278,0.22040000557899475
76,0.0380000,-0.17283463478088379,0.22429999709129333
77,0.0385000,-0.15506809949874878,0.22750000655651093
78,0.0390000,-0.13766805827617645,0.22990000247955322
79,0.0395000,-0.12065573036670685,0.23180000483989716
80,0.0400000,-0.10404807329177856,0.2328999936580658
81,0.0405000,-0.087868049740791321,0.23360000550746918
82,0.0410000,-0.072149164974689484,0.23360000550746918
83,0.0415000,-0.056929402053356171,0.23319999873638153
84,0.0420000,-0.04222443699836731,0.23229999840259552
85,0.0425000,-0.028037004172801971,0.23100000619888306
86,0.0430000,-0.014379177242517471,0.22939999401569366
87,0.0435000,-0.0012622196227312088,0.22740000486373901
88,0.0440000,0.011304671876132488,0.22509999573230743
89,0.0445000,0.023310454562306404,0.22259999811649323
90,0.0450000,0.034748777747154236,0.21979999542236328
91,0.0455000,0.045614834874868393,0.21680000424385071
92,0.0460000,0.055907133966684341,0.21369999647140503
93,0.0465000,0.065630823373794556,0.21050000190734863
94,0.0470000,0.074789881706237793,0.20720000565052032
95,0.0475000,0.083389908075332642,0.20379999279975891
96,0.0480000,0.09143519401550293,0.20039999485015869
97,0.0485000,0.098922520875930786,0.19699999690055847
98,0.0490000,0.10585702955722809,0.19359999895095825
99,0.0495000,0.11225985735654831,0.19030000269412994
100,0.0500000,0.11815506964921951,0.18700000643730164
101,0.0505000,0.12355978786945343,0.18379999697208405
102,0.0510000,0.1284850537776947,0.18070000410079956
103,0.0515000,0.13294327259063721,0.17759999632835388
104,0.0520000,0.13695302605628967,0.17470000684261322
105,0.0525000,0.14053277671337128,0.17200000584125519
106,0.0530000,0.14369454979896545,0.16930000483989716
107,0.0535000,0.14645282924175262,0.16689999401569366
108,0.0540000,0.14883147180080414,0.16459999978542328
109,0.0545000,0.15084996819496155,0.1624000072479248
110,0.0550000,0.15252399444580078,0.16040000319480896
111,0.0555000,0.15387560427188873,0.15860000252723694
112,0.0560000,0.15492706000804901,0.15690000355243683
113,0.0565000,0.1556963175535202,0.15539999306201935
114,0.0570000,0.15619562566280365,0.15410000085830688
115,0.0575000,0.15644177794456482,0.15299999713897705
116,0.0580000,0.15645556151866913,0.15199999511241913
117,0.0585000,0.1562487781047821,0.15119999647140503
118,0.0590000,0.15583330392837524,0.15049999952316284
119,0.0595000,0.15523114800453186,0.15000000596046448
120,0.0600000,0.15447364747524261,0.14959999918937683
121,0.0605000,0.15359070897102356,0.14939999580383301
122,0.0610000,0.15259991586208344,0.1492999941110611
123,0.0615000,0.15151387453079224,0.1492999941110611
124,0.0620000,0.15034776926040649,0.14939999580383301
125,0.0625000,0.14911016821861267,0.14970000088214874
126,0.0630000,0.14780381321907043,0.15000000596046448
127,0.0635000,0.14644166827201843,0.15039999783039093
128,0.0640000,0.14504294097423553,0.15099999308586121
129,0.0645000,0.14361700415611267,0.15160000324249268
130,0.0650000,0.14217033982276917,0.15219999849796295
131,0.0655000,0.14071546494960785,0.15299999713897705
132,0.0660000,0.1392621248960495,0.15379999577999115
133,0.0665000,0.13781468570232391,0.15459999442100525
134,0.0670000,0.13637775182723999,0.15549999475479126
135,0.0675000,0.13495847582817078,0.15639999508857727
136,0.0680000,0.13356870412826538,0.15739999711513519
137,0.0685000,0.13222044706344604,0.15839999914169312
138,0.0690000,0.13091874122619629,0.15940000116825104
139,0.0695000,0.12967024743556976,0.16040000319480896
140,0.0700000,0.12848298251628876,0.16140000522136688
141,0.0705000,0.12735638022422791,0.1624000072479248
142,0.0710000,0.12629055976867676,0.16349999606609344
143,0.0715000,0.1252918541431427,0.16449999809265137
144,0.0720000,0.12436400353908539,0.16550000011920929
145,0.0725000,0.12350806593894958,0.16650000214576721
146,0.0730000,0.1227259486913681,0.16760000586509705
147,0.0735000,0.12201882153749466,0.16859999299049377
148,0.0740000,0.1213880255818367,0.16949999332427979
149,0.0745000,0.12083327770233154,0.17049999535083771
150,0.0750000,0.12035230547189713,0.17149999737739563
151,0.0755000,0.11994634568691254,0.17239999771118164
152,0.0760000,0.11961881816387177,0.17329999804496765
153,0.0765000,0.11937182396650314,0.17419999837875366
154,0.0770000,0.11920482665300369,0.17509999871253967
155,0.0775000,0.11911696195602417,0.17599999904632568
156,0.0780000,0.11910868436098099,0.17689999938011169
157,0.0785000,0.11917784810066223,0.17769999802112579
158,0.0790000,0.11932065337896347,0.1785999983549118
159,0.0795000,0.11953499168157578,0.1793999969959259
160,0.0800000,0.11982396990060806,0.18019999563694
161,0.0805000,0.12019135057926178,0.1809999942779541
162,0.0810000,0.12063176184892654,0.1817999929189682
163,0.0815000,0.1211412250995636,0.18260000646114349
164,0.0820000,0.12172004580497742,0.18330000340938568
165,0.0825000,0.12236203998327255,0.18410000205039978
166,0.0830000,0.1230621412396431,0.18490000069141388
167,0.0835000,0.12381530553102493,0.18569999933242798
168,0.0840000,0.12461034208536148,0.18639999628067017
169,0.0845000,0.12543603777885437,0.18719999492168427
170,0.0850000,0.12628309428691864,0.18799999356269836
171,0.0855000,0.12714651226997375,0.18870000541210175
172,0.0860000,0.12802386283874512,0.18950000405311584
173,0.0865000,0.12890826165676117,0.19030000269412994
174,0.0870000,0.1297948956489563,0.19099999964237213
175,0.0875000,0.13068431615829468,0.19179999828338623
176,0.0880000,0.13157014548778534,0.19259999692440033
177,0.0885000,0.1324397474527359,0.19339999556541443
178,0.0890000,0.13328224420547485,0.19419999420642853
179,0.0895000,0.13409049808979034,0.19499999284744263
180,0.0900000,0.13486286997795105,0.19580000638961792
181,0.0905000,0.13560068607330322,0.19670000672340393
182,0.0910000,0.13630741834640503,0.19750000536441803
183,0.0915000,0.13698664307594299,0.19830000400543213
184,0.0920000,0.137635737657547,0.19920000433921814
185,0.0925000,0.13824783265590668,0.20000000298023224
186,0.0930000,0.13881842792034149,0.20090000331401825
187,0.0935000,0.13934445381164551,0.20180000364780426
188,0.0940000,0.13982534408569336,0.20270000398159027
189,0.0945000,0.14026448130607605,0.20360000431537628
190,0.0950000,0.14066483080387115,0.20440000295639038
191,0.0955000,0.1410302072763443,0.2054000049829483
192,0.0960000,0.14135979115962982,0.20630000531673431
193,0.0965000,0.14164072275161743,0.20720000565052032
194,0.0970000,0.14186456799507141,0.20810000598430634
195,0.0975000,0.14203529059886932,0.20909999310970306
196,0.0980000,0.14215463399887085,0.20999999344348907
197,0.0985000,0.14222180843353271,0.210999995470047
198,0.0990000,0.14224068820476532,0.21189999580383301
199,0.0995000,0.14221471548080444,0.21289999783039093
200,0.1000000,0.14214538037776947,0.21379999816417694
201,0.1005000,0.14203624427318573,0.21480000019073486
202,0.1010000,0.14189063012599945,0.21580000221729279
203,0.1015000,0.14171168208122253,0.21680000424385071
204,0.1020000,0.14150656759738922,0.21780000627040863
205,0.1025000,0.14128060638904572,0.21879999339580536
206,0.1030000,0.14103239774703979,0.21979999542236328
207,0.1035000,0.14076206088066101,0.2207999974489212
208,0.1040000,0.14047759771347046,0.22179999947547913
209,0.1045000,0.14018803834915161,0.22280000150203705
210,0.1050000,0.13989375531673431,0.22380000352859497
211,0.1055000,0.13959352672100067,0.22480000555515289
212,0.1060000,0.13929162919521332,0.22579999268054962
213,0.1065000,0.13899192214012146,0.22689999639987946
214,0.1070000,0.13869361579418182,0.22789999842643738
215,0.1075000,0.13839332759380341,0.2289000004529953
216,0.1080000,0.13808993995189667,0.22990000247955322
217,0.1085000,0.13778117299079895,0.23090000450611115
218,0.1090000,0.1374620795249939,0.23190000653266907
219,0.1095000,0.13713185489177704,0.2328999936580658
220,0.1100000,0.13679404556751251,0.23389999568462372
221,0.1105000,0.13645288348197937,0.23489999771118164
222,0.1110000,0.13611096143722534,0.23589999973773956
223,0.1115000,0.13577234745025635,0.23690000176429749
224,0.1120000,0.13544516265392303,0.23790000379085541
225,0.1125000,0.13512825965881348,0.23880000412464142
226,0.1130000,0.13480964303016663,0.23980000615119934
227,0.1135000,0.13448299467563629,0.24079999327659607
228,0.1140000,0.13414949178695679,0.24169999361038208
229,0.1145000,0.13381379842758179,0.24259999394416809
230,0.1150000,0.13348197937011719,0.24359999597072601
231,0.1155000,0.13315883278846741,0.24449999630451202
232,0.1160000,0.13284644484519958,0.24539999663829803
233,0.1165000,0.13253843784332275,0.24629999697208405
234,0.1170000,0.13222658634185791,0.24719999730587006
235,0.1175000,0.13191017508506775,0.24809999763965607
236,0.1180000,0.13159233331680298,0.24899999797344208
237,0.1185000,0.131276935338974,0.24979999661445618
238,0.1190000,0.13096396625041962,0.25069999694824219
239,0.1195000,0.13065704703330994,0.2515999972820282
240,0.1200000,0.13036879897117615,0.25240001082420349
241,0.1205000,0.13010299205780029,0.2533000111579895
242,0.1210000,0.12985625863075256,0.25420001149177551
243,0.1215000,0.1296299546957016,0.25499999523162842
244,0.1220000,0.12942320108413696,0.25589999556541443
245,0.1225000,0.12923207879066467,0.25670000910758972
246,0.1230000,0.12905380129814148,0.25760000944137573
247,0.1235000,0.128886878490448,0.25850000977516174
248,0.1240000,0.12873569130897522,0.25940001010894775
249,0.1245000,0.12860620021820068,0.26030001044273376
250,0.1250000,0.12850162386894226,0.26120001077651978
251,0.1255000,0.12842175364494324,0.26210001111030579
252,0.1260000,0.12836247682571411,0.26309999823570251
253,0.1265000,0.12832246720790863,0.26409998536109924
254,0.1270000,0.1283014714717865,0.26510000228881836
255,0.1275000,0.12829962372779846,0.26609998941421509
256,0.1280000,0.12832073867321014,0.2671000063419342
257,0.1285000,0.12836718559265137,0.26820001006126404
258,0.1290000,0.12843690812587738,0.26930001378059387
259,0.1295000,0.12852555513381958,0.27039998769760132
260,0.1300000,0.12863044440746307,0.27160000801086426
261,0.1305000,0.12875531613826752,0.27279999852180481
262,0.1310000,0.12890094518661499,0.27399998903274536
263,0.1315000,0.12906205654144287,0.27529999613761902
264,0.1320000,0.129243403673172,0.27660000324249268
265,0.1325000,0.12945201992988586,0.27790001034736633
266,0.1330000,0.12968485057353973,0.2791999876499176
267,0.1335000,0.1299387514591217,0.28060001134872437
268,0.1340000,0.13021337985992432,0.28200000524520874
269,0.1345000,0.13050949573516846,0.28349998593330383
270,0.1350000,0.13082590699195862,0.28499999642372131
271,0.1355000,0.13115713000297546,0.28650000691413879
272,0.1360000,0.13150401413440704,0.28799998760223389
273,0.1365000,0.13186998665332794,0.28949999809265137
274,0.1370000,0.1322510838508606,0.29109999537467957
275,0.1375000,0.13264212012290955,0.29269999265670776
276,0.1380000,0.13304093480110168,0.29429998993873596
277,0.1385000,0.13345161080360413,0.29589998722076416
278,0.1390000,0.13387997448444366,0.29750001430511475
279,0.1395000,0.13432629406452179,0.29910001158714294
280,0.1400000,0.13478672504425049,0.30079999566078186
281,0.1405000,0.13525497913360596,0.30239999294281006
282,0.1410000,0.13572785258293152,0.30399999022483826
283,0.1415000,0.13620391488075256,0.30559998750686646
284,0.1420000,0.13668105006217957,0.30720001459121704
285,0.1425000,0.13715830445289612,0.30869999527931213
286,0.1430000,0.13763570785522461,0.31029999256134033
287,0.1435000,0.13811483979225159,0.31180000305175781
288,0.1440000,0.13859644532203674,0.31330001354217529
289,0.1445000,0.1390799880027771,0.31479999423027039
290,0.1450000,0.13956572115421295,0.31619998812675476
291,0.1455000,0.14005640149116516,0.31760001182556152
292,0.1460000,0.14055436849594116,0.3190000057220459
293,0.1465000,0.14106065034866333,0.32030001282691956
294,0.1470000,0.14157649874687195,0.32159999012947083
295,0.1475000,0.14210353791713715,0.32280001044273376
296,0.1480000,0.14264953136444092,0.32400000095367432
297,0.1485000,0.14322270452976227,0.32519999146461487
298,0.1490000,0.14382310211658478,0.3262999951839447
299,0.1495000,0.14444969594478607,0.32730001211166382
300,0.1500000,0.14510250091552734,0.32829999923706055
301,0.1505000,0.14578016102313995,0.32929998636245728
302,0.1510000,0.14648191630840302,0.33019998669624329
303,0.1515000,0.14720751345157623,0.3310999870300293
304,0.1520000,0.14795590937137604,0.33190000057220459
305,0.1525000,0.14872622489929199,0.33270001411437988
306,0.1530000,0.14951618015766144,0.33340001106262207
307,0.1535000,0.15032161772251129,0.33410000801086426
308,0.1540000,0.15114136040210724,0.33480000495910645
309,0.1545000,0.15197563171386719,0.33539998531341553
310,0.1550000,0.15282323956489563,0.3361000120639801
311,0.1555000,0.15368381142616272,0.33660000562667847
312,0.1560000,0.15456162393093109,0.33719998598098755
313,0.1565000,0.15546408295631409,0.3377000093460083
314,0.1570000,0.15639275312423706,0.33829998970031738
315,0.1575000,0.15734224021434784,0.33880001306533813
316,0.1580000,0.15830978751182556,0.3393000066280365
317,0.1585000,0.15929608047008514,0.33980000019073486
318,0.1590000,0.16029900312423706,0.34029999375343323
319,0.1595000,0.1613166481256485,0.34079998731613159
320,0.1600000,0.16234685480594635,0.34130001068115234
321,0.1605000,0.1633857786655426,0.34189999103546143
322,0.1610000,0.16443099081516266,0.3425000011920929
323,0.1615000,0.1654793918132782,0.34299999475479126
324,0.1620000,0.16653096675872803,0.34369999170303345
325,0.1625000,0.16759195923805237,0.34430000185966492
326,0.1630000,0.16866655647754669,0.3449999988079071
327,0.1635000,0.16975502669811249,0.34569999575614929
328,0.1640000,0.17085720598697662,0.34650000929832458
329,0.1645000,0.17197227478027344,0.34729999303817749
330,0.1650000,0.17310094833374023,0.3481999933719635
331,0.1655000,0.17424172163009644,0.34920001029968262
332,0.1660000,0.17539310455322266,0.35019999742507935
333,0.1665000,0.17655812203884125,0.35120001435279846
334,0.1670000,0.17773641645908356,0.35240000486373901
335,0.1675000,0.1789289265871048,0.35350000858306885
336,0.1680000,0.18014137446880341,0.35479998588562012
337,0.1685000,0.18137544393539429,0.35609999299049377
338,0.1690000,0.1826309859752655,0.35749998688697815
339,0.1695000,0.1839091032743454,0.35899999737739563
340,0.1700000,0.18520918488502502,0.36059999465942383
341,0.1705000,0.18652968108654022,0.36219999194145203
342,0.1710000,0.18786832690238953,0.36390000581741333
343,0.1715000,0.18922540545463562,0.36570000648498535
344,0.1720000,0.19060978293418884,0.36750000715255737
345,0.1725000,0.19203022122383118,0.36939999461174011
346,0.1730000,0.19348706305027008,0.37139999866485596
347,0.1735000,0.19497789442539215,0.3734000027179718
348,0.1740000,0.19649778306484222,0.37560001015663147
349,0.1745000,0.19804072380065918,0.37779998779296875
350,0.1750000,0.19960334897041321,0.37999999523162842
351,0.1755000,0.20118401944637299,0.3822999894618988
352,0.1760000,0.20278817415237427,0.38470000028610229
353,0.1765000,0.20442628860473633,0.38710001111030579
354,0.1770000,0.20610256493091583,0.38960000872612
355,0.1775000,0.20781241357326508,0.3921000063419342
356,0.1780000,0.20955087244510651,0.39469999074935913
357,0.1785000,0.2113150954246521,0.39730000495910645
358,0.1790000,0.21309873461723328,0.40000000596046448
359,0.1795000,0.21489906311035156,0.40270000696182251
360,0.1800000,0.21672323346138,0.40540000796318054
361,0.1805000,0.2185838520526886,0.40819999575614929
362,0.1810000,0.22048923373222351,0.41100001335144043
363,0.1815000,0.22243401408195496,0.41380000114440918
364,0.1820000,0.22441087663173676,0.41670000553131104
365,0.1825000,0.22641740739345551,0.41949999332427979
366,0.1830000,0.22844767570495605,0.42239999771118164
367,0.1835000,0.23049862682819366,0.4253000020980835
368,0.1840000,0.23257501423358917,0.42829999327659607
369,0.1845000,0.23468409478664398,0.43119999766349792
370,0.1850000,0.23683188855648041,0.43410000205039978
371,0.1855000,0.23901879787445068,0.43709999322891235
372,0.1860000,0.24123997986316681,0.44010001420974731
373,0.1865000,0.24349212646484375,0.44310000538825989
374,0.1870000,0.24577507376670837,0.44600000977516174
375,0.1875000,0.24808624386787415,0.44900000095367432
376,0.1880000,0.25042742490768433,0.45199999213218689
377,0.1885000,0.25280925631523132,0.45500001311302185
378,0.1890000,0.25524061918258667,0.45800000429153442
379,0.1895000,0.2577211856842041,0.460999995470047
380,0.1900000,0.2602420449256897,0.46399998664855957
381,0.1905000,0.26279726624488831,0.46700000762939453
382,0.1910000,0.26538562774658203,0.4699999988079071
383,0.1915000,0.26800483465194702,0.47299998998641968
384,0.1920000,0.27065706253051758,0.47600001096725464
385,0.1925000,0.27334201335906982,0.47900000214576721
386,0.1930000,0.27605593204498291,0.48199999332427979
387,0.1935000,0.27880054712295532,0.48489999771118164
388,0.1940000,0.28157484531402588,0.48789998888969421
389,0.1945000,0.2843744158744812,0.49090000987052917
390,0.1950000,0.28719770908355713,0.49390000104904175
391,0.1955000,0.2900453507900238,0.49689999222755432
392,0.1960000,0.29292032122612,0.49990001320838928
393,0.1965000,0.29581540822982788,0.50279998779296875
394,0.1970000,0.29871657490730286,0.50580000877380371
395,0.1975000,0.30162346363067627,0.50880002975463867
396,0.1980000,0.30454173684120178,0.51169997453689575
397,0.1985000,0.30747106671333313,0.51469999551773071
398,0.1990000,0.31040841341018677,0.51770001649856567
399,0.1995000,0.31335273385047913,0.52060002088546753
400,0.2000000,0.31630653142929077,0.52350002527236938
401,0.2005000,0.31926944851875305,0.52649998664855957
402,0.2010000,0.32223674654960632,0.52939999103546143
403,0.2015000,0.32520675659179688,0.53229999542236328
404,0.2020000,0.32818245887756348,0.53519999980926514
405,0.2025000,0.3311690092086792,0.53810000419616699
406,0.2030000,0.33416646718978882,0.54089999198913574
407,0.2035000,0.33717212080955505,0.5437999963760376
408,0.2040000,0.34018859267234802,0.54659998416900635
409,0.2045000,0.34322136640548706,0.5493999719619751
410,0.2050000,0.34627830982208252,0.55220001935958862
411,0.2055000,0.34936249256134033,0.55500000715255737
412,0.2060000,0.35247078537940979,0.55769997835159302
413,0.2065000,0.35560131072998047,0.56050002574920654
414,0.2070000,0.35875234007835388,0.56319999694824219
415,0.2075000,0.36192280054092407,0.5658000111579895
416,0.2080000,0.36511242389678955,0.56849998235702515
417,0.2085000,0.36832261085510254,0.57109999656677246
418,0.2090000,0.37155807018280029,0.57370001077651978
419,0.2095000,0.37482154369354248,0.57620000839233398
420,0.2100000,0.37810948491096497,0.57870000600814819
421,0.2105000,0.38141843676567078,0.5812000036239624
422,0.2110000,0.38474977016448975,0.58370000123977661
423,0.2115000,0.3881034255027771,0.58609998226165771
424,0.2120000,0.39146533608436584,0.58840000629425049
425,0.2125000,0.39481633901596069,0.59069997072219849
426,0.2130000,0.39815318584442139,0.59299999475479126
427,0.2135000,0.40147894620895386,0.59520000219345093
428,0.2140000,0.40478983521461487,0.5974000096321106
429,0.2145000,0.40808030962944031,0.59960001707077026
430,0.2150000,0.4113539457321167,0.60170000791549683
431,0.2155000,0.41461685299873352,0.60369998216629028
432,0.2160000,0.41785567998886108,0.60570001602172852
433,0.2165000,0.42105090618133545,0.60769999027252197
434,0.2170000,0.42419847846031189,0.6096000075340271
435,0.2175000,0.42729943990707397,0.61140000820159912
436,0.2180000,0.43035405874252319,0.61320000886917114
437,0.2185000,0.43335926532745361,0.61500000953674316
438,0.2190000,0.43631318211555481,0.61669999361038208
439,0.2195000,0.43922016024589539,0.618399977684021
440,0.2200000,0.44207802414894104,0.62000000476837158
441,0.2205000,0.44488176703453064,0.62150001525878906
442,0.2210000,0.44763076305389404,0.62300002574920654
443,0.2215000,0.45032784342765808,0.62440001964569092
444,0.2220000,0.45297685265541077,0.62580001354217529
445,0.2225000,0.45557337999343872,0.62720000743865967
446,0.2230000,0.4581143856048584,0.62849998474121094
447,0.2235000,0.46060574054718018,0.62970000505447388
448,0.2240000,0.46304848790168762,0.63090002536773682
449,0.2245000,0.46543937921524048,0.63200002908706665
450,0.2250000,0.46778130531311035,0.63309997320175171
451,0.2255000,0.47007918357849121,0.63410001993179321
452,0.2260000,0.47233292460441589,0.63510000705718994
453,0.2265000,0.47453925013542175,0.63599997758865356
454,0.2270000,0.4766954779624939,0.63679999113082886
455,0.2275000,0.4788038432598114,0.63760000467300415
456,0.2280000,0.48086047172546387,0.63840001821517944
457,0.2285000,0.48285448551177979,0.63910001516342163
458,0.2290000,0.48478487133979797,0.63969999551773071
459,0.2295000,0.48665183782577515,0.64029997587203979
460,0.2300000,0.4884580671787262,0.64090001583099365
461,0.2305000,0.4902118444442749,0.6413000226020813
462,0.2310000,0.49191197752952576,0.64179998636245728
463,0.2315000,0.49355426430702209,0.64209997653961182
464,0.2320000,0.49513590335845947,0.64240002632141113
465,0.2325000,0.49665442109107971,0.64259999990463257
466,0.2330000,0.49811238050460815,0.642799973487854
467,0.2335000,0.49950888752937317,0.64289999008178711
468,0.2340000,0.50084257125854492,0.64300000667572021
469,0.2345000,0.50212001800537109,0.64289999008178711
470,0.2350000,0.50334668159484863,0.642799973487854
471,0.2355000,0.50452315807342529,0.64270001649856567
472,0.2360000,0.50565052032470703,0.64240002632141113
473,0.2365000,0.50673222541809082,0.64209997653961182
474,0.2370000,0.50777232646942139,0.64170002937316895
475,0.2375000,0.50877344608306885,0.64120000600814819
476,0.2380000,0.50973618030548096,0.64060002565383911
477,0.2385000,0.51066064834594727,0.63990002870559692
478,0.2390000,0.51154434680938721,0.63910001516342163
479,0.2395000,0.51238435506820679,0.63819998502731323
480,0.2400000,0.51317739486694336,0.6371999979019165
481,0.2405000,0.51392066478729248,0.63609999418258667
482,0.2410000,0.51461648941040039,0.63489997386932373
483,0.2415000,0.51526433229446411,0.63349997997283936
484,0.2420000,0.51586055755615234,0.63209998607635498
485,0.2425000,0.5164034366607666,0.63050001859664917
486,0.2430000,0.5168917179107666,0.62870001792907715
487,0.2435000,0.51732784509658813,0.62680000066757202
488,0.2440000,0.5177111029624939,0.62480002641677856
489,0.2445000,0.51803559064865112,0.6226000189781189
490,0.2450000,0.51830184459686279,0.62019997835159302
491,0.2455000,0.5185127854347229,0.61769998073577881
492,0.2460000,0.51867014169692993,0.61500000953674316
493,0.2465000,0.51877725124359131,0.61210000514984131
494,0.2470000,0.51883375644683838,0.60900002717971802
495,0.2475000,0.51883536577224731,0.60579997301101685
496,0.2480000,0.51877439022064209,0.60229998826980591
497,0.2485000,0.51864469051361084,0.59859997034072876
498,0.2490000,0.51844567060470581,0.59469997882843018
499,0.2495000,0.51817333698272705,0.59069997072219849
500,0.2500000,0.51782351732254028,0.58630001544952393
501,0.2505000,0.5173957347869873,0.58179998397827148
502,0.2510000,0.51689130067825317,0.57700002193450928
503,0.2515000,0.51631176471710205,0.57200002670288086
504,0.2520000,0.51564288139343262,0.56669998168945312
505,0.2525000,0.514862060546875,0.56120002269744873
506,0.2530000,0.51396685838699341,0.55549997091293335
507,0.2535000,0.51296353340148926,0.5494999885559082
508,0.2540000,0.51184689998626709,0.54320001602172852
509,0.2545000,0.51060944795608521,0.53659999370574951
510,0.2550000,0.50924980640411377,0.52979999780654907
511,0.2555000,0.50776827335357666,0.52270001173019409
512,0.2560000,0.50616472959518433,0.5153999924659729
513,0.2565000,0.50444257259368896,0.50779998302459717
514,0.2570000,0.50260663032531738,0.49990001320838928
515,0.2575000,0.50066101551055908,0.49169999361038208
516,0.2580000,0.49860242009162903,0.48320001363754272
517,0.2585000,0.49641942977905273,0.47450000047683716
518,0.2590000,0.49411103129386902,0.46549999713897705
519,0.2595000,0.49168035387992859,0.4562000036239624
520,0.2600000,0.48911964893341064,0.44659999012947083
521,0.2605000,0.48642110824584961,0.43669998645782471
522,0.2610000,0.48358312249183655,0.42660000920295715
523,0.2615000,0.4806060791015625,0.41620001196861267
524,0.2620000,0.47748714685440063,0.40549999475479126
525,0.2625000,0.47421470284461975,0.39460000395774841
526,0.2630000,0.47078400850296021,0.38339999318122864
527,0.2635000,0.46720203757286072,0.37189999222755432
528,0.2640000,0.46346119046211243,0.36019998788833618
529,0.2645000,0.45953643321990967,0.34830000996589661
530,0.2650000,0.45541366934776306,0.3361000120639801
531,0.2655000,0.45110103487968445,0.32359999418258667
532,0.2660000,0.44660469889640808,0.31099998950958252
533,0.2665000,0.44191992282867432,0.29809999465942383
534,0.2670000,0.43704816699028015,0.28499999642372131
535,0.2675000,0.43199774622917175,0.27160000801086426
536,0.2680000,0.42676630616188049,0.2581000030040741
537,0.2685000,0.42133942246437073,0.24439999461174011
538,0.2690000,0.41571131348609924,0.23059999942779541
539,0.2695000,0.40988942980766296,0.21649999916553497
540,0.2700000,0.40388163924217224,0.20229999721050262
541,0.2705000,0.39768922328948975,0.18790000677108765
542,0.2710000,0.39131301641464233,0.17339999973773956
543,0.2715000,0.38475140929222107,0.15880000591278076
544,0.2720000,0.3779924213886261,0.14399999380111694
545,0.2725000,0.37102812528610229,0.12919999659061432
546,0.2730000,0.36385923624038696,0.11420000344514847
547,0.2735000,0.35648930072784424,0.099100001156330109
548,0.2740000,0.34892061352729797,0.083999998867511749
549,0.2745000,0.34115064144134521,0.068800002336502075
550,0.2750000,0.3331877589225769,0.053599998354911804
551,0.2755000,0.32504025101661682,0.038300000131130219
552,0.2760000,0.31669917702674866,0.023000000044703484
553,0.2765000,0.30815687775611877,0.0076000001281499863
554,0.2770000,0.29941555857658386,-0.0076999999582767487
555,0.2775000,0.29047957062721252,-0.023099999874830246
556,0.2780000,0.28135213255882263,-0.03840000182390213
557,0.2785000,0.2720416784286499,-0.053700000047683716
558,0.2790000,0.26256275177001953,-0.068999998271465302
559,0.2795000,0.25292283296585083,-0.084200002253055573
560,0.2800000,0.24312131106853485,-0.099299997091293335
561,0.2805000,0.23316308856010437,-0.11439999938011169
562,0.2810000,0.22306065261363983,-0.12939999997615814
563,0.2815000,0.21282607316970825,-0.14440000057220459
564,0.2820000,0.20247386395931244,-0.15919999778270721
565,0.2825000,0.19202004373073578,-0.17389999330043793
566,0.2830000,0.18146654963493347,-0.18850000202655792
567,0.2835000,0.17080461978912354,-0.20290000736713409
568,0.2840000,0.16002976894378662,-0.21729999780654907
569,0.2845000,0.14914925396442413,-0.23139999806880951
570,0.2850000,0.13818193972110748,-0.24549999833106995
571,0.2855000,0.12714368104934692,-0.25929999351501465
572,0.2860000,0.11604318022727966,-0.27300000190734863
573,0.2865000,0.10488764196634293,-0.28659999370574951
574,0.2870000,0.093681968748569489,-0.29989999532699585
575,0.2875000,0.082424335181713104,-0.31310001015663147
576,0.2880000,0.071117058396339417,-0.32609999179840088
577,0.2885000,0.05977591872215271,-0.33880001306533813
578,0.2890000,0.04840783029794693,-0.3513999879360199
579,0.2895000,0.037017371505498886,-0.36379998922348022
580,0.2900000,0.025618713349103928,-0.37590000033378601
581,0.2905000,0.014218531548976898,-0.38789999485015869
582,0.2910000,0.0028235930949449539,-0.39959999918937683
583,0.2915000,-0.0085598751902580261,-0.41110000014305115
584,0.2920000,-0.01993463933467865,-0.42239999771118164
585,0.2925000,-0.03129858523607254,-0.43349999189376831
586,0.2930000,-0.042646583169698715,-0.44429999589920044
587,0.2935000,-0.053977128118276596,-0.45489999651908875
588,0.2940000,-0.065283425152301788,-0.46529999375343323
589,0.2945000,-0.076553553342819214,-0.47549998760223389
590,0.2950000,-0.087777838110923767,-0.48539999127388
591,0.2955000,-0.098947048187255859,-0.4950999915599823
592,0.2960000,-0.11005215346813202,-0.50459998846054077
593,0.2965000,-0.12108591198921204,-0.51380002498626709
594,0.2970000,-0.13204017281532288,-0.5228000283241272
595,0.2975000,-0.14290723204612732,-0.53159999847412109
596,0.2980000,-0.15368306636810303,-0.54019999504089355
597,0.2985000,-0.1643688827753067,-0.54860001802444458
598,0.2990000,-0.17496562004089355,-0.55669999122619629
599,0.2995000,-0.18546728789806366,-0.56470000743865967
600,0.3000000,-0.19586557149887085,-0.57239997386932373
601,0.3005000,-0.20615768432617188,-0.57990002632141113
602,0.3010000,-0.21634180843830109,-0.58719998598098755
603,0.3015000,-0.226409912109375,-0.59439998865127563
604,0.3020000,-0.23635438084602356,-0.60130000114440918
605,0.3025000,-0.24617451429367065,-0.60799998044967651
606,0.3030000,-0.25586992502212524,-0.61460000276565552
607,0.3035000,-0.26543125510215759,-0.62099999189376831
608,0.3040000,-0.2748522162437439,-0.62720000743865967
609,0.3045000,-0.28413856029510498,-0.63319998979568481
610,0.3050000,-0.29329049587249756,-0.63910001516342163
611,0.3055000,-0.30229955911636353,-0.64480000734329224
612,0.3060000,-0.31115952134132385,-0.65030002593994141
613,0.3065000,-0.31986531615257263,-0.65570002794265747
614,0.3070000,-0.32841157913208008,-0.66100001335144043
615,0.3075000,-0.33679378032684326,-0.66610002517700195
616,0.3080000,-0.34501162171363831,-0.67100000381469727
617,0.3085000,-0.35306653380393982,-0.67580002546310425
618,0.3090000,-0.36096003651618958,-0.68049997091293335
619,0.3095000,-0.36870133876800537,-0.6851000189781189
620,0.3100000,-0.37629485130310059,-0.68959999084472656
621,0.3105000,-0.38373115658760071,-0.69389998912811279
622,0.3110000,-0.39100071787834167,-0.69809997081756592
623,0.3115000,-0.3981013298034668,-0.70219999551773071
624,0.3120000,-0.40504348278045654,-0.7062000036239624
625,0.3125000,-0.41184473037719727,-0.71009999513626099
626,0.3130000,-0.41851276159286499,-0.71390002965927124
627,0.3135000,-0.42505073547363281,-0.71759998798370361
628,0.3140000,-0.43146157264709473,-0.72119998931884766
629,0.3145000,-0.43774121999740601,-0.72469997406005859
630,0.3150000,-0.44388237595558167,-0.7281000018119812
631,0.3155000,-0.44988271594047546,-0.7314000129699707
632,0.3160000,-0.45574653148651123,-0.7346000075340271
633,0.3165000,-0.46147593855857849,-0.73769998550415039
634,0.3170000,-0.46706894040107727,-0.74080002307891846
635,0.3175000,-0.4725269079208374,-0.74370002746582031
636,0.3180000,-0.4778483510017395,-0.74659997224807739
637,0.3185000,-0.48302415013313293,-0.74940001964569092
638,0.3190000,-0.48804762959480286,-0.75209999084472656
639,0.3195000,-0.49291521310806274,-0.75470000505447388
640,0.3200000,-0.49763050675392151,-0.75720000267028809
641,0.3205000,-0.50220656394958496,-0.75970000028610229
642,0.3210000,-0.50664961338043213,-0.76200002431869507
643,0.3215000,-0.5109565258026123,-0.76429998874664307
644,0.3220000,-0.51512598991394043,-0.76649999618530273
645,0.3225000,-0.51915824413299561,-0.76849997043609619
646,0.3230000,-0.52304601669311523,-0.77050000429153442
647,0.3235000,-0.52678376436233521,-0.77240002155303955
648,0.3240000,-0.53037536144256592,-0.7742999792098999
649,0.3245000,-0.5338205099105835,-0.77600002288818359
650,0.3250000,-0.53711152076721191,-0.7775999903678894
651,0.3255000,-0.54024356603622437,-0.77910000085830688
652,0.3260000,-0.54321849346160889,-0.78060001134872437
653,0.3265000,-0.54603719711303711,-0.78189998865127563
654,0.3270000,-0.54869788885116577,-0.78310000896453857
655,0.3275000,-0.55120182037353516,-0.78430002927780151
656,0.3280000,-0.55355018377304077,-0.78530001640319824
657,0.3285000,-0.55574178695678711,-0.78630000352859497
658,0.3290000,-0.55777567625045776,-0.78710001707077026
659,0.3295000,-0.55965501070022583,-0.78789997100830078
660,0.3300000,-0.56138604879379272,-0.78850001096725464
661,0.3305000,-0.56296956539154053,-0.78909999132156372
662,0.3310000,-0.56440228223800659,-0.78960001468658447
663,0.3315000,-0.56568676233291626,-0.78990000486373901
664,0.3320000,-0.56683540344238281,-0.79019999504089355
665,0.3325000,-0.56786453723907471,-0.79030001163482666
666,0.3330000,-0.56878286600112915,-0.79040002822875977
667,0.3335000,-0.56959140300750732,-0.79040002822875977
668,0.3340000,-0.57029235363006592,-0.79030001163482666
669,0.3345000,-0.5708843469619751,-0.79009997844696045
670,0.3350000,-0.57136690616607666,-0.78979998826980591
671,0.3355000,-0.5717475414276123,-0.78939998149871826
672,0.3360000,-0.57203173637390137,-0.78899997472763062
673,0.3365000,-0.57222652435302734,-0.78839999437332153
674,0.3370000,-0.57234257459640503,-0.78780001401901245
675,0.3375000,-0.57238632440567017,-0.78710001707077026
676,0.3380000,-0.57235634326934814,-0.78630000352859497
677,0.3385000,-0.57224786281585693,-0.78549998998641968
678,0.3390000,-0.5720638632774353,-0.78460001945495605
679,0.3395000,-0.57181406021118164,-0.78359997272491455
680,0.3400000,-0.57150685787200928,-0.78250002861022949
681,0.3405000,-0.5711514949798584,-0.78140002489089966
682,0.3410000,-0.57075655460357666,-0.78020000457763672
683,0.3415000,-0.57032406330108643,-0.77899998426437378
684,0.3420000,-0.56985294818878174,-0.77770000696182251
685,0.3425000,-0.56933724880218506,-0.77640002965927124
686,0.3430000,-0.56877332925796509,-0.77499997615814209
687,0.3435000,-0.56816589832305908,-0.77359998226165771
688,0.3440000,-0.56751042604446411,-0.77209997177124023
689,0.3445000,-0.56679683923721313,-0.77050000429153442
690,0.3450000,-0.56602650880813599,-0.76899999380111694
691,0.3455000,-0.5652044415473938,-0.76740002632141113
692,0.3460000,-0.56433784961700439,-0.76569998264312744
693,0.3465000,-0.56343555450439453,-0.76410001516342163
694,0.3470000,-0.56249785423278809,-0.76239997148513794
695,0.3475000,-0.56152576208114624,-0.76059997081756592
696,0.3480000,-0.56052613258361816,-0.758899986743927
697,0.3485000,-0.55950289964675903,-0.75709998607635498
698,0.3490000,-0.55845737457275391,-0.75529998540878296
699,0.3495000,-0.55739432573318481,-0.75340002775192261
700,0.3500000,-0.55632126331329346,-0.75160002708435059
701,0.3505000,-0.55523979663848877,-0.74970000982284546
702,0.3510000,-0.55414801836013794,-0.74779999256134033
703,0.3515000,-0.55304670333862305,-0.74589997529983521
704,0.3520000,-0.55192941427230835,-0.74400001764297485
705,0.3525000,-0.55078637599945068,-0.74199998378753662
706,0.3530000,-0.54961323738098145,-0.74010002613067627
707,0.3535000,-0.54841125011444092,-0.73809999227523804
708,0.3540000,-0.54718780517578125,-0.73610001802444458
709,0.3545000,-0.54594606161117554,-0.73409998416900635
710,0.3550000,-0.54468250274658203,-0.73210000991821289
711,0.3555000,-0.54339408874511719,-0.73009997606277466
712,0.3560000,-0.54207360744476318,-0.7279999852180481
713,0.3565000,-0.5407143235206604,-0.72600001096725464
714,0.3570000,-0.53931665420532227,-0.72399997711181641
715,0.3575000,-0.53788387775421143,-0.72189998626708984
716,0.3580000,-0.5364232063293457,-0.71979999542236328
717,0.3585000,-0.53493785858154297,-0.71780002117156982
718,0.3590000,-0.53342241048812866,-0.71569997072219849
719,0.3595000,-0.53187501430511475,-0.71359997987747192
720,0.3600000,-0.53029632568359375,-0.71149998903274536
721,0.3605000,-0.52868783473968506,-0.70929998159408569
722,0.3610000,-0.5270538330078125,-0.70719999074935913
723,0.3615000,-0.52539980411529541,-0.70509999990463257
724,0.3620000,-0.52373313903808594,-0.7028999924659729
725,0.3625000,-0.52205550670623779,-0.70080000162124634
726,0.3630000,-0.52036333084106445,-0.69859999418258667
727,0.3635000,-0.51865851879119873,-0.696399986743927
728,0.3640000,-0.51694893836975098,-0.69419997930526733
729,0.3645000,-0.51524507999420166,-0.69199997186660767
730,0.3650000,-0.51355266571044922,-0.68980002403259277
731,0.3655000,-0.5118710994720459,-0.68760001659393311
732,0.3660000,-0.51020246744155884,-0.68529999256134033
733,0.3665000,-0.50854504108428955,-0.68309998512268066
734,0.3670000,-0.50689303874969482,-0.68080002069473267
735,0.3675000,-0.50524544715881348,-0.67849999666213989
736,0.3680000,-0.50360250473022461,-0.67619997262954712
737,0.3685000,-0.50196826457977295,-0.67390000820159912
738,0.3690000,-0.50034403800964355,-0.67159998416900635
739,0.3695000,-0.49872326850891113,-0.66930001974105835
740,0.3700000,-0.49710404872894287,-0.66689997911453247
741,0.3705000,-0.49548512697219849,-0.66449999809265137
742,0.3710000,-0.49386188387870789,-0.66219997406005859
743,0.3715000,-0.49223476648330688,-0.65979999303817749
744,0.3720000,-0.49060916900634766,-0.65740001201629639
745,0.3725000,-0.48899483680725098,-0.65490001440048218
746,0.3730000,-0.48739224672317505,-0.6524999737739563
747,0.3735000,-0.48579078912734985,-0.64999997615814209
748,0.3740000,-0.48419004678726196,-0.64759999513626099
749,0.3745000,-0.48259410262107849,-0.64509999752044678
750,0.3750000,-0.48100081086158752,-0.64259999990463257
751,0.3755000,-0.47940957546234131,-0.64010000228881836
752,0.3760000,-0.47782149910926819,-0.63749998807907104
753,0.3765000,-0.47623738646507263,-0.63499999046325684
754,0.3770000,-0.47465702891349792,-0.63239997625350952
755,0.3775000,-0.4730793833732605,-0.62980002164840698
756,0.3780000,-0.47150886058807373,-0.62720000743865967
757,0.3785000,-0.46994549036026001,-0.62459999322891235
758,0.3790000,-0.46838235855102539,-0.62199997901916504
759,0.3795000,-0.46681737899780273,-0.61930000782012939
760,0.3800000,-0.4652504026889801,-0.61659997701644897
761,0.3805000,-0.46368250250816345,-0.61390000581741333
762,0.3810000,-0.46211475133895874,-0.61119997501373291
763,0.3815000,-0.4605429470539093,-0.60850000381469727
764,0.3820000,-0.45896610617637634,-0.60570001602172852
765,0.3825000,-0.45738551020622253,-0.60290002822875977
766,0.3830000,-0.45579591393470764,-0.60009998083114624
767,0.3835000,-0.45419561862945557,-0.59729999303817749
768,0.3840000,-0.45258992910385132,-0.59450000524520874
769,0.3845000,-0.45098406076431274,-0.59160000085830688
770,0.3850000,-0.44937989115715027,-0.58869999647140503
771,0.3855000,-0.44777369499206543,-0.58579999208450317
772,0.3860000,-0.44615998864173889,-0.58289998769760132
773,0.3865000,-0.44453728199005127,-0.57990002632141113
774,0.3870000,-0.44290727376937866,-0.57700002193450928
775,0.3875000,-0.44127100706100464,-0.57400000095367432
776,0.3880000,-0.43963167071342468,-0.57099997997283936
777,0.3885000,-0.4379933774471283,-0.56790000200271606
778,0.3890000,-0.43635505437850952,-0.5648999810218811
779,0.3895000,-0.43471372127532959,-0.56190001964569092
780,0.3900000,-0.43306633830070496,-0.55879998207092285
781,0.3905000,-0.43141308426856995,-0.55580002069473267
782,0.3910000,-0.42975589632987976,-0.5526999831199646
783,0.3915000,-0.42809274792671204,-0.54960000514984131
784,0.3920000,-0.4264218807220459,-0.54659998416900635
785,0.3925000,-0.42474257946014404,-0.54350000619888306
786,0.3930000,-0.42305362224578857,-0.54040002822875977
787,0.3935000,-0.42135545611381531,-0.5374000072479248
788,0.3940000,-0.41964837908744812,-0.53430002927780151
789,0.3945000,-0.4179326593875885,-0.53130000829696655
790,0.3950000,-0.41621032357215881,-0.52819997072219849
791,0.3955000,-0.41448169946670532,-0.5252000093460083
792,0.3960000,-0.41275015473365784,-0.52219998836517334
793,0.3965000,-0.41102460026741028,-0.51929998397827148
794,0.3970000,-0.40930712223052979,-0.51639997959136963
795,0.3975000,-0.40759333968162537,-0.51340001821517944
796,0.3980000,-0.40588012337684631,-0.51059997081756592
797,0.3985000,-0.40416556596755981,-0.50770002603530884
798,0.3990000,-0.40245011448860168,-0.50489997863769531
799,0.3995000,-0.40073505043983459,-0.50220000743865967
800,0.4000000,-0.39902463555335999,-0.49950000643730164
801,0.4005000,-0.39732560515403748,-0.4968000054359436
802,0.4010000,-0.39563995599746704,-0.49419999122619629
803,0.4015000,-0.39396816492080688,-0.49160000681877136
804,0.4020000,-0.39230972528457642,-0.48899999260902405
805,0.4025000,-0.39065945148468018,-0.48660001158714294
806,0.4030000,-0.3890148401260376,-0.48410001397132874
807,0.4035000,-0.38737994432449341,-0.48179998993873596
808,0.4040000,-0.38575583696365356,-0.47940000891685486
809,0.4045000,-0.38414102792739868,-0.47720000147819519
810,0.4050000,-0.38253667950630188,-0.47499999403953552
811,0.4055000,-0.38094288110733032,-0.47279998660087585
812,0.4060000,-0.37935930490493774,-0.47069999575614929
813,0.4065000,-0.37778374552726746,-0.46869999170303345
814,0.4070000,-0.37621200084686279,-0.4666999876499176
815,0.4075000,-0.37464243173599243,-0.46470001339912415
816,0.4080000,-0.37307509779930115,-0.46279999613761902
817,0.4085000,-0.3715093731880188,-0.460999995470047
818,0.4090000,-0.36994534730911255,-0.45919999480247498
819,0.4095000,-0.36838418245315552,-0.45739999413490295
820,0.4100000,-0.36682674288749695,-0.45570001006126404
821,0.4105000,-0.36527371406555176,-0.45399999618530273
822,0.4110000,-0.36372366547584534,-0.45239999890327454
823,0.4115000,-0.36217319965362549,-0.45080000162124634
824,0.4120000,-0.36061874032020569,-0.44920000433921814
825,0.4125000,-0.35905641317367554,-0.44769999384880066
826,0.4130000,-0.35748511552810669,-0.44620001316070557
827,0.4135000,-0.35590663552284241,-0.44470000267028809
828,0.4140000,-0.35432261228561401,-0.44330000877380371
829,0.4145000,-0.35273417830467224,-0.44190001487731934
830,0.4150000,-0.35114198923110962,-0.44049999117851257
831,0.4155000,-0.34954729676246643,-0.4390999972820282
832,0.4160000,-0.34795176982879639,-0.43770000338554382
833,0.4165000,-0.34635680913925171,-0.43639999628067017
834,0.4170000,-0.34476551413536072,-0.43500000238418579
835,0.4175000,-0.34318169951438904,-0.43369999527931213
836,0.4180000,-0.34160768985748291,-0.43239998817443848
837,0.4185000,-0.34004464745521545,-0.43110001087188721
838,0.4190000,-0.33849313855171204,-0.42969998717308044
839,0.4195000,-0.33695477247238159,-0.42840000987052917
840,0.4200000,-0.33543461561203003,-0.42710000276565552
841,0.4205000,-0.33393996953964233,-0.42579999566078186
842,0.4210000,-0.33247339725494385,-0.4244999885559082
843,0.4215000,-0.33103436231613159,-0.42309999465942383
844,0.4220000,-0.32962441444396973,-0.42179998755455017
845,0.4225000,-0.32824453711509705,-0.4203999936580658
846,0.4230000,-0.32689282298088074,-0.41909998655319214
847,0.4235000,-0.32556444406509399,-0.41769999265670776
848,0.4240000,-0.32425513863563538,-0.41629999876022339
849,0.4245000,-0.32296442985534668,-0.41499999165534973
850,0.4250000,-0.32169255614280701,-0.41359999775886536
851,0.4255000,-0.32044002413749695,-0.41209998726844788
852,0.4260000,-0.31920704245567322,-0.4106999933719635
853,0.4265000,-0.31799137592315674,-0.40929999947547913
854,0.4270000,-0.31679147481918335,-0.40779998898506165
855,0.4275000,-0.31560677289962769,-0.40639999508857727
856,0.4280000,-0.31443303823471069,-0.40490001440048218
857,0.4285000,-0.31326505541801453,-0.4034000039100647
858,0.4290000,-0.31210249662399292,-0.40189999341964722
859,0.4295000,-0.31094798445701599,-0.40040001273155212
860,0.4300000,-0.30980262160301208,-0.39890000224113464
861,0.4305000,-0.30866655707359314,-0.39739999175071716
862,0.4310000,-0.30753713846206665,-0.39579999446868896
863,0.4315000,-0.30641192197799683,-0.39430001378059387
864,0.4320000,-0.30529063940048218,-0.39269998669624329
865,0.4325000,-0.30416914820671082,-0.39109998941421509
866,0.4330000,-0.30304417014122009,-0.38949999213218689
867,0.4335000,-0.30191639065742493,-0.3880000114440918
868,0.4340000,-0.30078715085983276,-0.3864000141620636
869,0.4345000,-0.29965662956237793,-0.38479998707771301
870,0.4350000,-0.29852151870727539,-0.38319998979568481
871,0.4355000,-0.29738032817840576,-0.3815000057220459
872,0.4360000,-0.29623517394065857,-0.3799000084400177
873,0.4365000,-0.29508543014526367,-0.3783000111579895
874,0.4370000,-0.29392898082733154,-0.3767000138759613
875,0.4375000,-0.29276633262634277,-0.37509998679161072
876,0.4380000,-0.29160037636756897,-0.3734000027179718
877,0.4385000,-0.29043343663215637,-0.3718000054359436
878,0.4390000,-0.28926455974578857,-0.37020000815391541
879,0.4395000,-0.28809285163879395,-0.3684999942779541
880,0.4400000,-0.28691884875297546,-0.3668999969959259
881,0.4405000,-0.28574147820472717,-0.36529999971389771
882,0.4410000,-0.28455764055252075,-0.36370000243186951
883,0.4415000,-0.2833656370639801,-0.3619999885559082
884,0.4420000,-0.2821677029132843,-0.36039999127388
885,0.4425000,-0.28096646070480347,-0.35879999399185181
886,0.4430000,-0.27976310253143311,-0.35719999670982361
887,0.4435000,-0.27855762839317322,-0.35550001263618469
888,0.4440000,-0.27734652161598206,-0.35389998555183411
889,0.4445000,-0.27612558007240295,-0.35229998826980591
890,0.4450000,-0.27489268779754639,-0.35069999098777771
891,0.4455000,-0.27364617586135864,-0.34909999370574951
892,0.4460000,-0.27238878607749939,-0.34749999642372131
893,0.4465000,-0.27112632989883423,-0.3458000123500824
894,0.4470000,-0.26986092329025269,-0.34419998526573181
895,0.4475000,-0.26859146356582642,-0.34259998798370361
896,0.4480000,-0.26731443405151367,-0.34099999070167542
897,0.4485000,-0.26602679491043091,-0.33939999341964722
898,0.4490000,-0.26472866535186768,-0.3377000093460083
899,0.4495000,-0.26342135667800903,-0.3361000120639801
900,0.4500000,-0.26210659742355347,-0.3345000147819519
901,0.4505000,-0.26078706979751587,-0.33289998769760132
902,0.4510000,-0.25946462154388428,-0.3312000036239624
903,0.4515000,-0.2581402063369751,-0.3296000063419342
904,0.4520000,-0.25681692361831665,-0.32800000905990601
905,0.4525000,-0.25549662113189697,-0.3262999951839447
906,0.4530000,-0.25417891144752502,-0.3246999979019165
907,0.4535000,-0.25286543369293213,-0.32300001382827759
908,0.4540000,-0.251557856798172,-0.32129999995231628
909,0.4545000,-0.25025695562362671,-0.31970000267028809
910,0.4550000,-0.2489650696516037,-0.31799998879432678
911,0.4555000,-0.2476859986782074,-0.31630000472068787
912,0.4560000,-0.2464209645986557,-0.31459999084472656
913,0.4565000,-0.24516695737838745,-0.31290000677108765
914,0.4570000,-0.24392229318618774,-0.31130000948905945
915,0.4575000,-0.24268797039985657,-0.30959999561309814
916,0.4580000,-0.24146382510662079,-0.30790001153945923
917,0.4585000,-0.24024830758571625,-0.30619999766349792
918,0.4590000,-0.23904210329055786,-0.30450001358985901
919,0.4595000,-0.23784877359867096,-0.30279999971389771
920,0.4600000,-0.2366708368062973,-0.3010999858379364
921,0.4605000,-0.23550845682621002,-0.29940000176429749
922,0.4610000,-0.23436276614665985,-0.29769998788833618
923,0.4615000,-0.23323465883731842,-0.29600000381469727
924,0.4620000,-0.23212309181690216,-0.29440000653266907
925,0.4625000,-0.23102551698684692,-0.29269999265670776
926,0.4630000,-0.22993884980678558,-0.29109999537467957
927,0.4635000,-0.2288634181022644,-0.28949999809265137
928,0.4640000,-0.22779807448387146,-0.28780001401901245
929,0.4645000,-0.22673839330673218,-0.28630000352859497
930,0.4650000,-0.22568504512310028,-0.28470000624656677
931,0.4655000,-0.22464053332805634,-0.28310000896453857
932,0.4660000,-0.22360421717166901,-0.28159999847412109
933,0.4665000,-0.22257420420646667,-0.28009998798370361
934,0.4670000,-0.22154785692691803,-0.27860000729560852
935,0.4675000,-0.2205251157283783,-0.27720001339912415
936,0.4680000,-0.21950778365135193,-0.27579998970031738
937,0.4685000,-0.2184949666261673,-0.27439999580383301
938,0.4690000,-0.21748514473438263,-0.27309998869895935
939,0.4695000,-0.21647681295871735,-0.27180001139640808
940,0.4700000,-0.2154691219329834,-0.27050000429153442
941,0.4705000,-0.21446448564529419,-0.26930001378059387
942,0.4710000,-0.21346467733383179,-0.26809999346733093
943,0.4715000,-0.21246853470802307,-0.2669999897480011
944,0.4720000,-0.21147488057613373,-0.26589998602867126
945,0.4725000,-0.21048247814178467,-0.26480001211166382
946,0.4730000,-0.2094903439283371,-0.2637999951839447
947,0.4735000,-0.20849835872650146,-0.26280000805854797
948,0.4740000,-0.20750671625137329,-0.26190000772476196
949,0.4745000,-0.2065165638923645,-0.26100000739097595
950,0.4750000,-0.20552870631217957,-0.26019999384880066
951,0.4755000,-0.20454387366771698,-0.25940001010894775
952,0.4760000,-0.20356179773807526,-0.25859999656677246
953,0.4765000,-0.2025778591632843,-0.25789999961853027
954,0.4770000,-0.20158763229846954,-0.25720000267028809
955,0.4775000,-0.20059072971343994,-0.25659999251365662
956,0.4780000,-0.19958887994289398,-0.25600001215934753
957,0.4785000,-0.19858357310295105,-0.25540000200271606
958,0.4790000,-0.19757585227489471,-0.25479999184608459
959,0.4795000,-0.1965675950050354,-0.25429999828338623
960,0.4800000,-0.19555960595607758,-0.25380000472068787
961,0.4805000,-0.19454923272132874,-0.2533000111579895
962,0.4810000,-0.1935340017080307,-0.25290000438690186
963,0.4815000,-0.19251468777656555,-0.25240001082420349
964,0.4820000,-0.19149301946163177,-0.25200000405311584
965,0.4825000,-0.19047130644321442,-0.2515999972820282
966,0.4830000,-0.18945127725601196,-0.25119999051094055
967,0.4835000,-0.18843328952789307,-0.25080001354217529
968,0.4840000,-0.18741756677627563,-0.25040000677108765
969,0.4845000,-0.18640315532684326,-0.25
970,0.4850000,-0.18538960814476013,-0.24959999322891235
971,0.4855000,-0.18437822163105011,-0.2492000013589859
972,0.4860000,-0.1833699494600296,-0.24879999458789825
973,0.4865000,-0.18236543238162994,-0.2484000027179718
974,0.4870000,-0.18136587738990784,-0.24789999425411224
975,0.4875000,-0.18037185072898865,-0.24740000069141388
976,0.4880000,-0.17938371002674103,-0.24690000712871552
977,0.4885000,-0.1784021258354187,-0.24639999866485596
978,0.4890000,-0.17742796242237091,-0.24580000340938568
979,0.4895000,-0.17646203935146332,-0.24529999494552612
980,0.4900000,-0.17550352215766907,-0.24459999799728394
981,0.4905000,-0.17455251514911652,-0.24400000274181366
982,0.4910000,-0.17361025512218475,-0.24330000579357147
983,0.4915000,-0.17267642915248871,-0.24250000715255737
984,0.4920000,-0.17175057530403137,-0.24169999361038208
985,0.4925000,-0.1708323061466217,-0.24089999496936798
986,0.4930000,-0.16992194950580597,-0.23999999463558197
987,0.4935000,-0.16902054846286774,-0.23909999430179596
988,0.4940000,-0.16812770068645477,-0.23810000717639923
989,0.4945000,-0.16724361479282379,-0.23710000514984131
990,0.4950000,-0.16636788845062256,-0.23600000143051147
991,0.4955000,-0.16549897193908691,-0.23479999601840973
992,0.4960000,-0.16463631391525269,-0.23370000720024109
993,0.4965000,-0.16377793252468109,-0.23240000009536743
994,0.4970000,-0.16292233765125275,-0.23109999299049377
995,0.4975000,-0.16207028925418854,-0.22980000078678131
996,0.4980000,-0.16122147440910339,-0.22840000689029694
997,0.4985000,-0.16037648916244507,-0.22699999809265137
998,0.4990000,-0.15953755378723145,-0.22550000250339508
999,0.4995000,-0.15870571136474609,-0.22400000691413879
1000,0.5000000,-0.15787865221500397,-0.22249999642372131
1001,0.5005000,-0.15705183148384094,-0.22089999914169312
1002,0.5010000,-0.15622368454933167,-0.21930000185966492
1003,0.5015000,-0.15539474785327911,-0.21760000288486481
1004,0.5020000,-0.15456542372703552,-0.2159000039100647
1005,0.5025000,-0.15373806655406952,-0.21420000493526459
1006,0.5030000,-0.15291464328765869,-0.21250000596046448
1007,0.5035000,-0.15209454298019409,-0.21070000529289246
1008,0.5040000,-0.15127529203891754,-0.20890000462532043
1009,0.5045000,-0.15045380592346191,-0.20710000395774841
1010,0.5050000,-0.14963045716285706,-0.20530000329017639
1011,0.5055000,-0.14880678057670593,-0.20350000262260437
1012,0.5060000,-0.14798294007778168,-0.20160000026226044
1013,0.5065000,-0.14716090261936188,-0.19979999959468842
1014,0.5070000,-0.14634197950363159,-0.19789999723434448
1015,0.5075000,-0.14552606642246246,-0.19609999656677246
1016,0.5080000,-0.14471699297428131,-0.19429999589920044
1017,0.5085000,-0.1439206451177597,-0.19239999353885651
1018,0.5090000,-0.14313921332359314,-0.19059999287128448
1019,0.5095000,-0.14237247407436371,-0.18880000710487366
1020,0.5100000,-0.14162002503871918,-0.18700000643730164
1021,0.5105000,-0.14088281989097595,-0.18529999256134033
1022,0.5110000,-0.14016087353229523,-0.1835000067949295
1023,0.5115000,-0.13945217430591583,-0.1817999929189682
1024,0.5120000,-0.13875885307788849,-0.18009999394416809
1025,0.5125000,-0.13808636367321014,-0.17839999496936798
1026,0.5130000,-0.13743613660335541,-0.17669999599456787
1027,0.5135000,-0.13680598139762878,-0.17509999871253967
1028,0.5140000,-0.13619241118431091,-0.17350000143051147
1029,0.5145000,-0.13559255003929138,-0.17190000414848328
1030,0.5150000,-0.13500423729419708,-0.1703999936580658
1031,0.5155000,-0.13442522287368774,-0.16889999806880951
1032,0.5160000,-0.13385540246963501,-0.16740000247955322
1033,0.5165000,-0.13329529762268066,-0.16590000689029694
1034,0.5170000,-0.13274396955966949,-0.16449999809265137
1035,0.5175000,-0.13220030069351196,-0.16310000419616699
1036,0.5180000,-0.13166281580924988,-0.16179999709129333
1037,0.5185000,-0.13112926483154297,-0.16050000488758087
1038,0.5190000,-0.13059844076633453,-0.15919999778270721
1039,0.5195000,-0.13007029891014099,-0.15790000557899475
1040,0.5200000,-0.12954340875148773,-0.15670000016689301
1041,0.5205000,-0.12901692092418671,-0.15549999475479126
1042,0.5210000,-0.12849083542823792,-0.15430000424385071
1043,0.5215000,-0.12796328961849213,-0.15320000052452087
1044,0.5220000,-0.12743321061134338,-0.15209999680519104
1045,0.5225000,-0.12690150737762451,-0.15099999308586121
1046,0.5230000,-0.12636876106262207,-0.14990000426769257
1047,0.5235000,-0.12583395838737488,-0.14890000224113464
1048,0.5240000,-0.12529662251472473,-0.14790000021457672
1049,0.5245000,-0.12475979328155518,-0.1468999981880188
1050,0.5250000,-0.12422651052474976,-0.14589999616146088
1051,0.5255000,-0.12369681149721146,-0.14499999582767487
1052,0.5260000,-0.12317006289958954,-0.14409999549388885
1053,0.5265000,-0.12264466285705566,-0.14319999516010284
1054,0.5270000,-0.12211887538433075,-0.14229999482631683
1055,0.5275000,-0.12159273773431778,-0.14139999449253082
1056,0.5280000,-0.12106484919786453,-0.14059999585151672
1057,0.5285000,-0.12053408473730087,-0.13969999551773071
1058,0.5290000,-0.12000215798616409,-0.13889999687671661
1059,0.5295000,-0.1194707527756691,-0.13809999823570251
1060,0.5300000,-0.11894068866968155,-0.13729999959468842
1061,0.5305000,-0.11840974539518356,-0.13650000095367432
1062,0.5310000,-0.1178751215338707,-0.13570000231266022
1063,0.5315000,-0.11733800172805786,-0.13500000536441803
1064,0.5320000,-0.11679898202419281,-0.13420000672340393
1065,0.5325000,-0.11625698208808899,-0.13349999487400055
1066,0.5330000,-0.11571300029754639,-0.13279999792575836
1067,0.5335000,-0.11516905575990677,-0.13199999928474426
1068,0.5340000,-0.11462505906820297,-0.13130000233650208
1069,0.5345000,-0.11407729983329773,-0.13060000538825989
1070,0.5350000,-0.11352300643920898,-0.12989999353885651
1071,0.5355000,-0.11296482384204865,-0.12919999659061432
1072,0.5360000,-0.11240560561418533,-0.12849999964237213
1073,0.5365000,-0.11184553056955338,-0.12780000269412994
1074,0.5370000,-0.11128491908311844,-0.12710000574588776
1075,0.5375000,-0.11072462797164917,-0.12639999389648438
1076,0.5380000,-0.11016419529914856,-0.12569999694824219
1077,0.5385000,-0.10960004478693008,-0.125
1078,0.5390000,-0.10903030633926392,-0.12430000305175781
1079,0.5395000,-0.10845779627561569,-0.12359999865293503
1080,0.5400000,-0.10788413882255554,-0.12280000001192093
1081,0.5405000,-0.1073094829916954,-0.12210000306367874
1082,0.5410000,-0.10673484206199646,-0.12139999866485596
1083,0.5415000,-0.10616031289100647,-0.12070000171661377
1084,0.5420000,-0.10558406263589859,-0.11999999731779099
1085,0.5425000,-0.10500294715166092,-0.1193000003695488
1086,0.5430000,-0.10441579669713974,-0.1185000017285347
1087,0.5435000,-0.10382374376058578,-0.11779999732971191
1088,0.5440000,-0.1032252237200737,-0.11699999868869781
1089,0.5445000,-0.10261811316013336,-0.11630000174045563
1090,0.5450000,-0.10200294107198715,-0.11550000309944153
1091,0.5455000,-0.10137985646724701,-0.11469999700784683
1092,0.5460000,-0.10074912011623383,-0.11400000005960464
1093,0.5465000,-0.10011062771081924,-0.11320000141859055
1094,0.5470000,-0.099464274942874908,-0.11240000277757645
1095,0.5475000,-0.098811119794845581,-0.11159999668598175
1096,0.5480000,-0.098152525722980499,-0.11079999804496765
1097,0.5485000,-0.097492486238479614,-0.10989999771118164
1098,0.5490000,-0.096833691000938416,-0.10909999907016754
1099,0.5495000,-0.096174940466880798,-0.10830000042915344
1100,0.5500000,-0.09551633894443512,-0.10740000009536743
1101,0.5505000,-0.09485868364572525,-0.10660000145435333
1102,0.5510000,-0.094201646745204926,-0.10570000112056732
1103,0.5515000,-0.093544989824295044,-0.10480000078678131
1104,0.5520000,-0.092889264225959778,-0.1039000004529953
1105,0.5525000,-0.092237584292888641,-0.10300000011920929
1106,0.5530000,-0.091592103242874146,-0.10209999978542328
1107,0.5535000,-0.090950489044189453,-0.10119999945163727
1108,0.5540000,-0.090311445295810699,-0.10029999911785126
1109,0.5545000,-0.089677408337593079,-0.099399998784065247
1110,0.5550000,-0.089049912989139557,-0.098499998450279236
1111,0.5555000,-0.088427819311618805,-0.097499996423721313
1112,0.5560000,-0.087810233235359192,-0.0966000035405159
1113,0.5565000,-0.087197549641132355,-0.095700003206729889
1114,0.5570000,-0.086590252816677094,-0.094700001180171967
1115,0.5575000,-0.085986807942390442,-0.093800000846385956
1116,0.5580000,-0.085385598242282867,-0.092799998819828033
1117,0.5585000,-0.084788382053375244,-0.091899998486042023
1118,0.5590000,-0.084196411073207855,-0.0908999964594841
1119,0.5595000,-0.083609618246555328,-0.089900001883506775
1120,0.5600000,-0.083028450608253479,-0.089000001549720764
1121,0.5605000,-0.082451872527599335,-0.087999999523162842
1122,0.5610000,-0.081879019737243652,-0.087099999189376831
1123,0.5615000,-0.081310085952281952,-0.086099997162818909
1124,0.5620000,-0.080744944512844086,-0.085100002586841583
1125,0.5625000,-0.080184303224086761,-0.084200002253055573
1126,0.5630000,-0.079628676176071167,-0.08320000022649765
1127,0.5635000,-0.079077728092670441,-0.082199998199939728
1128,0.5640000,-0.078532703220844269,-0.081299997866153717
1129,0.5645000,-0.077995523810386658,-0.080300003290176392
1130,0.5650000,-0.07746618241071701,-0.079300001263618469
1131,0.5655000,-0.076943464577198029,-0.078400000929832458
1132,0.5660000,-0.076427064836025238,-0.077399998903274536
1133,0.5665000,-0.075917154550552368,-0.076399996876716614
1134,0.5670000,-0.075412854552268982,-0.075400002300739288
1135,0.5675000,-0.074912920594215393,-0.074500001966953278
1136,0.5680000,-0.074416503310203552,-0.073499999940395355
1137,0.5685000,-0.073923461139202118,-0.072499997913837433
1138,0.5690000,-0.073434755206108093,-0.071500003337860107
1139,0.5695000,-0.072950668632984161,-0.070500001311302185
1140,0.5700000,-0.072470046579837799,-0.069499999284744263
1141,0.5705000,-0.071991875767707825,-0.06849999725818634
1142,0.5710000,-0.071514837443828583,-0.067500002682209015
1143,0.5715000,-0.071036636829376221,-0.066500000655651093
1144,0.5720000,-0.070555970072746277,-0.06549999862909317
1145,0.5725000,-0.070073962211608887,-0.064499996602535248
1146,0.5730000,-0.069592699408531189,-0.063500002026557922
1147,0.5735000,-0.069113001227378845,-0.062399998307228088
1148,0.5740000,-0.068634480237960815,-0.061400000005960464
1149,0.5745000,-0.068155981600284576,-0.060400001704692841
1150,0.5750000,-0.067676402628421783,-0.059300001710653305
1151,0.5755000,-0.067195698618888855,-0.058299999684095383
1152,0.5760000,-0.066711828112602234,-0.057199999690055847
1153,0.5765000,-0.066221520304679871,-0.056099999696016312
1154,0.5770000,-0.065725535154342651,-0.055100001394748688
1155,0.5775000,-0.065226927399635315,-0.054000001400709152
1156,0.5780000,-0.064726464450359344,-0.052900001406669617
1157,0.5785000,-0.064223259687423706,-0.051800001412630081
1158,0.5790000,-0.06371743232011795,-0.050700001418590546
1159,0.5795000,-0.063209444284439087,-0.04960000142455101
1160,0.5800000,-0.062697693705558777,-0.048500001430511475
1161,0.5805000,-0.062178697437047958,-0.047400001436471939
1162,0.5810000,-0.061651051044464111,-0.046300001442432404
1163,0.5815000,-0.061117012053728104,-0.045200001448392868
1164,0.5820000,-0.060577787458896637,-0.044100001454353333
1165,0.5825000,-0.060032542794942856,-0.043000001460313797
1166,0.5830000,-0.059481386095285416,-0.041900001466274261
1167,0.5835000,-0.058924738317728043,-0.040800001472234726
1168,0.5840000,-0.0583622045814991,-0.03970000147819519
1169,0.5845000,-0.057792861014604568,-0.038600001484155655
1170,0.5850000,-0.057216852903366089,-0.037500001490116119
1171,0.5855000,-0.05663590133190155,-0.036400001496076584
1172,0.5860000,-0.056050926446914673,-0.035300001502037048
1173,0.5865000,-0.055461935698986053,-0.034200001507997513
1174,0.5870000,-0.054869309067726135,-0.03319999948143959
1175,0.5875000,-0.054273258894681931,-0.032099999487400055
1176,0.5880000,-0.053674660623073578,-0.030999999493360519
1177,0.5885000,-0.053074851632118225,-0.029999999329447746
1178,0.5890000,-0.052474517375230789,-0.028999999165534973
1179,0.5895000,-0.051875174045562744,-0.027899999171495438
1180,0.5900000,-0.05127735435962677,-0.026900000870227814
1181,0.5905000,-0.050679866224527359,-0.025900000706315041
1182,0.5910000,-0.050082668662071228,-0.024900000542402267
1183,0.5915000,-0.049486268311738968,-0.024000000208616257
1184,0.5920000,-0.048892077058553696,-0.023000000044703484
1185,0.5925000,-0.04830193892121315,-0.02199999988079071
1186,0.5930000,-0.047716032713651657,-0.0210999995470047
1187,0.5935000,-0.047134507447481155,-0.020199999213218689
1188,0.5940000,-0.046556767076253891,-0.019300000742077827
1189,0.5945000,-0.04598008468747139,-0.018400000408291817
1190,0.5950000,-0.04540402814745903,-0.017500000074505806
1191,0.5955000,-0.044831346720457077,-0.016699999570846558
1192,0.5960000,-0.044263504445552826,-0.015799999237060547
1193,0.5965000,-0.043699800968170166,-0.014999999664723873
1194,0.5970000,-0.043139934539794922,-0.014200000092387199
1195,0.5975000,-0.042584642767906189,-0.013399999588727951
1196,0.5980000,-0.042032930999994278,-0.012600000016391277
1197,0.5985000,-0.041481655091047287,-0.011800000444054604
1198,0.5990000,-0.040930163115262985,-0.010999999940395355
1199,0.5995000,-0.040380802005529404,-0.010300000198185444
1200,0.6000000,-0.039834607392549515,-0.0094999996945261955
1201,0.6005000,-0.039291713386774063,-0.0087999999523162842
1202,0.6010000,-0.038752567023038864,-0.0081000002101063728
1203,0.6015000,-0.038216594606637955,-0.0074000000022351742
1204,0.6020000,-0.037682924419641495,-0.0066999997943639755
1205,0.6025000,-0.037150297313928604,-0.0060000000521540642
1206,0.6030000,-0.036617442965507507,-0.0052999998442828655
1207,0.6035000,-0.036084879189729691,-0.0046999999321997166
1208,0.6040000,-0.035554751753807068,-0.0040000001899898052
1209,0.6045000,-0.035030204802751541,-0.0032999999821186066
1210,0.6050000,-0.034512631595134735,-0.0027000000700354576
1211,0.6055000,-0.034000787883996964,-0.0020000000949949026
1212,0.6060000,-0.03349386528134346,-0.00139999995008111
1213,0.6065000,-0.032990530133247375,-0.00079999997979030013
1214,0.6070000,-0.032488055527210236,-9.9999997473787516e-05
1215,0.6075000,-0.031986117362976074,0.00050000002374872565
1216,0.6080000,-0.031487956643104553,0.0010999999940395355
1217,0.6085000,-0.03099762462079525,0.0017000000225380063
1218,0.6090000,-0.030516434460878372,0.0023000000510364771
1219,0.6095000,-0.030043294653296471,0.002899999963119626
1220,0.6100000,-0.029576791450381279,0.0035000001080334187
1221,0.6105000,-0.029114849865436554,0.0041000000201165676
1222,0.6110000,-0.028655895963311195,0.0046999999321997166
1223,0.6115000,-0.028200270608067513,0.0052000000141561031
1224,0.6120000,-0.027750423178076744,0.0057999999262392521
1225,0.6125000,-0.027309747412800789,0.0063000000081956387
1226,0.6130000,-0.026878781616687775,0.0068999999202787876
1227,0.6135000,-0.026455424726009369,0.0074000000022351742
1228,0.6140000,-0.02603788860142231,0.0078999996185302734
1229,0.6145000,-0.025624379515647888,0.008500000461935997
1230,0.6150000,-0.025212973356246948,0.008999999612569809
1231,0.6155000,-0.024803256615996361,0.0093999998643994331
1232,0.6160000,-0.024398129433393478,0.0098999999463558197
1233,0.6165000,-0.024001471698284149,0.010400000028312206
1234,0.6170000,-0.023614032194018364,0.01080000028014183
1235,0.6175000,-0.023234982043504715,0.011300000362098217
1236,0.6180000,-0.022863725200295448,0.011699999682605267
1237,0.6185000,-0.022497838363051414,0.012099999934434891
1238,0.6190000,-0.022133795544505119,0.012500000186264515
1239,0.6195000,-0.021770821884274483,0.012900000438094139
1240,0.6200000,-0.021411644294857979,0.013199999928474426
1241,0.6205000,-0.021058207377791405,0.01360000018030405
1242,0.6210000,-0.0207096878439188,0.013899999670684338
1243,0.6215000,-0.020364951342344284,0.014299999922513962
1244,0.6220000,-0.020022975280880928,0.014600000344216824
1245,0.6225000,-0.019681677222251892,0.014899999834597111
1246,0.6230000,-0.019338496029376984,0.015200000256299973
1247,0.6235000,-0.018992584198713303,0.01549999974668026
1248,0.6240000,-0.018644178286194801,0.015699999406933784
1249,0.6245000,-0.018292589113116264,0.016000000759959221
1250,0.6250000,-0.017937365919351578,0.016300000250339508
1251,0.6255000,-0.017578599974513054,0.016599999740719795
1252,0.6260000,-0.017215661704540253,0.01679999940097332
1253,0.6265000,-0.016847304999828339,0.017100000753998756
1254,0.6270000,-0.016473278403282166,0.017400000244379044
1255,0.6275000,-0.016094766557216644,0.017699999734759331
1256,0.6280000,-0.01571224257349968,0.017899999395012856
1257,0.6285000,-0.015325440093874931,0.018200000748038292
1258,0.6290000,-0.014934834092855453,0.018600000068545341
1259,0.6295000,-0.014540860429406166,0.018899999558925629
1260,0.6300000,-0.014142323285341263,0.019200000911951065
1261,0.6305000,-0.013738584704697132,0.019600000232458115
1262,0.6310000,-0.013330448418855667,0.019999999552965164
1263,0.6315000,-0.012917354702949524,0.020400000736117363
1264,0.6320000,-0.012499610893428326,0.020800000056624413
1265,0.6325000,-0.012079351581633091,0.021299999207258224
1266,0.6330000,-0.011658300645649433,0.021800000220537186
1267,0.6335000,-0.011237497441470623,0.022299999371170998
1268,0.6340000,-0.010817158967256546,0.022900000214576721
1269,0.6345000,-0.01039748452603817,0.023399999365210533
1270,0.6350000,-0.0099784610792994499,0.024100000038743019
1271,0.6355000,-0.0095595009624958038,0.024700000882148743
1272,0.6360000,-0.0091401729732751846,0.025399999693036079
1273,0.6365000,-0.0087203690782189369,0.026100000366568565
1274,0.6370000,-0.0083003444597125053,0.026900000870227814
1275,0.6375000,-0.007880249060690403,0.027699999511241913
1276,0.6380000,-0.0074606216512620449,0.028500000014901161
1277,0.6385000,-0.0070417164824903011,0.029400000348687172
1278,0.6390000,-0.0066217752173542976,0.030300000682473183
1279,0.6395000,-0.0061990451067686081,0.031199999153614044
1280,0.6400000,-0.0057736849412322044,0.032200001180171967
1281,0.6405000,-0.0053469669073820114,0.03319999948143959
1282,0.6410000,-0.0049198362976312637,0.034200001507997513
1283,0.6415000,-0.0044921152293682098,0.035199999809265137
1284,0.6420000,-0.0040643368847668171,0.036299999803304672
1285,0.6425000,-0.0036377767100930214,0.037300001829862595
1286,0.6430000,-0.0032114959321916103,0.03840000182390213
1287,0.6435000,-0.0027833506464958191,0.039599999785423279
1288,0.6440000,-0.0023522269912064075,0.040699999779462814
1289,0.6445000,-0.0019169037695974112,0.04179999977350235
1290,0.6450000,-0.0014768228866159916,0.042899999767541885
1291,0.6455000,-0.0010329231154173613,0.044100001454353333
1292,0.6460000,-0.00058603240177035332,0.045200001448392868
1293,0.6465000,-0.00013642758131027222,0.046399999409914017
1294,0.6470000,0.00031563953962177038,0.047499999403953552
1295,0.6475000,0.00077058258466422558,0.048599999397993088
1296,0.6480000,0.0012309666490182281,0.049800001084804535
1297,0.6485000,0.0017001591622829437,0.05090000107884407
1298,0.6490000,0.0021793274208903313,0.052000001072883606
1299,0.6495000,0.0026670829392969608,0.05299999937415123
1300,0.6500000,0.0031614042818546295,0.054099999368190765
1301,0.6505000,0.0036613531410694122,0.055100001394748688
1302,0.6510000,0.0041667968034744263,0.056200001388788223
1303,0.6515000,0.0046783303841948509,0.057100001722574234
1304,0.6520000,0.0051978966221213341,0.058100000023841858
1305,0.6525000,0.0057260873727500439,0.059000000357627869
1306,0.6530000,0.0062617319636046886,0.059900000691413879
1307,0.6535000,0.0068040862679481506,0.06080000102519989
1308,0.6540000,0.0073520164005458355,0.061700001358985901
1309,0.6545000,0.0079040341079235077,0.0625
1310,0.6550000,0.008459119126200676,0.063199996948242188
1311,0.6555000,0.0090178605169057846,0.064000003039836884
1312,0.6560000,0.0095819039270281792,0.064699999988079071
1313,0.6565000,0.010150087997317314,0.065399996936321259
1314,0.6570000,0.010719866491854191,0.065999999642372131
1315,0.6575000,0.011289707385003567,0.066600002348423004
1316,0.6580000,0.011858404614031315,0.06719999760389328
1317,0.6585000,0.012425693683326244,0.067800000309944153
1318,0.6590000,0.012990843504667282,0.068300001323223114
1319,0.6595000,0.013553565368056297,0.068800002336502075
1320,0.6600000,0.014113878831267357,0.069200001657009125
1321,0.6605000,0.014669121243059635,0.069600000977516174
1322,0.6610000,0.015216951258480549,0.070000000298023224
1323,0.6615000,0.015756666660308838,0.070399999618530273
1324,0.6620000,0.016287915408611298,0.070699997246265411
1325,0.6625000,0.016811782494187355,0.071000002324581146
1326,0.6630000,0.017328623682260513,0.071299999952316284
1327,0.6635000,0.017837824299931526,0.071599997580051422
1328,0.6640000,0.018338616937398911,0.071800000965595245
1329,0.6645000,0.018829619511961937,0.071999996900558472
1330,0.6650000,0.019311757758259773,0.072200000286102295
1331,0.6655000,0.019785936921834946,0.072400003671646118
1332,0.6660000,0.020251234993338585,0.072599999606609344
1333,0.6665000,0.02070864662528038,0.072700001299381256
1334,0.6670000,0.02115897461771965,0.072899997234344482
1335,0.6675000,0.021601978689432144,0.072999998927116394
1336,0.6680000,0.022038089111447334,0.073100000619888306
1337,0.6685000,0.022466959431767464,0.073200002312660217
1338,0.6690000,0.022889142856001854,0.073200002312660217
1339,0.6695000,0.023305840790271759,0.073299996554851532
1340,0.6700000,0.023717155680060387,0.073399998247623444
1341,0.6705000,0.02412409707903862,0.073399998247623444
1342,0.6710000,0.024527460336685181,0.073499999940395355
1343,0.6715000,0.024927465245127678,0.073499999940395355
1344,0.6720000,0.02532443031668663,0.073499999940395355
1345,0.6725000,0.02571762353181839,0.073499999940395355
1346,0.6730000,0.026107626035809517,0.073499999940395355
1347,0.6735000,0.026494475081562996,0.073600001633167267
1348,0.6740000,0.026877226307988167,0.073600001633167267
1349,0.6745000,0.027257451787590981,0.073600001633167267
1350,0.6750000,0.027635850012302399,0.073600001633167267
1351,0.6755000,0.028012627735733986,0.073600001633167267
1352,0.6760000,0.028387894853949547,0.073600001633167267
1353,0.6765000,0.028759881854057312,0.073600001633167267
1354,0.6770000,0.029129069298505783,0.073600001633167267
1355,0.6775000,0.029497062787413597,0.073600001633167267
1356,0.6780000,0.029863890260457993,0.073600001633167267
1357,0.6785000,0.030230054631829262,0.073600001633167267
1358,0.6790000,0.03059578500688076,0.073600001633167267
1359,0.6795000,0.030961150303483009,0.073600001633167267
1360,0.6800000,0.031328141689300537,0.073600001633167267
1361,0.6805000,0.031697820872068405,0.073600001633167267
1362,0.6810000,0.032070048153400421,0.073700003325939178
1363,0.6815000,0.032445281744003296,0.073700003325939178
1364,0.6820000,0.032821923494338989,0.073799997568130493
1365,0.6825000,0.033199481666088104,0.073799997568130493
1366,0.6830000,0.033580377697944641,0.073899999260902405
1367,0.6835000,0.033965926617383957,0.074000000953674316
1368,0.6840000,0.034355949610471725,0.074100002646446228
1369,0.6845000,0.034748740494251251,0.074199996888637543
1370,0.6850000,0.035143110901117325,0.074299998581409454
1371,0.6855000,0.03553922101855278,0.074400000274181366
1372,0.6860000,0.035935115069150925,0.074600003659725189
1373,0.6865000,0.036329187452793121,0.074799999594688416
1374,0.6870000,0.036722607910633087,0.074900001287460327
1375,0.6875000,0.037116460502147675,0.075199998915195465
1376,0.6880000,0.037510812282562256,0.075400002300739288
1377,0.6885000,0.037904214113950729,0.075599998235702515
1378,0.6890000,0.038295697420835495,0.07590000331401825
1379,0.6895000,0.038685698062181473,0.076200000941753387
1380,0.6900000,0.039072342216968536,0.076499998569488525
1381,0.6905000,0.039452511817216873,0.076899997889995575
1382,0.6910000,0.039826009422540665,0.07720000296831131
1383,0.6915000,0.040195297449827194,0.077600002288818359
1384,0.6920000,0.04056275263428688,0.078000001609325409
1385,0.6925000,0.040929272770881653,0.07850000262260437
1386,0.6930000,0.041294526308774948,0.07890000194311142
1387,0.6935000,0.04165775328874588,0.079400002956390381
1388,0.6940000,0.042017210274934769,0.079899996519088745
1389,0.6945000,0.042370352894067764,0.080499999225139618
1390,0.6950000,0.042716164141893387,0.081000000238418579
1391,0.6955000,0.043056655675172806,0.081600002944469452
1392,0.6960000,0.043394900858402252,0.082199998199939728
1393,0.6965000,0.043732531368732452,0.082900002598762512
1394,0.6970000,0.044071044772863388,0.083499997854232788
1395,0.6975000,0.044411338865756989,0.084200002253055573
1396,0.6980000,0.044751003384590149,0.08489999920129776
1397,0.6985000,0.045087374746799469,0.085600003600120544
1398,0.6990000,0.045421041548252106,0.086300000548362732
1399,0.6995000,0.04575425386428833,0.087099999189376831
1400,0.7000000,0.046087749302387238,0.087800003588199615
1401,0.7005000,0.046419903635978699,0.088600002229213715
1402,0.7010000,0.04674975574016571,0.089400000870227814
1403,0.7015000,0.047077927738428116,0.090099997818470001
1404,0.7020000,0.047404296696186066,0.0908999964594841
1405,0.7025000,0.047727685421705246,0.091700002551078796
1406,0.7030000,0.048047848045825958,0.092500001192092896
1407,0.7035000,0.048366472125053406,0.093299999833106995
1408,0.7040000,0.048683911561965942,0.094099998474121094
1409,0.7045000,0.048996865749359131,0.094899997115135193
1410,0.7050000,0.049303688108921051,0.095600001513957977
1411,0.7055000,0.049605816602706909,0.096400000154972076
1412,0.7060000,0.049904312938451767,0.097199998795986176
1413,0.7065000,0.050199847668409348,0.09790000319480896
1414,0.7070000,0.050492886453866959,0.098600000143051147
1415,0.7075000,0.050783663988113403,0.099299997091293335
1416,0.7080000,0.051072653383016586,0.10000000149011612
1417,0.7085000,0.051359269767999649,0.1005999967455864
1418,0.7090000,0.051642235368490219,0.10130000114440918
1419,0.7095000,0.051922757178544998,0.10189999639987946
1420,0.7100000,0.052201543003320694,0.10239999741315842
1421,0.7105000,0.052477221935987473,0.10300000011920929
1422,0.7110000,0.052749600261449814,0.10350000113248825
1423,0.7115000,0.053019270300865173,0.1039000004529953
1424,0.7120000,0.053288444876670837,0.10440000146627426
1425,0.7125000,0.053558602929115295,0.10480000078678131
1426,0.7130000,0.05382896214723587,0.10509999841451645
1427,0.7135000,0.054100789129734039,0.10540000349283218
1428,0.7140000,0.05437406525015831,0.10570000112056732
1429,0.7145000,0.054646596312522888,0.10589999705553055
1430,0.7150000,0.054918181151151657,0.10610000044107437
1431,0.7155000,0.05518953874707222,0.1062999963760376
1432,0.7160000,0.05546225979924202,0.10639999806880951
1433,0.7165000,0.055737648159265518,0.10639999806880951
1434,0.7170000,0.056015245616436005,0.10639999806880951
1435,0.7175000,0.05629468709230423,0.10639999806880951
1436,0.7180000,0.056575633585453033,0.1062999963760376
1437,0.7185000,0.056858155876398087,0.10620000213384628
1438,0.7190000,0.057142868638038635,0.10610000044107437
1439,0.7195000,0.057429000735282898,0.10589999705553055
1440,0.7200000,0.057716291397809982,0.10570000112056732
1441,0.7205000,0.058005630970001221,0.10540000349283218
1442,0.7210000,0.058295637369155884,0.10509999841451645
1443,0.7215000,0.058584176003932953,0.1046999990940094
1444,0.7220000,0.058870702981948853,0.10440000146627426
1445,0.7225000,0.059156041592359543,0.10400000214576721
1446,0.7230000,0.059440471231937408,0.10350000113248825
1447,0.7235000,0.059722382575273514,0.1031000018119812
1448,0.7240000,0.060003425925970078,0.10260000079870224
1449,0.7245000,0.060288164764642715,0.10209999978542328
1450,0.7250000,0.060576882213354111,0.10149999707937241
1451,0.7255000,0.060866288840770721,0.10100000351667404
1452,0.7260000,0.061154313385486603,0.10040000081062317
1453,0.7265000,0.061440352350473404,0.099799998104572296
1454,0.7270000,0.061723280698060989,0.09920000284910202
1455,0.7275000,0.062001917511224747,0.098600000143051147
1456,0.7280000,0.062277577817440033,0.097999997437000275
1457,0.7285000,0.062552988529205322,0.097400002181529999
1458,0.7290000,0.062829203903675079,0.096799999475479126
1459,0.7295000,0.063105523586273193,0.096199996769428253
1460,0.7300000,0.063380226492881775,0.095600001513957977
1461,0.7305000,0.063652172684669495,0.094999998807907104
1462,0.7310000,0.063921019434928894,0.094400003552436829
1463,0.7315000,0.064186379313468933,0.093800000846385956
1464,0.7320000,0.064448080956935883,0.093299999833106995
1465,0.7325000,0.064704686403274536,0.092699997127056122
1466,0.7330000,0.064954668283462524,0.092200003564357758
1467,0.7335000,0.065198838710784912,0.091700002551078796
1468,0.7340000,0.065438836812973022,0.091300003230571747
1469,0.7345000,0.065676167607307434,0.090800002217292786
1470,0.7350000,0.065910607576370239,0.090400002896785736
1471,0.7355000,0.066140905022621155,0.090099997818470001
1472,0.7360000,0.066365346312522888,0.089699998497962952
1473,0.7365000,0.066579416394233704,0.089400000870227814
1474,0.7370000,0.066780842840671539,0.08919999748468399
1475,0.7375000,0.066971495747566223,0.089000001549720764
1476,0.7380000,0.067153722047805786,0.088799998164176941
1477,0.7385000,0.067329093813896179,0.088699996471405029
1478,0.7390000,0.067496553063392639,0.088600002229213715
1479,0.7395000,0.067655794322490692,0.088500000536441803
1480,0.7400000,0.067808210849761963,0.088500000536441803
1481,0.7405000,0.067952468991279602,0.088600002229213715
1482,0.7410000,0.068087488412857056,0.088699996471405029
1483,0.7415000,0.068214669823646545,0.088799998164176941
1484,0.7420000,0.068334862589836121,0.089000001549720764
1485,0.7425000,0.068447187542915344,0.08919999748468399
1486,0.7430000,0.068549923598766327,0.089500002562999725
1487,0.7435000,0.068642586469650269,0.089800000190734863
1488,0.7440000,0.068727582693099976,0.090199999511241913
1489,0.7445000,0.068807922303676605,0.090599998831748962
1490,0.7450000,0.068885393440723419,0.091099999845027924
1491,0.7455000,0.068961963057518005,0.091600000858306885
1492,0.7460000,0.069038994610309601,0.092100001871585846
1493,0.7465000,0.069116093218326569,0.092699997127056122
1494,0.7470000,0.069190740585327148,0.093299999833106995
1495,0.7475000,0.069261267781257629,0.093900002539157867
1496,0.7480000,0.069328643381595612,0.094599999487400055
1497,0.7485000,0.069392956793308258,0.095299996435642242
1498,0.7490000,0.069454483687877655,0.096000000834465027
1499,0.7495000,0.06951545923948288,0.096799999475479126
1500,0.7500000,0.069578275084495544,0.097499996423721313
1501,0.7505000,0.069643653929233551,0.09830000251531601
1502,0.7510000,0.069709882140159607,0.099100001156330109
1503,0.7515000,0.069775022566318512,0.099899999797344208
1504,0.7520000,0.069838240742683411,0.10080000013113022
1505,0.7525000,0.069899588823318481,0.10159999877214432
1506,0.7530000,0.069960400462150574,0.10239999741315842
1507,0.7535000,0.070021957159042358,0.10329999774694443
1508,0.7540000,0.070085242390632629,0.10409999638795853
1509,0.7545000,0.070150606334209442,0.10490000247955322
1510,0.7550000,0.07021651417016983,0.10570000112056732
1511,0.7555000,0.070282012224197388,0.10660000145435333
1512,0.7560000,0.070349738001823425,0.10729999840259552
1513,0.7565000,0.07042306661605835,0.10809999704360962
1514,0.7570000,0.070503190159797668,0.10890000313520432
1515,0.7575000,0.07059141993522644,0.1096000000834465
1516,0.7580000,0.070688508450984955,0.11029999703168869
1517,0.7585000,0.07079373300075531,0.11100000143051147
1518,0.7590000,0.070906132459640503,0.11169999837875366
1519,0.7595000,0.071024201810359955,0.11240000277757645
1520,0.7600000,0.071147166192531586,0.11299999803304672
1521,0.7605000,0.071273572742938995,0.11349999904632568
1522,0.7610000,0.071402408182621002,0.11410000175237656
1523,0.7615000,0.071536339819431305,0.11460000276565552
1524,0.7620000,0.071676060557365417,0.11509999632835388
1525,0.7625000,0.071819238364696503,0.11550000309944153
1526,0.7630000,0.071965038776397705,0.11599999666213989
1527,0.7635000,0.072113841772079468,0.11640000343322754
1528,0.7640000,0.072265967726707458,0.11670000106096268
1529,0.7645000,0.072421208024024963,0.11699999868869781
1530,0.7650000,0.072579957544803619,0.11729999631643295
1531,0.7655000,0.072743974626064301,0.11749999970197678
1532,0.7660000,0.072912923991680145,0.11779999732971191
1533,0.7665000,0.073083840310573578,0.11800000071525574
1534,0.7670000,0.073255270719528198,0.11810000240802765
1535,0.7675000,0.073426790535449982,0.11819999665021896
1536,0.7680000,0.073598995804786682,0.11829999834299088
1537,0.7685000,0.073774613440036774,0.11840000003576279
1538,0.7690000,0.073956064879894257,0.1185000017285347
1539,0.7695000,0.074144221842288971,0.1185000017285347
1540,0.7700000,0.074336260557174683,0.1185000017285347
1541,0.7705000,0.074527651071548462,0.1185000017285347
1542,0.7710000,0.074717625975608826,0.1185000017285347
1543,0.7715000,0.074906773865222931,0.11840000003576279
1544,0.7720000,0.075094737112522125,0.11840000003576279
1545,0.7725000,0.075282298028469086,0.11829999834299088
1546,0.7730000,0.075471691787242889,0.11829999834299088
1547,0.7735000,0.075664207339286804,0.11819999665021896
1548,0.7740000,0.075856752693653107,0.11810000240802765
1549,0.7745000,0.076044946908950806,0.11800000071525574
1550,0.7750000,0.076229877769947052,0.11800000071525574
1551,0.7755000,0.076413527131080627,0.11789999902248383
1552,0.7760000,0.07659514993429184,0.11779999732971191
1553,0.7765000,0.076772965490818024,0.1177000030875206
1554,0.7770000,0.076946333050727844,0.1177000030875206
1555,0.7775000,0.077117703855037689,0.11760000139474869
1556,0.7780000,0.077286548912525177,0.11760000139474869
1557,0.7785000,0.077450357377529144,0.11749999970197678
1558,0.7790000,0.07761026918888092,0.11749999970197678
1559,0.7795000,0.077768608927726746,0.11749999970197678
1560,0.7800000,0.077925167977809906,0.11749999970197678
1561,0.7805000,0.078076519072055817,0.11749999970197678
1562,0.7810000,0.078220702707767487,0.11760000139474869
1563,0.7815000,0.078360475599765778,0.11760000139474869
1564,0.7820000,0.078498169779777527,0.1177000030875206
1565,0.7825000,0.078632570803165436,0.11779999732971191
1566,0.7830000,0.078761324286460876,0.11779999732971191
1567,0.7835000,0.078883998095989227,0.11800000071525574
1568,0.7840000,0.079001404345035553,0.11810000240802765
1569,0.7845000,0.07911325991153717,0.11819999665021896
1570,0.7850000,0.079219907522201538,0.11840000003576279
1571,0.7855000,0.079323984682559967,0.1185000017285347
1572,0.7860000,0.079427391290664673,0.11869999766349792
1573,0.7865000,0.079528830945491791,0.11890000104904175
1574,0.7870000,0.079626597464084625,0.11909999698400497
1575,0.7875000,0.079721152782440186,0.1193000003695488
1576,0.7880000,0.079812891781330109,0.11949999630451202
1577,0.7885000,0.079900637269020081,0.11969999969005585
1578,0.7890000,0.079984404146671295,0.11990000307559967
1579,0.7895000,0.080066673457622528,0.1200999990105629
1580,0.7900000,0.080149352550506592,0.12030000239610672
1581,0.7905000,0.080231472849845886,0.12049999833106995
1582,0.7910000,0.080312535166740417,0.12080000340938568
1583,0.7915000,0.080392435193061829,0.12099999934434891
1584,0.7920000,0.080469988286495209,0.12120000272989273
1585,0.7925000,0.080544210970401764,0.12139999866485596
1586,0.7930000,0.080614320933818817,0.12160000205039978
1587,0.7935000,0.080681592226028442,0.12179999798536301
1588,0.7940000,0.080746367573738098,0.12200000137090683
1589,0.7945000,0.080806933343410492,0.12210000306367874
1590,0.7950000,0.080864235758781433,0.12229999899864197
1591,0.7955000,0.080920487642288208,0.12250000238418579
1592,0.7960000,0.080975979566574097,0.12259999662637711
1593,0.7965000,0.081029884517192841,0.12269999831914902
1594,0.7970000,0.081082060933113098,0.12290000170469284
1595,0.7975000,0.081133246421813965,0.12300000339746475
1596,0.7980000,0.081182122230529785,0.12309999763965607
1597,0.7985000,0.081226229667663574,0.12319999933242798
1598,0.7990000,0.081265360116958618,0.12330000102519989
1599,0.7995000,0.081300899386405945,0.12330000102519989
1600,0.8000000,0.081334643065929413,0.1234000027179718
1601,0.8005000,0.081368096172809601,0.1234000027179718
1602,0.8010000,0.081402018666267395,0.12349999696016312
1603,0.8015000,0.081436395645141602,0.12349999696016312
1604,0.8020000,0.081470437347888947,0.12349999696016312
1605,0.8025000,0.081503182649612427,0.12349999696016312
1606,0.8030000,0.081533819437026978,0.12359999865293503
1607,0.8035000,0.081562303006649017,0.12359999865293503
1608,0.8040000,0.081589624285697937,0.12359999865293503
1609,0.8045000,0.081616923213005066,0.12359999865293503
1610,0.8050000,0.081644639372825623,0.12349999696016312
1611,0.8055000,0.081673026084899902,0.12349999696016312
1612,0.8060000,0.081701897084712982,0.12349999696016312
1613,0.8065000,0.08172975480556488,0.12349999696016312
1614,0.8070000,0.081755250692367554,0.12349999696016312
1615,0.8075000,0.081777229905128479,0.12349999696016312
1616,0.8080000,0.081795193254947662,0.12349999696016312
1617,0.8085000,0.08180980384349823,0.12349999696016312
1618,0.8090000,0.081821195781230927,0.12349999696016312
1619,0.8095000,0.081829451024532318,0.12349999696016312
1620,0.8100000,0.081835381686687469,0.12349999696016312
1621,0.8105000,0.081838756799697876,0.12349999696016312
1622,0.8110000,0.081838682293891907,0.12349999696016312
1623,0.8115000,0.081834040582180023,0.12349999696016312
1624,0.8120000,0.081820890307426453,0.12359999865293503
1625,0.8125000,0.081796303391456604,0.12359999865293503
1626,0.8130000,0.081762701272964478,0.12370000034570694
1627,0.8135000,0.081721879541873932,0.12370000034570694
1628,0.8140000,0.081673912703990936,0.12380000203847885
1629,0.8145000,0.081618189811706543,0.12380000203847885
1630,0.8150000,0.081551738083362579,0.12389999628067017
1631,0.8155000,0.081474237143993378,0.12399999797344208
1632,0.8160000,0.081388279795646667,0.12409999966621399
1633,0.8165000,0.081294313073158264,0.1242000013589859
1634,0.8170000,0.081193499267101288,0.12430000305175781
1635,0.8175000,0.081089779734611511,0.12439999729394913
1636,0.8180000,0.080985806882381439,0.12449999898672104
1637,0.8185000,0.080881103873252869,0.12460000067949295
1638,0.8190000,0.080772876739501953,0.12470000237226486
1639,0.8195000,0.080660387873649597,0.12479999661445618
1640,0.8200000,0.08054448664188385,0.125
1641,0.8205000,0.080423101782798767,0.12510000169277191
1642,0.8210000,0.080296047031879425,0.12520000338554382
1643,0.8215000,0.080165848135948181,0.12530000507831573
1644,0.8220000,0.080033443868160248,0.12540000677108765
1645,0.8225000,0.079900741577148438,0.12549999356269836
1646,0.8230000,0.079770267009735107,0.12559999525547028
1647,0.8235000,0.079642347991466522,0.12569999694824219
1648,0.8240000,0.079517051577568054,0.1257999986410141
1649,0.8245000,0.079393967986106873,0.12590000033378601
1650,0.8250000,0.079272791743278503,0.12600000202655792
1651,0.8255000,0.079155616462230682,0.12600000202655792
1652,0.8260000,0.079044610261917114,0.12610000371932983
1653,0.8265000,0.078940950334072113,0.12610000371932983
1654,0.8270000,0.078844130039215088,0.12610000371932983
1655,0.8275000,0.078752845525741577,0.12620000541210175
1656,0.8280000,0.078667625784873962,0.12610000371932983
1657,0.8285000,0.078589342534542084,0.12610000371932983
1658,0.8290000,0.078518345952033997,0.12610000371932983
1659,0.8295000,0.078455716371536255,0.12600000202655792
1660,0.8300000,0.078401289880275726,0.12590000033378601
1661,0.8305000,0.078352928161621094,0.1257999986410141
1662,0.8310000,0.078309163451194763,0.12559999525547028
1663,0.8315000,0.078267514705657959,0.12549999356269836
1664,0.8320000,0.07822716236114502,0.12530000507831573
1665,0.8325000,0.07819097489118576,0.12510000169277191
1666,0.8330000,0.078160099685192108,0.12489999830722809
1667,0.8335000,0.078134365379810333,0.12460000067949295
1668,0.8340000,0.078111916780471802,0.12430000305175781
1669,0.8345000,0.078090310096740723,0.12399999797344208
1670,0.8350000,0.078069224953651428,0.12370000034570694
1671,0.8355000,0.078047454357147217,0.12330000102519989
1672,0.8360000,0.078024640679359436,0.12290000170469284
1673,0.8365000,0.078001692891120911,0.12250000238418579
1674,0.8370000,0.077978424727916718,0.12210000306367874
1675,0.8375000,0.077955201268196106,0.12160000205039978
1676,0.8380000,0.077930502593517303,0.12120000272989273
1677,0.8385000,0.077901840209960938,0.12070000171661377
1678,0.8390000,0.077868521213531494,0.1200999990105629
1679,0.8395000,0.077829398214817047,0.11959999799728394
1680,0.8400000,0.077784590423107147,0.11900000274181366
1681,0.8405000,0.077736362814903259,0.1185000017285347
1682,0.8410000,0.07768695056438446,0.11789999902248383
1683,0.8415000,0.07763691246509552,0.11729999631643295
1684,0.8420000,0.077584691345691681,0.11670000106096268
1685,0.8425000,0.077528499066829681,0.1160999983549118
1686,0.8430000,0.077466189861297607,0.11550000309944153
1687,0.8435000,0.077397167682647705,0.11479999870061874
1688,0.8440000,0.077324017882347107,0.11420000344514847
1689,0.8445000,0.077248260378837585,0.1136000007390976
1690,0.8450000,0.077171184122562408,0.11299999803304672
1691,0.8455000,0.077092953026294708,0.11240000277757645
1692,0.8460000,0.077011346817016602,0.11180000007152557
1693,0.8465000,0.076925560832023621,0.1111999973654747
1694,0.8470000,0.076834797859191895,0.11060000211000443
1695,0.8475000,0.076738625764846802,0.11010000109672546
1696,0.8480000,0.076640374958515167,0.10949999839067459
1697,0.8485000,0.076544031500816345,0.10899999737739563
1698,0.8490000,0.076450683176517487,0.10849999636411667
1699,0.8495000,0.07635989785194397,0.10809999704360962
1700,0.8500000,0.076271854341030121,0.10769999772310257
1701,0.8505000,0.076186574995517731,0.10729999840259552
1702,0.8510000,0.076100662350654602,0.10700000077486038
1703,0.8515000,0.076010331511497498,0.10670000314712524
1704,0.8520000,0.075917474925518036,0.10639999806880951
1705,0.8525000,0.075828179717063904,0.10620000213384628
1706,0.8530000,0.075746379792690277,0.10599999874830246
1707,0.8535000,0.075672067701816559,0.10589999705553055
1708,0.8540000,0.075605966150760651,0.10589999705553055
1709,0.8545000,0.075549930334091187,0.10589999705553055
1710,0.8550000,0.075502105057239532,0.10589999705553055
1711,0.8555000,0.075457274913787842,0.10610000044107437
1712,0.8560000,0.075414456427097321,0.10620000213384628
1713,0.8565000,0.075379662215709686,0.10649999976158142
1714,0.8570000,0.07535785436630249,0.10679999738931656
1715,0.8575000,0.075350776314735413,0.10710000246763229
1716,0.8580000,0.075360402464866638,0.10760000348091125
1717,0.8585000,0.075387805700302124,0.10809999704360962
1718,0.8590000,0.075434058904647827,0.10859999805688858
1719,0.8595000,0.075498796999454498,0.10920000076293945
1720,0.8600000,0.075581170618534088,0.10989999771118164
1721,0.8605000,0.075682789087295532,0.11060000211000443
1722,0.8610000,0.075803883373737335,0.11140000075101852
1723,0.8615000,0.075945556163787842,0.11230000108480453
1724,0.8620000,0.076112017035484314,0.11320000141859055
1725,0.8625000,0.076305992901325226,0.11420000344514847
1726,0.8630000,0.076527774333953857,0.11519999802112579
1727,0.8635000,0.076775573194026947,0.11630000174045563
1728,0.8640000,0.077048666775226593,0.11749999970197678
1729,0.8645000,0.077347002923488617,0.11869999766349792
1730,0.8650000,0.077670902013778687,0.11990000307559967
1731,0.8655000,0.078023210167884827,0.12120000272989273
1732,0.8660000,0.078406132757663727,0.12250000238418579
1733,0.8665000,0.078823097050189972,0.12380000203847885
1734,0.8670000,0.07927539199590683,0.12520000338554382
1735,0.8675000,0.079761870205402374,0.1265999972820282
1736,0.8680000,0.080284178256988525,0.12809999287128448
1737,0.8685000,0.080840975046157837,0.12950000166893005
1738,0.8690000,0.081430792808532715,0.13099999725818634
1739,0.8695000,0.082057483494281769,0.13249999284744263
1740,0.8700000,0.082725882530212402,0.13400000333786011
1741,0.8705000,0.083438090980052948,0.13549999892711639
1742,0.8710000,0.084190413355827332,0.13699999451637268
1743,0.8715000,0.084979213774204254,0.13850000500679016
1744,0.8720000,0.085807442665100098,0.14000000059604645
1745,0.8725000,0.086675770580768585,0.14149999618530273
1746,0.8730000,0.087580330669879913,0.14300000667572021
1747,0.8735000,0.088522002100944519,0.1445000022649765
1748,0.8740000,0.089505419135093689,0.14599999785423279
1749,0.8745000,0.090532757341861725,0.14740000665187836
1750,0.8750000,0.091602899134159088,0.14880000054836273
1751,0.8755000,0.092712581157684326,0.15019999444484711
1752,0.8760000,0.093862965703010559,0.15160000324249268
1753,0.8765000,0.095061764121055603,0.15289999544620514
1754,0.8770000,0.096311517059803009,0.1542000025510788
1755,0.8775000,0.097607247531414032,0.15539999306201935
1756,0.8780000,0.098946250975131989,0.15670000016689301
1757,0.8785000,0.10032835602760315,0.15790000557899475
1758,0.8790000,0.10175170004367828,0.15899999439716339
1759,0.8795000,0.10321120917797089,0.16019999980926514
1760,0.8800000,0.10470149666070938,0.16120000183582306
1761,0.8805000,0.10622509568929672,0.16230000555515289
1762,0.8810000,0.10778643935918808,0.16329999268054962
1763,0.8815000,0.10938124358654022,0.16429999470710754
1764,0.8820000,0.11100486665964127,0.16529999673366547
1765,0.8825000,0.11265613883733749,0.16619999706745148
1766,0.8830000,0.11433039605617523,0.16709999740123749
1767,0.8835000,0.1160222589969635,0.1679999977350235
1768,0.8840000,0.11772885918617249,0.1687999963760376
1769,0.8845000,0.11945215612649918,0.16969999670982361
1770,0.8850000,0.1211966797709465,0.17049999535083771
1771,0.8855000,0.12295842170715332,0.17129999399185181
1772,0.8860000,0.12473104894161224,0.17209999263286591
1773,0.8865000,0.1265123188495636,0.1729000061750412
1774,0.8870000,0.12829700112342834,0.1737000048160553
1775,0.8875000,0.13008099794387817,0.1745000034570694
1776,0.8880000,0.13186639547348022,0.1753000020980835
1777,0.8885000,0.13365764915943146,0.17620000243186951
1778,0.8890000,0.13545769453048706,0.17700000107288361
1779,0.8895000,0.13726520538330078,0.17790000140666962
1780,0.8900000,0.13907594978809357,0.17890000343322754
1781,0.8905000,0.14088951051235199,0.17980000376701355
1782,0.8910000,0.14270411431789398,0.18080000579357147
1783,0.8915000,0.14451614022254944,0.1817999929189682
1784,0.8920000,0.14632484316825867,0.18289999663829803
1785,0.8925000,0.14812590181827545,0.18410000205039978
1786,0.8930000,0.14991509914398193,0.18529999256134033
1787,0.8935000,0.15168954432010651,0.18649999797344208
1788,0.8940000,0.15344855189323425,0.18780000507831573
1789,0.8945000,0.15519596636295319,0.18919999897480011
1790,0.8950000,0.15693312883377075,0.1906999945640564
1791,0.8955000,0.15866176784038544,0.19220000505447388
1792,0.8960000,0.16038380563259125,0.19390000402927399
1793,0.8965000,0.16209571063518524,0.1956000030040741
1794,0.8970000,0.16379523277282715,0.19730000197887421
1795,0.8975000,0.16548295319080353,0.19920000433921814
1796,0.8980000,0.16716046631336212,0.20119999349117279
1797,0.8985000,0.16883179545402527,0.20319999754428864
1798,0.8990000,0.1704985499382019,0.20530000329017639
1799,0.8995000,0.1721591055393219,0.20749999582767487
1800,0.9000000,0.17381393909454346,0.20990000665187836
1801,0.9005000,0.17546935379505157,0.21220000088214874
1802,0.9010000,0.17713296413421631,0.21469999849796295
1803,0.9015000,0.17880801856517792,0.21729999780654907
1804,0.9020000,0.18049606680870056,0.21989999711513519
1805,0.9025000,0.18219979107379913,0.22269999980926514
1806,0.9030000,0.18392163515090942,0.22550000250339508
1807,0.9035000,0.18566213548183441,0.22840000689029694
1808,0.9040000,0.18742281198501587,0.2312999963760376
1809,0.9045000,0.18920592963695526,0.23430000245571136
1810,0.9050000,0.19101147353649139,0.23739999532699585
1811,0.9055000,0.19283944368362427,0.24060000479221344
1812,0.9060000,0.19469092786312103,0.24379999935626984
1813,0.9065000,0.1965705007314682,0.24699999392032623
1814,0.9070000,0.19847917556762695,0.25029999017715454
1815,0.9075000,0.20041027665138245,0.25360000133514404
1816,0.9080000,0.20236110687255859,0.25699999928474426
1817,0.9085000,0.20432810485363007,0.26030001044273376
1818,0.9090000,0.20630539953708649,0.26370000839233398
1819,0.9095000,0.20829136669635773,0.2671000063419342
1820,0.9100000,0.21028526127338409,0.27050000429153442
1821,0.9105000,0.21228688955307007,0.27390000224113464
1822,0.9110000,0.21429260075092316,0.27720001339912415
1823,0.9115000,0.21629767119884491,0.28049999475479126
1824,0.9120000,0.21830072999000549,0.28380000591278076
1825,0.9125000,0.22029760479927063,0.28709998726844788
1826,0.9130000,0.22228355705738068,0.29030001163482666
1827,0.9135000,0.22425846755504608,0.29339998960494995
1828,0.9140000,0.22622445225715637,0.29640001058578491
1829,0.9145000,0.22818088531494141,0.29940000176429749
1830,0.9150000,0.23012149333953857,0.30219998955726624
1831,0.9155000,0.23204085230827332,0.30500000715255737
1832,0.9160000,0.23393705487251282,0.30770000815391541
1833,0.9165000,0.23580737411975861,0.31020000576972961
1834,0.9170000,0.23765073716640472,0.31259998679161072
1835,0.9175000,0.23946864902973175,0.31490001082420349
1836,0.9180000,0.24126158654689789,0.31700000166893005
1837,0.9185000,0.24302595853805542,0.31889998912811279
1838,0.9190000,0.24475227296352386,0.32069998979568481
1839,0.9195000,0.24643129110336304,0.32240000367164612
1840,0.9200000,0.24805930256843567,0.32379999756813049
1841,0.9205000,0.24963448941707611,0.32510000467300415
1842,0.9210000,0.25115704536437988,0.32620000839233398
1843,0.9215000,0.25262787938117981,0.32699999213218689
1844,0.9220000,0.25404536724090576,0.32769998908042908
1845,0.9225000,0.25540587306022644,0.32820001244544983
1846,0.9230000,0.25670447945594788,0.32839998602867126
1847,0.9235000,0.2579352855682373,0.32839998602867126
1848,0.9240000,0.2590869665145874,0.32829999923706055
1849,0.9245000,0.26014882326126099,0.32780000567436218
1850,0.9250000,0.26112273335456848,0.32719999551773071
1851,0.9255000,0.26201432943344116,0.3262999951839447
1852,0.9260000,0.26282373070716858,0.32519999146461487
1853,0.9265000,0.26354950666427612,0.3239000141620636
1854,0.9270000,0.26418817043304443,0.32229998707771301
1855,0.9275000,0.26473432779312134,0.32049998641014099
1856,0.9280000,0.26517766714096069,0.31850001215934753
1857,0.9285000,0.26551035046577454,0.31619998812675476
1858,0.9290000,0.26573589444160461,0.31369999051094055
1859,0.9295000,0.26585662364959717,0.3109000027179718
1860,0.9300000,0.26587146520614624,0.30799999833106995
1861,0.9305000,0.26578295230865479,0.30480000376701355
1862,0.9310000,0.2655920684337616,0.30140000581741333
1863,0.9315000,0.26529309153556824,0.29780000448226929
1864,0.9320000,0.26488023996353149,0.29399999976158142
1865,0.9325000,0.26435229182243347,0.28990000486373901
1866,0.9330000,0.26370948553085327,0.2856999933719635
1867,0.9335000,0.26295185089111328,0.28130000829696655
1868,0.9340000,0.26207917928695679,0.27669999003410339
1869,0.9345000,0.26109039783477783,0.2718999981880188
1870,0.9350000,0.25998255610466003,0.26690000295639038
1871,0.9355000,0.25875526666641235,0.26170000433921814
1872,0.9360000,0.25741076469421387,0.25639998912811279
1873,0.9365000,0.25594469904899597,0.25099998712539673
1874,0.9370000,0.25434991717338562,0.24539999663829803
1875,0.9375000,0.25262662768363953,0.23960000276565552
1876,0.9380000,0.25077587366104126,0.23379999399185181
1877,0.9385000,0.24879507720470428,0.22779999673366547
1878,0.9390000,0.24668207764625549,0.22169999778270721
1879,0.9395000,0.24443738162517548,0.21549999713897705
1880,0.9400000,0.24207046627998352,0.20919999480247498
1881,0.9405000,0.23959323763847351,0.20280000567436218
1882,0.9410000,0.23701001703739166,0.1964000016450882
1883,0.9415000,0.23432172834873199,0.18979999423027039
1884,0.9420000,0.23152738809585571,0.18330000340938568
1885,0.9425000,0.22862906754016876,0.17659999430179596
1886,0.9430000,0.22563107311725616,0.16990000009536743
1887,0.9435000,0.22253395617008209,0.1632000058889389
1888,0.9440000,0.21933701634407043,0.15649999678134918
1889,0.9445000,0.21603648364543915,0.14980000257492065
1890,0.9450000,0.21263375878334045,0.14300000667572021
1891,0.9455000,0.20913667976856232,0.13619999587535858
1892,0.9460000,0.2055482417345047,0.12950000166893005
1893,0.9465000,0.20187081396579742,0.12280000001192093
1894,0.9470000,0.19810697436332703,0.11599999666213989
1895,0.9475000,0.19425684213638306,0.10930000245571136
1896,0.9480000,0.19032390415668488,0.10270000249147415
1897,0.9485000,0.18631437420845032,0.096100002527236938
1898,0.9490000,0.18223157525062561,0.089500002562999725
1899,0.9495000,0.1780787855386734,0.082999996840953827
1900,0.9500000,0.17385944724082947,0.076499998569488525
1901,0.9505000,0.16957755386829376,0.070100001990795135
1902,0.9510000,0.16523800790309906,0.06379999965429306
1903,0.9515000,0.16084113717079163,0.057599999010562897
1904,0.9520000,0.15638653934001923,0.051399998366832733
1905,0.9525000,0.15187902748584747,0.045299999415874481
1906,0.9530000,0.14732466638088226,0.039299998432397842
1907,0.9535000,0.14272427558898926,0.033399999141693115
1908,0.9540000,0.13807925581932068,0.02759999968111515
1909,0.9545000,0.1333964467048645,0.021800000220537186
1910,0.9550000,0.12868112325668335,0.016200000420212746
1911,0.9555000,0.12393578141927719,0.010700000450015068
1912,0.9560000,0.11916794627904892,0.0052999998442828655
1913,0.9565000,0.11438736319541931,-0
1914,0.9570000,0.1095978319644928,-0.0052000000141561031
1915,0.9575000,0.10480125248432159,-0.010300000198185444
1916,0.9580000,0.10000055283308029,-0.015300000086426735
1917,0.9585000,0.095200270414352417,-0.020099999383091927
1918,0.9590000,0.090403318405151367,-0.024900000542402267
1919,0.9595000,0.085610561072826385,-0.029500000178813934
1920,0.9600000,0.080826789140701294,-0.034000001847743988
1921,0.9605000,0.076054863631725311,-0.03840000182390213
1922,0.9610000,0.071294263005256653,-0.042700000107288361
1923,0.9615000,0.06654636561870575,-0.046900000423192978
1924,0.9620000,0.061810679733753204,-0.05090000107884407
1925,0.9625000,0.057089813053607941,-0.054900001734495163
1926,0.9630000,0.052390173077583313,-0.058699999004602432
1927,0.9635000,0.047714676707983017,-0.062399998307228088
1928,0.9640000,0.043068874627351761,-0.065999999642372131
1929,0.9645000,0.038463238626718521,-0.069499999284744263
1930,0.9650000,0.033903241157531738,-0.072899997234344482
1931,0.9655000,0.029385372996330261,-0.076200000941753387
1932,0.9660000,0.024908654391765594,-0.079400002956390381
1933,0.9665000,0.020477816462516785,-0.082500003278255463
1934,0.9670000,0.016094321385025978,-0.085600003600120544
1935,0.9675000,0.011757340282201767,-0.088500000536441803
1936,0.9680000,0.0074712419882416725,-0.091300003230571747
1937,0.9685000,0.0032463967800140381,-0.094099998474121094
1938,0.9690000,-0.00091218249872326851,-0.096699997782707214
1939,0.9695000,-0.0050070616416633129,-0.099299997091293335
1940,0.9700000,-0.0090404544025659561,-0.10189999639987946
1941,0.9705000,-0.013012435287237167,-0.10429999977350235
1942,0.9710000,-0.016921672970056534,-0.10670000314712524
1943,0.9715000,-0.020767135545611382,-0.10899999737739563
1944,0.9720000,-0.024547692388296127,-0.11129999905824661
1945,0.9725000,-0.028261447325348854,-0.11349999904632568
1946,0.9730000,-0.031907320022583008,-0.11569999903440475
1947,0.9735000,-0.035485707223415375,-0.11779999732971191
1948,0.9740000,-0.038995884358882904,-0.11990000307559967
1949,0.9745000,-0.042435161769390106,-0.12189999967813492
1950,0.9750000,-0.045801412314176559,-0.12389999628067017
1951,0.9755000,-0.049094140529632568,-0.12590000033378601
1952,0.9760000,-0.052316967397928238,-0.12780000269412994
1953,0.9765000,-0.055477019399404526,-0.12970000505447388
1954,0.9770000,-0.058576930314302444,-0.1315000057220459
1955,0.9775000,-0.061615586280822754,-0.13339999318122864
1956,0.9780000,-0.064592026174068451,-0.13519999384880066
1957,0.9785000,-0.067502856254577637,-0.13699999451637268
1958,0.9790000,-0.070345312356948853,-0.13869999349117279
1959,0.9795000,-0.073118887841701508,-0.14049999415874481
1960,0.9800000,-0.075826376676559448,-0.14219999313354492
1961,0.9805000,-0.078473947942256927,-0.14390000700950623
1962,0.9810000,-0.081064410507678986,-0.14550000429153442
1963,0.9815000,-0.083597756922245026,-0.14720000326633453
1964,0.9820000,-0.086073704063892365,-0.14880000054836273
1965,0.9825000,-0.088490433990955353,-0.15039999783039093
1966,0.9830000,-0.090847291052341461,-0.15189999341964722
1967,0.9835000,-0.093144685029983521,-0.1534000039100647
1968,0.9840000,-0.095382526516914368,-0.15489999949932098
1969,0.9845000,-0.097561493515968323,-0.15639999508857727
1970,0.9850000,-0.099681928753852844,-0.15780000388622284
1971,0.9855000,-0.10174515098333359,-0.1590999960899353
1972,0.9860000,-0.10375297069549561,-0.16050000488758087
1973,0.9865000,-0.10570403933525085,-0.16169999539852142
1974,0.9870000,-0.10759824514389038,-0.16300000250339508
1975,0.9875000,-0.10943832993507385,-0.16410000622272491
1976,0.9880000,-0.11122577637434006,-0.16519999504089355
1977,0.9885000,-0.11296112835407257,-0.16629999876022339
1978,0.9890000,-0.1146453469991684,-0.16730000078678131
1979,0.9895000,-0.11628000438213348,-0.16820000112056732
1980,0.9900000,-0.11786538362503052,-0.16910000145435333
1981,0.9905000,-0.11940070241689682,-0.16990000009536743
1982,0.9910000,-0.1208868995308876,-0.17059999704360962
1983,0.9915000,-0.12232509255409241,-0.17129999399185181
1984,0.9920000,-0.12371715903282166,-0.17180000245571136
1985,0.9925000,-0.12506559491157532,-0.17229999601840973
1986,0.9930000,-0.12637129426002502,-0.17270000278949738
1987,0.9935000,-0.12763527035713196,-0.17309999465942383
1988,0.9940000,-0.12885874509811401,-0.17329999804496765
1989,0.9945000,-0.13004171848297119,-0.17350000143051147
1990,0.9950000,-0.13118341565132141,-0.17350000143051147
1991,0.9955000,-0.13228419423103333,-0.17350000143051147
1992,0.9960000,-0.1333429217338562,-0.17339999973773956
1993,0.9965000,-0.13435736298561096,-0.17329999804496765
1994,0.9970000,-0.13532820343971252,-0.17299999296665192
1995,0.9975000,-0.13625630736351013,-0.17270000278949738
1996,0.9980000,-0.13714158535003662,-0.17219999432563782
1997,0.9985000,-0.13798359036445618,-0.17170000076293945
1998,0.9990000,-0.13878171145915985,-0.17120000720024109
1999,0.9995000,-0.13953632116317749,-0.17049999535083771
2000,1.0000000,-0.14024755358695984,-0.16979999840259552
2001,1.0005000,-0.14091522991657257,-0.16899999976158142
2002,1.0010000,-0.14153942465782166,-0.16820000112056732
2003,1.0015000,-0.14212135970592499,-0.1671999990940094
2004,1.0020000,-0.14266400039196014,-0.16629999876022339
2005,1.0025000,-0.14316865801811218,-0.16529999673366547
2006,1.0030000,-0.1436353325843811,-0.16419999301433563
2007,1.0035000,-0.14406484365463257,-0.16310000419616699
2008,1.0040000,-0.1444593071937561,-0.16189999878406525
2009,1.0045000,-0.14482170343399048,-0.16079999506473541
2010,1.0050000,-0.1451534628868103,-0.15950000286102295
2011,1.0055000,-0.14545546472072601,-0.1582999974489212
2012,1.0060000,-0.14572937786579132,-0.15710000693798065
2013,1.0065000,-0.14597664773464203,-0.15579999983310699
2014,1.0070000,-0.1461976021528244,-0.15449999272823334
2015,1.0075000,-0.14639213681221008,-0.15320000052452087
2016,1.0080000,-0.14655989408493042,-0.15199999511241913
2017,1.0085000,-0.14670011401176453,-0.15070000290870667
2018,1.0090000,-0.1468115895986557,-0.14939999580383301
2019,1.0095000,-0.14689342677593231,-0.14820000529289246
2020,1.0100000,-0.1469479501247406,-0.14699999988079071
2021,1.0105000,-0.1469772607088089,-0.14579999446868896
2022,1.0110000,-0.14697910845279694,-0.14460000395774841
2023,1.0115000,-0.14694893360137939,-0.14350000023841858
2024,1.0120000,-0.14688792824745178,-0.14239999651908875
2025,1.0125000,-0.14680328965187073,-0.14129999279975891
2026,1.0130000,-0.14669705927371979,-0.14030000567436218
2027,1.0135000,-0.14656764268875122,-0.13930000364780426
2028,1.0140000,-0.14641523361206055,-0.13840000331401825
2029,1.0145000,-0.1462390273809433,-0.13750000298023224
2030,1.0150000,-0.1460358202457428,-0.13670000433921814
2031,1.0155000,-0.14580166339874268,-0.13590000569820404
2032,1.0160000,-0.14553602039813995,-0.13510000705718994
2033,1.0165000,-0.14524142444133759,-0.13439999520778656
2034,1.0170000,-0.14491838216781616,-0.13379999995231628
2035,1.0175000,-0.1445661187171936,-0.13320000469684601
2036,1.0180000,-0.14418663084506989,-0.13259999454021454
2037,1.0185000,-0.14378157258033752,-0.13210000097751617
2038,1.0190000,-0.14335037767887115,-0.13169999420642853
2039,1.0195000,-0.14289259910583496,-0.13130000233650208
2040,1.0200000,-0.1424071192741394,-0.13089999556541443
2041,1.0205000,-0.14189331233501434,-0.13050000369548798
2042,1.0210000,-0.14135162532329559,-0.13019999861717224
2043,1.0215000,-0.14078392088413239,-0.12989999353885651
2044,1.0220000,-0.14019219577312469,-0.12960000336170197
2045,1.0225000,-0.13957741856575012,-0.12939999997615814
2046,1.0230000,-0.1389414519071579,-0.12909999489784241
2047,1.0235000,-0.13828465342521667,-0.12890000641345978
2048,1.0240000,-0.13760568201541901,-0.12870000302791595
2049,1.0245000,-0.13690511882305145,-0.12839999794960022
2050,1.0250000,-0.13618502020835876,-0.1281999945640564
2051,1.0255000,-0.13544392585754395,-0.12800000607967377
2052,1.0260000,-0.13467869162559509,-0.12770000100135803
2053,1.0265000,-0.13389107584953308,-0.1273999959230423
2054,1.0270000,-0.13308560848236084,-0.12710000574588776
2055,1.0275000,-0.13226258754730225,-0.12680000066757202
2056,1.0280000,-0.13141748309135437,-0.12639999389648438
2057,1.0285000,-0.13054676353931427,-0.12600000202655792
2058,1.0290000,-0.12965172529220581,-0.12549999356269836
2059,1.0295000,-0.12873432040214539,-0.125
2060,1.0300000,-0.12779387831687927,-0.12449999898672104
2061,1.0305000,-0.12682947516441345,-0.12389999628067017
2062,1.0310000,-0.12584167718887329,-0.12319999933242798
2063,1.0315000,-0.12483079731464386,-0.12250000238418579
2064,1.0320000,-0.12379195541143417,-0.12169999629259109
2065,1.0325000,-0.12272019684314728,-0.12080000340938568
2066,1.0330000,-0.12161888182163239,-0.11990000307559967
2067,1.0335000,-0.1204933226108551,-0.11890000104904175
2068,1.0340000,-0.11934436857700348,-0.11789999902248383
2069,1.0345000,-0.11817067116498947,-0.11680000275373459
2070,1.0350000,-0.11697188764810562,-0.11559999734163284
2071,1.0355000,-0.11574824154376984,-0.11439999938011169
2072,1.0360000,-0.11449369788169861,-0.11309999972581863
2073,1.0365000,-0.11319779604673386,-0.11180000007152557
2074,1.0370000,-0.11185815930366516,-0.1103999987244606
2075,1.0375000,-0.11047931760549545,-0.10890000313520432
2076,1.0380000,-0.10906387865543365,-0.10750000178813934
2077,1.0385000,-0.10761257261037827,-0.10599999874830246
2078,1.0390000,-0.1061263307929039,-0.10440000146627426
2079,1.0395000,-0.10460703819990158,-0.10279999673366547
2080,1.0400000,-0.10305286198854446,-0.10130000114440918
2081,1.0405000,-0.10145945101976395,-0.099699996411800385
2082,1.0410000,-0.099829748272895813,-0.098099999129772186
2083,1.0415000,-0.098170578479766846,-0.096500001847743988
2084,1.0420000,-0.09648575633764267,-0.094899997115135193
2085,1.0425000,-0.094777487218379974,-0.093299999833106995
2086,1.0430000,-0.093048147857189178,-0.091799996793270111
2087,1.0435000,-0.091300942003726959,-0.090300001204013824
2088,1.0440000,-0.089538060128688812,-0.088899999856948853
2089,1.0445000,-0.087760388851165771,-0.087499998509883881
2090,1.0450000,-0.085972994565963745,-0.086099997162818909
2091,1.0455000,-0.084182418882846832,-0.08489999920129776
2092,1.0460000,-0.082390524446964264,-0.083700001239776611
2093,1.0465000,-0.080599419772624969,-0.082599997520446777
2094,1.0470000,-0.078813619911670685,-0.081600002944469452
2095,1.0475000,-0.077036358416080475,-0.080700002610683441
2096,1.0480000,-0.075272433459758759,-0.079899996519088745
2097,1.0485000,-0.073529079556465149,-0.079199999570846558
2098,1.0490000,-0.071814991533756256,-0.078599996864795685
2099,1.0495000,-0.070137873291969299,-0.078100003302097321
2100,1.0500000,-0.068499922752380371,-0.077699996531009674
2101,1.0505000,-0.066903054714202881,-0.077500000596046448
2102,1.0510000,-0.065351732075214386,-0.077299997210502625
2103,1.0515000,-0.063850328326225281,-0.077299997210502625
2104,1.0520000,-0.06240207701921463,-0.077399998903274536
2105,1.0525000,-0.061006873846054077,-0.077600002288818359
2106,1.0530000,-0.059664331376552582,-0.077799998223781586
2107,1.0535000,-0.058377709239721298,-0.078199997544288635
2108,1.0540000,-0.057150308042764664,-0.078599996864795685
2109,1.0545000,-0.055983144789934158,-0.079099997878074646
2110,1.0550000,-0.05487501248717308,-0.079700000584125519
2111,1.0555000,-0.053825531154870987,-0.080300003290176392
2112,1.0560000,-0.052837688475847244,-0.080899998545646667
2113,1.0565000,-0.051911782473325729,-0.08150000125169754
2114,1.0570000,-0.05104442685842514,-0.082000002264976501
2115,1.0575000,-0.050234436988830566,-0.082599997520446777
2116,1.0580000,-0.049480337649583817,-0.082999996840953827
2117,1.0585000,-0.04877852275967598,-0.083400003612041473
2118,1.0590000,-0.048125706613063812,-0.0835999995470047
2119,1.0595000,-0.047517899423837662,-0.083700001239776611
2120,1.0600000,-0.04695553332567215,-0.0835999995470047
2121,1.0605000,-0.046441853046417236,-0.083300001919269562
2122,1.0610000,-0.045972395688295364,-0.082699999213218689
2123,1.0615000,-0.045537617057561874,-0.081799998879432678
2124,1.0620000,-0.045125797390937805,-0.08060000091791153
2125,1.0625000,-0.044725272804498672,-0.079099997878074646
2126,1.0630000,-0.04433070495724678,-0.077100001275539398
2127,1.0635000,-0.043934199959039688,-0.074699997901916504
2128,1.0640000,-0.043517265468835831,-0.071800000965595245
2129,1.0645000,-0.043059613555669785,-0.068400003015995026
2130,1.0650000,-0.042542219161987305,-0.064499996602535248
2131,1.0655000,-0.041947294026613235,-0.059900000691413879
2132,1.0660000,-0.041259519755840302,-0.05469999834895134
2133,1.0665000,-0.040459234267473221,-0.048900000751018524
2134,1.0670000,-0.039525367319583893,-0.042300000786781311
2135,1.0675000,-0.03843853622674942,-0.035000000149011612
2136,1.0680000,-0.037179894745349884,-0.026900000870227814
2137,1.0685000,-0.035725560039281845,-0.017999999225139618
2138,1.0690000,-0.034042954444885254,-0.0082000000402331352
2139,1.0695000,-0.032100819051265717,0.0024000001139938831
2140,1.0700000,-0.029874783009290695,0.013899999670684338
2141,1.0705000,-0.027342798188328743,0.02630000002682209
2142,1.0710000,-0.024483652785420418,0.039599999785423279
2143,1.0715000,-0.021282121539115906,0.053899999707937241
2144,1.0720000,-0.017709070816636086,0.069099999964237213
2145,1.0725000,-0.013713743537664413,0.08529999852180481
2146,1.0730000,-0.0092556476593017578,0.10249999910593033
2147,1.0735000,-0.0043130088597536087,0.12060000002384186
2148,1.0740000,0.0011329343542456627,0.1395999938249588
2149,1.0745000,0.007101127877831459,0.15960000455379486
2150,1.0750000,0.013609969988465309,0.18050000071525574
2151,1.0755000,0.020675871521234512,0.20219999551773071
2152,1.0760000,0.028314929455518723,0.22480000555515289
2153,1.0765000,0.036548011004924774,0.24830000102519989
2154,1.0770000,0.04539128765463829,0.27250000834465027
2155,1.0775000,0.054853729903697968,0.29750001430511475
2156,1.0780000,0.064946621656417847,0.32310000061988831
2157,1.0785000,0.075681343674659729,0.34940001368522644
2158,1.0790000,0.087067626416683197,0.37619999051094055
2159,1.0795000,0.099119886755943298,0.40349999070167542
2160,1.0800000,0.11184293776750565,0.43119999766349792
2161,1.0805000,0.12521687150001526,0.45919999480247498
2162,1.0810000,0.13922077417373657,0.48750001192092896
2163,1.0815000,0.15384784340858459,0.51590001583099365
2164,1.0820000,0.16909226775169373,0.54439997673034668
2165,1.0825000,0.18493829667568207,0.57289999723434448
2166,1.0830000,0.20137080550193787,0.60119998455047607
2167,1.0835000,0.21838365495204926,0.62929999828338623
2168,1.0840000,0.23596324026584625,0.65700000524520874
2169,1.0845000,0.25409179925918579,0.6843000054359436
2170,1.0850000,0.27274918556213379,0.71100002527236938
2171,1.0855000,0.29190629720687866,0.7369999885559082
2172,1.0860000,0.31152644753456116,0.7621999979019165
2173,1.0865000,0.33156105875968933,0.78649997711181641
2174,1.0870000,0.35195693373680115,0.80970001220703125
2175,1.0875000,0.37267085909843445,0.83190000057220459
2176,1.0880000,0.3936602771282196,0.85269999504089355
2177,1.0885000,0.41486397385597229,0.87220001220703125
2178,1.0890000,0.4362156093120575,0.89020001888275146
2179,1.0895000,0.45765113830566406,0.90659999847412109
2180,1.0900000,0.47910252213478088,0.92140001058578491
2181,1.0905000,0.50050032138824463,0.9343000054359436
2182,1.0910000,0.52177941799163818,0.94539999961853027
2183,1.0915000,0.54287397861480713,0.95450001955032349
2184,1.0920000,0.56370449066162109,0.96160000562667847
2185,1.0925000,0.58419221639633179,0.96660000085830688
2186,1.0930000,0.60427278280258179,0.96929997205734253
2187,1.0935000,0.6238904595375061,0.96990001201629639
2188,1.0940000,0.64298635721206665,0.96810001134872437
2189,1.0945000,0.66148310899734497,0.96399998664855957
2190,1.0950000,0.67929363250732422,0.95749998092651367
2191,1.0955000,0.69633948802947998,0.94859999418258667
2192,1.0960000,0.71254199743270874,0.93730002641677856
2193,1.0965000,0.72782003879547119,0.92360001802444458
2194,1.0970000,0.74209856986999512,0.90740001201629639
2195,1.0975000,0.75530850887298584,0.88880002498626709
2196,1.0980000,0.76738804578781128,0.86779999732971191
2197,1.0985000,0.77828341722488403,0.84439998865127563
2198,1.0990000,0.78794509172439575,0.81859999895095825
2199,1.0995000,0.79632395505905151,0.7906000018119812
2200,1.1000000,0.80335652828216553,0.76029998064041138
2201,1.1005000,0.8089594841003418,0.72790002822875977
2202,1.1010000,0.81307405233383179,0.69340002536773682
2203,1.1015000,0.81567162275314331,0.65689998865127563
2204,1.1020000,0.81672477722167969,0.618399977684021
2205,1.1025000,0.81620246171951294,0.57819998264312744
2206,1.1030000,0.81406539678573608,0.53619998693466187
2207,1.1035000,0.81028056144714355,0.4927000105381012
2208,1.1040000,0.80484676361083984,0.44760000705718994
2209,1.1045000,0.79778522253036499,0.40130001306533813
2210,1.1050000,0.7890968918800354,0.35370001196861267
2211,1.1055000,0.7787703275680542,0.30509999394416809
2212,1.1060000,0.76681506633758545,0.25549998879432678
2213,1.1065000,0.75324434041976929,0.20509999990463257
2214,1.1070000,0.73805981874465942,0.15410000085830688
2215,1.1075000,0.72126996517181396,0.10270000249147415
2216,1.1080000,0.70287483930587769,0.05090000107884407
2217,1.1085000,0.68286716938018799,-0.0010999999940395355
2218,1.1090000,0.66127175092697144,-0.053100001066923141
2219,1.1095000,0.63812881708145142,-0.10490000247955322
2220,1.1100000,0.61348563432693481,-0.15649999678134918
2221,1.1105000,0.58739638328552246,-0.20759999752044678
2222,1.1110000,0.55990809202194214,-0.2581000030040741
2223,1.1115000,0.53108030557632446,-0.30779999494552612
2224,1.1120000,0.50098699331283569,-0.35670000314712524
2225,1.1125000,0.46969863772392273,-0.40459999442100525
2226,1.1130000,0.437286376953125,-0.4512999951839447
2227,1.1135000,0.40382891893386841,-0.49660000205039978
2228,1.1140000,0.36940827965736389,-0.5406000018119812
2229,1.1145000,0.33410528302192688,-0.58310002088546753
2230,1.1150000,0.29800784587860107,-0.62389999628067017
2231,1.1155000,0.26121744513511658,-0.66289997100830078
2232,1.1160000,0.22383183240890503,-0.70010000467300415
2233,1.1165000,0.18594056367874146,-0.73540002107620239
2234,1.1170000,0.14764155447483063,-0.7685999870300293
2235,1.1175000,0.10903671383857727,-0.79979997873306274
2236,1.1180000,0.07022230327129364,-0.82870000600814819
2237,1.1185000,0.031294256448745728,-0.8554999828338623
2238,1.1190000,-0.0076505132019519806,-0.87999999523162842
2239,1.1195000,-0.046507883816957474,-0.90219998359680176
2240,1.1200000,-0.08518703281879425,-0.92199999094009399
2241,1.1205000,-0.12361498177051544,-0.93949997425079346
2242,1.1210000,-0.16169703006744385,-0.95469999313354492
2243,1.1215000,-0.19933138787746429,-0.96740001440048218
2244,1.1220000,-0.23642741143703461,-0.97780001163482666
2245,1.1225000,-0.27289122343063354,-0.98580002784729004
2246,1.1230000,-0.3086247444152832,-0.99140000343322754
2247,1.1235000,-0.34352982044219971,-0.99470001459121704
2248,1.1240000,-0.37751215696334839,-0.99580001831054688
2249,1.1245000,-0.41048136353492737,-0.99459999799728394
2250,1.1250000,-0.44235450029373169,-0.99119997024536133
2251,1.1255000,-0.47306349873542786,-0.98559999465942383
2252,1.1260000,-0.50255417823791504,-0.9779999852180481
2253,1.1265000,-0.53077322244644165,-0.96840000152587891
2254,1.1270000,-0.55765879154205322,-0.95690000057220459
2255,1.1275000,-0.58314543962478638,-0.94340002536773682
2256,1.1280000,-0.6071745753288269,-0.92830002307891846
2257,1.1285000,-0.62969225645065308,-0.91140002012252808
2258,1.1290000,-0.65064889192581177,-0.89289999008178711
2259,1.1295000,-0.67001396417617798,-0.87290000915527344
2260,1.1300000,-0.68777334690093994,-0.85149997472763062
2261,1.1305000,-0.70391660928726196,-0.8288000226020813
2262,1.1310000,-0.71843123435974121,-0.80489999055862427
2263,1.1315000,-0.7312997579574585,-0.77990001440048218
2264,1.1320000,-0.74250245094299316,-0.75379997491836548
2265,1.1325000,-0.7520289421081543,-0.72689998149871826
2266,1.1330000,-0.75988179445266724,-0.69919997453689575
2267,1.1335000,-0.76606887578964233,-0.67079997062683105
2268,1.1340000,-0.77060580253601074,-0.64190000295639038
2269,1.1345000,-0.77351856231689453,-0.61239999532699585
2270,1.1350000,-0.77483421564102173,-0.58259999752044678
2271,1.1355000,-0.77457559108734131,-0.55250000953674316
2272,1.1360000,-0.77276831865310669,-0.52219998836517334
2273,1.1365000,-0.76944798231124878,-0.49180001020431519
2274,1.1370000,-0.76465708017349243,-0.46140000224113464
2275,1.1375000,-0.75844299793243408,-0.43119999766349792
2276,1.1380000,-0.75085747241973877,-0.40110000967979431
2277,1.1385000,-0.7419511079788208,-0.37130001187324524
2278,1.1390000,-0.73177534341812134,-0.34180000424385071
2279,1.1395000,-0.72038125991821289,-0.31270000338554382
2280,1.1400000,-0.70783567428588867,-0.28420001268386841
2281,1.1405000,-0.69421792030334473,-0.25619998574256897
2282,1.1410000,-0.6795925498008728,-0.22879999876022339
2283,1.1415000,-0.66402339935302734,-0.2020999938249588
2284,1.1420000,-0.64757400751113892,-0.1761000007390976
2285,1.1425000,-0.63029849529266357,-0.15090000629425049
2286,1.1430000,-0.61226040124893188,-0.12649999558925629
2287,1.1435000,-0.5935370922088623,-0.10289999842643738
2288,1.1440000,-0.57420432567596436,-0.080300003290176392
2289,1.1445000,-0.55432581901550293,-0.058600001037120819
2290,1.1450000,-0.5339629054069519,-0.037799999117851257
2291,1.1455000,-0.51318442821502686,-0.017899999395012856
2292,1.1460000,-0.49205753207206726,0.00089999998454004526
2293,1.1465000,-0.47064611315727234,0.018799999728798866
2294,1.1470000,-0.44901341199874878,0.035700000822544098
2295,1.1475000,-0.42722326517105103,0.051600001752376556
2296,1.1480000,-0.4053347110748291,0.066500000655651093
2297,1.1485000,-0.38339945673942566,0.080399997532367706
2298,1.1490000,-0.36147794127464294,0.093400001525878906
2299,1.1495000,-0.33963552117347717,0.10540000349283218
2300,1.1500000,-0.31792101263999939,0.11640000343322754
2301,1.1505000,-0.29637458920478821,0.1265999972820282
2302,1.1510000,-0.27504387497901917,0.13580000400543213
2303,1.1515000,-0.25397995114326477,0.14409999549388885
2304,1.1520000,-0.23321744799613953,0.15160000324249268
2305,1.1525000,-0.21277469396591187,0.1582999974489212
2306,1.1530000,-0.19268462061882019,0.16419999301433563
2307,1.1535000,-0.17299278080463409,0.16930000483989716
2308,1.1540000,-0.15373918414115906,0.17360000312328339
2309,1.1545000,-0.13495270907878876,0.17730000615119934
2310,1.1550000,-0.11665889620780945,0.18039999902248383
2311,1.1555000,-0.098886214196681976,0.18279999494552612
2312,1.1560000,-0.081652000546455383,0.18459999561309814
2313,1.1565000,-0.064967237412929535,0.1859000027179718
2314,1.1570000,-0.048850707709789276,0.18659999966621399
2315,1.1575000,-0.033319447189569473,0.18690000474452972
2316,1.1580000,-0.018384024500846863,0.18680000305175781
2317,1.1585000,-0.0040573999285697937,0.18619999289512634
2318,1.1590000,0.0096472110599279404,0.18529999256134033
2319,1.1595000,0.022721128538250923,0.18400000035762787
2320,1.1600000,0.035160485655069351,0.18250000476837158
2321,1.1605000,0.046969681978225708,0.18070000410079956
2322,1.1610000,0.058154717087745667,0.17870000004768372
2323,1.1615000,0.068720042705535889,0.17649999260902405
2324,1.1620000,0.078673496842384338,0.17409999668598175
2325,1.1625000,0.088020622730255127,0.17149999737739563
2326,1.1630000,0.096764706075191498,0.16889999806880951
2327,1.1635000,0.10491098463535309,0.16619999706745148
2328,1.1640000,0.11246182769536972,0.16339999437332153
2329,1.1645000,0.11941547691822052,0.16060000658035278
2330,1.1650000,0.12577784061431885,0.15780000388622284
2331,1.1655000,0.13156822323799133,0.1550000011920929
2332,1.1660000,0.13680556416511536,0.15219999849796295
2333,1.1665000,0.14150343835353851,0.14949999749660492
2334,1.1670000,0.14568354189395905,0.14679999649524689
2335,1.1675000,0.14936517179012299,0.14429999887943268
2336,1.1680000,0.15256012976169586,0.14180000126361847
2337,1.1685000,0.15529343485832214,0.13940000534057617
2338,1.1690000,0.15759745240211487,0.13709999620914459
2339,1.1695000,0.15949945151805878,0.13490000367164612
2340,1.1700000,0.16102096438407898,0.13289999961853027
2341,1.1705000,0.16217972338199615,0.13099999725818634
2342,1.1710000,0.16299630701541901,0.12929999828338623
2343,1.1715000,0.16349431872367859,0.12770000100135803
2344,1.1720000,0.16369278728961945,0.12620000541210175
2345,1.1725000,0.16360817849636078,0.12489999830722809
2346,1.1730000,0.16326050460338593,0.12380000203847885
2347,1.1735000,0.16267493367195129,0.12280000001192093
2348,1.1740000,0.16187815368175507,0.12200000137090683
2349,1.1745000,0.16088901460170746,0.12129999697208405
2350,1.1750000,0.15972362458705902,0.12070000171661377
2351,1.1755000,0.15840183198451996,0.12030000239610672
2352,1.1760000,0.15694922208786011,0.1200999990105629
2353,1.1765000,0.15539547801017761,0.11990000307559967
2354,1.1770000,0.15376274287700653,0.11990000307559967
2355,1.1775000,0.15206579864025116,0.1200999990105629
2356,1.1780000,0.15031769871711731,0.12030000239610672
2357,1.1785000,0.14852972328662872,0.12070000171661377
2358,1.1790000,0.14671117067337036,0.12110000103712082
2359,1.1795000,0.1448739767074585,0.12169999629259109
2360,1.1800000,0.14303350448608398,0.12229999899864197
2361,1.1805000,0.1412038654088974,0.12309999763965607
2362,1.1810000,0.13939732313156128,0.12389999628067017
2363,1.1815000,0.13762077689170837,0.12479999661445618
2364,1.1820000,0.13587872684001923,0.12569999694824219
2365,1.1825000,0.13418048620223999,0.12669999897480011
2366,1.1830000,0.1325366348028183,0.12780000269412994
2367,1.1835000,0.13095441460609436,0.12890000641345978
2368,1.1840000,0.12943634390830994,0.12999999523162842
2369,1.1845000,0.12798641622066498,0.13109999895095825
2370,1.1850000,0.12661135196685791,0.13230000436306
2371,1.1855000,0.12531475722789764,0.13349999487400055
2372,1.1860000,0.12410140782594681,0.13470000028610229
2373,1.1865000,0.12297700345516205,0.13590000569820404
2374,1.1870000,0.1219409704208374,0.1371999979019165
2375,1.1875000,0.1209937185049057,0.13840000331401825
2376,1.1880000,0.12013911455869675,0.1395999938249588
2377,1.1885000,0.11937608569860458,0.14069999754428864
2378,1.1890000,0.11870238184928894,0.14190000295639038
2379,1.1895000,0.11811792850494385,0.14309999346733093
2380,1.1900000,0.11762139946222305,0.14419999718666077
2381,1.1905000,0.11721023917198181,0.1453000009059906
2382,1.1910000,0.11688322573900223,0.14630000293254852
2383,1.1915000,0.11663790047168732,0.14740000665187836
2384,1.1920000,0.11647649854421616,0.14839999377727509
2385,1.1925000,0.1164085790514946,0.1492999941110611
2386,1.1930000,0.11643613129854202,0.15029999613761902
2387,1.1935000,0.11655400693416595,0.15119999647140503
2388,1.1940000,0.11675447970628738,0.15199999511241913
2389,1.1945000,0.11702653020620346,0.15279999375343323
2390,1.1950000,0.11736296862363815,0.15360000729560852
2391,1.1955000,0.11776241660118103,0.15440000593662262
2392,1.1960000,0.11822660267353058,0.15510000288486481
2393,1.1965000,0.11875311285257339,0.15579999983310699
2394,1.1970000,0.11933156847953796,0.15639999508857727
2395,1.1975000,0.1199532076716423,0.15700000524520874
2396,1.1980000,0.12061392515897751,0.15760000050067902
2397,1.1985000,0.12130696326494217,0.15819999575614929
2398,1.1990000,0.12202294170856476,0.15870000422000885
2399,1.1995000,0.1227555051445961,0.15919999778270721
2400,1.2000000,0.12350717186927795,0.15970000624656677
2401,1.2005000,0.12428143620491028,0.16009999811649323
2402,1.2010000,0.12507018446922302,0.16060000658035278
2403,1.2015000,0.12586238980293274,0.16099999845027924
2404,1.2020000,0.12665560841560364,0.16140000522136688
2405,1.2025000,0.12744952738285065,0.16179999709129333
2406,1.2030000,0.12823554873466492,0.16220000386238098
2407,1.2035000,0.12900461256504059,0.16259999573230743
2408,1.2040000,0.12975764274597168,0.16290000081062317
2409,1.2045000,0.1304972767829895,0.16329999268054962
2410,1.2050000,0.13121941685676575,0.16369999945163727
2411,1.2055000,0.13191661238670349,0.164000004529953
2412,1.2060000,0.13258466124534607,0.16439999639987946
2413,1.2065000,0.13322263956069946,0.1648000031709671
2414,1.2070000,0.13382932543754578,0.16509999334812164
2415,1.2075000,0.13440620899200439,0.16550000011920929
2416,1.2080000,0.13495220243930817,0.16590000689029694
2417,1.2085000,0.13545909523963928,0.16629999876022339
2418,1.2090000,0.13592150807380676,0.16670000553131104
2419,1.2095000,0.13634040951728821,0.16709999740123749
2420,1.2100000,0.13671918213367462,0.16750000417232513
2421,1.2105000,0.13706138730049133,0.16789999604225159
2422,1.2110000,0.13736864924430847,0.16840000450611115
2423,1.2115000,0.13764065504074097,0.1687999963760376
2424,1.2120000,0.13788618147373199,0.16930000483989716
2425,1.2125000,0.13812017440795898,0.16979999840259552
2426,1.2130000,0.13834580779075623,0.17030000686645508
2427,1.2135000,0.13856053352355957,0.17080000042915344
2428,1.2140000,0.13876357674598694,0.17139999568462372
2429,1.2145000,0.13895523548126221,0.17200000584125519
2430,1.2150000,0.13913615047931671,0.17249999940395355
2431,1.2155000,0.13930535316467285,0.17309999465942383
2432,1.2160000,0.13945998251438141,0.1737000048160553
2433,1.2165000,0.13959577679634094,0.17440000176429749
2434,1.2170000,0.1397116631269455,0.17499999701976776
2435,1.2175000,0.13980741798877716,0.17569999396800995
2436,1.2180000,0.13988456130027771,0.17640000581741333
2437,1.2185000,0.13994608819484711,0.17710000276565552
2438,1.2190000,0.13999266922473907,0.17779999971389771
2439,1.2195000,0.14002527296543121,0.1785999983549118
2440,1.2200000,0.14004404842853546,0.17929999530315399
2441,1.2205000,0.14005096256732941,0.18009999394416809
2442,1.2210000,0.14004887640476227,0.18089999258518219
2443,1.2215000,0.1400366872549057,0.18170000612735748
2444,1.2220000,0.14001590013504028,0.18260000646114349
2445,1.2225000,0.13999387621879578,0.1835000067949295
2446,1.2230000,0.13997593522071838,0.1843000054359436
2447,1.2235000,0.13996392488479614,0.18520000576972961
2448,1.2240000,0.1399577409029007,0.18610000610351562
2449,1.2245000,0.1399528980255127,0.18709999322891235
2450,1.2250000,0.13994380831718445,0.18799999356269836
2451,1.2255000,0.13992881774902344,0.18899999558925629
2452,1.2260000,0.1399119645357132,0.18999999761581421
2453,1.2265000,0.13989712297916412,0.19099999964237213
2454,1.2270000,0.13988430798053741,0.19200000166893005
2455,1.2275000,0.13987582921981812,0.19300000369548798
2456,1.2280000,0.1398775726556778,0.19410000741481781
2457,1.2285000,0.13989189267158508,0.19509999454021454
2458,1.2290000,0.13991263508796692,0.19619999825954437
2459,1.2295000,0.13993418216705322,0.19720000028610229
2460,1.2300000,0.13996107876300812,0.19830000400543213
2461,1.2305000,0.13999995589256287,0.19939999282360077
2462,1.2310000,0.14004857838153839,0.2004999965429306
2463,1.2315000,0.14010319113731384,0.20160000026226044
2464,1.2320000,0.14016535878181458,0.20270000398159027
2465,1.2325000,0.14023280143737793,0.20379999279975891
2466,1.2330000,0.14030067622661591,0.20479999482631683
2467,1.2335000,0.14036750793457031,0.20589999854564667
2468,1.2340000,0.14043536782264709,0.2070000022649765
2469,1.2345000,0.14050664007663727,0.20810000598430634
2470,1.2350000,0.14057908952236176,0.20919999480247498
2471,1.2355000,0.14065338671207428,0.2101999968290329
2472,1.2360000,0.1407334953546524,0.21130000054836273
2473,1.2365000,0.1408204585313797,0.21230000257492065
2474,1.2370000,0.14091546833515167,0.21340000629425049
2475,1.2375000,0.14101897180080414,0.21439999341964722
2476,1.2380000,0.14112934470176697,0.21539999544620514
2477,1.2385000,0.14124435186386108,0.21639999747276306
2478,1.2390000,0.14136365056037903,0.21729999780654907
2479,1.2395000,0.14148822426795959,0.21829999983310699
2480,1.2400000,0.14162038266658783,0.21920000016689301
2481,1.2405000,0.14176645874977112,0.22010000050067902
2482,1.2410000,0.14192864298820496,0.22089999914169312
2483,1.2415000,0.14210394024848938,0.22179999947547913
2484,1.2420000,0.14228999614715576,0.22259999811649323
2485,1.2425000,0.14248475432395935,0.22339999675750732
2486,1.2430000,0.14269028604030609,0.22419999539852142
2487,1.2435000,0.14290702342987061,0.2249000072479248
2488,1.2440000,0.14313170313835144,0.2257000058889389
2489,1.2445000,0.14336505532264709,0.22640000283718109
2490,1.2450000,0.14360702037811279,0.22699999809265137
2491,1.2455000,0.14385317265987396,0.22769999504089355
2492,1.2460000,0.14410102367401123,0.22830000519752502
2493,1.2465000,0.14435127377510071,0.2289000004529953
2494,1.2470000,0.14460563659667969,0.22949999570846558
2495,1.2475000,0.14486728608608246,0.23000000417232513
2496,1.2480000,0.14514079689979553,0.2304999977350235
2497,1.2485000,0.14542959630489349,0.23109999299049377
2498,1.2490000,0.14573238790035248,0.23149999976158142
2499,1.2495000,0.14604632556438446,0.23199999332427979
2500,1.2500000,0.14637042582035065,0.23250000178813934
2501,1.2505000,0.1467038094997406,0.2328999936580658
2502,1.2510000,0.14704476296901703,0.23330000042915344
2503,1.2515000,0.14738999307155609,0.23370000720024109
2504,1.2520000,0.14774239063262939,0.23409999907016754
2505,1.2525000,0.14811180531978607,0.23450000584125519
2506,1.2530000,0.14850234985351562,0.23489999771118164
2507,1.2535000,0.14891119301319122,0.23530000448226929
2508,1.2540000,0.14933651685714722,0.23569999635219574
2509,1.2545000,0.14978021383285522,0.23610000312328339
2510,1.2550000,0.15024107694625854,0.23649999499320984
2511,1.2555000,0.15071457624435425,0.2370000034570694
2512,1.2560000,0.1511995941400528,0.23739999532699585
2513,1.2565000,0.15169781446456909,0.2378000020980835
2514,1.2570000,0.15220978856086731,0.23829999566078186
2515,1.2575000,0.15273120999336243,0.23880000412464142
2516,1.2580000,0.15325815975666046,0.23929999768733978
2517,1.2585000,0.15379047393798828,0.23980000615119934
2518,1.2590000,0.1543278694152832,0.24040000140666962
2519,1.2595000,0.1548716276884079,0.24099999666213989
2520,1.2600000,0.15542280673980713,0.24160000681877136
2521,1.2605000,0.15598082542419434,0.24230000376701355
2522,1.2610000,0.15654559433460236,0.24300000071525574
2523,1.2615000,0.15711827576160431,0.24369999766349792
2524,1.2620000,0.15770143270492554,0.24449999630451202
2525,1.2625000,0.15829622745513916,0.24529999494552612
2526,1.2630000,0.15890063345432281,0.24619999527931213
2527,1.2635000,0.15951739251613617,0.24709999561309814
2528,1.2640000,0.16015300154685974,0.24799999594688416
2529,1.2645000,0.16080793738365173,0.24909999966621399
2530,1.2650000,0.1614794135093689,0.25009998679161072
2531,1.2655000,0.1621660590171814,0.25119999051094055
2532,1.2660000,0.1628681868314743,0.25240001082420349
2533,1.2665000,0.16358682513237,0.25360000133514404
2534,1.2670000,0.16432169079780579,0.2549000084400177
2535,1.2675000,0.16507090628147125,0.25619998574256897
2536,1.2680000,0.16583541035652161,0.25760000944137573
2537,1.2685000,0.16661946475505829,0.25900000333786011
2538,1.2690000,0.1674254983663559,0.26050001382827759
2539,1.2695000,0.16825263202190399,0.26199999451637268
2540,1.2700000,0.16909681260585785,0.26359999179840088
2541,1.2705000,0.16995637118816376,0.26530000567436218
2542,1.2710000,0.17083323001861572,0.26690000295639038
2543,1.2715000,0.17172814905643463,0.2687000036239624
2544,1.2720000,0.17263738811016083,0.27050000429153442
2545,1.2725000,0.1735558956861496,0.27230000495910645
2546,1.2730000,0.17448580265045166,0.27419999241828918
2547,1.2735000,0.17542903125286102,0.27610000967979431
2548,1.2740000,0.17638319730758667,0.27810001373291016
2549,1.2745000,0.17734839022159576,0.28009998798370361
2550,1.2750000,0.17832532525062561,0.28209999203681946
2551,1.2755000,0.17931392788887024,0.28420001268386841
2552,1.2760000,0.1803143322467804,0.28639999032020569
2553,1.2765000,0.18132813274860382,0.28850001096725464
2554,1.2770000,0.18235956132411957,0.29069998860359192
2555,1.2775000,0.18340806663036346,0.29289999604225159
2556,1.2780000,0.18446899950504303,0.29519999027252197
2557,1.2785000,0.18554438650608063,0.29750001430511475
2558,1.2790000,0.18663887679576874,0.29980000853538513
2559,1.2795000,0.18775297701358795,0.30210000276565552
2560,1.2800000,0.18888570368289948,0.30450001358985901
2561,1.2805000,0.19003717601299286,0.30680000782012939
2562,1.2810000,0.19120873510837555,0.3091999888420105
2563,1.2815000,0.19240066409111023,0.31159999966621399
2564,1.2820000,0.19361303746700287,0.31400001049041748
2565,1.2825000,0.19485020637512207,0.31639999151229858
2566,1.2830000,0.19611527025699615,0.31889998912811279
2567,1.2835000,0.19740183651447296,0.32129999995231628
2568,1.2840000,0.1987106055021286,0.32370001077651978
2569,1.2845000,0.2000553160905838,0.32620000839233398
2570,1.2850000,0.20144173502922058,0.32859998941421509
2571,1.2855000,0.20286890864372253,0.3310999870300293
2572,1.2860000,0.20433619618415833,0.33349999785423279
2573,1.2865000,0.20584316551685333,0.335999995470047
2574,1.2870000,0.20738925039768219,0.33840000629425049
2575,1.2875000,0.20896761119365692,0.34079998731613159
2576,1.2880000,0.21057745814323425,0.34330001473426819
2577,1.2885000,0.21222862601280212,0.34569999575614929
2578,1.2890000,0.21392366290092468,0.34810000658035278
2579,1.2895000,0.21565748751163483,0.35049998760223389
2580,1.2900000,0.21742607653141022,0.35289999842643738
2581,1.2905000,0.21922643482685089,0.35530000925064087
2582,1.2910000,0.22105488181114197,0.35769999027252197
2583,1.2915000,0.22290471196174622,0.36000001430511475
2584,1.2920000,0.22476886212825775,0.36239999532699585
2585,1.2925000,0.2266480028629303,0.36469998955726624
2586,1.2930000,0.22854861617088318,0.36710000038146973
2587,1.2935000,0.23047173023223877,0.36939999461174011
2588,1.2940000,0.23241248726844788,0.3718000054359436
2589,1.2945000,0.23436906933784485,0.37409999966621399
2590,1.2950000,0.23633912205696106,0.37639999389648438
2591,1.2955000,0.23832054436206818,0.37869998812675476
2592,1.2960000,0.24031989276409149,0.38109999895095825
2593,1.2965000,0.24234558641910553,0.38339999318122864
2594,1.2970000,0.24440088868141174,0.38569998741149902
2595,1.2975000,0.24648280441761017,0.38809999823570251
2596,1.2980000,0.24858769774436951,0.3903999924659729
2597,1.2985000,0.2507169246673584,0.39280000329017639
2598,1.2990000,0.2528691291809082,0.39509999752044678
2599,1.2995000,0.25503963232040405,0.39750000834465027
2600,1.3000000,0.25723028182983398,0.39989998936653137
2601,1.3005000,0.25945159792900085,0.40230000019073486
2602,1.3010000,0.26171046495437622,0.40470001101493835
2603,1.3015000,0.26400229334831238,0.40720000863075256
2604,1.3020000,0.26632037758827209,0.40970000624656677
2605,1.3025000,0.2686617374420166,0.41220000386238098
2606,1.3030000,0.27102547883987427,0.41470000147819519
2607,1.3035000,0.27341100573539734,0.4171999990940094
2608,1.3040000,0.27581685781478882,0.41980001330375671
2609,1.3045000,0.27824187278747559,0.42239999771118164
2610,1.3050000,0.28068572282791138,0.42509999871253967
2611,1.3055000,0.28314641118049622,0.42779999971389771
2612,1.3060000,0.28561908006668091,0.43050000071525574
2613,1.3065000,0.28809705376625061,0.43320000171661377
2614,1.3070000,0.29057833552360535,0.43599998950958252
2615,1.3075000,0.29306638240814209,0.43889999389648438
2616,1.3080000,0.29556199908256531,0.44170001149177551
2617,1.3085000,0.29806426167488098,0.44459998607635498
2618,1.3090000,0.3005719780921936,0.44760000705718994
2619,1.3095000,0.30308535695075989,0.45059999823570251
2620,1.3100000,0.30560851097106934,0.45359998941421509
2621,1.3105000,0.30814176797866821,0.45669999718666077
2622,1.3110000,0.31068173050880432,0.45980000495910645
2623,1.3115000,0.31322792172431946,0.46290001273155212
2624,1.3120000,0.31578680872917175,0.46610000729560852
2625,1.3125000,0.31836521625518799,0.46930000185966492
2626,1.3130000,0.32096174359321594,0.47260001301765442
2627,1.3135000,0.32357215881347656,0.47580000758171082
2628,1.3140000,0.32619693875312805,0.47909998893737793
2629,1.3145000,0.32883933186531067,0.48249998688697815
2630,1.3150000,0.33149898052215576,0.48579999804496765
2631,1.3155000,0.33417636156082153,0.48919999599456787
2632,1.3160000,0.33687156438827515,0.49259999394416809
2633,1.3165000,0.33958426117897034,0.49599999189376831
2634,1.3170000,0.34231469035148621,0.49950000643730164
2635,1.3175000,0.34505671262741089,0.50290000438690186
2636,1.3180000,0.34780776500701904,0.50639998912811279
2637,1.3185000,0.3505699634552002,0.5098000168800354
2638,1.3190000,0.35334214568138123,0.51330000162124634
2639,1.3195000,0.35612154006958008,0.51670002937316895
2640,1.3200000,0.35891100764274597,0.52020001411437988
2641,1.3205000,0.36172309517860413,0.52359998226165771
2642,1.3210000,0.36456191539764404,0.52710002660751343
2643,1.3215000,0.36742028594017029,0.53049999475479126
2644,1.3220000,0.37029755115509033,0.53390002250671387
2645,1.3225000,0.37319204211235046,0.5372999906539917
2646,1.3230000,0.37609842419624329,0.54070001840591431
2647,1.3235000,0.3790130615234375,0.54400002956390381
2648,1.3240000,0.38193464279174805,0.54729998111724854
2649,1.3245000,0.38487052917480469,0.55059999227523804
2650,1.3250000,0.38782230019569397,0.55379998683929443
2651,1.3255000,0.39078104496002197,0.55699998140335083
2652,1.3260000,0.39374133944511414,0.56019997596740723
2653,1.3265000,0.39670124650001526,0.56330001354217529
2654,1.3270000,0.399659663438797,0.56639999151229858
2655,1.3275000,0.40261402726173401,0.56940001249313354
2656,1.3280000,0.40556260943412781,0.57239997386932373
2657,1.3285000,0.40850773453712463,0.57529997825622559
2658,1.3290000,0.41144648194313049,0.57819998264312744
2659,1.3295000,0.41437339782714844,0.58099997043609619
2660,1.3300000,0.41729229688644409,0.58370000123977661
2661,1.3305000,0.42020368576049805,0.58639997243881226
2662,1.3310000,0.4231007993221283,0.58910000324249268
2663,1.3315000,0.42598018050193787,0.59160000085830688
2664,1.3320000,0.42883831262588501,0.59409999847412109
2665,1.3325000,0.431671142578125,0.5965999960899353
2666,1.3330000,0.43447387218475342,0.59899997711181641
2667,1.3335000,0.43724280595779419,0.60130000114440918
2668,1.3340000,0.43998301029205322,0.60350000858306885
2669,1.3345000,0.44269746541976929,0.60570001602172852
2670,1.3350000,0.44537898898124695,0.60790002346038818
2671,1.3355000,0.44802409410476685,0.60989999771118164
2672,1.3360000,0.4506397545337677,0.6118999719619751
2673,1.3365000,0.45323413610458374,0.61390000581741333
2674,1.3370000,0.45580756664276123,0.61570000648498535
2675,1.3375000,0.45835515856742859,0.61750000715255737
2676,1.3380000,0.46087676286697388,0.61930000782012939
2677,1.3385000,0.46337383985519409,0.62099999189376831
2678,1.3390000,0.46584120392799377,0.6226000189781189
2679,1.3395000,0.46827799081802368,0.62419998645782471
2680,1.3400000,0.47068619728088379,0.62569999694824219
2681,1.3405000,0.47306215763092041,0.62720000743865967
2682,1.3410000,0.47539994120597839,0.62860000133514404
2683,1.3415000,0.47769367694854736,0.62999999523162842
2684,1.3420000,0.47994393110275269,0.63129997253417969
2685,1.3425000,0.48214945197105408,0.63249999284744263
2686,1.3430000,0.48430418968200684,0.63370001316070557
2687,1.3435000,0.48641017079353333,0.63489997386932373
2688,1.3440000,0.48846709728240967,0.63599997758865356
2689,1.3445000,0.49046462774276733,0.6370999813079834
2690,1.3450000,0.49239516258239746,0.6381000280380249
2691,1.3455000,0.49425658583641052,0.63910001516342163
2692,1.3460000,0.49605366587638855,0.63999998569488525
2693,1.3465000,0.49779039621353149,0.64090001583099365
2694,1.3470000,0.49946418404579163,0.64170002937316895
2695,1.3475000,0.50107932090759277,0.64249998331069946
2696,1.3480000,0.50264835357666016,0.64319998025894165
2697,1.3485000,0.50418221950531006,0.64389997720718384
2698,1.3490000,0.50568389892578125,0.6445000171661377
2699,1.3495000,0.50715291500091553,0.64509999752044678
2700,1.3500000,0.50859040021896362,0.64560002088546753
2701,1.3505000,0.50999510288238525,0.64600002765655518
2702,1.3510000,0.51136469841003418,0.64639997482299805
2703,1.3515000,0.51270067691802979,0.64679998159408569
2704,1.3520000,0.5140078067779541,0.6470000147819519
2705,1.3525000,0.51528990268707275,0.64719998836517334
2706,1.3530000,0.51654720306396484,0.64740002155303955
2707,1.3535000,0.51777851581573486,0.64740002155303955
2708,1.3540000,0.51898729801177979,0.64740002155303955
2709,1.3545000,0.52017486095428467,0.64730000495910645
2710,1.3550000,0.52133262157440186,0.64709997177124023
2711,1.3555000,0.52245450019836426,0.64679998159408569
2712,1.3560000,0.52353525161743164,0.64639997482299805
2713,1.3565000,0.52456879615783691,0.64590001106262207
2714,1.3570000,0.52555572986602783,0.64529997110366821
2715,1.3575000,0.52649354934692383,0.64459997415542603
2716,1.3580000,0.52737909555435181,0.64380002021789551
2717,1.3585000,0.52820980548858643,0.642799973487854
2718,1.3590000,0.52897924184799194,0.64170002937316895
2719,1.3595000,0.52968835830688477,0.64050000905990601
2720,1.3600000,0.5303349494934082,0.63919997215270996
2721,1.3605000,0.53090202808380127,0.63770002126693726
2722,1.3610000,0.53138399124145508,0.63599997758865356
2723,1.3615000,0.53178918361663818,0.63419997692108154
2724,1.3620000,0.53211754560470581,0.63220000267028809
2725,1.3625000,0.53236681222915649,0.63010001182556152
2726,1.3630000,0.53253710269927979,0.62779998779296875
2727,1.3635000,0.53262662887573242,0.62519997358322144
2728,1.3640000,0.53263092041015625,0.6226000189781189
2729,1.3645000,0.53254073858261108,0.61970001459121704
2730,1.3650000,0.53235310316085815,0.61659997701644897
2731,1.3655000,0.53206837177276611,0.61330002546310425
2732,1.3660000,0.53168296813964844,0.60979998111724854
2733,1.3665000,0.53119605779647827,0.60610002279281616
2734,1.3670000,0.53060698509216309,0.60210001468658447
2735,1.3675000,0.52991282939910889,0.59799998998641968
2736,1.3680000,0.52911359071731567,0.59350001811981201
2737,1.3685000,0.52821743488311768,0.58890002965927124
2738,1.3690000,0.52723574638366699,0.58399999141693115
2739,1.3695000,0.52617877721786499,0.57889997959136963
2740,1.3700000,0.5250478982925415,0.57349997758865356
2741,1.3705000,0.52383136749267578,0.56790000200271606
2742,1.3710000,0.52251517772674561,0.56199997663497925
2743,1.3715000,0.52108979225158691,0.555899977684021
2744,1.3720000,0.51955699920654297,0.5493999719619751
2745,1.3725000,0.51792562007904053,0.54280000925064087
2746,1.3730000,0.51619714498519897,0.53579998016357422
2747,1.3735000,0.51436918973922729,0.52859997749328613
2748,1.3740000,0.5124434232711792,0.52109998464584351
2749,1.3745000,0.51041501760482788,0.51330000162124634
2750,1.3750000,0.50827217102050781,0.50529998540878296
2751,1.3755000,0.50600957870483398,0.49689999222755432
2752,1.3760000,0.50362074375152588,0.48829999566078186
2753,1.3765000,0.50108969211578369,0.47949999570846558
2754,1.3770000,0.49840790033340454,0.47029998898506165
2755,1.3775000,0.49557620286941528,0.46090000867843628
2756,1.3780000,0.49259251356124878,0.45120000839233398
2757,1.3785000,0.48945009708404541,0.44119998812675476
2758,1.3790000,0.48614203929901123,0.4309999942779541
2759,1.3795000,0.4826740026473999,0.4205000102519989
2760,1.3800000,0.47905081510543823,0.40970000624656677
2761,1.3805000,0.47525414824485779,0.39869999885559082
2762,1.3810000,0.47126093506813049,0.38740000128746033
2763,1.3815000,0.4670620858669281,0.37590000033378601
2764,1.3820000,0.46265721321105957,0.36419999599456787
2765,1.3825000,0.45804792642593384,0.35220000147819519
2766,1.3830000,0.45323324203491211,0.34000000357627869
2767,1.3835000,0.44820806384086609,0.32749998569488525
2768,1.3840000,0.44296020269393921,0.31490001082420349
2769,1.3845000,0.43747305870056152,0.30199998617172241
2770,1.3850000,0.43174320459365845,0.289000004529953
2771,1.3855000,0.4257785975933075,0.27579998970031738
2772,1.3860000,0.41957315802574158,0.26230001449584961
2773,1.3865000,0.41311073303222656,0.24869999289512634
2774,1.3870000,0.40639665722846985,0.23499999940395355
2775,1.3875000,0.39944526553153992,0.22110000252723694
2776,1.3880000,0.3922497034072876,0.20710000395774841
2777,1.3885000,0.38480427861213684,0.19290000200271606
2778,1.3890000,0.37712034583091736,0.1785999983549118
2779,1.3895000,0.36919984221458435,0.16419999301433563
2780,1.3900000,0.36103567481040955,0.14970000088214874
2781,1.3905000,0.35263568162918091,0.13510000705718994
2782,1.3910000,0.34401795268058777,0.12049999833106995
2783,1.3915000,0.33518758416175842,0.10570000112056732
2784,1.3920000,0.32613348960876465,0.0908999964594841
2785,1.3925000,0.3168523907661438,0.076099999248981476
2786,1.3930000,0.30735811591148376,0.061299998313188553
2787,1.3935000,0.29766309261322021,0.046399999409914017
2788,1.3940000,0.28777503967285156,0.031500000506639481
2789,1.3945000,0.27770897746086121,0.016599999740719795
2790,1.3950000,0.26748174428939819,0.0017000000225380063
2791,1.3955000,0.25710234045982361,-0.013199999928474426
2792,1.3960000,0.2465730607509613,-0.028000000864267349
2793,1.3965000,0.23589877784252167,-0.042899999767541885
2794,1.3970000,0.22508902847766876,-0.057599999010562897
2795,1.3975000,0.21414962410926819,-0.072300001978874207
2796,1.3980000,0.20308816432952881,-0.086999997496604919
2797,1.3985000,0.19191481173038483,-0.10159999877214432
2798,1.3990000,0.18063591420650482,-0.11599999666213989
2799,1.3995000,0.16926044225692749,-0.13050000369548798
2800,1.4000000,0.15779335796833038,-0.14480000734329224
2801,1.4005000,0.14623579382896423,-0.15899999439716339
2802,1.4010000,0.13459683954715729,-0.17309999465942383
2803,1.4015000,0.12288941442966461,-0.18709999322891235
2804,1.4020000,0.1111222580075264,-0.20090000331401825
2805,1.4025000,0.099300689995288849,-0.21469999849796295
2806,1.4030000,0.087432712316513062,-0.22830000519752502
2807,1.4035000,0.07551942765712738,-0.24179999530315399
2808,1.4040000,0.063554242253303528,-0.25510001182556152
2809,1.4045000,0.051539771258831024,-0.26829999685287476
2810,1.4050000,0.039483726024627686,-0.28130000829696655
2811,1.4055000,0.02739313617348671,-0.29420000314712524
2812,1.4060000,0.015278760343790054,-0.30689999461174011
2813,1.4065000,0.0031492691487073898,-0.31949999928474426
2814,1.4070000,-0.0089895157143473625,-0.33190000057220459
2815,1.4075000,-0.021132983267307281,-0.34409999847412109
2816,1.4080000,-0.033276882022619247,-0.35609999299049377
2817,1.4085000,-0.045416541397571564,-0.36800000071525574
2818,1.4090000,-0.057546485215425491,-0.37970000505447388
2819,1.4095000,-0.069654732942581177,-0.39129999279975891
2820,1.4100000,-0.081729352474212646,-0.4025999903678894
2821,1.4105000,-0.093755260109901428,-0.41380000114440918
2822,1.4110000,-0.10571605712175369,-0.42469999194145203
2823,1.4115000,-0.11760400980710983,-0.43549999594688416
2824,1.4120000,-0.12941205501556396,-0.44609999656677246
2825,1.4125000,-0.14113308489322662,-0.45649999380111694
2826,1.4130000,-0.15276047587394714,-0.4666999876499176
2827,1.4135000,-0.16428571939468384,-0.47679999470710754
2828,1.4140000,-0.17570117115974426,-0.48660001158714294
2829,1.4145000,-0.18700043857097626,-0.49619999527931213
2830,1.4150000,-0.19817346334457397,-0.5055999755859375
2831,1.4155000,-0.20921248197555542,-0.51480001211166382
2832,1.4160000,-0.220112144947052,-0.52380001544952393
2833,1.4165000,-0.2308618575334549,-0.53270000219345093
2834,1.4170000,-0.24145235121250153,-0.54129999876022339
2835,1.4175000,-0.25187838077545166,-0.54970002174377441
2836,1.4180000,-0.26213619112968445,-0.55790001153945923
2837,1.4185000,-0.27222174406051636,-0.5658000111579895
2838,1.4190000,-0.28213316202163696,-0.57359999418258667
2839,1.4195000,-0.29187077283859253,-0.5812000036239624
2840,1.4200000,-0.30143088102340698,-0.58850002288818359
2841,1.4205000,-0.31080359220504761,-0.59570002555847168
2842,1.4210000,-0.31997808814048767,-0.60259997844696045
2843,1.4215000,-0.32895326614379883,-0.60930001735687256
2844,1.4220000,-0.33773240447044373,-0.61580002307891846
2845,1.4225000,-0.346312016248703,-0.62209999561309814
2846,1.4230000,-0.3546862006187439,-0.62809997797012329
2847,1.4235000,-0.36284980177879333,-0.63400000333786011
2848,1.4240000,-0.3708098828792572,-0.63959997892379761
2849,1.4245000,-0.37858122587203979,-0.64499998092651367
2850,1.4250000,-0.38616567850112915,-0.65030002593994141
2851,1.4255000,-0.39356502890586853,-0.65530002117156982
2852,1.4260000,-0.40079087018966675,-0.6600000262260437
2853,1.4265000,-0.40784484148025513,-0.66460001468658447
2854,1.4270000,-0.41471365094184875,-0.66900002956390381
2855,1.4275000,-0.42138764262199402,-0.67309999465942383
2856,1.4280000,-0.4278704822063446,-0.67710000276565552
2857,1.4285000,-0.4341675341129303,-0.680899977684021
2858,1.4290000,-0.44028070569038391,-0.68440002202987671
2859,1.4295000,-0.44621610641479492,-0.68779999017715454
2860,1.4300000,-0.45198065042495728,-0.69090002775192261
2861,1.4305000,-0.4575779139995575,-0.69389998912811279
2862,1.4310000,-0.46300753951072693,-0.69669997692108154
2863,1.4315000,-0.4682672917842865,-0.69929999113082886
2864,1.4320000,-0.4733576774597168,-0.70169997215270996
2865,1.4325000,-0.47827881574630737,-0.70389997959136963
2866,1.4330000,-0.48303091526031494,-0.70599997043609619
2867,1.4335000,-0.48761719465255737,-0.70789998769760132
2868,1.4340000,-0.49204063415527344,-0.70959997177124023
2869,1.4345000,-0.49630245566368103,-0.71119999885559082
2870,1.4350000,-0.50040507316589355,-0.7125999927520752
2871,1.4355000,-0.50435280799865723,-0.71390002965927124
2872,1.4360000,-0.50814288854598999,-0.7149999737739563
2873,1.4365000,-0.51176488399505615,-0.7160000205039978
2874,1.4370000,-0.5152134895324707,-0.71689999103546143
2875,1.4375000,-0.51849120855331421,-0.71759998798370361
2876,1.4380000,-0.52160525321960449,-0.71820002794265747
2877,1.4385000,-0.52456188201904297,-0.71869999170303345
2878,1.4390000,-0.52736455202102661,-0.71909999847412109
2879,1.4395000,-0.53001892566680908,-0.71939998865127563
2880,1.4400000,-0.53253352642059326,-0.71969997882843018
2881,1.4405000,-0.53491973876953125,-0.71979999542236328
2882,1.4410000,-0.53718584775924683,-0.71979999542236328
2883,1.4415000,-0.539328932762146,-0.71979999542236328
2884,1.4420000,-0.54134678840637207,-0.71969997882843018
2885,1.4425000,-0.54324507713317871,-0.71950000524520874
2886,1.4430000,-0.5450282096862793,-0.71929997205734253
2887,1.4435000,-0.54669725894927979,-0.71899998188018799
2888,1.4440000,-0.5482553243637085,-0.71859997510910034
2889,1.4445000,-0.54971057176589966,-0.7182999849319458
2890,1.4450000,-0.55107223987579346,-0.71780002117156982
2891,1.4455000,-0.55234283208847046,-0.71740001440048218
2892,1.4460000,-0.55352091789245605,-0.71689999103546143
2893,1.4465000,-0.55460935831069946,-0.71640002727508545
2894,1.4470000,-0.55561494827270508,-0.71579998731613159
2895,1.4475000,-0.5565381646156311,-0.71530002355575562
2896,1.4480000,-0.55737215280532837,-0.71469998359680176
2897,1.4485000,-0.55811071395874023,-0.71410000324249268
2898,1.4490000,-0.55875486135482788,-0.71350002288818359
2899,1.4495000,-0.5593116283416748,-0.71280002593994141
2900,1.4500000,-0.55978608131408691,-0.71219998598098755
2901,1.4505000,-0.56018197536468506,-0.71160000562667847
2902,1.4510000,-0.56050306558609009,-0.71090000867843628
2903,1.4515000,-0.56075340509414673,-0.71020001173019409
2904,1.4520000,-0.56093215942382812,-0.70959997177124023
2905,1.4525000,-0.5610310435295105,-0.70889997482299805
2906,1.4530000,-0.56105202436447144,-0.70819997787475586
2907,1.4535000,-0.56100976467132568,-0.70749998092651367
2908,1.4540000,-0.56091403961181641,-0.70690000057220459
2909,1.4545000,-0.56076645851135254,-0.7062000036239624
2910,1.4550000,-0.56056851148605347,-0.70550000667572021
2911,1.4555000,-0.56032341718673706,-0.70469999313354492
2912,1.4560000,-0.5600285530090332,-0.70399999618530273
2913,1.4565000,-0.55967193841934204,-0.70329999923706055
2914,1.4570000,-0.55924630165100098,-0.70249998569488525
2915,1.4575000,-0.5587584376335144,-0.70169997215270996
2916,1.4580000,-0.55822044610977173,-0.70099997520446777
2917,1.4585000,-0.55763685703277588,-0.70020002126693726
2918,1.4590000,-0.55700939893722534,-0.69929999113082886
2919,1.4595000,-0.55634158849716187,-0.69849997758865356
2920,1.4600000,-0.55562567710876465,-0.69760000705718994
2921,1.4605000,-0.55484753847122192,-0.69669997692108154
2922,1.4610000,-0.55400717258453369,-0.69569998979568481
2923,1.4615000,-0.55311959981918335,-0.69470000267028809
2924,1.4620000,-0.55219906568527222,-0.69370001554489136
2925,1.4625000,-0.55125129222869873,-0.69260001182556152
2926,1.4630000,-0.55027717351913452,-0.69150000810623169
2927,1.4635000,-0.54927772283554077,-0.69040000438690186
2928,1.4640000,-0.54825097322463989,-0.68919998407363892
2929,1.4645000,-0.54719024896621704,-0.68790000677108765
2930,1.4650000,-0.54609405994415283,-0.68660002946853638
2931,1.4655000,-0.54496908187866211,-0.68529999256134033
2932,1.4660000,-0.54382377862930298,-0.68379998207092285
2933,1.4665000,-0.5426642894744873,-0.68239998817443848
2934,1.4670000,-0.54149019718170166,-0.68080002069473267
2935,1.4675000,-0.54029941558837891,-0.67919999361038208
2936,1.4680000,-0.53909480571746826,-0.67750000953674316
2937,1.4685000,-0.5378800630569458,-0.67580002546310425
2938,1.4690000,-0.53665578365325928,-0.67400002479553223
2939,1.4695000,-0.53542262315750122,-0.6721000075340271
2940,1.4700000,-0.53418433666229248,-0.67019999027252197
2941,1.4705000,-0.53294509649276733,-0.66820001602172852
2942,1.4710000,-0.53170454502105713,-0.66619998216629028
2943,1.4715000,-0.53045535087585449,-0.66399997472763062
2944,1.4720000,-0.52919226884841919,-0.66180002689361572
2945,1.4725000,-0.52791929244995117,-0.65960001945495605
2946,1.4730000,-0.52664101123809814,-0.65729999542236328
2947,1.4735000,-0.5253559947013855,-0.65490001440048218
2948,1.4740000,-0.52406191825866699,-0.65240001678466797
2949,1.4745000,-0.52275741100311279,-0.64990001916885376
2950,1.4750000,-0.5214378833770752,-0.64740002155303955
2951,1.4755000,-0.52009868621826172,-0.64480000734329224
2952,1.4760000,-0.51873159408569336,-0.64209997653961182
2953,1.4765000,-0.51732254028320312,-0.63940000534057617
2954,1.4770000,-0.51586484909057617,-0.63669997453689575
2955,1.4775000,-0.51436108350753784,-0.633899986743927
2956,1.4780000,-0.51281487941741943,-0.63109999895095825
2957,1.4785000,-0.5112273097038269,-0.6283000111579895
2958,1.4790000,-0.50959932804107666,-0.62550002336502075
2959,1.4795000,-0.5079345703125,-0.6226000189781189
2960,1.4800000,-0.50623869895935059,-0.61970001459121704
2961,1.4805000,-0.5045161247253418,-0.61680001020431519
2962,1.4810000,-0.50276756286621094,-0.61390000581741333
2963,1.4815000,-0.50099217891693115,-0.61100000143051147
2964,1.4820000,-0.49919086694717407,-0.60799998044967651
2965,1.4825000,-0.49736610054969788,-0.60509997606277466
2966,1.4830000,-0.49552157521247864,-0.6021999716758728
2967,1.4835000,-0.49365827441215515,-0.59939998388290405
2968,1.4840000,-0.49177473783493042,-0.5964999794960022
2969,1.4845000,-0.48987293243408203,-0.59359997510910034
2970,1.4850000,-0.48795589804649353,-0.59079998731613159
2971,1.4855000,-0.48602330684661865,-0.58799999952316284
2972,1.4860000,-0.48407456278800964,-0.5853000283241272
2973,1.4865000,-0.48211163282394409,-0.58259999752044678
2974,1.4870000,-0.48013591766357422,-0.57990002632141113
2975,1.4875000,-0.47814789414405823,-0.57719999551773071
2976,1.4880000,-0.47615516185760498,-0.5745999813079834
2977,1.4885000,-0.47417336702346802,-0.57209998369216919
2978,1.4890000,-0.47221285104751587,-0.56950002908706665
2979,1.4895000,-0.47027364373207092,-0.56709998846054077
2980,1.4900000,-0.46835196018218994,-0.56459999084472656
2981,1.4905000,-0.46644660830497742,-0.56230002641677856
2982,1.4910000,-0.46455782651901245,-0.55989998579025269
2983,1.4915000,-0.46268397569656372,-0.55769997835159302
2984,1.4920000,-0.46082064509391785,-0.55540001392364502
2985,1.4925000,-0.45896536111831665,-0.55320000648498535
2986,1.4930000,-0.45712181925773621,-0.55110001564025879
2987,1.4935000,-0.45529156923294067,-0.54900002479553223
2988,1.4940000,-0.45347177982330322,-0.54689997434616089
2989,1.4945000,-0.45165985822677612,-0.54490000009536743
2990,1.4950000,-0.44985529780387878,-0.54290002584457397
2991,1.4955000,-0.44805768132209778,-0.54100000858306885
2992,1.4960000,-0.44626307487487793,-0.53899997472763062
2993,1.4965000,-0.44446706771850586,-0.53710001707077026
2994,1.4970000,-0.44266891479492188,-0.53530001640319824
2995,1.4975000,-0.44086936116218567,-0.53339999914169312
2996,1.4980000,-0.43906861543655396,-0.53159999847412109
2997,1.4985000,-0.43726798892021179,-0.52979999780654907
2998,1.4990000,-0.4354701042175293,-0.52799999713897705
2999,1.4995000,-0.43367567658424377,-0.52619999647140503
3000,1.5000000,-0.43188437819480896,-0.52439999580383301
3001,1.5005000,-0.4300973117351532,-0.52259999513626099
3002,1.5010000,-0.42831701040267944,-0.52079999446868896
3003,1.5015000,-0.42654374241828918,-0.51899999380111694
3004,1.5020000,-0.42477339506149292,-0.51719999313354492
3005,1.5025000,-0.42300555109977722,-0.5153999924659729
3006,1.5030000,-0.42124393582344055,-0.51359999179840088
3007,1.5035000,-0.41948756575584412,-0.51169997453689575
3008,1.5040000,-0.41773530840873718,-0.5098000168800354
3009,1.5045000,-0.41598936915397644,-0.50789999961853027
3010,1.5050000,-0.4142477810382843,-0.50590002536773682
3011,1.5055000,-0.41250741481781006,-0.50400000810623169
3012,1.5060000,-0.41076856851577759,-0.50199997425079346
3013,1.5065000,-0.40903285145759583,-0.49990001320838928
3014,1.5070000,-0.40730276703834534,-0.49779999256134033
3015,1.5075000,-0.4055798351764679,-0.49570000171661377
3016,1.5080000,-0.40386515855789185,-0.4934999942779541
3017,1.5085000,-0.4021599292755127,-0.49129998683929443
3018,1.5090000,-0.40046146512031555,-0.48910000920295715
3019,1.5095000,-0.39876651763916016,-0.48679998517036438
3020,1.5100000,-0.39707392454147339,-0.48440000414848328
3021,1.5105000,-0.39538392424583435,-0.48199999332427979
3022,1.5110000,-0.39369845390319824,-0.47960001230239868
3023,1.5115000,-0.39201825857162476,-0.47710001468658447
3024,1.5120000,-0.39034965634346008,-0.47459998726844788
3025,1.5125000,-0.38870140910148621,-0.47209998965263367
3026,1.5130000,-0.38707089424133301,-0.46950000524520874
3027,1.5135000,-0.38545334339141846,-0.46680000424385071
3028,1.5140000,-0.3838476836681366,-0.46419999003410339
3029,1.5145000,-0.38225299119949341,-0.46149998903274536
3030,1.5150000,-0.38066944479942322,-0.45879998803138733
3031,1.5155000,-0.37909579277038574,-0.45600000023841858
3032,1.5160000,-0.37753310799598694,-0.45320001244544983
3033,1.5165000,-0.37598511576652527,-0.45039999485015869
3034,1.5170000,-0.37445464730262756,-0.44760000705718994
3035,1.5175000,-0.37294140458106995,-0.4447999894618988
3036,1.5180000,-0.37144240736961365,-0.44190001487731934
3037,1.5185000,-0.36995604634284973,-0.4390999972820282
3038,1.5190000,-0.36848118901252747,-0.43619999289512634
3039,1.5195000,-0.36701631546020508,-0.43329998850822449
3040,1.5200000,-0.36555847525596619,-0.43050000071525574
3041,1.5205000,-0.36410230398178101,-0.42759999632835388
3042,1.5210000,-0.36264574527740479,-0.42469999194145203
3043,1.5215000,-0.36119085550308228,-0.42190000414848328
3044,1.5220000,-0.35973784327507019,-0.41909998655319214
3045,1.5225000,-0.35828700661659241,-0.41629999876022339
3046,1.5230000,-0.35683989524841309,-0.41350001096725464
3047,1.5235000,-0.35539710521697998,-0.4106999933719635
3048,1.5240000,-0.35396009683609009,-0.40790000557899475
3049,1.5245000,-0.35252854228019714,-0.40520000457763672
3050,1.5250000,-0.3510996401309967,-0.40250000357627869
3051,1.5255000,-0.34967160224914551,-0.39989998936653137
3052,1.5260000,-0.34824410080909729,-0.39730000495910645
3053,1.5265000,-0.3468206524848938,-0.39469999074935913
3054,1.5270000,-0.34540444612503052,-0.3921000063419342
3055,1.5275000,-0.34399279952049255,-0.38960000872612
3056,1.5280000,-0.34258353710174561,-0.3871999979019165
3057,1.5285000,-0.341176837682724,-0.38470000028610229
3058,1.5290000,-0.33977285027503967,-0.38240000605583191
3059,1.5295000,-0.3383718729019165,-0.37999999523162842
3060,1.5300000,-0.33697372674942017,-0.37770000100135803
3061,1.5305000,-0.33558017015457153,-0.37549999356269836
3062,1.5310000,-0.33419162034988403,-0.3732999861240387
3063,1.5315000,-0.33280676603317261,-0.37110000848770142
3064,1.5320000,-0.33142739534378052,-0.36899998784065247
3065,1.5325000,-0.33005610108375549,-0.3668999969959259
3066,1.5330000,-0.32869574427604675,-0.36489999294281006
3067,1.5335000,-0.32734611630439758,-0.36289998888969421
3068,1.5340000,-0.32600441575050354,-0.36090001463890076
3069,1.5345000,-0.32467150688171387,-0.35899999737739563
3070,1.5350000,-0.32334825396537781,-0.35710000991821289
3071,1.5355000,-0.32203319668769836,-0.35530000925064087
3072,1.5360000,-0.32072415947914124,-0.35339999198913574
3073,1.5365000,-0.3194185197353363,-0.35170000791549683
3074,1.5370000,-0.31811726093292236,-0.3499000072479248
3075,1.5375000,-0.31682273745536804,-0.3481999933719635
3076,1.5380000,-0.31553336977958679,-0.34650000929832458
3077,1.5385000,-0.31424883008003235,-0.34479999542236328
3078,1.5390000,-0.31297093629837036,-0.34319999814033508
3079,1.5395000,-0.31169965863227844,-0.34160000085830688
3080,1.5400000,-0.31043267250061035,-0.34000000357627869
3081,1.5405000,-0.30916547775268555,-0.33840000629425049
3082,1.5410000,-0.30789506435394287,-0.33689999580383301
3083,1.5415000,-0.30662098526954651,-0.33529999852180481
3084,1.5420000,-0.30534425377845764,-0.33379998803138733
3085,1.5425000,-0.30406701564788818,-0.33230000734329224
3086,1.5430000,-0.3027903139591217,-0.33079999685287476
3087,1.5435000,-0.30151432752609253,-0.32929998636245728
3088,1.5440000,-0.30023613572120667,-0.32780000567436218
3089,1.5445000,-0.29895097017288208,-0.32640001177787781
3090,1.5450000,-0.29765951633453369,-0.32490000128746033
3091,1.5455000,-0.29636600613594055,-0.32350000739097595
3092,1.5460000,-0.295073002576828,-0.32199999690055847
3093,1.5465000,-0.2937813401222229,-0.3206000030040741
3094,1.5470000,-0.29249086976051331,-0.31920000910758972
3095,1.5475000,-0.29120245575904846,-0.31769999861717224
3096,1.5480000,-0.28991758823394775,-0.31630000472068787
3097,1.5485000,-0.28863736987113953,-0.31490001082420349
3098,1.5490000,-0.2873653769493103,-0.31349998712539673
3099,1.5495000,-0.28610467910766602,-0.31200000643730164
3100,1.5500000,-0.28485667705535889,-0.31060001254081726
3101,1.5505000,-0.28362211585044861,-0.3091999888420105
3102,1.5510000,-0.28239968419075012,-0.30779999494552612
3103,1.5515000,-0.28118827939033508,-0.30640000104904175
3104,1.5520000,-0.27998459339141846,-0.30500000715255737
3105,1.5525000,-0.27878284454345703,-0.303600013256073
3106,1.5530000,-0.27758073806762695,-0.30219998955726624
3107,1.5535000,-0.27637827396392822,-0.30079999566078186
3108,1.5540000,-0.27517658472061157,-0.29940000176429749
3109,1.5545000,-0.27397829294204712,-0.29800000786781311
3110,1.5550000,-0.27278220653533936,-0.29660001397132874
3111,1.5555000,-0.2715848982334137,-0.29530000686645508
3112,1.5560000,-0.27038291096687317,-0.2939000129699707
3113,1.5565000,-0.26917153596878052,-0.29249998927116394
3114,1.5570000,-0.26794767379760742,-0.29120001196861267
3115,1.5575000,-0.2667107880115509,-0.28979998826980591
3116,1.5580000,-0.26546376943588257,-0.28850001096725464
3117,1.5585000,-0.26421064138412476,-0.28709998726844788
3118,1.5590000,-0.26295271515846252,-0.28580000996589661
3119,1.5595000,-0.26168987154960632,-0.28450000286102295
3120,1.5600000,-0.26042032241821289,-0.28319999575614929
3121,1.5605000,-0.2591407299041748,-0.28189998865127563
3122,1.5610000,-0.25784969329833984,-0.28060001134872437
3123,1.5615000,-0.25654894113540649,-0.27930000424385071
3124,1.5620000,-0.25524139404296875,-0.27810001373291016
3125,1.5625000,-0.25393033027648926,-0.2768000066280365
3126,1.5630000,-0.25261873006820679,-0.27559998631477356
3127,1.5635000,-0.25130787491798401,-0.27439999580383301
3128,1.5640000,-0.2499997466802597,-0.27320000529289246
3129,1.5645000,-0.24869804084300995,-0.2720000147819519
3130,1.5650000,-0.24740412831306458,-0.27090001106262207
3131,1.5655000,-0.24611839652061462,-0.26969999074935913
3132,1.5660000,-0.24484176933765411,-0.2685999870300293
3133,1.5665000,-0.24357500672340393,-0.26759999990463257
3134,1.5670000,-0.24231946468353271,-0.26649999618530273
3135,1.5675000,-0.24107670783996582,-0.26550000905990601
3136,1.5680000,-0.23984725773334503,-0.26440000534057617
3137,1.5685000,-0.23863121867179871,-0.26350000500679016
3138,1.5690000,-0.23742982745170593,-0.26249998807907104
3139,1.5695000,-0.23624379932880402,-0.26159998774528503
3140,1.5700000,-0.23507218062877655,-0.26069998741149902
3141,1.5705000,-0.23391376435756683,-0.25979998707771301
3142,1.5710000,-0.23276889324188232,-0.258899986743927
3143,1.5715000,-0.2316398024559021,-0.2581000030040741
3144,1.5720000,-0.23053033649921417,-0.2572999894618988
3145,1.5725000,-0.2294444739818573,-0.25659999251365662
3146,1.5730000,-0.22838173806667328,-0.25580000877380371
3147,1.5735000,-0.22733950614929199,-0.25510001182556152
3148,1.5740000,-0.22631669044494629,-0.25450000166893005
3149,1.5745000,-0.22531066834926605,-0.25380000472068787
3150,1.5750000,-0.22431884706020355,-0.2531999945640564
3151,1.5755000,-0.22334316372871399,-0.25270000100135803
3152,1.5760000,-0.22238469123840332,-0.25209999084472656
3153,1.5765000,-0.22144202888011932,-0.2515999972820282
3154,1.5770000,-0.22051569819450378,-0.25110000371932983
3155,1.5775000,-0.21960671246051788,-0.25060001015663147
3156,1.5780000,-0.21871441602706909,-0.25020000338554382
3157,1.5785000,-0.21783465147018433,-0.24979999661445618
3158,1.5790000,-0.21696317195892334,-0.24940000474452972
3159,1.5795000,-0.2161000519990921,-0.24909999966621399
3160,1.5800000,-0.21524499356746674,-0.24879999458789825
3161,1.5805000,-0.21439793705940247,-0.24850000441074371
3162,1.5810000,-0.21356150507926941,-0.24819999933242798
3163,1.5815000,-0.21273459494113922,-0.24789999425411224
3164,1.5820000,-0.21191443502902985,-0.24770000576972961
3165,1.5825000,-0.21109974384307861,-0.24750000238418579
3166,1.5830000,-0.21028734743595123,-0.24729999899864197
3167,1.5835000,-0.20947518944740295,-0.24709999561309814
3168,1.5840000,-0.20866194367408752,-0.24690000712871552
3169,1.5845000,-0.2078462690114975,-0.24670000374317169
3170,1.5850000,-0.20703096687793732,-0.24660000205039978
3171,1.5855000,-0.20621678233146667,-0.24650000035762787
3172,1.5860000,-0.20540037751197815,-0.24629999697208405
3173,1.5865000,-0.20458132028579712,-0.24619999527931213
3174,1.5870000,-0.20375920832157135,-0.24609999358654022
3175,1.5875000,-0.20293287932872772,-0.2460000067949295
3176,1.5880000,-0.20210264623165131,-0.24580000340938568
3177,1.5885000,-0.20126599073410034,-0.24570000171661377
3178,1.5890000,-0.2004203200340271,-0.24560000002384186
3179,1.5895000,-0.19956459105014801,-0.24549999833106995
3180,1.5900000,-0.19869732856750488,-0.24539999663829803
3181,1.5905000,-0.19781914353370667,-0.24519999325275421
3182,1.5910000,-0.19693019986152649,-0.24510000646114349
3183,1.5915000,-0.19603118300437927,-0.24490000307559967
3184,1.5920000,-0.19512476027011871,-0.24469999969005585
3185,1.5925000,-0.19420960545539856,-0.24449999630451202
3186,1.5930000,-0.19328247010707855,-0.2442999929189682
3187,1.5935000,-0.19234278798103333,-0.24410000443458557
3188,1.5940000,-0.19139137864112854,-0.24390000104904175
3189,1.5945000,-0.19042985141277313,-0.24359999597072601
3190,1.5950000,-0.18945921957492828,-0.24330000579357147
3191,1.5955000,-0.18848083913326263,-0.24300000071525574
3192,1.5960000,-0.1874983161687851,-0.24269999563694
3193,1.5965000,-0.1865134984254837,-0.24230000376701355
3194,1.5970000,-0.18552583456039429,-0.2418999969959259
3195,1.5975000,-0.18453709781169891,-0.24150000512599945
3196,1.5980000,-0.18354982137680054,-0.2410999983549118
3197,1.5985000,-0.1825639009475708,-0.24060000479221344
3198,1.5990000,-0.18157760798931122,-0.24009999632835388
3199,1.5995000,-0.18059077858924866,-0.23960000276565552
3200,1.6000000,-0.179607093334198,-0.23899999260902405
3201,1.6005000,-0.17863036692142487,-0.23849999904632568
3202,1.6010000,-0.17766112089157104,-0.2378000020980835
3203,1.6015000,-0.17669935524463654,-0.23720000684261322
3204,1.6020000,-0.17574672400951385,-0.23649999499320984
3205,1.6025000,-0.1748042106628418,-0.23579999804496765
3206,1.6030000,-0.17387104034423828,-0.23510000109672546
3207,1.6035000,-0.17294542491436005,-0.23430000245571136
3208,1.6040000,-0.17202800512313843,-0.23360000550746918
3209,1.6045000,-0.17112284898757935,-0.23280000686645508
3210,1.6050000,-0.17023287713527679,-0.23190000653266907
3211,1.6055000,-0.16935977339744568,-0.23109999299049377
3212,1.6060000,-0.16850396990776062,-0.23019999265670776
3213,1.6065000,-0.16766418516635895,-0.22930000722408295
3214,1.6070000,-0.16683778166770935,-0.22830000519752502
3215,1.6075000,-0.16602267324924469,-0.22740000486373901
3216,1.6080000,-0.1652228981256485,-0.22640000283718109
3217,1.6085000,-0.16444423794746399,-0.22550000250339508
3218,1.6090000,-0.1636873334646225,-0.22450000047683716
3219,1.6095000,-0.16295146942138672,-0.22349999845027924
3220,1.6100000,-0.16223606467247009,-0.2223999947309494
3221,1.6105000,-0.16154055297374725,-0.22139999270439148
3222,1.6110000,-0.16086442768573761,-0.22040000557899475
3223,1.6115000,-0.16020551323890686,-0.21930000185966492
3224,1.6120000,-0.15956063568592072,-0.21829999983310699
3225,1.6125000,-0.15892517566680908,-0.21719999611377716
3226,1.6130000,-0.15829655528068542,-0.21619999408721924
3227,1.6135000,-0.15767562389373779,-0.2151000052690506
3228,1.6140000,-0.15706247091293335,-0.21410000324249268
3229,1.6145000,-0.15645630657672882,-0.21299999952316284
3230,1.6150000,-0.15585604310035706,-0.21199999749660492
3231,1.6155000,-0.15526172518730164,-0.210999995470047
3232,1.6160000,-0.15467560291290283,-0.20999999344348907
3233,1.6165000,-0.15409871935844421,-0.20890000462532043
3234,1.6170000,-0.15353187918663025,-0.20800000429153442
3235,1.6175000,-0.15297628939151764,-0.2070000022649765
3236,1.6180000,-0.15243048965930939,-0.20600000023841858
3237,1.6185000,-0.15189211070537567,-0.20509999990463257
3238,1.6190000,-0.15136004984378815,-0.20409999787807465
3239,1.6195000,-0.15083295106887817,-0.20319999754428864
3240,1.6200000,-0.15031222999095917,-0.20239999890327454
3241,1.6205000,-0.14980225265026093,-0.20149999856948853
3242,1.6210000,-0.14930419623851776,-0.20069999992847443
3243,1.6215000,-0.14881613850593567,-0.19979999959468842
3244,1.6220000,-0.14833585917949677,-0.19910000264644623
3245,1.6225000,-0.14786157011985779,-0.19830000400543213
3246,1.6230000,-0.14739212393760681,-0.19760000705718994
3247,1.6235000,-0.14692758023738861,-0.19689999520778656
3248,1.6240000,-0.14647004008293152,-0.19619999825954437
3249,1.6245000,-0.14602284133434296,-0.19550000131130219
3250,1.6250000,-0.1455882340669632,-0.19490000605583191
3251,1.6255000,-0.14516566693782806,-0.19429999589920044
3252,1.6260000,-0.14475314319133759,-0.19380000233650208
3253,1.6265000,-0.14434888958930969,-0.1932000070810318
3254,1.6270000,-0.14394962787628174,-0.19269999861717224
3255,1.6275000,-0.14355207979679108,-0.19230000674724579
3256,1.6280000,-0.14315569400787354,-0.19179999828338623
3257,1.6285000,-0.14276108145713806,-0.19140000641345978
3258,1.6290000,-0.14236833155155182,-0.19099999964237213
3259,1.6295000,-0.14197662472724915,-0.1906999945640564
3260,1.6300000,-0.14158503711223602,-0.19030000269412994
3261,1.6305000,-0.14119218289852142,-0.18999999761581421
3262,1.6310000,-0.14079470932483673,-0.18979999423027039
3263,1.6315000,-0.140389084815979,-0.18950000405311584
3264,1.6320000,-0.13997729122638702,-0.18930000066757202
3265,1.6325000,-0.13956652581691742,-0.1890999972820282
3266,1.6330000,-0.13916158676147461,-0.18899999558925629
3267,1.6335000,-0.1387610137462616,-0.18880000710487366
3268,1.6340000,-0.13835945725440979,-0.18870000541210175
3269,1.6345000,-0.13795372843742371,-0.18860000371932983
3270,1.6350000,-0.13754288852214813,-0.18860000371932983
3271,1.6355000,-0.13712427020072937,-0.18850000202655792
3272,1.6360000,-0.13669566810131073,-0.18850000202655792
3273,1.6365000,-0.13625803589820862,-0.18850000202655792
3274,1.6370000,-0.13581135869026184,-0.18850000202655792
3275,1.6375000,-0.13535341620445251,-0.18850000202655792
3276,1.6380000,-0.13488397002220154,-0.18850000202655792
3277,1.6385000,-0.13440367579460144,-0.18860000371932983
3278,1.6390000,-0.13391223549842834,-0.18860000371932983
3279,1.6395000,-0.1334088146686554,-0.18870000541210175
3280,1.6400000,-0.13289463520050049,-0.18870000541210175
3281,1.6405000,-0.13237324357032776,-0.18880000710487366
3282,1.6410000,-0.1318473219871521,-0.18889999389648438
3283,1.6415000,-0.13131880760192871,-0.18889999389648438
3284,1.6420000,-0.13078805804252625,-0.18899999558925629
3285,1.6425000,-0.13025465607643127,-0.18899999558925629
3286,1.6430000,-0.12972044944763184,-0.1890999972820282
3287,1.6435000,-0.12918664515018463,-0.1890999972820282
3288,1.6440000,-0.12865258753299713,-0.1890999972820282
3289,1.6445000,-0.12811841070652008,-0.1890999972820282
3290,1.6450000,-0.12758457660675049,-0.1890999972820282
3291,1.6455000,-0.12705302238464355,-0.18899999558925629
3292,1.6460000,-0.12652650475502014,-0.18889999389648438
3293,1.6465000,-0.12600487470626831,-0.18880000710487366
3294,1.6470000,-0.12548720836639404,-0.18870000541210175
3295,1.6475000,-0.12497437745332718,-0.18850000202655792
3296,1.6480000,-0.12446600943803787,-0.18819999694824219
3297,1.6485000,-0.12395982444286346,-0.18799999356269836
3298,1.6490000,-0.12345500290393829,-0.18760000169277191
3299,1.6495000,-0.1229541003704071,-0.18719999492168427
3300,1.6500000,-0.1224592998623848,-0.18680000305175781
3301,1.6505000,-0.12196891009807587,-0.18629999458789825
3302,1.6510000,-0.12148310989141464,-0.18580000102519989
3303,1.6515000,-0.12100370973348618,-0.18520000576972961
3304,1.6520000,-0.12052905559539795,-0.18449999392032623
3305,1.6525000,-0.12005748599767685,-0.18369999527931213
3306,1.6530000,-0.11958837509155273,-0.18289999663829803
3307,1.6535000,-0.11912291496992111,-0.18199999630451202
3308,1.6540000,-0.11866205185651779,-0.18109999597072601
3309,1.6545000,-0.11820374429225922,-0.18000000715255737
3310,1.6550000,-0.11774779111146927,-0.17890000343322754
3311,1.6555000,-0.11729433387517929,-0.17779999971389771
3312,1.6560000,-0.11684030294418335,-0.17649999260902405
3313,1.6565000,-0.11638130992650986,-0.17520000040531158
3314,1.6570000,-0.11591519415378571,-0.17380000650882721
3315,1.6575000,-0.11544358730316162,-0.17229999601840973
3316,1.6580000,-0.1149677112698555,-0.17080000042915344
3317,1.6585000,-0.11448729038238525,-0.16920000314712524
3318,1.6590000,-0.11400401592254639,-0.16750000417232513
3319,1.6595000,-0.11351935565471649,-0.16580000519752502
3320,1.6600000,-0.11303254216909409,-0.16390000283718109
3321,1.6605000,-0.11254327744245529,-0.16210000216960907
3322,1.6610000,-0.11205211281776428,-0.16019999980926514
3323,1.6615000,-0.11155983060598373,-0.15819999575614929
3324,1.6620000,-0.11106652021408081,-0.15620000660419464
3325,1.6625000,-0.11057116091251373,-0.15410000085830688
3326,1.6630000,-0.11007538437843323,-0.15199999511241913
3327,1.6635000,-0.10958173125982285,-0.14980000257492065
3328,1.6640000,-0.10908925533294678,-0.14759999513626099
3329,1.6645000,-0.10859696567058563,-0.14540000259876251
3330,1.6650000,-0.10810461640357971,-0.14319999516010284
3331,1.6655000,-0.10761147737503052,-0.14090000092983246
3332,1.6660000,-0.10711774230003357,-0.13860000669956207
3333,1.6665000,-0.10662328451871872,-0.13629999756813049
3334,1.6670000,-0.10612812638282776,-0.13410000503063202
3335,1.6675000,-0.10563286393880844,-0.13179999589920044
3336,1.6680000,-0.10513653606176376,-0.12950000166893005
3337,1.6685000,-0.10463692992925644,-0.12720000743865967
3338,1.6690000,-0.10413151979446411,-0.125
3339,1.6695000,-0.10361778736114502,-0.12280000001192093
3340,1.6700000,-0.10309508442878723,-0.12060000002384186
3341,1.6705000,-0.10256560891866684,-0.11840000003576279
3342,1.6710000,-0.10203098505735397,-0.11630000174045563
3343,1.6715000,-0.10149122029542923,-0.11420000344514847
3344,1.6720000,-0.10094686597585678,-0.11219999939203262
3345,1.6725000,-0.10039758682250977,-0.11020000278949738
3346,1.6730000,-0.099842585623264313,-0.10830000042915344
3347,1.6735000,-0.099280625581741333,-0.10639999806880951
3348,1.6740000,-0.098710641264915466,-0.10459999740123749
3349,1.6745000,-0.098135031759738922,-0.10279999673366547
3350,1.6750000,-0.097555726766586304,-0.10119999945163727
3351,1.6755000,-0.09697248786687851,-0.099500000476837158
3352,1.6760000,-0.096383944153785706,-0.097999997437000275
3353,1.6765000,-0.095786929130554199,-0.096500001847743988
3354,1.6770000,-0.095180429518222809,-0.095100000500679016
3355,1.6775000,-0.094565071165561676,-0.093800000846385956
3356,1.6780000,-0.093941770493984222,-0.092600002884864807
3357,1.6785000,-0.093313604593276978,-0.091399997472763062
3358,1.6790000,-0.092683061957359314,-0.090400002896785736
3359,1.6795000,-0.092050738632678986,-0.089299999177455902
3360,1.6800000,-0.091415658593177795,-0.088399998843669891
3361,1.6805000,-0.090775832533836365,-0.087600000202655792
3362,1.6810000,-0.090130724012851715,-0.086800001561641693
3363,1.6815000,-0.089479915797710419,-0.086099997162818909
3364,1.6820000,-0.088825099170207977,-0.085400000214576721
3365,1.6825000,-0.088169537484645844,-0.08489999920129776
3366,1.6830000,-0.087513603270053864,-0.084299996495246887
3367,1.6835000,-0.086858518421649933,-0.083899997174739838
3368,1.6840000,-0.086205638945102692,-0.083499997854232788
3369,1.6845000,-0.085553810000419617,-0.08320000022649765
3370,1.6850000,-0.084902726113796234,-0.082900002598762512
3371,1.6855000,-0.084251686930656433,-0.082699999213218689
3372,1.6860000,-0.083599939942359924,-0.082500003278255463
3373,1.6865000,-0.082948580384254456,-0.082299999892711639
3374,1.6870000,-0.082296997308731079,-0.082199998199939728
3375,1.6875000,-0.081643670797348022,-0.082099996507167816
3376,1.6880000,-0.080986827611923218,-0.082099996507167816
3377,1.6885000,-0.080324150621891022,-0.082000002264976501
3378,1.6890000,-0.079656809568405151,-0.082000002264976501
3379,1.6895000,-0.078986771404743195,-0.082000002264976501
3380,1.6900000,-0.078313536942005157,-0.082000002264976501
3381,1.6905000,-0.07763671875,-0.082000002264976501
3382,1.6910000,-0.076956987380981445,-0.08190000057220459
3383,1.6915000,-0.076274164021015167,-0.08190000057220459
3384,1.6920000,-0.075587071478366852,-0.08190000057220459
3385,1.6925000,-0.074895858764648438,-0.081799998879432678
3386,1.6930000,-0.074202388525009155,-0.081799998879432678
3387,1.6935000,-0.073508664965629578,-0.081699997186660767
3388,1.6940000,-0.072815544903278351,-0.081600002944469452
3389,1.6945000,-0.072122640907764435,-0.081399999558925629
3390,1.6950000,-0.07143007218837738,-0.081200003623962402
3391,1.6955000,-0.070738106966018677,-0.081000000238418579
3392,1.6960000,-0.070046015083789825,-0.080700002610683441
3393,1.6965000,-0.069353200495243073,-0.080399997532367706
3394,1.6970000,-0.068660162389278412,-0.080099999904632568
3395,1.6975000,-0.067968577146530151,-0.079700000584125519
3396,1.6980000,-0.067280501127243042,-0.079199999570846558
3397,1.6985000,-0.066596947610378265,-0.078699998557567596
3398,1.6990000,-0.065917357802391052,-0.078199997544288635
3399,1.6995000,-0.065240949392318726,-0.077600002288818359
3400,1.7000000,-0.064568445086479187,-0.076899997889995575
3401,1.7005000,-0.06390012800693512,-0.076200000941753387
3402,1.7010000,-0.063235551118850708,-0.075499996542930603
3403,1.7015000,-0.062575936317443848,-0.074699997901916504
3404,1.7020000,-0.061922106891870499,-0.073799997568130493
3405,1.7025000,-0.061274211853742599,-0.072899997234344482
3406,1.7030000,-0.060631781816482544,-0.071999996900558472
3407,1.7035000,-0.05999409407377243,-0.071000002324581146
3408,1.7040000,-0.059362281113862991,-0.070000000298023224
3409,1.7045000,-0.058736309409141541,-0.06889999657869339
3410,1.7050000,-0.058114830404520035,-0.067800000309944153
3411,1.7055000,-0.057497810572385788,-0.066600002348423004
3412,1.7060000,-0.056885328143835068,-0.06549999862909317
3413,1.7065000,-0.056277427822351456,-0.064300000667572021
3414,1.7070000,-0.055673997849225998,-0.063100002706050873
3415,1.7075000,-0.055074799805879593,-0.061799999326467514
3416,1.7080000,-0.054480336606502533,-0.060600001364946365
3417,1.7085000,-0.053891226649284363,-0.059399999678134918
3418,1.7090000,-0.053307529538869858,-0.058100000023841858
3419,1.7095000,-0.052728548645973206,-0.056800000369548798
3420,1.7100000,-0.052154090255498886,-0.05559999868273735
3421,1.7105000,-0.051584262400865555,-0.05429999902844429
3422,1.7110000,-0.051018334925174713,-0.053100001066923141
3423,1.7115000,-0.050456374883651733,-0.051899999380111694
3424,1.7120000,-0.049900978803634644,-0.050700001418590546
3425,1.7125000,-0.049355059862136841,-0.049499999731779099
3426,1.7130000,-0.048818651586771011,-0.048399999737739563
3427,1.7135000,-0.048290595412254333,-0.047200001776218414
3428,1.7140000,-0.047769632190465927,-0.046199999749660492
3429,1.7145000,-0.047253638505935669,-0.045099999755620956
3430,1.7150000,-0.046741053462028503,-0.044100001454353333
3431,1.7155000,-0.04623287171125412,-0.04309999942779541
3432,1.7160000,-0.045732103288173676,-0.042199999094009399
3433,1.7165000,-0.045239876955747604,-0.0414000004529953
3434,1.7170000,-0.044754102826118469,-0.040600001811981201
3435,1.7175000,-0.044272284954786301,-0.039799999445676804
3436,1.7180000,-0.043793797492980957,-0.039099998772144318
3437,1.7185000,-0.043317366391420364,-0.03840000182390213
3438,1.7190000,-0.042840033769607544,-0.037799999117851257
3439,1.7195000,-0.042361430823802948,-0.037300001829862595
3440,1.7200000,-0.041884258389472961,-0.036800000816583633
3441,1.7205000,-0.041411198675632477,-0.036400001496076584
3442,1.7210000,-0.040941804647445679,-0.035999998450279236
3443,1.7215000,-0.040473021566867828,-0.035700000822544098
3444,1.7220000,-0.040003444999456406,-0.035399999469518661
3445,1.7225000,-0.039531249552965164,-0.035199999809265137
3446,1.7230000,-0.039053317159414291,-0.035100001841783524
3447,1.7235000,-0.038569822907447815,-0.0348999984562397
3448,1.7240000,-0.03808216005563736,-0.0348999984562397
3449,1.7245000,-0.037591021507978439,-0.034800000488758087
3450,1.7250000,-0.037097189575433731,-0.034800000488758087
3451,1.7255000,-0.036599606275558472,-0.0348999984562397
3452,1.7260000,-0.03609747439622879,-0.0348999984562397
3453,1.7265000,-0.03559006005525589,-0.035000000149011612
3454,1.7270000,-0.035074558109045029,-0.035100001841783524
3455,1.7275000,-0.03455096110701561,-0.035300001502037048
3456,1.7280000,-0.034020241349935532,-0.035399999469518661
3457,1.7285000,-0.0334804467856884,-0.035599999129772186
3458,1.7290000,-0.032930869609117508,-0.035799998790025711
3459,1.7295000,-0.032372225075960159,-0.035900000482797623
3460,1.7300000,-0.031805068254470825,-0.036100000143051147
3461,1.7305000,-0.031229652464389801,-0.036299999803304672
3462,1.7310000,-0.030645037069916725,-0.036400001496076584
3463,1.7315000,-0.030052263289690018,-0.036600001156330109
3464,1.7320000,-0.029454190284013748,-0.036699999123811722
3465,1.7325000,-0.028851768001914024,-0.036800000816583633
3466,1.7330000,-0.028245082125067711,-0.036899998784065247
3467,1.7335000,-0.027634343132376671,-0.036899998784065247
3468,1.7340000,-0.027020564302802086,-0.036899998784065247
3469,1.7345000,-0.026405157521367073,-0.036899998784065247
3470,1.7350000,-0.025787690654397011,-0.036800000816583633
3471,1.7355000,-0.02516833133995533,-0.036600001156330109
3472,1.7360000,-0.024547645822167397,-0.036499999463558197
3473,1.7365000,-0.023924089968204498,-0.036299999803304672
3474,1.7370000,-0.02329653687775135,-0.035999998450279236
3475,1.7375000,-0.022664735093712807,-0.035599999129772186
3476,1.7380000,-0.022029899060726166,-0.035300001502037048
3477,1.7385000,-0.021394077688455582,-0.034800000488758087
3478,1.7390000,-0.02075689472258091,-0.034299999475479126
3479,1.7395000,-0.02011793851852417,-0.033799998462200165
3480,1.7400000,-0.019476708024740219,-0.03319999948143959
3481,1.7405000,-0.018831677734851837,-0.032499998807907104
3482,1.7410000,-0.018183166161179543,-0.031800001859664917
3483,1.7415000,-0.017531035467982292,-0.030999999493360519
3484,1.7420000,-0.01687496155500412,-0.030099999159574509
3485,1.7425000,-0.016216862946748734,-0.02930000051856041
3486,1.7430000,-0.015557357110083103,-0.028300000354647636
3487,1.7435000,-0.014895778149366379,-0.027300000190734863
3488,1.7440000,-0.01423214003443718,-0.02630000002682209
3489,1.7445000,-0.013567543588578701,-0.025200000032782555
3490,1.7450000,-0.012904118746519089,-0.024100000038743019
3491,1.7455000,-0.012241960503160954,-0.022900000214576721
3492,1.7460000,-0.011581349186599255,-0.021800000220537186
3493,1.7465000,-0.010924999602138996,-0.020500000566244125
3494,1.7470000,-0.010273361578583717,-0.019300000742077827
3495,1.7475000,-0.0096247196197509766,-0.017999999225139618
3496,1.7480000,-0.00897943414747715,-0.01679999940097332
3497,1.7485000,-0.0083400970324873924,-0.01549999974668026
3498,1.7490000,-0.0077083427459001541,-0.014200000092387199
3499,1.7495000,-0.0070836376398801804,-0.012900000438094139
3500,1.7500000,-0.0064672054722905159,-0.011599999852478504
3501,1.7505000,-0.0058614197187125683,-0.010300000198185444
3502,1.7510000,-0.0052648764103651047,-0.008999999612569809
3503,1.7515000,-0.0046759410761296749,-0.0076999999582767487
3504,1.7520000,-0.0040949913673102856,-0.006399999838322401
3505,1.7525000,-0.0035212370567023754,-0.0052000000141561031
3506,1.7530000,-0.0029540413524955511,-0.0040000001899898052
3507,1.7535000,-0.0023935926146805286,-0.00279999990016222
3508,1.7540000,-0.0018410529009997845,-0.0017000000225380063
3509,1.7545000,-0.0012979032471776009,-0.00050000002374872565
3510,1.7550000,-0.000762796844355762,0.00050000002374872565
3511,1.7555000,-0.00023327080998569727,0.0015999999595806003
3512,1.7560000,0.000291400559945032,0.0026000000070780516
3513,1.7565000,0.00081036693882197142,0.0035000001080334187
3514,1.7570000,0.0013230418553575873,0.0043999999761581421
3515,1.7575000,0.0018305008998140693,0.0052999998442828655
3516,1.7580000,0.0023326666560024023,0.0060999998822808266
3517,1.7585000,0.0028284734580665827,0.0068000000901520252
3518,1.7590000,0.0033192425034940243,0.0074999998323619366
3519,1.7595000,0.0038066206034272909,0.0082000000402331352
3520,1.7600000,0.0042921872809529305,0.0087999999523162842
3521,1.7605000,0.0047780871391296387,0.0093999998643994331
3522,1.7610000,0.0052650291472673416,0.0098999999463558197
3523,1.7615000,0.0057534598745405674,0.010300000198185444
3524,1.7620000,0.0062430137768387794,0.01080000028014183
3525,1.7625000,0.0067322952672839165,0.011099999770522118
3526,1.7630000,0.0072215194813907146,0.011500000022351742
3527,1.7635000,0.0077119562774896622,0.011800000444054604
3528,1.7640000,0.0082055497914552689,0.012099999934434891
3529,1.7645000,0.0087044071406126022,0.012299999594688416
3530,1.7650000,0.0092083029448986053,0.012500000186264515
3531,1.7655000,0.0097166514024138451,0.01269999984651804
3532,1.7660000,0.010228792205452919,0.012900000438094139
3533,1.7665000,0.010742479003965855,0.013100000098347664
3534,1.7670000,0.011257695034146309,0.013199999928474426
3535,1.7675000,0.011775813065469265,0.013299999758601189
3536,1.7680000,0.012296802364289761,0.013500000350177288
3537,1.7685000,0.012820521369576454,0.01360000018030405
3538,1.7690000,0.013346218504011631,0.013700000010430813
3539,1.7695000,0.013873480260372162,0.013899999670684338
3540,1.7700000,0.014401703141629696,0.014000000432133675
3541,1.7705000,0.014928537420928478,0.014200000092387199
3542,1.7710000,0.015453782863914967,0.014399999752640724
3543,1.7715000,0.01597927138209343,0.014600000344216824
3544,1.7720000,0.016505807638168335,0.014800000004470348
3545,1.7725000,0.01703275740146637,0.01510000042617321
3546,1.7730000,0.017558533698320389,0.015399999916553497
3547,1.7735000,0.018083341419696808,0.015699999406933784
3548,1.7740000,0.018607711419463158,0.016100000590085983
3549,1.7745000,0.019129758700728416,0.016499999910593033
3550,1.7750000,0.019648734480142593,0.016899999231100082
3551,1.7755000,0.020165432244539261,0.017400000244379044
3552,1.7760000,0.020680388435721397,0.017899999395012856
3553,1.7765000,0.021194301545619965,0.018400000408291817
3554,1.7770000,0.021706977859139442,0.018999999389052391
3555,1.7775000,0.022218162193894386,0.019600000232458115
3556,1.7780000,0.022727195173501968,0.020300000905990601
3557,1.7785000,0.023232460021972656,0.020999999716877937
3558,1.7790000,0.023734061047434807,0.021700000390410423
3559,1.7795000,0.024233097210526466,0.022500000894069672
3560,1.7800000,0.024730455130338669,0.023299999535083771
3561,1.7805000,0.025227030739188194,0.024100000038743019
3562,1.7810000,0.02572287991642952,0.024900000542402267
3563,1.7815000,0.026217767968773842,0.025800000876188278
3564,1.7820000,0.02671075239777565,0.02669999934732914
3565,1.7825000,0.027200940996408463,0.02759999968111515
3566,1.7830000,0.027689257636666298,0.028500000014901161
3567,1.7835000,0.028177544474601746,0.029400000348687172
3568,1.7840000,0.028665659949183464,0.030400000512599945
3569,1.7845000,0.029150940477848053,0.031300000846385956
3570,1.7850000,0.029632255434989929,0.032200001180171967
3571,1.7855000,0.030110189691185951,0.03319999948143959
3572,1.7860000,0.030584268271923065,0.034099999815225601
3573,1.7865000,0.031052835285663605,0.035000000149011612
3574,1.7870000,0.031515456736087799,0.035900000482797623
3575,1.7875000,0.031974028795957565,0.036699999123811722
3576,1.7880000,0.032429054379463196,0.037599999457597733
3577,1.7885000,0.03287874162197113,0.03840000182390213
3578,1.7890000,0.033322334289550781,0.039200000464916229
3579,1.7895000,0.033760964870452881,0.039900001138448715
3580,1.7900000,0.034194678068161011,0.040600001811981201
3581,1.7905000,0.034621886909008026,0.041299998760223389
3582,1.7910000,0.03504268079996109,0.041999999433755875
3583,1.7915000,0.035459216684103012,0.042599998414516449
3584,1.7920000,0.035872247070074081,0.04309999942779541
3585,1.7925000,0.036280196160078049,0.043600000441074371
3586,1.7930000,0.036682505160570145,0.044100001454353333
3587,1.7935000,0.037079524248838425,0.044500000774860382
3588,1.7940000,0.037470735609531403,0.044900000095367432
3589,1.7945000,0.037855468690395355,0.045299999415874481
3590,1.7950000,0.038233879953622818,0.045600000768899918
3591,1.7955000,0.038607720285654068,0.045800000429153442
3592,1.7960000,0.038977354764938354,0.046000000089406967
3593,1.7965000,0.039340045303106308,0.046199999749660492
3594,1.7970000,0.039694931358098984,0.046399999409914017
3595,1.7975000,0.040042884647846222,0.046500001102685928
3596,1.7980000,0.040382999926805496,0.046500001102685928
3597,1.7985000,0.040714666247367859,0.046599999070167542
3598,1.7990000,0.041039653122425079,0.046599999070167542
3599,1.7995000,0.041360769420862198,0.046599999070167542
3600,1.8000000,0.041677042841911316,0.046500001102685928
3601,1.8005000,0.041985053569078445,0.046399999409914017
3602,1.8010000,0.042284738272428513,0.046399999409914017
3603,1.8015000,0.042576178908348083,0.046300001442432404
3604,1.8020000,0.042858213186264038,0.046199999749660492
3605,1.8025000,0.043131139129400253,0.046000000089406967
3606,1.8030000,0.043396554887294769,0.045899998396635056
3607,1.8035000,0.043657306581735611,0.045800000429153442
3608,1.8040000,0.043914228677749634,0.045600000768899918
3609,1.8045000,0.044165022671222687,0.045499999076128006
3610,1.8050000,0.044409375637769699,0.045400001108646393
3611,1.8055000,0.044648688286542892,0.045299999415874481
3612,1.8060000,0.044882267713546753,0.045200001448392868
3613,1.8065000,0.045109841972589493,0.045099999755620956
3614,1.8070000,0.0453333780169487,0.045000001788139343
3615,1.8075000,0.045554932206869125,0.044900000095367432
3616,1.8080000,0.04577510803937912,0.04479999840259552
3617,1.8085000,0.045993849635124207,0.04479999840259552
3618,1.8090000,0.046212401241064072,0.04479999840259552
3619,1.8095000,0.04643172025680542,0.04479999840259552
3620,1.8100000,0.046650845557451248,0.04479999840259552
3621,1.8105000,0.046869609504938126,0.044900000095367432
3622,1.8110000,0.047089740633964539,0.044900000095367432
3623,1.8115000,0.047311287373304367,0.045000001788139343
3624,1.8120000,0.047532986849546432,0.045099999755620956
3625,1.8125000,0.047755349427461624,0.045299999415874481
3626,1.8130000,0.047978829592466354,0.045400001108646393
3627,1.8135000,0.048203561455011368,0.045600000768899918
3628,1.8140000,0.048429783433675766,0.045800000429153442
3629,1.8145000,0.048656895756721497,0.046100001782178879
3630,1.8150000,0.048886500298976898,0.046300001442432404
3631,1.8155000,0.049120571464300156,0.046599999070167542
3632,1.8160000,0.049356509000062943,0.046900000423192978
3633,1.8165000,0.0495915487408638,0.047200001776218414
3634,1.8170000,0.049824707210063934,0.047499999403953552
3635,1.8175000,0.050054747611284256,0.047800000756978989
3636,1.8180000,0.0502820685505867,0.048200000077486038
3637,1.8185000,0.050508204847574234,0.048500001430511475
3638,1.8190000,0.050735164433717728,0.048900000751018524
3639,1.8195000,0.050963666290044785,0.049300000071525574
3640,1.8200000,0.05119280144572258,0.049699999392032623
3641,1.8205000,0.051422495394945145,0.050099998712539673
3642,1.8210000,0.051652047783136368,0.050500001758337021
3643,1.8215000,0.051881544291973114,0.05090000107884407
3644,1.8220000,0.052112668752670288,0.05130000039935112
3645,1.8225000,0.052346710115671158,0.05169999971985817
3646,1.8230000,0.052585531026124954,0.052099999040365219
3647,1.8235000,0.052830200642347336,0.05260000005364418
3648,1.8240000,0.053079787641763687,0.05299999937415123
3649,1.8245000,0.053332723677158356,0.053399998694658279
3650,1.8250000,0.053588151931762695,0.053800001740455627
3651,1.8255000,0.053846526890993118,0.054099999368190765
3652,1.8260000,0.054108213633298874,0.054499998688697815
3653,1.8265000,0.054373733699321747,0.054900001734495163
3654,1.8270000,0.054644729942083359,0.055300001055002213
3655,1.8275000,0.05492110550403595,0.05559999868273735
3656,1.8280000,0.055200900882482529,0.056000001728534698
3657,1.8285000,0.055482380092144012,0.056299999356269836
3658,1.8290000,0.055764064192771912,0.056600000709295273
3659,1.8295000,0.056046079844236374,0.056899998337030411
3660,1.8300000,0.056329246610403061,0.057199999690055847
3661,1.8305000,0.056613583117723465,0.057500001043081284
3662,1.8310000,0.056899897754192352,0.057700000703334808
3663,1.8315000,0.057188417762517929,0.057999998331069946
3664,1.8320000,0.057477269321680069,0.05820000171661377
3665,1.8325000,0.057765282690525055,0.058400001376867294
3666,1.8330000,0.058052603155374527,0.058600001037120819
3667,1.8335000,0.058339335024356842,0.058800000697374344
3668,1.8340000,0.058625545352697372,0.059000000357627869
3669,1.8345000,0.058911319822072983,0.059200000017881393
3670,1.8350000,0.059196904301643372,0.059300001710653305
3671,1.8355000,0.059482119977474213,0.059399999678134918
3672,1.8360000,0.059765670448541641,0.059599999338388443
3673,1.8365000,0.06004684790968895,0.059700001031160355
3674,1.8370000,0.060325920581817627,0.059799998998641968
3675,1.8375000,0.060601599514484406,0.059900000691413879
3676,1.8380000,0.060873281210660934,0.059900000691413879
3677,1.8385000,0.061142142862081528,0.059999998658895493
3678,1.8390000,0.061408337205648422,0.059999998658895493
3679,1.8395000,0.061671335250139236,0.060100000351667404
3680,1.8400000,0.061929401010274887,0.060100000351667404
3681,1.8405000,0.062180470675230026,0.060100000351667404
3682,1.8410000,0.062423653900623322,0.060199998319149017
3683,1.8415000,0.062658488750457764,0.060199998319149017
3684,1.8420000,0.062885642051696777,0.060199998319149017
3685,1.8425000,0.063105523586273193,0.060199998319149017
3686,1.8430000,0.063317090272903442,0.060199998319149017
3687,1.8435000,0.063519887626171112,0.060199998319149017
3688,1.8440000,0.063714683055877686,0.060100000351667404
3689,1.8445000,0.063903443515300751,0.060100000351667404
3690,1.8450000,0.064088098704814911,0.060100000351667404
3691,1.8455000,0.064269997179508209,0.060100000351667404
3692,1.8460000,0.064451754093170166,0.060100000351667404
3693,1.8465000,0.064634226262569427,0.060100000351667404
3694,1.8470000,0.064814671874046326,0.060100000351667404
3695,1.8475000,0.064992085099220276,0.060100000351667404
3696,1.8480000,0.065168321132659912,0.059999998658895493
3697,1.8485000,0.065344184637069702,0.059999998658895493
3698,1.8490000,0.065520107746124268,0.059999998658895493
3699,1.8495000,0.065697290003299713,0.060100000351667404
3700,1.8500000,0.06587681919336319,0.060100000351667404
3701,1.8505000,0.066059574484825134,0.060100000351667404
3702,1.8510000,0.066244825720787048,0.060100000351667404
3703,1.8515000,0.066432580351829529,0.060199998319149017
3704,1.8520000,0.066624186933040619,0.060199998319149017
3705,1.8525000,0.066818304359912872,0.060300000011920929
3706,1.8530000,0.06701243668794632,0.060300000011920929
3707,1.8535000,0.067205891013145447,0.060400001704692841
3708,1.8540000,0.067400626838207245,0.060499999672174454
3709,1.8545000,0.067599028348922729,0.060600001364946365
3710,1.8550000,0.067800410091876984,0.060699999332427979
3711,1.8555000,0.068003222346305847,0.060899998992681503
3712,1.8560000,0.068208232522010803,0.061000000685453415
3713,1.8565000,0.068416386842727661,0.06120000034570694
3714,1.8570000,0.06862611323595047,0.061299998313188553
3715,1.8575000,0.068836778402328491,0.061500001698732376
3716,1.8580000,0.069050252437591553,0.061799999326467514
3717,1.8585000,0.06926736980676651,0.061999998986721039
3718,1.8590000,0.069487400352954865,0.062199998646974564
3719,1.8595000,0.069709129631519318,0.0625
3720,1.8600000,0.069932550191879272,0.062799997627735138
3721,1.8605000,0.070157654583454132,0.063100002706050873
3722,1.8610000,0.070382826030254364,0.063500002026557922
3723,1.8615000,0.070609919726848602,0.06379999965429306
3724,1.8620000,0.070841386914253235,0.06419999897480011
3725,1.8625000,0.071076437830924988,0.064599998295307159
3726,1.8630000,0.071315959095954895,0.064999997615814209
3727,1.8635000,0.071559511125087738,0.06549999862909317
3728,1.8640000,0.071804732084274292,0.065999999642372131
3729,1.8645000,0.072050526738166809,0.066500000655651093
3730,1.8650000,0.072295442223548889,0.067000001668930054
3731,1.8655000,0.072540469467639923,0.067500002682209015
3732,1.8660000,0.072788223624229431,0.068099997937679291
3733,1.8665000,0.073039278388023376,0.068700000643730164
3734,1.8670000,0.07329423725605011,0.069300003349781036
3735,1.8675000,0.073552593588829041,0.069899998605251312
3736,1.8680000,0.073811493813991547,0.070600003004074097
3737,1.8685000,0.074069023132324219,0.071299999952316284
3738,1.8690000,0.074324280023574829,0.071999996900558472
3739,1.8695000,0.074576921761035919,0.072700001299381256
3740,1.8700000,0.074828878045082092,0.073399998247623444
3741,1.8705000,0.075081005692481995,0.074199996888637543
3742,1.8710000,0.075332373380661011,0.074900001287460327
3743,1.8715000,0.075583130121231079,0.075699999928474426
3744,1.8720000,0.075832545757293701,0.076499998569488525
3745,1.8725000,0.076080054044723511,0.077299997210502625
3746,1.8730000,0.076325178146362305,0.078100003302097321
3747,1.8735000,0.076565533876419067,0.07890000194311142
3748,1.8740000,0.076800420880317688,0.07980000227689743
3749,1.8745000,0.077030137181282043,0.08060000091791153
3750,1.8750000,0.077253662049770355,0.081399999558925629
3751,1.8755000,0.077470488846302032,0.082199998199939728
3752,1.8760000,0.077680960297584534,0.082999996840953827
3753,1.8765000,0.077885404229164124,0.083800002932548523
3754,1.8770000,0.078082643449306488,0.084600001573562622
3755,1.8775000,0.078270472586154938,0.085400000214576721
3756,1.8780000,0.078448832035064697,0.08619999885559082
3757,1.8785000,0.078618846833705902,0.086900003254413605
3758,1.8790000,0.078781813383102417,0.087700001895427704
3759,1.8795000,0.07893940806388855,0.088399998843669891
3760,1.8800000,0.079092338681221008,0.089100003242492676
3761,1.8805000,0.079240016639232635,0.089699998497962952
3762,1.8810000,0.079380743205547333,0.090400002896785736
3763,1.8815000,0.079514779150485992,0.090999998152256012
3764,1.8820000,0.079643905162811279,0.091600000858306885
3765,1.8825000,0.079767152667045593,0.092200003564357758
3766,1.8830000,0.079884342849254608,0.092699997127056122
3767,1.8835000,0.079997338354587555,0.093199998140335083
3768,1.8840000,0.080107539892196655,0.093699999153614044
3769,1.8845000,0.080216690897941589,0.094200000166893005
3770,1.8850000,0.080324865877628326,0.094599999487400055
3771,1.8855000,0.080431640148162842,0.094999998807907104
3772,1.8860000,0.080538123846054077,0.095399998128414154
3773,1.8865000,0.080643758177757263,0.095799997448921204
3774,1.8870000,0.080747969448566437,0.096100002527236938
3775,1.8875000,0.080851189792156219,0.096400000154972076
3776,1.8880000,0.080952808260917664,0.096699997782707214
3777,1.8885000,0.081054061651229858,0.097000002861022949
3778,1.8890000,0.081155993044376373,0.097199998795986176
3779,1.8895000,0.081258691847324371,0.097499996423721313
3780,1.8900000,0.081363879144191742,0.097699999809265137
3781,1.8905000,0.081471137702465057,0.09790000319480896
3782,1.8910000,0.081579007208347321,0.098099999129772186
3783,1.8915000,0.081687279045581818,0.09830000251531601
3784,1.8920000,0.081795714795589447,0.098499998450279236
3785,1.8925000,0.08190455287694931,0.098700001835823059
3786,1.8930000,0.082013346254825592,0.098800003528594971
3787,1.8935000,0.082122229039669037,0.098999999463558197
3788,1.8940000,0.082232721149921417,0.09920000284910202
3789,1.8945000,0.082344330847263336,0.099399998784065247
3790,1.8950000,0.082456357777118683,0.09960000216960907
3791,1.8955000,0.082569047808647156,0.099799998104572296
3792,1.8960000,0.082680970430374146,0.10000000149011612
3793,1.8965000,0.08279138058423996,0.10019999742507935
3794,1.8970000,0.082900933921337128,0.10040000081062317
3795,1.8975000,0.083010211586952209,0.1005999967455864
3796,1.8980000,0.08311907947063446,0.10090000182390213
3797,1.8985000,0.083226338028907776,0.10109999775886536
3798,1.8990000,0.083331950008869171,0.10140000283718109
3799,1.8995000,0.083435624837875366,0.10170000046491623
3800,1.9000000,0.083535961806774139,0.10199999809265137
3801,1.9005000,0.083633147180080414,0.10239999741315842
3802,1.9010000,0.083726860582828522,0.10270000249147415
3803,1.9015000,0.083816669881343842,0.1031000018119812
3804,1.9020000,0.083903469145298004,0.10350000113248825
3805,1.9025000,0.083987273275852203,0.10379999876022339
3806,1.9030000,0.084068171679973602,0.10429999977350235
3807,1.9035000,0.084146253764629364,0.1046999990940094
3808,1.9040000,0.084220670163631439,0.10509999841451645
3809,1.9045000,0.084289960563182831,0.10559999942779541
3810,1.9050000,0.08435261994600296,0.10610000044107437
3811,1.9055000,0.084409795701503754,0.10660000145435333
3812,1.9060000,0.084463730454444885,0.10710000246763229
3813,1.9065000,0.084513463079929352,0.10760000348091125
3814,1.9070000,0.084557436406612396,0.10809999704360962
3815,1.9075000,0.084596090018749237,0.10859999805688858
3816,1.9080000,0.084630660712718964,0.10920000076293945
3817,1.9085000,0.08466213196516037,0.10970000177621841
3818,1.9090000,0.084690466523170471,0.11029999703168869
3819,1.9095000,0.084715500473976135,0.11089999973773956
3820,1.9100000,0.084737129509449005,0.11140000075101852
3821,1.9105000,0.084754370152950287,0.1120000034570694
3822,1.9110000,0.084767743945121765,0.11259999871253967
3823,1.9115000,0.084777951240539551,0.11320000141859055
3824,1.9120000,0.084784373641014099,0.11379999667406082
3825,1.9125000,0.084787897765636444,0.11439999938011169
3826,1.9130000,0.08478865772485733,0.11500000208616257
3827,1.9135000,0.084785804152488708,0.11559999734163284
3828,1.9140000,0.084779523313045502,0.11620000004768372
3829,1.9145000,0.084770344197750092,0.11680000275373459
3830,1.9150000,0.084759972989559174,0.11729999631643295
3831,1.9155000,0.084750466048717499,0.11789999902248383
3832,1.9160000,0.084743529558181763,0.1185000017285347
3833,1.9165000,0.084741011261940002,0.11909999698400497
3834,1.9170000,0.084741763770580292,0.11969999969005585
3835,1.9175000,0.08474276214838028,0.12020000070333481
3836,1.9180000,0.084743253886699677,0.12080000340938568
3837,1.9185000,0.084744438529014587,0.12139999866485596
3838,1.9190000,0.084747888147830963,0.12189999967813492
3839,1.9195000,0.084753595292568207,0.12250000238418579
3840,1.9200000,0.084762133657932281,0.12300000339746475
3841,1.9205000,0.084775425493717194,0.12359999865293503
3842,1.9210000,0.084792584180831909,0.12409999966621399
3843,1.9215000,0.084811605513095856,0.12460000067949295
3844,1.9220000,0.084832042455673218,0.12510000169277191
3845,1.9225000,0.084854871034622192,0.12569999694824219
3846,1.9230000,0.084881938993930817,0.12620000541210175
3847,1.9235000,0.084913358092308044,0.12669999897480011
3848,1.9240000,0.084948770701885223,0.12720000743865967
3849,1.9245000,0.084988512098789215,0.12770000100135803
3850,1.9250000,0.085031494498252869,0.1281999945640564
3851,1.9255000,0.085076473653316498,0.12870000302791595
3852,1.9260000,0.085122279822826385,0.12919999659061432
3853,1.9265000,0.08516799658536911,0.12970000505447388
3854,1.9270000,0.085214316844940186,0.13019999861717224
3855,1.9275000,0.085260882973670959,0.13060000538825989
3856,1.9280000,0.085305787622928619,0.13109999895095825
3857,1.9285000,0.085348241031169891,0.13160000741481781
3858,1.9290000,0.085387237370014191,0.13210000097751617
3859,1.9295000,0.085421860218048096,0.13249999284744263
3860,1.9300000,0.08545348048210144,0.13300000131130219
3861,1.9305000,0.085481986403465271,0.13349999487400055
3862,1.9310000,0.085504837334156036,0.13400000333786011
3863,1.9315000,0.08552214503288269,0.13439999520778656
3864,1.9320000,0.085535980761051178,0.13490000367164612
3865,1.9325000,0.085546880960464478,0.13539999723434448
3866,1.9330000,0.085554681718349457,0.13580000400543213
3867,1.9335000,0.085560604929924011,0.13629999756813049
3868,1.9340000,0.085566364228725433,0.13670000433921814
3869,1.9345000,0.085570789873600006,0.1371999979019165
3870,1.9350000,0.085571996867656708,0.13760000467300415
3871,1.9355000,0.085570655763149261,0.13809999823570251
3872,1.9360000,0.085568495094776154,0.13850000500679016
3873,1.9365000,0.085565909743309021,0.13899999856948853
3874,1.9370000,0.085561759769916534,0.13940000534057617
3875,1.9375000,0.08555622398853302,0.13979999721050262
3876,1.9380000,0.085550263524055481,0.14020000398159027
3877,1.9385000,0.085544206202030182,0.14059999585151672
3878,1.9390000,0.085537299513816833,0.14100000262260437
3879,1.9395000,0.08552839607000351,0.14139999449253082
3880,1.9400000,0.085519559681415558,0.14169999957084656
3881,1.9405000,0.085513696074485779,0.1421000063419342
3882,1.9410000,0.085512518882751465,0.14239999651908875
3883,1.9415000,0.085516341030597687,0.14270000159740448
3884,1.9420000,0.085523158311843872,0.14300000667572021
3885,1.9425000,0.085532799363136292,0.14329999685287476
3886,1.9430000,0.085546538233757019,0.14350000023841858
3887,1.9435000,0.085564784705638885,0.1437000036239624
3888,1.9440000,0.085588440299034119,0.14399999380111694
3889,1.9445000,0.085618279874324799,0.14409999549388885
3890,1.9450000,0.085653729736804962,0.14429999887943268
3891,1.9455000,0.08569355309009552,0.14440000057220459
3892,1.9460000,0.085737027227878571,0.14460000395774841
3893,1.9465000,0.085783973336219788,0.14470000565052032
3894,1.9470000,0.085833258926868439,0.14470000565052032
3895,1.9475000,0.085884369909763336,0.14480000734329224
3896,1.9480000,0.085939213633537292,0.14480000734329224
3897,1.9485000,0.085998818278312683,0.14480000734329224
3898,1.9490000,0.086061947047710419,0.14480000734329224
3899,1.9495000,0.086127094924449921,0.14470000565052032
3900,1.9500000,0.086193680763244629,0.14460000395774841
3901,1.9505000,0.086261145770549774,0.14460000395774841
3902,1.9510000,0.086328029632568359,0.14440000057220459
3903,1.9515000,0.086393550038337708,0.14429999887943268
3904,1.9520000,0.086458757519721985,0.14419999718666077
3905,1.9525000,0.086525417864322662,0.14399999380111694
3906,1.9530000,0.086593113839626312,0.14380000531673431
3907,1.9535000,0.086659744381904602,0.14360000193119049
3908,1.9540000,0.086724504828453064,0.14339999854564667
3909,1.9545000,0.086786963045597076,0.14319999516010284
3910,1.9550000,0.086846403777599335,0.14300000667572021
3911,1.9555000,0.08690238744020462,0.14280000329017639
3912,1.9560000,0.086955048143863678,0.14259999990463257
3913,1.9565000,0.087005250155925751,0.14229999482631683
3914,1.9570000,0.087053753435611725,0.1421000063419342
3915,1.9575000,0.087099730968475342,0.14190000295639038
3916,1.9580000,0.087141625583171844,0.14169999957084656
3917,1.9585000,0.087178833782672882,0.14149999618530273
3918,1.9590000,0.087211139500141144,0.14129999279975891
3919,1.9595000,0.087239593267440796,0.14110000431537628
3920,1.9600000,0.087265536189079285,0.14100000262260437
3921,1.9605000,0.087288975715637207,0.14079999923706055
3922,1.9610000,0.087309718132019043,0.14069999754428864
3923,1.9615000,0.087325774133205414,0.14059999585151672
3924,1.9620000,0.087335892021656036,0.14059999585151672
3925,1.9625000,0.087342135608196259,0.14049999415874481
3926,1.9630000,0.087345249950885773,0.14049999415874481
3927,1.9635000,0.087344899773597717,0.14049999415874481
3928,1.9640000,0.087342657148838043,0.14059999585151672
3929,1.9645000,0.087340511381626129,0.14069999754428864
3930,1.9650000,0.087338536977767944,0.14079999923706055
3931,1.9655000,0.087334528565406799,0.14090000092983246
3932,1.9660000,0.087329372763633728,0.14110000431537628
3933,1.9665000,0.087326444685459137,0.14139999449253082
3934,1.9670000,0.087324582040309906,0.14159999787807465
3935,1.9675000,0.087321676313877106,0.14190000295639038
3936,1.9680000,0.087318882346153259,0.14229999482631683
3937,1.9685000,0.087318293750286102,0.14270000159740448
3938,1.9690000,0.087319754064083099,0.14309999346733093
3939,1.9695000,0.087320432066917419,0.14360000193119049
3940,1.9700000,0.087320737540721893,0.14409999549388885
3941,1.9705000,0.087324313819408417,0.14460000395774841
3942,1.9710000,0.087331213057041168,0.14519999921321869
3943,1.9715000,0.087339341640472412,0.14579999446868896
3944,1.9720000,0.087348274886608124,0.14650000631809235
3945,1.9725000,0.087358638644218445,0.14720000326633453
3946,1.9730000,0.087370961904525757,0.14790000021457672
3947,1.9735000,0.087384261190891266,0.14859999716281891
3948,1.9740000,0.087397851049900055,0.14939999580383301
3949,1.9745000,0.087412543594837189,0.15019999444484711
3950,1.9750000,0.087427899241447449,0.15109999477863312
3951,1.9755000,0.087444067001342773,0.15189999341964722
3952,1.9760000,0.087460912764072418,0.15279999375343323
3953,1.9765000,0.087475426495075226,0.15369999408721924
3954,1.9770000,0.087485931813716888,0.15459999442100525
3955,1.9775000,0.087492197751998901,0.15559999644756317
3956,1.9780000,0.087494619190692902,0.15649999678134918
3957,1.9785000,0.087494552135467529,0.1574999988079071
3958,1.9790000,0.087492391467094421,0.15839999914169312
3959,1.9795000,0.08748820424079895,0.15940000116825104
3960,1.9800000,0.087481647729873657,0.16040000319480896
3961,1.9805000,0.087471954524517059,0.16130000352859497
3962,1.9810000,0.087458834052085876,0.16230000555515289
3963,1.9815000,0.087440639734268188,0.16329999268054962
3964,1.9820000,0.087415985763072968,0.16419999301433563
3965,1.9825000,0.087386511266231537,0.16519999504089355
3966,1.9830000,0.087353847920894623,0.16609999537467957
3967,1.9835000,0.087318368256092072,0.16699999570846558
3968,1.9840000,0.087280027568340302,0.16789999604225159
3969,1.9845000,0.087238550186157227,0.1687999963760376
3970,1.9850000,0.08719402551651001,0.1695999950170517
3971,1.9855000,0.087144874036312103,0.17049999535083771
3972,1.9860000,0.087089426815509796,0.17129999399185181
3973,1.9865000,0.087030380964279175,0.17200000584125519
3974,1.9870000,0.086971037089824677,0.17280000448226929
3975,1.9875000,0.086912229657173157,0.17350000143051147
3976,1.9880000,0.086853042244911194,0.17419999837875366
3977,1.9885000,0.086790136992931366,0.17479999363422394
3978,1.9890000,0.086722396314144135,0.17540000379085541
3979,1.9895000,0.086649827659130096,0.17589999735355377
3980,1.9900000,0.086570046842098236,0.17649999260902405
3981,1.9905000,0.086484536528587341,0.17689999938011169
3982,1.9910000,0.086396344006061554,0.17730000615119934
3983,1.9915000,0.086307153105735779,0.17769999802112579
3984,1.9920000,0.086217030882835388,0.17800000309944153
3985,1.9925000,0.086122512817382812,0.17829999327659607
3986,1.9930000,0.086023569107055664,0.17849999666213989
3987,1.9935000,0.085920855402946472,0.17870000004768372
3988,1.9940000,0.085812203586101532,0.17890000343322754
3989,1.9945000,0.085698284208774567,0.17900000512599945
3990,1.9950000,0.08557979017496109,0.17900000512599945
3991,1.9955000,0.085456736385822296,0.17900000512599945
3992,1.9960000,0.085328362882137299,0.17900000512599945
3993,1.9965000,0.085191689431667328,0.17890000343322754
3994,1.9970000,0.085046447813510895,0.17880000174045563
3995,1.9975000,0.084893517196178436,0.1785999983549118
3996,1.9980000,0.084731973707675934,0.17839999496936798
3997,1.9985000,0.084563396871089935,0.17820000648498535
3998,1.9990000,0.084390640258789062,0.17790000140666962
3999,1.9995000,0.084214866161346436,0.17759999632835388
4000,2.0000000,0.084034658968448639,0.17730000615119934
4001,2.0005000,0.0838465616106987,0.17700000107288361
4002,2.0010000,0.083649992942810059,0.17669999599456787
4003,2.0015000,0.083446599543094635,0.17630000412464142
4004,2.0020000,0.083238169550895691,0.17599999904632568
4005,2.0025000,0.083027556538581848,0.17560000717639923
4006,2.0030000,0.082817032933235168,0.17520000040531158
4007,2.0035000,0.082606494426727295,0.17489999532699585
4008,2.0040000,0.082396365702152252,0.17460000514984131
4009,2.0045000,0.082192905247211456,0.17430000007152557
4010,2.0050000,0.082003004848957062,0.17399999499320984
4011,2.0055000,0.081825673580169678,0.1737000048160553
4012,2.0060000,0.081658095121383667,0.17350000143051147
4013,2.0065000,0.081503488123416901,0.17329999804496765
4014,2.0070000,0.081364788115024567,0.17319999635219574
4015,2.0075000,0.081239670515060425,0.17309999465942383
4016,2.0080000,0.081126011908054352,0.17309999465942383
4017,2.0085000,0.081026598811149597,0.17309999465942383
4018,2.0090000,0.080946385860443115,0.17319999635219574
4019,2.0095000,0.080885030329227448,0.17339999973773956
4020,2.0100000,0.080841407179832458,0.17360000312328339
4021,2.0105000,0.080820031464099884,0.17399999499320984
4022,2.0110000,0.080823488533496857,0.17440000176429749
4023,2.0115000,0.080850414931774139,0.17489999532699585
4024,2.0120000,0.080900691449642181,0.17550000548362732
4025,2.0125000,0.080975688993930817,0.17620000243186951
4026,2.0130000,0.081075049936771393,0.17700000107288361
4027,2.0135000,0.08119598776102066,0.17790000140666962
4028,2.0140000,0.081338830292224884,0.17890000343322754
4029,2.0145000,0.08150818943977356,0.18000000715255737
4030,2.0150000,0.081706196069717407,0.18119999766349792
4031,2.0155000,0.081931523978710175,0.18250000476837158
4032,2.0160000,0.082184955477714539,0.18389999866485596
4033,2.0165000,0.082469448447227478,0.18539999425411224
4034,2.0170000,0.082786254584789276,0.18700000643730164
4035,2.0175000,0.083135426044464111,0.18870000541210175
4036,2.0180000,0.083517655730247498,0.19059999287128448
4037,2.0185000,0.083935528993606567,0.19249999523162842
4038,2.0190000,0.084390953183174133,0.19449999928474426
4039,2.0195000,0.084885120391845703,0.19660000503063202
4040,2.0200000,0.085422709584236145,0.19879999756813049
4041,2.0205000,0.086008183658123016,0.20100000500679016
4042,2.0210000,0.086643576622009277,0.20340000092983246
4043,2.0215000,0.087328948080539703,0.20579999685287476
4044,2.0220000,0.088063113391399384,0.20829999446868896
4045,2.0225000,0.088847197592258453,0.21080000698566437
4046,2.0230000,0.089679941534996033,0.21349999308586121
4047,2.0235000,0.090557463467121124,0.21610000729560852
4048,2.0240000,0.091481603682041168,0.21879999339580536
4049,2.0245000,0.092457972466945648,0.2215999960899353
4050,2.0250000,0.093489237129688263,0.22439999878406525
4051,2.0255000,0.094574622809886932,0.22720000147819519
4052,2.0260000,0.095713801681995392,0.23010000586509705
4053,2.0265000,0.09690568596124649,0.2328999936580658
4054,2.0270000,0.098143957555294037,0.23579999804496765
4055,2.0275000,0.09942258894443512,0.23870000243186951
4056,2.0280000,0.10074310004711151,0.24160000681877136
4057,2.0285000,0.10211062431335449,0.24449999630451202
4058,2.0290000,0.10352595895528793,0.24729999899864197
4059,2.0295000,0.10498395562171936,0.25020000338554382
4060,2.0300000,0.10647986084222794,0.25299999117851257
4061,2.0305000,0.10801053792238235,0.25589999556541443
4062,2.0310000,0.10957000404596329,0.25870001316070557
4063,2.0315000,0.11115458607673645,0.2614000141620636
4064,2.0320000,0.11276161670684814,0.26420000195503235
4065,2.0325000,0.11438713222742081,0.26690000295639038
4066,2.0330000,0.11603065580129623,0.26949998736381531
4067,2.0335000,0.11768826842308044,0.27219998836517334
4068,2.0340000,0.11935493350028992,0.27480000257492065
4069,2.0345000,0.12102953344583511,0.27730000019073486
4070,2.0350000,0.12270992994308472,0.27979999780654907
4071,2.0355000,0.12439371645450592,0.28229999542236328
4072,2.0360000,0.12607935070991516,0.28470000624656677
4073,2.0365000,0.12776942551136017,0.28709998726844788
4074,2.0370000,0.12946748733520508,0.28949999809265137
4075,2.0375000,0.13116908073425293,0.29179999232292175
4076,2.0380000,0.1328684389591217,0.29409998655319214
4077,2.0385000,0.13456436991691589,0.29629999399185181
4078,2.0390000,0.13625812530517578,0.29850000143051147
4079,2.0395000,0.13795179128646851,0.30070000886917114
4080,2.0400000,0.13964366912841797,0.30289998650550842
4081,2.0405000,0.14133080840110779,0.30500000715255737
4082,2.0410000,0.14301180839538574,0.30720001459121704
4083,2.0415000,0.14468295872211456,0.3093000054359436
4084,2.0420000,0.14634045958518982,0.31139999628067017
4085,2.0425000,0.14798374474048615,0.31349998712539673
4086,2.0430000,0.14961534738540649,0.31560000777244568
4087,2.0435000,0.15123516321182251,0.31769999861717224
4088,2.0440000,0.15283754467964172,0.3197999894618988
4089,2.0445000,0.15442000329494476,0.32190001010894775
4090,2.0450000,0.15598271787166595,0.32400000095367432
4091,2.0455000,0.15752387046813965,0.32609999179840088
4092,2.0460000,0.15904386341571808,0.32829999923706055
4093,2.0465000,0.16054342687129974,0.33050000667572021
4094,2.0470000,0.16202367842197418,0.33259999752044678
4095,2.0475000,0.1634877473115921,0.33489999175071716
4096,2.0480000,0.16493594646453857,0.33709999918937683
4097,2.0485000,0.16636848449707031,0.33939999341964722
4098,2.0490000,0.16778762638568878,0.34160000085830688
4099,2.0495000,0.16919246315956116,0.34400001168251038
4100,2.0500000,0.17057959735393524,0.34630000591278076
4101,2.0505000,0.17195054888725281,0.34869998693466187
4102,2.0510000,0.17330944538116455,0.35109999775886536
4103,2.0515000,0.17465661466121674,0.35350000858306885
4104,2.0520000,0.17599451541900635,0.35600000619888306
4105,2.0525000,0.17732787132263184,0.35850000381469727
4106,2.0530000,0.17865696549415588,0.36100000143051147
4107,2.0535000,0.17998220026493073,0.36349999904632568
4108,2.0540000,0.18130677938461304,0.366100013256073
4109,2.0545000,0.18263439834117889,0.36860001087188721
4110,2.0550000,0.18396437168121338,0.37119999527931213
4111,2.0555000,0.18529272079467773,0.37369999289512634
4112,2.0560000,0.18662463128566742,0.37630000710487366
4113,2.0565000,0.18796999752521515,0.37889999151229858
4114,2.0570000,0.18933025002479553,0.38139998912811279
4115,2.0575000,0.19070330262184143,0.383899986743927
4116,2.0580000,0.19209191203117371,0.3864000141620636
4117,2.0585000,0.19349700212478638,0.38890001177787781
4118,2.0590000,0.19491486251354218,0.39140000939369202
4119,2.0595000,0.19634483754634857,0.39379999041557312
4120,2.0600000,0.19778650999069214,0.39610001444816589
4121,2.0605000,0.19923467934131622,0.39840000867843628
4122,2.0610000,0.2006823718547821,0.40059998631477356
4123,2.0615000,0.20212393999099731,0.40279999375343323
4124,2.0620000,0.20355778932571411,0.40490001440048218
4125,2.0625000,0.20498520135879517,0.40689998865127563
4126,2.0630000,0.20640946924686432,0.40880000591278076
4127,2.0635000,0.20783819258213043,0.41060000658035278
4128,2.0640000,0.20927430689334869,0.4122999906539917
4129,2.0645000,0.21071422100067139,0.4138999879360199
4130,2.0650000,0.21215341985225677,0.41539999842643738
4131,2.0655000,0.21358703076839447,0.41670000553131104
4132,2.0660000,0.21501366794109344,0.41800001263618469
4133,2.0665000,0.21643325686454773,0.41899999976158142
4134,2.0670000,0.21784533560276031,0.41999998688697815
4135,2.0675000,0.21925145387649536,0.42070001363754272
4136,2.0680000,0.22065134346485138,0.42140001058578491
4137,2.0685000,0.22204288840293884,0.42179998755455017
4138,2.0690000,0.22342610359191895,0.4221000075340271
4139,2.0695000,0.22479675710201263,0.42219999432563782
4140,2.0700000,0.22614358365535736,0.42219999432563782
4141,2.0705000,0.22746105492115021,0.42199999094009399
4142,2.0710000,0.22875392436981201,0.42149999737739563
4143,2.0715000,0.2300262451171875,0.42089998722076416
4144,2.0720000,0.23127879202365875,0.42010000348091125
4145,2.0725000,0.23251360654830933,0.41909998655319214
4146,2.0730000,0.23373328149318695,0.41789999604225159
4147,2.0735000,0.23493295907974243,0.41650000214576721
4148,2.0740000,0.23610228300094604,0.41490000486373901
4149,2.0745000,0.23723685741424561,0.41310000419616699
4150,2.0750000,0.23833334445953369,0.41110000014305115
4151,2.0755000,0.23939035832881927,0.40889999270439148
4152,2.0760000,0.24040110409259796,0.40639999508857727
4153,2.0765000,0.24134990572929382,0.40380001068115234
4154,2.0770000,0.24223382771015167,0.40099999308586121
4155,2.0775000,0.243051677942276,0.39789998531341553
4156,2.0780000,0.24379481375217438,0.39469999074935913
4157,2.0785000,0.24446064233779907,0.39120000600814819
4158,2.0790000,0.24504654109477997,0.38760000467300415
4159,2.0795000,0.24555006623268127,0.38370001316070557
4160,2.0800000,0.24597431719303131,0.37959998846054077
4161,2.0805000,0.24631650745868683,0.37540000677108765
4162,2.0810000,0.2465679943561554,0.37090000510215759
4163,2.0815000,0.24672386050224304,0.36629998683929443
4164,2.0820000,0.24678263068199158,0.36149999499320984
4165,2.0825000,0.246744304895401,0.35649999976158142
4166,2.0830000,0.2466094046831131,0.35130000114440918
4167,2.0835000,0.24637694656848907,0.34599998593330383
4168,2.0840000,0.2460477203130722,0.34049999713897705
4169,2.0845000,0.2456204891204834,0.33480000495910645
4170,2.0850000,0.24508428573608398,0.32899999618530273
4171,2.0855000,0.24443449079990387,0.32310000061988831
4172,2.0860000,0.24367587268352509,0.31700000166893005
4173,2.0865000,0.24280460178852081,0.31069999933242798
4174,2.0870000,0.24181365966796875,0.3043999969959259
4175,2.0875000,0.24070233106613159,0.29789999127388
4176,2.0880000,0.23947185277938843,0.29139998555183411
4177,2.0885000,0.23812127113342285,0.28470000624656677
4178,2.0890000,0.23664858937263489,0.27790001034736633
4179,2.0895000,0.23505249619483948,0.27099999785423279
4180,2.0900000,0.23333044350147247,0.26409998536109924
4181,2.0905000,0.23147836327552795,0.25709998607635498
4182,2.0910000,0.22949081659317017,0.25009998679161072
4183,2.0915000,0.22736877202987671,0.24289999902248383
4184,2.0920000,0.22511804103851318,0.23579999804496765
4185,2.0925000,0.22273758053779602,0.22859999537467957
4186,2.0930000,0.22022953629493713,0.22139999270439148
4187,2.0935000,0.21760000288486481,0.21420000493526459
4188,2.0940000,0.21484924852848053,0.2070000022649765
4189,2.0945000,0.21197564899921417,0.19979999959468842
4190,2.0950000,0.20897459983825684,0.19259999692440033
4191,2.0955000,0.20584569871425629,0.18539999425411224
4192,2.0960000,0.20259933173656464,0.17820000648498535
4193,2.0965000,0.19924247264862061,0.17110000550746918
4194,2.0970000,0.19578129053115845,0.164000004529953
4195,2.0975000,0.19222678244113922,0.15700000524520874
4196,2.0980000,0.18858008086681366,0.1500999927520752
4197,2.0985000,0.1848347932100296,0.14319999516010284
4198,2.0990000,0.18098671734333038,0.1363999992609024
4199,2.0995000,0.17703436315059662,0.12970000505447388
4200,2.1000000,0.1729879230260849,0.12309999763965607
4201,2.1005000,0.16886299848556519,0.11659999936819077
4202,2.1010000,0.16466325521469116,0.11010000109672546
4203,2.1015000,0.16038626432418823,0.10379999876022339
4204,2.1020000,0.15603269636631012,0.097699999809265137
4205,2.1025000,0.15160609781742096,0.091600000858306885
4206,2.1030000,0.14711061120033264,0.085699997842311859
4207,2.1035000,0.14254869520664215,0.07980000227689743
4208,2.1040000,0.13792063295841217,0.074199996888637543
4209,2.1045000,0.13322517275810242,0.068599998950958252
4210,2.1050000,0.12846659123897552,0.063199996948242188
4211,2.1055000,0.12365253269672394,0.057999998331069946
4212,2.1060000,0.11878915876150131,0.052900001406669617
4213,2.1065000,0.11388330906629562,0.047899998724460602
4214,2.1070000,0.10893594473600388,0.04309999942779541
4215,2.1075000,0.10394755005836487,0.038499999791383743
4216,2.1080000,0.098929703235626221,0.034000001847743988
4217,2.1085000,0.093894727528095245,0.029600000008940697
4218,2.1090000,0.088849902153015137,0.025399999693036079
4219,2.1095000,0.083800524473190308,0.021299999207258224
4220,2.1100000,0.078748814761638641,0.017400000244379044
4221,2.1105000,0.073697604238986969,0.01360000018030405
4222,2.1110000,0.06864485889673233,0.0098999999463558197
4223,2.1115000,0.063588686287403107,0.006399999838322401
4224,2.1120000,0.058530785143375397,0.0031000000890344381
4225,2.1125000,0.053467538207769394,-0.00019999999494757503
4226,2.1130000,0.048399895429611206,-0.0032999999821186066
4227,2.1135000,0.043333135545253754,-0.0063000000081956387
4228,2.1140000,0.038271438330411911,-0.0092000002041459084
4229,2.1145000,0.033222567290067673,-0.012000000104308128
4230,2.1150000,0.028189502656459808,-0.014700000174343586
4231,2.1155000,0.023171229287981987,-0.017300000414252281
4232,2.1160000,0.018180675804615021,-0.019799999892711639
4233,2.1165000,0.013238267973065376,-0.022199999541044235
4234,2.1170000,0.0083521492779254913,-0.024499999359250069
4235,2.1175000,0.0035216929391026497,-0.02669999934732914
4236,2.1180000,-0.0012498479336500168,-0.028899999335408211
4237,2.1185000,-0.0059556998312473297,-0.030999999493360519
4238,2.1190000,-0.010593738406896591,-0.032999999821186066
4239,2.1195000,-0.015161902643740177,-0.035000000149011612
4240,2.1200000,-0.019653627648949623,-0.037000000476837158
4241,2.1205000,-0.024066468700766563,-0.038899999111890793
4242,2.1210000,-0.02840074710547924,-0.040699999779462814
4243,2.1215000,-0.032652147114276886,-0.042500000447034836
4244,2.1220000,-0.036815401166677475,-0.044300001114606857
4245,2.1225000,-0.040891826152801514,-0.046100001782178879
4246,2.1230000,-0.044886615127325058,-0.047800000756978989
4247,2.1235000,-0.048797659575939178,-0.049499999731779099
4248,2.1240000,-0.052619297057390213,-0.051199998706579208
4249,2.1245000,-0.056353624910116196,-0.052900001406669617
4250,2.1250000,-0.060006000101566315,-0.054600000381469727
4251,2.1255000,-0.063578143715858459,-0.056200001388788223
4252,2.1260000,-0.067067742347717285,-0.057799998670816422
4253,2.1265000,-0.070474609732627869,-0.05950000137090683
4254,2.1270000,-0.073802560567855835,-0.061099998652935028
4255,2.1275000,-0.077050790190696716,-0.062700003385543823
4256,2.1280000,-0.080216862261295319,-0.064300000667572021
4257,2.1285000,-0.083304747939109802,-0.065800003707408905
4258,2.1290000,-0.086319617927074432,-0.067400000989437103
4259,2.1295000,-0.089262083172798157,-0.06889999657869339
4260,2.1300000,-0.092131629586219788,-0.070500001311302185
4261,2.1305000,-0.094928495585918427,-0.071999996900558472
4262,2.1310000,-0.097650095820426941,-0.073499999940395355
4263,2.1315000,-0.10029315203428268,-0.074900001287460327
4264,2.1320000,-0.10285927355289459,-0.076399996876716614
4265,2.1325000,-0.1053527295589447,-0.077799998223781586
4266,2.1330000,-0.10777526348829269,-0.079199999570846558
4267,2.1335000,-0.11012681573629379,-0.080499999225139618
4268,2.1340000,-0.11241016536951065,-0.081799998879432678
4269,2.1345000,-0.11462710797786713,-0.083099998533725739
4270,2.1350000,-0.11677242815494537,-0.084299996495246887
4271,2.1355000,-0.11884242296218872,-0.085500001907348633
4272,2.1360000,-0.12083825469017029,-0.086699999868869781
4273,2.1365000,-0.12276045233011246,-0.087800003588199615
4274,2.1370000,-0.12461066246032715,-0.088899999856948853
4275,2.1375000,-0.12638872861862183,-0.089900001883506775
4276,2.1380000,-0.12809351086616516,-0.090800002217292786
4277,2.1385000,-0.12972696125507355,-0.091700002551078796
4278,2.1390000,-0.13128748536109924,-0.092600002884864807
4279,2.1395000,-0.13277219235897064,-0.093299999833106995
4280,2.1400000,-0.13418485224246979,-0.094099998474121094
4281,2.1405000,-0.1355297863483429,-0.094800002872943878
4282,2.1410000,-0.13680988550186157,-0.095399998128414154
4283,2.1415000,-0.13802903890609741,-0.095899999141693115
4284,2.1420000,-0.1391875147819519,-0.096400000154972076
4285,2.1425000,-0.14028531312942505,-0.096900001168251038
4286,2.1430000,-0.14132371544837952,-0.097300000488758087
4287,2.1435000,-0.14230442047119141,-0.097599998116493225
4288,2.1440000,-0.14322727918624878,-0.09790000319480896
4289,2.1445000,-0.14408721029758453,-0.098099999129772186
4290,2.1450000,-0.14488501846790314,-0.09830000251531601
4291,2.1455000,-0.14562739431858063,-0.098399996757507324
4292,2.1460000,-0.14631690084934235,-0.098499998450279236
4293,2.1465000,-0.14695253968238831,-0.098499998450279236
4294,2.1470000,-0.14753371477127075,-0.098499998450279236
4295,2.1475000,-0.14806278049945831,-0.098399996757507324
4296,2.1480000,-0.14854058623313904,-0.09830000251531601
4297,2.1485000,-0.14896696805953979,-0.098200000822544098
4298,2.1490000,-0.14934433996677399,-0.097999997437000275
4299,2.1495000,-0.14967593550682068,-0.097800001502037048
4300,2.1500000,-0.14996527135372162,-0.097599998116493225
4301,2.1505000,-0.15021365880966187,-0.097400002181529999
4302,2.1510000,-0.15041948854923248,-0.097099997103214264
4303,2.1515000,-0.15058174729347229,-0.096799999475479126
4304,2.1520000,-0.15070094168186188,-0.096500001847743988
4305,2.1525000,-0.15077950060367584,-0.096199996769428253
4306,2.1530000,-0.15082207322120667,-0.095799997448921204
4307,2.1535000,-0.15083180367946625,-0.095499999821186066
4308,2.1540000,-0.15081217885017395,-0.095100000500679016
4309,2.1545000,-0.15076574683189392,-0.094800002872943878
4310,2.1550000,-0.1506885439157486,-0.094400003552436829
4311,2.1555000,-0.15057671070098877,-0.093999996781349182
4312,2.1560000,-0.15042953193187714,-0.093599997460842133
4313,2.1565000,-0.15024574100971222,-0.093299999833106995
4314,2.1570000,-0.15002581477165222,-0.092900000512599945
4315,2.1575000,-0.14977149665355682,-0.092500001192092896
4316,2.1580000,-0.14948545396327972,-0.092200003564357758
4317,2.1585000,-0.14917261898517609,-0.091799996793270111
4318,2.1590000,-0.14883361756801605,-0.091499999165534973
4319,2.1595000,-0.14846314489841461,-0.091200001537799835
4320,2.1600000,-0.14806033670902252,-0.090800002217292786
4321,2.1605000,-0.14763039350509644,-0.090499997138977051
4322,2.1610000,-0.14717970788478851,-0.090199999511241913
4323,2.1615000,-0.14671227335929871,-0.089900001883506775
4324,2.1620000,-0.14622841775417328,-0.08959999680519104
4325,2.1625000,-0.14572799205780029,-0.089299999177455902
4326,2.1630000,-0.14521101117134094,-0.089000001549720764
4327,2.1635000,-0.14467450976371765,-0.088699996471405029
4328,2.1640000,-0.14411565661430359,-0.088399998843669891
4329,2.1645000,-0.14353734254837036,-0.088100001215934753
4330,2.1650000,-0.14294256269931793,-0.087800003588199615
4331,2.1655000,-0.14233258366584778,-0.087499998509883881
4332,2.1660000,-0.14171048998832703,-0.087200000882148743
4333,2.1665000,-0.14107817411422729,-0.086900003254413605
4334,2.1670000,-0.14043450355529785,-0.08659999817609787
4335,2.1675000,-0.1397792249917984,-0.086300000548362732
4336,2.1680000,-0.13911415636539459,-0.085900001227855682
4337,2.1685000,-0.13843987882137299,-0.085600003600120544
4338,2.1690000,-0.13775333762168884,-0.085199996829032898
4339,2.1695000,-0.13705229759216309,-0.084799997508525848
4340,2.1700000,-0.13634228706359863,-0.084399998188018799
4341,2.1705000,-0.13562867045402527,-0.083999998867511749
4342,2.1710000,-0.13491120934486389,-0.083499997854232788
4343,2.1715000,-0.13419008255004883,-0.082999996840953827
4344,2.1720000,-0.1334645003080368,-0.082500003278255463
4345,2.1725000,-0.13273259997367859,-0.08190000057220459
4346,2.1730000,-0.13199290633201599,-0.081299997866153717
4347,2.1735000,-0.13124334812164307,-0.080700002610683441
4348,2.1740000,-0.13048398494720459,-0.079999998211860657
4349,2.1745000,-0.1297169029712677,-0.079300001263618469
4350,2.1750000,-0.12894394993782043,-0.07850000262260437
4351,2.1755000,-0.12816613912582397,-0.077699996531009674
4352,2.1760000,-0.12738411128520966,-0.076899997889995575
4353,2.1765000,-0.12659813463687897,-0.07590000331401825
4354,2.1770000,-0.12580689787864685,-0.075000002980232239
4355,2.1775000,-0.12500753998756409,-0.074000000953674316
4356,2.1780000,-0.12419924885034561,-0.072899997234344482
4357,2.1785000,-0.12338161468505859,-0.071800000965595245
4358,2.1790000,-0.12255287915468216,-0.070600003004074097
4359,2.1795000,-0.12171424180269241,-0.069399997591972351
4360,2.1800000,-0.12086833268404007,-0.068199999630451202
4361,2.1805000,-0.12001677602529526,-0.06679999828338623
4362,2.1810000,-0.11916053295135498,-0.06549999862909317
4363,2.1815000,-0.11830013245344162,-0.064099997282028198
4364,2.1820000,-0.11743606626987457,-0.062600001692771912
4365,2.1825000,-0.11656663566827774,-0.061099998652935028
4366,2.1830000,-0.11568822711706161,-0.059599999338388443
4367,2.1835000,-0.11480037122964859,-0.057999998331069946
4368,2.1840000,-0.11390584707260132,-0.056499999016523361
4369,2.1845000,-0.11300742626190186,-0.054800000041723251
4370,2.1850000,-0.11210630089044571,-0.053199999034404755
4371,2.1855000,-0.11119949072599411,-0.051500000059604645
4372,2.1860000,-0.11028182506561279,-0.049800001084804535
4373,2.1865000,-0.10934954881668091,-0.048099998384714127
4374,2.1870000,-0.10840045660734177,-0.046399999409914017
4375,2.1875000,-0.1074342280626297,-0.044700000435113907
4376,2.1880000,-0.10644853115081787,-0.043000001460313797
4377,2.1885000,-0.10543754696846008,-0.041299998760223389
4378,2.1890000,-0.10439804196357727,-0.03970000147819519
4379,2.1895000,-0.10333219170570374,-0.037999998778104782
4380,2.1900000,-0.1022406592965126,-0.036400001496076584
4381,2.1905000,-0.10112258046865463,-0.034800000488758087
4382,2.1910000,-0.099982269108295441,-0.033300001174211502
4383,2.1915000,-0.098823465406894684,-0.031800001859664917
4384,2.1920000,-0.097637221217155457,-0.030400000512599945
4385,2.1925000,-0.096406713128089905,-0.028999999165534973
4386,2.1930000,-0.095125667750835419,-0.027799999341368675
4387,2.1935000,-0.093797758221626282,-0.026499999687075615
4388,2.1940000,-0.092428632080554962,-0.025399999693036079
4389,2.1945000,-0.091025672852993011,-0.024399999529123306
4390,2.1950000,-0.089595511555671692,-0.023399999365210533
4391,2.1955000,-0.088144347071647644,-0.022600000724196434
4392,2.1960000,-0.086678527295589447,-0.021900000050663948
4393,2.1965000,-0.085199378430843353,-0.021199999377131462
4394,2.1970000,-0.083707042038440704,-0.02070000022649765
4395,2.1975000,-0.082207508385181427,-0.020300000905990601
4396,2.1980000,-0.080707043409347534,-0.019999999552965164
4397,2.1985000,-0.079210884869098663,-0.019899999722838402
4398,2.1990000,-0.077723398804664612,-0.019799999892711639
4399,2.1995000,-0.076247438788414001,-0.019899999722838402
4400,2.2000000,-0.074786007404327393,-0.019999999552965164
4401,2.2005000,-0.073338359594345093,-0.020300000905990601
4402,2.2010000,-0.071901746094226837,-0.02070000022649765
4403,2.2015000,-0.070478029549121857,-0.021199999377131462
4404,2.2020000,-0.06907268613576889,-0.021700000390410423
4405,2.2025000,-0.06769205629825592,-0.02239999920129776
4406,2.2030000,-0.066340811550617218,-0.023099999874830246
4407,2.2035000,-0.065018005669116974,-0.023800000548362732
4408,2.2040000,-0.063719496130943298,-0.024599999189376831
4409,2.2045000,-0.062440134584903717,-0.025399999693036079
4410,2.2050000,-0.061176367104053497,-0.026200000196695328
4411,2.2055000,-0.059929881244897842,-0.027000000700354576
4412,2.2060000,-0.058706171810626984,-0.027799999341368675
4413,2.2065000,-0.057509910315275192,-0.028500000014901161
4414,2.2070000,-0.056341435760259628,-0.029100000858306885
4415,2.2075000,-0.055199772119522095,-0.029600000008940697
4416,2.2080000,-0.05408327654004097,-0.029999999329447746
4417,2.2085000,-0.05299072340130806,-0.03020000085234642
4418,2.2090000,-0.051924232393503189,-0.030099999159574509
4419,2.2095000,-0.050886575132608414,-0.029899999499320984
4420,2.2100000,-0.049877416342496872,-0.029400000348687172
4421,2.2105000,-0.048894364386796951,-0.028500000014901161
4422,2.2110000,-0.047936446964740753,-0.027300000190734863
4423,2.2115000,-0.046999804675579071,-0.025800000876188278
4424,2.2120000,-0.046077273786067963,-0.023800000548362732
4425,2.2125000,-0.045166183263063431,-0.021400000900030136
4426,2.2130000,-0.044266849756240845,-0.018400000408291817
4427,2.2135000,-0.043372984975576401,-0.014999999664723873
4428,2.2140000,-0.042472023516893387,-0.010999999940395355
4429,2.2145000,-0.041554432362318039,-0.0063000000081956387
4430,2.2150000,-0.040617618709802628,-0.0010000000474974513
4431,2.2155000,-0.039654679596424103,0.0049000000581145287
4432,2.2160000,-0.038650184869766235,0.011599999852478504
4433,2.2165000,-0.037593334913253784,0.018999999389052391
4434,2.2170000,-0.036469835788011551,0.027200000360608101
4435,2.2175000,-0.035262621939182281,0.036299999803304672
4436,2.2180000,-0.033964354544878006,0.046100001782178879
4437,2.2185000,-0.032564759254455566,0.056800000369548798
4438,2.2190000,-0.031051639467477798,0.068400003015995026
4439,2.2195000,-0.029409023001790047,0.080899998545646667
4440,2.2200000,-0.027610357850790024,0.094300001859664917
4441,2.2205000,-0.025626568123698235,0.10859999805688858
4442,2.2210000,-0.023426961153745651,0.12380000203847885
4443,2.2215000,-0.02098814956843853,0.14000000059604645
4444,2.2220000,-0.018300015479326248,0.15710000693798065
4445,2.2225000,-0.015351405367255211,0.17509999871253967
4446,2.2230000,-0.012120764702558517,0.19390000402927399
4447,2.2235000,-0.0085869235917925835,0.21369999647140503
4448,2.2240000,-0.0047337980940937996,0.23440000414848328
4449,2.2245000,-0.00055247638374567032,0.25580000877380371
4450,2.2250000,0.0039620297029614449,0.27810001373291016
4451,2.2255000,0.0088208401575684547,0.3010999858379364
4452,2.2260000,0.014035804197192192,0.32480001449584961
4453,2.2265000,0.019625376909971237,0.34909999370574951
4454,2.2270000,0.025611158460378647,0.37409999966621399
4455,2.2275000,0.032000929117202759,0.39959999918937683
4456,2.2280000,0.038804776966571808,0.42550000548362732
4457,2.2285000,0.046033997088670731,0.45179998874664307
4458,2.2290000,0.053690984845161438,0.47850000858306885
4459,2.2295000,0.061792191118001938,0.50529998540878296
4460,2.2300000,0.070363655686378479,0.53229999542236328
4461,2.2305000,0.079420216381549835,0.55940002202987671
4462,2.2310000,0.088961482048034668,0.58639997243881226
4463,2.2315000,0.098984882235527039,0.61320000886917114
4464,2.2320000,0.10949362069368362,0.63980001211166382
4465,2.2325000,0.12049014866352081,0.66600000858306885
4466,2.2330000,0.13197274506092072,0.69179999828338623
4467,2.2335000,0.14393705129623413,0.71689999103546143
4468,2.2340000,0.15638449788093567,0.74140000343322754
4469,2.2345000,0.16931648552417755,0.76499998569488525
4470,2.2350000,0.18272815644741058,0.78780001401901245
4471,2.2355000,0.19660148024559021,0.80949997901916504
4472,2.2360000,0.21090644598007202,0.82999998331069946
4473,2.2365000,0.22562435269355774,0.84930002689361572
4474,2.2370000,0.24074698984622955,0.86729997396469116
4475,2.2375000,0.25625526905059814,0.88370001316070557
4476,2.2380000,0.27211841940879822,0.89859998226165771
4477,2.2385000,0.28830480575561523,0.91180002689361572
4478,2.2390000,0.30478560924530029,0.92320001125335693
4479,2.2395000,0.32153385877609253,0.93279999494552612
4480,2.2400000,0.33850595355033875,0.94040000438690186
4481,2.2405000,0.35564291477203369,0.94599997997283936
4482,2.2410000,0.37288841605186462,0.94950002431869507
4483,2.2415000,0.39018544554710388,0.95080000162124634
4484,2.2420000,0.40747839212417603,0.94999998807907104
4485,2.2425000,0.4247092604637146,0.94679999351501465
4486,2.2430000,0.44182315468788147,0.94129997491836548
4487,2.2435000,0.45877110958099365,0.93349999189376831
4488,2.2440000,0.47549667954444885,0.92330002784729004
4489,2.2445000,0.49194997549057007,0.91079998016357422
4490,2.2450000,0.50808298587799072,0.89579999446868896
4491,2.2455000,0.52383172512054443,0.87840002775192261
4492,2.2460000,0.53913086652755737,0.8586999773979187
4493,2.2465000,0.55391383171081543,0.83660000562667847
4494,2.2470000,0.56810832023620605,0.81220000982284546
4495,2.2475000,0.58165472745895386,0.78549998998641968
4496,2.2480000,0.59447908401489258,0.756600022315979
4497,2.2485000,0.60648095607757568,0.72549998760223389
4498,2.2490000,0.61758726835250854,0.69220000505447388
4499,2.2495000,0.6277463436126709,0.65700000524520874
4500,2.2500000,0.63689154386520386,0.61979997158050537
4501,2.2505000,0.64495092630386353,0.58079999685287476
4502,2.2510000,0.65187317132949829,0.54000002145767212
4503,2.2515000,0.65762591361999512,0.49759998917579651
4504,2.2520000,0.66217046976089478,0.45370000600814819
4505,2.2525000,0.6654667854309082,0.40839999914169312
4506,2.2530000,0.66748511791229248,0.36179998517036438
4507,2.2535000,0.66819816827774048,0.3140999972820282
4508,2.2540000,0.66757762432098389,0.2653999924659729
4509,2.2545000,0.66559427976608276,0.21580000221729279
4510,2.2550000,0.66221827268600464,0.1656000018119812
4511,2.2555000,0.65743595361709595,0.11469999700784683
4512,2.2560000,0.65123385190963745,0.063500002026557922
4513,2.2565000,0.64359098672866821,0.012099999934434891
4514,2.2570000,0.63449549674987793,-0.039500001817941666
4515,2.2575000,0.62394475936889648,-0.090999998152256012
4516,2.2580000,0.61195248365402222,-0.14229999482631683
4517,2.2585000,0.59853166341781616,-0.1932000070810318
4518,2.2590000,0.5836910605430603,-0.24359999597072601
4519,2.2595000,0.56745004653930664,-0.29339998960494995
4520,2.2600000,0.54982388019561768,-0.34229999780654907
4521,2.2605000,0.53082442283630371,-0.3903999924659729
4522,2.2610000,0.5104796290397644,-0.43729999661445618
4523,2.2615000,0.48882350325584412,-0.4830000102519989
4524,2.2620000,0.4658970832824707,-0.52730000019073486
4525,2.2625000,0.4417518675327301,-0.57020002603530884
4526,2.2630000,0.41643533110618591,-0.61150002479553223
4527,2.2635000,0.39000147581100464,-0.65119999647140503
4528,2.2640000,0.36252632737159729,-0.68900001049041748
4529,2.2645000,0.33409982919692993,-0.72500002384185791
4530,2.2650000,0.30480092763900757,-0.75900000333786011
4531,2.2655000,0.27469050884246826,-0.79089999198913574
4532,2.2660000,0.24382868409156799,-0.82080000638961792
4533,2.2665000,0.21228712797164917,-0.84850001335144043
4534,2.2670000,0.18015393614768982,-0.87389999628067017
4535,2.2675000,0.14752344787120819,-0.89709997177124023
4536,2.2680000,0.11447903513908386,-0.91790002584457397
4537,2.2685000,0.081098020076751709,-0.93639999628067017
4538,2.2690000,0.047460541129112244,-0.95260000228881836
4539,2.2695000,0.013651341199874878,-0.96640002727508545
4540,2.2700000,-0.020244570448994637,-0.97780001163482666
4541,2.2705000,-0.054151449352502823,-0.9868999719619751
4542,2.2710000,-0.087989605963230133,-0.99360001087188721
4543,2.2715000,-0.12166291475296021,-0.99790000915527344
4544,2.2720000,-0.15508785843849182,-1
4545,2.2725000,-0.18820820748806,-0.99980002641677856
4546,2.2730000,-0.22096765041351318,-0.99739998579025269
4547,2.2735000,-0.25329446792602539,-0.99279999732971191
4548,2.2740000,-0.2851065993309021,-0.98610001802444458
4549,2.2745000,-0.31632614135742188,-0.97729998826980591
4550,2.2750000,-0.34688317775726318,-0.96660000085830688
4551,2.2755000,-0.3767085075378418,-0.95389997959136963
4552,2.2760000,-0.40573716163635254,-0.93940001726150513
4553,2.2765000,-0.43390738964080811,-0.92309999465942383
4554,2.2770000,-0.46115785837173462,-0.90520000457763672
4555,2.2775000,-0.48742708563804626,-0.88569998741149902
4556,2.2780000,-0.5126613974571228,-0.86470001935958862
4557,2.2785000,-0.53681111335754395,-0.84240001440048218
4558,2.2790000,-0.55981600284576416,-0.81870001554489136
4559,2.2795000,-0.58161604404449463,-0.7939000129699707
4560,2.2800000,-0.60216033458709717,-0.76789999008178711
4561,2.2805000,-0.621407151222229,-0.74099999666213989
4562,2.2810000,-0.63932746648788452,-0.71319997310638428
4563,2.2815000,-0.65589725971221924,-0.68470001220703125
4564,2.2820000,-0.67108654975891113,-0.65539997816085815
4565,2.2825000,-0.68486964702606201,-0.62559998035430908
4566,2.2830000,-0.69723051786422729,-0.59530001878738403
4567,2.2835000,-0.7081533670425415,-0.56470000743865967
4568,2.2840000,-0.71763068437576294,-0.53380000591278076
4569,2.2845000,-0.72567033767700195,-0.50269997119903564
4570,2.2850000,-0.73227304220199585,-0.47150000929832458
4571,2.2855000,-0.73743057250976562,-0.44040000438690186
4572,2.2860000,-0.7411506175994873,-0.40929999947547913
4573,2.2865000,-0.74344468116760254,-0.37850001454353333
4574,2.2870000,-0.74431502819061279,-0.34790000319480896
4575,2.2875000,-0.74377483129501343,-0.31769999861717224
4576,2.2880000,-0.74184209108352661,-0.28799998760223389
4577,2.2885000,-0.73852968215942383,-0.25870001316070557
4578,2.2890000,-0.73385822772979736,-0.23000000417232513
4579,2.2895000,-0.7278512716293335,-0.20190000534057617
4580,2.2900000,-0.7205430269241333,-0.17460000514984131
4581,2.2905000,-0.71198523044586182,-0.14800000190734863
4582,2.2910000,-0.70222514867782593,-0.12210000306367874
4583,2.2915000,-0.6913144588470459,-0.097099997103214264
4584,2.2920000,-0.67932134866714478,-0.072999998927116394
4585,2.2925000,-0.66631120443344116,-0.049800001084804535
4586,2.2930000,-0.65234619379043579,-0.02759999968111515
4587,2.2935000,-0.63748431205749512,-0.0063000000081956387
4588,2.2940000,-0.62177133560180664,0.013899999670684338
4589,2.2945000,-0.60525906085968018,0.03319999948143959
4590,2.2950000,-0.58801215887069702,0.051399998366832733
4591,2.2955000,-0.57009947299957275,0.068599998950958252
4592,2.2960000,-0.55160737037658691,0.084799997508525848
4593,2.2965000,-0.5326230525970459,0.099899999797344208
4594,2.2970000,-0.51320391893386841,0.11400000005960464
4595,2.2975000,-0.49340397119522095,0.12710000574588776
4596,2.2980000,-0.4732823371887207,0.13910000026226044
4597,2.2985000,-0.45289239287376404,0.15019999444484711
4598,2.2990000,-0.43228951096534729,0.16030000150203705
4599,2.2995000,-0.4115307629108429,0.16940000653266907
4600,2.3000000,-0.39066529273986816,0.17749999463558197
4601,2.3005000,-0.36973252892494202,0.18479999899864197
4602,2.3010000,-0.34877729415893555,0.19110000133514404
4603,2.3015000,-0.32785576581954956,0.19660000503063202
4604,2.3020000,-0.30701518058776855,0.2012999951839447
4605,2.3025000,-0.28629067540168762,0.20520000159740448
4606,2.3030000,-0.2657245397567749,0.20829999446868896
4607,2.3035000,-0.24537324905395508,0.21070000529289246
4608,2.3040000,-0.22529727220535278,0.21250000596046448
4609,2.3045000,-0.20554263889789581,0.21359999477863312
4610,2.3050000,-0.18614175915718079,0.21400000154972076
4611,2.3055000,-0.16712847352027893,0.21400000154972076
4612,2.3060000,-0.14853407442569733,0.21330000460147858
4613,2.3065000,-0.13037922978401184,0.21230000257492065
4614,2.3070000,-0.11268347501754761,0.21070000529289246
4615,2.3075000,-0.095472127199172974,0.20880000293254852
4616,2.3080000,-0.078772716224193573,0.20640000700950623
4617,2.3085000,-0.062604717910289764,0.20379999279975891
4618,2.3090000,-0.046978019177913666,0.20080000162124634
4619,2.3095000,-0.031906798481941223,0.19760000705718994
4620,2.3100000,-0.017407309263944626,0.19419999420642853
4621,2.3105000,-0.0034839119762182236,0.19059999287128448
4622,2.3110000,0.0098637677729129791,0.18680000305175781
4623,2.3115000,0.022630561143159866,0.18289999663829803
4624,2.3120000,0.034811429679393768,0.17890000343322754
4625,2.3125000,0.046408712863922119,0.17489999532699585
4626,2.3130000,0.057425379753112793,0.17080000042915344
4627,2.3135000,0.067859306931495667,0.16670000553131104
4628,2.3140000,0.077714070677757263,0.16269999742507935
4629,2.3145000,0.086998634040355682,0.15860000252723694
4630,2.3150000,0.0957198366522789,0.15469999611377716
4631,2.3155000,0.10388551652431488,0.15080000460147858
4632,2.3160000,0.11150526255369186,0.14699999988079071
4633,2.3165000,0.11858860403299332,0.14329999685287476
4634,2.3170000,0.12514542043209076,0.13969999551773071
4635,2.3175000,0.1311836838722229,0.13629999756813049
4636,2.3180000,0.13671386241912842,0.13300000131130219
4637,2.3185000,0.14175261557102203,0.12989999353885651
4638,2.3190000,0.14631226658821106,0.12700000405311584
4639,2.3195000,0.15040254592895508,0.1242000013589859
4640,2.3200000,0.15404395759105682,0.12160000205039978
4641,2.3205000,0.15726581215858459,0.11919999867677689
4642,2.3210000,0.16009144484996796,0.11699999868869781
4643,2.3215000,0.16253310441970825,0.11500000208616257
4644,2.3220000,0.16460730135440826,0.11320000141859055
4645,2.3225000,0.16633833944797516,0.11150000244379044
4646,2.3230000,0.16774536669254303,0.11010000109672546
4647,2.3235000,0.16884773969650269,0.1088000014424324
4648,2.3240000,0.16966760158538818,0.10769999772310257
4649,2.3245000,0.17021822929382324,0.10679999738931656
4650,2.3250000,0.17051157355308533,0.10599999874830246
4651,2.3255000,0.17056421935558319,0.10540000349283218
4652,2.3260000,0.17039087414741516,0.10490000247955322
4653,2.3265000,0.17000949382781982,0.10459999740123749
4654,2.3270000,0.1694442480802536,0.10450000315904617
4655,2.3275000,0.1687149852514267,0.10450000315904617
4656,2.3280000,0.16783829033374786,0.10459999740123749
4657,2.3285000,0.16683800518512726,0.10480000078678131
4658,2.3290000,0.16572961211204529,0.10509999841451645
4659,2.3295000,0.16451744735240936,0.1054999977350235
4660,2.3300000,0.16321519017219543,0.10599999874830246
4661,2.3305000,0.16184291243553162,0.10660000145435333
4662,2.3310000,0.16041696071624756,0.10719999670982361
4663,2.3315000,0.15894636511802673,0.10790000110864639
4664,2.3320000,0.15744134783744812,0.10869999974966049
4665,2.3325000,0.15592306852340698,0.10949999839067459
4666,2.3330000,0.15440551936626434,0.11029999703168869
4667,2.3335000,0.15288752317428589,0.1111999973654747
4668,2.3340000,0.15137644112110138,0.11209999769926071
4669,2.3345000,0.14988721907138824,0.11299999803304672
4670,2.3350000,0.14843082427978516,0.11389999836683273
4671,2.3355000,0.14701938629150391,0.11479999870061874
4672,2.3360000,0.14565658569335938,0.11569999903440475
4673,2.3365000,0.14434017241001129,0.11659999936819077
4674,2.3370000,0.14307250082492828,0.11739999800920486
4675,2.3375000,0.14185211062431335,0.11829999834299088
4676,2.3380000,0.14068019390106201,0.11909999698400497
4677,2.3385000,0.13956573605537415,0.11990000307559967
4678,2.3390000,0.13851511478424072,0.12060000002384186
4679,2.3395000,0.1375325620174408,0.12129999697208405
4680,2.3400000,0.13661849498748779,0.12200000137090683
4681,2.3405000,0.13576875627040863,0.12259999662637711
4682,2.3410000,0.13498233258724213,0.12309999763965607
4683,2.3415000,0.13425952196121216,0.12359999865293503
4684,2.3420000,0.13360089063644409,0.12409999966621399
4685,2.3425000,0.13300824165344238,0.12449999898672104
4686,2.3430000,0.13248211145401001,0.12489999830722809
4687,2.3435000,0.13202333450317383,0.12520000338554382
4688,2.3440000,0.13164056837558746,0.12549999356269836
4689,2.3445000,0.13134858012199402,0.12569999694824219
4690,2.3450000,0.1311514675617218,0.12590000033378601
4691,2.3455000,0.13104072213172913,0.12600000202655792
4692,2.3460000,0.13100992143154144,0.12610000371932983
4693,2.3465000,0.13105902075767517,0.12610000371932983
4694,2.3470000,0.13118767738342285,0.12610000371932983
4695,2.3475000,0.1313902735710144,0.12610000371932983
4696,2.3480000,0.13166704773902893,0.12600000202655792
4697,2.3485000,0.13202302157878876,0.12590000033378601
4698,2.3490000,0.1324499249458313,0.1257999986410141
4699,2.3495000,0.13293731212615967,0.12559999525547028
4700,2.3500000,0.13348114490509033,0.12540000677108765
4701,2.3505000,0.13407409191131592,0.12520000338554382
4702,2.3510000,0.13470640778541565,0.125
4703,2.3515000,0.13536736369132996,0.12470000237226486
4704,2.3520000,0.13604575395584106,0.12439999729394913
4705,2.3525000,0.1367335170507431,0.1242000013589859
4706,2.3530000,0.13742311298847198,0.12389999628067017
4707,2.3535000,0.13810569047927856,0.12359999865293503
4708,2.3540000,0.13877695798873901,0.12330000102519989
4709,2.3545000,0.13943563401699066,0.12300000339746475
4710,2.3550000,0.1400759369134903,0.12269999831914902
4711,2.3555000,0.14069174230098724,0.12250000238418579
4712,2.3560000,0.14127346873283386,0.12219999730587006
4713,2.3565000,0.14180472493171692,0.12189999967813492
4714,2.3570000,0.14227595925331116,0.12169999629259109
4715,2.3575000,0.1426885575056076,0.12150000035762787
4716,2.3580000,0.14304684102535248,0.12129999697208405
4717,2.3585000,0.14335232973098755,0.12110000103712082
4718,2.3590000,0.14360366761684418,0.120899997651577
4719,2.3595000,0.14380307495594025,0.12080000340938568
4720,2.3600000,0.14394935965538025,0.12060000002384186
4721,2.3605000,0.14403232932090759,0.12049999833106995
4722,2.3610000,0.14404512941837311,0.12049999833106995
4723,2.3615000,0.14398685097694397,0.12039999663829803
4724,2.3620000,0.1438632607460022,0.12039999663829803
4725,2.3625000,0.14368557929992676,0.12039999663829803
4726,2.3630000,0.14346040785312653,0.12039999663829803
4727,2.3635000,0.14319366216659546,0.12049999833106995
4728,2.3640000,0.14290125668048859,0.12060000002384186
4729,2.3645000,0.14259694516658783,0.12070000171661377
4730,2.3650000,0.1422780305147171,0.120899997651577
4731,2.3655000,0.14193284511566162,0.12110000103712082
4732,2.3660000,0.14155684411525726,0.12129999697208405
4733,2.3665000,0.14116057753562927,0.12150000035762787
4734,2.3670000,0.14075425267219543,0.12179999798536301
4735,2.3675000,0.14033856987953186,0.12210000306367874
4736,2.3680000,0.13991324603557587,0.12240000069141388
4737,2.3685000,0.13947866857051849,0.12280000001192093
4738,2.3690000,0.13903404772281647,0.12309999763965607
4739,2.3695000,0.13857600092887878,0.12349999696016312
4740,2.3700000,0.13810558617115021,0.12389999628067017
4741,2.3705000,0.1376320868730545,0.12430000305175781
4742,2.3710000,0.13716202974319458,0.12479999661445618
4743,2.3715000,0.13669650256633759,0.12520000338554382
4744,2.3720000,0.13623912632465363,0.12569999694824219
4745,2.3725000,0.13579748570919037,0.12620000541210175
4746,2.3730000,0.13537195324897766,0.12669999897480011
4747,2.3735000,0.13495835661888123,0.12720000743865967
4748,2.3740000,0.13456282019615173,0.12770000100135803
4749,2.3745000,0.13419109582901001,0.1281999945640564
4750,2.3750000,0.13384109735488892,0.12870000302791595
4751,2.3755000,0.13351312279701233,0.12919999659061432
4752,2.3760000,0.13320980966091156,0.12960000336170197
4753,2.3765000,0.13293251395225525,0.13009999692440033
4754,2.3770000,0.13268035650253296,0.13060000538825989
4755,2.3775000,0.13245338201522827,0.13109999895095825
4756,2.3780000,0.13225528597831726,0.1315000057220459
4757,2.3785000,0.13208556175231934,0.13199999928474426
4758,2.3790000,0.13193535804748535,0.13240000605583191
4759,2.3795000,0.13179844617843628,0.13279999792575836
4760,2.3800000,0.13168543577194214,0.13320000469684601
4761,2.3805000,0.13161522150039673,0.13359999656677246
4762,2.3810000,0.1315915584564209,0.13400000333786011
4763,2.3815000,0.13160887360572815,0.13429999351501465
4764,2.3820000,0.13166676461696625,0.13459999859333038
4765,2.3825000,0.13176372647285461,0.13490000367164612
4766,2.3830000,0.13189342617988586,0.13519999384880066
4767,2.3835000,0.1320498138666153,0.13539999723434448
4768,2.3840000,0.13222528994083405,0.13560000061988831
4769,2.3845000,0.13240903615951538,0.13580000400543213
4770,2.3850000,0.13259640336036682,0.13600000739097595
4771,2.3855000,0.13278843462467194,0.13619999587535858
4772,2.3860000,0.13298302888870239,0.13629999756813049
4773,2.3865000,0.13317310810089111,0.1363999992609024
4774,2.3870000,0.13335567712783813,0.13650000095367432
4775,2.3875000,0.13353560864925385,0.13660000264644623
4776,2.3880000,0.13371548056602478,0.13670000433921814
4777,2.3885000,0.13389392197132111,0.13670000433921814
4778,2.3890000,0.13407020270824432,0.13670000433921814
4779,2.3895000,0.13424652814865112,0.13670000433921814
4780,2.3900000,0.13442336022853851,0.13670000433921814
4781,2.3905000,0.13459360599517822,0.13670000433921814
4782,2.3910000,0.13475252687931061,0.13670000433921814
4783,2.3915000,0.13490328192710876,0.13670000433921814
4784,2.3920000,0.13504934310913086,0.13670000433921814
4785,2.3925000,0.13519373536109924,0.13670000433921814
4786,2.3930000,0.13534218072891235,0.13670000433921814
4787,2.3935000,0.13549533486366272,0.13670000433921814
4788,2.3940000,0.13564646244049072,0.13670000433921814
4789,2.3945000,0.13579174876213074,0.13670000433921814
4790,2.3950000,0.13593354821205139,0.13670000433921814
4791,2.3955000,0.13607543706893921,0.13680000603199005
4792,2.3960000,0.13622358441352844,0.13680000603199005
4793,2.3965000,0.13638795912265778,0.13689999282360077
4794,2.3970000,0.13657143712043762,0.13699999451637268
4795,2.3975000,0.13677002489566803,0.1371999979019165
4796,2.3980000,0.13698042929172516,0.13729999959468842
4797,2.3985000,0.13719809055328369,0.13750000298023224
4798,2.3990000,0.13741745054721832,0.13779999315738678
4799,2.3995000,0.13763910531997681,0.1379999965429306
4800,2.4000000,0.1378709077835083,0.13840000331401825
4801,2.4005000,0.13811606168746948,0.13869999349117279
4802,2.4010000,0.1383734792470932,0.13910000026226044
4803,2.4015000,0.1386435329914093,0.1395999938249588
4804,2.4020000,0.13892218470573425,0.14010000228881836
4805,2.4025000,0.13920484483242035,0.14059999585151672
4806,2.4030000,0.13949315249919891,0.14120000600814819
4807,2.4035000,0.13978898525238037,0.14180000126361847
4808,2.4040000,0.14009039103984833,0.14249999821186066
4809,2.4045000,0.14039275050163269,0.14329999685287476
4810,2.4050000,0.14069448411464691,0.14409999549388885
4811,2.4055000,0.14099602401256561,0.14499999582767487
4812,2.4060000,0.14129497110843658,0.14589999616146088
4813,2.4065000,0.1415913999080658,0.1468999981880188
4814,2.4070000,0.14188824594020844,0.14790000021457672
4815,2.4075000,0.14218965172767639,0.14900000393390656
4816,2.4080000,0.14250056445598602,0.1500999927520752
4817,2.4085000,0.14282546937465668,0.15129999816417694
4818,2.4090000,0.14316470921039581,0.15250000357627869
4819,2.4095000,0.14351074397563934,0.15379999577999115
4820,2.4100000,0.14385941624641418,0.15520000457763672
4821,2.4105000,0.14421242475509644,0.15659999847412109
4822,2.4110000,0.1445673406124115,0.15800000727176666
4823,2.4115000,0.14492984116077423,0.15950000286102295
4824,2.4120000,0.14531978964805603,0.16099999845027924
4825,2.4125000,0.14575231075286865,0.16259999573230743
4826,2.4130000,0.14622557163238525,0.16419999301433563
4827,2.4135000,0.14672981202602386,0.16580000519752502
4828,2.4140000,0.14726023375988007,0.16750000417232513
4829,2.4145000,0.14781588315963745,0.16920000314712524
4830,2.4150000,0.14839786291122437,0.17090000212192535
4831,2.4155000,0.14901216328144073,0.17260000109672546
4832,2.4160000,0.14966391026973724,0.17440000176429749
4833,2.4165000,0.15035223960876465,0.17620000243186951
4834,2.4170000,0.15106885135173798,0.17800000309944153
4835,2.4175000,0.1518024355173111,0.17980000376701355
4836,2.4180000,0.15254783630371094,0.18170000612735748
4837,2.4185000,0.15330219268798828,0.1835000067949295
4838,2.4190000,0.15406373143196106,0.18539999425411224
4839,2.4195000,0.15483835339546204,0.18729999661445618
4840,2.4200000,0.15563499927520752,0.18919999897480011
4841,2.4205000,0.1564563512802124,0.19099999964237213
4842,2.4210000,0.15729790925979614,0.19290000200271606
4843,2.4215000,0.15815384685993195,0.19480000436306
4844,2.4220000,0.15902379155158997,0.19670000672340393
4845,2.4225000,0.15990856289863586,0.19850000739097595
4846,2.4230000,0.16080337762832642,0.20039999485015869
4847,2.4235000,0.16170583665370941,0.20229999721050262
4848,2.4240000,0.16261771321296692,0.20409999787807465
4849,2.4245000,0.16354303061962128,0.20600000023841858
4850,2.4250000,0.16449104249477386,0.2078000009059906
4851,2.4255000,0.16546520590782166,0.20960000157356262
4852,2.4260000,0.16646091639995575,0.21140000224113464
4853,2.4265000,0.16747632622718811,0.21330000460147858
4854,2.4270000,0.16850584745407104,0.2151000052690506
4855,2.4275000,0.16954311728477478,0.21680000424385071
4856,2.4280000,0.1705910861492157,0.21860000491142273
4857,2.4285000,0.17165340483188629,0.22040000557899475
4858,2.4290000,0.17273469269275665,0.22210000455379486
4859,2.4295000,0.17383870482444763,0.22390000522136688
4860,2.4300000,0.17496462166309357,0.22560000419616699
4861,2.4305000,0.17611302435398102,0.22740000486373901
4862,2.4310000,0.17728465795516968,0.22910000383853912
4863,2.4315000,0.17847751080989838,0.23080000281333923
4864,2.4320000,0.17968769371509552,0.23260000348091125
4865,2.4325000,0.18091364204883575,0.23430000245571136
4866,2.4330000,0.18215721845626831,0.23600000143051147
4867,2.4335000,0.18342100083827972,0.23770000040531158
4868,2.4340000,0.18470598757266998,0.23939999938011169
4869,2.4345000,0.18600834906101227,0.24120000004768372
4870,2.4350000,0.18732427060604095,0.24289999902248383
4871,2.4355000,0.18865516781806946,0.24459999799728394
4872,2.4360000,0.1899992823600769,0.24639999866485596
4873,2.4365000,0.19135019183158875,0.24809999763965607
4874,2.4370000,0.1927037388086319,0.24989999830722809
4875,2.4375000,0.19405756890773773,0.2517000138759613
4876,2.4380000,0.19541259109973907,0.25339999794960022
4877,2.4385000,0.19677112996578217,0.25529998540878296
4878,2.4390000,0.19812867045402527,0.25709998607635498
4879,2.4395000,0.19948199391365051,0.258899986743927
4880,2.4400000,0.20084817707538605,0.26080000400543213
4881,2.4405000,0.20225070416927338,0.26269999146461487
4882,2.4410000,0.20369137823581696,0.26460000872612
4883,2.4415000,0.20516034960746765,0.26660001277923584
4884,2.4420000,0.20665815472602844,0.26850000023841858
4885,2.4425000,0.20818847417831421,0.27050000429153442
4886,2.4430000,0.20974534749984741,0.27259999513626099
4887,2.4435000,0.21132637560367584,0.27459999918937683
4888,2.4440000,0.21294586360454559,0.27669999003410339
4889,2.4445000,0.21462491154670715,0.27889999747276306
4890,2.4450000,0.21637248992919922,0.28099998831748962
4891,2.4455000,0.21818490326404572,0.28319999575614929
4892,2.4460000,0.22005961835384369,0.28540000319480896
4893,2.4465000,0.22199493646621704,0.28769999742507935
4894,2.4470000,0.22398345172405243,0.28999999165534973
4895,2.4475000,0.22602654993534088,0.29240000247955322
4896,2.4480000,0.22814355790615082,0.29469999670982361
4897,2.4485000,0.23035332560539246,0.2971000075340271
4898,2.4490000,0.23265969753265381,0.29960000514984131
4899,2.4495000,0.23505474627017975,0.30210000276565552
4900,2.4500000,0.23752622306346893,0.30460000038146973
4901,2.4505000,0.24006152153015137,0.30720001459121704
4902,2.4510000,0.24265222251415253,0.30979999899864197
4903,2.4515000,0.24530051648616791,0.31240001320838928
4904,2.4520000,0.2480044811964035,0.31510001420974731
4905,2.4525000,0.25074940919876099,0.31779998540878296
4906,2.4530000,0.25352251529693604,0.32049998641014099
4907,2.4535000,0.25631293654441833,0.32330000400543213
4908,2.4540000,0.25911357998847961,0.32609999179840088
4909,2.4545000,0.26191586256027222,0.32899999618530273
4910,2.4550000,0.26470315456390381,0.33190000057220459
4911,2.4555000,0.26747322082519531,0.33480000495910645
4912,2.4560000,0.27024948596954346,0.33779999613761902
4913,2.4565000,0.27305722236633301,0.34079998731613159
4914,2.4570000,0.27590280771255493,0.34389999508857727
4915,2.4575000,0.27878046035766602,0.34700000286102295
4916,2.4580000,0.28168493509292603,0.35010001063346863
4917,2.4585000,0.28460827469825745,0.35330000519752502
4918,2.4590000,0.28754064440727234,0.35649999976158142
4919,2.4595000,0.29048755764961243,0.35969999432563782
4920,2.4600000,0.29346087574958801,0.36300000548362732
4921,2.4605000,0.29645586013793945,0.36629998683929443
4922,2.4610000,0.29946473240852356,0.36970001459121704
4923,2.4615000,0.30249297618865967,0.37299999594688416
4924,2.4620000,0.30553814768791199,0.37650001049041748
4925,2.4625000,0.30858299136161804,0.3799000084400177
4926,2.4630000,0.31162381172180176,0.38339999318122864
4927,2.4635000,0.3146694004535675,0.38690000772476196
4928,2.4640000,0.31771630048751831,0.3903999924659729
4929,2.4645000,0.32074666023254395,0.39399999380111694
4930,2.4650000,0.32374674081802368,0.39759999513626099
4931,2.4655000,0.32671436667442322,0.40119999647140503
4932,2.4660000,0.32964798808097839,0.40490001440048218
4933,2.4665000,0.33254104852676392,0.40860000252723694
4934,2.4670000,0.3353925347328186,0.41220000386238098
4935,2.4675000,0.3382146954536438,0.41600000858306885
4936,2.4680000,0.34102165699005127,0.41969999670982361
4937,2.4685000,0.3438144326210022,0.42340001463890076
4938,2.4690000,0.34658762812614441,0.42719998955726624
4939,2.4695000,0.34934049844741821,0.4309999942779541
4940,2.4700000,0.35207352042198181,0.43479999899864197
4941,2.4705000,0.35478469729423523,0.43860000371932983
4942,2.4710000,0.35746970772743225,0.4424000084400177
4943,2.4715000,0.36012989282608032,0.44620001316070557
4944,2.4720000,0.36277589201927185,0.44999998807907104
4945,2.4725000,0.36541330814361572,0.45379999279975891
4946,2.4730000,0.36803767085075378,0.45759999752044678
4947,2.4735000,0.37064790725708008,0.46149998903274536
4948,2.4740000,0.37325394153594971,0.46529999375343323
4949,2.4745000,0.37586340308189392,0.46909999847412109
4950,2.4750000,0.37847164273262024,0.47290000319480896
4951,2.4755000,0.38107621669769287,0.47659999132156372
4952,2.4760000,0.38368001580238342,0.48039999604225159
4953,2.4765000,0.38628542423248291,0.48420000076293945
4954,2.4770000,0.38890042901039124,0.48789998888969421
4955,2.4775000,0.39152699708938599,0.49160000681877136
4956,2.4780000,0.39415821433067322,0.49529999494552612
4957,2.4785000,0.39679741859436035,0.49900001287460327
4958,2.4790000,0.39945361018180847,0.50260001420974731
4959,2.4795000,0.40212717652320862,0.50620001554489136
4960,2.4800000,0.40480676293373108,0.5098000168800354
4961,2.4805000,0.40748575329780579,0.51330000162124634
4962,2.4810000,0.41017261147499084,0.51679998636245728
4963,2.4815000,0.41286718845367432,0.52029997110366821
4964,2.4820000,0.41555893421173096,0.52369999885559082
4965,2.4825000,0.41824942827224731,0.52710002660751343
4966,2.4830000,0.42094448208808899,0.53039997816085815
4967,2.4835000,0.42364016175270081,0.53369998931884766
4968,2.4840000,0.42632710933685303,0.53700000047683716
4969,2.4845000,0.42900034785270691,0.54009997844696045
4970,2.4850000,0.43166300654411316,0.54329997301101685
4971,2.4855000,0.43431612849235535,0.54629999399185181
4972,2.4860000,0.43695622682571411,0.5493999719619751
4973,2.4865000,0.43958437442779541,0.55229997634887695
4974,2.4870000,0.44220548868179321,0.55519998073577881
4975,2.4875000,0.44482016563415527,0.55800002813339233
4976,2.4880000,0.44740557670593262,0.56069999933242798
4977,2.4885000,0.44992515444755554,0.56339997053146362
4978,2.4890000,0.45236712694168091,0.56599998474121094
4979,2.4895000,0.45473358035087585,0.56849998235702515
4980,2.4900000,0.45702645182609558,0.57099997997283936
4981,2.4905000,0.45925530791282654,0.57340002059936523
4982,2.4910000,0.46142646670341492,0.57569998502731323
4983,2.4915000,0.46354088187217712,0.5778999924659729
4984,2.4920000,0.46559342741966248,0.57999998331069946
4985,2.4925000,0.4675692617893219,0.58209997415542603
4986,2.4930000,0.46946251392364502,0.58399999141693115
4987,2.4935000,0.47128254175186157,0.58590000867843628
4988,2.4940000,0.47303661704063416,0.5877000093460083
4989,2.4945000,0.47472569346427917,0.58939999341964722
4990,2.4950000,0.47635075449943542,0.5910000205039978
4991,2.4955000,0.47791340947151184,0.59259998798370361
4992,2.4960000,0.47940856218338013,0.59399998188018799
4993,2.4965000,0.48082238435745239,0.59530001878738403
4994,2.4970000,0.4821484386920929,0.5965999960899353
4995,2.4975000,0.48339018225669861,0.59780001640319824
4996,2.4980000,0.48455995321273804,0.59880000352859497
4997,2.4985000,0.48566877841949463,0.5997999906539917
4998,2.4990000,0.48671057820320129,0.60060000419616699
4999,2.4995000,0.48768332600593567,0.60140001773834229
5000,2.5000000,0.48860061168670654,0.60210001468658447
5001,2.5005000,0.48947629332542419,0.60269999504089355
5002,2.5010000,0.49032106995582581,0.6031000018119812
5003,2.5015000,0.49114015698432922,0.60350000858306885
5004,2.5020000,0.49193647503852844,0.60369998216629028
5005,2.5025000,0.49271607398986816,0.60390001535415649
5006,2.5030000,0.49347683787345886,0.60390001535415649
5007,2.5035000,0.49421155452728271,0.60390001535415649
5008,2.5040000,0.49490806460380554,0.60369998216629028
5009,2.5045000,0.4955500066280365,0.60339999198913574
5010,2.5050000,0.49613484740257263,0.60290002822875977
5011,2.5055000,0.49666598439216614,0.60240000486373901
5012,2.5060000,0.49715173244476318,0.60170000791549683
5013,2.5065000,0.49760732054710388,0.60089999437332153
5014,2.5070000,0.49803236126899719,0.5999000072479248
5015,2.5075000,0.49841761589050293,0.59890002012252808
5016,2.5080000,0.4987589418888092,0.59759998321533203
5017,2.5085000,0.4990551769733429,0.59630000591278076
5018,2.5090000,0.49931186437606812,0.59469997882843018
5019,2.5095000,0.49953284859657288,0.59310001134872437
5020,2.5100000,0.49971607327461243,0.59119999408721924
5021,2.5105000,0.49986061453819275,0.58920001983642578
5022,2.5110000,0.49997001886367798,0.58710002899169922
5023,2.5115000,0.50004863739013672,0.58469998836517334
5024,2.5120000,0.50010275840759277,0.58219999074935913
5025,2.5125000,0.50014805793762207,0.57950001955032349
5026,2.5130000,0.50020074844360352,0.57660001516342163
5027,2.5135000,0.50025850534439087,0.57349997758865356
5028,2.5140000,0.50030553340911865,0.57020002603530884
5029,2.5145000,0.50033736228942871,0.56669998168945312
5030,2.5150000,0.50035595893859863,0.56300002336502075
5031,2.5155000,0.50036019086837769,0.55909997224807739
5032,2.5160000,0.50033688545227051,0.55500000715255737
5033,2.5165000,0.50025999546051025,0.55059999227523804
5034,2.5170000,0.5001145601272583,0.54610002040863037
5035,2.5175000,0.49989438056945801,0.54129999876022339
5036,2.5180000,0.4995952844619751,0.53619998693466187
5037,2.5185000,0.49920913577079773,0.53100001811981201
5038,2.5190000,0.49872705340385437,0.52549999952316284
5039,2.5195000,0.49815109372138977,0.51969999074935913
5040,2.5200000,0.49748191237449646,0.51370000839233398
5041,2.5205000,0.49671754240989685,0.50749999284744263
5042,2.5210000,0.49585914611816406,0.50099998712539673
5043,2.5215000,0.49490717053413391,0.49430000782012939
5044,2.5220000,0.49385315179824829,0.48730000853538513
5045,2.5225000,0.49267873167991638,0.48010000586509705
5046,2.5230000,0.49137720465660095,0.47260001301765442
5047,2.5235000,0.48995229601860046,0.46480000019073486
5048,2.5240000,0.48839202523231506,0.45680001378059387
5049,2.5245000,0.48667633533477783,0.44859999418258667
5050,2.5250000,0.48479205369949341,0.44010001420974731
5051,2.5255000,0.48274055123329163,0.43130001425743103
5052,2.5260000,0.4805290699005127,0.42230001091957092
5053,2.5265000,0.47815394401550293,0.41310000419616699
5054,2.5270000,0.4756157398223877,0.40360000729560852
5055,2.5275000,0.47292172908782959,0.39390000700950623
5056,2.5280000,0.47007384896278381,0.383899986743927
5057,2.5285000,0.46707192063331604,0.37369999289512634
5058,2.5290000,0.46391919255256653,0.36320000886917114
5059,2.5295000,0.46061083674430847,0.35249999165534973
5060,2.5300000,0.45713910460472107,0.34160000085830688
5061,2.5305000,0.45351368188858032,0.33050000667572021
5062,2.5310000,0.44974604249000549,0.31909999251365662
5063,2.5315000,0.44583356380462646,0.30750000476837158
5064,2.5320000,0.44176864624023438,0.29580000042915344
5065,2.5325000,0.4375559389591217,0.28380000591278076
5066,2.5330000,0.43320554494857788,0.27160000801086426
5067,2.5335000,0.42870941758155823,0.25920000672340393
5068,2.5340000,0.4240519106388092,0.24670000374317169
5069,2.5345000,0.41923215985298157,0.23399999737739563
5070,2.5350000,0.41426831483840942,0.22110000252723694
5071,2.5355000,0.40916591882705688,0.20800000429153442
5072,2.5360000,0.40391212701797485,0.19480000436306
5073,2.5365000,0.39851036667823792,0.18140000104904175
5074,2.5370000,0.3929588794708252,0.16789999604225159
5075,2.5375000,0.38723766803741455,0.15430000424385071
5076,2.5380000,0.38134357333183289,0.14049999415874481
5077,2.5385000,0.37528663873672485,0.12669999897480011
5078,2.5390000,0.36907950043678284,0.11270000040531158
5079,2.5395000,0.36273643374443054,0.098600000143051147
5080,2.5400000,0.35626873373985291,0.08449999988079071
5081,2.5405000,0.34970018267631531,0.070200003683567047
5082,2.5410000,0.34304350614547729,0.055900000035762787
5083,2.5415000,0.33628839254379272,0.041600000113248825
5084,2.5420000,0.32942336797714233,0.027200000360608101
5085,2.5425000,0.32243731617927551,0.012799999676644802
5086,2.5430000,0.31533035635948181,-0.0017000000225380063
5087,2.5435000,0.30811458826065063,-0.016200000420212746
5088,2.5440000,0.30079770088195801,-0.03060000017285347
5089,2.5445000,0.29338639974594116,-0.045099999755620956
5090,2.5450000,0.28588920831680298,-0.059599999338388443
5091,2.5455000,0.27830964326858521,-0.074000000953674316
5092,2.5460000,0.27064239978790283,-0.08829999715089798
5093,2.5465000,0.26287299394607544,-0.10270000249147415
5094,2.5470000,0.25500231981277466,-0.1168999969959259
5095,2.5475000,0.24704276025295258,-0.13109999895095825
5096,2.5480000,0.23899473249912262,-0.14519999921321869
5097,2.5485000,0.23086370527744293,-0.15929999947547913
5098,2.5490000,0.22265960276126862,-0.17319999635219574
5099,2.5495000,0.21437515318393707,-0.18700000643730164
5100,2.5500000,0.20599542558193207,-0.20059999823570251
5101,2.5505000,0.19751498103141785,-0.21420000493526459
5102,2.5510000,0.18893881142139435,-0.22759999334812164
5103,2.5515000,0.18027186393737793,-0.24079999327659607
5104,2.5520000,0.17151474952697754,-0.25389999151229858
5105,2.5525000,0.16267126798629761,-0.26679998636245728
5106,2.5530000,0.15374213457107544,-0.27950000762939453
5107,2.5535000,0.14472828805446625,-0.29210001230239868
5108,2.5540000,0.1356404721736908,-0.3043999969959259
5109,2.5545000,0.12648622691631317,-0.31659999489784241
5110,2.5550000,0.11726494133472443,-0.32850000262260437
5111,2.5555000,0.10798125714063644,-0.34020000696182251
5112,2.5560000,0.09864179790019989,-0.35170000791549683
5113,2.5565000,0.089246757328510284,-0.36300000548362732
5114,2.5570000,0.079802423715591431,-0.37400001287460327
5115,2.5575000,0.070323452353477478,-0.38479998707771301
5116,2.5580000,0.06081322580575943,-0.39539998769760132
5117,2.5585000,0.051263563334941864,-0.40569999814033508
5118,2.5590000,0.041676651686429977,-0.41569998860359192
5119,2.5595000,0.032057538628578186,-0.42550000548362732
5120,2.5600000,0.022410977631807327,-0.43500000238418579
5121,2.5605000,0.012746574357151985,-0.44429999589920044
5122,2.5610000,0.0030685998499393463,-0.45329999923706055
5123,2.5615000,-0.0066117430105805397,-0.46209999918937683
5124,2.5620000,-0.016277987509965897,-0.47060000896453857
5125,2.5625000,-0.02593047171831131,-0.47879999876022339
5126,2.5630000,-0.035572372376918793,-0.48669999837875366
5127,2.5635000,-0.045191541314125061,-0.49439999461174011
5128,2.5640000,-0.05477503314614296,-0.50180000066757202
5129,2.5645000,-0.064316213130950928,-0.50900000333786011
5130,2.5650000,-0.073804907500743866,-0.51590001583099365
5131,2.5655000,-0.083228349685668945,-0.52259999513626099
5132,2.5660000,-0.092584699392318726,-0.52899998426437378
5133,2.5665000,-0.10187415033578873,-0.53509998321533203
5134,2.5670000,-0.1110965684056282,-0.54100000858306885
5135,2.5675000,-0.1202627420425415,-0.54670000076293945
5136,2.5680000,-0.12938196957111359,-0.55210000276565552
5137,2.5685000,-0.1384587287902832,-0.55729997158050537
5138,2.5690000,-0.14749321341514587,-0.56230002641677856
5139,2.5695000,-0.15648125112056732,-0.56699997186660767
5140,2.5700000,-0.16541783511638641,-0.57150000333786011
5141,2.5705000,-0.17429491877555847,-0.57580000162124634
5142,2.5710000,-0.18310810625553131,-0.57999998331069946
5143,2.5715000,-0.19186580181121826,-0.58389997482299805
5144,2.5720000,-0.20056940615177155,-0.5875999927520752
5145,2.5725000,-0.20919416844844818,-0.59109997749328613
5146,2.5730000,-0.21771769225597382,-0.59450000524520874
5147,2.5735000,-0.22614389657974243,-0.59769999980926514
5148,2.5740000,-0.23447541892528534,-0.6007000207901001
5149,2.5745000,-0.24270084500312805,-0.60350000858306885
5150,2.5750000,-0.25081419944763184,-0.60619997978210449
5151,2.5755000,-0.25882250070571899,-0.60879999399185181
5152,2.5760000,-0.26674091815948486,-0.61119997501373291
5153,2.5765000,-0.27457249164581299,-0.61349999904632568
5154,2.5770000,-0.28230792284011841,-0.61570000648498535
5155,2.5775000,-0.2899436354637146,-0.61769998073577881
5156,2.5780000,-0.29747295379638672,-0.61959999799728394
5157,2.5785000,-0.30488398671150208,-0.62139999866485596
5158,2.5790000,-0.31216946244239807,-0.62309998273849487
5159,2.5795000,-0.31933015584945679,-0.62470000982284546
5160,2.5800000,-0.32636359333992004,-0.62629997730255127
5161,2.5805000,-0.33325421810150146,-0.62769997119903564
5162,2.5810000,-0.33999177813529968,-0.62900000810623169
5163,2.5815000,-0.34657517075538635,-0.63029998540878296
5164,2.5820000,-0.35300400853157043,-0.6315000057220459
5165,2.5825000,-0.35927453637123108,-0.63260000944137573
5166,2.5830000,-0.36537918448448181,-0.63370001316070557
5167,2.5835000,-0.37131813168525696,-0.63470000028610229
5168,2.5840000,-0.37710043787956238,-0.63569998741149902
5169,2.5845000,-0.38273316621780396,-0.63660001754760742
5170,2.5850000,-0.38822397589683533,-0.63739997148513794
5171,2.5855000,-0.39357995986938477,-0.63819998502731323
5172,2.5860000,-0.39879676699638367,-0.63899999856948853
5173,2.5865000,-0.40387070178985596,-0.63969999551773071
5174,2.5870000,-0.40880116820335388,-0.6403999924659729
5175,2.5875000,-0.41358795762062073,-0.64099997282028198
5176,2.5880000,-0.41823399066925049,-0.64170002937316895
5177,2.5885000,-0.42273414134979248,-0.64219999313354492
5178,2.5890000,-0.42708277702331543,-0.642799973487854
5179,2.5895000,-0.43127793073654175,-0.64329999685287476
5180,2.5900000,-0.4353204071521759,-0.64389997720718384
5181,2.5905000,-0.43921706080436707,-0.64429998397827148
5182,2.5910000,-0.44297009706497192,-0.64480000734329224
5183,2.5915000,-0.44658035039901733,-0.64529997110366821
5184,2.5920000,-0.45006301999092102,-0.64569997787475586
5185,2.5925000,-0.45344451069831848,-0.64609998464584351
5186,2.5930000,-0.45673522353172302,-0.64649999141693115
5187,2.5935000,-0.45992693305015564,-0.6468999981880188
5188,2.5940000,-0.46302410960197449,-0.64719998836517334
5189,2.5945000,-0.46604135632514954,-0.64759999513626099
5190,2.5950000,-0.46898040175437927,-0.64789998531341553
5191,2.5955000,-0.47184306383132935,-0.64819997549057007
5192,2.5960000,-0.47464710474014282,-0.64850002527236938
5193,2.5965000,-0.47741076350212097,-0.64880001544952393
5194,2.5970000,-0.48013931512832642,-0.64910000562667847
5195,2.5975000,-0.48282313346862793,-0.6492999792098999
5196,2.5980000,-0.48544192314147949,-0.64950001239776611
5197,2.5985000,-0.48798453807830811,-0.64969998598098755
5198,2.5990000,-0.49045088887214661,-0.64990001916885376
5199,2.5995000,-0.49284324049949646,-0.6500999927520752
5200,2.6000000,-0.4951719343662262,-0.6502000093460083
5201,2.6005000,-0.49744561314582825,-0.65030002593994141
5202,2.6010000,-0.49966698884963989,-0.65039998292922974
5203,2.6015000,-0.50182968378067017,-0.65039998292922974
5204,2.6020000,-0.50391852855682373,-0.65049999952316284
5205,2.6025000,-0.50593167543411255,-0.65049999952316284
5206,2.6030000,-0.50787115097045898,-0.65039998292922974
5207,2.6035000,-0.50973647832870483,-0.65039998292922974
5208,2.6040000,-0.51154100894927979,-0.6502000093460083
5209,2.6045000,-0.51329517364501953,-0.6500999927520752
5210,2.6050000,-0.51499748229980469,-0.64990001916885376
5211,2.6055000,-0.51664519309997559,-0.64969998598098755
5212,2.6060000,-0.51822865009307861,-0.64939999580383301
5213,2.6065000,-0.51973980665206909,-0.64910000562667847
5214,2.6070000,-0.52118343114852905,-0.64869999885559082
5215,2.6075000,-0.52257001399993896,-0.64829999208450317
5216,2.6080000,-0.52390384674072266,-0.6478000283241272
5217,2.6085000,-0.52518230676651001,-0.64730000495910645
5218,2.6090000,-0.52639997005462646,-0.64670002460479736
5219,2.6095000,-0.527549147605896,-0.64600002765655518
5220,2.6100000,-0.52863085269927979,-0.64529997110366821
5221,2.6105000,-0.52964961528778076,-0.64459997415542603
5222,2.6110000,-0.53060430288314819,-0.6437000036239624
5223,2.6115000,-0.53149700164794922,-0.64289999008178711
5224,2.6120000,-0.53233563899993896,-0.64190000295639038
5225,2.6125000,-0.53312915563583374,-0.64090001583099365
5226,2.6130000,-0.5338824987411499,-0.63980001211166382
5227,2.6135000,-0.53459000587463379,-0.63870000839233398
5228,2.6140000,-0.53524309396743774,-0.63739997148513794
5229,2.6145000,-0.53584098815917969,-0.63620001077651978
5230,2.6150000,-0.53638654947280884,-0.6348000168800354
5231,2.6155000,-0.53687584400177002,-0.63340002298355103
5232,2.6160000,-0.53730940818786621,-0.63190001249313354
5233,2.6165000,-0.53770196437835693,-0.63040000200271606
5234,2.6170000,-0.53806149959564209,-0.62870001792907715
5235,2.6175000,-0.5383838415145874,-0.62699997425079346
5236,2.6180000,-0.53866171836853027,-0.62529999017715454
5237,2.6185000,-0.53889644145965576,-0.62339997291564941
5238,2.6190000,-0.53909903764724731,-0.62150001525878906
5239,2.6195000,-0.5392765998840332,-0.61959999799728394
5240,2.6200000,-0.53943818807601929,-0.61750000715255737
5241,2.6205000,-0.53959071636199951,-0.61540001630783081
5242,2.6210000,-0.53972530364990234,-0.61330002546310425
5243,2.6215000,-0.53982585668563843,-0.61100000143051147
5244,2.6220000,-0.5398823618888855,-0.6086999773979187
5245,2.6225000,-0.53989893198013306,-0.6064000129699707
5246,2.6230000,-0.53988426923751831,-0.60399997234344482
5247,2.6235000,-0.53983849287033081,-0.60149997472763062
5248,2.6240000,-0.53975409269332886,-0.59899997711181641
5249,2.6245000,-0.53962945938110352,-0.59640002250671387
5250,2.6250000,-0.53947234153747559,-0.59369999170303345
5251,2.6255000,-0.53928482532501221,-0.5910000205039978
5252,2.6260000,-0.53905928134918213,-0.58829998970031738
5253,2.6265000,-0.53878986835479736,-0.58550000190734863
5254,2.6270000,-0.53847610950469971,-0.58270001411437988
5255,2.6275000,-0.53811639547348022,-0.57980000972747803
5256,2.6280000,-0.53769552707672119,-0.57690000534057617
5257,2.6285000,-0.53719329833984375,-0.57389998435974121
5258,2.6290000,-0.53660368919372559,-0.57090002298355103
5259,2.6295000,-0.53592836856842041,-0.56790000200271606
5260,2.6300000,-0.53517180681228638,-0.56480002403259277
5261,2.6305000,-0.53433835506439209,-0.56180000305175781
5262,2.6310000,-0.53343236446380615,-0.55870002508163452
5263,2.6315000,-0.53245937824249268,-0.55549997091293335
5264,2.6320000,-0.53142714500427246,-0.55239999294281006
5265,2.6325000,-0.53034991025924683,-0.54919999837875366
5266,2.6330000,-0.52923905849456787,-0.54600000381469727
5267,2.6335000,-0.52809560298919678,-0.54280000925064087
5268,2.6340000,-0.52692043781280518,-0.53960001468658447
5269,2.6345000,-0.52571654319763184,-0.53640002012252808
5270,2.6350000,-0.52448642253875732,-0.53320002555847168
5271,2.6355000,-0.52323454618453979,-0.52999997138977051
5272,2.6360000,-0.52197533845901489,-0.52679997682571411
5273,2.6365000,-0.52073001861572266,-0.52359998226165771
5274,2.6370000,-0.5195004940032959,-0.52050000429153442
5275,2.6375000,-0.51827913522720337,-0.51730000972747803
5276,2.6380000,-0.5170673131942749,-0.51410001516342163
5277,2.6385000,-0.51586884260177612,-0.51099997758865356
5278,2.6390000,-0.5146833062171936,-0.50779998302459717
5279,2.6395000,-0.51350975036621094,-0.50470000505447388
5280,2.6400000,-0.5123603343963623,-0.50160002708435059
5281,2.6405000,-0.51125192642211914,-0.49849998950958252
5282,2.6410000,-0.51019412279129028,-0.49549999833106995
5283,2.6415000,-0.50919044017791748,-0.49239999055862427
5284,2.6420000,-0.50823181867599487,-0.48939999938011169
5285,2.6425000,-0.50730752944946289,-0.48649999499320984
5286,2.6430000,-0.50641578435897827,-0.48350000381469727
5287,2.6435000,-0.50555533170700073,-0.48059999942779541
5288,2.6440000,-0.50471514463424683,-0.47769999504089355
5289,2.6445000,-0.50387239456176758,-0.4747999906539917
5290,2.6450000,-0.50301104784011841,-0.47200000286102295
5291,2.6455000,-0.50213122367858887,-0.46919998526573181
5292,2.6460000,-0.5012357234954834,-0.46639999747276306
5293,2.6465000,-0.50032263994216919,-0.46360000967979431
5294,2.6470000,-0.49938580393791199,-0.46090000867843628
5295,2.6475000,-0.49841785430908203,-0.45820000767707825
5296,2.6480000,-0.49741119146347046,-0.45550000667572021
5297,2.6485000,-0.49635201692581177,-0.4528999924659729
5298,2.6490000,-0.49522778391838074,-0.45030000805854797
5299,2.6495000,-0.49403932690620422,-0.44769999384880066
5300,2.6500000,-0.49279132485389709,-0.44510000944137573
5301,2.6505000,-0.49148562550544739,-0.44260001182556152
5302,2.6510000,-0.49012869596481323,-0.43999999761581421
5303,2.6515000,-0.48872971534729004,-0.4375
5304,2.6520000,-0.48729154467582703,-0.43509998917579651
5305,2.6525000,-0.48580649495124817,-0.4325999915599823
5306,2.6530000,-0.48426714539527893,-0.4302000105381012
5307,2.6535000,-0.48267674446105957,-0.42770001292228699
5308,2.6540000,-0.48103675246238708,-0.4253000020980835
5309,2.6545000,-0.47934257984161377,-0.42300000786781311
5310,2.6550000,-0.47759896516799927,-0.42059999704360962
5311,2.6555000,-0.47582036256790161,-0.41819998621940613
5312,2.6560000,-0.47400557994842529,-0.41589999198913574
5313,2.6565000,-0.47214224934577942,-0.41359999775886536
5314,2.6570000,-0.47023314237594604,-0.41119998693466187
5315,2.6575000,-0.46828389167785645,-0.40889999270439148
5316,2.6580000,-0.46629020571708679,-0.40659999847412109
5317,2.6585000,-0.46424758434295654,-0.40439999103546143
5318,2.6590000,-0.46216166019439697,-0.40209999680519104
5319,2.6595000,-0.46004784107208252,-0.39980000257492065
5320,2.6600000,-0.4579128623008728,-0.39759999513626099
5321,2.6605000,-0.45575347542762756,-0.39539998769760132
5322,2.6610000,-0.45357173681259155,-0.39320001006126404
5323,2.6615000,-0.45136964321136475,-0.39089998602867126
5324,2.6620000,-0.44914531707763672,-0.38870000839233398
5325,2.6625000,-0.44689688086509705,-0.38659998774528503
5326,2.6630000,-0.44462653994560242,-0.38440001010894775
5327,2.6635000,-0.44233947992324829,-0.38220000267028809
5328,2.6640000,-0.44003817439079285,-0.38010001182556152
5329,2.6645000,-0.43772760033607483,-0.37799999117851257
5330,2.6650000,-0.43541795015335083,-0.37590000033378601
5331,2.6655000,-0.43311658501625061,-0.37380000948905945
5332,2.6660000,-0.4308258593082428,-0.3716999888420105
5333,2.6665000,-0.42854583263397217,-0.36959999799728394
5334,2.6670000,-0.42627498507499695,-0.36759999394416809
5335,2.6675000,-0.42401763796806335,-0.36559998989105225
5336,2.6680000,-0.42178282141685486,-0.3635999858379364
5337,2.6685000,-0.41957321763038635,-0.36160001158714294
5338,2.6690000,-0.41738706827163696,-0.3596000075340271
5339,2.6695000,-0.41521987318992615,-0.35769999027252197
5340,2.6700000,-0.41306871175765991,-0.35580000281333923
5341,2.6705000,-0.41093388199806213,-0.35389998555183411
5342,2.6710000,-0.4088115394115448,-0.35199999809265137
5343,2.6715000,-0.40670257806777954,-0.35019999742507935
5344,2.6720000,-0.40461277961730957,-0.34839999675750732
5345,2.6725000,-0.40254628658294678,-0.3465999960899353
5346,2.6730000,-0.4005107581615448,-0.34479999542236328
5347,2.6735000,-0.39851200580596924,-0.34310001134872437
5348,2.6740000,-0.39654353260993958,-0.34139999747276306
5349,2.6745000,-0.39459434151649475,-0.33970001339912415
5350,2.6750000,-0.39266079664230347,-0.33809998631477356
5351,2.6755000,-0.39074578881263733,-0.33640000224113464
5352,2.6760000,-0.38885480165481567,-0.33480000495910645
5353,2.6765000,-0.38699546456336975,-0.33320000767707825
5354,2.6770000,-0.38517725467681885,-0.33160001039505005
5355,2.6775000,-0.38339987397193909,-0.33009999990463257
5356,2.6780000,-0.38165295124053955,-0.32859998941421509
5357,2.6785000,-0.37992706894874573,-0.32710000872612
5358,2.6790000,-0.37821832299232483,-0.32559999823570251
5359,2.6795000,-0.37652802467346191,-0.32409998774528503
5360,2.6800000,-0.37486428022384644,-0.32260000705718994
5361,2.6805000,-0.37324041128158569,-0.32120001316070557
5362,2.6810000,-0.37166440486907959,-0.31970000267028809
5363,2.6815000,-0.37013617157936096,-0.31830000877380371
5364,2.6820000,-0.36864984035491943,-0.31690001487731934
5365,2.6825000,-0.36719736456871033,-0.31549999117851257
5366,2.6830000,-0.36577266454696655,-0.3140999972820282
5367,2.6835000,-0.36437919735908508,-0.31270000338554382
5368,2.6840000,-0.36303099989891052,-0.31119999289512634
5369,2.6845000,-0.36173644661903381,-0.30979999899864197
5370,2.6850000,-0.36049118638038635,-0.30840000510215759
5371,2.6855000,-0.35929000377655029,-0.30700001120567322
5372,2.6860000,-0.35812842845916748,-0.30559998750686646
5373,2.6865000,-0.35699987411499023,-0.30419999361038208
5374,2.6870000,-0.35590252280235291,-0.30279999971389771
5375,2.6875000,-0.35483700037002563,-0.30140000581741333
5376,2.6880000,-0.35379594564437866,-0.29989999532699585
5377,2.6885000,-0.3527664840221405,-0.29850000143051147
5378,2.6890000,-0.3517400324344635,-0.29699999094009399
5379,2.6895000,-0.35071220993995667,-0.2955000102519989
5380,2.6900000,-0.34967908263206482,-0.29409998655319214
5381,2.6905000,-0.34863179922103882,-0.29260000586509705
5382,2.6910000,-0.34756499528884888,-0.29109999537467957
5383,2.6915000,-0.34648525714874268,-0.28960001468658447
5384,2.6920000,-0.34539523720741272,-0.28810000419616699
5385,2.6925000,-0.34429627656936646,-0.28650000691413879
5386,2.6930000,-0.34319427609443665,-0.28499999642372131
5387,2.6935000,-0.34209033846855164,-0.28349998593330383
5388,2.6940000,-0.34098371863365173,-0.28189998865127563
5389,2.6945000,-0.33987140655517578,-0.28040000796318054
5390,2.6950000,-0.33874779939651489,-0.27880001068115234
5391,2.6955000,-0.33761313557624817,-0.27720001339912415
5392,2.6960000,-0.3364691436290741,-0.27559998631477356
5393,2.6965000,-0.33531263470649719,-0.27410000562667847
5394,2.6970000,-0.33414116501808167,-0.27250000834465027
5395,2.6975000,-0.33295354247093201,-0.27090001106262207
5396,2.6980000,-0.33174619078636169,-0.26940000057220459
5397,2.6985000,-0.33051383495330811,-0.26780000329017639
5398,2.6990000,-0.32925689220428467,-0.26620000600814819
5399,2.6995000,-0.32798394560813904,-0.26469999551773071
5400,2.7000000,-0.32670417428016663,-0.26320001482963562
5401,2.7005000,-0.32542538642883301,-0.26159998774528503
5402,2.7010000,-0.32414916157722473,-0.26010000705718994
5403,2.7015000,-0.32286944985389709,-0.25859999656677246
5404,2.7020000,-0.32158434391021729,-0.25720000267028809
5405,2.7025000,-0.32029706239700317,-0.25569999217987061
5406,2.7030000,-0.31900876760482788,-0.25429999828338623
5407,2.7035000,-0.31771928071975708,-0.25290000438690186
5408,2.7040000,-0.31643220782279968,-0.25150001049041748
5409,2.7045000,-0.31515350937843323,-0.25020000338554382
5410,2.7050000,-0.31388431787490845,-0.24879999458789825
5411,2.7055000,-0.3126198947429657,-0.24750000238418579
5412,2.7060000,-0.31135427951812744,-0.24629999697208405
5413,2.7065000,-0.31008365750312805,-0.24500000476837158
5414,2.7070000,-0.30881014466285706,-0.24390000104904175
5415,2.7075000,-0.30754002928733826,-0.24269999563694
5416,2.7080000,-0.30627605319023132,-0.24160000681877136
5417,2.7085000,-0.30501878261566162,-0.24050000309944153
5418,2.7090000,-0.30376774072647095,-0.23939999938011169
5419,2.7095000,-0.30252000689506531,-0.23839999735355377
5420,2.7100000,-0.30127131938934326,-0.23739999532699585
5421,2.7105000,-0.30001476407051086,-0.23649999499320984
5422,2.7110000,-0.2987436056137085,-0.23559999465942383
5423,2.7115000,-0.29745796322822571,-0.23469999432563782
5424,2.7120000,-0.29616189002990723,-0.23389999568462372
5425,2.7125000,-0.29485467076301575,-0.23309999704360962
5426,2.7130000,-0.29353532195091248,-0.23229999840259552
5427,2.7135000,-0.2922062873840332,-0.23160000145435333
5428,2.7140000,-0.29086726903915405,-0.23090000450611115
5429,2.7145000,-0.28951576352119446,-0.23029999434947968
5430,2.7150000,-0.28815138339996338,-0.2296999990940094
5431,2.7155000,-0.28677719831466675,-0.22910000383853912
5432,2.7160000,-0.28539401292800903,-0.22849999368190765
5433,2.7165000,-0.28400102257728577,-0.22800000011920929
5434,2.7170000,-0.28260043263435364,-0.22750000655651093
5435,2.7175000,-0.28119367361068726,-0.22699999809265137
5436,2.7180000,-0.27978211641311646,-0.22660000622272491
5437,2.7185000,-0.27836668491363525,-0.22619999945163727
5438,2.7190000,-0.27694541215896606,-0.22579999268054962
5439,2.7195000,-0.27551472187042236,-0.22540000081062317
5440,2.7200000,-0.27406641840934753,-0.22509999573230743
5441,2.7205000,-0.2725939154624939,-0.22470000386238098
5442,2.7210000,-0.27109837532043457,-0.22439999878406525
5443,2.7215000,-0.26958149671554565,-0.22409999370574951
5444,2.7220000,-0.26804655790328979,-0.22380000352859497
5445,2.7225000,-0.26649755239486694,-0.22360000014305115
5446,2.7230000,-0.26493573188781738,-0.22329999506473541
5447,2.7235000,-0.26336312294006348,-0.22310000658035278
5448,2.7240000,-0.26178070902824402,-0.22280000150203705
5449,2.7245000,-0.26018983125686646,-0.22259999811649323
5450,2.7250000,-0.25859355926513672,-0.2223999947309494
5451,2.7255000,-0.25699198246002197,-0.22220000624656677
5452,2.7260000,-0.25538510084152222,-0.22200000286102295
5453,2.7265000,-0.253775954246521,-0.22179999947547913
5454,2.7270000,-0.25216889381408691,-0.2215999960899353
5455,2.7275000,-0.25056725740432739,-0.22130000591278076
5456,2.7280000,-0.24896959960460663,-0.22110000252723694
5457,2.7285000,-0.24737471342086792,-0.22089999914169312
5458,2.7290000,-0.2457873672246933,-0.22069999575614929
5459,2.7295000,-0.24421173334121704,-0.22050000727176666
5460,2.7300000,-0.24265022575855255,-0.22030000388622284
5461,2.7305000,-0.24110656976699829,-0.2199999988079071
5462,2.7310000,-0.23958450555801392,-0.21979999542236328
5463,2.7315000,-0.23808403313159943,-0.21950000524520874
5464,2.7320000,-0.23659996688365936,-0.21920000016689301
5465,2.7325000,-0.23513312637805939,-0.21899999678134918
5466,2.7330000,-0.23368832468986511,-0.21870000660419464
5467,2.7335000,-0.2322661429643631,-0.21840000152587891
5468,2.7340000,-0.23086859285831451,-0.21799999475479126
5469,2.7345000,-0.22949595749378204,-0.21770000457763672
5470,2.7350000,-0.22814562916755676,-0.21729999780654907
5471,2.7355000,-0.22681513428688049,-0.21699999272823334
5472,2.7360000,-0.22550062835216522,-0.21660000085830688
5473,2.7365000,-0.2242034524679184,-0.21619999408721924
5474,2.7370000,-0.22292669117450714,-0.21580000221729279
5475,2.7375000,-0.2216683030128479,-0.21529999375343323
5476,2.7380000,-0.22042727470397949,-0.21490000188350677
5477,2.7385000,-0.2192033976316452,-0.21439999341964722
5478,2.7390000,-0.21799582242965698,-0.21389999985694885
5479,2.7395000,-0.21680423617362976,-0.21340000629425049
5480,2.7400000,-0.21563242375850677,-0.21289999783039093
5481,2.7405000,-0.21449147164821625,-0.21230000257492065
5482,2.7410000,-0.21338824927806854,-0.2117999941110611
5483,2.7415000,-0.21232409775257111,-0.21119999885559082
5484,2.7420000,-0.21130259335041046,-0.21060000360012054
5485,2.7425000,-0.21031925082206726,-0.20999999344348907
5486,2.7430000,-0.20936551690101624,-0.2093999981880188
5487,2.7435000,-0.20844194293022156,-0.20870000123977661
5488,2.7440000,-0.2075519859790802,-0.20810000598430634
5489,2.7445000,-0.20669786632061005,-0.20739999413490295
5490,2.7450000,-0.20588044822216034,-0.20679999887943268
5491,2.7455000,-0.20509810745716095,-0.20610000193119049
5492,2.7460000,-0.20435039699077606,-0.2054000049829483
5493,2.7465000,-0.20363454520702362,-0.20469999313354492
5494,2.7470000,-0.2029445618391037,-0.20399999618530273
5495,2.7475000,-0.20227815210819244,-0.20329999923706055
5496,2.7480000,-0.20163317024707794,-0.20260000228881836
5497,2.7485000,-0.20100666582584381,-0.20190000534057617
5498,2.7490000,-0.20039711892604828,-0.20119999349117279
5499,2.7495000,-0.19980300962924957,-0.2004999965429306
5500,2.7500000,-0.19922320544719696,-0.19979999959468842
5501,2.7505000,-0.19865632057189941,-0.19920000433921814
5502,2.7510000,-0.19810070097446442,-0.19850000739097595
5503,2.7515000,-0.19755241274833679,-0.19779999554157257
5504,2.7520000,-0.19701358675956726,-0.19709999859333038
5505,2.7525000,-0.1964954286813736,-0.19650000333786011
5506,2.7530000,-0.19600100815296173,-0.19580000638961792
5507,2.7535000,-0.19552779197692871,-0.19509999454021454
5508,2.7540000,-0.19507712125778198,-0.19449999928474426
5509,2.7545000,-0.19464747607707977,-0.19390000402927399
5510,2.7550000,-0.1942344456911087,-0.19329999387264252
5511,2.7555000,-0.19383589923381805,-0.19269999861717224
5512,2.7560000,-0.19345372915267944,-0.19210000336170197
5513,2.7565000,-0.19309429824352264,-0.1914999932050705
5514,2.7570000,-0.19276264309883118,-0.19089999794960022
5515,2.7575000,-0.19245783984661102,-0.19040000438690186
5516,2.7580000,-0.19217731058597565,-0.18979999423027039
5517,2.7585000,-0.19191867113113403,-0.18930000066757202
5518,2.7590000,-0.19167846441268921,-0.18880000710487366
5519,2.7595000,-0.19145326316356659,-0.1882999986410141
5520,2.7600000,-0.19123253226280212,-0.18780000507831573
5521,2.7605000,-0.1910022646188736,-0.18739999830722809
5522,2.7610000,-0.19075965881347656,-0.18690000474452972
5523,2.7615000,-0.19050559401512146,-0.18649999797344208
5524,2.7620000,-0.19023868441581726,-0.18600000441074371
5525,2.7625000,-0.18995817005634308,-0.18559999763965607
5526,2.7630000,-0.18966203927993774,-0.18520000576972961
5527,2.7635000,-0.18934823572635651,-0.18479999899864197
5528,2.7640000,-0.1890081912279129,-0.18440000712871552
5529,2.7645000,-0.18862912058830261,-0.18400000035762787
5530,2.7650000,-0.18820865452289581,-0.18359999358654022
5531,2.7655000,-0.1877509206533432,-0.18330000340938568
5532,2.7660000,-0.1872594952583313,-0.18289999663829803
5533,2.7665000,-0.18673758208751678,-0.18260000646114349
5534,2.7670000,-0.18618720769882202,-0.18219999969005585
5535,2.7675000,-0.18560820817947388,-0.18189999461174011
5536,2.7680000,-0.18499763309955597,-0.18160000443458557
5537,2.7685000,-0.18435710668563843,-0.18119999766349792
5538,2.7690000,-0.1836915910243988,-0.18089999258518219
5539,2.7695000,-0.18300293385982513,-0.18060000240802765
5540,2.7700000,-0.18229483067989349,-0.18019999563694
5541,2.7705000,-0.18157054483890533,-0.17990000545978546
5542,2.7710000,-0.18083193898200989,-0.17960000038146973
5543,2.7715000,-0.18008469045162201,-0.17929999530315399
5544,2.7720000,-0.17933560907840729,-0.17900000512599945
5545,2.7725000,-0.17858949303627014,-0.1785999983549118
5546,2.7730000,-0.1778472363948822,-0.17829999327659607
5547,2.7735000,-0.1771080493927002,-0.17800000309944153
5548,2.7740000,-0.17637497186660767,-0.17759999632835388
5549,2.7745000,-0.1756519228219986,-0.17730000615119934
5550,2.7750000,-0.17493939399719238,-0.17700000107288361
5551,2.7755000,-0.17423656582832336,-0.17659999430179596
5552,2.7760000,-0.1735391765832901,-0.17630000412464142
5553,2.7765000,-0.17283961176872253,-0.17589999735355377
5554,2.7770000,-0.17213380336761475,-0.17550000548362732
5555,2.7775000,-0.17142152786254883,-0.17520000040531158
5556,2.7780000,-0.17070755362510681,-0.17479999363422394
5557,2.7785000,-0.16999727487564087,-0.17440000176429749
5558,2.7790000,-0.16929203271865845,-0.17399999499320984
5559,2.7795000,-0.16859525442123413,-0.17360000312328339
5560,2.7800000,-0.16791336238384247,-0.17319999635219574
5561,2.7805000,-0.16724999248981476,-0.17270000278949738
5562,2.7810000,-0.1666034460067749,-0.17229999601840973
5563,2.7815000,-0.16597184538841248,-0.17190000414848328
5564,2.7820000,-0.16535522043704987,-0.17139999568462372
5565,2.7825000,-0.16475409269332886,-0.17090000212192535
5566,2.7830000,-0.16417084634304047,-0.1703999936580658
5567,2.7835000,-0.16360732913017273,-0.16990000009536743
5568,2.7840000,-0.1630638986825943,-0.16940000653266907
5569,2.7845000,-0.16254287958145142,-0.1687999963760376
5570,2.7850000,-0.16204534471035004,-0.16830000281333923
5571,2.7855000,-0.16156895458698273,-0.16769999265670776
5572,2.7860000,-0.16110979020595551,-0.16709999740123749
5573,2.7865000,-0.16066171228885651,-0.16650000214576721
5574,2.7870000,-0.16022340953350067,-0.16590000689029694
5575,2.7875000,-0.15979848802089691,-0.16519999504089355
5576,2.7880000,-0.15938577055931091,-0.16449999809265137
5577,2.7885000,-0.15898522734642029,-0.16380000114440918
5578,2.7890000,-0.15860004723072052,-0.16310000419616699
5579,2.7895000,-0.15822622179985046,-0.1624000072479248
5580,2.7900000,-0.15785516798496246,-0.16159999370574951
5581,2.7905000,-0.15748295187950134,-0.16089999675750732
5582,2.7910000,-0.15711167454719543,-0.15999999642372131
5583,2.7915000,-0.15674439072608948,-0.15919999778270721
5584,2.7920000,-0.15637758374214172,-0.15839999914169312
5585,2.7925000,-0.15600651502609253,-0.1574999988079071
5586,2.7930000,-0.1556331068277359,-0.15659999847412109
5587,2.7935000,-0.15525773167610168,-0.15569999814033508
5588,2.7940000,-0.15487571060657501,-0.15479999780654907
5589,2.7945000,-0.15448170900344849,-0.15389999747276306
5590,2.7950000,-0.15407450497150421,-0.15289999544620514
5591,2.7955000,-0.15365850925445557,-0.15199999511241913
5592,2.7960000,-0.15323111414909363,-0.15099999308586121
5593,2.7965000,-0.15278345346450806,-0.15000000596046448
5594,2.7970000,-0.15231497585773468,-0.14900000393390656
5595,2.7975000,-0.15182724595069885,-0.14800000190734863
5596,2.7980000,-0.15131750702857971,-0.14699999988079071
5597,2.7985000,-0.15078496932983398,-0.14599999785423279
5598,2.7990000,-0.15023118257522583,-0.14499999582767487
5599,2.7995000,-0.14965826272964478,-0.14399999380111694
5600,2.8000000,-0.14906656742095947,-0.14309999346733093
5601,2.8005000,-0.14845287799835205,-0.1421000063419342
5602,2.8010000,-0.14781618118286133,-0.14110000431537628
5603,2.8015000,-0.14716005325317383,-0.14010000228881836
5604,2.8020000,-0.14648573100566864,-0.13920000195503235
5605,2.8025000,-0.14579011499881744,-0.13830000162124634
5606,2.8030000,-0.14507389068603516,-0.13740000128746033
5607,2.8035000,-0.14434342086315155,-0.13650000095367432
5608,2.8040000,-0.14360330998897552,-0.13560000061988831
5609,2.8045000,-0.14285473525524139,-0.13480000197887421
5610,2.8050000,-0.14210022985935211,-0.13400000333786011
5611,2.8055000,-0.14134383201599121,-0.13320000469684601
5612,2.8060000,-0.14058598875999451,-0.13249999284744263
5613,2.8065000,-0.13982419669628143,-0.13179999589920044
5614,2.8070000,-0.13906070590019226,-0.13109999895095825
5615,2.8075000,-0.13830170035362244,-0.13050000369548798
5616,2.8080000,-0.13755001127719879,-0.12989999353885651
5617,2.8085000,-0.13680626451969147,-0.12929999828338623
5618,2.8090000,-0.13607437908649445,-0.12880000472068787
5619,2.8095000,-0.13535791635513306,-0.12829999625682831
5620,2.8100000,-0.13465511798858643,-0.12790000438690186
5621,2.8105000,-0.1339631974697113,-0.12749999761581421
5622,2.8110000,-0.13328295946121216,-0.12710000574588776
5623,2.8115000,-0.13261783123016357,-0.12669999897480011
5624,2.8120000,-0.13196852803230286,-0.12639999389648438
5625,2.8125000,-0.13132938742637634,-0.12610000371932983
5626,2.8130000,-0.13069415092468262,-0.12590000033378601
5627,2.8135000,-0.13006052374839783,-0.12559999525547028
5628,2.8140000,-0.12942709028720856,-0.12540000677108765
5629,2.8145000,-0.12879252433776855,-0.12520000338554382
5630,2.8150000,-0.12815681099891663,-0.12510000169277191
5631,2.8155000,-0.12752237915992737,-0.12489999830722809
5632,2.8160000,-0.12689217925071716,-0.12479999661445618
5633,2.8165000,-0.12626472115516663,-0.12470000237226486
5634,2.8170000,-0.1256374716758728,-0.12449999898672104
5635,2.8175000,-0.12501165270805359,-0.12439999729394913
5636,2.8180000,-0.12438776344060898,-0.12430000305175781
5637,2.8185000,-0.1237669512629509,-0.1242000013589859
5638,2.8190000,-0.12314938753843307,-0.12399999797344208
5639,2.8195000,-0.12252897769212723,-0.12389999628067017
5640,2.8200000,-0.12190789729356766,-0.12370000034570694
5641,2.8205000,-0.12129824608564377,-0.12349999696016312
5642,2.8210000,-0.12070383876562119,-0.12330000102519989
5643,2.8215000,-0.12012410163879395,-0.12309999763965607
5644,2.8220000,-0.11956034600734711,-0.12280000001192093
5645,2.8225000,-0.11901077628135681,-0.12259999662637711
5646,2.8230000,-0.11847002804279327,-0.12219999730587006
5647,2.8235000,-0.11793264746665955,-0.12189999967813492
5648,2.8240000,-0.1174018383026123,-0.12150000035762787
5649,2.8245000,-0.11688245087862015,-0.12099999934434891
5650,2.8250000,-0.11637234687805176,-0.12049999833106995
5651,2.8255000,-0.11587323248386383,-0.11999999731779099
5652,2.8260000,-0.11538804322481155,-0.11940000206232071
5653,2.8265000,-0.11491416394710541,-0.11879999935626984
5654,2.8270000,-0.11444606631994247,-0.11810000240802765
5655,2.8275000,-0.11397924274206161,-0.11739999800920486
5656,2.8280000,-0.11351736634969711,-0.11659999936819077
5657,2.8285000,-0.11306228488683701,-0.11569999903440475
5658,2.8290000,-0.11261080205440521,-0.11479999870061874
5659,2.8295000,-0.11216380447149277,-0.11389999836683273
5660,2.8300000,-0.11171914637088776,-0.11289999634027481
5661,2.8305000,-0.11127182841300964,-0.11180000007152557
5662,2.8310000,-0.11081724613904953,-0.11069999635219574
5663,2.8315000,-0.11035148054361343,-0.10949999839067459
5664,2.8320000,-0.10987773537635803,-0.10830000042915344
5665,2.8325000,-0.10939936339855194,-0.10700000077486038
5666,2.8330000,-0.10891614109277725,-0.10570000112056732
5667,2.8335000,-0.10842881351709366,-0.10440000146627426
5668,2.8340000,-0.10793469101190567,-0.10300000011920929
5669,2.8345000,-0.10743019729852676,-0.10149999707937241
5670,2.8350000,-0.10691379010677338,-0.10000000149011612
5671,2.8355000,-0.10638408362865448,-0.098499998450279236
5672,2.8360000,-0.10584132373332977,-0.097000002861022949
5673,2.8365000,-0.10528562963008881,-0.095399998128414154
5674,2.8370000,-0.10471741855144501,-0.093800000846385956
5675,2.8375000,-0.10413765907287598,-0.092200003564357758
5676,2.8380000,-0.10354405641555786,-0.090499997138977051
5677,2.8385000,-0.10293436050415039,-0.088899999856948853
5678,2.8390000,-0.10230749845504761,-0.087200000882148743
5679,2.8395000,-0.101662278175354,-0.085500001907348633
5680,2.8400000,-0.10100094228982925,-0.083800002932548523
5681,2.8405000,-0.1003265306353569,-0.082099996507167816
5682,2.8410000,-0.099639527499675751,-0.080399997532367706
5683,2.8415000,-0.098939746618270874,-0.078699998557567596
5684,2.8420000,-0.098226338624954224,-0.076999999582767487
5685,2.8425000,-0.097498446702957153,-0.075300000607967377
5686,2.8430000,-0.096759036183357239,-0.073700003325939178
5687,2.8435000,-0.096010297536849976,-0.071999996900558472
5688,2.8440000,-0.095250554382801056,-0.070399999618530273
5689,2.8445000,-0.094480760395526886,-0.068800002336502075
5690,2.8450000,-0.093703702092170715,-0.06719999760389328
5691,2.8455000,-0.092921160161495209,-0.065700002014636993
5692,2.8460000,-0.092133104801177979,-0.064099997282028198
5693,2.8465000,-0.091334588825702667,-0.062600001692771912
5694,2.8470000,-0.090521693229675293,-0.06120000034570694
5695,2.8475000,-0.089693211019039154,-0.059799998998641968
5696,2.8480000,-0.088848888874053955,-0.058400001376867294
5697,2.8485000,-0.087995700538158417,-0.057000000029802322
5698,2.8490000,-0.087139032781124115,-0.055700000375509262
5699,2.8495000,-0.086279414594173431,-0.054400000721216202
5700,2.8500000,-0.08541812002658844,-0.053199999034404755
5701,2.8505000,-0.084551297128200531,-0.052000001072883606
5702,2.8510000,-0.08367551863193512,-0.05090000107884407
5703,2.8515000,-0.082791835069656372,-0.049800001084804535
5704,2.8520000,-0.081899039447307587,-0.048799999058246613
5705,2.8525000,-0.080996103584766388,-0.047800000756978989
5706,2.8530000,-0.080084048211574554,-0.046900000423192978
5707,2.8535000,-0.079165779054164886,-0.046000000089406967
5708,2.8540000,-0.078243359923362732,-0.045099999755620956
5709,2.8545000,-0.077313199639320374,-0.044300001114606857
5710,2.8550000,-0.076372437179088593,-0.043600000441074371
5711,2.8555000,-0.075422823429107666,-0.042899999767541885
5712,2.8560000,-0.074467070400714874,-0.042199999094009399
5713,2.8565000,-0.073507659137248993,-0.041600000113248825
5714,2.8570000,-0.07254406064748764,-0.041099999099969864
5715,2.8575000,-0.071573980152606964,-0.04050000011920929
5716,2.8580000,-0.070599250495433807,-0.04010000079870224
5717,2.8585000,-0.069622889161109924,-0.03970000147819519
5718,2.8590000,-0.068644821643829346,-0.039299998432397842
5719,2.8595000,-0.067665807902812958,-0.039000000804662704
5720,2.8600000,-0.066694498062133789,-0.038699999451637268
5721,2.8605000,-0.065742343664169312,-0.038499999791383743
5722,2.8610000,-0.064812913537025452,-0.038300000131130219
5723,2.8615000,-0.063902571797370911,-0.038100000470876694
5724,2.8620000,-0.063008010387420654,-0.037999998778104782
5725,2.8625000,-0.062130879610776901,-0.037900000810623169
5726,2.8630000,-0.061271645128726959,-0.037900000810623169
5727,2.8635000,-0.060428187251091003,-0.037900000810623169
5728,2.8640000,-0.059603516012430191,-0.037999998778104782
5729,2.8645000,-0.058804098516702652,-0.037999998778104782
5730,2.8650000,-0.058031965047121048,-0.038199998438358307
5731,2.8655000,-0.057283848524093628,-0.038300000131130219
5732,2.8660000,-0.056557677686214447,-0.038499999791383743
5733,2.8665000,-0.055853381752967834,-0.038699999451637268
5734,2.8670000,-0.055169142782688141,-0.038899999111890793
5735,2.8675000,-0.054503235965967178,-0.039200000464916229
5736,2.8680000,-0.053855150938034058,-0.039500001817941666
5737,2.8685000,-0.053224686533212662,-0.039799999445676804
5738,2.8690000,-0.05261123925447464,-0.04010000079870224
5739,2.8695000,-0.05201251432299614,-0.04050000011920929
5740,2.8700000,-0.051427185535430908,-0.040800001472234726
5741,2.8705000,-0.050855685025453568,-0.041200000792741776
5742,2.8710000,-0.050295311957597733,-0.041499998420476913
5743,2.8715000,-0.049742687493562698,-0.041900001466274261
5744,2.8720000,-0.049197584390640259,-0.042300000786781311
5745,2.8725000,-0.048660565167665482,-0.042700000107288361
5746,2.8730000,-0.048130407929420471,-0.043000001460313797
5747,2.8735000,-0.047603942453861237,-0.043400000780820847
5748,2.8740000,-0.047080684453248978,-0.043699998408555984
5749,2.8745000,-0.046562336385250092,-0.044100001454353333
5750,2.8750000,-0.046047467738389969,-0.04439999908208847
5751,2.8755000,-0.045533217489719391,-0.044700000435113907
5752,2.8760000,-0.045020442456007004,-0.044900000095367432
5753,2.8765000,-0.044512812048196793,-0.045099999755620956
5754,2.8770000,-0.044009719043970108,-0.045299999415874481
5755,2.8775000,-0.043506301939487457,-0.045499999076128006
5756,2.8780000,-0.043002080172300339,-0.045600000768899918
5757,2.8785000,-0.042499229311943054,-0.045699998736381531
5758,2.8790000,-0.041995614767074585,-0.045699998736381531
5759,2.8795000,-0.041489247232675552,-0.045699998736381531
5760,2.8800000,-0.040980737656354904,-0.045699998736381531
5761,2.8805000,-0.040470466017723083,-0.045499999076128006
5762,2.8810000,-0.039958775043487549,-0.045400001108646393
5763,2.8815000,-0.039443835616111755,-0.045099999755620956
5764,2.8820000,-0.038924291729927063,-0.04479999840259552
5765,2.8825000,-0.038402646780014038,-0.044500000774860382
5766,2.8830000,-0.037879467010498047,-0.044100001454353333
5767,2.8835000,-0.037352975457906723,-0.043600000441074371
5768,2.8840000,-0.036823645234107971,-0.04309999942779541
5769,2.8845000,-0.036293547600507736,-0.042500000447034836
5770,2.8850000,-0.035764168947935104,-0.041900001466274261
5771,2.8855000,-0.03523717075586319,-0.041200000792741776
5772,2.8860000,-0.034714881330728531,-0.040399998426437378
5773,2.8865000,-0.034197583794593811,-0.039599999785423279
5774,2.8870000,-0.033682186156511307,-0.038699999451637268
5775,2.8875000,-0.033165998756885529,-0.037700001150369644
5776,2.8880000,-0.032651439309120178,-0.036699999123811722
5777,2.8885000,-0.032142035663127899,-0.035700000822544098
5778,2.8890000,-0.031635835766792297,-0.034600000828504562
5779,2.8895000,-0.031130127608776093,-0.033399999141693115
5780,2.8900000,-0.030625693500041962,-0.03229999914765358
5781,2.8905000,-0.030123820528388023,-0.030999999493360519
5782,2.8910000,-0.029622256755828857,-0.029799999669194221
5783,2.8915000,-0.029116583988070488,-0.028400000184774399
5784,2.8920000,-0.028607703745365143,-0.027100000530481339
5785,2.8925000,-0.028097927570343018,-0.025800000876188278
5786,2.8930000,-0.027586258947849274,-0.024399999529123306
5787,2.8935000,-0.027071874588727951,-0.023000000044703484
5788,2.8940000,-0.026555033400654793,-0.021600000560283661
5789,2.8945000,-0.02603692002594471,-0.020099999383091927
5790,2.8950000,-0.02551666647195816,-0.018699999898672104
5791,2.8955000,-0.0249928068369627,-0.017300000414252281
5792,2.8960000,-0.024467000737786293,-0.015799999237060547
5793,2.8965000,-0.023939788341522217,-0.014399999752640724
5794,2.8970000,-0.023409707471728325,-0.013000000268220901
5795,2.8975000,-0.022875497117638588,-0.011599999852478504
5796,2.8980000,-0.022336078807711601,-0.010200000368058681
5797,2.8985000,-0.021791217848658562,-0.0088999997824430466
5798,2.8990000,-0.021241115406155586,-0.0074999998323619366
5799,2.8995000,-0.020686808973550797,-0.0062000001780688763
5800,2.9000000,-0.020127160474658012,-0.004999999888241291
5801,2.9005000,-0.019558856263756752,-0.0038000000640749931
5802,2.9010000,-0.018982008099555969,-0.0026000000070780516
5803,2.9015000,-0.018396912142634392,-0.001500000013038516
5804,2.9020000,-0.017803315073251724,-0.00039999998989515007
5805,2.9025000,-0.017203280702233315,0.000699999975040555
5806,2.9030000,-0.01659824512898922,0.0017000000225380063
5807,2.9035000,-0.015991171821951866,0.0026000000070780516
5808,2.9040000,-0.015384171158075333,0.0035000001080334187
5809,2.9045000,-0.014774232171475887,0.0043000001460313797
5810,2.9050000,-0.014158801175653934,0.0051000001840293407
5811,2.9055000,-0.013536205515265465,0.0057999999262392521
5812,2.9060000,-0.012905114330351353,0.006399999838322401
5813,2.9065000,-0.012267051264643669,0.0070000002160668373
5814,2.9070000,-0.011624708771705627,0.0076000001281499863
5815,2.9075000,-0.010981189087033272,0.0081000002101063728
5816,2.9080000,-0.010338493622839451,0.008500000461935997
5817,2.9085000,-0.009697633795440197,0.0088999997824430466
5818,2.9090000,-0.0090604359284043312,0.0092000002041459084
5819,2.9095000,-0.0084257861599326134,0.0094999996945261955
5820,2.9100000,-0.0077915806323289871,0.0097000002861022949
5821,2.9105000,-0.0071596298366785049,0.0098999999463558197
5822,2.9110000,-0.0065332329832017422,0.0099999997764825821
5823,2.9115000,-0.0059142066165804863,0.010099999606609344
5824,2.9120000,-0.005299554206430912,0.010099999606609344
5825,2.9125000,-0.0046849776990711689,0.010200000368058681
5826,2.9130000,-0.0040707583539187908,0.010200000368058681
5827,2.9135000,-0.0034573478624224663,0.010099999606609344
5828,2.9140000,-0.0028437164146453142,0.010099999606609344
5829,2.9145000,-0.0022302302531898022,0.0099999997764825821
5830,2.9150000,-0.0016191278118640184,0.0098999999463558197
5831,2.9155000,-0.0010116647463291883,0.0098000001162290573
5832,2.9160000,-0.00040402973536401987,0.0096000004559755325
5833,2.9165000,0.00020562892314046621,0.0094999996945261955
5834,2.9170000,0.00081384973600506783,0.0093999998643994331
5835,2.9175000,0.0014194224495440722,0.0093000000342726707
5836,2.9180000,0.0020245281048119068,0.009100000374019146
5837,2.9185000,0.0026290025562047958,0.008999999612569809
5838,2.9190000,0.0032287044450640678,0.0088999997824430466
5839,2.9195000,0.003822708735242486,0.0087999999523162842
5840,2.9200000,0.0044156033545732498,0.0087999999523162842
5841,2.9205000,0.0050123590044677258,0.0087000001221895218
5842,2.9210000,0.0056135151535272598,0.0087000001221895218
5843,2.9215000,0.0062174350023269653,0.0087999999523162842
5844,2.9220000,0.0068253460340201855,0.0087999999523162842
5845,2.9225000,0.007437125314027071,0.0088999997824430466
5846,2.9230000,0.0080482847988605499,0.008999999612569809
5847,2.9235000,0.0086556402966380119,0.0092000002041459084
5848,2.9240000,0.0092612095177173615,0.0093999998643994331
5849,2.9245000,0.0098676616325974464,0.0096000004559755325
5850,2.9250000,0.010473039932549,0.0098999999463558197
5851,2.9255000,0.011076860129833221,0.010300000198185444
5852,2.9260000,0.011683556251227856,0.010599999688565731
5853,2.9265000,0.012295488268136978,0.011099999770522118
5854,2.9270000,0.012909039855003357,0.011599999852478504
5855,2.9275000,0.013518895022571087,0.012099999934434891
5856,2.9280000,0.014122930355370045,0.01269999984651804
5857,2.9285000,0.014718075282871723,0.013299999758601189
5858,2.9290000,0.015298955142498016,0.014000000432133675
5859,2.9295000,0.015867188572883606,0.014700000174343586
5860,2.9300000,0.016430724412202835,0.01549999974668026
5861,2.9305000,0.016992030665278435,0.016300000250339508
5862,2.9310000,0.017547249794006348,0.017100000753998756
5863,2.9315000,0.018094239756464958,0.017999999225139618
5864,2.9320000,0.018636280670762062,0.018999999389052391
5865,2.9325000,0.019175335764884949,0.019999999552965164
5866,2.9330000,0.019708709791302681,0.020999999716877937
5867,2.9335000,0.020237423479557037,0.022099999710917473
5868,2.9340000,0.020765243098139763,0.023199999704957008
5869,2.9345000,0.021290728822350502,0.024299999698996544
5870,2.9350000,0.021810697391629219,0.025499999523162842
5871,2.9355000,0.022325249388813972,0.02669999934732914
5872,2.9360000,0.022834934294223785,0.027899999171495438
5873,2.9365000,0.023335807025432587,0.029100000858306885
5874,2.9370000,0.023822713643312454,0.030400000512599945
5875,2.9375000,0.024299345910549164,0.031700000166893005
5876,2.9380000,0.024771414697170258,0.032999999821186066
5877,2.9385000,0.025238458067178726,0.034299999475479126
5878,2.9390000,0.025700272992253304,0.035599999129772186
5879,2.9395000,0.026156451553106308,0.036899998784065247
5880,2.9400000,0.026607060804963112,0.038199998438358307
5881,2.9405000,0.027051962912082672,0.039500001817941666
5882,2.9410000,0.027487978339195251,0.040800001472234726
5883,2.9415000,0.027917655184864998,0.042100001126527786
5884,2.9420000,0.02834692969918251,0.043299999088048935
5885,2.9425000,0.028776856139302254,0.044599998742341995
5886,2.9430000,0.029206361621618271,0.045800000429153442
5887,2.9435000,0.02963431179523468,0.047100000083446503
5888,2.9440000,0.03006325289607048,0.04830000177025795
5889,2.9445000,0.030496463179588318,0.049400001764297485
5890,2.9450000,0.030930235981941223,0.050599999725818634
5891,2.9455000,0.031362954527139664,0.05169999971985817
5892,2.9460000,0.031799141317605972,0.052700001746416092
5893,2.9465000,0.032241586595773697,0.053800001740455627
5894,2.9470000,0.032690040767192841,0.054800000041723251
5895,2.9475000,0.033141143620014191,0.055700000375509262
5896,2.9480000,0.033591676503419876,0.056600000709295273
5897,2.9485000,0.034039638936519623,0.057500001043081284
5898,2.9490000,0.034481614828109741,0.058299999684095383
5899,2.9495000,0.03491818904876709,0.059099998325109482
5900,2.9500000,0.035352166742086411,0.059799998998641968
5901,2.9505000,0.035783495754003525,0.060499999672174454
5902,2.9510000,0.03621392697095871,0.061099998652935028
5903,2.9515000,0.036644794046878815,0.061700001358985901
5904,2.9520000,0.037074990570545197,0.062199998646974564
5905,2.9525000,0.037502918392419815,0.062700003385543823
5906,2.9530000,0.037927072495222092,0.063100002706050873
5907,2.9535000,0.038349270820617676,0.063400000333786011
5908,2.9540000,0.038770798593759537,0.06379999965429306
5909,2.9545000,0.039191070944070816,0.064000003039836884
5910,2.9550000,0.039611808955669403,0.064300000667572021
5911,2.9555000,0.040034469217061996,0.064400002360343933
5912,2.9560000,0.040456961840391159,0.064599998295307159
5913,2.9565000,0.040873419493436813,0.064699999988079071
5914,2.9570000,0.041279833763837814,0.064699999988079071
5915,2.9575000,0.041679058223962784,0.064699999988079071
5916,2.9580000,0.042075272649526596,0.064699999988079071
5917,2.9585000,0.042469576001167297,0.064599998295307159
5918,2.9590000,0.042861629277467728,0.064499996602535248
5919,2.9595000,0.043251011520624161,0.064400002360343933
5920,2.9600000,0.043637733906507492,0.06419999897480011
5921,2.9605000,0.044022254645824432,0.064000003039836884
5922,2.9610000,0.044404827058315277,0.06379999965429306
5923,2.9615000,0.0447857566177845,0.063500002026557922
5924,2.9620000,0.04516742005944252,0.063299998641014099
5925,2.9625000,0.04555182158946991,0.063000001013278961
5926,2.9630000,0.045936815440654755,0.062700003385543823
5927,2.9635000,0.046320058405399323,0.062399998307228088
5928,2.9640000,0.046702019870281219,0.06210000067949295
5929,2.9645000,0.047083593904972076,0.061799999326467514
5930,2.9650000,0.04746381938457489,0.061500001698732376
5931,2.9655000,0.047840356826782227,0.06120000034570694
5932,2.9660000,0.048213418573141098,0.060899998992681503
5933,2.9665000,0.048585023730993271,0.060600001364946365
5934,2.9670000,0.048954244703054428,0.060300000011920929
5935,2.9675000,0.049318194389343262,0.059999998658895493
5936,2.9680000,0.049675934016704559,0.059700001031160355
5937,2.9685000,0.050027817487716675,0.05950000137090683
5938,2.9690000,0.050373662263154984,0.059200000017881393
5939,2.9695000,0.050713259726762772,0.059000000357627869
5940,2.9700000,0.051046058535575867,0.058800000697374344
5941,2.9705000,0.051371455192565918,0.058600001037120819
5942,2.9710000,0.051689282059669495,0.058499999344348907
5943,2.9715000,0.051999855786561966,0.058299999684095383
5944,2.9720000,0.052304688841104507,0.05820000171661377
5945,2.9725000,0.052605718374252319,0.058100000023841858
5946,2.9730000,0.052905246615409851,0.058100000023841858
5947,2.9735000,0.053202945739030838,0.057999998331069946
5948,2.9740000,0.053496208041906357,0.057999998331069946
5949,2.9745000,0.053785327821969986,0.058100000023841858
5950,2.9750000,0.054069720208644867,0.058100000023841858
5951,2.9755000,0.054347988218069077,0.05820000171661377
5952,2.9760000,0.05461956188082695,0.058299999684095383
5953,2.9765000,0.054880939424037933,0.058499999344348907
5954,2.9770000,0.055130138993263245,0.058600001037120819
5955,2.9775000,0.055368594825267792,0.058800000697374344
5956,2.9780000,0.055598139762878418,0.059000000357627869
5957,2.9785000,0.055820323526859283,0.059300001710653305
5958,2.9790000,0.056034732609987259,0.05950000137090683
5959,2.9795000,0.05624103918671608,0.059799998998641968
5960,2.9800000,0.056440182030200958,0.060100000351667404
5961,2.9805000,0.05663226917386055,0.060499999672174454
5962,2.9810000,0.056817676872014999,0.06080000102519989
5963,2.9815000,0.056996326893568039,0.06120000034570694
5964,2.9820000,0.057166587561368942,0.061599999666213989
5965,2.9825000,0.057328194379806519,0.061999998986721039
5966,2.9830000,0.057481192052364349,0.062399998307228088
5967,2.9835000,0.057625725865364075,0.06289999932050705
5968,2.9840000,0.057764329016208649,0.063299998641014099
5969,2.9845000,0.057897400110960007,0.06379999965429306
5970,2.9850000,0.058021660894155502,0.06419999897480011
5971,2.9855000,0.058136157691478729,0.064699999988079071
5972,2.9860000,0.058242525905370712,0.065200001001358032
5973,2.9865000,0.058343749493360519,0.065600000321865082
5974,2.9870000,0.058442287147045135,0.066100001335144043
5975,2.9875000,0.058537326753139496,0.066600002348423004
5976,2.9880000,0.058631666004657745,0.067100003361701965
5977,2.9885000,0.058730296790599823,0.06759999692440033
5978,2.9890000,0.05883205309510231,0.068099997937679291
5979,2.9895000,0.058933891355991364,0.068599998950958252
5980,2.9900000,0.05903586745262146,0.068999998271465302
5981,2.9905000,0.059139452874660492,0.069499999284744263
5982,2.9910000,0.059245280921459198,0.070000000298023224
5983,2.9915000,0.059353780001401901,0.070399999618530273
5984,2.9920000,0.059469498693943024,0.070900000631809235
5985,2.9925000,0.059599626809358597,0.071400001645088196
5986,2.9930000,0.059746488928794861,0.071800000965595245
5987,2.9935000,0.059905938804149628,0.072200000286102295
5988,2.9940000,0.060075152665376663,0.072700001299381256
5989,2.9945000,0.060256049036979675,0.073100000619888306
5990,2.9950000,0.060449469834566116,0.073499999940395355
5991,2.9955000,0.060653679072856903,0.073899999260902405
5992,2.9960000,0.060868658125400543,0.074299998581409454
5993,2.9965000,0.061097614467144012,0.074699997901916504
5994,2.9970000,0.061341322958469391,0.075099997222423553
5995,2.9975000,0.061594415456056595,0.075400002300739288
5996,2.9980000,0.061853803694248199,0.075800001621246338
5997,2.9985000,0.062121257185935974,0.076099999248981476
5998,2.9990000,0.06239517405629158,0.076499998569488525
5999,2.9995000,0.062673598527908325,0.07680000364780426
6000,3.0000000,0.062956154346466064,0.077100001275539398
6001,3.0005000,0.06324179470539093,0.077399998903274536
6002,3.0010000,0.063528813421726227,0.077699996531009674
6003,3.0015000,0.063813194632530212,0.078000001609325409
6004,3.0020000,0.064093589782714844,0.078299999237060547
6005,3.0025000,0.064371347427368164,0.078599996864795685
6006,3.0030000,0.064646244049072266,0.07890000194311142
6007,3.0035000,0.06491561233997345,0.079099997878074646
6008,3.0040000,0.065177485346794128,0.079400002956390381
6009,3.0045000,0.065434180200099945,0.079599998891353607
6010,3.0050000,0.065686590969562531,0.079899996519088745
6011,3.0055000,0.065932184457778931,0.080099999904632568
6012,3.0060000,0.066169209778308868,0.080300003290176392
6013,3.0065000,0.06639852374792099,0.08060000091791153
6014,3.0070000,0.066620990633964539,0.080799996852874756
6015,3.0075000,0.066835403442382812,0.081000000238418579
6016,3.0080000,0.067042455077171326,0.081200003623962402
6017,3.0085000,0.067245453596115112,0.081399999558925629
6018,3.0090000,0.067445218563079834,0.081600002944469452
6019,3.0095000,0.06763814389705658,0.081799998879432678
6020,3.0100000,0.067823126912117004,0.082000002264976501
6021,3.0105000,0.068003714084625244,0.082199998199939728
6022,3.0110000,0.068182215094566345,0.082400001585483551
6023,3.0115000,0.068358749151229858,0.082599997520446777
6024,3.0120000,0.068530850112438202,0.082900002598762512
6025,3.0125000,0.068696275353431702,0.083099998533725739
6026,3.0130000,0.068855054676532745,0.083300001919269562
6027,3.0135000,0.069005958735942841,0.083499997854232788
6028,3.0140000,0.069150403141975403,0.083700001239776611
6029,3.0145000,0.069292366504669189,0.083999998867511749
6030,3.0150000,0.0694303959608078,0.084200002253055573
6031,3.0155000,0.069563046097755432,0.08449999988079071
6032,3.0160000,0.069692991673946381,0.084799997508525848
6033,3.0165000,0.069820567965507507,0.085000000894069672
6034,3.0170000,0.069944284856319427,0.08529999852180481
6035,3.0175000,0.070064663887023926,0.085699997842311859
6036,3.0180000,0.070183590054512024,0.086000002920627594
6037,3.0185000,0.070300586521625519,0.086300000548362732
6038,3.0190000,0.070416353642940521,0.086699999868869781
6039,3.0195000,0.070533901453018188,0.087099999189376831
6040,3.0200000,0.070651985704898834,0.087499998509883881
6041,3.0205000,0.070767909288406372,0.087999999523162842
6042,3.0210000,0.070880740880966187,0.088399998843669891
6043,3.0215000,0.07099006325006485,0.088899999856948853
6044,3.0220000,0.071096047759056091,0.089400000870227814
6045,3.0225000,0.071198880672454834,0.089900001883506775
6046,3.0230000,0.071298450231552124,0.090499997138977051
6047,3.0235000,0.071395061910152435,0.091099999845027924
6048,3.0240000,0.071486689150333405,0.091700002551078796
6049,3.0245000,0.071570932865142822,0.092299997806549072
6050,3.0250000,0.071648642420768738,0.093000002205371857
6051,3.0255000,0.071718983352184296,0.093699999153614044
6052,3.0260000,0.07178138941526413,0.094400003552436829
6053,3.0265000,0.071837767958641052,0.095100000500679016
6054,3.0270000,0.071889288723468781,0.095899999141693115
6055,3.0275000,0.071935974061489105,0.096699997782707214
6056,3.0280000,0.071977093815803528,0.097499996423721313
6057,3.0285000,0.072013333439826965,0.09830000251531601
6058,3.0290000,0.072047911584377289,0.099100001156330109
6059,3.0295000,0.072080880403518677,0.10000000149011612
6060,3.0300000,0.072109222412109375,0.10090000182390213
6061,3.0305000,0.072134159505367279,0.10180000215768814
6062,3.0310000,0.072157479822635651,0.10270000249147415
6063,3.0315000,0.072181254625320435,0.10360000282526016
6064,3.0320000,0.07220836728811264,0.10459999740123749
6065,3.0325000,0.072238311171531677,0.1054999977350235
6066,3.0330000,0.072271741926670074,0.10649999976158142
6067,3.0335000,0.072309747338294983,0.10740000009536743
6068,3.0340000,0.072351366281509399,0.10840000212192535
6069,3.0345000,0.072396308183670044,0.10930000245571136
6070,3.0350000,0.072443954646587372,0.11029999703168869
6071,3.0355000,0.072494283318519592,0.1111999973654747
6072,3.0360000,0.072552360594272614,0.11219999939203262
6073,3.0365000,0.072624355554580688,0.11309999972581863
6074,3.0370000,0.072711937129497528,0.11400000005960464
6075,3.0375000,0.072813667356967926,0.11490000039339066
6076,3.0380000,0.072928145527839661,0.11580000072717667
6077,3.0385000,0.073055043816566467,0.11659999936819077
6078,3.0390000,0.073189981281757355,0.11739999800920486
6079,3.0395000,0.07332988828420639,0.11819999665021896
6080,3.0400000,0.073478050529956818,0.11900000274181366
6081,3.0405000,0.07363554835319519,0.11969999969005585
6082,3.0410000,0.073800906538963318,0.12039999663829803
6083,3.0415000,0.073971569538116455,0.12110000103712082
6084,3.0420000,0.074146322906017303,0.12169999629259109
6085,3.0425000,0.074326559901237488,0.12229999899864197
6086,3.0430000,0.074510090053081512,0.12280000001192093
6087,3.0435000,0.074693992733955383,0.12330000102519989
6088,3.0440000,0.074879176914691925,0.12380000203847885
6089,3.0445000,0.075066477060317993,0.1242000013589859
6090,3.0450000,0.075255461037158966,0.12449999898672104
6091,3.0455000,0.075445108115673065,0.12479999661445618
6092,3.0460000,0.075634703040122986,0.125
6093,3.0465000,0.07582448422908783,0.12520000338554382
6094,3.0470000,0.076012618839740753,0.12530000507831573
6095,3.0475000,0.076197922229766846,0.12540000677108765
6096,3.0480000,0.076380066573619843,0.12540000677108765
6097,3.0485000,0.076556392014026642,0.12530000507831573
6098,3.0490000,0.076725855469703674,0.12520000338554382
6099,3.0495000,0.076887674629688263,0.125
6100,3.0500000,0.077040486037731171,0.12479999661445618
6101,3.0505000,0.077185966074466705,0.12449999898672104
6102,3.0510000,0.077325582504272461,0.1242000013589859
6103,3.0515000,0.077457576990127563,0.12380000203847885
6104,3.0520000,0.077581845223903656,0.1234000027179718
6105,3.0525000,0.07770230621099472,0.12290000170469284
6106,3.0530000,0.07782088965177536,0.12240000069141388
6107,3.0535000,0.077937550842761993,0.12179999798536301
6108,3.0540000,0.078052863478660583,0.12120000272989273
6109,3.0545000,0.078165493905544281,0.12049999833106995
6110,3.0550000,0.078274153172969818,0.11980000138282776
6111,3.0555000,0.078380517661571503,0.11909999698400497
6112,3.0560000,0.078487366437911987,0.11829999834299088
6113,3.0565000,0.078596919775009155,0.11760000139474869
6114,3.0570000,0.078707702457904816,0.11680000275373459
6115,3.0575000,0.078816495835781097,0.11599999666213989
6116,3.0580000,0.07892385870218277,0.11509999632835388
6117,3.0585000,0.079031646251678467,0.11429999768733978
6118,3.0590000,0.079139538109302521,0.11349999904632568
6119,3.0595000,0.079245880246162415,0.11270000040531158
6120,3.0600000,0.079349830746650696,0.11190000176429749
6121,3.0605000,0.079451188445091248,0.11110000312328339
6122,3.0610000,0.079549111425876617,0.11029999703168869
6123,3.0615000,0.079643689095973969,0.1096000000834465
6124,3.0620000,0.079736381769180298,0.1088000014424324
6125,3.0625000,0.079827509820461273,0.10819999873638153
6126,3.0630000,0.079916007816791534,0.10750000178813934
6127,3.0635000,0.079999871551990509,0.10689999908208847
6128,3.0640000,0.080078847706317902,0.1062999963760376
6129,3.0645000,0.080156907439231873,0.10580000281333923
6130,3.0650000,0.08023601770401001,0.10530000180006027
6131,3.0655000,0.080314524471759796,0.10490000247955322
6132,3.0660000,0.080393768846988678,0.10459999740123749
6133,3.0665000,0.080475255846977234,0.10429999977350235
6134,3.0670000,0.080557264387607574,0.10400000214576721
6135,3.0675000,0.080638237297534943,0.10379999876022339
6136,3.0680000,0.080718718469142914,0.10369999706745148
6137,3.0685000,0.08080107718706131,0.10369999706745148
6138,3.0690000,0.080886907875537872,0.10369999706745148
6139,3.0695000,0.080977827310562134,0.10379999876022339
6140,3.0700000,0.081076137721538544,0.1039000004529953
6141,3.0705000,0.081180647015571594,0.10409999638795853
6142,3.0710000,0.081288136541843414,0.10440000146627426
6143,3.0715000,0.081396579742431641,0.1046999990940094
6144,3.0720000,0.08150462806224823,0.10509999841451645
6145,3.0725000,0.081611908972263336,0.1054999977350235
6146,3.0730000,0.081717453896999359,0.10599999874830246
6147,3.0735000,0.081820651888847351,0.10660000145435333
6148,3.0740000,0.081924110651016235,0.10710000246763229
6149,3.0745000,0.082028977572917938,0.10769999772310257
6150,3.0750000,0.082133568823337555,0.10840000212192535
6151,3.0755000,0.082236535847187042,0.10909999907016754
6152,3.0760000,0.082336574792861938,0.10980000346899033
6153,3.0765000,0.082432612776756287,0.11050000041723251
6154,3.0770000,0.082525566220283508,0.11129999905824661
6155,3.0775000,0.082617074251174927,0.11209999769926071
6156,3.0780000,0.082708612084388733,0.1128000020980835
6157,3.0785000,0.082801952958106995,0.1136000007390976
6158,3.0790000,0.082896813750267029,0.11439999938011169
6159,3.0795000,0.082991860806941986,0.11509999632835388
6160,3.0800000,0.083085060119628906,0.11590000241994858
6161,3.0805000,0.083173416554927826,0.11659999936819077
6162,3.0810000,0.083254821598529816,0.11729999631643295
6163,3.0815000,0.083328105509281158,0.11800000071525574
6164,3.0820000,0.083395816385746002,0.11860000342130661
6165,3.0825000,0.083461210131645203,0.11919999867677689
6166,3.0830000,0.08352266252040863,0.11969999969005585
6167,3.0835000,0.083579868078231812,0.12030000239610672
6168,3.0840000,0.083636030554771423,0.12070000171661377
6169,3.0845000,0.083688706159591675,0.12110000103712082
6170,3.0850000,0.083732679486274719,0.12150000035762787
6171,3.0855000,0.083768889307975769,0.12169999629259109
6172,3.0860000,0.083799369633197784,0.12200000137090683
6173,3.0865000,0.083822712302207947,0.12210000306367874
6174,3.0870000,0.083838097751140594,0.12219999730587006
6175,3.0875000,0.083846732974052429,0.12219999730587006
6176,3.0880000,0.083850614726543427,0.12219999730587006
6177,3.0885000,0.083853423595428467,0.12210000306367874
6178,3.0890000,0.08385583758354187,0.12189999967813492
6179,3.0895000,0.08385593444108963,0.12160000205039978
6180,3.0900000,0.083852082490921021,0.12129999697208405
6181,3.0905000,0.083842851221561432,0.120899997651577
6182,3.0910000,0.083830706775188446,0.12039999663829803
6183,3.0915000,0.083818472921848297,0.11990000307559967
6184,3.0920000,0.083805657923221588,0.1193000003695488
6185,3.0925000,0.083790689706802368,0.11860000342130661
6186,3.0930000,0.083773605525493622,0.11789999902248383
6187,3.0935000,0.083756238222122192,0.11710000038146973
6188,3.0940000,0.083738602697849274,0.11630000174045563
6189,3.0945000,0.083720289170742035,0.11540000140666962
6190,3.0950000,0.083703115582466125,0.11450000107288361
6191,3.0955000,0.083687558770179749,0.1136000007390976
6192,3.0960000,0.083670243620872498,0.11259999871253967
6193,3.0965000,0.083648920059204102,0.11150000244379044
6194,3.0970000,0.083625361323356628,0.11050000041723251
6195,3.0975000,0.08359876275062561,0.10939999669790268
6196,3.0980000,0.083568140864372253,0.10830000042915344
6197,3.0985000,0.083537161350250244,0.10719999670982361
6198,3.0990000,0.083507470786571503,0.10610000044107437
6199,3.0995000,0.083478309214115143,0.10499999672174454
6200,3.1000000,0.083447150886058807,0.1039000004529953
6201,3.1005000,0.083409212529659271,0.10279999673366547
6202,3.1010000,0.08336283266544342,0.10170000046491623
6203,3.1015000,0.083308495581150055,0.10069999843835831
6204,3.1020000,0.083249010145664215,0.09960000216960907
6205,3.1025000,0.083189651370048523,0.098700001835823059
6206,3.1030000,0.083131134510040283,0.097699999809265137
6207,3.1035000,0.083071492612361908,0.096799999475479126
6208,3.1040000,0.083012141287326813,0.096000000834465027
6209,3.1045000,0.082956612110137939,0.095200002193450928
6210,3.1050000,0.082904830574989319,0.094499997794628143
6211,3.1055000,0.082854978740215302,0.093800000846385956
6212,3.1060000,0.082810521125793457,0.093199998140335083
6213,3.1065000,0.082777097821235657,0.092699997127056122
6214,3.1070000,0.082757234573364258,0.092299997806549072
6215,3.1075000,0.082748152315616608,0.092000000178813934
6216,3.1080000,0.082748375833034515,0.091700002551078796
6217,3.1085000,0.082762360572814941,0.091600000858306885
6218,3.1090000,0.082790389657020569,0.091499999165534973
6219,3.1095000,0.082830853760242462,0.091600000858306885
6220,3.1100000,0.0828852578997612,0.091799996793270111
6221,3.1105000,0.08295421302318573,0.092000000178813934
6222,3.1110000,0.083040997385978699,0.092399999499320984
6223,3.1115000,0.083148166537284851,0.092900000512599945
6224,3.1120000,0.083274081349372864,0.093599997460842133
6225,3.1125000,0.083419181406497955,0.094300001859664917
6226,3.1130000,0.083585523068904877,0.095100000500679016
6227,3.1135000,0.083771079778671265,0.096100002527236938
6228,3.1140000,0.083973236382007599,0.097199998795986176
6229,3.1145000,0.084195852279663086,0.098399996757507324
6230,3.1150000,0.084445923566818237,0.099699996411800385
6231,3.1155000,0.084727570414543152,0.10109999775886536
6232,3.1160000,0.085040099918842316,0.10260000079870224
6233,3.1165000,0.085380449891090393,0.10429999977350235
6234,3.1170000,0.085748173296451569,0.10599999874830246
6235,3.1175000,0.086142592132091522,0.10790000110864639
6236,3.1180000,0.086564011871814728,0.10980000346899033
6237,3.1185000,0.087018825113773346,0.11190000176429749
6238,3.1190000,0.087510012090206146,0.11400000005960464
6239,3.1195000,0.088038802146911621,0.11620000004768372
6240,3.1200000,0.088608235120773315,0.1185000017285347
6241,3.1205000,0.089218012988567352,0.120899997651577
6242,3.1210000,0.089869424700737,0.12330000102519989
6243,3.1215000,0.090565644204616547,0.1257999986410141
6244,3.1220000,0.091311082243919373,0.12839999794960022
6245,3.1225000,0.09211055189371109,0.13099999725818634
6246,3.1230000,0.092964708805084229,0.13369999825954437
6247,3.1235000,0.093870073556900024,0.13629999756813049
6248,3.1240000,0.094826318323612213,0.13910000026226044
6249,3.1245000,0.09583822637796402,0.14180000126361847
6250,3.1250000,0.09690578281879425,0.14460000395774841
6251,3.1255000,0.098026245832443237,0.14740000665187836
6252,3.1260000,0.099199794232845306,0.15019999444484711
6253,3.1265000,0.10042817890644073,0.15299999713897705
6254,3.1270000,0.10171131044626236,0.15590000152587891
6255,3.1275000,0.1030428409576416,0.15870000422000885
6256,3.1280000,0.10441642999649048,0.16150000691413879
6257,3.1285000,0.10582936555147171,0.16429999470710754
6258,3.1290000,0.10727880895137787,0.16699999570846558
6259,3.1295000,0.10876207053661346,0.16979999840259552
6260,3.1300000,0.1102752685546875,0.17249999940395355
6261,3.1305000,0.1118195652961731,0.17520000040531158
6262,3.1310000,0.11339913308620453,0.17790000140666962
6263,3.1315000,0.11501017957925797,0.18060000240802765
6264,3.1320000,0.11664577573537827,0.18320000171661377
6265,3.1325000,0.11829867959022522,0.18580000102519989
6266,3.1330000,0.11996514350175858,0.18840000033378601
6267,3.1335000,0.12164793163537979,0.19089999794960022
6268,3.1340000,0.12335145473480225,0.19339999556541443
6269,3.1345000,0.12507793307304382,0.19589999318122864
6270,3.1350000,0.12682482600212097,0.19840000569820404
6271,3.1355000,0.12858915328979492,0.20090000331401825
6272,3.1360000,0.13036304712295532,0.20329999923706055
6273,3.1365000,0.13212962448596954,0.20569999516010284
6274,3.1370000,0.13388320803642273,0.20810000598430634
6275,3.1375000,0.1356305330991745,0.21040000021457672
6276,3.1380000,0.1373734176158905,0.21279999613761902
6277,3.1385000,0.13911119103431702,0.21520000696182251
6278,3.1390000,0.140843465924263,0.2175000011920929
6279,3.1395000,0.14257176220417023,0.21989999711513519
6280,3.1400000,0.14429557323455811,0.22229999303817749
6281,3.1405000,0.14600676298141479,0.22470000386238098
6282,3.1410000,0.14770044386386871,0.22709999978542328
6283,3.1415000,0.14937731623649597,0.22949999570846558
6284,3.1420000,0.15104039013385773,0.23190000653266907
6285,3.1425000,0.15269346535205841,0.23430000245571136
6286,3.1430000,0.15433448553085327,0.23680000007152557
6287,3.1435000,0.15595981478691101,0.23929999768733978
6288,3.1440000,0.15757012367248535,0.24179999530315399
6289,3.1445000,0.15916922688484192,0.24439999461174011
6290,3.1450000,0.16075916588306427,0.24699999392032623
6291,3.1455000,0.1623372882604599,0.24959999322891235
6292,3.1460000,0.16390503942966461,0.25220000743865967
6293,3.1465000,0.16546770930290222,0.2549000084400177
6294,3.1470000,0.1670253574848175,0.25769999623298645
6295,3.1475000,0.16857486963272095,0.26039999723434448
6296,3.1480000,0.17011973261833191,0.26320001482963562
6297,3.1485000,0.17167173326015472,0.26600000262260437
6298,3.1490000,0.17323553562164307,0.26879999041557312
6299,3.1495000,0.17481066286563873,0.27169999480247498
6300,3.1500000,0.17640453577041626,0.27459999918937683
6301,3.1505000,0.17802074551582336,0.27750000357627869
6302,3.1510000,0.17965492606163025,0.28040000796318054
6303,3.1515000,0.18130485713481903,0.28339999914169312
6304,3.1520000,0.1829705685377121,0.28630000352859497
6305,3.1525000,0.18465209007263184,0.28920000791549683
6306,3.1530000,0.18635092675685883,0.2921999990940094
6307,3.1535000,0.18806928396224976,0.29510000348091125
6308,3.1540000,0.18980947136878967,0.29800000786781311
6309,3.1545000,0.19157253205776215,0.30090001225471497
6310,3.1550000,0.19335810840129852,0.30370000004768372
6311,3.1555000,0.19516803324222565,0.30649998784065247
6312,3.1560000,0.19700470566749573,0.3093000054359436
6313,3.1565000,0.19886834919452667,0.31209999322891235
6314,3.1570000,0.20076143741607666,0.31479999423027039
6315,3.1575000,0.20268654823303223,0.3174000084400177
6316,3.1580000,0.20464086532592773,0.31999999284744263
6317,3.1585000,0.2066226601600647,0.32249999046325684
6318,3.1590000,0.2086341381072998,0.32490000128746033
6319,3.1595000,0.21068070828914642,0.32730001211166382
6320,3.1600000,0.21276593208312988,0.3294999897480011
6321,3.1605000,0.21488487720489502,0.33169999718666077
6322,3.1610000,0.21703273057937622,0.33379998803138733
6323,3.1615000,0.21920953691005707,0.33579999208450317
6324,3.1620000,0.22141681611537933,0.3377000093460083
6325,3.1625000,0.22365976870059967,0.33939999341964722
6326,3.1630000,0.22594061493873596,0.34110000729560852
6327,3.1635000,0.2282547801733017,0.34270000457763672
6328,3.1640000,0.23059532046318054,0.34409999847412109
6329,3.1645000,0.23295383155345917,0.34540000557899475
6330,3.1650000,0.23532432317733765,0.3465999960899353
6331,3.1655000,0.23770555853843689,0.34769999980926514
6332,3.1660000,0.24009951949119568,0.34860000014305115
6333,3.1665000,0.24250701069831848,0.34950000047683716
6334,3.1670000,0.24493022263050079,0.35019999742507935
6335,3.1675000,0.24736683070659637,0.35069999098777771
6336,3.1680000,0.24981051683425903,0.35120001435279846
6337,3.1685000,0.2522636353969574,0.351500004529953
6338,3.1690000,0.25472456216812134,0.35170000791549683
6339,3.1695000,0.25718647241592407,0.35170000791549683
6340,3.1700000,0.25964877009391785,0.35159999132156372
6341,3.1705000,0.26210862398147583,0.3513999879360199
6342,3.1710000,0.26455801725387573,0.35109999775886536
6343,3.1715000,0.2669931948184967,0.35060000419616699
6344,3.1720000,0.26940950751304626,0.34999999403953552
6345,3.1725000,0.27179855108261108,0.34929999709129333
6346,3.1730000,0.27415531873703003,0.34839999675750732
6347,3.1735000,0.27647632360458374,0.3474000096321106
6348,3.1740000,0.27876010537147522,0.34630000591278076
6349,3.1745000,0.28100168704986572,0.34509998559951782
6350,3.1750000,0.28319123387336731,0.34380000829696655
6351,3.1755000,0.28532430529594421,0.34229999780654907
6352,3.1760000,0.28739926218986511,0.34070000052452087
6353,3.1765000,0.28941360116004944,0.33899998664855957
6354,3.1770000,0.29136461019515991,0.33719998598098755
6355,3.1775000,0.29324924945831299,0.33520001173019409
6356,3.1780000,0.29506459832191467,0.33320000767707825
6357,3.1785000,0.29680714011192322,0.33100000023841858
6358,3.1790000,0.29847350716590881,0.32870000600814819
6359,3.1795000,0.30006119608879089,0.3262999951839447
6360,3.1800000,0.30155861377716064,0.32370001077651978
6361,3.1805000,0.30294308066368103,0.32109999656677246
6362,3.1810000,0.3042026162147522,0.31830000877380371
6363,3.1815000,0.3053392767906189,0.31540000438690186
6364,3.1820000,0.30635210871696472,0.31240001320838928
6365,3.1825000,0.30723670125007629,0.3093000054359436
6366,3.1830000,0.30798879265785217,0.30610001087188721
6367,3.1835000,0.30860310792922974,0.30270001292228699
6368,3.1840000,0.30907613039016724,0.29929998517036438
6369,3.1845000,0.30941137671470642,0.29570001363754272
6370,3.1850000,0.30961388349533081,0.29199999570846558
6371,3.1855000,0.30968165397644043,0.28819999098777771
6372,3.1860000,0.30961319804191589,0.28420001268386841
6373,3.1865000,0.30941060185432434,0.28009998798370361
6374,3.1870000,0.30907353758811951,0.27590000629425049
6375,3.1875000,0.30860212445259094,0.27160000801086426
6376,3.1880000,0.30799654126167297,0.26719999313354492
6377,3.1885000,0.30725237727165222,0.26260000467300415
6378,3.1890000,0.30636772513389587,0.25789999961853027
6379,3.1895000,0.30534565448760986,0.25310000777244568
6380,3.1900000,0.30418664216995239,0.24819999933242798
6381,3.1905000,0.30288773775100708,0.24310000240802765
6382,3.1910000,0.30144590139389038,0.23790000379085541
6383,3.1915000,0.29985880851745605,0.23260000348091125
6384,3.1920000,0.29812571406364441,0.22720000147819519
6385,3.1925000,0.29624530673027039,0.2215999960899353
6386,3.1930000,0.29421713948249817,0.2159000039100647
6387,3.1935000,0.29204437136650085,0.21009999513626099
6388,3.1940000,0.28972905874252319,0.20419999957084656
6389,3.1945000,0.28727421164512634,0.19820000231266022
6390,3.1950000,0.28468227386474609,0.19210000336170197
6391,3.1955000,0.28195351362228394,0.18580000102519989
6392,3.1960000,0.27908900380134583,0.17949999868869781
6393,3.1965000,0.27609017491340637,0.17299999296665192
6394,3.1970000,0.272957444190979,0.16650000214576721
6395,3.1975000,0.2696889340877533,0.1598999947309494
6396,3.1980000,0.2662842869758606,0.15320000052452087
6397,3.1985000,0.262748122215271,0.14640000462532043
6398,3.1990000,0.25908762216567993,0.13950000703334808
6399,3.1995000,0.25530713796615601,0.13259999454021454
6400,3.2000000,0.25140860676765442,0.12559999525547028
6401,3.2005000,0.24739441275596619,0.11860000342130661
6402,3.2010000,0.24326623976230621,0.11150000244379044
6403,3.2015000,0.2390294224023819,0.10440000146627426
6404,3.2020000,0.23469255864620209,0.097300000488758087
6405,3.2025000,0.23025770485401154,0.090099997818470001
6406,3.2030000,0.2257203608751297,0.082999996840953827
6407,3.2035000,0.22107958793640137,0.075800001621246338
6408,3.2040000,0.21633791923522949,0.068700000643730164
6409,3.2045000,0.21150191128253937,0.061599999666213989
6410,3.2050000,0.20658190548419952,0.054499998688697815
6411,3.2055000,0.20158152282238007,0.047400001436471939
6412,3.2060000,0.19650281965732574,0.040399998426437378
6413,3.2065000,0.1913512796163559,0.033500000834465027
6414,3.2070000,0.18613129854202271,0.026599999517202377
6415,3.2075000,0.18084746599197388,0.019799999892711639
6416,3.2080000,0.17550264298915863,0.013000000268220901
6417,3.2085000,0.17009694874286652,0.006399999838322401
6418,3.2090000,0.16463284194469452,-9.9999997473787516e-05
6419,3.2095000,0.15911178290843964,-0.0065000001341104507
6420,3.2100000,0.15353308618068695,-0.012799999676644802
6421,3.2105000,0.14790408313274384,-0.018999999389052391
6422,3.2110000,0.14224140346050262,-0.02500000037252903
6423,3.2115000,0.13655875623226166,-0.030899999663233757
6424,3.2120000,0.13085873425006866,-0.036699999123811722
6425,3.2125000,0.12513986229896545,-0.042300000786781311
6426,3.2130000,0.11940483003854752,-0.047800000756978989
6427,3.2135000,0.11365605145692825,-0.053100001066923141
6428,3.2140000,0.10789752751588821,-0.05820000171661377
6429,3.2145000,0.10213806480169296,-0.063199996948242188
6430,3.2150000,0.096384532749652863,-0.068000003695487976
6431,3.2155000,0.090641908347606659,-0.072599999606609344
6432,3.2160000,0.08491361141204834,-0.076999999582767487
6433,3.2165000,0.079201593995094299,-0.081299997866153717
6434,3.2170000,0.073508262634277344,-0.085400000214576721
6435,3.2175000,0.067835673689842224,-0.089299999177455902
6436,3.2180000,0.062190644443035126,-0.093099996447563171
6437,3.2185000,0.056582249701023102,-0.0966000035405159
6438,3.2190000,0.05101475864648819,-0.10000000149011612
6439,3.2195000,0.045491721481084824,-0.10320000350475311
6440,3.2200000,0.040018551051616669,-0.1062999963760376
6441,3.2205000,0.034601360559463501,-0.10920000076293945
6442,3.2210000,0.029244836419820786,-0.11190000176429749
6443,3.2215000,0.023951999843120575,-0.11450000107288361
6444,3.2220000,0.018727643415331841,-0.1168999969959259
6445,3.2225000,0.013577677309513092,-0.11919999867677689
6446,3.2230000,0.0085059311240911484,-0.12139999866485596
6447,3.2235000,0.0035139387473464012,-0.1234000027179718
6448,3.2240000,-0.0014000772498548031,-0.12520000338554382
6449,3.2245000,-0.0062396042048931122,-0.12700000405311584
6450,3.2250000,-0.011003688909113407,-0.12860000133514404
6451,3.2255000,-0.015688395127654076,-0.13019999861717224
6452,3.2260000,-0.020291546359658241,-0.13160000741481781
6453,3.2265000,-0.024808984249830246,-0.13289999961853027
6454,3.2270000,-0.029234042391180992,-0.13420000672340393
6455,3.2275000,-0.033563349395990372,-0.13529999554157257
6456,3.2280000,-0.037796959280967712,-0.1363999992609024
6457,3.2285000,-0.041936241090297699,-0.13740000128746033
6458,3.2290000,-0.045981653034687042,-0.13840000331401825
6459,3.2295000,-0.049932654947042465,-0.13930000364780426
6460,3.2300000,-0.053788606077432632,-0.14020000398159027
6461,3.2305000,-0.057546850293874741,-0.14100000262260437
6462,3.2310000,-0.061203818768262863,-0.14180000126361847
6463,3.2315000,-0.064758904278278351,-0.14259999990463257
6464,3.2320000,-0.068212971091270447,-0.14329999685287476
6465,3.2325000,-0.071565859019756317,-0.14409999549388885
6466,3.2330000,-0.074819065630435944,-0.14480000734329224
6467,3.2335000,-0.077976129949092865,-0.14550000429153442
6468,3.2340000,-0.081040918827056885,-0.14630000293254852
6469,3.2345000,-0.084014467895030975,-0.14699999988079071
6470,3.2350000,-0.086894683539867401,-0.14779999852180481
6471,3.2355000,-0.089682027697563171,-0.148499995470047
6472,3.2360000,-0.092380493879318237,-0.1492999941110611
6473,3.2365000,-0.094991862773895264,-0.1500999927520752
6474,3.2370000,-0.097515560686588287,-0.15090000629425049
6475,3.2375000,-0.099954113364219666,-0.1518000066280365
6476,3.2380000,-0.10231053829193115,-0.1526000052690506
6477,3.2385000,-0.10458606481552124,-0.15350000560283661
6478,3.2390000,-0.10678240656852722,-0.15440000593662262
6479,3.2395000,-0.10889988392591476,-0.15539999306201935
6480,3.2400000,-0.11093883216381073,-0.15639999508857727
6481,3.2405000,-0.11289853602647781,-0.15739999711513519
6482,3.2410000,-0.11477722972631454,-0.15839999914169312
6483,3.2415000,-0.116575688123703,-0.15940000116825104
6484,3.2420000,-0.11829522997140884,-0.16050000488758087
6485,3.2425000,-0.11993986368179321,-0.16159999370574951
6486,3.2430000,-0.12151297181844711,-0.16269999742507935
6487,3.2435000,-0.12301360815763474,-0.16380000114440918
6488,3.2440000,-0.12444643676280975,-0.16500000655651093
6489,3.2445000,-0.1258210688829422,-0.16609999537467957
6490,3.2450000,-0.12714245915412903,-0.16730000078678131
6491,3.2455000,-0.1284119188785553,-0.16850000619888306
6492,3.2460000,-0.12962810695171356,-0.1695999950170517
6493,3.2465000,-0.1307891458272934,-0.17080000042915344
6494,3.2470000,-0.13189694285392761,-0.17200000584125519
6495,3.2475000,-0.13295385241508484,-0.17309999465942383
6496,3.2480000,-0.13396087288856506,-0.17430000007152557
6497,3.2485000,-0.13492053747177124,-0.17540000379085541
6498,3.2490000,-0.13583557307720184,-0.17649999260902405
6499,3.2495000,-0.13670787215232849,-0.17759999632835388
6500,3.2500000,-0.13753882050514221,-0.17870000004768372
6501,3.2505000,-0.1383272111415863,-0.17970000207424164
6502,3.2510000,-0.13907288014888763,-0.18070000410079956
6503,3.2515000,-0.13978007435798645,-0.18170000612735748
6504,3.2520000,-0.14045028388500214,-0.18260000646114349
6505,3.2525000,-0.14108328521251678,-0.1835000067949295
6506,3.2530000,-0.14168183505535126,-0.1843000054359436
6507,3.2535000,-0.14224720001220703,-0.1851000040769577
6508,3.2540000,-0.14277929067611694,-0.1859000027179718
6509,3.2545000,-0.14327758550643921,-0.18659999966621399
6510,3.2550000,-0.14374223351478577,-0.18719999492168427
6511,3.2555000,-0.14417695999145508,-0.18780000507831573
6512,3.2560000,-0.14458656311035156,-0.1882999986410141
6513,3.2565000,-0.14497418701648712,-0.18880000710487366
6514,3.2570000,-0.14534106850624084,-0.18919999897480011
6515,3.2575000,-0.1456880122423172,-0.18950000405311584
6516,3.2580000,-0.14601454138755798,-0.18979999423027039
6517,3.2585000,-0.14631761610507965,-0.18999999761581421
6518,3.2590000,-0.14659495651721954,-0.19009999930858612
6519,3.2595000,-0.14684686064720154,-0.19020000100135803
6520,3.2600000,-0.14707370102405548,-0.19020000100135803
6521,3.2605000,-0.14727456867694855,-0.19009999930858612
6522,3.2610000,-0.14744862914085388,-0.18999999761581421
6523,3.2615000,-0.14759799838066101,-0.18979999423027039
6524,3.2620000,-0.14772474765777588,-0.18950000405311584
6525,3.2625000,-0.14782540500164032,-0.18919999897480011
6526,3.2630000,-0.14789734780788422,-0.18880000710487366
6527,3.2635000,-0.14794144034385681,-0.1882999986410141
6528,3.2640000,-0.14795644581317902,-0.18780000507831573
6529,3.2645000,-0.14794100821018219,-0.18719999492168427
6530,3.2650000,-0.14789572358131409,-0.18649999797344208
6531,3.2655000,-0.14782372117042542,-0.18569999933242798
6532,3.2660000,-0.14772891998291016,-0.18490000069141388
6533,3.2665000,-0.14760863780975342,-0.18410000205039978
6534,3.2670000,-0.14745727181434631,-0.18320000171661377
6535,3.2675000,-0.14727452397346497,-0.18219999969005585
6536,3.2680000,-0.14706337451934814,-0.18119999766349792
6537,3.2685000,-0.14682780206203461,-0.18009999394416809
6538,3.2690000,-0.14656971395015717,-0.17890000343322754
6539,3.2695000,-0.14628934860229492,-0.17769999802112579
6540,3.2700000,-0.14598870277404785,-0.17649999260902405
6541,3.2705000,-0.14566822350025177,-0.17520000040531158
6542,3.2710000,-0.1453266441822052,-0.17380000650882721
6543,3.2715000,-0.1449647843837738,-0.17239999771118164
6544,3.2720000,-0.14458344876766205,-0.17100000381469727
6545,3.2725000,-0.14418075978755951,-0.16949999332427979
6546,3.2730000,-0.14375518262386322,-0.1679999977350235
6547,3.2735000,-0.14330591261386871,-0.1664000004529953
6548,3.2740000,-0.14283272624015808,-0.1648000031709671
6549,3.2745000,-0.14233618974685669,-0.16310000419616699
6550,3.2750000,-0.1418178379535675,-0.16140000522136688
6551,3.2755000,-0.14127986133098602,-0.15970000624656677
6552,3.2760000,-0.14072562754154205,-0.15790000557899475
6553,3.2765000,-0.14016112685203552,-0.15610000491142273
6554,3.2770000,-0.13958887755870819,-0.1542000025510788
6555,3.2775000,-0.13900412619113922,-0.15230000019073486
6556,3.2780000,-0.13840186595916748,-0.15039999783039093
6557,3.2785000,-0.13778327405452728,-0.148499995470047
6558,3.2790000,-0.13715170323848724,-0.14650000631809235
6559,3.2795000,-0.13650856912136078,-0.1445000022649765
6560,3.2800000,-0.13585294783115387,-0.14239999651908875
6561,3.2805000,-0.13518285751342773,-0.14030000567436218
6562,3.2810000,-0.13449804484844208,-0.13819999992847443
6563,3.2815000,-0.13379630446434021,-0.13609999418258667
6564,3.2820000,-0.13307376205921173,-0.1339000016450882
6565,3.2825000,-0.13232849538326263,-0.13169999420642853
6566,3.2830000,-0.13155844807624817,-0.12950000166893005
6567,3.2835000,-0.1307625025510788,-0.12720000743865967
6568,3.2840000,-0.12993717193603516,-0.125
6569,3.2845000,-0.1290753036737442,-0.12269999831914902
6570,3.2850000,-0.12817665934562683,-0.12039999663829803
6571,3.2855000,-0.12724313139915466,-0.11810000240802765
6572,3.2860000,-0.12627187371253967,-0.11569999903440475
6573,3.2865000,-0.12526209652423859,-0.11339999735355377
6574,3.2870000,-0.12421657145023346,-0.11100000143051147
6575,3.2875000,-0.12313710898160934,-0.10869999974966049
6576,3.2880000,-0.12201844900846481,-0.1062999963760376
6577,3.2885000,-0.12085270881652832,-0.10400000214576721
6578,3.2890000,-0.11963917315006256,-0.10159999877214432
6579,3.2895000,-0.11838002502918243,-0.099299997091293335
6580,3.2900000,-0.11707547307014465,-0.096900001168251038
6581,3.2905000,-0.11572516709566116,-0.094599999487400055
6582,3.2910000,-0.11432895064353943,-0.092299997806549072
6583,3.2915000,-0.11288945376873016,-0.090099997818470001
6584,3.2920000,-0.11140886694192886,-0.087800003588199615
6585,3.2925000,-0.10988858342170715,-0.085600003600120544
6586,3.2930000,-0.10833261907100677,-0.083499997854232788
6587,3.2935000,-0.10674411803483963,-0.081399999558925629
6588,3.2940000,-0.1051257848739624,-0.079300001263618469
6589,3.2945000,-0.10348029434680939,-0.077299997210502625
6590,3.2950000,-0.10180982947349548,-0.075400002300739288
6591,3.2955000,-0.10011810064315796,-0.073499999940395355
6592,3.2960000,-0.098405219614505768,-0.071699999272823334
6593,3.2965000,-0.096668258309364319,-0.069899998605251312
6594,3.2970000,-0.094909548759460449,-0.068199999630451202
6595,3.2975000,-0.093133531510829926,-0.066600002348423004
6596,3.2980000,-0.091343611478805542,-0.065099999308586121
6597,3.2985000,-0.089544594287872314,-0.063699997961521149
6598,3.2990000,-0.087740875780582428,-0.062300000339746475
6599,3.2995000,-0.085936740040779114,-0.061000000685453415
6600,3.3000000,-0.084134265780448914,-0.059900000691413879
6601,3.3005000,-0.082333989441394806,-0.058699999004602432
6602,3.3010000,-0.080541692674160004,-0.057700000703334808
6603,3.3015000,-0.078764162957668304,-0.056800000369548798
6604,3.3020000,-0.077006496489048004,-0.055900000035762787
6605,3.3025000,-0.075276032090187073,-0.055100001394748688
6606,3.3030000,-0.073582455515861511,-0.054400000721216202
6607,3.3035000,-0.071932695806026459,-0.053700000047683716
6608,3.3040000,-0.070326231420040131,-0.053100001066923141
6609,3.3045000,-0.068759717047214508,-0.052499998360872269
6610,3.3050000,-0.067231982946395874,-0.052000001072883606
6611,3.3055000,-0.065746061503887177,-0.051500000059604645
6612,3.3060000,-0.06430777907371521,-0.050999999046325684
6613,3.3065000,-0.062922224402427673,-0.050500001758337021
6614,3.3070000,-0.061591684818267822,-0.049899999052286148
6615,3.3075000,-0.060315396636724472,-0.049400001764297485
6616,3.3080000,-0.059092387557029724,-0.048700001090764999
6617,3.3085000,-0.057922963052988052,-0.048000000417232513
6618,3.3090000,-0.056808590888977051,-0.047200001776218414
6619,3.3095000,-0.055748451501131058,-0.046300001442432404
6620,3.3100000,-0.054739195853471756,-0.045299999415874481
6621,3.3105000,-0.05377843976020813,-0.043999999761581421
6622,3.3110000,-0.052862156182527542,-0.042599998414516449
6623,3.3115000,-0.051984395831823349,-0.041000001132488251
6624,3.3120000,-0.051144588738679886,-0.039099998772144318
6625,3.3125000,-0.050347696989774704,-0.036899998784065247
6626,3.3130000,-0.049593087285757065,-0.034400001168251038
6627,3.3135000,-0.048874706029891968,-0.031599998474121094
6628,3.3140000,-0.048185214400291443,-0.028400000184774399
6629,3.3145000,-0.047514550387859344,-0.024800000712275505
6630,3.3150000,-0.046853359788656235,-0.02070000022649765
6631,3.3155000,-0.046192295849323273,-0.016200000420212746
6632,3.3160000,-0.045509625226259232,-0.01119999960064888
6633,3.3165000,-0.044775750488042831,-0.0057000000961124897
6634,3.3170000,-0.043970964848995209,0.00039999998989515007
6635,3.3175000,-0.043078910559415817,0.0071000000461935997
6636,3.3180000,-0.04208008199930191,0.014399999752640724
6637,3.3185000,-0.040958110243082047,0.022299999371170998
6638,3.3190000,-0.039701137691736221,0.030899999663233757
6639,3.3195000,-0.03829067200422287,0.040199998766183853
6640,3.3200000,-0.036705609411001205,0.050200000405311584
6641,3.3205000,-0.034937821328639984,0.060899998992681503
6642,3.3210000,-0.032980289310216904,0.072400003671646118
6643,3.3215000,-0.030809279531240463,0.084600001573562622
6644,3.3220000,-0.028394732624292374,0.097599998116493225
6645,3.3225000,-0.025716112926602364,0.11140000075101852
6646,3.3230000,-0.022754708305001259,0.12590000033378601
6647,3.3235000,-0.019485443830490112,0.14120000600814819
6648,3.3240000,-0.015873851254582405,0.15729999542236328
6649,3.3245000,-0.01188027486205101,0.17409999668598175
6650,3.3250000,-0.0074680298566818237,0.19169999659061432
6651,3.3255000,-0.0026104981079697609,0.20990000665187836
6652,3.3260000,0.0027029411867260933,0.2289000004529953
6653,3.3265000,0.0084838429465889931,0.24850000441074371
6654,3.3270000,0.014753829687833786,0.26879999041557312
6655,3.3275000,0.021531615406274796,0.28960001468658447
6656,3.3280000,0.028829766437411308,0.31099998950958252
6657,3.3285000,0.036655612289905548,0.33289998769760132
6658,3.3290000,0.045019552111625671,0.35519999265670776
6659,3.3295000,0.053936682641506195,0.37790000438690186
6660,3.3300000,0.063416525721549988,0.40090000629425049
6661,3.3305000,0.073471575975418091,0.42419999837875366
6662,3.3310000,0.08411368727684021,0.44760000705718994
6663,3.3315000,0.095349065959453583,0.47110000252723694
6664,3.3320000,0.10717616230249405,0.49470001459121704
6665,3.3325000,0.11958178132772446,0.51819998025894165
6666,3.3330000,0.13255251944065094,0.54149997234344482
6667,3.3335000,0.14607250690460205,0.56459999084472656
6668,3.3340000,0.16013306379318237,0.58730000257492065
6669,3.3345000,0.17473450303077698,0.6096000075340271
6670,3.3350000,0.18987184762954712,0.63129997253417969
6671,3.3355000,0.20552469789981842,0.6524999737739563
6672,3.3360000,0.22165957093238831,0.67280000448226929
6673,3.3365000,0.23825953900814056,0.69239997863769531
6674,3.3370000,0.2553141713142395,0.71100002527236938
6675,3.3375000,0.27279132604598999,0.72860002517700195
6676,3.3380000,0.29065221548080444,0.74510002136230469
6677,3.3385000,0.30885535478591919,0.76029998064041138
6678,3.3390000,0.32735288143157959,0.77420002222061157
6679,3.3395000,0.34610521793365479,0.78670001029968262
6680,3.3400000,0.36506378650665283,0.79769998788833618
6681,3.3405000,0.38416388630867004,0.80720001459121704
6682,3.3410000,0.40335175395011902,0.8148999810218811
6683,3.3415000,0.42257583141326904,0.82099997997283936
6684,3.3420000,0.44177281856536865,0.82520002126693726
6685,3.3425000,0.46087637543678284,0.82749998569488525
6686,3.3430000,0.47982993721961975,0.8278999924659729
6687,3.3435000,0.49857857823371887,0.82639998197555542
6688,3.3440000,0.51703667640686035,0.82279998064041138
6689,3.3445000,0.53510487079620361,0.81720000505447388
6690,3.3450000,0.55270874500274658,0.80940002202987671
6691,3.3455000,0.56978905200958252,0.79960000514984131
6692,3.3460000,0.5862804651260376,0.78759998083114624
6693,3.3465000,0.60210889577865601,0.77350002527236938
6694,3.3470000,0.61719459295272827,0.75730001926422119
6695,3.3475000,0.63146626949310303,0.73890000581741333
6696,3.3480000,0.64484530687332153,0.71850001811981201
6697,3.3485000,0.65722668170928955,0.69599997997283936
6698,3.3490000,0.66851949691772461,0.67140001058578491
6699,3.3495000,0.67866390943527222,0.64490002393722534
6700,3.3500000,0.68760865926742554,0.61640000343322754
6701,3.3505000,0.69530183076858521,0.58609998226165771
6702,3.3510000,0.70169979333877563,0.55390000343322754
6703,3.3515000,0.70676296949386597,0.52009999752044678
6704,3.3520000,0.71045368909835815,0.48449999094009399
6705,3.3525000,0.71274358034133911,0.44749999046325684
6706,3.3530000,0.71360480785369873,0.40900000929832458
6707,3.3535000,0.71301060914993286,0.36910000443458557
6708,3.3540000,0.71093684434890747,0.32800000905990601
6709,3.3545000,0.70736551284790039,0.2856999933719635
6710,3.3550000,0.702289879322052,0.24250000715255737
6711,3.3555000,0.69570624828338623,0.19830000400543213
6712,3.3560000,0.68758875131607056,0.1534000039100647
6713,3.3565000,0.67790544033050537,0.10790000110864639
6714,3.3570000,0.66665655374526978,0.061900001019239426
6715,3.3575000,0.65385138988494873,0.015599999576807022
6716,3.3580000,0.63948518037796021,-0.030999999493360519
6717,3.3585000,0.62356388568878174,-0.077699996531009674
6718,3.3590000,0.60611790418624878,-0.12430000305175781
6719,3.3595000,0.58717674016952515,-0.17069999873638153
6720,3.3600000,0.5667683482170105,-0.21680000424385071
6721,3.3605000,0.54493612051010132,-0.26249998807907104
6722,3.3610000,0.52172309160232544,-0.30750000476837158
6723,3.3615000,0.49716347455978394,-0.35179999470710754
6724,3.3620000,0.47129923105239868,-0.3953000009059906
6725,3.3625000,0.44417783617973328,-0.43779999017715454
6726,3.3630000,0.41585284471511841,-0.47909998893737793
6727,3.3635000,0.38639461994171143,-0.51929998397827148
6728,3.3640000,0.3559010922908783,-0.55820000171661377
6729,3.3645000,0.32449886202812195,-0.59560000896453857
6730,3.3650000,0.2922825813293457,-0.631600022315979
6731,3.3655000,0.25930184125900269,-0.66589999198913574
6732,3.3660000,0.22561439871788025,-0.69849997758865356
6733,3.3665000,0.1912984699010849,-0.72930002212524414
6734,3.3670000,0.15645244717597961,-0.75830000638961792
6735,3.3675000,0.12117205560207367,-0.78539997339248657
6736,3.3680000,0.085541456937789917,-0.81050002574920654
6737,3.3685000,0.049658790230751038,-0.83350002765655518
6738,3.3690000,0.013616032898426056,-0.85449999570846558
6739,3.3695000,-0.022507745772600174,-0.87339997291564941
6740,3.3700000,-0.058623332530260086,-0.89020001888275146
6741,3.3705000,-0.09464351087808609,-0.90490001440048218
6742,3.3710000,-0.13048510253429413,-0.91729998588562012
6743,3.3715000,-0.16606137156486511,-0.92760002613067627
6744,3.3720000,-0.20128136873245239,-0.93569999933242798
6745,3.3725000,-0.23604397475719452,-0.94169998168945312
6746,3.3730000,-0.27024993300437927,-0.94550001621246338
6747,3.3735000,-0.30381625890731812,-0.94720000028610229
6748,3.3740000,-0.33667722344398499,-0.94690001010894775
6749,3.3745000,-0.36876800656318665,-0.94440001249313354
6750,3.3750000,-0.40001547336578369,-0.93999999761581421
6751,3.3755000,-0.43034961819648743,-0.93360000848770142
6752,3.3760000,-0.45970240235328674,-0.92519998550415039
6753,3.3765000,-0.48799946904182434,-0.91509997844696045
6754,3.3770000,-0.51517492532730103,-0.90310001373291016
6755,3.3775000,-0.54117763042449951,-0.88940000534057617
6756,3.3780000,-0.56595903635025024,-0.87400001287460327
6757,3.3785000,-0.58947932720184326,-0.85710000991821289
6758,3.3790000,-0.61170274019241333,-0.83869999647140503
6759,3.3795000,-0.63258427381515503,-0.81879997253417969
6760,3.3800000,-0.65207523107528687,-0.79769998788833618
6761,3.3805000,-0.67012804746627808,-0.77530002593994141
6762,3.3810000,-0.68671411275863647,-0.75169998407363892
6763,3.3815000,-0.70182055234909058,-0.72710001468658447
6764,3.3820000,-0.71543210744857788,-0.70149999856948853
6765,3.3825000,-0.72753846645355225,-0.67500001192092896
6766,3.3830000,-0.73813313245773315,-0.64770001173019409
6767,3.3835000,-0.7472081184387207,-0.61979997158050537
6768,3.3840000,-0.7547646164894104,-0.59130001068115234
6769,3.3845000,-0.7608073353767395,-0.56220000982284546
6770,3.3850000,-0.76533502340316772,-0.53280001878738403
6771,3.3855000,-0.76835381984710693,-0.50300002098083496
6772,3.3860000,-0.76988124847412109,-0.47299998998641968
6773,3.3865000,-0.7699463963508606,-0.44290000200271606
6774,3.3870000,-0.76857990026473999,-0.41269999742507935
6775,3.3875000,-0.7658078670501709,-0.38260000944137573
6776,3.3880000,-0.76165592670440674,-0.35249999165534973
6777,3.3885000,-0.75614327192306519,-0.32269999384880066
6778,3.3890000,-0.74929755926132202,-0.29309999942779541
6779,3.3895000,-0.74115872383117676,-0.26390001177787781
6780,3.3900000,-0.73177605867385864,-0.23499999940395355
6781,3.3905000,-0.72120225429534912,-0.20669999718666077
6782,3.3910000,-0.70948296785354614,-0.17880000174045563
6783,3.3915000,-0.69667291641235352,-0.15160000324249268
6784,3.3920000,-0.68283826112747192,-0.125
6785,3.3925000,-0.66804033517837524,-0.099100001156330109
6786,3.3930000,-0.65233588218688965,-0.073899999260902405
6787,3.3935000,-0.63578075170516968,-0.049499999731779099
6788,3.3940000,-0.61842602491378784,-0.025900000706315041
6789,3.3945000,-0.60032880306243896,-0.0031999999191612005
6790,3.3950000,-0.58155447244644165,0.018600000068545341
6791,3.3955000,-0.56216233968734741,0.039599999785423279
6792,3.3960000,-0.54221910238265991,0.059599999338388443
6793,3.3965000,-0.52180022001266479,0.078699998557567596
6794,3.3970000,-0.50096702575683594,0.096900001168251038
6795,3.3975000,-0.47977545857429504,0.11410000175237656
6796,3.3980000,-0.45828047394752502,0.13030000030994415
6797,3.3985000,-0.43653962016105652,0.14560000598430634
6798,3.3990000,-0.41461482644081116,0.1598999947309494
6799,3.3995000,-0.39255905151367188,0.17319999635219574
6800,3.4000000,-0.37043619155883789,0.18569999933242798
6801,3.4005000,-0.34831467270851135,0.19720000028610229
6802,3.4010000,-0.32624474167823792,0.20769999921321869
6803,3.4015000,-0.30427005887031555,0.21739999949932098
6804,3.4020000,-0.28243085741996765,0.22619999945163727
6805,3.4025000,-0.26076549291610718,0.23420000076293945
6806,3.4030000,-0.23931372165679932,0.24130000174045563
6807,3.4035000,-0.21811807155609131,0.24770000576972961
6808,3.4040000,-0.19722375273704529,0.2533000111579895
6809,3.4045000,-0.17666396498680115,0.2581000030040741
6810,3.4050000,-0.15645992755889893,0.2621999979019165
6811,3.4055000,-0.13664177060127258,0.26570001244544983
6812,3.4060000,-0.11724534630775452,0.26850000023841858
6813,3.4065000,-0.098303228616714478,0.27079999446868896
6814,3.4070000,-0.079847931861877441,0.27239999175071716
6815,3.4075000,-0.061903603374958038,0.273499995470047
6816,3.4080000,-0.044484563171863556,0.27419999241828918
6817,3.4085000,-0.027600225061178207,0.27439999580383301
6818,3.4090000,-0.01126440241932869,0.27410000562667847
6819,3.4095000,0.0045027825981378555,0.273499995470047
6820,3.4100000,0.019688118249177933,0.27250000834465027
6821,3.4105000,0.034280754625797272,0.27120000123977661
6822,3.4110000,0.048267867416143417,0.26960000395774841
6823,3.4115000,0.061645917594432831,0.26780000329017639
6824,3.4120000,0.074414357542991638,0.26579999923706055
6825,3.4125000,0.086569376289844513,0.26350000500679016
6826,3.4130000,0.098105378448963165,0.26120001077651978
6827,3.4135000,0.1090189665555954,0.25870001316070557
6828,3.4140000,0.11931788921356201,0.25609999895095825
6829,3.4145000,0.12900766730308533,0.25339999794960022
6830,3.4150000,0.1380901038646698,0.25069999694824219
6831,3.4155000,0.14657744765281677,0.24799999594688416
6832,3.4160000,0.15448009967803955,0.24529999494552612
6833,3.4165000,0.16179342567920685,0.24259999394416809
6834,3.4170000,0.16851174831390381,0.23999999463558197
6835,3.4175000,0.17464421689510345,0.23739999532699585
6836,3.4180000,0.18021200597286224,0.23489999771118164
6837,3.4185000,0.18523615598678589,0.23250000178813934
6838,3.4190000,0.18973517417907715,0.23019999265670776
6839,3.4195000,0.19373059272766113,0.22800000011920929
6840,3.4200000,0.19724413752555847,0.22589999437332153
6841,3.4205000,0.20029245316982269,0.22400000691413879
6842,3.4210000,0.20289373397827148,0.22220000624656677
6843,3.4215000,0.20506732165813446,0.22050000727176666
6844,3.4220000,0.20682987570762634,0.21909999847412109
6845,3.4225000,0.20820328593254089,0.21770000457763672
6846,3.4230000,0.20921018719673157,0.21660000085830688
6847,3.4235000,0.20987124741077423,0.21549999713897705
6848,3.4240000,0.2102140486240387,0.21469999849796295
6849,3.4245000,0.2102685272693634,0.21400000154972076
6850,3.4250000,0.21005530655384064,0.21340000629425049
6851,3.4255000,0.20959019660949707,0.21299999952316284
6852,3.4260000,0.20889131724834442,0.21279999613761902
6853,3.4265000,0.20797896385192871,0.21269999444484711
6854,3.4270000,0.20687289535999298,0.21269999444484711
6855,3.4275000,0.2055911123752594,0.21279999613761902
6856,3.4280000,0.20415501296520233,0.21310000121593475
6857,3.4285000,0.20258861780166626,0.21349999308586121
6858,3.4290000,0.20091620087623596,0.21400000154972076
6859,3.4295000,0.1991555243730545,0.21459999680519104
6860,3.4300000,0.1973167359828949,0.21520000696182251
6861,3.4305000,0.19541440904140472,0.21600000560283661
6862,3.4310000,0.19346484541893005,0.21680000424385071
6863,3.4315000,0.1914837509393692,0.21770000457763672
6864,3.4320000,0.18948642909526825,0.21860000491142273
6865,3.4325000,0.18748034536838531,0.21960000693798065
6866,3.4330000,0.18547223508358002,0.22059999406337738
6867,3.4335000,0.18346790969371796,0.2215999960899353
6868,3.4340000,0.18147358298301697,0.22269999980926514
6869,3.4345000,0.17950493097305298,0.22370000183582306
6870,3.4350000,0.17757503688335419,0.22480000555515289
6871,3.4355000,0.17569060623645782,0.22579999268054962
6872,3.4360000,0.17385381460189819,0.22679999470710754
6873,3.4365000,0.1720660924911499,0.22779999673366547
6874,3.4370000,0.17033460736274719,0.22879999876022339
6875,3.4375000,0.1686631441116333,0.2296999990940094
6876,3.4380000,0.16705271601676941,0.23059999942779541
6877,3.4385000,0.16551123559474945,0.23139999806880951
6878,3.4390000,0.1640469878911972,0.23219999670982361
6879,3.4395000,0.16266214847564697,0.2328999936580658
6880,3.4400000,0.16135822236537933,0.23360000550746918
6881,3.4405000,0.16013948619365692,0.23420000076293945
6882,3.4410000,0.15900701284408569,0.23469999432563782
6883,3.4415000,0.15795561671257019,0.23520000278949738
6884,3.4420000,0.15698489546775818,0.23549999296665192
6885,3.4425000,0.15609824657440186,0.23579999804496765
6886,3.4430000,0.15529900789260864,0.23610000312328339
6887,3.4435000,0.15459254384040833,0.2362000048160553
6888,3.4440000,0.15397778153419495,0.23630000650882721
6889,3.4445000,0.15344670414924622,0.23630000650882721
6890,3.4450000,0.15298916399478912,0.23630000650882721
6891,3.4455000,0.15259721875190735,0.23610000312328339
6892,3.4460000,0.152268186211586,0.23589999973773956
6893,3.4465000,0.15200050175189972,0.23569999635219574
6894,3.4470000,0.15179523825645447,0.23530000448226929
6895,3.4475000,0.15165583789348602,0.23489999771118164
6896,3.4480000,0.15157809853553772,0.23450000584125519
6897,3.4485000,0.15155000984668732,0.23399999737739563
6898,3.4490000,0.15156030654907227,0.23340000212192535
6899,3.4495000,0.15160141885280609,0.23280000686645508
6900,3.4500000,0.15167395770549774,0.23219999670982361
6901,3.4505000,0.1517815887928009,0.23149999976158142
6902,3.4510000,0.1519189327955246,0.23080000281333923
6903,3.4515000,0.15207825601100922,0.23010000586509705
6904,3.4520000,0.15226064622402191,0.22930000722408295
6905,3.4525000,0.15246959030628204,0.22849999368190765
6906,3.4530000,0.15269893407821655,0.22769999504089355
6907,3.4535000,0.15293692052364349,0.22689999639987946
6908,3.4540000,0.15317782759666443,0.22599999606609344
6909,3.4545000,0.15342186391353607,0.22519999742507935
6910,3.4550000,0.1536710262298584,0.22429999709129333
6911,3.4555000,0.15392449498176575,0.22349999845027924
6912,3.4560000,0.15418373048305511,0.22259999811649323
6913,3.4565000,0.15445601940155029,0.22179999947547913
6914,3.4570000,0.15474146604537964,0.22089999914169312
6915,3.4575000,0.15503162145614624,0.22010000050067902
6916,3.4580000,0.15532192587852478,0.21930000185966492
6917,3.4585000,0.15561378002166748,0.21850000321865082
6918,3.4590000,0.15590894222259521,0.21770000457763672
6919,3.4595000,0.15620827674865723,0.21699999272823334
6920,3.4600000,0.15651480853557587,0.21629999577999115
6921,3.4605000,0.15683069825172424,0.21559999883174896
6922,3.4610000,0.15715235471725464,0.21490000188350677
6923,3.4615000,0.1574750542640686,0.21420000493526459
6924,3.4620000,0.15779554843902588,0.21359999477863312
6925,3.4625000,0.1581127792596817,0.21299999952316284
6926,3.4630000,0.15843291580677032,0.21250000596046448
6927,3.4635000,0.15876291692256927,0.21199999749660492
6928,3.4640000,0.15910056233406067,0.21150000393390656
6929,3.4645000,0.15944200754165649,0.210999995470047
6930,3.4650000,0.15978467464447021,0.21060000360012054
6931,3.4655000,0.16012130677700043,0.2101999968290329
6932,3.4660000,0.16044728457927704,0.20980000495910645
6933,3.4665000,0.16076363623142242,0.20949999988079071
6934,3.4670000,0.1610722690820694,0.20919999480247498
6935,3.4675000,0.16137295961380005,0.20900000631809235
6936,3.4680000,0.16165971755981445,0.20880000293254852
6937,3.4685000,0.16192801296710968,0.2085999995470047
6938,3.4690000,0.16217245161533356,0.20849999785423279
6939,3.4695000,0.16238591074943542,0.20839999616146088
6940,3.4700000,0.16257292032241821,0.20829999446868896
6941,3.4705000,0.16274091601371765,0.20819999277591705
6942,3.4710000,0.16289028525352478,0.20819999277591705
6943,3.4715000,0.16301406919956207,0.20829999446868896
6944,3.4720000,0.16310128569602966,0.20829999446868896
6945,3.4725000,0.16314771771430969,0.20839999616146088
6946,3.4730000,0.16315113008022308,0.20849999785423279
6947,3.4735000,0.16311320662498474,0.20870000123977661
6948,3.4740000,0.16304711997509003,0.20890000462532043
6949,3.4745000,0.16295896470546722,0.20909999310970306
6950,3.4750000,0.16284193098545074,0.20929999649524689
6951,3.4755000,0.16268669068813324,0.20960000157356262
6952,3.4760000,0.1624905914068222,0.20990000665187836
6953,3.4765000,0.16225913166999817,0.2101999968290329
6954,3.4770000,0.1619989424943924,0.21050000190734863
6955,3.4775000,0.16171438992023468,0.21089999377727509
6956,3.4780000,0.1614038348197937,0.21130000054836273
6957,3.4785000,0.1610666960477829,0.21170000731945038
6958,3.4790000,0.16070269048213959,0.21220000088214874
6959,3.4795000,0.16031141579151154,0.2125999927520752
6960,3.4800000,0.15989542007446289,0.21310000121593475
6961,3.4805000,0.15945181250572205,0.21359999477863312
6962,3.4810000,0.15898245573043823,0.21410000324249268
6963,3.4815000,0.15849561989307404,0.21469999849796295
6964,3.4820000,0.15799130499362946,0.21529999375343323
6965,3.4825000,0.1574687659740448,0.21580000221729279
6966,3.4830000,0.15692940354347229,0.21639999747276306
6967,3.4835000,0.15637940168380737,0.21709999442100525
6968,3.4840000,0.15583252906799316,0.21770000457763672
6969,3.4845000,0.15529440343379974,0.21829999983310699
6970,3.4850000,0.15476498007774353,0.21899999678134918
6971,3.4855000,0.15424992144107819,0.21960000693798065
6972,3.4860000,0.15375761687755585,0.22030000388622284
6973,3.4865000,0.15329191088676453,0.22100000083446503
6974,3.4870000,0.15284791588783264,0.22169999778270721
6975,3.4875000,0.15242438018321991,0.2223999947309494
6976,3.4880000,0.15202304720878601,0.22310000658035278
6977,3.4885000,0.15163549780845642,0.22380000352859497
6978,3.4890000,0.15125948190689087,0.22450000047683716
6979,3.4895000,0.15090386569499969,0.22519999742507935
6980,3.4900000,0.15057243406772614,0.22589999437332153
6981,3.4905000,0.15026260912418365,0.22660000622272491
6982,3.4910000,0.14997100830078125,0.2273000031709671
6983,3.4915000,0.14969931542873383,0.22800000011920929
6984,3.4920000,0.14945121109485626,0.22869999706745148
6985,3.4925000,0.1492292582988739,0.22939999401569366
6986,3.4930000,0.14903746545314789,0.23000000417232513
6987,3.4935000,0.14888045191764832,0.23070000112056732
6988,3.4940000,0.14876304566860199,0.23139999806880951
6989,3.4945000,0.14868685603141785,0.23199999332427979
6990,3.4950000,0.14865070581436157,0.23260000348091125
6991,3.4955000,0.14865650236606598,0.23330000042915344
6992,3.4960000,0.1487029641866684,0.23389999568462372
6993,3.4965000,0.14878059923648834,0.23450000584125519
6994,3.4970000,0.14888258278369904,0.23499999940395355
6995,3.4975000,0.14901056885719299,0.23559999465942383
6996,3.4980000,0.14916612207889557,0.23610000312328339
6997,3.4985000,0.14935038983821869,0.23669999837875366
6998,3.4990000,0.14956726133823395,0.23720000684261322
6999,3.4995000,0.14981725811958313,0.23770000040531158
7000,3.5000000,0.15009580552577972,0.23819999396800995
7001,3.5005000,0.15039436519145966,0.2386000007390976
7002,3.5010000,0.15070845186710358,0.23909999430179596
7003,3.5015000,0.15104119479656219,0.23950000107288361
7004,3.5020000,0.15139460563659668,0.23999999463558197
7005,3.5025000,0.1517692506313324,0.24040000140666962
7006,3.5030000,0.15216469764709473,0.24079999327659607
7007,3.5035000,0.15257532894611359,0.24120000004768372
7008,3.5040000,0.15299749374389648,0.24160000681877136
7009,3.5045000,0.15342970192432404,0.24199999868869781
7010,3.5050000,0.15387120842933655,0.24240000545978546
7011,3.5055000,0.15432384610176086,0.24279999732971191
7012,3.5060000,0.15478256344795227,0.24320000410079956
7013,3.5065000,0.15524284541606903,0.2434999942779541
7014,3.5070000,0.15570922195911407,0.24390000104904175
7015,3.5075000,0.15618278086185455,0.2442999929189682
7016,3.5080000,0.15665388107299805,0.24469999969005585
7017,3.5085000,0.15710881352424622,0.24510000646114349
7018,3.5090000,0.15754243731498718,0.24549999833106995
7019,3.5095000,0.15795658528804779,0.24590000510215759
7020,3.5100000,0.15835157036781311,0.24629999697208405
7021,3.5105000,0.15872819721698761,0.2468000054359436
7022,3.5110000,0.15908606350421906,0.24719999730587006
7023,3.5115000,0.15942129492759705,0.24770000576972961
7024,3.5120000,0.15973429381847382,0.24819999933242798
7025,3.5125000,0.16003425419330597,0.24869999289512634
7026,3.5130000,0.16033035516738892,0.2492000013589859
7027,3.5135000,0.1606253981590271,0.24969999492168427
7028,3.5140000,0.16091877222061157,0.25029999017715454
7029,3.5145000,0.1612142026424408,0.25090000033378601
7030,3.5150000,0.16151799261569977,0.25150001049041748
7031,3.5155000,0.16182981431484222,0.25209999084472656
7032,3.5160000,0.16215068101882935,0.25279998779296875
7033,3.5165000,0.16248711943626404,0.25350001454353333
7034,3.5170000,0.16284072399139404,0.25420001149177551
7035,3.5175000,0.16321119666099548,0.2549000084400177
7036,3.5180000,0.163599893450737,0.25569999217987061
7037,3.5185000,0.16401031613349915,0.2565000057220459
7038,3.5190000,0.16444741189479828,0.2572999894618988
7039,3.5195000,0.16490831971168518,0.25819998979568481
7040,3.5200000,0.16539615392684937,0.25909999012947083
7041,3.5205000,0.1659262478351593,0.25999999046325684
7042,3.5210000,0.16650338470935822,0.26089999079704285
7043,3.5215000,0.16712331771850586,0.26190000772476196
7044,3.5220000,0.16778489947319031,0.26289999485015869
7045,3.5225000,0.16848716139793396,0.26399999856948853
7046,3.5230000,0.16922803223133087,0.26499998569488525
7047,3.5235000,0.1700071394443512,0.26609998941421509
7048,3.5240000,0.17082563042640686,0.26730000972747803
7049,3.5245000,0.17168429493904114,0.26840001344680786
7050,3.5250000,0.17258037626743317,0.26960000395774841
7051,3.5255000,0.17350952327251434,0.27090001106262207
7052,3.5260000,0.17446997761726379,0.27210000157356262
7053,3.5265000,0.17546209692955017,0.27340000867843628
7054,3.5270000,0.17648449540138245,0.27469998598098755
7055,3.5275000,0.17753572762012482,0.27610000967979431
7056,3.5280000,0.17862085998058319,0.27750000357627869
7057,3.5285000,0.17974279820919037,0.27889999747276306
7058,3.5290000,0.1808992326259613,0.28029999136924744
7059,3.5295000,0.18208613991737366,0.28180000185966492
7060,3.5300000,0.18329767882823944,0.2833000123500824
7061,3.5305000,0.1845337450504303,0.28479999303817749
7062,3.5310000,0.18579788506031036,0.28639999032020569
7063,3.5315000,0.18709056079387665,0.28799998760223389
7064,3.5320000,0.18841350078582764,0.28960001468658447
7065,3.5325000,0.18977051973342896,0.29120001196861267
7066,3.5330000,0.19116134941577911,0.29289999604225159
7067,3.5335000,0.19258393347263336,0.29460000991821289
7068,3.5340000,0.19403901696205139,0.29640001058578491
7069,3.5345000,0.1955268383026123,0.29809999465942383
7070,3.5350000,0.19704164564609528,0.30000001192092896
7071,3.5355000,0.19857709109783173,0.30180001258850098
7072,3.5360000,0.20013166964054108,0.30370000004768372
7073,3.5365000,0.20170539617538452,0.30559998750686646
7074,3.5370000,0.20330065488815308,0.30750000476837158
7075,3.5375000,0.20492088794708252,0.30950000882148743
7076,3.5380000,0.20656363666057587,0.31150001287460327
7077,3.5385000,0.20822586119174957,0.31349998712539673
7078,3.5390000,0.20990927517414093,0.31560000777244568
7079,3.5395000,0.21161571145057678,0.31769999861717224
7080,3.5400000,0.21334098279476166,0.3197999894618988
7081,3.5405000,0.21507613360881805,0.32199999690055847
7082,3.5410000,0.2168220579624176,0.32429999113082886
7083,3.5415000,0.21858510375022888,0.32649999856948853
7084,3.5420000,0.22036100924015045,0.32890000939369202
7085,3.5425000,0.22214540839195251,0.3312000036239624
7086,3.5430000,0.22394201159477234,0.33360001444816589
7087,3.5435000,0.22575201094150543,0.3361000120639801
7088,3.5440000,0.22757209837436676,0.33860000967979431
7089,3.5445000,0.22939974069595337,0.34110000729560852
7090,3.5450000,0.23124060034751892,0.34369999170303345
7091,3.5455000,0.23310032486915588,0.34639999270439148
7092,3.5460000,0.23497313261032104,0.34909999370574951
7093,3.5465000,0.23685692250728607,0.35179999470710754
7094,3.5470000,0.23875652253627777,0.35460001230239868
7095,3.5475000,0.24067035317420959,0.35740000009536743
7096,3.5480000,0.24259275197982788,0.36030000448226929
7097,3.5485000,0.24452465772628784,0.36329999566078186
7098,3.5490000,0.24647247791290283,0.36629998683929443
7099,3.5495000,0.24843642115592957,0.36930000782012939
7100,3.5500000,0.25040709972381592,0.37239998579025269
7101,3.5505000,0.25238043069839478,0.37549999356269836
7102,3.5510000,0.25436341762542725,0.37869998812675476
7103,3.5515000,0.25635689496994019,0.38190001249313354
7104,3.5520000,0.25835788249969482,0.38519999384880066
7105,3.5525000,0.26037418842315674,0.38850000500679016
7106,3.5530000,0.26241552829742432,0.39190000295639038
7107,3.5535000,0.26448169350624084,0.3953000009059906
7108,3.5540000,0.26656633615493774,0.39869999885559082
7109,3.5545000,0.26866820454597473,0.40220001339912415
7110,3.5550000,0.27079129219055176,0.40569999814033508
7111,3.5555000,0.27293306589126587,0.40920001268386841
7112,3.5560000,0.27509051561355591,0.41280001401901245
7113,3.5565000,0.27727186679840088,0.41629999876022339
7114,3.5570000,0.27948459982872009,0.41990000009536743
7115,3.5575000,0.28172266483306885,0.42359998822212219
7116,3.5580000,0.28397899866104126,0.42719998955726624
7117,3.5585000,0.28625604510307312,0.43079999089241028
7118,3.5590000,0.28855469822883606,0.43450000882148743
7119,3.5595000,0.29086720943450928,0.43810001015663147
7120,3.5600000,0.2931864857673645,0.44179999828338623
7121,3.5605000,0.29551449418067932,0.44539999961853027
7122,3.5610000,0.2978556752204895,0.44909998774528503
7123,3.5615000,0.30020901560783386,0.45269998908042908
7124,3.5620000,0.30257201194763184,0.45629999041557312
7125,3.5625000,0.30494624376296997,0.45989999175071716
7126,3.5630000,0.30733296275138855,0.46349999308586121
7127,3.5635000,0.30973115563392639,0.46700000762939453
7128,3.5640000,0.31214076280593872,0.47049999237060547
7129,3.5645000,0.31455704569816589,0.47400000691413879
7130,3.5650000,0.31697124242782593,0.47740000486373901
7131,3.5655000,0.31937950849533081,0.48089998960494995
7132,3.5660000,0.32178419828414917,0.48420000076293945
7133,3.5665000,0.32418915629386902,0.48750001192092896
7134,3.5670000,0.32659319043159485,0.49079999327659607
7135,3.5675000,0.32899349927902222,0.49399998784065247
7136,3.5680000,0.33139324188232422,0.49720001220703125
7137,3.5685000,0.33379492163658142,0.50029999017715454
7138,3.5690000,0.3362031877040863,0.5033000111579895
7139,3.5695000,0.33862444758415222,0.50629997253417969
7140,3.5700000,0.34105423092842102,0.50919997692108154
7141,3.5705000,0.34349173307418823,0.5120999813079834
7142,3.5710000,0.34594172239303589,0.51490002870559692
7143,3.5715000,0.34840422868728638,0.51770001649856567
7144,3.5720000,0.35087579488754272,0.52039998769760132
7145,3.5725000,0.35334542393684387,0.52300000190734863
7146,3.5730000,0.35580822825431824,0.52560001611709595
7147,3.5735000,0.35827046632766724,0.52810001373291016
7148,3.5740000,0.36073148250579834,0.53049999475479126
7149,3.5745000,0.3631877601146698,0.53289997577667236
7150,3.5750000,0.36564034223556519,0.53519999980926514
7151,3.5755000,0.36808919906616211,0.53750002384185791
7152,3.5760000,0.37053677439689636,0.5396999716758728
7153,3.5765000,0.3729877769947052,0.54189997911453247
7154,3.5770000,0.37544503808021545,0.54400002956390381
7155,3.5775000,0.37791252136230469,0.54600000381469727
7156,3.5780000,0.38039246201515198,0.54799997806549072
7157,3.5785000,0.38288521766662598,0.55000001192092896
7158,3.5790000,0.385393887758255,0.55190002918243408
7159,3.5795000,0.38791739940643311,0.55379998683929443
7160,3.5800000,0.39045277237892151,0.55559998750686646
7161,3.5805000,0.39300131797790527,0.55739998817443848
7162,3.5810000,0.39556130766868591,0.5591999888420105
7163,3.5815000,0.39812946319580078,0.56099998950958252
7164,3.5820000,0.40070253610610962,0.56269997358322144
7165,3.5825000,0.40327715873718262,0.56440001726150513
7166,3.5830000,0.4058576226234436,0.56599998474121094
7167,3.5835000,0.40844810009002686,0.56770002841949463
7168,3.5840000,0.41103401780128479,0.56929999589920044
7169,3.5845000,0.41359618306159973,0.57090002298355103
7170,3.5850000,0.41612762212753296,0.57249999046325684
7171,3.5855000,0.41862928867340088,0.57410001754760742
7172,3.5860000,0.42110675573348999,0.57569998502731323
7173,3.5865000,0.42355760931968689,0.57730001211166382
7174,3.5870000,0.42597991228103638,0.57889997959136963
7175,3.5875000,0.42837944626808167,0.58050000667572021
7176,3.5880000,0.43074509501457214,0.58209997415542603
7177,3.5885000,0.43305495381355286,0.58370000123977661
7178,3.5890000,0.43530192971229553,0.5853000283241272
7179,3.5895000,0.43749070167541504,0.58689999580383301
7180,3.5900000,0.43962478637695312,0.58850002288818359
7181,3.5905000,0.4417000412940979,0.5900999903678894
7182,3.5910000,0.44371441006660461,0.59179997444152832
7183,3.5915000,0.44567316770553589,0.59340000152587891
7184,3.5920000,0.44758158922195435,0.59500002861022949
7185,3.5925000,0.44944626092910767,0.59670001268386841
7186,3.5930000,0.45126801729202271,0.59829998016357422
7187,3.5935000,0.45304113626480103,0.60000002384185791
7188,3.5940000,0.45476481318473816,0.60159999132156372
7189,3.5945000,0.45643743872642517,0.60329997539520264
7190,3.5950000,0.45805519819259644,0.60490000247955322
7191,3.5955000,0.45961803197860718,0.60659998655319214
7192,3.5960000,0.46114501357078552,0.60820001363754272
7193,3.5965000,0.46267101168632507,0.60979998111724854
7194,3.5970000,0.46420392394065857,0.61140000820159912
7195,3.5975000,0.46573251485824585,0.61299997568130493
7196,3.5980000,0.46725365519523621,0.61460000276565552
7197,3.5985000,0.46876266598701477,0.616100013256073
7198,3.5990000,0.47025498747825623,0.61760002374649048
7199,3.5995000,0.47172942757606506,0.61900001764297485
7200,3.6000000,0.47318935394287109,0.62040001153945923
7201,3.6005000,0.47464191913604736,0.6218000054359436
7202,3.6010000,0.47608324885368347,0.62300002574920654
7203,3.6015000,0.47750771045684814,0.62430000305175781
7204,3.6020000,0.47891822457313538,0.62540000677108765
7205,3.6025000,0.48031231760978699,0.62639999389648438
7206,3.6030000,0.48168280720710754,0.6273999810218811
7207,3.6035000,0.48302805423736572,0.6283000111579895
7208,3.6040000,0.48436689376831055,0.62900000810623169
7209,3.6045000,0.48573219776153564,0.62970000505447388
7210,3.6050000,0.48713189363479614,0.63020002841949463
7211,3.6055000,0.48854941129684448,0.6305999755859375
7212,3.6060000,0.48997679352760315,0.63090002536773682
7213,3.6065000,0.49141255021095276,0.63099998235702515
7214,3.6070000,0.49284729361534119,0.63090002536773682
7215,3.6075000,0.49427327513694763,0.63069999217987061
7216,3.6080000,0.49569499492645264,0.63040000200271606
7217,3.6085000,0.49711981415748596,0.62989997863769531
7218,3.6090000,0.49854379892349243,0.62910002470016479
7219,3.6095000,0.49995526671409607,0.6281999945640564
7220,3.6100000,0.5013464093208313,0.62709999084472656
7221,3.6105000,0.50271248817443848,0.62580001354217529
7222,3.6110000,0.50404548645019531,0.62430000305175781
7223,3.6115000,0.5053403377532959,0.6226000189781189
7224,3.6120000,0.50660687685012817,0.62059998512268066
7225,3.6125000,0.50785970687866211,0.618399977684021
7226,3.6130000,0.50909411907196045,0.61599999666213989
7227,3.6135000,0.51029324531555176,0.61330002546310425
7228,3.6140000,0.51144868135452271,0.61040002107620239
7229,3.6145000,0.51255834102630615,0.60729998350143433
7230,3.6150000,0.51361978054046631,0.60379999876022339
7231,3.6155000,0.51463019847869873,0.60019999742507935
7232,3.6160000,0.51557457447052002,0.59619998931884766
7233,3.6165000,0.51642823219299316,0.59200000762939453
7234,3.6170000,0.51717770099639893,0.58749997615814209
7235,3.6175000,0.51782035827636719,0.58279997110366821
7236,3.6180000,0.5183490514755249,0.57779997587203979
7237,3.6185000,0.51874947547912598,0.57249999046325684
7238,3.6190000,0.51901721954345703,0.56690001487731934
7239,3.6195000,0.51915228366851807,0.56099998950958252
7240,3.6200000,0.51913851499557495,0.55489999055862427
7241,3.6205000,0.51895815134048462,0.54850000143051147
7242,3.6210000,0.5186082124710083,0.54180002212524414
7243,3.6215000,0.51809060573577881,0.53479999303817749
7244,3.6220000,0.51740312576293945,0.5274999737739563
7245,3.6225000,0.51653802394866943,0.51999998092651367
7246,3.6230000,0.51549488306045532,0.5121999979019165
7247,3.6235000,0.51427537202835083,0.50410002470016479
7248,3.6240000,0.51287055015563965,0.49570000171661377
7249,3.6245000,0.51127612590789795,0.48710000514984131
7250,3.6250000,0.50949108600616455,0.47819998860359192
7251,3.6255000,0.50751376152038574,0.46900001168251038
7252,3.6260000,0.50534999370574951,0.45960000157356262
7253,3.6265000,0.50299978256225586,0.44999998807907104
7254,3.6270000,0.50045979022979736,0.43999999761581421
7255,3.6275000,0.49773159623146057,0.42989999055862427
7256,3.6280000,0.49480754137039185,0.41949999332427979
7257,3.6285000,0.49167340993881226,0.40880000591278076
7258,3.6290000,0.4883195161819458,0.39800000190734863
7259,3.6295000,0.48474028706550598,0.38690000772476196
7260,3.6300000,0.48093101382255554,0.37560001015663147
7261,3.6305000,0.4768865704536438,0.36410000920295715
7262,3.6310000,0.47260591387748718,0.35240000486373901
7263,3.6315000,0.46809771656990051,0.34049999713897705
7264,3.6320000,0.46337279677391052,0.32839998602867126
7265,3.6325000,0.4584345817565918,0.31610000133514404
7266,3.6330000,0.45328137278556824,0.30370000004768372
7267,3.6335000,0.4479089081287384,0.29100000858306885
7268,3.6340000,0.44230905175209045,0.27829998731613159
7269,3.6345000,0.43647328019142151,0.2653999924659729
7270,3.6350000,0.43040460348129272,0.25229999423027039
7271,3.6355000,0.42411771416664124,0.23909999430179596
7272,3.6360000,0.41762223839759827,0.22579999268054962
7273,3.6365000,0.41091704368591309,0.21240000426769257
7274,3.6370000,0.40400215983390808,0.1988999992609024
7275,3.6375000,0.39687907695770264,0.18529999256134033
7276,3.6380000,0.38954406976699829,0.17149999737739563
7277,3.6385000,0.38199597597122192,0.15780000388622284
7278,3.6390000,0.37424144148826599,0.14390000700950623
7279,3.6395000,0.3662932813167572,0.12999999523162842
7280,3.6400000,0.35815849900245667,0.11599999666213989
7281,3.6405000,0.34984183311462402,0.10199999809265137
7282,3.6410000,0.34135431051254272,0.08789999783039093
7283,3.6415000,0.33269685506820679,0.073899999260902405
7284,3.6420000,0.32386094331741333,0.059799998998641968
7285,3.6425000,0.31484732031822205,0.045699998736381531
7286,3.6430000,0.30567169189453125,0.031599998474121094
7287,3.6435000,0.29634121060371399,0.017500000074505806
7288,3.6440000,0.28685256838798523,0.0035000001080334187
7289,3.6445000,0.27720421552658081,-0.010599999688565731
7290,3.6450000,0.26739853620529175,-0.024599999189376831
7291,3.6455000,0.25744611024856567,-0.038499999791383743
7292,3.6460000,0.24735355377197266,-0.052400000393390656
7293,3.6465000,0.23712706565856934,-0.066200003027915955
7294,3.6470000,0.22677552700042725,-0.079999998211860657
7295,3.6475000,0.21630480885505676,-0.093599997460842133
7296,3.6480000,0.20571792125701904,-0.10719999670982361
7297,3.6485000,0.19501936435699463,-0.12070000171661377
7298,3.6490000,0.18421818315982819,-0.13410000503063202
7299,3.6495000,0.17331744730472565,-0.14730000495910645
7300,3.6500000,0.16232089698314667,-0.16050000488758087
7301,3.6505000,0.15123683214187622,-0.17350000143051147
7302,3.6510000,0.14007541537284851,-0.18639999628067017
7303,3.6515000,0.12884536385536194,-0.19910000264644623
7304,3.6520000,0.11754433810710907,-0.21170000731945038
7305,3.6525000,0.10618435591459274,-0.22409999370574951
7306,3.6530000,0.094785898923873901,-0.23639999330043793
7307,3.6535000,0.08335866779088974,-0.24850000441074371
7308,3.6540000,0.07191842794418335,-0.26039999723434448
7309,3.6545000,0.060473687946796417,-0.27219998836517334
7310,3.6550000,0.049023598432540894,-0.28380000591278076
7311,3.6555000,0.037566415965557098,-0.29519999027252197
7312,3.6560000,0.026094552129507065,-0.30640000104904175
7313,3.6565000,0.01460706815123558,-0.3174000084400177
7314,3.6570000,0.003109252080321312,-0.32820001244544983
7315,3.6575000,-0.0083933863788843155,-0.33880001306533813
7316,3.6580000,-0.019889753311872482,-0.34920001029968262
7317,3.6585000,-0.03136739507317543,-0.35940000414848328
7318,3.6590000,-0.042810246348381042,-0.36939999461174011
7319,3.6595000,-0.054206058382987976,-0.37920001149177551
7320,3.6600000,-0.06555899977684021,-0.3887999951839447
7321,3.6605000,-0.076873227953910828,-0.39809998869895935
7322,3.6610000,-0.088143095374107361,-0.40729999542236328
7323,3.6615000,-0.099359996616840363,-0.41620001196861267
7324,3.6620000,-0.11051872372627258,-0.42489999532699585
7325,3.6625000,-0.12161500751972198,-0.43340000510215759
7326,3.6630000,-0.13264170289039612,-0.44170001149177551
7327,3.6635000,-0.14359572529792786,-0.44980001449584961
7328,3.6640000,-0.1544782966375351,-0.45770001411437988
7329,3.6645000,-0.16529375314712524,-0.46540001034736633
7330,3.6650000,-0.17604349553585052,-0.47279998660087585
7331,3.6655000,-0.18671901524066925,-0.48010000586509705
7332,3.6660000,-0.19731155037879944,-0.48710000514984131
7333,3.6665000,-0.20781460404396057,-0.49399998784065247
7334,3.6670000,-0.21822419762611389,-0.50059998035430908
7335,3.6675000,-0.22854191064834595,-0.50709998607635498
7336,3.6680000,-0.23876120150089264,-0.51330000162124634
7337,3.6685000,-0.24886688590049744,-0.51940000057220459
7338,3.6690000,-0.25884932279586792,-0.52530002593994141
7339,3.6695000,-0.26870089769363403,-0.53100001811981201
7340,3.6700000,-0.27841374278068542,-0.53649997711181641
7341,3.6705000,-0.28798341751098633,-0.54180002212524414
7342,3.6710000,-0.29740837216377258,-0.54699999094009399
7343,3.6715000,-0.30668678879737854,-0.55199998617172241
7344,3.6720000,-0.31581267714500427,-0.55680000782012939
7345,3.6725000,-0.32478103041648865,-0.56139999628067017
7346,3.6730000,-0.33358830213546753,-0.56590002775192261
7347,3.6735000,-0.34223219752311707,-0.57029998302459717
7348,3.6740000,-0.35071513056755066,-0.57440000772476196
7349,3.6745000,-0.35903152823448181,-0.57849997282028198
7350,3.6750000,-0.36717057228088379,-0.58230000734329224
7351,3.6755000,-0.37513208389282227,-0.58609998226165771
7352,3.6760000,-0.38291192054748535,-0.58969998359680176
7353,3.6765000,-0.39049729704856873,-0.59310001134872437
7354,3.6770000,-0.39788427948951721,-0.59640002250671387
7355,3.6775000,-0.40507739782333374,-0.59960001707077026
7356,3.6780000,-0.41208398342132568,-0.60259997844696045
7357,3.6785000,-0.41890761256217957,-0.6054999828338623
7358,3.6790000,-0.42554378509521484,-0.60829997062683105
7359,3.6795000,-0.43198758363723755,-0.61100000143051147
7360,3.6800000,-0.43823251128196716,-0.61349999904632568
7361,3.6805000,-0.44427016377449036,-0.61599999666213989
7362,3.6810000,-0.45009961724281311,-0.61830002069473267
7363,3.6815000,-0.45572751760482788,-0.62050002813339233
7364,3.6820000,-0.46116733551025391,-0.6226000189781189
7365,3.6825000,-0.46642810106277466,-0.62459999322891235
7366,3.6830000,-0.47151163220405579,-0.62650001049041748
7367,3.6835000,-0.47642835974693298,-0.6281999945640564
7368,3.6840000,-0.48118725419044495,-0.62989997863769531
7369,3.6845000,-0.48578363656997681,-0.6315000057220459
7370,3.6850000,-0.49021181464195251,-0.63300001621246338
7371,3.6855000,-0.49447456002235413,-0.63440001010894775
7372,3.6860000,-0.49858087301254272,-0.63569998741149902
7373,3.6865000,-0.50253838300704956,-0.63700002431869507
7374,3.6870000,-0.50635027885437012,-0.6381000280380249
7375,3.6875000,-0.51002085208892822,-0.63919997215270996
7376,3.6880000,-0.51354998350143433,-0.64010000228881836
7377,3.6885000,-0.51693356037139893,-0.64109998941421509
7378,3.6890000,-0.5201718807220459,-0.64190000295639038
7379,3.6895000,-0.52326899766921997,-0.64270001649856567
7380,3.6900000,-0.52623593807220459,-0.64340001344680786
7381,3.6905000,-0.52908003330230713,-0.64399999380111694
7382,3.6910000,-0.53179657459259033,-0.64459997415542603
7383,3.6915000,-0.53438186645507812,-0.64509999752044678
7384,3.6920000,-0.53683328628540039,-0.64550000429153442
7385,3.6925000,-0.53914189338684082,-0.64590001106262207
7386,3.6930000,-0.54130208492279053,-0.64630001783370972
7387,3.6935000,-0.54331910610198975,-0.64649999141693115
7388,3.6940000,-0.54520660638809204,-0.64679998159408569
7389,3.6945000,-0.54697418212890625,-0.6470000147819519
7390,3.6950000,-0.54861956834793091,-0.64709997177124023
7391,3.6955000,-0.55014079809188843,-0.64719998836517334
7392,3.6960000,-0.55153882503509521,-0.64719998836517334
7393,3.6965000,-0.55281245708465576,-0.64719998836517334
7394,3.6970000,-0.55395996570587158,-0.64719998836517334
7395,3.6975000,-0.55498325824737549,-0.64709997177124023
7396,3.6980000,-0.55589199066162109,-0.6470000147819519
7397,3.6985000,-0.55669182538986206,-0.64679998159408569
7398,3.6990000,-0.55738192796707153,-0.64660000801086426
7399,3.6995000,-0.55796939134597778,-0.64639997482299805
7400,3.7000000,-0.55846452713012695,-0.64609998464584351
7401,3.7005000,-0.55887085199356079,-0.64579999446868896
7402,3.7010000,-0.55919134616851807,-0.64550000429153442
7403,3.7015000,-0.55943363904953003,-0.64509999752044678
7404,3.7020000,-0.55960375070571899,-0.64469999074935913
7405,3.7025000,-0.55970126390457153,-0.64420002698898315
7406,3.7030000,-0.55972778797149658,-0.64380002021789551
7407,3.7035000,-0.55969047546386719,-0.64329999685287476
7408,3.7040000,-0.55959314107894897,-0.64270001649856567
7409,3.7045000,-0.55943840742111206,-0.64219999313354492
7410,3.7050000,-0.5592302680015564,-0.64160001277923584
7411,3.7055000,-0.55897164344787598,-0.64090001583099365
7412,3.7060000,-0.55866217613220215,-0.64029997587203979
7413,3.7065000,-0.55829757452011108,-0.63959997892379761
7414,3.7070000,-0.55788052082061768,-0.63880002498626709
7415,3.7075000,-0.55742192268371582,-0.6381000280380249
7416,3.7080000,-0.55692577362060547,-0.63730001449584961
7417,3.7085000,-0.55639004707336426,-0.63650000095367432
7418,3.7090000,-0.55581700801849365,-0.63559997081756592
7419,3.7095000,-0.5552140474319458,-0.6348000168800354
7420,3.7100000,-0.55458807945251465,-0.633899986743927
7421,3.7105000,-0.55393844842910767,-0.63289999961853027
7422,3.7110000,-0.55326437950134277,-0.63200002908706665
7423,3.7115000,-0.55256855487823486,-0.63099998235702515
7424,3.7120000,-0.55185443162918091,-0.62989997863769531
7425,3.7125000,-0.55112439393997192,-0.62889999151229858
7426,3.7130000,-0.55037808418273926,-0.62779998779296875
7427,3.7135000,-0.54962044954299927,-0.62669998407363892
7428,3.7140000,-0.54885774850845337,-0.62550002336502075
7429,3.7145000,-0.54808765649795532,-0.62430000305175781
7430,3.7150000,-0.54730963706970215,-0.62309998273849487
7431,3.7155000,-0.54653215408325195,-0.6218000054359436
7432,3.7160000,-0.5457531213760376,-0.62059998512268066
7433,3.7165000,-0.54495775699615479,-0.61919999122619629
7434,3.7170000,-0.54413819313049316,-0.61790001392364502
7435,3.7175000,-0.54330062866210938,-0.61650002002716064
7436,3.7180000,-0.54245865345001221,-0.61510002613067627
7437,3.7185000,-0.54161763191223145,-0.61369997262954712
7438,3.7190000,-0.54076844453811646,-0.61220002174377441
7439,3.7195000,-0.53989887237548828,-0.61070001125335693
7440,3.7200000,-0.53900611400604248,-0.60909998416900635
7441,3.7205000,-0.53809249401092529,-0.60750001668930054
7442,3.7210000,-0.53715872764587402,-0.60589998960494995
7443,3.7215000,-0.53620380163192749,-0.60420000553131104
7444,3.7220000,-0.53523004055023193,-0.60259997844696045
7445,3.7225000,-0.53423702716827393,-0.60079997777938843
7446,3.7230000,-0.53321695327758789,-0.59909999370574951
7447,3.7235000,-0.53216195106506348,-0.59729999303817749
7448,3.7240000,-0.53106999397277832,-0.59539997577667236
7449,3.7245000,-0.52994620800018311,-0.59350001811981201
7450,3.7250000,-0.52879023551940918,-0.59160000085830688
7451,3.7255000,-0.52759921550750732,-0.58969998359680176
7452,3.7260000,-0.5263790488243103,-0.5877000093460083
7453,3.7265000,-0.52512961626052856,-0.58569997549057007
7454,3.7270000,-0.52384686470031738,-0.58359998464584351
7455,3.7275000,-0.52253007888793945,-0.58149999380111694
7456,3.7280000,-0.52117931842803955,-0.57940000295639038
7457,3.7285000,-0.51980257034301758,-0.57730001211166382
7458,3.7290000,-0.51840555667877197,-0.57510000467300415
7459,3.7295000,-0.51698768138885498,-0.57279998064041138
7460,3.7300000,-0.51555472612380981,-0.57059997320175171
7461,3.7305000,-0.51410973072052002,-0.56830000877380371
7462,3.7310000,-0.51264703273773193,-0.56599998474121094
7463,3.7315000,-0.51116394996643066,-0.56360000371932983
7464,3.7320000,-0.50966888666152954,-0.56120002269744873
7465,3.7325000,-0.50817567110061646,-0.55879998207092285
7466,3.7330000,-0.50668656826019287,-0.55640000104904175
7467,3.7335000,-0.50519669055938721,-0.55400002002716064
7468,3.7340000,-0.50370895862579346,-0.55150002241134644
7469,3.7345000,-0.50222420692443848,-0.54900002479553223
7470,3.7350000,-0.50073862075805664,-0.54650002717971802
7471,3.7355000,-0.49924981594085693,-0.5439000129699707
7472,3.7360000,-0.49775326251983643,-0.54140001535415649
7473,3.7365000,-0.49624764919281006,-0.53880000114440918
7474,3.7370000,-0.49473395943641663,-0.53619998693466187
7475,3.7375000,-0.49320864677429199,-0.53359997272491455
7476,3.7380000,-0.49167019128799438,-0.53100001811981201
7477,3.7385000,-0.49011605978012085,-0.52829998731613159
7478,3.7390000,-0.48854228854179382,-0.52569997310638428
7479,3.7395000,-0.48694619536399841,-0.52300000190734863
7480,3.7400000,-0.48532277345657349,-0.52039998769760132
7481,3.7405000,-0.48367124795913696,-0.51770001649856567
7482,3.7410000,-0.481996089220047,-0.51510000228881836
7483,3.7415000,-0.48029977083206177,-0.51239997148513794
7484,3.7420000,-0.47858065366744995,-0.50970000028610229
7485,3.7425000,-0.47683843970298767,-0.50700002908706665
7486,3.7430000,-0.47507649660110474,-0.50429999828338623
7487,3.7435000,-0.47329461574554443,-0.50169998407363892
7488,3.7440000,-0.47148340940475464,-0.49900001287460327
7489,3.7445000,-0.46963423490524292,-0.49630001187324524
7490,3.7450000,-0.46775034070014954,-0.49360001087188721
7491,3.7455000,-0.46583661437034607,-0.49099999666213989
7492,3.7460000,-0.46389621496200562,-0.48829999566078186
7493,3.7465000,-0.46192803978919983,-0.48559999465942383
7494,3.7470000,-0.45992869138717651,-0.4830000102519989
7495,3.7475000,-0.45790290832519531,-0.48030000925064087
7496,3.7480000,-0.45585080981254578,-0.47769999504089355
7497,3.7485000,-0.4537656307220459,-0.47510001063346863
7498,3.7490000,-0.4516526460647583,-0.4724000096321106
7499,3.7495000,-0.44952219724655151,-0.46979999542236328
7500,3.7500000,-0.44737464189529419,-0.46720001101493835
7501,3.7505000,-0.44520971179008484,-0.46459999680519104
7502,3.7510000,-0.44303235411643982,-0.46209999918937683
7503,3.7515000,-0.4408496618270874,-0.4595000147819519
7504,3.7520000,-0.43866264820098877,-0.45690000057220459
7505,3.7525000,-0.43646407127380371,-0.45440000295639038
7506,3.7530000,-0.43425190448760986,-0.45190000534057617
7507,3.7535000,-0.43202915787696838,-0.44940000772476196
7508,3.7540000,-0.42979639768600464,-0.44690001010894775
7509,3.7545000,-0.42755231261253357,-0.44440001249313354
7510,3.7550000,-0.42529934644699097,-0.44190001487731934
7511,3.7555000,-0.42304471135139465,-0.43950000405311584
7512,3.7560000,-0.42079505324363708,-0.43700000643730164
7513,3.7565000,-0.41855284571647644,-0.43459999561309814
7514,3.7570000,-0.41631618142127991,-0.43220001459121704
7515,3.7575000,-0.41408184170722961,-0.42989999055862427
7516,3.7580000,-0.41184857487678528,-0.42750000953674316
7517,3.7585000,-0.40962034463882446,-0.42519998550415039
7518,3.7590000,-0.40740296244621277,-0.42289999127388
7519,3.7595000,-0.40519678592681885,-0.42059999704360962
7520,3.7600000,-0.40299969911575317,-0.41839998960494995
7521,3.7605000,-0.40081754326820374,-0.41609999537467957
7522,3.7610000,-0.39865967631340027,-0.4138999879360199
7523,3.7615000,-0.39652925729751587,-0.41170001029968262
7524,3.7620000,-0.39442756772041321,-0.40959998965263367
7525,3.7625000,-0.39235210418701172,-0.40740001201629639
7526,3.7630000,-0.3902970552444458,-0.40529999136924744
7527,3.7635000,-0.38826414942741394,-0.40320000052452087
7528,3.7640000,-0.38625335693359375,-0.40119999647140503
7529,3.7645000,-0.38425827026367188,-0.39919999241828918
7530,3.7650000,-0.38227573037147522,-0.39719998836517334
7531,3.7655000,-0.38030475378036499,-0.39520001411437988
7532,3.7660000,-0.3783474862575531,-0.39329999685287476
7533,3.7665000,-0.37640756368637085,-0.39140000939369202
7534,3.7670000,-0.37448275089263916,-0.38949999213218689
7535,3.7675000,-0.37256893515586853,-0.38769999146461487
7536,3.7680000,-0.37066861987113953,-0.38589999079704285
7537,3.7685000,-0.36879116296768188,-0.38409999012947083
7538,3.7690000,-0.36694467067718506,-0.38240000605583191
7539,3.7695000,-0.36512976884841919,-0.38069999217987061
7540,3.7700000,-0.36334711313247681,-0.37900000810623169
7541,3.7705000,-0.36159688234329224,-0.37729999423027039
7542,3.7710000,-0.35987403988838196,-0.37569999694824219
7543,3.7715000,-0.35817798972129822,-0.37409999966621399
7544,3.7720000,-0.35651013255119324,-0.37259998917579651
7545,3.7725000,-0.35486900806427002,-0.37099999189376831
7546,3.7730000,-0.35325413942337036,-0.36950001120567322
7547,3.7735000,-0.35166430473327637,-0.36809998750686646
7548,3.7740000,-0.35009947419166565,-0.36660000681877136
7549,3.7745000,-0.3485625684261322,-0.36520001292228699
7550,3.7750000,-0.34705424308776855,-0.36379998922348022
7551,3.7755000,-0.34557110071182251,-0.36239999532699585
7552,3.7760000,-0.34411302208900452,-0.36100000143051147
7553,3.7765000,-0.34268581867218018,-0.35969999432563782
7554,3.7770000,-0.34128844738006592,-0.35839998722076416
7555,3.7775000,-0.33991390466690063,-0.35710000991821289
7556,3.7780000,-0.3385639488697052,-0.35580000281333923
7557,3.7785000,-0.33724001049995422,-0.35449999570846558
7558,3.7790000,-0.33593732118606567,-0.35319998860359192
7559,3.7795000,-0.33465456962585449,-0.35199999809265137
7560,3.7800000,-0.33339515328407288,-0.35069999098777771
7561,3.7805000,-0.33216342329978943,-0.34950000047683716
7562,3.7810000,-0.33096036314964294,-0.3481999933719635
7563,3.7815000,-0.32978340983390808,-0.34700000286102295
7564,3.7820000,-0.32863178849220276,-0.34569999575614929
7565,3.7825000,-0.32750433683395386,-0.34450000524520874
7566,3.7830000,-0.32639637589454651,-0.34319999814033508
7567,3.7835000,-0.325306236743927,-0.34200000762939453
7568,3.7840000,-0.32423111796379089,-0.34070000052452087
7569,3.7845000,-0.32316598296165466,-0.33939999341964722
7570,3.7850000,-0.32210975885391235,-0.33809998631477356
7571,3.7855000,-0.3210604190826416,-0.33680000901222229
7572,3.7860000,-0.32001987099647522,-0.33539998531341553
7573,3.7865000,-0.3189893364906311,-0.33410000801086426
7574,3.7870000,-0.31796184182167053,-0.33270001411437988
7575,3.7875000,-0.31693577766418457,-0.33129999041557312
7576,3.7880000,-0.31591337919235229,-0.32989999651908875
7577,3.7885000,-0.31489455699920654,-0.32839998602867126
7578,3.7890000,-0.31388148665428162,-0.32690000534057617
7579,3.7895000,-0.31287503242492676,-0.32539999485015869
7580,3.7900000,-0.3118741512298584,-0.3239000141620636
7581,3.7905000,-0.31087517738342285,-0.32229998707771301
7582,3.7910000,-0.30987060070037842,-0.32080000638961792
7583,3.7915000,-0.30885708332061768,-0.31909999251365662
7584,3.7920000,-0.3078310489654541,-0.31749999523162842
7585,3.7925000,-0.30678442120552063,-0.3158000111579895
7586,3.7930000,-0.30571159720420837,-0.3140999972820282
7587,3.7935000,-0.30461034178733826,-0.31240001320838928
7588,3.7940000,-0.30348414182662964,-0.31060001254081726
7589,3.7945000,-0.30233538150787354,-0.30889999866485596
7590,3.7950000,-0.30115953087806702,-0.30709999799728394
7591,3.7955000,-0.29995447397232056,-0.3052000105381012
7592,3.7960000,-0.2987113893032074,-0.30340000987052917
7593,3.7965000,-0.29741454124450684,-0.30149999260902405
7594,3.7970000,-0.29606121778488159,-0.29969999194145203
7595,3.7975000,-0.29465645551681519,-0.29780000448226929
7596,3.7980000,-0.29320845007896423,-0.29589998722076416
7597,3.7985000,-0.29172611236572266,-0.2939000129699707
7598,3.7990000,-0.29020941257476807,-0.29199999570846558
7599,3.7995000,-0.28865885734558105,-0.29010000824928284
7600,3.8000000,-0.28708505630493164,-0.28819999098777771
7601,3.8005000,-0.28550225496292114,-0.28619998693466187
7602,3.8010000,-0.28391948342323303,-0.28429999947547913
7603,3.8015000,-0.28233781456947327,-0.28240001201629639
7604,3.8020000,-0.28075876832008362,-0.28040000796318054
7605,3.8025000,-0.27918851375579834,-0.27849999070167542
7606,3.8030000,-0.27762722969055176,-0.27660000324249268
7607,3.8035000,-0.27607223391532898,-0.27480000257492065
7608,3.8040000,-0.27452942728996277,-0.27289998531341553
7609,3.8045000,-0.27300798892974854,-0.27110001444816589
7610,3.8050000,-0.27151262760162354,-0.26930001378059387
7611,3.8055000,-0.27003991603851318,-0.26750001311302185
7612,3.8060000,-0.26858359575271606,-0.26570001244544983
7613,3.8065000,-0.26714396476745605,-0.26399999856948853
7614,3.8070000,-0.26572048664093018,-0.26230001449584961
7615,3.8075000,-0.26431077718734741,-0.26060000061988831
7616,3.8080000,-0.26291796565055847,-0.25900000333786011
7617,3.8085000,-0.26154658198356628,-0.25740000605583191
7618,3.8090000,-0.26019918918609619,-0.25589999556541443
7619,3.8095000,-0.25887355208396912,-0.25440001487731934
7620,3.8100000,-0.25756436586380005,-0.25290000438690186
7621,3.8105000,-0.25627046823501587,-0.25150001049041748
7622,3.8110000,-0.25499355792999268,-0.25009998679161072
7623,3.8115000,-0.25373566150665283,-0.24879999458789825
7624,3.8120000,-0.25249713659286499,-0.24750000238418579
7625,3.8125000,-0.25127637386322021,-0.24629999697208405
7626,3.8130000,-0.25007373094558716,-0.24510000646114349
7627,3.8135000,-0.24888744950294495,-0.24390000104904175
7628,3.8140000,-0.24771308898925781,-0.24279999732971191
7629,3.8145000,-0.24655070900917053,-0.24179999530315399
7630,3.8150000,-0.24540515244007111,-0.24079999327659607
7631,3.8155000,-0.24427919089794159,-0.23980000615119934
7632,3.8160000,-0.24317200481891632,-0.23890000581741333
7633,3.8165000,-0.24208575487136841,-0.23810000717639923
7634,3.8170000,-0.24102586507797241,-0.23720000684261322
7635,3.8175000,-0.23999311029911041,-0.23649999499320984
7636,3.8180000,-0.23898158967494965,-0.23569999635219574
7637,3.8185000,-0.23798593878746033,-0.23499999940395355
7638,3.8190000,-0.23700661957263947,-0.23440000414848328
7639,3.8195000,-0.23604623973369598,-0.23379999399185181
7640,3.8200000,-0.23510782420635223,-0.23319999873638153
7641,3.8205000,-0.23419547080993652,-0.23260000348091125
7642,3.8210000,-0.23331229388713837,-0.2320999950170517
7643,3.8215000,-0.2324579656124115,-0.23170000314712524
7644,3.8220000,-0.23162694275379181,-0.23119999468326569
7645,3.8225000,-0.2308131605386734,-0.23080000281333923
7646,3.8230000,-0.23001514375209808,-0.23039999604225159
7647,3.8235000,-0.22923341393470764,-0.23010000586509705
7648,3.8240000,-0.22846965491771698,-0.22980000078678131
7649,3.8245000,-0.22772856056690216,-0.22939999401569366
7650,3.8250000,-0.22701567411422729,-0.22920000553131104
7651,3.8255000,-0.22633275389671326,-0.2289000004529953
7652,3.8260000,-0.22567389905452728,-0.22869999706745148
7653,3.8265000,-0.2250312864780426,-0.22840000689029694
7654,3.8270000,-0.22440049052238464,-0.22820000350475311
7655,3.8275000,-0.2237776517868042,-0.22800000011920929
7656,3.8280000,-0.22315779328346252,-0.22779999673366547
7657,3.8285000,-0.2225383073091507,-0.22759999334812164
7658,3.8290000,-0.2219223827123642,-0.22750000655651093
7659,3.8295000,-0.22131256759166718,-0.2273000031709671
7660,3.8300000,-0.22070406377315521,-0.22709999978542328
7661,3.8305000,-0.22008965909481049,-0.22699999809265137
7662,3.8310000,-0.21946750581264496,-0.22679999470710754
7663,3.8315000,-0.21883748471736908,-0.22660000622272491
7664,3.8320000,-0.21819396317005157,-0.226500004529953
7665,3.8325000,-0.21753174066543579,-0.22630000114440918
7666,3.8330000,-0.21685566008090973,-0.22609999775886536
7667,3.8335000,-0.21617136895656586,-0.22589999437332153
7668,3.8340000,-0.2154746800661087,-0.2257000058889389
7669,3.8345000,-0.21476007997989655,-0.22550000250339508
7670,3.8350000,-0.21402622759342194,-0.22529999911785126
7671,3.8355000,-0.21327337622642517,-0.22499999403953552
7672,3.8360000,-0.21250170469284058,-0.22480000555515289
7673,3.8365000,-0.2117113322019577,-0.22450000047683716
7674,3.8370000,-0.21090506017208099,-0.22419999539852142
7675,3.8375000,-0.21008455753326416,-0.22390000522136688
7676,3.8380000,-0.20924766361713409,-0.22360000014305115
7677,3.8385000,-0.20839367806911469,-0.2231999933719635
7678,3.8390000,-0.20752309262752533,-0.22280000150203705
7679,3.8395000,-0.20663526654243469,-0.2223999947309494
7680,3.8400000,-0.2057339996099472,-0.22200000286102295
7681,3.8405000,-0.2048267275094986,-0.2215999960899353
7682,3.8410000,-0.20391945540904999,-0.22110000252723694
7683,3.8415000,-0.20301587879657745,-0.22059999406337738
7684,3.8420000,-0.20211559534072876,-0.22010000050067902
7685,3.8425000,-0.20121698081493378,-0.21960000693798065
7686,3.8430000,-0.2003186047077179,-0.21899999678134918
7687,3.8435000,-0.19941896200180054,-0.21840000152587891
7688,3.8440000,-0.19851997494697571,-0.21780000627040863
7689,3.8445000,-0.19762660562992096,-0.21719999611377716
7690,3.8450000,-0.19674290716648102,-0.21649999916553497
7691,3.8455000,-0.19586801528930664,-0.2159000039100647
7692,3.8460000,-0.19499686360359192,-0.21520000696182251
7693,3.8465000,-0.19412659108638763,-0.21439999341964722
7694,3.8470000,-0.19325804710388184,-0.21369999647140503
7695,3.8475000,-0.19238990545272827,-0.21289999783039093
7696,3.8480000,-0.19151943922042847,-0.21220000088214874
7697,3.8485000,-0.19065022468566895,-0.21140000224113464
7698,3.8490000,-0.18978844583034515,-0.21060000360012054
7699,3.8495000,-0.18893444538116455,-0.20970000326633453
7700,3.8500000,-0.18808369338512421,-0.20890000462532043
7701,3.8505000,-0.18723435699939728,-0.20800000429153442
7702,3.8510000,-0.1863897293806076,-0.20720000565052032
7703,3.8515000,-0.18555068969726562,-0.20630000531673431
7704,3.8520000,-0.18471886217594147,-0.2054000049829483
7705,3.8525000,-0.18390098214149475,-0.20450000464916229
7706,3.8530000,-0.18310151994228363,-0.20360000431537628
7707,3.8535000,-0.18231977522373199,-0.20270000398159027
7708,3.8540000,-0.18155024945735931,-0.20170000195503235
7709,3.8545000,-0.18078882992267609,-0.20080000162124634
7710,3.8550000,-0.18003612756729126,-0.19990000128746033
7711,3.8555000,-0.17929239571094513,-0.1988999992609024
7712,3.8560000,-0.17855706810951233,-0.19799999892711639
7713,3.8565000,-0.17782981693744659,-0.19709999859333038
7714,3.8570000,-0.17711175978183746,-0.19619999825954437
7715,3.8575000,-0.17640401422977448,-0.19519999623298645
7716,3.8580000,-0.17570443451404572,-0.19429999589920044
7717,3.8585000,-0.17500962316989899,-0.19339999556541443
7718,3.8590000,-0.17431788146495819,-0.19249999523162842
7719,3.8595000,-0.17362886667251587,-0.19159999489784241
7720,3.8600000,-0.1729423850774765,-0.1906999945640564
7721,3.8605000,-0.17225828766822815,-0.18979999423027039
7722,3.8610000,-0.17157754302024841,-0.18899999558925629
7723,3.8615000,-0.17090041935443878,-0.18809999525547028
7724,3.8620000,-0.17022466659545898,-0.18729999661445618
7725,3.8625000,-0.16954746842384338,-0.18649999797344208
7726,3.8630000,-0.16886523365974426,-0.18559999763965607
7727,3.8635000,-0.16817681491374969,-0.18490000069141388
7728,3.8640000,-0.16748546063899994,-0.18410000205039978
7729,3.8645000,-0.16679349541664124,-0.18340000510215759
7730,3.8650000,-0.16610218584537506,-0.18260000646114349
7731,3.8655000,-0.16541150212287903,-0.18189999461174011
7732,3.8660000,-0.16471904516220093,-0.18119999766349792
7733,3.8665000,-0.1640210747718811,-0.18060000240802765
7734,3.8670000,-0.16331386566162109,-0.17990000545978546
7735,3.8675000,-0.16259698569774628,-0.17929999530315399
7736,3.8680000,-0.16187027096748352,-0.17870000004768372
7737,3.8685000,-0.1611325591802597,-0.17820000648498535
7738,3.8690000,-0.160385861992836,-0.17759999632835388
7739,3.8695000,-0.15963256359100342,-0.17710000276565552
7740,3.8700000,-0.15887138247489929,-0.17659999430179596
7741,3.8705000,-0.15809978544712067,-0.1761000007390976
7742,3.8710000,-0.15731620788574219,-0.17569999396800995
7743,3.8715000,-0.15652044117450714,-0.1753000020980835
7744,3.8720000,-0.15571208298206329,-0.17489999532699585
7745,3.8725000,-0.1548900306224823,-0.1745000034570694
7746,3.8730000,-0.15405642986297607,-0.17409999668598175
7747,3.8735000,-0.15321327745914459,-0.1737000048160553
7748,3.8740000,-0.15235921740531921,-0.17339999973773956
7749,3.8745000,-0.15149438381195068,-0.17309999465942383
7750,3.8750000,-0.15061990916728973,-0.17280000448226929
7751,3.8755000,-0.1497347503900528,-0.17249999940395355
7752,3.8760000,-0.14883936941623688,-0.17219999432563782
7753,3.8765000,-0.14793866872787476,-0.17190000414848328
7754,3.8770000,-0.14703951776027679,-0.17170000076293945
7755,3.8775000,-0.14614534378051758,-0.17139999568462372
7756,3.8780000,-0.14525331556797028,-0.17110000550746918
7757,3.8785000,-0.14436222612857819,-0.17090000212192535
7758,3.8790000,-0.14347580075263977,-0.17059999704360962
7759,3.8795000,-0.14259456098079681,-0.1703999936580658
7760,3.8800000,-0.14171387255191803,-0.17010000348091125
7761,3.8805000,-0.14083194732666016,-0.16990000009536743
7762,3.8810000,-0.13995401561260223,-0.1695999950170517
7763,3.8815000,-0.1390843391418457,-0.16930000483989716
7764,3.8820000,-0.13822074234485626,-0.16899999976158142
7765,3.8825000,-0.13736213743686676,-0.16869999468326569
7766,3.8830000,-0.13651254773139954,-0.16840000450611115
7767,3.8835000,-0.13567271828651428,-0.1679999977350235
7768,3.8840000,-0.13484051823616028,-0.16769999265670776
7769,3.8845000,-0.13401737809181213,-0.16730000078678131
7770,3.8850000,-0.1332058310508728,-0.16689999401569366
7771,3.8855000,-0.13240665197372437,-0.16650000214576721
7772,3.8860000,-0.13161785900592804,-0.16609999537467957
7773,3.8865000,-0.13084010779857635,-0.1656000018119812
7774,3.8870000,-0.13007774949073792,-0.16509999334812164
7775,3.8875000,-0.1293298602104187,-0.16459999978542328
7776,3.8880000,-0.12859407067298889,-0.16410000622272491
7777,3.8885000,-0.12787303328514099,-0.16349999606609344
7778,3.8890000,-0.12716929614543915,-0.16290000081062317
7779,3.8895000,-0.12648260593414307,-0.16230000555515289
7780,3.8900000,-0.12581278383731842,-0.16169999539852142
7781,3.8905000,-0.12516182661056519,-0.16099999845027924
7782,3.8910000,-0.12453138828277588,-0.16040000319480896
7783,3.8915000,-0.1239190548658371,-0.15970000624656677
7784,3.8920000,-0.12332168221473694,-0.15889999270439148
7785,3.8925000,-0.1227395161986351,-0.15819999575614929
7786,3.8930000,-0.1221744641661644,-0.15739999711513519
7787,3.8935000,-0.12162642180919647,-0.15659999847412109
7788,3.8940000,-0.12109348177909851,-0.15579999983310699
7789,3.8945000,-0.12057571113109589,-0.1550000011920929
7790,3.8950000,-0.12007395923137665,-0.1542000025510788
7791,3.8955000,-0.11958790570497513,-0.15330000221729279
7792,3.8960000,-0.1191147193312645,-0.15240000188350677
7793,3.8965000,-0.11865122616291046,-0.15160000324249268
7794,3.8970000,-0.11819806694984436,-0.15070000290870667
7795,3.8975000,-0.11775583773851395,-0.14980000257492065
7796,3.8980000,-0.11732316017150879,-0.14890000224113464
7797,3.8985000,-0.11689940094947815,-0.14800000190734863
7798,3.8990000,-0.11648404598236084,-0.14710000157356262
7799,3.8995000,-0.11607633531093597,-0.14620000123977661
7800,3.9000000,-0.11567594856023788,-0.1453000009059906
7801,3.9005000,-0.11528094112873077,-0.14440000057220459
7802,3.9010000,-0.11488973349332809,-0.14350000023841858
7803,3.9015000,-0.11450202763080597,-0.14259999990463257
7804,3.9020000,-0.11411584168672562,-0.14169999957084656
7805,3.9025000,-0.11373037099838257,-0.14090000092983246
7806,3.9030000,-0.11334702372550964,-0.14000000059604645
7807,3.9035000,-0.11296658217906952,-0.13920000195503235
7808,3.9040000,-0.11258550733327866,-0.13830000162124634
7809,3.9045000,-0.1121969074010849,-0.13750000298023224
7810,3.9050000,-0.11179889738559723,-0.13670000433921814
7811,3.9055000,-0.11139335483312607,-0.13590000569820404
7812,3.9060000,-0.11098023504018784,-0.13510000705718994
7813,3.9065000,-0.11055921763181686,-0.13439999520778656
7814,3.9070000,-0.11013130098581314,-0.13359999656677246
7815,3.9075000,-0.10969822108745575,-0.13289999961853027
7816,3.9080000,-0.10925805568695068,-0.13220000267028809
7817,3.9085000,-0.10880644619464874,-0.13160000741481781
7818,3.9090000,-0.10834451764822006,-0.13089999556541443
7819,3.9095000,-0.10787341743707657,-0.13030000030994415
7820,3.9100000,-0.10739129036664963,-0.12970000505447388
7821,3.9105000,-0.10689897090196609,-0.12909999489784241
7822,3.9110000,-0.10639821738004684,-0.12849999964237213
7823,3.9115000,-0.10589103400707245,-0.12800000607967377
7824,3.9120000,-0.10537566989660263,-0.1273999959230423
7825,3.9125000,-0.10484541952610016,-0.12690000236034393
7826,3.9130000,-0.10429801046848297,-0.12649999558925629
7827,3.9135000,-0.10373391211032867,-0.12600000202655792
7828,3.9140000,-0.1031520664691925,-0.12559999525547028
7829,3.9145000,-0.10255356132984161,-0.12510000169277191
7830,3.9150000,-0.10194206237792969,-0.12470000237226486
7831,3.9155000,-0.10132173448801041,-0.12439999729394913
7832,3.9160000,-0.10069497674703598,-0.12399999797344208
7833,3.9165000,-0.10006378591060638,-0.12359999865293503
7834,3.9170000,-0.09943033754825592,-0.12330000102519989
7835,3.9175000,-0.098793119192123413,-0.12300000339746475
7836,3.9180000,-0.098148606717586517,-0.12269999831914902
7837,3.9185000,-0.097497187554836273,-0.12240000069141388
7838,3.9190000,-0.096842154860496521,-0.12210000306367874
7839,3.9195000,-0.096185155212879181,-0.12179999798536301
7840,3.9200000,-0.095529340207576752,-0.12150000035762787
7841,3.9205000,-0.094881579279899597,-0.12120000272989273
7842,3.9210000,-0.094245180487632751,-0.120899997651577
7843,3.9215000,-0.093617387115955353,-0.12060000002384186
7844,3.9220000,-0.092996075749397278,-0.12030000239610672
7845,3.9225000,-0.092381551861763,-0.11999999731779099
7846,3.9230000,-0.091774389147758484,-0.11969999969005585
7847,3.9235000,-0.091175362467765808,-0.1193000003695488
7848,3.9240000,-0.09058312326669693,-0.11900000274181366
7849,3.9245000,-0.089996911585330963,-0.11860000342130661
7850,3.9250000,-0.089417882263660431,-0.11819999665021896
7851,3.9255000,-0.088845036923885345,-0.11779999732971191
7852,3.9260000,-0.088276833295822144,-0.11729999631643295
7853,3.9265000,-0.087712526321411133,-0.1168999969959259
7854,3.9270000,-0.087151654064655304,-0.11640000343322754
7855,3.9275000,-0.086594998836517334,-0.11580000072717667
7856,3.9280000,-0.086043938994407654,-0.11519999802112579
7857,3.9285000,-0.085501894354820251,-0.11460000276565552
7858,3.9290000,-0.084971807897090912,-0.11400000005960464
7859,3.9295000,-0.084451764822006226,-0.11330000311136246
7860,3.9300000,-0.083940066397190094,-0.11249999701976776
7861,3.9305000,-0.083436891436576843,-0.11169999837875366
7862,3.9310000,-0.082941219210624695,-0.11089999973773956
7863,3.9315000,-0.082452438771724701,-0.10999999940395355
7864,3.9320000,-0.08197108656167984,-0.10909999907016754
7865,3.9325000,-0.081498168408870697,-0.10809999704360962
7866,3.9330000,-0.081034690141677856,-0.10710000246763229
7867,3.9335000,-0.080579325556755066,-0.10599999874830246
7868,3.9340000,-0.080130331218242645,-0.10490000247955322
7869,3.9345000,-0.079689018428325653,-0.10379999876022339
7870,3.9350000,-0.079255074262619019,-0.10260000079870224
7871,3.9355000,-0.078826673328876495,-0.10130000114440918
7872,3.9360000,-0.078403055667877197,-0.10010000318288803
7873,3.9365000,-0.07798178493976593,-0.098800003528594971
7874,3.9370000,-0.077561825513839722,-0.097400002181529999
7875,3.9375000,-0.077142894268035889,-0.096000000834465027
7876,3.9380000,-0.076724834740161896,-0.094599999487400055
7877,3.9385000,-0.076309897005558014,-0.093199998140335083
7878,3.9390000,-0.07589779794216156,-0.091700002551078796
7879,3.9395000,-0.075486548244953156,-0.090199999511241913
7880,3.9400000,-0.075074590742588043,-0.088699996471405029
7881,3.9405000,-0.074660763144493103,-0.087200000882148743
7882,3.9410000,-0.074246220290660858,-0.085699997842311859
7883,3.9415000,-0.073831930756568909,-0.084200002253055573
7884,3.9420000,-0.073418527841567993,-0.082699999213218689
7885,3.9425000,-0.073007039725780487,-0.081200003623962402
7886,3.9430000,-0.072597399353981018,-0.079700000584125519
7887,3.9435000,-0.072188921272754669,-0.078199997544288635
7888,3.9440000,-0.07178005576133728,-0.076700001955032349
7889,3.9445000,-0.071370214223861694,-0.075300000607967377
7890,3.9450000,-0.070960775017738342,-0.073899999260902405
7891,3.9455000,-0.070552162826061249,-0.072499997913837433
7892,3.9460000,-0.070143863558769226,-0.071199998259544373
7893,3.9465000,-0.06973603367805481,-0.069899998605251312
7894,3.9470000,-0.069328539073467255,-0.068599998950958252
7895,3.9475000,-0.068920128047466278,-0.067400000989437103
7896,3.9480000,-0.068508349359035492,-0.066200003027915955
7897,3.9485000,-0.068091504275798798,-0.065099999308586121
7898,3.9490000,-0.067670054733753204,-0.064000003039836884
7899,3.9495000,-0.067244499921798706,-0.063000001013278961
7900,3.9500000,-0.066815942525863647,-0.06210000067949295
7901,3.9505000,-0.066385574638843536,-0.06120000034570694
7902,3.9510000,-0.06595243513584137,-0.060400001704692841
7903,3.9515000,-0.065515965223312378,-0.059700001031160355
7904,3.9520000,-0.065079681575298309,-0.059000000357627869
7905,3.9525000,-0.064648829400539398,-0.058400001376867294
7906,3.9530000,-0.064226046204566956,-0.057900000363588333
7907,3.9535000,-0.063811510801315308,-0.057399999350309372
7908,3.9540000,-0.06340508908033371,-0.057000000029802322
7909,3.9545000,-0.0630064457654953,-0.056600000709295273
7910,3.9550000,-0.062612511217594147,-0.056400001049041748
7911,3.9555000,-0.062220171093940735,-0.056099999696016312
7912,3.9560000,-0.061829015612602234,-0.056000001728534698
7913,3.9565000,-0.061440125107765198,-0.055900000035762787
7914,3.9570000,-0.061054777354001999,-0.055799998342990875
7915,3.9575000,-0.060671936720609665,-0.055799998342990875
7916,3.9580000,-0.060289684683084488,-0.055900000035762787
7917,3.9585000,-0.059908539056777954,-0.056000001728534698
7918,3.9590000,-0.059528179466724396,-0.056099999696016312
7919,3.9595000,-0.059145424515008926,-0.056299999356269836
7920,3.9600000,-0.058756116777658463,-0.056499999016523361
7921,3.9605000,-0.058357413858175278,-0.056699998676776886
7922,3.9610000,-0.057949971407651901,-0.057000000029802322
7923,3.9615000,-0.057534441351890564,-0.057300001382827759
7924,3.9620000,-0.057109516113996506,-0.057500001043081284
7925,3.9625000,-0.05667545273900032,-0.057799998670816422
7926,3.9630000,-0.056233931332826614,-0.058100000023841858
7927,3.9635000,-0.055785194039344788,-0.058400001376867294
7928,3.9640000,-0.055324781686067581,-0.058699999004602432
7929,3.9645000,-0.05484694242477417,-0.058899998664855957
7930,3.9650000,-0.054350607097148895,-0.059099998325109482
7931,3.9655000,-0.053835023194551468,-0.059300001710653305
7932,3.9660000,-0.053298942744731903,-0.05950000137090683
7933,3.9665000,-0.052743930369615555,-0.059700001031160355
7934,3.9670000,-0.052172999829053879,-0.059799998998641968
7935,3.9675000,-0.051589220762252808,-0.059900000691413879
7936,3.9680000,-0.050990104675292969,-0.059900000691413879
7937,3.9685000,-0.050369910895824432,-0.059799998998641968
7938,3.9690000,-0.049727629870176315,-0.059799998998641968
7939,3.9695000,-0.04906294122338295,-0.059599999338388443
7940,3.9700000,-0.048376847058534622,-0.05950000137090683
7941,3.9705000,-0.047672789543867111,-0.059200000017881393
7942,3.9710000,-0.046953283250331879,-0.058899998664855957
7943,3.9715000,-0.046221066266298294,-0.058600001037120819
7944,3.9720000,-0.045476365834474564,-0.058100000023841858
7945,3.9725000,-0.044718075543642044,-0.057599999010562897
7946,3.9730000,-0.043946802616119385,-0.057100001722574234
7947,3.9735000,-0.043162927031517029,-0.056499999016523361
7948,3.9740000,-0.042367935180664062,-0.055799998342990875
7949,3.9745000,-0.041563414037227631,-0.055100001394748688
7950,3.9750000,-0.040751747786998749,-0.054400000721216202
7951,3.9755000,-0.039937574416399002,-0.053500000387430191
7952,3.9760000,-0.039122238755226135,-0.052700001746416092
7953,3.9765000,-0.038306493312120438,-0.05169999971985817
7954,3.9770000,-0.037493292242288589,-0.050799999386072159
7955,3.9775000,-0.036682412028312683,-0.049800001084804535
7956,3.9780000,-0.035872168838977814,-0.048700001090764999
7957,3.9785000,-0.035062123090028763,-0.047600001096725464
7958,3.9790000,-0.034254506230354309,-0.046500001102685928
7959,3.9795000,-0.033453203737735748,-0.045400001108646393
7960,3.9800000,-0.032657667994499207,-0.044199999421834946
7961,3.9805000,-0.031867235898971558,-0.043000001460313797
7962,3.9810000,-0.031083496287465096,-0.04179999977350235
7963,3.9815000,-0.030305406078696251,-0.040600001811981201
7964,3.9820000,-0.029531581327319145,-0.039400000125169754
7965,3.9825000,-0.028761101886630058,-0.038199998438358307
7966,3.9830000,-0.027994304895401001,-0.037000000476837158
7967,3.9835000,-0.027233656495809555,-0.035799998790025711
7968,3.9840000,-0.026478236541152,-0.034600000828504562
7969,3.9845000,-0.025724802166223526,-0.033399999141693115
7970,3.9850000,-0.024971788749098778,-0.032200001180171967
7971,3.9855000,-0.024218959733843803,-0.030999999493360519
7972,3.9860000,-0.023467449471354485,-0.029899999499320984
7973,3.9865000,-0.022716665640473366,-0.028799999505281448
7974,3.9870000,-0.021967394277453423,-0.027699999511241913
7975,3.9875000,-0.021224947646260262,-0.026599999517202377
7976,3.9880000,-0.020489327609539032,-0.025599999353289604
7977,3.9885000,-0.019754951819777489,-0.024599999189376831
7978,3.9890000,-0.019018936902284622,-0.023600000888109207
7979,3.9895000,-0.018282551318407059,-0.022700000554323196
7980,3.9900000,-0.017549570649862289,-0.021800000220537186
7981,3.9905000,-0.016820497810840607,-0.020999999716877937
7982,3.9910000,-0.016092712059617043,-0.020199999213218689
7983,3.9915000,-0.015366162173449993,-0.01940000057220459
7984,3.9920000,-0.014646831899881363,-0.018699999898672104
7985,3.9925000,-0.013941909186542034,-0.017999999225139618
7986,3.9930000,-0.013249782845377922,-0.017400000244379044
7987,3.9935000,-0.012566772289574146,-0.01679999940097332
7988,3.9940000,-0.011894438415765762,-0.016200000420212746
7989,3.9945000,-0.011232330463826656,-0.015699999406933784
7990,3.9950000,-0.010577022098004818,-0.015200000256299973
7991,3.9955000,-0.0099269850179553032,-0.014800000004470348
7992,3.9960000,-0.0092819128185510635,-0.014399999752640724
7993,3.9965000,-0.0086394818499684334,-0.014000000432133675
7994,3.9970000,-0.0079956138506531715,-0.013700000010430813
7995,3.9975000,-0.0073449639603495598,-0.013399999588727951
7996,3.9980000,-0.0066842809319496155,-0.013100000098347664
7997,3.9985000,-0.0060120164416730404,-0.012799999676644802
7998,3.9990000,-0.0053291977383196354,-0.012600000016391277
7999,3.9995000,-0.0046421410515904427,-0.012400000356137753
