sample_index,time_seconds,measured_ecg,predicted_ecg
0,0.0000000,8.649201481603086e-05,0.17730000615119934
1,0.0005000,0.00041948037687689066,0.17700000107288361
2,0.0010000,0.0010536295594647527,0.17669999599456787
3,0.0015000,0.0019595134072005749,0.17630000412464142
4,0.0020000,0.0031140286009758711,0.17599999904632568
5,0.0025000,0.0044908314011991024,0.17560000717639923
6,0.0030000,0.0060585997998714447,0.17520000040531158
7,0.0035000,0.0077962367795407772,0.17489999532699585
8,0.0040000,0.0096860257908701897,0.17460000514984131
9,0.0045000,0.011695578694343567,0.17430000007152557
10,0.0050000,0.013803164474666119,0.17399999499320984
11,0.0055000,0.015993464738130569,0.1737000048160553
12,0.0060000,0.018248923122882843,0.17350000143051147
13,0.0065000,0.02055787667632103,0.17329999804496765
14,0.0070000,0.022905390709638596,0.17319999635219574
15,0.0075000,0.025279637426137924,0.17309999465942383
16,0.0080000,0.027679439634084702,0.17309999465942383
17,0.0085000,0.030105682089924812,0.17309999465942383
18,0.0090000,0.032552722841501236,0.17319999635219574
19,0.0095000,0.035009492188692093,0.17339999973773956
20,0.0100000,0.03746434673666954,0.17360000312328339
21,0.0105000,0.039910685271024704,0.17399999499320984
22,0.0110000,0.042348593473434448,0.17440000176429749
23,0.0115000,0.044773057103157043,0.17489999532699585
24,0.0120000,0.04716985672712326,0.17550000548362732
25,0.0125000,0.049527063965797424,0.17620000243186951
26,0.0130000,0.051838397979736328,0.17700000107288361
27,0.0135000,0.054102610796689987,0.17790000140666962
28,0.0140000,0.056318618357181549,0.17890000343322754
29,0.0145000,0.058483541011810303,0.18000000715255737
30,0.0150000,0.060595806688070297,0.18119999766349792
31,0.0155000,0.062649816274642944,0.18250000476837158
32,0.0160000,0.064640216529369354,0.18389999866485596
33,0.0165000,0.066564410924911499,0.18539999425411224
34,0.0170000,0.068419262766838074,0.18700000643730164
35,0.0175000,0.070207178592681885,0.18870000541210175
36,0.0180000,0.071932941675186157,0.19059999287128448
37,0.0185000,0.073598168790340424,0.19249999523162842
38,0.0190000,0.075206063687801361,0.19449999928474426
39,0.0195000,0.076759494841098785,0.19660000503063202
40,0.0200000,0.078258015215396881,0.19879999756813049
41,0.0205000,0.079698085784912109,0.20100000500679016
42,0.0210000,0.081077255308628082,0.20340000092983246
43,0.0215000,0.082402579486370087,0.20579999685287476
44,0.0220000,0.08368305116891861,0.20829999446868896
45,0.0225000,0.084922067821025848,0.21080000698566437
46,0.0230000,0.086126677691936493,0.21349999308586121
47,0.0235000,0.087304607033729553,0.21610000729560852
48,0.0240000,0.088460467755794525,0.21879999339580536
49,0.0245000,0.089602269232273102,0.2215999960899353
50,0.0250000,0.090735197067260742,0.22439999878406525
51,0.0255000,0.091861613094806671,0.22720000147819519
52,0.0260000,0.092982560396194458,0.23010000586509705
53,0.0265000,0.094097740948200226,0.2328999936580658
54,0.0270000,0.095211490988731384,0.23579999804496765
55,0.0275000,0.09632602334022522,0.23870000243186951
56,0.0280000,0.097443610429763794,0.24160000681877136
57,0.0285000,0.098572932183742523,0.24449999630451202
58,0.0290000,0.099716901779174805,0.24729999899864197
59,0.0295000,0.10087050497531891,0.25020000338554382
60,0.0300000,0.10203264653682709,0.25299999117851257
61,0.0305000,0.10320580005645752,0.25589999556541443
62,0.0310000,0.10438767075538635,0.25870001316070557
63,0.0315000,0.10557657480239868,0.2614000141620636
64,0.0320000,0.10677604377269745,0.26420000195503235
65,0.0325000,0.1079876571893692,0.26690000295639038
66,0.0330000,0.10920996218919754,0.26949998736381531
67,0.0335000,0.11044158786535263,0.27219998836517334
68,0.0340000,0.11168286204338074,0.27480000257492065
69,0.0345000,0.11293495446443558,0.27730000019073486
70,0.0350000,0.11419713497161865,0.27979999780654907
71,0.0355000,0.11546877026557922,0.28229999542236328
72,0.0360000,0.11675412952899933,0.28470000624656677
73,0.0365000,0.11806065589189529,0.28709998726844788
74,0.0370000,0.11939054727554321,0.28949999809265137
75,0.0375000,0.12074311822652817,0.29179999232292175
76,0.0380000,0.12211883068084717,0.29409998655319214
77,0.0385000,0.12351486831903458,0.29629999399185181
78,0.0390000,0.12493044883012772,0.29850000143051147
79,0.0395000,0.12636688351631165,0.30070000886917114
80,0.0400000,0.12782499194145203,0.30289998650550842
81,0.0405000,0.12931132316589355,0.30500000715255737
82,0.0410000,0.13083080947399139,0.30720001459121704
83,0.0415000,0.13238407671451569,0.3093000054359436
84,0.0420000,0.13397052884101868,0.31139999628067017
85,0.0425000,0.13558483123779297,0.31349998712539673
86,0.0430000,0.13722503185272217,0.31560000777244568
87,0.0435000,0.1388898491859436,0.31769999861717224
88,0.0440000,0.14057573676109314,0.3197999894618988
89,0.0445000,0.14228709042072296,0.32190001010894775
90,0.0450000,0.14402902126312256,0.32400000095367432
91,0.0455000,0.14580217003822327,0.32609999179840088
92,0.0460000,0.14760613441467285,0.32829999923706055
93,0.0465000,0.14943823218345642,0.33050000667572021
94,0.0470000,0.15129503607749939,0.33259999752044678
95,0.0475000,0.15317489206790924,0.33489999175071716
96,0.0480000,0.15507949888706207,0.33709999918937683
97,0.0485000,0.15701334178447723,0.33939999341964722
98,0.0490000,0.15898215770721436,0.34160000085830688
99,0.0495000,0.16098657250404358,0.34400001168251038
100,0.0500000,0.16302105784416199,0.34630000591278076
101,0.0505000,0.16508111357688904,0.34869998693466187
102,0.0510000,0.16716223955154419,0.35109999775886536
103,0.0515000,0.16926410794258118,0.35350000858306885
104,0.0520000,0.17138895392417908,0.35600000619888306
105,0.0525000,0.17353500425815582,0.35850000381469727
106,0.0530000,0.17570358514785767,0.36100000143051147
107,0.0535000,0.17789450287818909,0.36349999904632568
108,0.0540000,0.18010397255420685,0.366100013256073
109,0.0545000,0.18233175575733185,0.36860001087188721
110,0.0550000,0.18457414209842682,0.37119999527931213
111,0.0555000,0.18682645261287689,0.37369999289512634
112,0.0560000,0.18909381330013275,0.37630000710487366
113,0.0565000,0.19138053059577942,0.37889999151229858
114,0.0570000,0.19368331134319305,0.38139998912811279
115,0.0575000,0.19599781930446625,0.383899986743927
116,0.0580000,0.19832228124141693,0.3864000141620636
117,0.0585000,0.20065504312515259,0.38890001177787781
118,0.0590000,0.2029939740896225,0.39140000939369202
119,0.0595000,0.2053423672914505,0.39379999041557312
120,0.0600000,0.20771072804927826,0.39610001444816589
121,0.0605000,0.21010802686214447,0.39840000867843628
122,0.0610000,0.21253442764282227,0.40059998631477356
123,0.0615000,0.2149847149848938,0.40279999375343323
124,0.0620000,0.2174520343542099,0.40490001440048218
125,0.0625000,0.21993184089660645,0.40689998865127563
126,0.0630000,0.22242093086242676,0.40880000591278076
127,0.0635000,0.22492179274559021,0.41060000658035278
128,0.0640000,0.22744429111480713,0.4122999906539917
129,0.0645000,0.22999604046344757,0.4138999879360199
130,0.0650000,0.23257794976234436,0.41539999842643738
131,0.0655000,0.23518575727939606,0.41670000553131104
132,0.0660000,0.23781561851501465,0.41800001263618469
133,0.0665000,0.24046120047569275,0.41899999976158142
134,0.0670000,0.2431129664182663,0.41999998688697815
135,0.0675000,0.2457675039768219,0.42070001363754272
136,0.0680000,0.24842353165149689,0.42140001058578491
137,0.0685000,0.25107896327972412,0.42179998755455017
138,0.0690000,0.25373381376266479,0.4221000075340271
139,0.0695000,0.25638210773468018,0.42219999432563782
140,0.0700000,0.25901466608047485,0.42219999432563782
141,0.0705000,0.26162713766098022,0.42199999094009399
142,0.0710000,0.26422059535980225,0.42149999737739563
143,0.0715000,0.26679402589797974,0.42089998722076416
144,0.0720000,0.26933926343917847,0.42010000348091125
145,0.0725000,0.27185356616973877,0.41909998655319214
146,0.0730000,0.27433866262435913,0.41789999604225159
147,0.0735000,0.27678939700126648,0.41650000214576721
148,0.0740000,0.27919650077819824,0.41490000486373901
149,0.0745000,0.28155592083930969,0.41310000419616699
150,0.0750000,0.28387102484703064,0.41110000014305115
151,0.0755000,0.28613686561584473,0.40889999270439148
152,0.0760000,0.28834003210067749,0.40639999508857727
153,0.0765000,0.29047855734825134,0.40380001068115234
154,0.0770000,0.29255518317222595,0.40099999308586121
155,0.0775000,0.29456442594528198,0.39789998531341553
156,0.0780000,0.29649543762207031,0.39469999074935913
157,0.0785000,0.29834175109863281,0.39120000600814819
158,0.0790000,0.30010867118835449,0.38760000467300415
159,0.0795000,0.30179688334465027,0.38370001316070557
160,0.0800000,0.3033936619758606,0.37959998846054077
161,0.0805000,0.30488824844360352,0.37540000677108765
162,0.0810000,0.30627688765525818,0.37090000510215759
163,0.0815000,0.30755779147148132,0.36629998683929443
164,0.0820000,0.30872860550880432,0.36149999499320984
165,0.0825000,0.3097890317440033,0.35649999976158142
166,0.0830000,0.31074157357215881,0.35130000114440918
167,0.0835000,0.31158366799354553,0.34599998593330383
168,0.0840000,0.31230390071868896,0.34049999713897705
169,0.0845000,0.31289151310920715,0.33480000495910645
170,0.0850000,0.31334108114242554,0.32899999618530273
171,0.0855000,0.31365227699279785,0.32310000061988831
172,0.0860000,0.31382563710212708,0.31700000166893005
173,0.0865000,0.3138587474822998,0.31069999933242798
174,0.0870000,0.31375241279602051,0.3043999969959259
175,0.0875000,0.31350496411323547,0.29789999127388
176,0.0880000,0.31311380863189697,0.29139998555183411
177,0.0885000,0.31258291006088257,0.28470000624656677
178,0.0890000,0.31191158294677734,0.27790001034736633
179,0.0895000,0.31109443306922913,0.27099999785423279
180,0.0900000,0.31013000011444092,0.26409998536109924
181,0.0905000,0.30901801586151123,0.25709998607635498
182,0.0910000,0.30775752663612366,0.25009998679161072
183,0.0915000,0.30634722113609314,0.24289999902248383
184,0.0920000,0.30478754639625549,0.23579999804496765
185,0.0925000,0.30307915806770325,0.22859999537467957
186,0.0930000,0.3012203574180603,0.22139999270439148
187,0.0935000,0.29921171069145203,0.21420000493526459
188,0.0940000,0.29705742001533508,0.2070000022649765
189,0.0945000,0.29475244879722595,0.19979999959468842
190,0.0950000,0.2922840416431427,0.19259999692440033
191,0.0955000,0.28965169191360474,0.18539999425411224
192,0.0960000,0.28685888648033142,0.17820000648498535
193,0.0965000,0.28390985727310181,0.17110000550746918
194,0.0970000,0.28081566095352173,0.164000004529953
195,0.0975000,0.27757558226585388,0.15700000524520874
196,0.0980000,0.27418416738510132,0.1500999927520752
197,0.0985000,0.27064356207847595,0.14319999516010284
198,0.0990000,0.26695558428764343,0.1363999992609024
199,0.0995000,0.26312568783760071,0.12970000505447388
200,0.1000000,0.25915899872779846,0.12309999763965607
201,0.1005000,0.25505822896957397,0.11659999936819077
202,0.1010000,0.2508297860622406,0.11010000109672546
203,0.1015000,0.24648387730121613,0.10379999876022339
204,0.1020000,0.24203068017959595,0.097699999809265137
205,0.1025000,0.23746791481971741,0.091600000858306885
206,0.1030000,0.23279029130935669,0.085699997842311859
207,0.1035000,0.22800560295581818,0.07980000227689743
208,0.1040000,0.22311873733997345,0.074199996888637543
209,0.1045000,0.21812579035758972,0.068599998950958252
210,0.1050000,0.2130274623632431,0.063199996948242188
211,0.1055000,0.20782990753650665,0.057999998331069946
212,0.1060000,0.20254126191139221,0.052900001406669617
213,0.1065000,0.1971680074930191,0.047899998724460602
214,0.1070000,0.19171522557735443,0.04309999942779541
215,0.1075000,0.1861940324306488,0.038499999791383743
216,0.1080000,0.18061971664428711,0.034000001847743988
217,0.1085000,0.17500028014183044,0.029600000008940697
218,0.1090000,0.1693367213010788,0.025399999693036079
219,0.1095000,0.16363440454006195,0.021299999207258224
220,0.1100000,0.15790361166000366,0.017400000244379044
221,0.1105000,0.15214994549751282,0.01360000018030405
222,0.1110000,0.14637553691864014,0.0098999999463558197
223,0.1115000,0.14058537781238556,0.006399999838322401
224,0.1120000,0.1347804069519043,0.0031000000890344381
225,0.1125000,0.1289619654417038,-0.00019999999494757503
226,0.1130000,0.12313584238290787,-0.0032999999821186066
227,0.1135000,0.11730591207742691,-0.0063000000081956387
228,0.1140000,0.11147761344909668,-0.0092000002041459084
229,0.1145000,0.10565519332885742,-0.012000000104308128
230,0.1150000,0.099839292466640472,-0.014700000174343586
231,0.1155000,0.094032078981399536,-0.017300000414252281
232,0.1160000,0.088238433003425598,-0.019799999892711639
233,0.1165000,0.082466289401054382,-0.022199999541044235
234,0.1170000,0.076724439859390259,-0.024499999359250069
235,0.1175000,0.071017786860466003,-0.02669999934732914
236,0.1180000,0.065348491072654724,-0.028899999335408211
237,0.1185000,0.059719733893871307,-0.030999999493360519
238,0.1190000,0.05413682758808136,-0.032999999821186066
239,0.1195000,0.048606093972921371,-0.035000000149011612
240,0.1200000,0.043132718652486801,-0.037000000476837158
241,0.1205000,0.037720721215009689,-0.038899999111890793
242,0.1210000,0.032374918460845947,-0.040699999779462814
243,0.1215000,0.027100842446088791,-0.042500000447034836
244,0.1220000,0.02190442755818367,-0.044300001114606857
245,0.1225000,0.016788752749562263,-0.046100001782178879
246,0.1230000,0.011753356084227562,-0.047800000756978989
247,0.1235000,0.0068025849759578705,-0.049499999731779099
248,0.1240000,0.0019435640424489975,-0.051199998706579208
249,0.1245000,-0.0028215029742568731,-0.052900001406669617
250,0.1250000,-0.0074925222434103489,-0.054600000381469727
251,0.1255000,-0.012068646028637886,-0.056200001388788223
252,0.1260000,-0.016547190025448799,-0.057799998670816422
253,0.1265000,-0.020927058532834053,-0.05950000137090683
254,0.1270000,-0.025211259722709656,-0.061099998652935028
255,0.1275000,-0.029400700703263283,-0.062700003385543823
256,0.1280000,-0.033493578433990479,-0.064300000667572021
257,0.1285000,-0.037489481270313263,-0.065800003707408905
258,0.1290000,-0.041390422731637955,-0.067400000989437103
259,0.1295000,-0.04519951343536377,-0.06889999657869339
260,0.1300000,-0.04891606792807579,-0.070500001311302185
261,0.1305000,-0.052538007497787476,-0.071999996900558472
262,0.1310000,-0.056067164987325668,-0.073499999940395355
263,0.1315000,-0.059504900127649307,-0.074900001287460327
264,0.1320000,-0.062849655747413635,-0.076399996876716614
265,0.1325000,-0.066101476550102234,-0.077799998223781586
266,0.1330000,-0.069262370467185974,-0.079199999570846558
267,0.1335000,-0.072333768010139465,-0.080499999225139618
268,0.1340000,-0.075316205620765686,-0.081799998879432678
269,0.1345000,-0.078209847211837769,-0.083099998533725739
270,0.1350000,-0.081015393137931824,-0.084299996495246887
271,0.1355000,-0.083734326064586639,-0.085500001907348633
272,0.1360000,-0.086366713047027588,-0.086699999868869781
273,0.1365000,-0.088911771774291992,-0.087800003588199615
274,0.1370000,-0.09137282520532608,-0.088899999856948853
275,0.1375000,-0.093752138316631317,-0.089900001883506775
276,0.1380000,-0.096047639846801758,-0.090800002217292786
277,0.1385000,-0.098260149359703064,-0.091700002551078796
278,0.1390000,-0.10039131343364716,-0.092600002884864807
279,0.1395000,-0.10244087129831314,-0.093299999833106995
280,0.1400000,-0.10441258549690247,-0.094099998474121094
281,0.1405000,-0.10631310939788818,-0.094800002872943878
282,0.1410000,-0.10814826935529709,-0.095399998128414154
283,0.1415000,-0.10992147028446198,-0.095899999141693115
284,0.1420000,-0.11163176596164703,-0.096400000154972076
285,0.1425000,-0.11327772587537766,-0.096900001168251038
286,0.1430000,-0.11485946923494339,-0.097300000488758087
287,0.1435000,-0.11637777835130692,-0.097599998116493225
288,0.1440000,-0.11783061921596527,-0.09790000319480896
289,0.1445000,-0.11921426653862,-0.098099999129772186
290,0.1450000,-0.12053170800209045,-0.09830000251531601
291,0.1455000,-0.12178806215524673,-0.098399996757507324
292,0.1460000,-0.12298373878002167,-0.098499998450279236
293,0.1465000,-0.12411780655384064,-0.098499998450279236
294,0.1470000,-0.12519258260726929,-0.098499998450279236
295,0.1475000,-0.12621229887008667,-0.098399996757507324
296,0.1480000,-0.12717798352241516,-0.09830000251531601
297,0.1485000,-0.12809020280838013,-0.098200000822544098
298,0.1490000,-0.12895351648330688,-0.097999997437000275
299,0.1495000,-0.1297747939825058,-0.097800001502037048
300,0.1500000,-0.13055625557899475,-0.097599998116493225
301,0.1505000,-0.13129431009292603,-0.097400002181529999
302,0.1510000,-0.13198715448379517,-0.097099997103214264
303,0.1515000,-0.13263553380966187,-0.096799999475479126
304,0.1520000,-0.13324117660522461,-0.096500001847743988
305,0.1525000,-0.13380959630012512,-0.096199996769428253
306,0.1530000,-0.13434654474258423,-0.095799997448921204
307,0.1535000,-0.13485440611839294,-0.095499999821186066
308,0.1540000,-0.13533574342727661,-0.095100000500679016
309,0.1545000,-0.13579255342483521,-0.094800002872943878
310,0.1550000,-0.13622240722179413,-0.094400003552436829
311,0.1555000,-0.13662225008010864,-0.093999996781349182
312,0.1560000,-0.13699409365653992,-0.093599997460842133
313,0.1565000,-0.13734132051467896,-0.093299999833106995
314,0.1570000,-0.13766485452651978,-0.092900000512599945
315,0.1575000,-0.13796480000019073,-0.092500001192092896
316,0.1580000,-0.1382414847612381,-0.092200003564357758
317,0.1585000,-0.13849671185016632,-0.091799996793270111
318,0.1590000,-0.13872843980789185,-0.091499999165534973
319,0.1595000,-0.13892728090286255,-0.091200001537799835
320,0.1600000,-0.13908904790878296,-0.090800002217292786
321,0.1605000,-0.1392204761505127,-0.090499997138977051
322,0.1610000,-0.13932991027832031,-0.090199999511241913
323,0.1615000,-0.13942053914070129,-0.089900001883506775
324,0.1620000,-0.13949042558670044,-0.08959999680519104
325,0.1625000,-0.1395387202501297,-0.089299999177455902
326,0.1630000,-0.13956683874130249,-0.089000001549720764
327,0.1635000,-0.13957209885120392,-0.088699996471405029
328,0.1640000,-0.13955019414424896,-0.088399998843669891
329,0.1645000,-0.13949958980083466,-0.088100001215934753
330,0.1650000,-0.13942223787307739,-0.087800003588199615
331,0.1655000,-0.13932007551193237,-0.087499998509883881
332,0.1660000,-0.13919273018836975,-0.087200000882148743
333,0.1665000,-0.13904094696044922,-0.086900003254413605
334,0.1670000,-0.13886409997940063,-0.08659999817609787
335,0.1675000,-0.13866275548934937,-0.086300000548362732
336,0.1680000,-0.13844414055347443,-0.085900001227855682
337,0.1685000,-0.13821560144424438,-0.085600003600120544
338,0.1690000,-0.1379772275686264,-0.085199996829032898
339,0.1695000,-0.13772563636302948,-0.084799997508525848
340,0.1700000,-0.13746248185634613,-0.084399998188018799
341,0.1705000,-0.13719059526920319,-0.083999998867511749
342,0.1710000,-0.13690817356109619,-0.083499997854232788
343,0.1715000,-0.13661582767963409,-0.082999996840953827
344,0.1720000,-0.13631913065910339,-0.082500003278255463
345,0.1725000,-0.13602147996425629,-0.08190000057220459
346,0.1730000,-0.13571757078170776,-0.081299997866153717
347,0.1735000,-0.13539931178092957,-0.080700002610683441
348,0.1740000,-0.13506686687469482,-0.079999998211860657
349,0.1745000,-0.13472297787666321,-0.079300001263618469
350,0.1750000,-0.13436588644981384,-0.07850000262260437
351,0.1755000,-0.1339937150478363,-0.077699996531009674
352,0.1760000,-0.13361150026321411,-0.076899997889995575
353,0.1765000,-0.13322514295578003,-0.07590000331401825
354,0.1770000,-0.13283082842826843,-0.075000002980232239
355,0.1775000,-0.13242396712303162,-0.074000000953674316
356,0.1780000,-0.13200622797012329,-0.072899997234344482
357,0.1785000,-0.13157910108566284,-0.071800000965595245
358,0.1790000,-0.13114041090011597,-0.070600003004074097
359,0.1795000,-0.13068847358226776,-0.069399997591972351
360,0.1800000,-0.13022412359714508,-0.068199999630451202
361,0.1805000,-0.12974531948566437,-0.06679999828338623
362,0.1810000,-0.12924796342849731,-0.06549999862909317
363,0.1815000,-0.1287330687046051,-0.064099997282028198
364,0.1820000,-0.12820488214492798,-0.062600001692771912
365,0.1825000,-0.12766224145889282,-0.061099998652935028
366,0.1830000,-0.1271003782749176,-0.059599999338388443
367,0.1835000,-0.12651830911636353,-0.057999998331069946
368,0.1840000,-0.1259196400642395,-0.056499999016523361
369,0.1845000,-0.12530812621116638,-0.054800000041723251
370,0.1850000,-0.12468437105417252,-0.053199999034404755
371,0.1855000,-0.12404610216617584,-0.051500000059604645
372,0.1860000,-0.12338817119598389,-0.049800001084804535
373,0.1865000,-0.12270478904247284,-0.048099998384714127
374,0.1870000,-0.12198992073535919,-0.046399999409914017
375,0.1875000,-0.12123674899339676,-0.044700000435113907
376,0.1880000,-0.1204381063580513,-0.043000001460313797
377,0.1885000,-0.11958475410938263,-0.041299998760223389
378,0.1890000,-0.11867190152406693,-0.03970000147819519
379,0.1895000,-0.11770294606685638,-0.037999998778104782
380,0.1900000,-0.1166795939207077,-0.036400001496076584
381,0.1905000,-0.11559998989105225,-0.034800000488758087
382,0.1910000,-0.11446476727724075,-0.033300001174211502
383,0.1915000,-0.11327566206455231,-0.031800001859664917
384,0.1920000,-0.11202771961688995,-0.030400000512599945
385,0.1925000,-0.11070698499679565,-0.028999999165534973
386,0.1930000,-0.10930450260639191,-0.027799999341368675
387,0.1935000,-0.10782499611377716,-0.026499999687075615
388,0.1940000,-0.10627539455890656,-0.025399999693036079
389,0.1945000,-0.10466134548187256,-0.024399999529123306
390,0.1950000,-0.10299240797758102,-0.023399999365210533
391,0.1955000,-0.10127536207437515,-0.022600000724196434
392,0.1960000,-0.099508889019489288,-0.021900000050663948
393,0.1965000,-0.097685672342777252,-0.021199999377131462
394,0.1970000,-0.095803409814834595,-0.02070000022649765
395,0.1975000,-0.0938701331615448,-0.020300000905990601
396,0.1980000,-0.091892682015895844,-0.019999999552965164
397,0.1985000,-0.089875631034374237,-0.019899999722838402
398,0.1990000,-0.087826065719127655,-0.019799999892711639
399,0.1995000,-0.085753247141838074,-0.019899999722838402
400,0.2000000,-0.083668135106563568,-0.019999999552965164
401,0.2005000,-0.081576727330684662,-0.020300000905990601
402,0.2010000,-0.079479262232780457,-0.02070000022649765
403,0.2015000,-0.077379114925861359,-0.021199999377131462
404,0.2020000,-0.075282260775566101,-0.021700000390410423
405,0.2025000,-0.073194995522499084,-0.02239999920129776
406,0.2030000,-0.07112390547990799,-0.023099999874830246
407,0.2035000,-0.069071643054485321,-0.023800000548362732
408,0.2040000,-0.06704365462064743,-0.024599999189376831
409,0.2045000,-0.065048769116401672,-0.025399999693036079
410,0.2050000,-0.063090503215789795,-0.026200000196695328
411,0.2055000,-0.061171535402536392,-0.027000000700354576
412,0.2060000,-0.059294048696756363,-0.027799999341368675
413,0.2065000,-0.057458087801933289,-0.028500000014901161
414,0.2070000,-0.0556650310754776,-0.029100000858306885
415,0.2075000,-0.053917601704597473,-0.029600000008940697
416,0.2080000,-0.05221305787563324,-0.029999999329447746
417,0.2085000,-0.050543859601020813,-0.03020000085234642
418,0.2090000,-0.048908788710832596,-0.030099999159574509
419,0.2095000,-0.04730934277176857,-0.029899999499320984
420,0.2100000,-0.045742876827716827,-0.029400000348687172
421,0.2105000,-0.04420563206076622,-0.028500000014901161
422,0.2110000,-0.042698293924331665,-0.027300000190734863
423,0.2115000,-0.041224926710128784,-0.025800000876188278
424,0.2120000,-0.039786864072084427,-0.023800000548362732
425,0.2125000,-0.038382582366466522,-0.021400000900030136
426,0.2130000,-0.037009693682193756,-0.018400000408291817
427,0.2135000,-0.035665132105350494,-0.014999999664723873
428,0.2140000,-0.034346647560596466,-0.010999999940395355
429,0.2145000,-0.03305334597826004,-0.0063000000081956387
430,0.2150000,-0.031783107668161392,-0.0010000000474974513
431,0.2155000,-0.030529908835887909,0.0049000000581145287
432,0.2160000,-0.029279096052050591,0.011599999852478504
433,0.2165000,-0.028009921312332153,0.018999999389052391
434,0.2170000,-0.026700006797909737,0.027200000360608101
435,0.2175000,-0.02532939612865448,0.036299999803304672
436,0.2180000,-0.023891536518931389,0.046100001782178879
437,0.2185000,-0.022384544834494591,0.056800000369548798
438,0.2190000,-0.020798111334443092,0.068400003015995026
439,0.2195000,-0.019117671996355057,0.080899998545646667
440,0.2200000,-0.017325464636087418,0.094300001859664917
441,0.2205000,-0.015396567061543465,0.10859999805688858
442,0.2210000,-0.013303875923156738,0.12380000203847885
443,0.2215000,-0.01102705392986536,0.14000000059604645
444,0.2220000,-0.008556305430829525,0.15710000693798065
445,0.2225000,-0.0058825509622693062,0.17509999871253967
446,0.2230000,-0.0029827440157532692,0.19390000402927399
447,0.2235000,0.00016673002392053604,0.21369999647140503
448,0.2240000,0.0035756502766162157,0.23440000414848328
449,0.2245000,0.0072484845295548439,0.25580000877380371
450,0.2250000,0.011195294559001923,0.27810001373291016
451,0.2255000,0.015431851148605347,0.3010999858379364
452,0.2260000,0.019967667758464813,0.32480001449584961
453,0.2265000,0.02480793371796608,0.34909999370574951
454,0.2270000,0.029968677088618279,0.37409999966621399
455,0.2275000,0.035468824207782745,0.39959999918937683
456,0.2280000,0.041318584233522415,0.42550000548362732
457,0.2285000,0.047518525272607803,0.45179998874664307
458,0.2290000,0.054067336022853851,0.47850000858306885
459,0.2295000,0.060981296002864838,0.50529998540878296
460,0.2300000,0.068283252418041229,0.53229999542236328
461,0.2305000,0.075984708964824677,0.55940002202987671
462,0.2310000,0.084082484245300293,0.58639997243881226
463,0.2315000,0.092574499547481537,0.61320000886917114
464,0.2320000,0.10147808492183685,0.63980001211166382
465,0.2325000,0.11080803722143173,0.66600000858306885
466,0.2330000,0.12056838721036911,0.69179999828338623
467,0.2335000,0.13076333701610565,0.71689999103546143
468,0.2340000,0.14140138030052185,0.74140000343322754
469,0.2345000,0.15249425172805786,0.76499998569488525
470,0.2350000,0.16404213011264801,0.78780001401901245
471,0.2355000,0.17602673172950745,0.80949997901916504
472,0.2360000,0.18842363357543945,0.82999998331069946
473,0.2365000,0.20122036337852478,0.84930002689361572
474,0.2370000,0.21441410481929779,0.86729997396469116
475,0.2375000,0.2279895544052124,0.88370001316070557
476,0.2380000,0.24191999435424805,0.89859998226165771
477,0.2385000,0.25618600845336914,0.91180002689361572
478,0.2390000,0.27077245712280273,0.92320001125335693
479,0.2395000,0.28565436601638794,0.93279999494552612
480,0.2400000,0.30078628659248352,0.94040000438690186
481,0.2405000,0.31611719727516174,0.94599997997283936
482,0.2410000,0.33160883188247681,0.94950002431869507
483,0.2415000,0.34722337126731873,0.95080000162124634
484,0.2420000,0.36291581392288208,0.94999998807907104
485,0.2425000,0.37863567471504211,0.94679999351501465
486,0.2430000,0.39434391260147095,0.94129997491836548
487,0.2435000,0.41000741720199585,0.93349999189376831
488,0.2440000,0.42557609081268311,0.92330002784729004
489,0.2445000,0.44100660085678101,0.91079998016357422
490,0.2450000,0.45626038312911987,0.89579999446868896
491,0.2455000,0.4712827205657959,0.87840002775192261
492,0.2460000,0.48601987957954407,0.8586999773979187
493,0.2465000,0.50041508674621582,0.83660000562667847
494,0.2470000,0.51440650224685669,0.81220000982284546
495,0.2475000,0.52794766426086426,0.78549998998641968
496,0.2480000,0.54096108675003052,0.756600022315979
497,0.2485000,0.55333948135375977,0.72549998760223389
498,0.2490000,0.56502294540405273,0.69220000505447388
499,0.2495000,0.57596993446350098,0.65700000524520874
500,0.2500000,0.58611828088760376,0.61979997158050537
501,0.2505000,0.59540683031082153,0.58079999685287476
502,0.2510000,0.60378408432006836,0.54000002145767212
503,0.2515000,0.61120694875717163,0.49759998917579651
504,0.2520000,0.61762923002243042,0.45370000600814819
505,0.2525000,0.62299734354019165,0.40839999914169312
506,0.2530000,0.62726688385009766,0.36179998517036438
507,0.2535000,0.63040268421173096,0.3140999972820282
508,0.2540000,0.63236284255981445,0.2653999924659729
509,0.2545000,0.63311439752578735,0.21580000221729279
510,0.2550000,0.63264411687850952,0.1656000018119812
511,0.2555000,0.63093948364257812,0.11469999700784683
512,0.2560000,0.62797445058822632,0.063500002026557922
513,0.2565000,0.62372523546218872,0.012099999934434891
514,0.2570000,0.61817872524261475,-0.039500001817941666
515,0.2575000,0.61132353544235229,-0.090999998152256012
516,0.2580000,0.60315233469009399,-0.14229999482631683
517,0.2585000,0.59365701675415039,-0.1932000070810318
518,0.2590000,0.58283573389053345,-0.24359999597072601
519,0.2595000,0.57070094347000122,-0.29339998960494995
520,0.2600000,0.55726146697998047,-0.34229999780654907
521,0.2605000,0.54250472784042358,-0.3903999924659729
522,0.2610000,0.52642029523849487,-0.43729999661445618
523,0.2615000,0.50902891159057617,-0.4830000102519989
524,0.2620000,0.49034950137138367,-0.52730000019073486
525,0.2625000,0.47039559483528137,-0.57020002603530884
526,0.2630000,0.44921499490737915,-0.61150002479553223
527,0.2635000,0.42686638236045837,-0.65119999647140503
528,0.2640000,0.40340909361839294,-0.68900001049041748
529,0.2645000,0.37892937660217285,-0.72500002384185791
530,0.2650000,0.35349550843238831,-0.75900000333786011
531,0.2655000,0.32713496685028076,-0.79089999198913574
532,0.2660000,0.2998863160610199,-0.82080000638961792
533,0.2665000,0.27180808782577515,-0.84850001335144043
534,0.2670000,0.24297279119491577,-0.87389999628067017
535,0.2675000,0.21346396207809448,-0.89709997177124023
536,0.2680000,0.18335883319377899,-0.91790002584457397
537,0.2685000,0.15273237228393555,-0.93639999628067017
538,0.2690000,0.12165242433547974,-0.95260000228881836
539,0.2695000,0.090187922120094299,-0.96640002727508545
540,0.2700000,0.058409988880157471,-0.97780001163482666
541,0.2705000,0.026384130120277405,-0.9868999719619751
542,0.2710000,-0.0058160051703453064,-0.99360001087188721
543,0.2715000,-0.038106642663478851,-0.99790000915527344
544,0.2720000,-0.0704045370221138,-1
545,0.2725000,-0.10264766216278076,-0.99980002641677856
546,0.2730000,-0.13477803766727448,-0.99739998579025269
547,0.2735000,-0.16671761870384216,-0.99279999732971191
548,0.2740000,-0.19838979840278625,-0.98610001802444458
549,0.2745000,-0.22972655296325684,-0.97729998826980591
550,0.2750000,-0.26065742969512939,-0.96660000085830688
551,0.2755000,-0.29111561179161072,-0.95389997959136963
552,0.2760000,-0.32105204463005066,-0.93940001726150513
553,0.2765000,-0.35042926669120789,-0.92309999465942383
554,0.2770000,-0.37920278310775757,-0.90520000457763672
555,0.2775000,-0.40731459856033325,-0.88569998741149902
556,0.2780000,-0.43469533324241638,-0.86470001935958862
557,0.2785000,-0.4612714946269989,-0.84240001440048218
558,0.2790000,-0.48697230219841003,-0.81870001554489136
559,0.2795000,-0.51173532009124756,-0.7939000129699707
560,0.2800000,-0.53550118207931519,-0.76789999008178711
561,0.2805000,-0.55820548534393311,-0.74099999666213989
562,0.2810000,-0.57978975772857666,-0.71319997310638428
563,0.2815000,-0.60020124912261963,-0.68470001220703125
564,0.2820000,-0.61938798427581787,-0.65539997816085815
565,0.2825000,-0.63730460405349731,-0.62559998035430908
566,0.2830000,-0.65390872955322266,-0.59530001878738403
567,0.2835000,-0.66917234659194946,-0.56470000743865967
568,0.2840000,-0.68308573961257935,-0.53380000591278076
569,0.2845000,-0.69564694166183472,-0.50269997119903564
570,0.2850000,-0.70685017108917236,-0.47150000929832458
571,0.2855000,-0.71667146682739258,-0.44040000438690186
572,0.2860000,-0.72508811950683594,-0.40929999947547913
573,0.2865000,-0.73209738731384277,-0.37850001454353333
574,0.2870000,-0.7377057671546936,-0.34790000319480896
575,0.2875000,-0.7419164776802063,-0.31769999861717224
576,0.2880000,-0.74470853805541992,-0.28799998760223389
577,0.2885000,-0.74605625867843628,-0.25870001316070557
578,0.2890000,-0.74597126245498657,-0.23000000417232513
579,0.2895000,-0.74447596073150635,-0.20190000534057617
580,0.2900000,-0.74158263206481934,-0.17460000514984131
581,0.2905000,-0.73731899261474609,-0.14800000190734863
582,0.2910000,-0.7317192554473877,-0.12210000306367874
583,0.2915000,-0.72481417655944824,-0.097099997103214264
584,0.2920000,-0.7166522741317749,-0.072999998927116394
585,0.2925000,-0.70729458332061768,-0.049800001084804535
586,0.2930000,-0.69679254293441772,-0.02759999968111515
587,0.2935000,-0.68517875671386719,-0.0063000000081956387
588,0.2940000,-0.67248320579528809,0.013899999670684338
589,0.2945000,-0.65875458717346191,0.03319999948143959
590,0.2950000,-0.64405375719070435,0.051399998366832733
591,0.2955000,-0.62843430042266846,0.068599998950958252
592,0.2960000,-0.61196863651275635,0.084799997508525848
593,0.2965000,-0.59474414587020874,0.099899999797344208
594,0.2970000,-0.57682222127914429,0.11400000005960464
595,0.2975000,-0.55826419591903687,0.12710000574588776
596,0.2980000,-0.53912580013275146,0.13910000026226044
597,0.2985000,-0.51945066452026367,0.15019999444484711
598,0.2990000,-0.49929723143577576,0.16030000150203705
599,0.2995000,-0.47873237729072571,0.16940000653266907
600,0.3000000,-0.45782554149627686,0.17749999463558197
601,0.3005000,-0.43663591146469116,0.18479999899864197
602,0.3010000,-0.41521474719047546,0.19110000133514404
603,0.3015000,-0.39362713694572449,0.19660000503063202
604,0.3020000,-0.37193149328231812,0.2012999951839447
605,0.3025000,-0.35016945004463196,0.20520000159740448
606,0.3030000,-0.32839486002922058,0.20829999446868896
607,0.3035000,-0.30667400360107422,0.21070000529289246
608,0.3040000,-0.28507736325263977,0.21250000596046448
609,0.3045000,-0.26366704702377319,0.21359999477863312
610,0.3050000,-0.24248236417770386,0.21400000154972076
611,0.3055000,-0.22156147658824921,0.21400000154972076
612,0.3060000,-0.20094448328018188,0.21330000460147858
613,0.3065000,-0.1806657463312149,0.21230000257492065
614,0.3070000,-0.16075855493545532,0.21070000529289246
615,0.3075000,-0.14125247299671173,0.20880000293254852
616,0.3080000,-0.12217393517494202,0.20640000700950623
617,0.3085000,-0.10353894531726837,0.20379999279975891
618,0.3090000,-0.085358008742332458,0.20080000162124634
619,0.3095000,-0.067654713988304138,0.19760000705718994
620,0.3100000,-0.050459310412406921,0.19419999420642853
621,0.3105000,-0.033791720867156982,0.19059999287128448
622,0.3110000,-0.017664402723312378,0.18680000305175781
623,0.3115000,-0.0020865350961685181,0.18289999663829803
624,0.3120000,0.012923775240778923,0.17890000343322754
625,0.3125000,0.027342582121491432,0.17489999532699585
626,0.3130000,0.041158005595207214,0.17080000042915344
627,0.3135000,0.054365016520023346,0.16670000553131104
628,0.3140000,0.066964469850063324,0.16269999742507935
629,0.3145000,0.078956708312034607,0.15860000252723694
630,0.3150000,0.090344831347465515,0.15469999611377716
631,0.3155000,0.10114128887653351,0.15080000460147858
632,0.3160000,0.11135109513998032,0.14699999988079071
633,0.3165000,0.12097343802452087,0.14329999685287476
634,0.3170000,0.13000971078872681,0.13969999551773071
635,0.3175000,0.13846121728420258,0.13629999756813049
636,0.3180000,0.14633657038211823,0.13300000131130219
637,0.3185000,0.15364927053451538,0.12989999353885651
638,0.3190000,0.16041010618209839,0.12700000405311584
639,0.3195000,0.16663044691085815,0.1242000013589859
640,0.3200000,0.17232874035835266,0.12160000205039978
641,0.3205000,0.17753170430660248,0.11919999867677689
642,0.3210000,0.18225966393947601,0.11699999868869781
643,0.3215000,0.1865217387676239,0.11500000208616257
644,0.3220000,0.19033446907997131,0.11320000141859055
645,0.3225000,0.19372045993804932,0.11150000244379044
646,0.3230000,0.19669151306152344,0.11010000109672546
647,0.3235000,0.19926507771015167,0.1088000014424324
648,0.3240000,0.20146524906158447,0.10769999772310257
649,0.3245000,0.20330311357975006,0.10679999738931656
650,0.3250000,0.20479151606559753,0.10599999874830246
651,0.3255000,0.20594683289527893,0.10540000349283218
652,0.3260000,0.20678085088729858,0.10490000247955322
653,0.3265000,0.20731285214424133,0.10459999740123749
654,0.3270000,0.20756971836090088,0.10450000315904617
655,0.3275000,0.20757459104061127,0.10450000315904617
656,0.3280000,0.20734567940235138,0.10459999740123749
657,0.3285000,0.206902876496315,0.10480000078678131
658,0.3290000,0.20626357197761536,0.10509999841451645
659,0.3295000,0.20543928444385529,0.1054999977350235
660,0.3300000,0.2044452577829361,0.10599999874830246
661,0.3305000,0.20330305397510529,0.10660000145435333
662,0.3310000,0.20203378796577454,0.10719999670982361
663,0.3315000,0.20065596699714661,0.10790000110864639
664,0.3320000,0.19918884336948395,0.10869999974966049
665,0.3325000,0.19765467941761017,0.10949999839067459
666,0.3330000,0.19607026875019073,0.11029999703168869
667,0.3335000,0.19443719089031219,0.1111999973654747
668,0.3340000,0.19275988638401031,0.11209999769926071
669,0.3345000,0.19105608761310577,0.11299999803304672
670,0.3350000,0.18934424221515656,0.11389999836683273
671,0.3355000,0.18763838708400726,0.11479999870061874
672,0.3360000,0.18594503402709961,0.11569999903440475
673,0.3365000,0.18427187204360962,0.11659999936819077
674,0.3370000,0.18262840807437897,0.11739999800920486
675,0.3375000,0.18101805448532104,0.11829999834299088
676,0.3380000,0.17944550514221191,0.11909999698400497
677,0.3385000,0.17791779339313507,0.11990000307559967
678,0.3390000,0.17644143104553223,0.12060000002384186
679,0.3395000,0.17502346634864807,0.12129999697208405
680,0.3400000,0.17366260290145874,0.12200000137090683
681,0.3405000,0.17235267162322998,0.12259999662637711
682,0.3410000,0.17109443247318268,0.12309999763965607
683,0.3415000,0.16988798975944519,0.12359999865293503
684,0.3420000,0.1687355637550354,0.12409999966621399
685,0.3425000,0.16764324903488159,0.12449999898672104
686,0.3430000,0.16661332547664642,0.12489999830722809
687,0.3435000,0.16565068066120148,0.12520000338554382
688,0.3440000,0.16476024687290192,0.12549999356269836
689,0.3445000,0.16394241154193878,0.12569999694824219
690,0.3450000,0.1631939560174942,0.12590000033378601
691,0.3455000,0.16250783205032349,0.12600000202655792
692,0.3460000,0.16188140213489532,0.12610000371932983
693,0.3465000,0.16131660342216492,0.12610000371932983
694,0.3470000,0.16081713140010834,0.12610000371932983
695,0.3475000,0.16038781404495239,0.12610000371932983
696,0.3480000,0.16003023087978363,0.12600000202655792
697,0.3485000,0.15973778069019318,0.12590000033378601
698,0.3490000,0.15949690341949463,0.1257999986410141
699,0.3495000,0.15930218994617462,0.12559999525547028
700,0.3500000,0.15915560722351074,0.12540000677108765
701,0.3505000,0.15905627608299255,0.12520000338554382
702,0.3510000,0.15900050103664398,0.125
703,0.3515000,0.15898314118385315,0.12470000237226486
704,0.3520000,0.15899670124053955,0.12439999729394913
705,0.3525000,0.15902708470821381,0.1242000013589859
706,0.3530000,0.15906015038490295,0.12389999628067017
707,0.3535000,0.15909139811992645,0.12359999865293503
708,0.3540000,0.15912207961082458,0.12330000102519989
709,0.3545000,0.15915100276470184,0.12300000339746475
710,0.3550000,0.15917544066905975,0.12269999831914902
711,0.3555000,0.15919722616672516,0.12250000238418579
712,0.3560000,0.15921404957771301,0.12219999730587006
713,0.3565000,0.15920932590961456,0.12189999967813492
714,0.3570000,0.15916769206523895,0.12169999629259109
715,0.3575000,0.15909065306186676,0.12150000035762787
716,0.3580000,0.15898406505584717,0.12129999697208405
717,0.3585000,0.15884774923324585,0.12110000103712082
718,0.3590000,0.15868031978607178,0.120899997651577
719,0.3595000,0.15848702192306519,0.12080000340938568
720,0.3600000,0.15826599299907684,0.12060000002384186
721,0.3605000,0.15799957513809204,0.12049999833106995
722,0.3610000,0.15767908096313477,0.12049999833106995
723,0.3615000,0.1573050320148468,0.12039999663829803
724,0.3620000,0.15688048303127289,0.12039999663829803
725,0.3625000,0.15641285479068756,0.12039999663829803
726,0.3630000,0.15590681135654449,0.12039999663829803
727,0.3635000,0.15536834299564362,0.12049999833106995
728,0.3640000,0.15480825304985046,0.12060000002384186
729,0.3645000,0.15423095226287842,0.12070000171661377
730,0.3650000,0.15362922847270966,0.120899997651577
731,0.3655000,0.15299631655216217,0.12110000103712082
732,0.3660000,0.1523326188325882,0.12129999697208405
733,0.3665000,0.15164697170257568,0.12150000035762787
734,0.3670000,0.15094894170761108,0.12179999798536301
735,0.3675000,0.15024097263813019,0.12210000306367874
736,0.3680000,0.14952266216278076,0.12240000069141388
737,0.3685000,0.1487882137298584,0.12280000001192093
738,0.3690000,0.14803321659564972,0.12309999763965607
739,0.3695000,0.14726191759109497,0.12349999696016312
740,0.3700000,0.14648406207561493,0.12389999628067017
741,0.3705000,0.14571082592010498,0.12430000305175781
742,0.3710000,0.14494551718235016,0.12479999661445618
743,0.3715000,0.14418710768222809,0.12520000338554382
744,0.3720000,0.1434406042098999,0.12569999694824219
745,0.3725000,0.14270816743373871,0.12620000541210175
746,0.3730000,0.14198364317417145,0.12669999897480011
747,0.3735000,0.1412675529718399,0.12720000743865967
748,0.3740000,0.1405719667673111,0.12770000100135803
749,0.3745000,0.13990822434425354,0.1281999945640564
750,0.3750000,0.13927754759788513,0.12870000302791595
751,0.3755000,0.13867795467376709,0.12919999659061432
752,0.3760000,0.13811028003692627,0.12960000336170197
753,0.3765000,0.13756999373435974,0.13009999692440033
754,0.3770000,0.13704802095890045,0.13060000538825989
755,0.3775000,0.13654163479804993,0.13109999895095825
756,0.3780000,0.13605871796607971,0.1315000057220459
757,0.3785000,0.13560976088047028,0.13199999928474426
758,0.3790000,0.13519151508808136,0.13240000605583191
759,0.3795000,0.13479220867156982,0.13279999792575836
760,0.3800000,0.13442453742027283,0.13320000469684601
761,0.3805000,0.13411159813404083,0.13359999656677246
762,0.3810000,0.13385063409805298,0.13400000333786011
763,0.3815000,0.13363666832447052,0.13429999351501465
764,0.3820000,0.1334746778011322,0.13459999859333038
765,0.3825000,0.13336393237113953,0.13490000367164612
766,0.3830000,0.13329814374446869,0.13519999384880066
767,0.3835000,0.13326852023601532,0.13539999723434448
768,0.3840000,0.13326834142208099,0.13560000061988831
769,0.3845000,0.13328742980957031,0.13580000400543213
770,0.3850000,0.13331234455108643,0.13600000739097595
771,0.3855000,0.13334088027477264,0.13619999587535858
772,0.3860000,0.13337415456771851,0.13629999756813049
773,0.3865000,0.13340668380260468,0.1363999992609024
774,0.3870000,0.13343596458435059,0.13650000095367432
775,0.3875000,0.13346153497695923,0.13660000264644623
776,0.3880000,0.13348087668418884,0.13670000433921814
777,0.3885000,0.13349369168281555,0.13670000433921814
778,0.3890000,0.13349997997283936,0.13670000433921814
779,0.3895000,0.13350319862365723,0.13670000433921814
780,0.3900000,0.13351024687290192,0.13670000433921814
781,0.3905000,0.13351809978485107,0.13670000433921814
782,0.3910000,0.13351774215698242,0.13670000433921814
783,0.3915000,0.13350696861743927,0.13670000433921814
784,0.3920000,0.13348644971847534,0.13670000433921814
785,0.3925000,0.13345499336719513,0.13670000433921814
786,0.3930000,0.13341227173805237,0.13670000433921814
787,0.3935000,0.13335901498794556,0.13670000433921814
788,0.3940000,0.13329669833183289,0.13670000433921814
789,0.3945000,0.13322672247886658,0.13670000433921814
790,0.3950000,0.13314712047576904,0.13670000433921814
791,0.3955000,0.13305611908435822,0.13680000603199005
792,0.3960000,0.13295871019363403,0.13680000603199005
793,0.3965000,0.13286022841930389,0.13689999282360077
794,0.3970000,0.1327623724937439,0.13699999451637268
795,0.3975000,0.13266637921333313,0.1371999979019165
796,0.3980000,0.13257116079330444,0.13729999959468842
797,0.3985000,0.13247814774513245,0.13750000298023224
798,0.3990000,0.13239125907421112,0.13779999315738678
799,0.3995000,0.13231490552425385,0.1379999965429306
800,0.4000000,0.13226029276847839,0.13840000331401825
801,0.4005000,0.13223114609718323,0.13869999349117279
802,0.4010000,0.13222090899944305,0.13910000026226044
803,0.4015000,0.13222697377204895,0.1395999938249588
804,0.4020000,0.13224777579307556,0.14010000228881836
805,0.4025000,0.13228324055671692,0.14059999585151672
806,0.4030000,0.13233655691146851,0.14120000600814819
807,0.4035000,0.13241058588027954,0.14180000126361847
808,0.4040000,0.13250640034675598,0.14249999821186066
809,0.4045000,0.13262245059013367,0.14329999685287476
810,0.4050000,0.13275706768035889,0.14409999549388885
811,0.4055000,0.13290753960609436,0.14499999582767487
812,0.4060000,0.13307091593742371,0.14589999616146088
813,0.4065000,0.13324792683124542,0.1468999981880188
814,0.4070000,0.13343903422355652,0.14790000021457672
815,0.4075000,0.13364797830581665,0.14900000393390656
816,0.4080000,0.13387356698513031,0.1500999927520752
817,0.4085000,0.1341070830821991,0.15129999816417694
818,0.4090000,0.13434472680091858,0.15250000357627869
819,0.4095000,0.13458238542079926,0.15379999577999115
820,0.4100000,0.1348205953836441,0.15520000457763672
821,0.4105000,0.13506066799163818,0.15659999847412109
822,0.4110000,0.13529625535011292,0.15800000727176666
823,0.4115000,0.1355302482843399,0.15950000286102295
824,0.4120000,0.13578315079212189,0.16099999845027924
825,0.4125000,0.1360752284526825,0.16259999573230743
826,0.4130000,0.13640925288200378,0.16419999301433563
827,0.4135000,0.13677780330181122,0.16580000519752502
828,0.4140000,0.13717678189277649,0.16750000417232513
829,0.4145000,0.13760861754417419,0.16920000314712524
830,0.4150000,0.1380767822265625,0.17090000212192535
831,0.4155000,0.13858379423618317,0.17260000109672546
832,0.4160000,0.1391388326883316,0.17440000176429749
833,0.4165000,0.13975308835506439,0.17620000243186951
834,0.4170000,0.14042380452156067,0.17800000309944153
835,0.4175000,0.14113953709602356,0.17980000376701355
836,0.4180000,0.14189282059669495,0.18170000612735748
837,0.4185000,0.14268051087856293,0.1835000067949295
838,0.4190000,0.14350192248821259,0.18539999425411224
839,0.4195000,0.14435997605323792,0.18729999661445618
840,0.4200000,0.14526227116584778,0.18919999897480011
841,0.4205000,0.14621187746524811,0.19099999964237213
842,0.4210000,0.14720132946968079,0.19290000200271606
843,0.4215000,0.14822135865688324,0.19480000436306
844,0.4220000,0.14926615357398987,0.19670000672340393
845,0.4225000,0.15033160150051117,0.19850000739097595
846,0.4230000,0.15141433477401733,0.20039999485015869
847,0.4235000,0.1525140106678009,0.20229999721050262
848,0.4240000,0.15363244712352753,0.20409999787807465
849,0.4245000,0.15476855635643005,0.20600000023841858
850,0.4250000,0.1559235155582428,0.2078000009059906
851,0.4255000,0.15709765255451202,0.20960000157356262
852,0.4260000,0.15828265249729156,0.21140000224113464
853,0.4265000,0.15947219729423523,0.21330000460147858
854,0.4270000,0.16066387295722961,0.2151000052690506
855,0.4275000,0.16185757517814636,0.21680000424385071
856,0.4280000,0.16305992007255554,0.21860000491142273
857,0.4285000,0.16427516937255859,0.22040000557899475
858,0.4290000,0.16550427675247192,0.22210000455379486
859,0.4295000,0.16674716770648956,0.22390000522136688
860,0.4300000,0.1680009514093399,0.22560000419616699
861,0.4305000,0.16926842927932739,0.22740000486373901
862,0.4310000,0.1705557107925415,0.22910000383853912
863,0.4315000,0.17186383903026581,0.23080000281333923
864,0.4320000,0.17319267988204956,0.23260000348091125
865,0.4325000,0.17454439401626587,0.23430000245571136
866,0.4330000,0.1759197860956192,0.23600000143051147
867,0.4335000,0.17731679975986481,0.23770000040531158
868,0.4340000,0.17873522639274597,0.23939999938011169
869,0.4345000,0.18017306923866272,0.24120000004768372
870,0.4350000,0.18162336945533752,0.24289999902248383
871,0.4355000,0.183083176612854,0.24459999799728394
872,0.4360000,0.18455769121646881,0.24639999866485596
873,0.4365000,0.18605634570121765,0.24809999763965607
874,0.4370000,0.18758024275302887,0.24989999830722809
875,0.4375000,0.18912343680858612,0.2517000138759613
876,0.4380000,0.19068881869316101,0.25339999794960022
877,0.4385000,0.19227896630764008,0.25529998540878296
878,0.4390000,0.19388510286808014,0.25709998607635498
879,0.4395000,0.19550344347953796,0.258899986743927
880,0.4400000,0.19715161621570587,0.26080000400543213
881,0.4405000,0.19885458052158356,0.26269999146461487
882,0.4410000,0.20062187314033508,0.26460000872612
883,0.4415000,0.20244929194450378,0.26660001277923584
884,0.4420000,0.20433016121387482,0.26850000023841858
885,0.4425000,0.20625908672809601,0.27050000429153442
886,0.4430000,0.20823198556900024,0.27259999513626099
887,0.4435000,0.2102530300617218,0.27459999918937683
888,0.4440000,0.21233102679252625,0.27669999003410339
889,0.4445000,0.21447044610977173,0.27889999747276306
890,0.4450000,0.21667544543743134,0.28099998831748962
891,0.4455000,0.21895153820514679,0.28319999575614929
892,0.4460000,0.22129738330841064,0.28540000319480896
893,0.4465000,0.2237006276845932,0.28769999742507935
894,0.4470000,0.2261488288640976,0.28999999165534973
895,0.4475000,0.22864420711994171,0.29240000247955322
896,0.4480000,0.23120078444480896,0.29469999670982361
897,0.4485000,0.2338273823261261,0.2971000075340271
898,0.4490000,0.23652523756027222,0.29960000514984131
899,0.4495000,0.23929141461849213,0.30210000276565552
900,0.4500000,0.24211740493774414,0.30460000038146973
901,0.4505000,0.24499356746673584,0.30720001459121704
902,0.4510000,0.24791193008422852,0.30979999899864197
903,0.4515000,0.25086933374404907,0.31240001320838928
904,0.4520000,0.25386232137680054,0.31510001420974731
905,0.4525000,0.25688427686691284,0.31779998540878296
906,0.4530000,0.25992974638938904,0.32049998641014099
907,0.4535000,0.26298943161964417,0.32330000400543213
908,0.4540000,0.26605433225631714,0.32609999179840088
909,0.4545000,0.26911473274230957,0.32899999618530273
910,0.4550000,0.27215957641601562,0.33190000057220459
911,0.4555000,0.27519088983535767,0.33480000495910645
912,0.4560000,0.27823185920715332,0.33779999613761902
913,0.4565000,0.28131300210952759,0.34079998731613159
914,0.4570000,0.28444534540176392,0.34389999508857727
915,0.4575000,0.28762537240982056,0.34700000286102295
916,0.4580000,0.29085326194763184,0.35010001063346863
917,0.4585000,0.2941228449344635,0.35330000519752502
918,0.4590000,0.29742398858070374,0.35649999976158142
919,0.4595000,0.30075544118881226,0.35969999432563782
920,0.4600000,0.30410432815551758,0.36300000548362732
921,0.4605000,0.30744311213493347,0.36629998683929443
922,0.4610000,0.31076151132583618,0.36970001459121704
923,0.4615000,0.3140677809715271,0.37299999594688416
924,0.4620000,0.31736057996749878,0.37650001049041748
925,0.4625000,0.32062962651252747,0.3799000084400177
926,0.4630000,0.32387819886207581,0.38339999318122864
927,0.4635000,0.32711377739906311,0.38690000772476196
928,0.4640000,0.33033564686775208,0.3903999924659729
929,0.4645000,0.33353826403617859,0.39399999380111694
930,0.4650000,0.3367120623588562,0.39759999513626099
931,0.4655000,0.33985406160354614,0.40119999647140503
932,0.4660000,0.34296408295631409,0.40490001440048218
933,0.4665000,0.34603318572044373,0.40860000252723694
934,0.4670000,0.34905499219894409,0.41220000386238098
935,0.4675000,0.35203796625137329,0.41600000858306885
936,0.4680000,0.35499432682991028,0.41969999670982361
937,0.4685000,0.35791745781898499,0.42340001463890076
938,0.4690000,0.36079517006874084,0.42719998955726624
939,0.4695000,0.36362692713737488,0.4309999942779541
940,0.4700000,0.3664168119430542,0.43479999899864197
941,0.4705000,0.36916646361351013,0.43860000371932983
942,0.4710000,0.37186926603317261,0.4424000084400177
943,0.4715000,0.37452647089958191,0.44620001316070557
944,0.4720000,0.37714913487434387,0.44999998807907104
945,0.4725000,0.37973672151565552,0.45379999279975891
946,0.4730000,0.3822796642780304,0.45759999752044678
947,0.4735000,0.3847787082195282,0.46149998903274536
948,0.4740000,0.3872469961643219,0.46529999375343323
949,0.4745000,0.38969269394874573,0.46909999847412109
950,0.4750000,0.39211294054985046,0.47290000319480896
951,0.4755000,0.39450913667678833,0.47659999132156372
952,0.4760000,0.39688262343406677,0.48039999604225159
953,0.4765000,0.39922967553138733,0.48420000076293945
954,0.4770000,0.40156164765357971,0.48789998888969421
955,0.4775000,0.40388777852058411,0.49160000681877136
956,0.4780000,0.40620249509811401,0.49529999494552612
957,0.4785000,0.40850788354873657,0.49900001287460327
958,0.4790000,0.41081199049949646,0.50260001420974731
959,0.4795000,0.41311874985694885,0.50620001554489136
960,0.4800000,0.41542282700538635,0.5098000168800354
961,0.4805000,0.41771796345710754,0.51330000162124634
962,0.4810000,0.42001068592071533,0.51679998636245728
963,0.4815000,0.4223048985004425,0.52029997110366821
964,0.4820000,0.4245963990688324,0.52369999885559082
965,0.4825000,0.42688971757888794,0.52710002660751343
966,0.4830000,0.42918908596038818,0.53039997816085815
967,0.4835000,0.43149176239967346,0.53369998931884766
968,0.4840000,0.43378940224647522,0.53700000047683716
969,0.4845000,0.43607139587402344,0.54009997844696045
970,0.4850000,0.43834301829338074,0.54329997301101685
971,0.4855000,0.44061177968978882,0.54629999399185181
972,0.4860000,0.44287049770355225,0.5493999719619751
973,0.4865000,0.44511723518371582,0.55229997634887695
974,0.4870000,0.44736009836196899,0.55519998073577881
975,0.4875000,0.44960540533065796,0.55800002813339233
976,0.4880000,0.45184046030044556,0.56069999933242798
977,0.4885000,0.45403456687927246,0.56339997053146362
978,0.4890000,0.45617404580116272,0.56599998474121094
979,0.4895000,0.45826148986816406,0.56849998235702515
980,0.4900000,0.46029937267303467,0.57099997997283936
981,0.4905000,0.46229162812232971,0.57340002059936523
982,0.4910000,0.46424189209938049,0.57569998502731323
983,0.4915000,0.46615234017372131,0.5778999924659729
984,0.4920000,0.46801531314849854,0.57999998331069946
985,0.4925000,0.46981385350227356,0.58209997415542603
986,0.4930000,0.47154191136360168,0.58399999141693115
987,0.4935000,0.47320935130119324,0.58590000867843628
988,0.4940000,0.47482258081436157,0.5877000093460083
989,0.4945000,0.47637906670570374,0.58939999341964722
990,0.4950000,0.47787660360336304,0.5910000205039978
991,0.4955000,0.47931849956512451,0.59259998798370361
992,0.4960000,0.48071327805519104,0.59399998188018799
993,0.4965000,0.48205885291099548,0.59530001878738403
994,0.4970000,0.48334389925003052,0.5965999960899353
995,0.4975000,0.48456713557243347,0.59780001640319824
996,0.4980000,0.4857388436794281,0.59880000352859497
997,0.4985000,0.48686155676841736,0.5997999906539917
998,0.4990000,0.48792630434036255,0.60060000419616699
999,0.4995000,0.48893505334854126,0.60140001773834229
1000,0.5000000,0.48990079760551453,0.60210001468658447
1001,0.5005000,0.49083271622657776,0.60269999504089355
1002,0.5010000,0.49173432588577271,0.6031000018119812
1003,0.5015000,0.49260112643241882,0.60350000858306885
1004,0.5020000,0.49343162775039673,0.60369998216629028
1005,0.5025000,0.49423348903656006,0.60390001535415649
1006,0.5030000,0.49500581622123718,0.60390001535415649
1007,0.5035000,0.49574244022369385,0.60390001535415649
1008,0.5040000,0.4964277446269989,0.60369998216629028
1009,0.5045000,0.49703654646873474,0.60339999198913574
1010,0.5050000,0.49756240844726562,0.60290002822875977
1011,0.5055000,0.49801298975944519,0.60240000486373901
1012,0.5060000,0.49840041995048523,0.60170000791549683
1013,0.5065000,0.49873805046081543,0.60089999437332153
1014,0.5070000,0.49902555346488953,0.5999000072479248
1015,0.5075000,0.49925753474235535,0.59890002012252808
1016,0.5080000,0.49944078922271729,0.59759998321533203
1017,0.5085000,0.49958807229995728,0.59630000591278076
1018,0.5090000,0.49970933794975281,0.59469997882843018
1019,0.5095000,0.49981030821800232,0.59310001134872437
1020,0.5100000,0.49989044666290283,0.59119999408721924
1021,0.5105000,0.49994993209838867,0.58920001983642578
1022,0.5110000,0.4999910295009613,0.58710002899169922
1023,0.5115000,0.50001835823059082,0.58469998836517334
1024,0.5120000,0.5000455379486084,0.58219999074935913
1025,0.5125000,0.50008803606033325,0.57950001955032349
1026,0.5130000,0.50015580654144287,0.57660001516342163
1027,0.5135000,0.50024449825286865,0.57349997758865356
1028,0.5140000,0.50034189224243164,0.57020002603530884
1029,0.5145000,0.50044792890548706,0.56669998168945312
1030,0.5150000,0.50056540966033936,0.56300002336502075
1031,0.5155000,0.50068867206573486,0.55909997224807739
1032,0.5160000,0.50080442428588867,0.55500000715255737
1033,0.5165000,0.50090128183364868,0.55059999227523804
1034,0.5170000,0.50097721815109253,0.54610002040863037
1035,0.5175000,0.50102442502975464,0.54129999876022339
1036,0.5180000,0.50102913379669189,0.53619998693466187
1037,0.5185000,0.50098198652267456,0.53100001811981201
1038,0.5190000,0.50087893009185791,0.52549999952316284
1039,0.5195000,0.50071573257446289,0.51969999074935913
1040,0.5200000,0.50047981739044189,0.51370000839233398
1041,0.5205000,0.50015759468078613,0.50749999284744263
1042,0.5210000,0.49974557757377625,0.50099998712539673
1043,0.5215000,0.4992440938949585,0.49430000782012939
1044,0.5220000,0.49864214658737183,0.48730000853538513
1045,0.5225000,0.49791926145553589,0.48010000586509705
1046,0.5230000,0.49706375598907471,0.47260001301765442
1047,0.5235000,0.49607118964195251,0.46480000019073486
1048,0.5240000,0.49493616819381714,0.45680001378059387
1049,0.5245000,0.49365413188934326,0.44859999418258667
1050,0.5250000,0.49221354722976685,0.44010001420974731
1051,0.5255000,0.49060633778572083,0.43130001425743103
1052,0.5260000,0.48883265256881714,0.42230001091957092
1053,0.5265000,0.48688703775405884,0.41310000419616699
1054,0.5270000,0.48476770520210266,0.40360000729560852
1055,0.5275000,0.48247507214546204,0.39390000700950623
1056,0.5280000,0.47999867796897888,0.383899986743927
1057,0.5285000,0.47732684016227722,0.37369999289512634
1058,0.5290000,0.47445881366729736,0.36320000886917114
1059,0.5295000,0.47138658165931702,0.35249999165534973
1060,0.5300000,0.46809667348861694,0.34160000085830688
1061,0.5305000,0.46459731459617615,0.33050000667572021
1062,0.5310000,0.46090248227119446,0.31909999251365662
1063,0.5315000,0.45700952410697937,0.30750000476837158
1064,0.5320000,0.45291492342948914,0.29580000042915344
1065,0.5325000,0.44863060116767883,0.28380000591278076
1066,0.5330000,0.44417238235473633,0.27160000801086426
1067,0.5335000,0.43953639268875122,0.25920000672340393
1068,0.5340000,0.43470105528831482,0.24670000374317169
1069,0.5345000,0.42965734004974365,0.23399999737739563
1070,0.5350000,0.42442166805267334,0.22110000252723694
1071,0.5355000,0.41900202631950378,0.20800000429153442
1072,0.5360000,0.41339537501335144,0.19480000436306
1073,0.5365000,0.40762084722518921,0.18140000104904175
1074,0.5370000,0.40168869495391846,0.16789999604225159
1075,0.5375000,0.39558011293411255,0.15430000424385071
1076,0.5380000,0.38928321003913879,0.14049999415874481
1077,0.5385000,0.38280335068702698,0.12669999897480011
1078,0.5390000,0.37615963816642761,0.11270000040531158
1079,0.5395000,0.36937257647514343,0.098600000143051147
1080,0.5400000,0.36245602369308472,0.08449999988079071
1081,0.5405000,0.35543331503868103,0.070200003683567047
1082,0.5410000,0.34831801056861877,0.055900000035762787
1083,0.5415000,0.3410988450050354,0.041600000113248825
1084,0.5420000,0.33375909924507141,0.027200000360608101
1085,0.5425000,0.32629284262657166,0.012799999676644802
1086,0.5430000,0.31870850920677185,-0.0017000000225380063
1087,0.5435000,0.31101655960083008,-0.016200000420212746
1088,0.5440000,0.30322536826133728,-0.03060000017285347
1089,0.5445000,0.29534649848937988,-0.045099999755620956
1090,0.5450000,0.28739121556282043,-0.059599999338388443
1091,0.5455000,0.27936121821403503,-0.074000000953674316
1092,0.5460000,0.27124634385108948,-0.08829999715089798
1093,0.5465000,0.26303306221961975,-0.10270000249147415
1094,0.5470000,0.25473040342330933,-0.1168999969959259
1095,0.5475000,0.24635592103004456,-0.13109999895095825
1096,0.5480000,0.23790188133716583,-0.14519999921321869
1097,0.5485000,0.2293630838394165,-0.15929999947547913
1098,0.5490000,0.22074532508850098,-0.17319999635219574
1099,0.5495000,0.21204352378845215,-0.18700000643730164
1100,0.5500000,0.2032524049282074,-0.20059999823570251
1101,0.5505000,0.19437305629253387,-0.21420000493526459
1102,0.5510000,0.18540433049201965,-0.22759999334812164
1103,0.5515000,0.17633926868438721,-0.24079999327659607
1104,0.5520000,0.16717435419559479,-0.25389999151229858
1105,0.5525000,0.15791365504264832,-0.26679998636245728
1106,0.5530000,0.14855743944644928,-0.27950000762939453
1107,0.5535000,0.13910624384880066,-0.29210001230239868
1108,0.5540000,0.12956914305686951,-0.3043999969959259
1109,0.5545000,0.11995697021484375,-0.31659999489784241
1110,0.5550000,0.1102735847234726,-0.32850000262260437
1111,0.5555000,0.10052327066659927,-0.34020000696182251
1112,0.5560000,0.090714715421199799,-0.35170000791549683
1113,0.5565000,0.080842547118663788,-0.36300000548362732
1114,0.5570000,0.070903129875659943,-0.37400001287460327
1115,0.5575000,0.060912095010280609,-0.38479998707771301
1116,0.5580000,0.050877578556537628,-0.39539998769760132
1117,0.5585000,0.040791638195514679,-0.40569999814033508
1118,0.5590000,0.030653908848762512,-0.41569998860359192
1119,0.5595000,0.020475257188081741,-0.42550000548362732
1120,0.5600000,0.010263578966259956,-0.43500000238418579
1121,0.5605000,2.1599233150482178e-05,-0.44429999589920044
1122,0.5610000,-0.010252724401652813,-0.45329999923706055
1123,0.5615000,-0.020554793998599052,-0.46209999918937683
1124,0.5620000,-0.030870663002133369,-0.47060000896453857
1125,0.5625000,-0.041199676692485809,-0.47879999876022339
1126,0.5630000,-0.05154525488615036,-0.48669999837875366
1127,0.5635000,-0.061896264553070068,-0.49439999461174011
1128,0.5640000,-0.072240903973579407,-0.50180000066757202
1129,0.5645000,-0.082570083439350128,-0.50900000333786011
1130,0.5650000,-0.092873238027095795,-0.51590001583099365
1131,0.5655000,-0.10313607007265091,-0.52259999513626099
1132,0.5660000,-0.11334637552499771,-0.52899998426437378
1133,0.5665000,-0.12349844723939896,-0.53509998321533203
1134,0.5670000,-0.13359163701534271,-0.54100000858306885
1135,0.5675000,-0.14363053441047668,-0.54670000076293945
1136,0.5680000,-0.15360423922538757,-0.55210000276565552
1137,0.5685000,-0.16348841786384583,-0.55729997158050537
1138,0.5690000,-0.17327561974525452,-0.56230002641677856
1139,0.5695000,-0.18297405540943146,-0.56699997186660767
1140,0.5700000,-0.19258680939674377,-0.57150000333786011
1141,0.5705000,-0.20210728049278259,-0.57580000162124634
1142,0.5710000,-0.21152536571025848,-0.57999998331069946
1143,0.5715000,-0.22084386646747589,-0.58389997482299805
1144,0.5720000,-0.23006747663021088,-0.5875999927520752
1145,0.5725000,-0.23917509615421295,-0.59109997749328613
1146,0.5730000,-0.24814394116401672,-0.59450000524520874
1147,0.5735000,-0.25697124004364014,-0.59769999980926514
1148,0.5740000,-0.26565563678741455,-0.6007000207901001
1149,0.5745000,-0.27419212460517883,-0.60350000858306885
1150,0.5750000,-0.28257527947425842,-0.60619997978210449
1151,0.5755000,-0.29080694913864136,-0.60879999399185181
1152,0.5760000,-0.29890859127044678,-0.61119997501373291
1153,0.5765000,-0.30689412355422974,-0.61349999904632568
1154,0.5770000,-0.31475725769996643,-0.61570000648498535
1155,0.5775000,-0.32249540090560913,-0.61769998073577881
1156,0.5780000,-0.33010706305503845,-0.61959999799728394
1157,0.5785000,-0.33758649230003357,-0.62139999866485596
1158,0.5790000,-0.34492933750152588,-0.62309998273849487
1159,0.5795000,-0.35213720798492432,-0.62470000982284546
1160,0.5800000,-0.35921299457550049,-0.62629997730255127
1161,0.5805000,-0.3661503791809082,-0.62769997119903564
1162,0.5810000,-0.37294387817382812,-0.62900000810623169
1163,0.5815000,-0.37959152460098267,-0.63029998540878296
1164,0.5820000,-0.3860943615436554,-0.6315000057220459
1165,0.5825000,-0.39245519042015076,-0.63260000944137573
1166,0.5830000,-0.39867022633552551,-0.63370001316070557
1167,0.5835000,-0.40473854541778564,-0.63470000028610229
1168,0.5840000,-0.41066578030586243,-0.63569998741149902
1169,0.5845000,-0.41645514965057373,-0.63660001754760742
1170,0.5850000,-0.42211034893989563,-0.63739997148513794
1171,0.5855000,-0.42763376235961914,-0.63819998502731323
1172,0.5860000,-0.43302318453788757,-0.63899999856948853
1173,0.5865000,-0.43827793002128601,-0.63969999551773071
1174,0.5870000,-0.44339314103126526,-0.6403999924659729
1175,0.5875000,-0.44836175441741943,-0.64099997282028198
1176,0.5880000,-0.45318892598152161,-0.64170002937316895
1177,0.5885000,-0.4578859806060791,-0.64219999313354492
1178,0.5890000,-0.46245512366294861,-0.642799973487854
1179,0.5895000,-0.46688592433929443,-0.64329999685287476
1180,0.5900000,-0.47117072343826294,-0.64389997720718384
1181,0.5905000,-0.47531265020370483,-0.64429998397827148
1182,0.5910000,-0.47931316494941711,-0.64480000734329224
1183,0.5915000,-0.48317202925682068,-0.64529997110366821
1184,0.5920000,-0.48689025640487671,-0.64569997787475586
1185,0.5925000,-0.49047404527664185,-0.64609998464584351
1186,0.5930000,-0.49393001198768616,-0.64649999141693115
1187,0.5935000,-0.49725759029388428,-0.6468999981880188
1188,0.5940000,-0.50046372413635254,-0.64719998836517334
1189,0.5945000,-0.50356078147888184,-0.64759999513626099
1190,0.5950000,-0.50655257701873779,-0.64789998531341553
1191,0.5955000,-0.50944316387176514,-0.64819997549057007
1192,0.5960000,-0.5122455358505249,-0.64850002527236938
1193,0.5965000,-0.51497113704681396,-0.64880001544952393
1194,0.5970000,-0.51762425899505615,-0.64910000562667847
1195,0.5975000,-0.52020210027694702,-0.6492999792098999
1196,0.5980000,-0.52269351482391357,-0.64950001239776611
1197,0.5985000,-0.52509206533432007,-0.64969998598098755
1198,0.5990000,-0.52740144729614258,-0.64990001916885376
1199,0.5995000,-0.52962863445281982,-0.6500999927520752
1200,0.6000000,-0.53177964687347412,-0.6502000093460083
1201,0.6005000,-0.53385639190673828,-0.65030002593994141
1202,0.6010000,-0.5358651876449585,-0.65039998292922974
1203,0.6015000,-0.53780853748321533,-0.65039998292922974
1204,0.6020000,-0.53967690467834473,-0.65049999952316284
1205,0.6025000,-0.54147106409072876,-0.65049999952316284
1206,0.6030000,-0.5431978702545166,-0.65039998292922974
1207,0.6035000,-0.54485583305358887,-0.65039998292922974
1208,0.6040000,-0.54645323753356934,-0.6502000093460083
1209,0.6045000,-0.54800659418106079,-0.6500999927520752
1210,0.6050000,-0.54951894283294678,-0.64990001916885376
1211,0.6055000,-0.55098521709442139,-0.64969998598098755
1212,0.6060000,-0.55239737033843994,-0.64939999580383301
1213,0.6065000,-0.55374729633331299,-0.64910000562667847
1214,0.6070000,-0.55503779649734497,-0.64869999885559082
1215,0.6075000,-0.5562741756439209,-0.64829999208450317
1216,0.6080000,-0.55744606256484985,-0.6478000283241272
1217,0.6085000,-0.55853724479675293,-0.64730000495910645
1218,0.6090000,-0.55954122543334961,-0.64670002460479736
1219,0.6095000,-0.56045550107955933,-0.64600002765655518
1220,0.6100000,-0.56128394603729248,-0.64529997110366821
1221,0.6105000,-0.56203579902648926,-0.64459997415542603
1222,0.6110000,-0.56271457672119141,-0.6437000036239624
1223,0.6115000,-0.56331819295883179,-0.64289999008178711
1224,0.6120000,-0.56384569406509399,-0.64190000295639038
1225,0.6125000,-0.56430250406265259,-0.64090001583099365
1226,0.6130000,-0.564697265625,-0.63980001211166382
1227,0.6135000,-0.5650290846824646,-0.63870000839233398
1228,0.6140000,-0.56529229879379272,-0.63739997148513794
1229,0.6145000,-0.56548964977264404,-0.63620001077651978
1230,0.6150000,-0.56562572717666626,-0.6348000168800354
1231,0.6155000,-0.5657004714012146,-0.63340002298355103
1232,0.6160000,-0.56571727991104126,-0.63190001249313354
1233,0.6165000,-0.56568372249603271,-0.63040000200271606
1234,0.6170000,-0.56559991836547852,-0.62870001792907715
1235,0.6175000,-0.56545978784561157,-0.62699997425079346
1236,0.6180000,-0.56526458263397217,-0.62529999017715454
1237,0.6185000,-0.56502491235733032,-0.62339997291564941
1238,0.6190000,-0.5647469162940979,-0.62150001525878906
1239,0.6195000,-0.56443500518798828,-0.61959999799728394
1240,0.6200000,-0.56410455703735352,-0.61750000715255737
1241,0.6205000,-0.56376534700393677,-0.61540001630783081
1242,0.6210000,-0.5634111762046814,-0.61330002546310425
1243,0.6215000,-0.56303489208221436,-0.61100000143051147
1244,0.6220000,-0.56263422966003418,-0.6086999773979187
1245,0.6225000,-0.56221216917037964,-0.6064000129699707
1246,0.6230000,-0.56177031993865967,-0.60399997234344482
1247,0.6235000,-0.56130307912826538,-0.60149997472763062
1248,0.6240000,-0.56080466508865356,-0.59899997711181641
1249,0.6245000,-0.56027799844741821,-0.59640002250671387
1250,0.6250000,-0.55973213911056519,-0.59369999170303345
1251,0.6255000,-0.55917131900787354,-0.5910000205039978
1252,0.6260000,-0.55859339237213135,-0.58829998970031738
1253,0.6265000,-0.55799007415771484,-0.58550000190734863
1254,0.6270000,-0.55735772848129272,-0.58270001411437988
1255,0.6275000,-0.55670171976089478,-0.57980000972747803
1256,0.6280000,-0.55601656436920166,-0.57690000534057617
1257,0.6285000,-0.55528950691223145,-0.57389998435974121
1258,0.6290000,-0.55451798439025879,-0.57090002298355103
1259,0.6295000,-0.5537077784538269,-0.56790000200271606
1260,0.6300000,-0.55286437273025513,-0.56480002403259277
1261,0.6305000,-0.55198425054550171,-0.56180000305175781
1262,0.6310000,-0.55106484889984131,-0.55870002508163452
1263,0.6315000,-0.55010980367660522,-0.55549997091293335
1264,0.6320000,-0.54912841320037842,-0.55239999294281006
1265,0.6325000,-0.54814088344573975,-0.54919999837875366
1266,0.6330000,-0.54715865850448608,-0.54600000381469727
1267,0.6335000,-0.54617685079574585,-0.54280000925064087
1268,0.6340000,-0.54519611597061157,-0.53960001468658447
1269,0.6345000,-0.54421758651733398,-0.53640002012252808
1270,0.6350000,-0.54323405027389526,-0.53320002555847168
1271,0.6355000,-0.54223924875259399,-0.52999997138977051
1272,0.6360000,-0.54123866558074951,-0.52679997682571411
1273,0.6365000,-0.54025000333786011,-0.52359998226165771
1274,0.6370000,-0.53927057981491089,-0.52050000429153442
1275,0.6375000,-0.53828293085098267,-0.51730000972747803
1276,0.6380000,-0.53728604316711426,-0.51410001516342163
1277,0.6385000,-0.53628754615783691,-0.51099997758865356
1278,0.6390000,-0.53528749942779541,-0.50779998302459717
1279,0.6395000,-0.53428018093109131,-0.50470000505447388
1280,0.6400000,-0.53327250480651855,-0.50160002708435059
1281,0.6405000,-0.53228175640106201,-0.49849998950958252
1282,0.6410000,-0.53131943941116333,-0.49549999833106995
1283,0.6415000,-0.5303950309753418,-0.49239999055862427
1284,0.6420000,-0.52950870990753174,-0.48939999938011169
1285,0.6425000,-0.52864658832550049,-0.48649999499320984
1286,0.6430000,-0.52779757976531982,-0.48350000381469727
1287,0.6435000,-0.52695775032043457,-0.48059999942779541
1288,0.6440000,-0.52610921859741211,-0.47769999504089355
1289,0.6445000,-0.52522188425064087,-0.4747999906539917
1290,0.6450000,-0.52427893877029419,-0.47200000286102295
1291,0.6455000,-0.52327924966812134,-0.46919998526573181
1292,0.6460000,-0.52222955226898193,-0.46639999747276306
1293,0.6465000,-0.52113121747970581,-0.46360000967979431
1294,0.6470000,-0.51998108625411987,-0.46090000867843628
1295,0.6475000,-0.51877856254577637,-0.45820000767707825
1296,0.6480000,-0.51751351356506348,-0.45550000667572021
1297,0.6485000,-0.51616811752319336,-0.4528999924659729
1298,0.6490000,-0.51473450660705566,-0.45030000805854797
1299,0.6495000,-0.51321446895599365,-0.44769999384880066
1300,0.6500000,-0.51161098480224609,-0.44510000944137573
1301,0.6505000,-0.50992900133132935,-0.44260001182556152
1302,0.6510000,-0.50817638635635376,-0.43999999761581421
1303,0.6515000,-0.50636088848114014,-0.4375
1304,0.6520000,-0.50448966026306152,-0.43509998917579651
1305,0.6525000,-0.50256747007369995,-0.4325999915599823
1306,0.6530000,-0.50059568881988525,-0.4302000105381012
1307,0.6535000,-0.49857601523399353,-0.42770001292228699
1308,0.6540000,-0.49650892615318298,-0.4253000020980835
1309,0.6545000,-0.49439349770545959,-0.42300000786781311
1310,0.6550000,-0.49223381280899048,-0.42059999704360962
1311,0.6555000,-0.49003931879997253,-0.41819998621940613
1312,0.6560000,-0.48780542612075806,-0.41589999198913574
1313,0.6565000,-0.48551857471466064,-0.41359999775886536
1314,0.6570000,-0.48318231105804443,-0.41119998693466187
1315,0.6575000,-0.48080587387084961,-0.40889999270439148
1316,0.6580000,-0.47838866710662842,-0.40659999847412109
1317,0.6585000,-0.47592803835868835,-0.40439999103546143
1318,0.6590000,-0.47342944145202637,-0.40209999680519104
1319,0.6595000,-0.47090628743171692,-0.39980000257492065
1320,0.6600000,-0.46837183833122253,-0.39759999513626099
1321,0.6605000,-0.46583595871925354,-0.39539998769760132
1322,0.6610000,-0.46330437064170837,-0.39320001006126404
1323,0.6615000,-0.46077662706375122,-0.39089998602867126
1324,0.6620000,-0.45825088024139404,-0.38870000839233398
1325,0.6625000,-0.45572662353515625,-0.38659998774528503
1326,0.6630000,-0.45320534706115723,-0.38440001010894775
1327,0.6635000,-0.45068913698196411,-0.38220000267028809
1328,0.6640000,-0.44818392395973206,-0.38010001182556152
1329,0.6645000,-0.44570076465606689,-0.37799999117851257
1330,0.6650000,-0.44324624538421631,-0.37590000033378601
1331,0.6655000,-0.44082289934158325,-0.37380000948905945
1332,0.6660000,-0.43843212723731995,-0.3716999888420105
1333,0.6665000,-0.43607118725776672,-0.36959999799728394
1334,0.6670000,-0.43373760581016541,-0.36759999394416809
1335,0.6675000,-0.43143355846405029,-0.36559998989105225
1336,0.6680000,-0.42916399240493774,-0.3635999858379364
1337,0.6685000,-0.42693266272544861,-0.36160001158714294
1338,0.6690000,-0.42474097013473511,-0.3596000075340271
1339,0.6695000,-0.42258629202842712,-0.35769999027252197
1340,0.6700000,-0.42046436667442322,-0.35580000281333923
1341,0.6705000,-0.41837209463119507,-0.35389998555183411
1342,0.6710000,-0.41630500555038452,-0.35199999809265137
1343,0.6715000,-0.41426262259483337,-0.35019999742507935
1344,0.6720000,-0.4122413694858551,-0.34839999675750732
1345,0.6725000,-0.41023370623588562,-0.3465999960899353
1346,0.6730000,-0.40824198722839355,-0.34479999542236328
1347,0.6735000,-0.40627160668373108,-0.34310001134872437
1348,0.6740000,-0.40431848168373108,-0.34139999747276306
1349,0.6745000,-0.40237316489219666,-0.33970001339912415
1350,0.6750000,-0.40043377876281738,-0.33809998631477356
1351,0.6755000,-0.39850664138793945,-0.33640000224113464
1352,0.6760000,-0.3965945839881897,-0.33480000495910645
1353,0.6765000,-0.39469844102859497,-0.33320000767707825
1354,0.6770000,-0.39282456040382385,-0.33160001039505005
1355,0.6775000,-0.39097714424133301,-0.33009999990463257
1356,0.6780000,-0.38915103673934937,-0.32859998941421509
1357,0.6785000,-0.3873363733291626,-0.32710000872612
1358,0.6790000,-0.38552919030189514,-0.32559999823570251
1359,0.6795000,-0.38373228907585144,-0.32409998774528503
1360,0.6800000,-0.38195618987083435,-0.32260000705718994
1361,0.6805000,-0.38021641969680786,-0.32120001316070557
1362,0.6810000,-0.37851947546005249,-0.31970000267028809
1363,0.6815000,-0.37686562538146973,-0.31830000877380371
1364,0.6820000,-0.37524950504302979,-0.31690001487731934
1365,0.6825000,-0.37365975975990295,-0.31549999117851257
1366,0.6830000,-0.3720928430557251,-0.3140999972820282
1367,0.6835000,-0.37055537104606628,-0.31270000338554382
1368,0.6840000,-0.36905965209007263,-0.31119999289512634
1369,0.6845000,-0.36761978268623352,-0.30979999899864197
1370,0.6850000,-0.36623993515968323,-0.30840000510215759
1371,0.6855000,-0.36491483449935913,-0.30700001120567322
1372,0.6860000,-0.36363556981086731,-0.30559998750686646
1373,0.6865000,-0.36239057779312134,-0.30419999361038208
1374,0.6870000,-0.36117571592330933,-0.30279999971389771
1375,0.6875000,-0.35999482870101929,-0.30140000581741333
1376,0.6880000,-0.35884556174278259,-0.29989999532699585
1377,0.6885000,-0.35771733522415161,-0.29850000143051147
1378,0.6890000,-0.35660076141357422,-0.29699999094009399
1379,0.6895000,-0.35548949241638184,-0.2955000102519989
1380,0.6900000,-0.35437655448913574,-0.29409998655319214
1381,0.6905000,-0.35325294733047485,-0.29260000586509705
1382,0.6910000,-0.35211890935897827,-0.29109999537467957
1383,0.6915000,-0.35098275542259216,-0.28960001468658447
1384,0.6920000,-0.34984278678894043,-0.28810000419616699
1385,0.6925000,-0.34869557619094849,-0.28650000691413879
1386,0.6930000,-0.34754481911659241,-0.28499999642372131
1387,0.6935000,-0.34639021754264832,-0.28349998593330383
1388,0.6940000,-0.34522980451583862,-0.28189998865127563
1389,0.6945000,-0.3440614640712738,-0.28040000796318054
1390,0.6950000,-0.3428795337677002,-0.27880001068115234
1391,0.6955000,-0.34168249368667603,-0.27720001339912415
1392,0.6960000,-0.34047123789787292,-0.27559998631477356
1393,0.6965000,-0.33924379944801331,-0.27410000562667847
1394,0.6970000,-0.3380005955696106,-0.27250000834465027
1395,0.6975000,-0.33674162626266479,-0.27090001106262207
1396,0.6980000,-0.3354632556438446,-0.26940000057220459
1397,0.6985000,-0.33416447043418884,-0.26780000329017639
1398,0.6990000,-0.33284932374954224,-0.26620000600814819
1399,0.6995000,-0.33152395486831665,-0.26469999551773071
1400,0.7000000,-0.33019426465034485,-0.26320001482963562
1401,0.7005000,-0.32886543869972229,-0.26159998774528503
1402,0.7010000,-0.32753679156303406,-0.26010000705718994
1403,0.7015000,-0.3262050449848175,-0.25859999656677246
1404,0.7020000,-0.32487136125564575,-0.25720000267028809
1405,0.7025000,-0.32353836297988892,-0.25569999217987061
1406,0.7030000,-0.32220709323883057,-0.25429999828338623
1407,0.7035000,-0.32087776064872742,-0.25290000438690186
1408,0.7040000,-0.31955701112747192,-0.25150001049041748
1409,0.7045000,-0.31825569272041321,-0.25020000338554382
1410,0.7050000,-0.3169785737991333,-0.24879999458789825
1411,0.7055000,-0.31572249531745911,-0.24750000238418579
1412,0.7060000,-0.31447881460189819,-0.24629999697208405
1413,0.7065000,-0.31324067711830139,-0.24500000476837158
1414,0.7070000,-0.31200957298278809,-0.24390000104904175
1415,0.7075000,-0.31079164147377014,-0.24269999563694
1416,0.7080000,-0.30958941578865051,-0.24160000681877136
1417,0.7085000,-0.30840075016021729,-0.24050000309944153
1418,0.7090000,-0.30722445249557495,-0.23939999938011169
1419,0.7095000,-0.30605944991111755,-0.23839999735355377
1420,0.7100000,-0.30490100383758545,-0.23739999532699585
1421,0.7105000,-0.30373996496200562,-0.23649999499320984
1422,0.7110000,-0.30256718397140503,-0.23559999465942383
1423,0.7115000,-0.30138400197029114,-0.23469999432563782
1424,0.7120000,-0.30019426345825195,-0.23389999568462372
1425,0.7125000,-0.29899019002914429,-0.23309999704360962
1426,0.7130000,-0.29776832461357117,-0.23229999840259552
1427,0.7135000,-0.29653418064117432,-0.23160000145435333
1428,0.7140000,-0.29528558254241943,-0.23090000450611115
1429,0.7145000,-0.29401645064353943,-0.23029999434947968
1430,0.7150000,-0.29272755980491638,-0.2296999990940094
1431,0.7155000,-0.29142671823501587,-0.22910000383853912
1432,0.7160000,-0.2901175320148468,-0.22849999368190765
1433,0.7165000,-0.28879687190055847,-0.22800000011920929
1434,0.7170000,-0.28746518492698669,-0.22750000655651093
1435,0.7175000,-0.28612515330314636,-0.22699999809265137
1436,0.7180000,-0.28477802872657776,-0.22660000622272491
1437,0.7185000,-0.28342357277870178,-0.22619999945163727
1438,0.7190000,-0.28205877542495728,-0.22579999268054962
1439,0.7195000,-0.28068050742149353,-0.22540000081062317
1440,0.7200000,-0.27928107976913452,-0.22509999573230743
1441,0.7205000,-0.27785465121269226,-0.22470000386238098
1442,0.7210000,-0.27640420198440552,-0.22439999878406525
1443,0.7215000,-0.27493089437484741,-0.22409999370574951
1444,0.7220000,-0.27343651652336121,-0.22380000352859497
1445,0.7225000,-0.27192369103431702,-0.22360000014305115
1446,0.7230000,-0.27039229869842529,-0.22329999506473541
1447,0.7235000,-0.26884400844573975,-0.22310000658035278
1448,0.7240000,-0.26728260517120361,-0.22280000150203705
1449,0.7245000,-0.2657124400138855,-0.22259999811649323
1450,0.7250000,-0.26413655281066895,-0.2223999947309494
1451,0.7255000,-0.26255378127098083,-0.22220000624656677
1452,0.7260000,-0.26096230745315552,-0.22200000286102295
1453,0.7265000,-0.25936675071716309,-0.22179999947547913
1454,0.7270000,-0.25777345895767212,-0.2215999960899353
1455,0.7275000,-0.25618535280227661,-0.22130000591278076
1456,0.7280000,-0.25459998846054077,-0.22110000252723694
1457,0.7285000,-0.25301167368888855,-0.22089999914169312
1458,0.7290000,-0.25142189860343933,-0.22069999575614929
1459,0.7295000,-0.24983538687229156,-0.22050000727176666
1460,0.7300000,-0.24825598299503326,-0.22030000388622284
1461,0.7305000,-0.24669000506401062,-0.2199999988079071
1462,0.7310000,-0.24514243006706238,-0.21979999542236328
1463,0.7315000,-0.24361430108547211,-0.21950000524520874
1464,0.7320000,-0.24210231006145477,-0.21920000016689301
1465,0.7325000,-0.24060499668121338,-0.21899999678134918
1466,0.7330000,-0.23912520706653595,-0.21870000660419464
1467,0.7335000,-0.23766626417636871,-0.21840000152587891
1468,0.7340000,-0.23623239994049072,-0.21799999475479126
1469,0.7345000,-0.23482470214366913,-0.21770000457763672
1470,0.7350000,-0.23344109952449799,-0.21729999780654907
1471,0.7355000,-0.2320786714553833,-0.21699999272823334
1472,0.7360000,-0.23073208332061768,-0.21660000085830688
1473,0.7365000,-0.22940096259117126,-0.21619999408721924
1474,0.7370000,-0.22808870673179626,-0.21580000221729279
1475,0.7375000,-0.22679810225963593,-0.21529999375343323
1476,0.7380000,-0.22553342580795288,-0.21490000188350677
1477,0.7385000,-0.22429506480693817,-0.21439999341964722
1478,0.7390000,-0.22308151423931122,-0.21389999985694885
1479,0.7395000,-0.22189253568649292,-0.21340000629425049
1480,0.7400000,-0.22073504328727722,-0.21289999783039093
1481,0.7405000,-0.21962474286556244,-0.21230000257492065
1482,0.7410000,-0.21856817603111267,-0.2117999941110611
1483,0.7415000,-0.21756474673748016,-0.21119999885559082
1484,0.7420000,-0.21661736071109772,-0.21060000360012054
1485,0.7425000,-0.21572081744670868,-0.20999999344348907
1486,0.7430000,-0.21486687660217285,-0.2093999981880188
1487,0.7435000,-0.21405577659606934,-0.20870000123977661
1488,0.7440000,-0.21328809857368469,-0.20810000598430634
1489,0.7445000,-0.21256250143051147,-0.20739999413490295
1490,0.7450000,-0.21187710762023926,-0.20679999887943268
1491,0.7455000,-0.21123060584068298,-0.20610000193119049
1492,0.7460000,-0.21062338352203369,-0.2054000049829483
1493,0.7465000,-0.21005226671695709,-0.20469999313354492
1494,0.7470000,-0.20951169729232788,-0.20399999618530273
1495,0.7475000,-0.20899718999862671,-0.20329999923706055
1496,0.7480000,-0.20850348472595215,-0.20260000228881836
1497,0.7485000,-0.2080267071723938,-0.20190000534057617
1498,0.7490000,-0.20756492018699646,-0.20119999349117279
1499,0.7495000,-0.20711830258369446,-0.2004999965429306
1500,0.7500000,-0.20668625831604004,-0.19979999959468842
1501,0.7505000,-0.20626497268676758,-0.19920000433921814
1502,0.7510000,-0.20585279166698456,-0.19850000739097595
1503,0.7515000,-0.20544767379760742,-0.19779999554157257
1504,0.7520000,-0.20505028963088989,-0.19709999859333038
1505,0.7525000,-0.2046675831079483,-0.19650000333786011
1506,0.7530000,-0.20429913699626923,-0.19580000638961792
1507,0.7535000,-0.20394076406955719,-0.19509999454021454
1508,0.7540000,-0.20359356701374054,-0.19449999928474426
1509,0.7545000,-0.20325863361358643,-0.19390000402927399
1510,0.7550000,-0.20293480157852173,-0.19329999387264252
1511,0.7555000,-0.20261947810649872,-0.19269999861717224
1512,0.7560000,-0.20231436192989349,-0.19210000336170197
1513,0.7565000,-0.20202761888504028,-0.1914999932050705
1514,0.7570000,-0.20176485180854797,-0.19089999794960022
1515,0.7575000,-0.20152437686920166,-0.19040000438690186
1516,0.7580000,-0.20130442082881927,-0.18979999423027039
1517,0.7585000,-0.20110513269901276,-0.18930000066757202
1518,0.7590000,-0.2009224146604538,-0.18880000710487366
1519,0.7595000,-0.20075024664402008,-0.1882999986410141
1520,0.7600000,-0.2005777508020401,-0.18780000507831573
1521,0.7605000,-0.20039214193820953,-0.18739999830722809
1522,0.7610000,-0.20019136369228363,-0.18690000474452972
1523,0.7615000,-0.19997601211071014,-0.18649999797344208
1524,0.7620000,-0.19974441826343536,-0.18600000441074371
1525,0.7625000,-0.19949658215045929,-0.18559999763965607
1526,0.7630000,-0.1992325633764267,-0.18520000576972961
1527,0.7635000,-0.19895042479038239,-0.18479999899864197
1528,0.7640000,-0.19863694906234741,-0.18440000712871552
1529,0.7645000,-0.19827668368816376,-0.18400000035762787
1530,0.7650000,-0.19786885380744934,-0.18359999358654022
1531,0.7655000,-0.1974174827337265,-0.18330000340938568
1532,0.7660000,-0.19692754745483398,-0.18289999663829803
1533,0.7665000,-0.19640396535396576,-0.18260000646114349
1534,0.7670000,-0.19584794342517853,-0.18219999969005585
1535,0.7675000,-0.19525995850563049,-0.18189999461174011
1536,0.7680000,-0.19463822245597839,-0.18160000443458557
1537,0.7685000,-0.19398550689220428,-0.18119999766349792
1538,0.7690000,-0.19330552220344543,-0.18089999258518219
1539,0.7695000,-0.19259881973266602,-0.18060000240802765
1540,0.7700000,-0.19187082350254059,-0.18019999563694
1541,0.7705000,-0.19112537801265717,-0.17990000545978546
1542,0.7710000,-0.19036400318145752,-0.17960000038146973
1543,0.7715000,-0.18959251046180725,-0.17929999530315399
1544,0.7720000,-0.18881604075431824,-0.17900000512599945
1545,0.7725000,-0.18803699314594269,-0.1785999983549118
1546,0.7730000,-0.18725612759590149,-0.17829999327659607
1547,0.7735000,-0.18647310137748718,-0.17800000309944153
1548,0.7740000,-0.18569044768810272,-0.17759999632835388
1549,0.7745000,-0.18491059541702271,-0.17730000615119934
1550,0.7750000,-0.18413347005844116,-0.17700000107288361
1551,0.7755000,-0.18336044251918793,-0.17659999430179596
1552,0.7760000,-0.18258744478225708,-0.17630000412464142
1553,0.7765000,-0.18180400133132935,-0.17589999735355377
1554,0.7770000,-0.18100376427173615,-0.17550000548362732
1555,0.7775000,-0.1801866739988327,-0.17520000040531158
1556,0.7780000,-0.17935824394226074,-0.17479999363422394
1557,0.7785000,-0.17852471768856049,-0.17440000176429749
1558,0.7790000,-0.17768977582454681,-0.17399999499320984
1559,0.7795000,-0.17685776948928833,-0.17360000312328339
1560,0.7800000,-0.17603267729282379,-0.17319999635219574
1561,0.7805000,-0.17521509528160095,-0.17270000278949738
1562,0.7810000,-0.17440228164196014,-0.17229999601840973
1563,0.7815000,-0.17359356582164764,-0.17190000414848328
1564,0.7820000,-0.17279131710529327,-0.17139999568462372
1565,0.7825000,-0.17199715971946716,-0.17090000212192535
1566,0.7830000,-0.17121398448944092,-0.1703999936580658
1567,0.7835000,-0.17044398188591003,-0.16990000009536743
1568,0.7840000,-0.16968587040901184,-0.16940000653266907
1569,0.7845000,-0.16893909871578217,-0.1687999963760376
1570,0.7850000,-0.1682027280330658,-0.16830000281333923
1571,0.7855000,-0.16747637093067169,-0.16769999265670776
1572,0.7860000,-0.1667606383562088,-0.16709999740123749
1573,0.7865000,-0.16605304181575775,-0.16650000214576721
1574,0.7870000,-0.16535373032093048,-0.16590000689029694
1575,0.7875000,-0.16466575860977173,-0.16519999504089355
1576,0.7880000,-0.16398991644382477,-0.16449999809265137
1577,0.7885000,-0.16332848370075226,-0.16380000114440918
1578,0.7890000,-0.1626841127872467,-0.16310000419616699
1579,0.7895000,-0.16205400228500366,-0.1624000072479248
1580,0.7900000,-0.16143153607845306,-0.16159999370574951
1581,0.7905000,-0.16081385314464569,-0.16089999675750732
1582,0.7910000,-0.1602044552564621,-0.15999999642372131
1583,0.7915000,-0.15960605442523956,-0.15919999778270721
1584,0.7920000,-0.15901555120944977,-0.15839999914169312
1585,0.7925000,-0.15842999517917633,-0.1574999988079071
1586,0.7930000,-0.15785028040409088,-0.15659999847412109
1587,0.7935000,-0.15727581083774567,-0.15569999814033508
1588,0.7940000,-0.15670342743396759,-0.15479999780654907
1589,0.7945000,-0.15613022446632385,-0.15389999747276306
1590,0.7950000,-0.15555660426616669,-0.15289999544620514
1591,0.7955000,-0.154985710978508,-0.15199999511241913
1592,0.7960000,-0.1544109582901001,-0.15099999308586121
1593,0.7965000,-0.15381954610347748,-0.15000000596046448
1594,0.7970000,-0.15321008861064911,-0.14900000393390656
1595,0.7975000,-0.15258648991584778,-0.14800000190734863
1596,0.7980000,-0.15194825828075409,-0.14699999988079071
1597,0.7985000,-0.15129470825195312,-0.14599999785423279
1598,0.7990000,-0.15062744915485382,-0.14499999582767487
1599,0.7995000,-0.14994853734970093,-0.14399999380111694
1600,0.8000000,-0.14925603568553925,-0.14309999346733093
1601,0.8005000,-0.14854486286640167,-0.1421000063419342
1602,0.8010000,-0.14781387150287628,-0.14110000431537628
1603,0.8015000,-0.1470659077167511,-0.14010000228881836
1604,0.8020000,-0.14630167186260223,-0.13920000195503235
1605,0.8025000,-0.14552046358585358,-0.13830000162124634
1606,0.8030000,-0.14472544193267822,-0.13740000128746033
1607,0.8035000,-0.14392219483852386,-0.13650000095367432
1608,0.8040000,-0.14311636984348297,-0.13560000061988831
1609,0.8045000,-0.14231175184249878,-0.13480000197887421
1610,0.8050000,-0.14151078462600708,-0.13400000333786011
1611,0.8055000,-0.14071877300739288,-0.13320000469684601
1612,0.8060000,-0.13993749022483826,-0.13249999284744263
1613,0.8065000,-0.13916333019733429,-0.13179999589920044
1614,0.8070000,-0.13839715719223022,-0.13109999895095825
1615,0.8075000,-0.13764531910419464,-0.13050000369548798
1616,0.8080000,-0.13691015541553497,-0.12989999353885651
1617,0.8085000,-0.13618715107440948,-0.12929999828338623
1618,0.8090000,-0.13547517359256744,-0.12880000472068787
1619,0.8095000,-0.13477599620819092,-0.12829999625682831
1620,0.8100000,-0.13408738374710083,-0.12790000438690186
1621,0.8105000,-0.13340753316879272,-0.12749999761581421
1622,0.8110000,-0.13273769617080688,-0.12710000574588776
1623,0.8115000,-0.13208052515983582,-0.12669999897480011
1624,0.8120000,-0.13143602013587952,-0.12639999389648438
1625,0.8125000,-0.13079757988452911,-0.12610000371932983
1626,0.8130000,-0.13015928864479065,-0.12590000033378601
1627,0.8135000,-0.12951919436454773,-0.12559999525547028
1628,0.8140000,-0.12887553870677948,-0.12540000677108765
1629,0.8145000,-0.12822891771793365,-0.12520000338554382
1630,0.8150000,-0.12758040428161621,-0.12510000169277191
1631,0.8155000,-0.1269296407699585,-0.12489999830722809
1632,0.8160000,-0.12627609074115753,-0.12479999661445618
1633,0.8165000,-0.12561622262001038,-0.12470000237226486
1634,0.8170000,-0.12494748085737228,-0.12449999898672104
1635,0.8175000,-0.12427197396755219,-0.12439999729394913
1636,0.8180000,-0.12359122186899185,-0.12430000305175781
1637,0.8185000,-0.1229088306427002,-0.1242000013589859
1638,0.8190000,-0.12222558259963989,-0.12399999797344208
1639,0.8195000,-0.12153422087430954,-0.12389999628067017
1640,0.8200000,-0.12083959579467773,-0.12370000034570694
1641,0.8205000,-0.12015800178050995,-0.12349999696016312
1642,0.8210000,-0.11949446797370911,-0.12330000102519989
1643,0.8215000,-0.11884777247905731,-0.12309999763965607
1644,0.8220000,-0.11821814626455307,-0.12280000001192093
1645,0.8225000,-0.11760454624891281,-0.12259999662637711
1646,0.8230000,-0.11700460314750671,-0.12219999730587006
1647,0.8235000,-0.11641392856836319,-0.12189999967813492
1648,0.8240000,-0.11583250015974045,-0.12150000035762787
1649,0.8245000,-0.11526058614253998,-0.12099999934434891
1650,0.8250000,-0.11469477415084839,-0.12049999833106995
1651,0.8255000,-0.11413761228322983,-0.11999999731779099
1652,0.8260000,-0.11359113454818726,-0.11940000206232071
1653,0.8265000,-0.11305229365825653,-0.11879999935626984
1654,0.8270000,-0.11251746118068695,-0.11810000240802765
1655,0.8275000,-0.11198360472917557,-0.11739999800920486
1656,0.8280000,-0.11145292222499847,-0.11659999936819077
1657,0.8285000,-0.1109260767698288,-0.11569999903440475
1658,0.8290000,-0.11040066927671432,-0.11479999870061874
1659,0.8295000,-0.10987818241119385,-0.11389999836683273
1660,0.8300000,-0.10935898870229721,-0.11289999634027481
1661,0.8305000,-0.1088407039642334,-0.11180000007152557
1662,0.8310000,-0.10831905901432037,-0.11069999635219574
1663,0.8315000,-0.10778971016407013,-0.10949999839067459
1664,0.8320000,-0.10725653171539307,-0.10830000042915344
1665,0.8325000,-0.10672618448734283,-0.10700000077486038
1666,0.8330000,-0.10619980096817017,-0.10570000112056732
1667,0.8335000,-0.1056768000125885,-0.10440000146627426
1668,0.8340000,-0.10515487939119339,-0.10300000011920929
1669,0.8345000,-0.10463061183691025,-0.10149999707937241
1670,0.8350000,-0.1041012778878212,-0.10000000149011612
1671,0.8355000,-0.10356540232896805,-0.098499998450279236
1672,0.8360000,-0.10302340239286423,-0.097000002861022949
1673,0.8365000,-0.10247568041086197,-0.095399998128414154
1674,0.8370000,-0.10192254185676575,-0.093800000846385956
1675,0.8375000,-0.1013646200299263,-0.092200003564357758
1676,0.8380000,-0.10080061107873917,-0.090499997138977051
1677,0.8385000,-0.10022760182619095,-0.088899999856948853
1678,0.8390000,-0.099643319845199585,-0.087200000882148743
1679,0.8395000,-0.099046893417835236,-0.085500001907348633
1680,0.8400000,-0.098437890410423279,-0.083800002932548523
1681,0.8405000,-0.097814537584781647,-0.082099996507167816
1682,0.8410000,-0.097174793481826782,-0.080399997532367706
1683,0.8415000,-0.096519403159618378,-0.078699998557567596
1684,0.8420000,-0.09585050493478775,-0.076999999582767487
1685,0.8425000,-0.095167897641658783,-0.075300000607967377
1686,0.8430000,-0.094473779201507568,-0.073700003325939178
1687,0.8435000,-0.093771263957023621,-0.071999996900558472
1688,0.8440000,-0.093056894838809967,-0.070399999618530273
1689,0.8445000,-0.092326514422893524,-0.068800002336502075
1690,0.8450000,-0.091579817235469818,-0.06719999760389328
1691,0.8455000,-0.090819761157035828,-0.065700002014636993
1692,0.8460000,-0.090050213038921356,-0.064099997282028198
1693,0.8465000,-0.089268490672111511,-0.062600001692771912
1694,0.8470000,-0.088471323251724243,-0.06120000034570694
1695,0.8475000,-0.08765874058008194,-0.059799998998641968
1696,0.8480000,-0.086831316351890564,-0.058400001376867294
1697,0.8485000,-0.085993938148021698,-0.057000000029802322
1698,0.8490000,-0.085147850215435028,-0.055700000375509262
1699,0.8495000,-0.084292881190776825,-0.054400000721216202
1700,0.8500000,-0.08343350887298584,-0.053199999034404755
1701,0.8505000,-0.082567930221557617,-0.052000001072883606
1702,0.8510000,-0.081691138446331024,-0.05090000107884407
1703,0.8515000,-0.080803632736206055,-0.049800001084804535
1704,0.8520000,-0.079906485974788666,-0.048799999058246613
1705,0.8525000,-0.078999057412147522,-0.047800000756978989
1706,0.8530000,-0.078080922365188599,-0.046900000423192978
1707,0.8535000,-0.07715393602848053,-0.046000000089406967
1708,0.8540000,-0.07622150331735611,-0.045099999755620956
1709,0.8545000,-0.075282283127307892,-0.044300001114606857
1710,0.8550000,-0.074333041906356812,-0.043600000441074371
1711,0.8555000,-0.073374480009078979,-0.042899999767541885
1712,0.8560000,-0.072407200932502747,-0.042199999094009399
1713,0.8565000,-0.071429528295993805,-0.041600000113248825
1714,0.8570000,-0.070440016686916351,-0.041099999099969864
1715,0.8575000,-0.069438256323337555,-0.04050000011920929
1716,0.8580000,-0.068426631391048431,-0.04010000079870224
1717,0.8585000,-0.067408569157123566,-0.03970000147819519
1718,0.8590000,-0.066384151577949524,-0.039299998432397842
1719,0.8595000,-0.065353214740753174,-0.039000000804662704
1720,0.8600000,-0.064322724938392639,-0.038699999451637268
1721,0.8605000,-0.063303373754024506,-0.038499999791383743
1722,0.8610000,-0.062300033867359161,-0.038300000131130219
1723,0.8615000,-0.061310864984989166,-0.038100000470876694
1724,0.8620000,-0.060334332287311554,-0.037999998778104782
1725,0.8625000,-0.059372134506702423,-0.037900000810623169
1726,0.8630000,-0.058423224836587906,-0.037900000810623169
1727,0.8635000,-0.057486467063426971,-0.037900000810623169
1728,0.8640000,-0.05656781792640686,-0.037999998778104782
1729,0.8645000,-0.05567573755979538,-0.037999998778104782
1730,0.8650000,-0.054812736809253693,-0.038199998438358307
1731,0.8655000,-0.053975474089384079,-0.038300000131130219
1732,0.8660000,-0.053161825984716415,-0.038499999791383743
1733,0.8665000,-0.052371039986610413,-0.038699999451637268
1734,0.8670000,-0.051601119339466095,-0.038899999111890793
1735,0.8675000,-0.050851106643676758,-0.039200000464916229
1736,0.8680000,-0.050119981169700623,-0.039500001817941666
1737,0.8685000,-0.04940592497587204,-0.039799999445676804
1738,0.8690000,-0.048708353191614151,-0.04010000079870224
1739,0.8695000,-0.048027262091636658,-0.04050000011920929
1740,0.8700000,-0.047362405806779861,-0.040800001472234726
1741,0.8705000,-0.046712398529052734,-0.041200000792741776
1742,0.8710000,-0.046073619276285172,-0.041499998420476913
1743,0.8715000,-0.045443519949913025,-0.041900001466274261
1744,0.8720000,-0.044823266565799713,-0.042300000786781311
1745,0.8725000,-0.044214900583028793,-0.042700000107288361
1746,0.8730000,-0.043617688119411469,-0.043000001460313797
1747,0.8735000,-0.043028447777032852,-0.043400000780820847
1748,0.8740000,-0.042445935308933258,-0.043699998408555984
1749,0.8745000,-0.041870675981044769,-0.044100001454353333
1750,0.8750000,-0.041300997138023376,-0.04439999908208847
1751,0.8755000,-0.040734138339757919,-0.044700000435113907
1752,0.8760000,-0.040169388055801392,-0.044900000095367432
1753,0.8765000,-0.039608139544725418,-0.045099999755620956
1754,0.8770000,-0.039050377905368805,-0.045299999415874481
1755,0.8775000,-0.038493826985359192,-0.045499999076128006
1756,0.8780000,-0.037939019501209259,-0.045600000768899918
1757,0.8785000,-0.03738752007484436,-0.045699998736381531
1758,0.8790000,-0.036836419254541397,-0.045699998736381531
1759,0.8795000,-0.0362834632396698,-0.045699998736381531
1760,0.8800000,-0.035730727016925812,-0.045699998736381531
1761,0.8805000,-0.035181283950805664,-0.045499999076128006
1762,0.8810000,-0.034636657685041428,-0.045400001108646393
1763,0.8815000,-0.034095171838998795,-0.045099999755620956
1764,0.8820000,-0.033554833382368088,-0.04479999840259552
1765,0.8825000,-0.033016286790370941,-0.044500000774860382
1766,0.8830000,-0.03248017281293869,-0.044100001454353333
1767,0.8835000,-0.03194563090801239,-0.043600000441074371
1768,0.8840000,-0.031411238014698029,-0.04309999942779541
1769,0.8845000,-0.030876085162162781,-0.042500000447034836
1770,0.8850000,-0.030340475961565971,-0.041900001466274261
1771,0.8855000,-0.029806837439537048,-0.041200000792741776
1772,0.8860000,-0.029277477413415909,-0.040399998426437378
1773,0.8865000,-0.028750896453857422,-0.039599999785423279
1774,0.8870000,-0.028224216774106026,-0.038699999451637268
1775,0.8875000,-0.027697032317519188,-0.037700001150369644
1776,0.8880000,-0.027171952649950981,-0.036699999123811722
1777,0.8885000,-0.026650570333003998,-0.035700000822544098
1778,0.8890000,-0.026130508631467819,-0.034600000828504562
1779,0.8895000,-0.025610152631998062,-0.033399999141693115
1780,0.8900000,-0.025089304894208908,-0.03229999914765358
1781,0.8905000,-0.024565935134887695,-0.030999999493360519
1782,0.8910000,-0.024038253352046013,-0.029799999669194221
1783,0.8915000,-0.023505911231040955,-0.028400000184774399
1784,0.8920000,-0.022970868274569511,-0.027100000530481339
1785,0.8925000,-0.022436007857322693,-0.025800000876188278
1786,0.8930000,-0.021902533248066902,-0.024399999529123306
1787,0.8935000,-0.021369373425841331,-0.023000000044703484
1788,0.8940000,-0.020834870636463165,-0.021600000560283661
1789,0.8945000,-0.020298993214964867,-0.020099999383091927
1790,0.8950000,-0.019760685041546822,-0.018699999898672104
1791,0.8955000,-0.019219312816858292,-0.017300000414252281
1792,0.8960000,-0.018676243722438812,-0.015799999237060547
1793,0.8965000,-0.018132001161575317,-0.014399999752640724
1794,0.8970000,-0.01758686825633049,-0.013000000268220901
1795,0.8975000,-0.017040925100445747,-0.011599999852478504
1796,0.8980000,-0.016493510454893112,-0.010200000368058681
1797,0.8985000,-0.015943771228194237,-0.0088999997824430466
1798,0.8990000,-0.015391421504318714,-0.0074999998323619366
1799,0.8995000,-0.014837098307907581,-0.0062000001780688763
1800,0.9000000,-0.0142787154763937,-0.004999999888241291
1801,0.9005000,-0.013714123517274857,-0.0038000000640749931
1802,0.9010000,-0.013145728036761284,-0.0026000000070780516
1803,0.9015000,-0.012574302032589912,-0.001500000013038516
1804,0.9020000,-0.011998747475445271,-0.00039999998989515007
1805,0.9025000,-0.011420409195125103,0.000699999975040555
1806,0.9030000,-0.010840979404747486,0.0017000000225380063
1807,0.9035000,-0.01026298850774765,0.0026000000070780516
1808,0.9040000,-0.009687548503279686,0.0035000001080334187
1809,0.9045000,-0.009112444706261158,0.0043000001460313797
1810,0.9050000,-0.0085361730307340622,0.0051000001840293407
1811,0.9055000,-0.0079566901549696922,0.0057999999262392521
1812,0.9060000,-0.0073722805827856064,0.006399999838322401
1813,0.9065000,-0.0067846775054931641,0.0070000002160668373
1814,0.9070000,-0.0061966790817677975,0.0076000001281499863
1815,0.9075000,-0.0056099225766956806,0.0081000002101063728
1816,0.9080000,-0.0050251227803528309,0.008500000461935997
1817,0.9085000,-0.0044446676038205624,0.0088999997824430466
1818,0.9090000,-0.0038711340166628361,0.0092000002041459084
1819,0.9095000,-0.0033038882538676262,0.0094999996945261955
1820,0.9100000,-0.0027421135455369949,0.0097000002861022949
1821,0.9105000,-0.0021865644957870245,0.0098999999463558197
1822,0.9110000,-0.0016392318066209555,0.0099999997764825821
1823,0.9115000,-0.0011009906884282827,0.010099999606609344
1824,0.9120000,-0.00056637590751051903,0.010099999606609344
1825,0.9125000,-3.0896044336259365e-05,0.010200000368058681
1826,0.9130000,0.00050299195572733879,0.010200000368058681
1827,0.9135000,0.0010347022907808423,0.010099999606609344
1828,0.9140000,0.0015665801474824548,0.010099999606609344
1829,0.9145000,0.0020988972391933203,0.0099999997764825821
1830,0.9150000,0.0026295741554349661,0.0098999999463558197
1831,0.9155000,0.0031584245152771473,0.0098000001162290573
1832,0.9160000,0.0036910295020788908,0.0096000004559755325
1833,0.9165000,0.0042293723672628403,0.0094999996945261955
1834,0.9170000,0.0047690984793007374,0.0093999998643994331
1835,0.9175000,0.0053097656928002834,0.0093000000342726707
1836,0.9180000,0.005854328628629446,0.009100000374019146
1837,0.9185000,0.006402262020856142,0.008999999612569809
1838,0.9190000,0.0069499313831329346,0.0088999997824430466
1839,0.9195000,0.0074968487024307251,0.0087999999523162842
1840,0.9200000,0.0080477707087993622,0.0087999999523162842
1841,0.9205000,0.0086074564605951309,0.0087000001221895218
1842,0.9210000,0.0091754309833049774,0.0087000001221895218
1843,0.9215000,0.0097509399056434631,0.0087999999523162842
1844,0.9220000,0.010336775332689285,0.0087999999523162842
1845,0.9225000,0.010932024568319321,0.0088999997824430466
1846,0.9230000,0.011531325057148933,0.008999999612569809
1847,0.9235000,0.012132750824093819,0.0092000002041459084
1848,0.9240000,0.012738694436848164,0.0093999998643994331
1849,0.9245000,0.013349266722798347,0.0096000004559755325
1850,0.9250000,0.013960767537355423,0.0098999999463558197
1851,0.9255000,0.014574510976672173,0.010300000198185444
1852,0.9260000,0.015196093358099461,0.010599999688565731
1853,0.9265000,0.01582631841301918,0.011099999770522118
1854,0.9270000,0.01646123081445694,0.011599999852478504
1855,0.9275000,0.017096489667892456,0.012099999934434891
1856,0.9280000,0.017729442566633224,0.01269999984651804
1857,0.9285000,0.018355969339609146,0.013299999758601189
1858,0.9290000,0.018971167504787445,0.014000000432133675
1859,0.9295000,0.01957748644053936,0.014700000174343586
1860,0.9300000,0.020181633532047272,0.01549999974668026
1861,0.9305000,0.020784219726920128,0.016300000250339508
1862,0.9310000,0.021382598206400871,0.017100000753998756
1863,0.9315000,0.021975865587592125,0.017999999225139618
1864,0.9320000,0.022565780207514763,0.018999999389052391
1865,0.9325000,0.023152584210038185,0.019999999552965164
1866,0.9330000,0.023732643574476242,0.020999999716877937
1867,0.9335000,0.024307427927851677,0.022099999710917473
1868,0.9340000,0.02488090842962265,0.023199999704957008
1869,0.9345000,0.025451222434639931,0.024299999698996544
1870,0.9350000,0.026016026735305786,0.025499999523162842
1871,0.9355000,0.026575056836009026,0.02669999934732914
1872,0.9360000,0.027125678956508636,0.027899999171495438
1873,0.9365000,0.02766086719930172,0.029100000858306885
1874,0.9370000,0.028175286948680878,0.030400000512599945
1875,0.9375000,0.02867460623383522,0.031700000166893005
1876,0.9380000,0.029165841639041901,0.032999999821186066
1877,0.9385000,0.029647942632436752,0.034299999475479126
1878,0.9390000,0.030120613053441048,0.035599999129772186
1879,0.9395000,0.030585041269659996,0.036899998784065247
1880,0.9400000,0.031041525304317474,0.038199998438358307
1881,0.9405000,0.031488209962844849,0.039500001817941666
1882,0.9410000,0.031921975314617157,0.040800001472234726
1883,0.9415000,0.032346718013286591,0.042100001126527786
1884,0.9420000,0.03276766836643219,0.043299999088048935
1885,0.9425000,0.033184632658958435,0.044599998742341995
1886,0.9430000,0.033597413450479507,0.045800000429153442
1887,0.9435000,0.034006722271442413,0.047100000083446503
1888,0.9440000,0.034414641559123993,0.04830000177025795
1889,0.9445000,0.034822985529899597,0.049400001764297485
1890,0.9450000,0.035229925066232681,0.050599999725818634
1891,0.9455000,0.035637024790048599,0.05169999971985817
1892,0.9460000,0.036049026995897293,0.052700001746416092
1893,0.9465000,0.036467667669057846,0.053800001740455627
1894,0.9470000,0.036892775446176529,0.054800000041723251
1895,0.9475000,0.037321269512176514,0.055700000375509262
1896,0.9480000,0.037751272320747375,0.056600000709295273
1897,0.9485000,0.038183607161045074,0.057500001043081284
1898,0.9490000,0.038617026060819626,0.058299999684095383
1899,0.9495000,0.039051514118909836,0.059099998325109482
1900,0.9500000,0.039487455040216446,0.059799998998641968
1901,0.9505000,0.039924655109643936,0.060499999672174454
1902,0.9510000,0.040365558117628098,0.061099998652935028
1903,0.9515000,0.040810827165842056,0.061700001358985901
1904,0.9520000,0.041258282959461212,0.062199998646974564
1905,0.9525000,0.041706029325723648,0.062700003385543823
1906,0.9530000,0.042153507471084595,0.063100002706050873
1907,0.9535000,0.042601980268955231,0.063400000333786011
1908,0.9540000,0.043050855398178101,0.06379999965429306
1909,0.9545000,0.043498441576957703,0.064000003039836884
1910,0.9550000,0.043946046382188797,0.064300000667572021
1911,0.9555000,0.044394884258508682,0.064400002360343933
1912,0.9560000,0.044843293726444244,0.064599998295307159
1913,0.9565000,0.045288827270269394,0.064699999988079071
1914,0.9570000,0.045730844140052795,0.064699999988079071
1915,0.9575000,0.04617023840546608,0.064699999988079071
1916,0.9580000,0.046607423573732376,0.064699999988079071
1917,0.9585000,0.047042142599821091,0.064599998295307159
1918,0.9590000,0.047474108636379242,0.064499996602535248
1919,0.9595000,0.047902341932058334,0.064400002360343933
1920,0.9600000,0.048326998949050903,0.06419999897480011
1921,0.9605000,0.048752870410680771,0.064000003039836884
1922,0.9610000,0.049184288829565048,0.06379999965429306
1923,0.9615000,0.049619939178228378,0.063500002026557922
1924,0.9620000,0.050058361142873764,0.063299998641014099
1925,0.9625000,0.050500772893428802,0.063000001013278961
1926,0.9630000,0.050946507602930069,0.062700003385543823
1927,0.9635000,0.051391784101724625,0.062399998307228088
1928,0.9640000,0.051835309714078903,0.06210000067949295
1929,0.9645000,0.052280217409133911,0.061799999326467514
1930,0.9650000,0.052727881819009781,0.061500001698732376
1931,0.9655000,0.053175453096628189,0.06120000034570694
1932,0.9660000,0.053620133548974991,0.060899998992681503
1933,0.9665000,0.054061640053987503,0.060600001364946365
1934,0.9670000,0.054498899728059769,0.060300000011920929
1935,0.9675000,0.054929330945014954,0.059999998658895493
1936,0.9680000,0.055353332310914993,0.059700001031160355
1937,0.9685000,0.055772244930267334,0.05950000137090683
1938,0.9690000,0.05618523433804512,0.059200000017881393
1939,0.9695000,0.05659063532948494,0.059000000357627869
1940,0.9700000,0.056987263262271881,0.058800000697374344
1941,0.9705000,0.057375721633434296,0.058600001037120819
1942,0.9710000,0.057755675166845322,0.058499999344348907
1943,0.9715000,0.058127101510763168,0.058299999684095383
1944,0.9720000,0.058492463082075119,0.05820000171661377
1945,0.9725000,0.058852359652519226,0.058100000023841858
1946,0.9730000,0.059208657592535019,0.058100000023841858
1947,0.9735000,0.059563435614109039,0.057999998331069946
1948,0.9740000,0.059913694858551025,0.057999998331069946
1949,0.9745000,0.060257334262132645,0.058100000023841858
1950,0.9750000,0.060593601316213608,0.058100000023841858
1951,0.9755000,0.060921836644411087,0.05820000171661377
1952,0.9760000,0.061242364346981049,0.058299999684095383
1953,0.9765000,0.061553172767162323,0.058499999344348907
1954,0.9770000,0.061852775514125824,0.058600001037120819
1955,0.9775000,0.062141750007867813,0.058800000697374344
1956,0.9780000,0.062420982867479324,0.059000000357627869
1957,0.9785000,0.06269189715385437,0.059300001710653305
1958,0.9790000,0.062953993678092957,0.05950000137090683
1959,0.9795000,0.06320684403181076,0.059799998998641968
1960,0.9800000,0.06345251202583313,0.060100000351667404
1961,0.9805000,0.063691399991512299,0.060499999672174454
1962,0.9810000,0.063922420144081116,0.06080000102519989
1963,0.9815000,0.06414458155632019,0.06120000034570694
1964,0.9820000,0.064357250928878784,0.061599999666213989
1965,0.9825000,0.064561158418655396,0.061999998986721039
1966,0.9830000,0.064755529165267944,0.062399998307228088
1967,0.9835000,0.064939424395561218,0.06289999932050705
1968,0.9840000,0.065113529562950134,0.063299998641014099
1969,0.9845000,0.065277352929115295,0.06379999965429306
1970,0.9850000,0.065428681671619415,0.06419999897480011
1971,0.9855000,0.06556721031665802,0.064699999988079071
1972,0.9860000,0.065695807337760925,0.065200001001358032
1973,0.9865000,0.065817341208457947,0.065600000321865082
1974,0.9870000,0.065933763980865479,0.066100001335144043
1975,0.9875000,0.066045865416526794,0.066600002348423004
1976,0.9880000,0.066156111657619476,0.067100003361701965
1977,0.9885000,0.066266439855098724,0.06759999692440033
1978,0.9890000,0.06637437641620636,0.068099997937679291
1979,0.9895000,0.066477365791797638,0.068599998950958252
1980,0.9900000,0.066574901342391968,0.068999998271465302
1981,0.9905000,0.066669344902038574,0.069499999284744263
1982,0.9910000,0.066765308380126953,0.070000000298023224
1983,0.9915000,0.066865779459476471,0.070399999618530273
1984,0.9920000,0.066971644759178162,0.070900000631809235
1985,0.9925000,0.067083641886711121,0.071400001645088196
1986,0.9930000,0.067202731966972351,0.071800000965595245
1987,0.9935000,0.067327931523323059,0.072200000286102295
1988,0.9940000,0.067458085715770721,0.072700001299381256
1989,0.9945000,0.067595154047012329,0.073100000619888306
1990,0.9950000,0.067740663886070251,0.073499999940395355
1991,0.9955000,0.067893132567405701,0.073899999260902405
1992,0.9960000,0.068052858114242554,0.074299998581409454
1993,0.9965000,0.068223431706428528,0.074699997901916504
1994,0.9970000,0.068406865000724792,0.075099997222423553
1995,0.9975000,0.068601399660110474,0.075400002300739288
1996,0.9980000,0.068804778158664703,0.075800001621246338
1997,0.9985000,0.069017291069030762,0.076099999248981476
1998,0.9990000,0.069238819181919098,0.076499998569488525
1999,0.9995000,0.069468073546886444,0.07680000364780426
2000,1.0000000,0.069702811539173126,0.077100001275539398
2001,1.0005000,0.069939009845256805,0.077399998903274536
2002,1.0010000,0.070173181593418121,0.077699996531009674
2003,1.0015000,0.070403337478637695,0.078000001609325409
2004,1.0020000,0.070629805326461792,0.078299999237060547
2005,1.0025000,0.070853590965270996,0.078599996864795685
2006,1.0030000,0.071073286235332489,0.07890000194311142
2007,1.0035000,0.071285039186477661,0.079099997878074646
2008,1.0040000,0.071487858891487122,0.079400002956390381
2009,1.0045000,0.071685858070850372,0.079599998891353607
2010,1.0050000,0.071881353855133057,0.079899996519088745
2011,1.0055000,0.072073474526405334,0.080099999904632568
2012,1.0060000,0.072260573506355286,0.080300003290176392
2013,1.0065000,0.072441592812538147,0.08060000091791153
2014,1.0070000,0.072616331279277802,0.080799996852874756
2015,1.0075000,0.07278384268283844,0.081000000238418579
2016,1.0080000,0.072944581508636475,0.081200003623962402
2017,1.0085000,0.073099821805953979,0.081399999558925629
2018,1.0090000,0.073249600827693939,0.081600002944469452
2019,1.0095000,0.07339303195476532,0.081799998879432678
2020,1.0100000,0.073529116809368134,0.082000002264976501
2021,1.0105000,0.073659181594848633,0.082199998199939728
2022,1.0110000,0.073784098029136658,0.082400001585483551
2023,1.0115000,0.07390197366476059,0.082599997520446777
2024,1.0120000,0.074011251330375671,0.082900002598762512
2025,1.0125000,0.074111774563789368,0.083099998533725739
2026,1.0130000,0.074204646050930023,0.083300001919269562
2027,1.0135000,0.074292071163654327,0.083499997854232788
2028,1.0140000,0.074375711381435394,0.083700001239776611
2029,1.0145000,0.074456937611103058,0.083999998867511749
2030,1.0150000,0.074535414576530457,0.084200002253055573
2031,1.0155000,0.074610248208045959,0.08449999988079071
2032,1.0160000,0.074681632220745087,0.084799997508525848
2033,1.0165000,0.074747078120708466,0.085000000894069672
2034,1.0170000,0.074805170297622681,0.08529999852180481
2035,1.0175000,0.074859082698822021,0.085699997842311859
2036,1.0180000,0.074910320341587067,0.086000002920627594
2037,1.0185000,0.074957273900508881,0.086300000548362732
2038,1.0190000,0.075001567602157593,0.086699999868869781
2039,1.0195000,0.075045123696327209,0.087099999189376831
2040,1.0200000,0.075083084404468536,0.087499998509883881
2041,1.0205000,0.075109675526618958,0.087999999523162842
2042,1.0210000,0.075125545263290405,0.088399998843669891
2043,1.0215000,0.075134493410587311,0.088899999856948853
2044,1.0220000,0.075137406587600708,0.089400000870227814
2045,1.0225000,0.075132951140403748,0.089900001883506775
2046,1.0230000,0.075120434165000916,0.090499997138977051
2047,1.0235000,0.075099177658557892,0.091099999845027924
2048,1.0240000,0.075067289173603058,0.091700002551078796
2049,1.0245000,0.075025506317615509,0.092299997806549072
2050,1.0250000,0.074977204203605652,0.093000002205371857
2051,1.0255000,0.07492268830537796,0.093699999153614044
2052,1.0260000,0.074861101806163788,0.094400003552436829
2053,1.0265000,0.07479279488325119,0.095100000500679016
2054,1.0270000,0.074719317257404327,0.095899999141693115
2055,1.0275000,0.07464107871055603,0.096699997782707214
2056,1.0280000,0.074556805193424225,0.097499996423721313
2057,1.0285000,0.074468091130256653,0.09830000251531601
2058,1.0290000,0.074380017817020416,0.099100001156330109
2059,1.0295000,0.074294731020927429,0.10000000149011612
2060,1.0300000,0.074209555983543396,0.10090000182390213
2061,1.0305000,0.074124187231063843,0.10180000215768814
2062,1.0310000,0.074040777981281281,0.10270000249147415
2063,1.0315000,0.073962070047855377,0.10360000282526016
2064,1.0320000,0.07388991117477417,0.10459999740123749
2065,1.0325000,0.073824122548103333,0.1054999977350235
2066,1.0330000,0.073767028748989105,0.10649999976158142
2067,1.0335000,0.073721185326576233,0.10740000009536743
2068,1.0340000,0.073685429990291595,0.10840000212192535
2069,1.0345000,0.073657885193824768,0.10930000245571136
2070,1.0350000,0.07363756000995636,0.11029999703168869
2071,1.0355000,0.07362452894449234,0.1111999973654747
2072,1.0360000,0.073623470962047577,0.11219999939203262
2073,1.0365000,0.073641084134578705,0.11309999972581863
2074,1.0370000,0.073680378496646881,0.11400000005960464
2075,1.0375000,0.073741406202316284,0.11490000039339066
2076,1.0380000,0.073822207748889923,0.11580000072717667
2077,1.0385000,0.073920376598834991,0.11659999936819077
2078,1.0390000,0.07403244823217392,0.11739999800920486
2079,1.0395000,0.074156247079372406,0.11819999665021896
2080,1.0400000,0.074294686317443848,0.11900000274181366
2081,1.0405000,0.074449233710765839,0.11969999969005585
2082,1.0410000,0.074618041515350342,0.12039999663829803
2083,1.0415000,0.074798613786697388,0.12110000103712082
2084,1.0420000,0.074988722801208496,0.12169999629259109
2085,1.0425000,0.075188405811786652,0.12229999899864197
2086,1.0430000,0.075396791100502014,0.12280000001192093
2087,1.0435000,0.075611025094985962,0.12330000102519989
2088,1.0440000,0.075831048190593719,0.12380000203847885
2089,1.0445000,0.07605849951505661,0.1242000013589859
2090,1.0450000,0.076293736696243286,0.12449999898672104
2091,1.0455000,0.076535865664482117,0.12479999661445618
2092,1.0460000,0.076782584190368652,0.125
2093,1.0465000,0.077033109962940216,0.12520000338554382
2094,1.0470000,0.077287919819355011,0.12530000507831573
2095,1.0475000,0.077545858919620514,0.12540000677108765
2096,1.0480000,0.077803947031497955,0.12540000677108765
2097,1.0485000,0.078058026731014252,0.12530000507831573
2098,1.0490000,0.078306935727596283,0.12520000338554382
2099,1.0495000,0.078550651669502258,0.125
2100,1.0500000,0.078786008059978485,0.12479999661445618
2101,1.0505000,0.079012468457221985,0.12449999898672104
2102,1.0510000,0.079232603311538696,0.1242000013589859
2103,1.0515000,0.079446077346801758,0.12380000203847885
2104,1.0520000,0.079652450978755951,0.1234000027179718
2105,1.0525000,0.079854369163513184,0.12290000170469284
2106,1.0530000,0.080053485929965973,0.12240000069141388
2107,1.0535000,0.080250129103660583,0.12179999798536301
2108,1.0540000,0.080443426966667175,0.12120000272989273
2109,1.0545000,0.08063100278377533,0.12049999833106995
2110,1.0550000,0.080812759697437286,0.11980000138282776
2111,1.0555000,0.080989748239517212,0.11909999698400497
2112,1.0560000,0.081164330244064331,0.11829999834299088
2113,1.0565000,0.081340804696083069,0.11760000139474869
2114,1.0570000,0.081518948078155518,0.11680000275373459
2115,1.0575000,0.081695541739463806,0.11599999666213989
2116,1.0580000,0.081869252026081085,0.11509999632835388
2117,1.0585000,0.082039862871170044,0.11429999768733978
2118,1.0590000,0.082207486033439636,0.11349999904632568
2119,1.0595000,0.082370728254318237,0.11270000040531158
2120,1.0600000,0.082527898252010345,0.11190000176429749
2121,1.0605000,0.082679271697998047,0.11110000312328339
2122,1.0610000,0.082825362682342529,0.11029999703168869
2123,1.0615000,0.082966595888137817,0.1096000000834465
2124,1.0620000,0.083103068172931671,0.1088000014424324
2125,1.0625000,0.083233922719955444,0.10819999873638153
2126,1.0630000,0.083357997238636017,0.10750000178813934
2127,1.0635000,0.083473570644855499,0.10689999908208847
2128,1.0640000,0.083580441772937775,0.1062999963760376
2129,1.0645000,0.083682134747505188,0.10580000281333923
2130,1.0650000,0.083781547844409943,0.10530000180006027
2131,1.0655000,0.083877190947532654,0.10490000247955322
2132,1.0660000,0.083968639373779297,0.10459999740123749
2133,1.0665000,0.08405882865190506,0.10429999977350235
2134,1.0670000,0.08414807915687561,0.10400000214576721
2135,1.0675000,0.084234051406383514,0.10379999876022339
2136,1.0680000,0.084315873682498932,0.10369999706745148
2137,1.0685000,0.084394834935665131,0.10369999706745148
2138,1.0690000,0.084472492337226868,0.10369999706745148
2139,1.0695000,0.084550634026527405,0.10379999876022339
2140,1.0700000,0.08463083952665329,0.1039000004529953
2141,1.0705000,0.084712803363800049,0.10409999638795853
2142,1.0710000,0.084795616567134857,0.10440000146627426
2143,1.0715000,0.084877267479896545,0.1046999990940094
2144,1.0720000,0.084955781698226929,0.10509999841451645
2145,1.0725000,0.085031755268573761,0.1054999977350235
2146,1.0730000,0.085106201469898224,0.10599999874830246
2147,1.0735000,0.08517920970916748,0.10660000145435333
2148,1.0740000,0.085251860320568085,0.10710000246763229
2149,1.0745000,0.085325688123703003,0.10769999772310257
2150,1.0750000,0.085401013493537903,0.10840000212192535
2151,1.0755000,0.085475534200668335,0.10909999907016754
2152,1.0760000,0.085545636713504791,0.10980000346899033
2153,1.0765000,0.08560953289270401,0.11050000041723251
2154,1.0770000,0.085667334496974945,0.11129999905824661
2155,1.0775000,0.085719034075737,0.11209999769926071
2156,1.0780000,0.085765577852725983,0.1128000020980835
2157,1.0785000,0.085809580981731415,0.1136000007390976
2158,1.0790000,0.085851125419139862,0.11439999938011169
2159,1.0795000,0.085888408124446869,0.11509999632835388
2160,1.0800000,0.08591972291469574,0.11590000241994858
2161,1.0805000,0.085942558944225311,0.11659999936819077
2162,1.0810000,0.085955552756786346,0.11729999631643295
2163,1.0815000,0.085959069430828094,0.11800000071525574
2164,1.0820000,0.085955798625946045,0.11860000342130661
2165,1.0825000,0.085949189960956573,0.11919999867677689
2166,1.0830000,0.085938766598701477,0.11969999969005585
2167,1.0835000,0.08592359721660614,0.12030000239610672
2168,1.0840000,0.085907638072967529,0.12070000171661377
2169,1.0845000,0.085892327129840851,0.12110000103712082
2170,1.0850000,0.085874110460281372,0.12150000035762787
2171,1.0855000,0.08585367351770401,0.12169999629259109
2172,1.0860000,0.085831828415393829,0.12200000137090683
2173,1.0865000,0.085805758833885193,0.12210000306367874
2174,1.0870000,0.085775114595890045,0.12219999730587006
2175,1.0875000,0.085741579532623291,0.12219999730587006
2176,1.0880000,0.085707753896713257,0.12219999730587006
2177,1.0885000,0.085677430033683777,0.12210000306367874
2178,1.0890000,0.085652247071266174,0.12189999967813492
2179,1.0895000,0.085631951689720154,0.12160000205039978
2180,1.0900000,0.085612758994102478,0.12129999697208405
2181,1.0905000,0.085591129958629608,0.120899997651577
2182,1.0910000,0.08557022362947464,0.12039999663829803
2183,1.0915000,0.085552170872688293,0.11990000307559967
2184,1.0920000,0.085536561906337738,0.1193000003695488
2185,1.0925000,0.085522197186946869,0.11860000342130661
2186,1.0930000,0.085507728159427643,0.11789999902248383
2187,1.0935000,0.085495106875896454,0.11710000038146973
2188,1.0940000,0.085482217371463776,0.11630000174045563
2189,1.0945000,0.085466064512729645,0.11540000140666962
2190,1.0950000,0.085450634360313416,0.11450000107288361
2191,1.0955000,0.085438594222068787,0.1136000007390976
2192,1.0960000,0.085426665842533112,0.11259999871253967
2193,1.0965000,0.085410088300704956,0.11150000244379044
2194,1.0970000,0.08538828045129776,0.11050000041723251
2195,1.0975000,0.085362963378429413,0.10939999669790268
2196,1.0980000,0.085334658622741699,0.10830000042915344
2197,1.0985000,0.085305474698543549,0.10719999670982361
2198,1.0990000,0.085277341306209564,0.10610000044107437
2199,1.0995000,0.085249222815036774,0.10499999672174454
2200,1.1000000,0.085217326879501343,0.1039000004529953
2201,1.1005000,0.085175760090351105,0.10279999673366547
2202,1.1010000,0.08512222021818161,0.10170000046491623
2203,1.1015000,0.085059091448783875,0.10069999843835831
2204,1.1020000,0.084990322589874268,0.09960000216960907
2205,1.1025000,0.084920801222324371,0.098700001835823059
2206,1.1030000,0.084852412343025208,0.097699999809265137
2207,1.1035000,0.084783688187599182,0.096799999475479126
2208,1.1040000,0.084715157747268677,0.096000000834465027
2209,1.1045000,0.08464948832988739,0.095200002193450928
2210,1.1050000,0.084587171673774719,0.094499997794628143
2211,1.1055000,0.08453001081943512,0.093800000846385956
2212,1.1060000,0.084483273327350616,0.093199998140335083
2213,1.1065000,0.084449939429759979,0.092699997127056122
2214,1.1070000,0.084431745111942291,0.092299997806549072
2215,1.1075000,0.084427446126937866,0.092000000178813934
2216,1.1080000,0.084436148405075073,0.091700002551078796
2217,1.1085000,0.084461800754070282,0.091600000858306885
2218,1.1090000,0.084503985941410065,0.091499999165534973
2219,1.1095000,0.0845613032579422,0.091600000858306885
2220,1.1100000,0.084636136889457703,0.091799996793270111
2221,1.1105000,0.08472905308008194,0.092000000178813934
2222,1.1110000,0.084842540323734283,0.092399999499320984
2223,1.1115000,0.084980390965938568,0.092900000512599945
2224,1.1120000,0.085142001509666443,0.093599997460842133
2225,1.1125000,0.085325673222541809,0.094300001859664917
2226,1.1130000,0.085532143712043762,0.095100000500679016
2227,1.1135000,0.085760824382305145,0.096100002527236938
2228,1.1140000,0.086012117564678192,0.097199998795986176
2229,1.1145000,0.086291290819644928,0.098399996757507324
2230,1.1150000,0.086600489914417267,0.099699996411800385
2231,1.1155000,0.086939714848995209,0.10109999775886536
2232,1.1160000,0.087307773530483246,0.10260000079870224
2233,1.1165000,0.087701842188835144,0.10429999977350235
2234,1.1170000,0.088123515248298645,0.10599999874830246
2235,1.1175000,0.088573440909385681,0.10790000110864639
2236,1.1180000,0.089054860174655914,0.10980000346899033
2237,1.1185000,0.089576274156570435,0.11190000176429749
2238,1.1190000,0.090137980878353119,0.11400000005960464
2239,1.1195000,0.090736605226993561,0.11620000004768372
2240,1.1200000,0.091372221708297729,0.1185000017285347
2241,1.1205000,0.092047370970249176,0.120899997651577
2242,1.1210000,0.092766121029853821,0.12330000102519989
2243,1.1215000,0.093527920544147491,0.1257999986410141
2244,1.1220000,0.094334505498409271,0.12839999794960022
2245,1.1225000,0.095191448926925659,0.13099999725818634
2246,1.1230000,0.096098043024539948,0.13369999825954437
2247,1.1235000,0.097049310803413391,0.13629999756813049
2248,1.1240000,0.098046042025089264,0.13910000026226044
2249,1.1245000,0.09909384697675705,0.14180000126361847
2250,1.1250000,0.10019143670797348,0.14460000395774841
2251,1.1255000,0.10133377462625504,0.14740000665187836
2252,1.1260000,0.10251951217651367,0.15019999444484711
2253,1.1265000,0.10375102609395981,0.15299999713897705
2254,1.1270000,0.10503040254116058,0.15590000152587891
2255,1.1275000,0.10635227710008621,0.15870000422000885
2256,1.1280000,0.10771140456199646,0.16150000691413879
2257,1.1285000,0.10910563170909882,0.16429999470710754
2258,1.1290000,0.1105298325419426,0.16699999570846558
2259,1.1295000,0.11198057979345322,0.16979999840259552
2260,1.1300000,0.11345674842596054,0.17249999940395355
2261,1.1305000,0.11496183276176453,0.17520000040531158
2262,1.1310000,0.11650358885526657,0.17790000140666962
2263,1.1315000,0.11808306723833084,0.18060000240802765
2264,1.1320000,0.11969361454248428,0.18320000171661377
2265,1.1325000,0.12132702022790909,0.18580000102519989
2266,1.1330000,0.12298239767551422,0.18840000033378601
2267,1.1335000,0.124664306640625,0.19089999794960022
2268,1.1340000,0.12637467682361603,0.19339999556541443
2269,1.1345000,0.1281152218580246,0.19589999318122864
2270,1.1350000,0.12988337874412537,0.19840000569820404
2271,1.1355000,0.13167488574981689,0.20090000331401825
2272,1.1360000,0.13348639011383057,0.20329999923706055
2273,1.1365000,0.13530871272087097,0.20569999516010284
2274,1.1370000,0.1371389627456665,0.20810000598430634
2275,1.1375000,0.13898026943206787,0.21040000021457672
2276,1.1380000,0.1408294141292572,0.21279999613761902
2277,1.1385000,0.14268589019775391,0.21520000696182251
2278,1.1390000,0.14455154538154602,0.2175000011920929
2279,1.1395000,0.14642803370952606,0.21989999711513519
2280,1.1400000,0.14831571280956268,0.22229999303817749
2281,1.1405000,0.15020847320556641,0.22470000386238098
2282,1.1410000,0.1521025151014328,0.22709999978542328
2283,1.1415000,0.15399691462516785,0.22949999570846558
2284,1.1420000,0.15589118003845215,0.23190000653266907
2285,1.1425000,0.15778534114360809,0.23430000245571136
2286,1.1430000,0.15967492759227753,0.23680000007152557
2287,1.1435000,0.16155716776847839,0.23929999768733978
2288,1.1440000,0.16343624889850616,0.24179999530315399
2289,1.1445000,0.16531722247600555,0.24439999461174011
2290,1.1450000,0.16720022261142731,0.24699999392032623
2291,1.1455000,0.16908286511898041,0.24959999322891235
2292,1.1460000,0.17096780240535736,0.25220000743865967
2293,1.1465000,0.17285850644111633,0.2549000084400177
2294,1.1470000,0.17475241422653198,0.25769999623298645
2295,1.1475000,0.17664578557014465,0.26039999723434448
2296,1.1480000,0.17854112386703491,0.26320001482963562
2297,1.1485000,0.18044760823249817,0.26600000262260437
2298,1.1490000,0.18236918747425079,0.26879999041557312
2299,1.1495000,0.18430545926094055,0.27169999480247498
2300,1.1500000,0.18626081943511963,0.27459999918937683
2301,1.1505000,0.18823739886283875,0.27750000357627869
2302,1.1510000,0.19023314118385315,0.28040000796318054
2303,1.1515000,0.19224731624126434,0.28339999914169312
2304,1.1520000,0.194279745221138,0.28630000352859497
2305,1.1525000,0.19633106887340546,0.28920000791549683
2306,1.1530000,0.19840617477893829,0.2921999990940094
2307,1.1535000,0.20051027834415436,0.29510000348091125
2308,1.1540000,0.20264539122581482,0.29800000786781311
2309,1.1545000,0.20480991899967194,0.30090001225471497
2310,1.1550000,0.20699936151504517,0.30370000004768372
2311,1.1555000,0.20921595394611359,0.30649998784065247
2312,1.1560000,0.21145887672901154,0.3093000054359436
2313,1.1565000,0.21371687948703766,0.31209999322891235
2314,1.1570000,0.21598860621452332,0.31479999423027039
2315,1.1575000,0.2182805985212326,0.3174000084400177
2316,1.1580000,0.22059391438961029,0.31999999284744263
2317,1.1585000,0.22292600572109222,0.32249999046325684
2318,1.1590000,0.22527238726615906,0.32490000128746033
2319,1.1595000,0.22763317823410034,0.32730001211166382
2320,1.1600000,0.23000995814800262,0.3294999897480011
2321,1.1605000,0.23239973187446594,0.33169999718666077
2322,1.1610000,0.23480445146560669,0.33379998803138733
2323,1.1615000,0.23722924292087555,0.33579999208450317
2324,1.1620000,0.23967422544956207,0.3377000093460083
2325,1.1625000,0.24214047193527222,0.33939999341964722
2326,1.1630000,0.24462957680225372,0.34110000729560852
2327,1.1635000,0.2471366673707962,0.34270000457763672
2328,1.1640000,0.24965548515319824,0.34409999847412109
2329,1.1645000,0.25218397378921509,0.34540000557899475
2330,1.1650000,0.25472205877304077,0.3465999960899353
2331,1.1655000,0.2572711706161499,0.34769999980926514
2332,1.1660000,0.25983107089996338,0.34860000014305115
2333,1.1665000,0.26239800453186035,0.34950000047683716
2334,1.1670000,0.26497158408164978,0.35019999742507935
2335,1.1675000,0.267547607421875,0.35069999098777771
2336,1.1680000,0.27011975646018982,0.35120001435279846
2337,1.1685000,0.27269089221954346,0.351500004529953
2338,1.1690000,0.27526092529296875,0.35170000791549683
2339,1.1695000,0.27782458066940308,0.35170000791549683
2340,1.1700000,0.28037932515144348,0.35159999132156372
2341,1.1705000,0.28292182087898254,0.3513999879360199
2342,1.1710000,0.28544443845748901,0.35109999775886536
2343,1.1715000,0.28793948888778687,0.35060000419616699
2344,1.1720000,0.2903999388217926,0.34999999403953552
2345,1.1725000,0.29281985759735107,0.34929999709129333
2346,1.1730000,0.2951958179473877,0.34839999675750732
2347,1.1735000,0.29752165079116821,0.3474000096321106
2348,1.1740000,0.29979580640792847,0.34630000591278076
2349,1.1745000,0.3020176887512207,0.34509998559951782
2350,1.1750000,0.30417659878730774,0.34380000829696655
2351,1.1755000,0.30626493692398071,0.34229999780654907
2352,1.1760000,0.30828118324279785,0.34070000052452087
2353,1.1765000,0.31022417545318604,0.33899998664855957
2354,1.1770000,0.31209367513656616,0.33719998598098755
2355,1.1775000,0.31388616561889648,0.33520001173019409
2356,1.1780000,0.31559726595878601,0.33320000767707825
2357,1.1785000,0.31722238659858704,0.33100000023841858
2358,1.1790000,0.3187544047832489,0.32870000600814819
2359,1.1795000,0.32019257545471191,0.3262999951839447
2360,1.1800000,0.32153326272964478,0.32370001077651978
2361,1.1805000,0.32275903224945068,0.32109999656677246
2362,1.1810000,0.32385888695716858,0.31830000877380371
2363,1.1815000,0.32483246922492981,0.31540000438690186
2364,1.1820000,0.32567697763442993,0.31240001320838928
2365,1.1825000,0.32638680934906006,0.3093000054359436
2366,1.1830000,0.32695582509040833,0.30610001087188721
2367,1.1835000,0.3273826539516449,0.30270001292228699
2368,1.1840000,0.32766664028167725,0.29929998517036438
2369,1.1845000,0.32780268788337708,0.29570001363754272
2370,1.1850000,0.32779029011726379,0.29199999570846558
2371,1.1855000,0.32763069868087769,0.28819999098777771
2372,1.1860000,0.32732474803924561,0.28420001268386841
2373,1.1865000,0.32687541842460632,0.28009998798370361
2374,1.1870000,0.32628241181373596,0.27590000629425049
2375,1.1875000,0.3255460262298584,0.27160000801086426
2376,1.1880000,0.32466807961463928,0.26719999313354492
2377,1.1885000,0.32364630699157715,0.26260000467300415
2378,1.1890000,0.32247945666313171,0.25789999961853027
2379,1.1895000,0.32117098569869995,0.25310000777244568
2380,1.1900000,0.31972241401672363,0.24819999933242798
2381,1.1905000,0.31812998652458191,0.24310000240802765
2382,1.1910000,0.31639134883880615,0.23790000379085541
2383,1.1915000,0.31450837850570679,0.23260000348091125
2384,1.1920000,0.31247988343238831,0.22720000147819519
2385,1.1925000,0.31030169129371643,0.2215999960899353
2386,1.1930000,0.30797532200813293,0.2159000039100647
2387,1.1935000,0.30550390481948853,0.21009999513626099
2388,1.1940000,0.30288437008857727,0.20419999957084656
2389,1.1945000,0.30011612176895142,0.19820000231266022
2390,1.1950000,0.29720312356948853,0.19210000336170197
2391,1.1955000,0.29414534568786621,0.18580000102519989
2392,1.1960000,0.29094335436820984,0.17949999868869781
2393,1.1965000,0.28760272264480591,0.17299999296665192
2394,1.1970000,0.28412595391273499,0.16650000214576721
2395,1.1975000,0.28051206469535828,0.1598999947309494
2396,1.1980000,0.27676352858543396,0.15320000052452087
2397,1.1985000,0.27288469672203064,0.14640000462532043
2398,1.1990000,0.26888111233711243,0.13950000703334808
2399,1.1995000,0.26475691795349121,0.13259999454021454
2400,1.2000000,0.26050853729248047,0.12559999525547028
2401,1.2005000,0.25613564252853394,0.11860000342130661
2402,1.2010000,0.25164741277694702,0.11150000244379044
2403,1.2015000,0.24705295264720917,0.10440000146627426
2404,1.2020000,0.24235807359218597,0.097300000488758087
2405,1.2025000,0.23756343126296997,0.090099997818470001
2406,1.2030000,0.23266668617725372,0.082999996840953827
2407,1.2035000,0.22766724228858948,0.075800001621246338
2408,1.2040000,0.22256475687026978,0.068700000643730164
2409,1.2045000,0.21736742556095123,0.061599999666213989
2410,1.2050000,0.21208888292312622,0.054499998688697815
2411,1.2055000,0.2067328542470932,0.047400001436471939
2412,1.2060000,0.20130392909049988,0.040399998426437378
2413,1.2065000,0.19580873847007751,0.033500000834465027
2414,1.2070000,0.19024832546710968,0.026599999517202377
2415,1.2075000,0.18462559580802917,0.019799999892711639
2416,1.2080000,0.17894648015499115,0.013000000268220901
2417,1.2085000,0.17321622371673584,0.006399999838322401
2418,1.2090000,0.16743960976600647,-9.9999997473787516e-05
2419,1.2095000,0.16161783039569855,-0.0065000001341104507
2420,1.2100000,0.15574900805950165,-0.012799999676644802
2421,1.2105000,0.14983932673931122,-0.018999999389052391
2422,1.2110000,0.14390361309051514,-0.02500000037252903
2423,1.2115000,0.13795563578605652,-0.030899999663233757
2424,1.2120000,0.13200025260448456,-0.036699999123811722
2425,1.2125000,0.12603697180747986,-0.042300000786781311
2426,1.2130000,0.12006819248199463,-0.047800000756978989
2427,1.2135000,0.11409802734851837,-0.053100001066923141
2428,1.2140000,0.10813234001398087,-0.05820000171661377
2429,1.2145000,0.10217976570129395,-0.063199996948242188
2430,1.2150000,0.096247568726539612,-0.068000003695487976
2431,1.2155000,0.090341478586196899,-0.072599999606609344
2432,1.2160000,0.084461480379104614,-0.076999999582767487
2433,1.2165000,0.078603044152259827,-0.081299997866153717
2434,1.2170000,0.072767429053783417,-0.085400000214576721
2435,1.2175000,0.066959656774997711,-0.089299999177455902
2436,1.2180000,0.061189949512481689,-0.093099996447563171
2437,1.2185000,0.05546845868229866,-0.0966000035405159
2438,1.2190000,0.049796160310506821,-0.10000000149011612
2439,1.2195000,0.044175349175930023,-0.10320000350475311
2440,1.2200000,0.038610223680734634,-0.1062999963760376
2441,1.2205000,0.033101625740528107,-0.10920000076293945
2442,1.2210000,0.027652215212583542,-0.11190000176429749
2443,1.2215000,0.02226620726287365,-0.11450000107288361
2444,1.2220000,0.016948867589235306,-0.1168999969959259
2445,1.2225000,0.011707155033946037,-0.11919999867677689
2446,1.2230000,0.0065458454191684723,-0.12139999866485596
2447,1.2235000,0.0014673862606287003,-0.1234000027179718
2448,1.2240000,-0.0035306692589074373,-0.12520000338554382
2449,1.2245000,-0.0084552410989999771,-0.12700000405311584
2450,1.2250000,-0.013305598869919777,-0.12860000133514404
2451,1.2255000,-0.018074590712785721,-0.13019999861717224
2452,1.2260000,-0.022756921127438545,-0.13160000741481781
2453,1.2265000,-0.027346309274435043,-0.13289999961853027
2454,1.2270000,-0.031836904585361481,-0.13420000672340393
2455,1.2275000,-0.03622693195939064,-0.13529999554157257
2456,1.2280000,-0.040517479181289673,-0.1363999992609024
2457,1.2285000,-0.044711310416460037,-0.13740000128746033
2458,1.2290000,-0.048808932304382324,-0.13840000331401825
2459,1.2295000,-0.05280815064907074,-0.13930000364780426
2460,1.2300000,-0.056705940514802933,-0.14020000398159027
2461,1.2305000,-0.060498084872961044,-0.14100000262260437
2462,1.2310000,-0.06418117880821228,-0.14180000126361847
2463,1.2315000,-0.06775490939617157,-0.14259999990463257
2464,1.2320000,-0.071222394704818726,-0.14329999685287476
2465,1.2325000,-0.074587360024452209,-0.14409999549388885
2466,1.2330000,-0.077852480113506317,-0.14480000734329224
2467,1.2335000,-0.081019893288612366,-0.14550000429153442
2468,1.2340000,-0.084091931581497192,-0.14630000293254852
2469,1.2345000,-0.087069094181060791,-0.14699999988079071
2470,1.2350000,-0.089948616921901703,-0.14779999852180481
2471,1.2355000,-0.092730537056922913,-0.148499995470047
2472,1.2360000,-0.095420211553573608,-0.1492999941110611
2473,1.2365000,-0.0980214923620224,-0.1500999927520752
2474,1.2370000,-0.10053498297929764,-0.15090000629425049
2475,1.2375000,-0.10296216607093811,-0.1518000066280365
2476,1.2380000,-0.10530395060777664,-0.1526000052690506
2477,1.2385000,-0.10756143182516098,-0.15350000560283661
2478,1.2390000,-0.10973712801933289,-0.15440000593662262
2479,1.2395000,-0.11183138936758041,-0.15539999306201935
2480,1.2400000,-0.11384603381156921,-0.15639999508857727
2481,1.2405000,-0.11578231304883957,-0.15739999711513519
2482,1.2410000,-0.11763808876276016,-0.15839999914169312
2483,1.2415000,-0.11941264569759369,-0.15940000116825104
2484,1.2420000,-0.12110656499862671,-0.16050000488758087
2485,1.2425000,-0.12272372096776962,-0.16159999370574951
2486,1.2430000,-0.12426798045635223,-0.16269999742507935
2487,1.2435000,-0.12573900818824768,-0.16380000114440918
2488,1.2440000,-0.12714171409606934,-0.16500000655651093
2489,1.2445000,-0.12848779559135437,-0.16609999537467957
2490,1.2450000,-0.12978361546993256,-0.16730000078678131
2491,1.2455000,-0.13102981448173523,-0.16850000619888306
2492,1.2460000,-0.13222593069076538,-0.1695999950170517
2493,1.2465000,-0.13337036967277527,-0.17080000042915344
2494,1.2470000,-0.13446402549743652,-0.17200000584125519
2495,1.2475000,-0.13550794124603271,-0.17309999465942383
2496,1.2480000,-0.1365015059709549,-0.17430000007152557
2497,1.2485000,-0.13744769990444183,-0.17540000379085541
2498,1.2490000,-0.13834962248802185,-0.17649999260902405
2499,1.2495000,-0.13920688629150391,-0.17759999632835388
2500,1.2500000,-0.14002028107643127,-0.17870000004768372
2501,1.2505000,-0.14079082012176514,-0.17970000207424164
2502,1.2510000,-0.14151874184608459,-0.18070000410079956
2503,1.2515000,-0.14220650494098663,-0.18170000612735748
2504,1.2520000,-0.1428554505109787,-0.18260000646114349
2505,1.2525000,-0.14346814155578613,-0.1835000067949295
2506,1.2530000,-0.14404918253421783,-0.1843000054359436
2507,1.2535000,-0.14459934830665588,-0.1851000040769577
2508,1.2540000,-0.14511881768703461,-0.1859000027179718
2509,1.2545000,-0.14560693502426147,-0.18659999966621399
2510,1.2550000,-0.1460627019405365,-0.18719999492168427
2511,1.2555000,-0.14648979902267456,-0.18780000507831573
2512,1.2560000,-0.14689196646213531,-0.1882999986410141
2513,1.2565000,-0.14727146923542023,-0.18880000710487366
2514,1.2570000,-0.14763055741786957,-0.18919999897480011
2515,1.2575000,-0.14796949923038483,-0.18950000405311584
2516,1.2580000,-0.14828814566135406,-0.18979999423027039
2517,1.2585000,-0.14858567714691162,-0.18999999761581421
2518,1.2590000,-0.14886042475700378,-0.19009999930858612
2519,1.2595000,-0.14911173284053802,-0.19020000100135803
2520,1.2600000,-0.14933814108371735,-0.19020000100135803
2521,1.2605000,-0.14953842759132385,-0.19009999930858612
2522,1.2610000,-0.14971257746219635,-0.18999999761581421
2523,1.2615000,-0.14986138045787811,-0.18979999423027039
2524,1.2620000,-0.14998632669448853,-0.18950000405311584
2525,1.2625000,-0.15008589625358582,-0.18919999897480011
2526,1.2630000,-0.15015837550163269,-0.18880000710487366
2527,1.2635000,-0.15020333230495453,-0.1882999986410141
2528,1.2640000,-0.15021821856498718,-0.18780000507831573
2529,1.2645000,-0.1502017080783844,-0.18719999492168427
2530,1.2650000,-0.15015518665313721,-0.18649999797344208
2531,1.2655000,-0.15008144080638885,-0.18569999933242798
2532,1.2660000,-0.14998327195644379,-0.18490000069141388
2533,1.2665000,-0.14985765516757965,-0.18410000205039978
2534,1.2670000,-0.14969906210899353,-0.18320000171661377
2535,1.2675000,-0.14950752258300781,-0.18219999969005585
2536,1.2680000,-0.14928571879863739,-0.18119999766349792
2537,1.2685000,-0.149036705493927,-0.18009999394416809
2538,1.2690000,-0.14876221120357513,-0.17890000343322754
2539,1.2695000,-0.14846247434616089,-0.17769999802112579
2540,1.2700000,-0.14813880622386932,-0.17649999260902405
2541,1.2705000,-0.14779102802276611,-0.17520000040531158
2542,1.2710000,-0.14741872251033783,-0.17380000650882721
2543,1.2715000,-0.14702285826206207,-0.17239999771118164
2544,1.2720000,-0.14660349488258362,-0.17100000381469727
2545,1.2725000,-0.14616057276725769,-0.16949999332427979
2546,1.2730000,-0.1456943154335022,-0.1679999977350235
2547,1.2735000,-0.14520320296287537,-0.1664000004529953
2548,1.2740000,-0.14468622207641602,-0.1648000031709671
2549,1.2745000,-0.14414489269256592,-0.16310000419616699
2550,1.2750000,-0.14358174800872803,-0.16140000522136688
2551,1.2755000,-0.14299848675727844,-0.15970000624656677
2552,1.2760000,-0.14239652454853058,-0.15790000557899475
2553,1.2765000,-0.14177918434143066,-0.15610000491142273
2554,1.2770000,-0.1411471962928772,-0.1542000025510788
2555,1.2775000,-0.14049595594406128,-0.15230000019073486
2556,1.2780000,-0.13982264697551727,-0.15039999783039093
2557,1.2785000,-0.13912905752658844,-0.148499995470047
2558,1.2790000,-0.13841727375984192,-0.14650000631809235
2559,1.2795000,-0.137689009308815,-0.1445000022649765
2560,1.2800000,-0.13694402575492859,-0.14239999651908875
2561,1.2805000,-0.13618133962154388,-0.14030000567436218
2562,1.2810000,-0.13540101051330566,-0.13819999992847443
2563,1.2815000,-0.13460040092468262,-0.13609999418258667
2564,1.2820000,-0.13377735018730164,-0.1339000016450882
2565,1.2825000,-0.13293087482452393,-0.13169999420642853
2566,1.2830000,-0.13205812871456146,-0.12950000166893005
2567,1.2835000,-0.13115820288658142,-0.12720000743865967
2568,1.2840000,-0.13022883236408234,-0.125
2569,1.2845000,-0.12926506996154785,-0.12269999831914902
2570,1.2850000,-0.12826815247535706,-0.12039999663829803
2571,1.2855000,-0.12723888456821442,-0.11810000240802765
2572,1.2860000,-0.12617295980453491,-0.11569999903440475
2573,1.2865000,-0.12506920099258423,-0.11339999735355377
2574,1.2870000,-0.12393049895763397,-0.11100000143051147
2575,1.2875000,-0.12275950610637665,-0.10869999974966049
2576,1.2880000,-0.12155020982027054,-0.1062999963760376
2577,1.2885000,-0.12029340118169785,-0.10400000214576721
2578,1.2890000,-0.11898916214704514,-0.10159999877214432
2579,1.2895000,-0.11763939261436462,-0.099299997091293335
2580,1.2900000,-0.1162438690662384,-0.096900001168251038
2581,1.2905000,-0.11480303853750229,-0.094599999487400055
2582,1.2910000,-0.1133170872926712,-0.092299997806549072
2583,1.2915000,-0.11178811639547348,-0.090099997818470001
2584,1.2920000,-0.11021678894758224,-0.087800003588199615
2585,1.2925000,-0.1086045503616333,-0.085600003600120544
2586,1.2930000,-0.10695867240428925,-0.083499997854232788
2587,1.2935000,-0.10528616607189178,-0.081399999558925629
2588,1.2940000,-0.1035899892449379,-0.079300001263618469
2589,1.2945000,-0.10187108069658279,-0.077299997210502625
2590,1.2950000,-0.1001313328742981,-0.075400002300739288
2591,1.2955000,-0.098374128341674805,-0.073499999940395355
2592,1.2960000,-0.09659980982542038,-0.071699999272823334
2593,1.2965000,-0.094806812703609467,-0.069899998605251312
2594,1.2970000,-0.092998795211315155,-0.068199999630451202
2595,1.2975000,-0.091182000935077667,-0.066600002348423004
2596,1.2980000,-0.08936021476984024,-0.065099999308586121
2597,1.2985000,-0.087537571787834167,-0.063699997961521149
2598,1.2990000,-0.085719011723995209,-0.062300000339746475
2599,1.2995000,-0.083908528089523315,-0.061000000685453415
2600,1.3000000,-0.082109548151493073,-0.059900000691413879
2601,1.3005000,-0.080324865877628326,-0.058699999004602432
2602,1.3010000,-0.078559651970863342,-0.057700000703334808
2603,1.3015000,-0.076821126043796539,-0.056800000369548798
2604,1.3020000,-0.075114093720912933,-0.055900000035762787
2605,1.3025000,-0.073444671928882599,-0.055100001394748688
2606,1.3030000,-0.071822524070739746,-0.054400000721216202
2607,1.3035000,-0.070252962410449982,-0.053700000047683716
2608,1.3040000,-0.06873728334903717,-0.053100001066923141
2609,1.3045000,-0.067277699708938599,-0.052499998360872269
2610,1.3050000,-0.065874703228473663,-0.052000001072883606
2611,1.3055000,-0.064530164003372192,-0.051500000059604645
2612,1.3060000,-0.063248336315155029,-0.050999999046325684
2613,1.3065000,-0.062032260000705719,-0.050500001758337021
2614,1.3070000,-0.060884580016136169,-0.049899999052286148
2615,1.3075000,-0.05980522558093071,-0.049400001764297485
2616,1.3080000,-0.058793209493160248,-0.048700001090764999
2617,1.3085000,-0.057849034667015076,-0.048000000417232513
2618,1.3090000,-0.056971795856952667,-0.047200001776218414
2619,1.3095000,-0.056159019470214844,-0.046300001442432404
2620,1.3100000,-0.05540742352604866,-0.045299999415874481
2621,1.3105000,-0.054712753742933273,-0.043999999761581421
2622,1.3110000,-0.054069072008132935,-0.042599998414516449
2623,1.3115000,-0.053470175713300705,-0.041000001132488251
2624,1.3120000,-0.052908997982740402,-0.039099998772144318
2625,1.3125000,-0.052375923842191696,-0.036899998784065247
2626,1.3130000,-0.051862038671970367,-0.034400001168251038
2627,1.3135000,-0.051360726356506348,-0.031599998474121094
2628,1.3140000,-0.050860952585935593,-0.028400000184774399
2629,1.3145000,-0.050346270203590393,-0.024800000712275505
2630,1.3150000,-0.049801688641309738,-0.02070000022649765
2631,1.3155000,-0.049212973564863205,-0.016200000420212746
2632,1.3160000,-0.048556648194789886,-0.01119999960064888
2633,1.3165000,-0.047801487147808075,-0.0057000000961124897
2634,1.3170000,-0.046924471855163574,0.00039999998989515007
2635,1.3175000,-0.045907597988843918,0.0071000000461935997
2636,1.3180000,-0.044730249792337418,0.014399999752640724
2637,1.3185000,-0.04337335005402565,0.022299999371170998
2638,1.3190000,-0.04181801900267601,0.030899999663233757
2639,1.3195000,-0.040038403123617172,0.040199998766183853
2640,1.3200000,-0.038009528070688248,0.050200000405311584
2641,1.3205000,-0.035717803984880447,0.060899998992681503
2642,1.3210000,-0.033150017261505127,0.072400003671646118
2643,1.3215000,-0.030284333974123001,0.084600001573562622
2644,1.3220000,-0.027097072452306747,0.097599998116493225
2645,1.3225000,-0.0235609021037817,0.11140000075101852
2646,1.3230000,-0.01964707113802433,0.12590000033378601
2647,1.3235000,-0.015334926545619965,0.14120000600814819
2648,1.3240000,-0.010604958981275558,0.15729999542236328
2649,1.3245000,-0.0054362397640943527,0.17409999668598175
2650,1.3250000,0.00019601825624704361,0.19169999659061432
2651,1.3255000,0.0063158287666738033,0.20990000665187836
2652,1.3260000,0.012935263104736805,0.2289000004529953
2653,1.3265000,0.020069779828190804,0.24850000441074371
2654,1.3270000,0.027744462713599205,0.26879999041557312
2655,1.3275000,0.03597671166062355,0.28960001468658447
2656,1.3280000,0.044791363179683685,0.31099998950958252
2657,1.3285000,0.054230649024248123,0.33289998769760132
2658,1.3290000,0.064323857426643372,0.35519999265670776
2659,1.3295000,0.075076483190059662,0.37790000438690186
2660,1.3300000,0.086486741900444031,0.40090000629425049
2661,1.3305000,0.098558418452739716,0.42419999837875366
2662,1.3310000,0.11128918826580048,0.44760000705718994
2663,1.3315000,0.12466967105865479,0.47110000252723694
2664,1.3320000,0.13869327306747437,0.49470001459121704
2665,1.3325000,0.15334251523017883,0.51819998025894165
2666,1.3330000,0.16859054565429688,0.54149997234344482
2667,1.3335000,0.18441495299339294,0.56459999084472656
2668,1.3340000,0.20080862939357758,0.58730000257492065
2669,1.3345000,0.21776860952377319,0.6096000075340271
2670,1.3350000,0.23527184128761292,0.63129997253417969
2671,1.3355000,0.25327706336975098,0.6524999737739563
2672,1.3360000,0.27173593640327454,0.67280000448226929
2673,1.3365000,0.29061266779899597,0.69239997863769531
2674,1.3370000,0.30988168716430664,0.71100002527236938
2675,1.3375000,0.32950246334075928,0.72860002517700195
2676,1.3380000,0.34942322969436646,0.74510002136230469
2677,1.3385000,0.36958864331245422,0.76029998064041138
2678,1.3390000,0.38994067907333374,0.77420002222061157
2679,1.3395000,0.41042435169219971,0.78670001029968262
2680,1.3400000,0.43097347021102905,0.79769998788833618
2681,1.3405000,0.45151326060295105,0.80720001459121704
2682,1.3410000,0.47198536992073059,0.8148999810218811
2683,1.3415000,0.49233081936836243,0.82099997997283936
2684,1.3420000,0.51247602701187134,0.82520002126693726
2685,1.3425000,0.53234076499938965,0.82749998569488525
2686,1.3430000,0.55185389518737793,0.8278999924659729
2687,1.3435000,0.57095402479171753,0.82639998197555542
2688,1.3440000,0.58954304456710815,0.82279998064041138
2689,1.3445000,0.60749894380569458,0.81720000505447388
2690,1.3450000,0.62473446130752563,0.80940002202987671
2691,1.3455000,0.64118945598602295,0.79960000514984131
2692,1.3460000,0.65680396556854248,0.78759998083114624
2693,1.3465000,0.67151451110839844,0.77350002527236938
2694,1.3470000,0.6852494478225708,0.75730001926422119
2695,1.3475000,0.69794225692749023,0.73890000581741333
2696,1.3480000,0.70952361822128296,0.71850001811981201
2697,1.3485000,0.7198944091796875,0.69599997997283936
2698,1.3490000,0.72896820306777954,0.67140001058578491
2699,1.3495000,0.7366974949836731,0.64490002393722534
2700,1.3500000,0.74304348230361938,0.61640000343322754
2701,1.3505000,0.74796593189239502,0.58609998226165771
2702,1.3510000,0.7514299750328064,0.55390000343322754
2703,1.3515000,0.75340205430984497,0.52009999752044678
2704,1.3520000,0.75385880470275879,0.48449999094009399
2705,1.3525000,0.75279045104980469,0.44749999046325684
2706,1.3530000,0.75017857551574707,0.40900000929832458
2707,1.3535000,0.74600750207901001,0.36910000443458557
2708,1.3540000,0.74028068780899048,0.32800000905990601
2709,1.3545000,0.73300111293792725,0.2856999933719635
2710,1.3550000,0.72416031360626221,0.24250000715255737
2711,1.3555000,0.71375691890716553,0.19830000400543213
2712,1.3560000,0.70178437232971191,0.1534000039100647
2713,1.3565000,0.6882169246673584,0.10790000110864639
2714,1.3570000,0.67304915189743042,0.061900001019239426
2715,1.3575000,0.6563030481338501,0.015599999576807022
2716,1.3580000,0.63800960779190063,-0.030999999493360519
2717,1.3585000,0.61820226907730103,-0.077699996531009674
2718,1.3590000,0.59691703319549561,-0.12430000305175781
2719,1.3595000,0.57419270277023315,-0.17069999873638153
2720,1.3600000,0.55006933212280273,-0.21680000424385071
2721,1.3605000,0.52459937334060669,-0.26249998807907104
2722,1.3610000,0.49784243106842041,-0.30750000476837158
2723,1.3615000,0.46985223889350891,-0.35179999470710754
2724,1.3620000,0.44068938493728638,-0.3953000009059906
2725,1.3625000,0.41042199730873108,-0.43779999017715454
2726,1.3630000,0.37911674380302429,-0.47909998893737793
2727,1.3635000,0.34684455394744873,-0.51929998397827148
2728,1.3640000,0.31370061635971069,-0.55820000171661377
2729,1.3645000,0.27980408072471619,-0.59560000896453857
2730,1.3650000,0.24525013566017151,-0.631600022315979
2731,1.3655000,0.21010243892669678,-0.66589999198913574
2732,1.3660000,0.1744346022605896,-0.69849997758865356
2733,1.3665000,0.1383349597454071,-0.72930002212524414
2734,1.3670000,0.10189659893512726,-0.75830000638961792
2735,1.3675000,0.065209835767745972,-0.78539997339248657
2736,1.3680000,0.028358355164527893,-0.81050002574920654
2737,1.3685000,-0.0085643380880355835,-0.83350002765655518
2738,1.3690000,-0.045460887253284454,-0.85449999570846558
2739,1.3695000,-0.082242019474506378,-0.87339997291564941
2740,1.3700000,-0.11882096529006958,-0.89020001888275146
2741,1.3705000,-0.15511766076087952,-0.90490001440048218
2742,1.3710000,-0.19105075299739838,-0.91729998588562012
2743,1.3715000,-0.22653248906135559,-0.92760002613067627
2744,1.3720000,-0.26147180795669556,-0.93569999933242798
2745,1.3725000,-0.29576912522315979,-0.94169998168945312
2746,1.3730000,-0.32933273911476135,-0.94550001621246338
2747,1.3735000,-0.36209100484848022,-0.94720000028610229
2748,1.3740000,-0.39398539066314697,-0.94690001010894775
2749,1.3745000,-0.42495661973953247,-0.94440001249313354
2750,1.3750000,-0.45493870973587036,-0.93999999761581421
2751,1.3755000,-0.48386594653129578,-0.93360000848770142
2752,1.3760000,-0.5116652250289917,-0.92519998550415039
2753,1.3765000,-0.53825986385345459,-0.91509997844696045
2754,1.3770000,-0.56358695030212402,-0.90310001373291016
2755,1.3775000,-0.58759510517120361,-0.88940000534057617
2756,1.3780000,-0.61024385690689087,-0.87400001287460327
2757,1.3785000,-0.63150376081466675,-0.85710000991821289
2758,1.3790000,-0.65134131908416748,-0.83869999647140503
2759,1.3795000,-0.66971772909164429,-0.81879997253417969
2760,1.3800000,-0.68658620119094849,-0.79769998788833618
2761,1.3805000,-0.7018929123878479,-0.77530002593994141
2762,1.3810000,-0.71560758352279663,-0.75169998407363892
2763,1.3815000,-0.72772789001464844,-0.72710001468658447
2764,1.3820000,-0.73825591802597046,-0.70149999856948853
2765,1.3825000,-0.74718946218490601,-0.67500001192092896
2766,1.3830000,-0.75453537702560425,-0.64770001173019409
2767,1.3835000,-0.76030522584915161,-0.61979997158050537
2768,1.3840000,-0.76450449228286743,-0.59130001068115234
2769,1.3845000,-0.76714557409286499,-0.56220000982284546
2770,1.3850000,-0.76825112104415894,-0.53280001878738403
2771,1.3855000,-0.76784676313400269,-0.50300002098083496
2772,1.3860000,-0.76595598459243774,-0.47299998998641968
2773,1.3865000,-0.76260977983474731,-0.44290000200271606
2774,1.3870000,-0.75784808397293091,-0.41269999742507935
2775,1.3875000,-0.75171512365341187,-0.38260000944137573
2776,1.3880000,-0.74425476789474487,-0.35249999165534973
2777,1.3885000,-0.73550200462341309,-0.32269999384880066
2778,1.3890000,-0.72549664974212646,-0.29309999942779541
2779,1.3895000,-0.714286208152771,-0.26390001177787781
2780,1.3900000,-0.70192480087280273,-0.23499999940395355
2781,1.3905000,-0.68847030401229858,-0.20669999718666077
2782,1.3910000,-0.67397928237915039,-0.17880000174045563
2783,1.3915000,-0.65851974487304688,-0.15160000324249268
2784,1.3920000,-0.64216357469558716,-0.125
2785,1.3925000,-0.6249731183052063,-0.099100001156330109
2786,1.3930000,-0.60700303316116333,-0.073899999260902405
2787,1.3935000,-0.58830428123474121,-0.049499999731779099
2788,1.3940000,-0.56893330812454224,-0.025900000706315041
2789,1.3945000,-0.54895776510238647,-0.0031999999191612005
2790,1.3950000,-0.52844905853271484,0.018600000068545341
2791,1.3955000,-0.5074765682220459,0.039599999785423279
2792,1.3960000,-0.48611554503440857,0.059599999338388443
2793,1.3965000,-0.46443715691566467,0.078699998557567596
2794,1.3970000,-0.44250315427780151,0.096900001168251038
2795,1.3975000,-0.42037972807884216,0.11410000175237656
2796,1.3980000,-0.39813369512557983,0.13030000030994415
2797,1.3985000,-0.375823974609375,0.14560000598430634
2798,1.3990000,-0.35349631309509277,0.1598999947309494
2799,1.3995000,-0.33119270205497742,0.17319999635219574
2800,1.4000000,-0.30897188186645508,0.18569999933242798
2801,1.4005000,-0.28688833117485046,0.19720000028610229
2802,1.4010000,-0.26497980952262878,0.20769999921321869
2803,1.4015000,-0.24328923225402832,0.21739999949932098
2804,1.4020000,-0.2218625396490097,0.22619999945163727
2805,1.4025000,-0.20074084401130676,0.23420000076293945
2806,1.4030000,-0.17996393144130707,0.24130000174045563
2807,1.4035000,-0.15957018733024597,0.24770000576972961
2808,1.4040000,-0.13959605991840363,0.2533000111579895
2809,1.4045000,-0.12007240951061249,0.2581000030040741
2810,1.4050000,-0.10102196037769318,0.2621999979019165
2811,1.4055000,-0.08246881514787674,0.26570001244544983
2812,1.4060000,-0.064439080655574799,0.26850000023841858
2813,1.4065000,-0.046955697238445282,0.27079999446868896
2814,1.4070000,-0.030042015016078949,0.27239999175071716
2815,1.4075000,-0.013715449720621109,0.273499995470047
2816,1.4080000,0.0020131301134824753,0.27419999241828918
2817,1.4085000,0.017136486247181892,0.27439999580383301
2818,1.4090000,0.031649265438318253,0.27410000562667847
2819,1.4095000,0.045545473694801331,0.273499995470047
2820,1.4100000,0.058823790401220322,0.27250000834465027
2821,1.4105000,0.071478746831417084,0.27120000123977661
2822,1.4110000,0.083501726388931274,0.26960000395774841
2823,1.4115000,0.094896711409091949,0.26780000329017639
2824,1.4120000,0.10566660016775131,0.26579999923706055
2825,1.4125000,0.11580495536327362,0.26350000500679016
2826,1.4130000,0.12530910968780518,0.26120001077651978
2827,1.4135000,0.13418436050415039,0.25870001316070557
2828,1.4140000,0.14244449138641357,0.25609999895095825
2829,1.4145000,0.15010166168212891,0.25339999794960022
2830,1.4150000,0.15716394782066345,0.25069999694824219
2831,1.4155000,0.16364879906177521,0.24799999594688416
2832,1.4160000,0.16957369446754456,0.24529999494552612
2833,1.4165000,0.17494088411331177,0.24259999394416809
2834,1.4170000,0.17975100874900818,0.23999999463558197
2835,1.4175000,0.18401908874511719,0.23739999532699585
2836,1.4180000,0.18777059018611908,0.23489999771118164
2837,1.4185000,0.19102488458156586,0.23250000178813934
2838,1.4190000,0.19379869103431702,0.23019999265670776
2839,1.4195000,0.19611950218677521,0.22800000011920929
2840,1.4200000,0.19801655411720276,0.22589999437332153
2841,1.4205000,0.19951175153255463,0.22400000691413879
2842,1.4210000,0.20062491297721863,0.22220000624656677
2843,1.4215000,0.20137786865234375,0.22050000727176666
2844,1.4220000,0.20179209113121033,0.21909999847412109
2845,1.4225000,0.20189099013805389,0.21770000457763672
2846,1.4230000,0.20169764757156372,0.21660000085830688
2847,1.4235000,0.20123307406902313,0.21549999713897705
2848,1.4240000,0.20051836967468262,0.21469999849796295
2849,1.4245000,0.1995740681886673,0.21400000154972076
2850,1.4250000,0.19842015206813812,0.21340000629425049
2851,1.4255000,0.19707584381103516,0.21299999952316284
2852,1.4260000,0.19555743038654327,0.21279999613761902
2853,1.4265000,0.1938793808221817,0.21269999444484711
2854,1.4270000,0.19205822050571442,0.21269999444484711
2855,1.4275000,0.19011326134204865,0.21279999613761902
2856,1.4280000,0.18806721270084381,0.21310000121593475
2857,1.4285000,0.18594108521938324,0.21349999308586121
2858,1.4290000,0.18375581502914429,0.21400000154972076
2859,1.4295000,0.18152907490730286,0.21459999680519104
2860,1.4300000,0.17926870286464691,0.21520000696182251
2861,1.4305000,0.17698816955089569,0.21600000560283661
2862,1.4310000,0.17470505833625793,0.21680000424385071
2863,1.4315000,0.17243044078350067,0.21770000457763672
2864,1.4320000,0.17017266154289246,0.21860000491142273
2865,1.4325000,0.16793824732303619,0.21960000693798065
2866,1.4330000,0.16573350131511688,0.22059999406337738
2867,1.4335000,0.1635642945766449,0.2215999960899353
2868,1.4340000,0.16144052147865295,0.22269999980926514
2869,1.4345000,0.15937457978725433,0.22370000183582306
2870,1.4350000,0.15737314522266388,0.22480000555515289
2871,1.4355000,0.15543991327285767,0.22579999268054962
2872,1.4360000,0.15357404947280884,0.22679999470710754
2873,1.4365000,0.1517760157585144,0.22779999673366547
2874,1.4370000,0.15005390346050262,0.22879999876022339
2875,1.4375000,0.14841216802597046,0.2296999990940094
2876,1.4380000,0.14685186743736267,0.23059999942779541
2877,1.4385000,0.1453789621591568,0.23139999806880951
2878,1.4390000,0.14399926364421844,0.23219999670982361
2879,1.4395000,0.14271359145641327,0.2328999936580658
2880,1.4400000,0.14152538776397705,0.23360000550746918
2881,1.4405000,0.14044512808322906,0.23420000076293945
2882,1.4410000,0.13947765529155731,0.23469999432563782
2883,1.4415000,0.13861611485481262,0.23520000278949738
2884,1.4420000,0.13785523176193237,0.23549999296665192
2885,1.4425000,0.13719308376312256,0.23579999804496765
2886,1.4430000,0.13663044571876526,0.23610000312328339
2887,1.4435000,0.13617050647735596,0.2362000048160553
2888,1.4440000,0.13581036031246185,0.23630000650882721
2889,1.4445000,0.13554321229457855,0.23630000650882721
2890,1.4450000,0.13535967469215393,0.23630000650882721
2891,1.4455000,0.13525024056434631,0.23610000312328339
2892,1.4460000,0.13520720601081848,0.23589999973773956
2893,1.4465000,0.13522383570671082,0.23569999635219574
2894,1.4470000,0.13530099391937256,0.23530000448226929
2895,1.4475000,0.13544189929962158,0.23489999771118164
2896,1.4480000,0.13564081490039825,0.23450000584125519
2897,1.4485000,0.13588604331016541,0.23399999737739563
2898,1.4490000,0.13616681098937988,0.23340000212192535
2899,1.4495000,0.13647612929344177,0.23280000686645508
2900,1.4500000,0.1368120014667511,0.23219999670982361
2901,1.4505000,0.13717280328273773,0.23149999976158142
2902,1.4510000,0.1375526636838913,0.23080000281333923
2903,1.4515000,0.13794565200805664,0.23010000586509705
2904,1.4520000,0.13835582137107849,0.22930000722408295
2905,1.4525000,0.13879695534706116,0.22849999368190765
2906,1.4530000,0.13927021622657776,0.22769999504089355
2907,1.4535000,0.13976314663887024,0.22689999639987946
2908,1.4540000,0.14026804268360138,0.22599999606609344
2909,1.4545000,0.14078184962272644,0.22519999742507935
2910,1.4550000,0.14130403101444244,0.22429999709129333
2911,1.4555000,0.14183244109153748,0.22349999845027924
2912,1.4560000,0.14236357808113098,0.22259999811649323
2913,1.4565000,0.14289951324462891,0.22179999947547913
2914,1.4570000,0.14344100654125214,0.22089999914169312
2915,1.4575000,0.1439833790063858,0.22010000050067902
2916,1.4580000,0.14452472329139709,0.21930000185966492
2917,1.4585000,0.14506359398365021,0.21850000321865082
2918,1.4590000,0.14559675753116608,0.21770000457763672
2919,1.4595000,0.14612537622451782,0.21699999272823334
2920,1.4600000,0.14665554463863373,0.21629999577999115
2921,1.4605000,0.14719310402870178,0.21559999883174896
2922,1.4610000,0.14773441851139069,0.21490000188350677
2923,1.4615000,0.14827074110507965,0.21420000493526459
2924,1.4620000,0.1487957090139389,0.21359999477863312
2925,1.4625000,0.1493062824010849,0.21299999952316284
2926,1.4630000,0.14980748295783997,0.21250000596046448
2927,1.4635000,0.15030176937580109,0.21199999749660492
2928,1.4640000,0.15078316628932953,0.21150000393390656
2929,1.4645000,0.1512502133846283,0.210999995470047
2930,1.4650000,0.15170362591743469,0.21060000360012054
2931,1.4655000,0.15214081108570099,0.2101999968290329
2932,1.4660000,0.15255835652351379,0.20980000495910645
2933,1.4665000,0.15295003354549408,0.20949999988079071
2934,1.4670000,0.15331351757049561,0.20919999480247498
2935,1.4675000,0.15364976227283478,0.20900000631809235
2936,1.4680000,0.15395264327526093,0.20880000293254852
2937,1.4685000,0.1542159765958786,0.2085999995470047
2938,1.4690000,0.15443538129329681,0.20849999785423279
2939,1.4695000,0.15460856258869171,0.20839999616146088
2940,1.4700000,0.15474234521389008,0.20829999446868896
2941,1.4705000,0.1548408716917038,0.20819999277591705
2942,1.4710000,0.15490452945232391,0.20819999277591705
2943,1.4715000,0.15493682026863098,0.20829999446868896
2944,1.4720000,0.15493403375148773,0.20829999446868896
2945,1.4725000,0.15488842129707336,0.20839999616146088
2946,1.4730000,0.1547962874174118,0.20849999785423279
2947,1.4735000,0.15466058254241943,0.20870000123977661
2948,1.4740000,0.15449178218841553,0.20890000462532043
2949,1.4745000,0.15429507195949554,0.20909999310970306
2950,1.4750000,0.15406796336174011,0.20929999649524689
2951,1.4755000,0.1538088321685791,0.20960000157356262
2952,1.4760000,0.15351682901382446,0.20990000665187836
2953,1.4765000,0.1531912088394165,0.2101999968290329
2954,1.4770000,0.15283405780792236,0.21050000190734863
2955,1.4775000,0.15245136618614197,0.21089999377727509
2956,1.4780000,0.15205121040344238,0.21130000054836273
2957,1.4785000,0.15164011716842651,0.21170000731945038
2958,1.4790000,0.15121953189373016,0.21220000088214874
2959,1.4795000,0.15079012513160706,0.2125999927520752
2960,1.4800000,0.15035295486450195,0.21310000121593475
2961,1.4805000,0.149903804063797,0.21359999477863312
2962,1.4810000,0.1494414359331131,0.21410000324249268
2963,1.4815000,0.14897124469280243,0.21469999849796295
2964,1.4820000,0.14849755167961121,0.21529999375343323
2965,1.4825000,0.14802667498588562,0.21580000221729279
2966,1.4830000,0.14756423234939575,0.21639999747276306
2967,1.4835000,0.14711222052574158,0.21709999442100525
2968,1.4840000,0.14667372405529022,0.21770000457763672
2969,1.4845000,0.14625118672847748,0.21829999983310699
2970,1.4850000,0.14584746956825256,0.21899999678134918
2971,1.4855000,0.14546836912631989,0.21960000693798065
2972,1.4860000,0.1451183408498764,0.22030000388622284
2973,1.4865000,0.14479699730873108,0.22100000083446503
2974,1.4870000,0.14450094103813171,0.22169999778270721
2975,1.4875000,0.14422909915447235,0.2223999947309494
2976,1.4880000,0.14398033916950226,0.22310000658035278
2977,1.4885000,0.14374887943267822,0.22380000352859497
2978,1.4890000,0.14353305101394653,0.22450000047683716
2979,1.4895000,0.14333538711071014,0.22519999742507935
2980,1.4900000,0.1431555449962616,0.22589999437332153
2981,1.4905000,0.14299178123474121,0.22660000622272491
2982,1.4910000,0.14284221827983856,0.2273000031709671
2983,1.4915000,0.14270654320716858,0.22800000011920929
2984,1.4920000,0.14258892834186554,0.22869999706745148
2985,1.4925000,0.14249381422996521,0.22939999401569366
2986,1.4930000,0.14241719245910645,0.23000000417232513
2987,1.4935000,0.14235477149486542,0.23070000112056732
2988,1.4940000,0.14231298863887787,0.23139999806880951
2989,1.4945000,0.14229720830917358,0.23199999332427979
2990,1.4950000,0.14230410754680634,0.23260000348091125
2991,1.4955000,0.1423323005437851,0.23330000042915344
2992,1.4960000,0.14238518476486206,0.23389999568462372
2993,1.4965000,0.14246094226837158,0.23450000584125519
2994,1.4970000,0.14255429804325104,0.23499999940395355
2995,1.4975000,0.14266315102577209,0.23559999465942383
2996,1.4980000,0.14278587698936462,0.23610000312328339
2997,1.4985000,0.14292438328266144,0.23669999837875366
2998,1.4990000,0.14308442175388336,0.23720000684261322
2999,1.4995000,0.14326712489128113,0.23770000040531158
3000,1.5000000,0.14346978068351746,0.23819999396800995
3001,1.5005000,0.14368776977062225,0.2386000007390976
3002,1.5010000,0.14391867816448212,0.23909999430179596
3003,1.5015000,0.14416560530662537,0.23950000107288361
3004,1.5020000,0.14442868530750275,0.23999999463558197
3005,1.5025000,0.14471015334129333,0.24040000140666962
3006,1.5030000,0.14501564204692841,0.24079999327659607
3007,1.5035000,0.145342618227005,0.24120000004768372
3008,1.5040000,0.14569394290447235,0.24160000681877136
3009,1.5045000,0.14607581496238708,0.24199999868869781
3010,1.5050000,0.14648362994194031,0.24240000545978546
3011,1.5055000,0.14691366255283356,0.24279999732971191
3012,1.5060000,0.14736148715019226,0.24320000410079956
3013,1.5065000,0.1478232741355896,0.2434999942779541
3014,1.5070000,0.14830167591571808,0.24390000104904175
3015,1.5075000,0.14879599213600159,0.2442999929189682
3016,1.5080000,0.14930301904678345,0.24469999969005585
3017,1.5085000,0.14982025325298309,0.24510000646114349
3018,1.5090000,0.15034337341785431,0.24549999833106995
3019,1.5095000,0.15086694061756134,0.24590000510215759
3020,1.5100000,0.15138687193393707,0.24629999697208405
3021,1.5105000,0.15190286934375763,0.2468000054359436
3022,1.5110000,0.15241490304470062,0.24719999730587006
3023,1.5115000,0.15292200446128845,0.24770000576972961
3024,1.5120000,0.15342403948307037,0.24819999933242798
3025,1.5125000,0.15392307937145233,0.24869999289512634
3026,1.5130000,0.15442101657390594,0.2492000013589859
3027,1.5135000,0.1549159437417984,0.24969999492168427
3028,1.5140000,0.15540476143360138,0.25029999017715454
3029,1.5145000,0.15589000284671783,0.25090000033378601
3030,1.5150000,0.15637767314910889,0.25150001049041748
3031,1.5155000,0.15686897933483124,0.25209999084472656
3032,1.5160000,0.15736699104309082,0.25279998779296875
3033,1.5165000,0.15787731111049652,0.25350001454353333
3034,1.5170000,0.1584007740020752,0.25420001149177551
3035,1.5175000,0.15893669426441193,0.2549000084400177
3036,1.5180000,0.15948426723480225,0.25569999217987061
3037,1.5185000,0.16004467010498047,0.2565000057220459
3038,1.5190000,0.16062153875827789,0.2572999894618988
3039,1.5195000,0.16121493279933929,0.25819998979568481
3040,1.5200000,0.16183276474475861,0.25909999012947083
3041,1.5205000,0.16249355673789978,0.25999999046325684
3042,1.5210000,0.16320261359214783,0.26089999079704285
3043,1.5215000,0.16395258903503418,0.26190000772476196
3044,1.5220000,0.16474036872386932,0.26289999485015869
3045,1.5225000,0.16556465625762939,0.26399999856948853
3046,1.5230000,0.16642293334007263,0.26499998569488525
3047,1.5235000,0.16731704771518707,0.26609998941421509
3048,1.5240000,0.16824953258037567,0.26730000972747803
3049,1.5245000,0.16921962797641754,0.26840001344680786
3050,1.5250000,0.17022249102592468,0.26960000395774841
3051,1.5255000,0.17125217616558075,0.27090001106262207
3052,1.5260000,0.17230916023254395,0.27210000157356262
3053,1.5265000,0.17339448630809784,0.27340000867843628
3054,1.5270000,0.1745031327009201,0.27469998598098755
3055,1.5275000,0.17563155293464661,0.27610000967979431
3056,1.5280000,0.17678524553775787,0.27750000357627869
3057,1.5285000,0.17797012627124786,0.27889999747276306
3058,1.5290000,0.17918285727500916,0.28029999136924744
3059,1.5295000,0.18041399121284485,0.28180000185966492
3060,1.5300000,0.18165934085845947,0.2833000123500824
3061,1.5305000,0.18292158842086792,0.28479999303817749
3062,1.5310000,0.18420016765594482,0.28639999032020569
3063,1.5315000,0.185494065284729,0.28799998760223389
3064,1.5320000,0.1868104487657547,0.28960001468658447
3065,1.5325000,0.18815878033638,0.29120001196861267
3066,1.5330000,0.18953743577003479,0.29289999604225159
3067,1.5335000,0.19093996286392212,0.29460000991821289
3068,1.5340000,0.19236762821674347,0.29640001058578491
3069,1.5345000,0.19382286071777344,0.29809999465942383
3070,1.5350000,0.19530187547206879,0.30000001192092896
3071,1.5355000,0.19679956138134003,0.30180001258850098
3072,1.5360000,0.19832071661949158,0.30370000004768372
3073,1.5365000,0.19987855851650238,0.30559998750686646
3074,1.5370000,0.20147818326950073,0.30750000476837158
3075,1.5375000,0.20311576128005981,0.30950000882148743
3076,1.5380000,0.20478624105453491,0.31150001287460327
3077,1.5385000,0.20648768544197083,0.31349998712539673
3078,1.5390000,0.20822060108184814,0.31560000777244568
3079,1.5395000,0.20998440682888031,0.31769999861717224
3080,1.5400000,0.21178147196769714,0.3197999894618988
3081,1.5405000,0.21361574530601501,0.32199999690055847
3082,1.5410000,0.21548604965209961,0.32429999113082886
3083,1.5415000,0.21738658845424652,0.32649999856948853
3084,1.5420000,0.21931132674217224,0.32890000939369202
3085,1.5425000,0.2212558388710022,0.3312000036239624
3086,1.5430000,0.22321741282939911,0.33360001444816589
3087,1.5435000,0.22519406676292419,0.3361000120639801
3088,1.5440000,0.22718563675880432,0.33860000967979431
3089,1.5445000,0.22919654846191406,0.34110000729560852
3090,1.5450000,0.23123250901699066,0.34369999170303345
3091,1.5455000,0.23329064249992371,0.34639999270439148
3092,1.5460000,0.23536276817321777,0.34909999370574951
3093,1.5465000,0.23744720220565796,0.35179999470710754
3094,1.5470000,0.23954428732395172,0.35460001230239868
3095,1.5475000,0.24164992570877075,0.35740000009536743
3096,1.5480000,0.24376119673252106,0.36030000448226929
3097,1.5485000,0.24588446319103241,0.36329999566078186
3098,1.5490000,0.24802796542644501,0.36629998683929443
3099,1.5495000,0.25018972158432007,0.36930000782012939
3100,1.5500000,0.25236046314239502,0.37239998579025269
3101,1.5505000,0.25453382730484009,0.37549999356269836
3102,1.5510000,0.25670909881591797,0.37869998812675476
3103,1.5515000,0.2588844895362854,0.38190001249313354
3104,1.5520000,0.26106071472167969,0.38519999384880066
3105,1.5525000,0.2632480263710022,0.38850000500679016
3106,1.5530000,0.26545646786689758,0.39190000295639038
3107,1.5535000,0.26768606901168823,0.3953000009059906
3108,1.5540000,0.26993107795715332,0.39869999885559082
3109,1.5545000,0.27218890190124512,0.40220001339912415
3110,1.5550000,0.27445977926254272,0.40569999814033508
3111,1.5555000,0.27674105763435364,0.40920001268386841
3112,1.5560000,0.279033362865448,0.41280001401901245
3113,1.5565000,0.28134292364120483,0.41629999876022339
3114,1.5570000,0.28367364406585693,0.41990000009536743
3115,1.5575000,0.28602519631385803,0.42359998822212219
3116,1.5580000,0.28839582204818726,0.42719998955726624
3117,1.5585000,0.2907823920249939,0.43079999089241028
3118,1.5590000,0.2931787371635437,0.43450000882148743
3119,1.5595000,0.29558053612709045,0.43810001015663147
3120,1.5600000,0.29798883199691772,0.44179999828338623
3121,1.5605000,0.30040377378463745,0.44539999961853027
3122,1.5610000,0.30282402038574219,0.44909998774528503
3123,1.5615000,0.30524954199790955,0.45269998908042908
3124,1.5620000,0.30768045783042908,0.45629999041557312
3125,1.5625000,0.31011509895324707,0.45989999175071716
3126,1.5630000,0.31254932284355164,0.46349999308586121
3127,1.5635000,0.31498372554779053,0.46700000762939453
3128,1.5640000,0.31742578744888306,0.47049999237060547
3129,1.5645000,0.31987714767456055,0.47400000691413879
3130,1.5650000,0.32232797145843506,0.47740000486373901
3131,1.5655000,0.32477113604545593,0.48089998960494995
3132,1.5660000,0.32720908522605896,0.48420000076293945
3133,1.5665000,0.32964348793029785,0.48750001192092896
3134,1.5670000,0.3320731520652771,0.49079999327659607
3135,1.5675000,0.33449971675872803,0.49399998784065247
3136,1.5680000,0.33693578839302063,0.49720001220703125
3137,1.5685000,0.33939409255981445,0.50029999017715454
3138,1.5690000,0.34187158942222595,0.5033000111579895
3139,1.5695000,0.34436365962028503,0.50629997253417969
3140,1.5700000,0.34686881303787231,0.50919997692108154
3141,1.5705000,0.34938496351242065,0.5120999813079834
3142,1.5710000,0.35191246867179871,0.51490002870559692
3143,1.5715000,0.35445523262023926,0.51770001649856567
3144,1.5720000,0.35702231526374817,0.52039998769760132
3145,1.5725000,0.35961946845054626,0.52300000190734863
3146,1.5730000,0.36224660277366638,0.52560001611709595
3147,1.5735000,0.36490556597709656,0.52810001373291016
3148,1.5740000,0.36759594082832336,0.53049999475479126
3149,1.5745000,0.37031266093254089,0.53289997577667236
3150,1.5750000,0.37305331230163574,0.53519999980926514
3151,1.5755000,0.37582013010978699,0.53750002384185791
3152,1.5760000,0.37861713767051697,0.5396999716758728
3153,1.5765000,0.38144999742507935,0.54189997911453247
3154,1.5770000,0.38432243466377258,0.54400002956390381
3155,1.5775000,0.38723385334014893,0.54600000381469727
3156,1.5780000,0.3901807963848114,0.54799997806549072
3157,1.5785000,0.39315909147262573,0.55000001192092896
3158,1.5790000,0.39616751670837402,0.55190002918243408
3159,1.5795000,0.39920428395271301,0.55379998683929443
3160,1.5800000,0.40226414799690247,0.55559998750686646
3161,1.5805000,0.40534177422523499,0.55739998817443848
3162,1.5810000,0.4084312915802002,0.5591999888420105
3163,1.5815000,0.41152611374855042,0.56099998950958252
3164,1.5820000,0.41461938619613647,0.56269997358322144
3165,1.5825000,0.41770559549331665,0.56440001726150513
3166,1.5830000,0.42078831791877747,0.56599998474121094
3167,1.5835000,0.42386958003044128,0.56770002841949463
3168,1.5840000,0.42693760991096497,0.56929999589920044
3169,1.5845000,0.42998272180557251,0.57090002298355103
3170,1.5850000,0.43300023674964905,0.57249999046325684
3171,1.5855000,0.43598487973213196,0.57410001754760742
3172,1.5860000,0.43893763422966003,0.57569998502731323
3173,1.5865000,0.44185802340507507,0.57730001211166382
3174,1.5870000,0.44474369287490845,0.57889997959136963
3175,1.5875000,0.44759485125541687,0.58050000667572021
3176,1.5880000,0.45040181279182434,0.58209997415542603
3177,1.5885000,0.45314601063728333,0.58370000123977661
3178,1.5890000,0.45581653714179993,0.5853000283241272
3179,1.5895000,0.45841631293296814,0.58689999580383301
3180,1.5900000,0.46095114946365356,0.58850002288818359
3181,1.5905000,0.46341761946678162,0.5900999903678894
3182,1.5910000,0.46581056714057922,0.59179997444152832
3183,1.5915000,0.46813097596168518,0.59340000152587891
3184,1.5920000,0.47038447856903076,0.59500002861022949
3185,1.5925000,0.47258031368255615,0.59670001268386841
3186,1.5930000,0.47472167015075684,0.59829998016357422
3187,1.5935000,0.47680613398551941,0.60000002384185791
3188,1.5940000,0.47883617877960205,0.60159999132156372
3189,1.5945000,0.48081240057945251,0.60329997539520264
3190,1.5950000,0.48272973299026489,0.60490000247955322
3191,1.5955000,0.48458480834960938,0.60659998655319214
3192,1.5960000,0.48639610409736633,0.60820001363754272
3193,1.5965000,0.48820048570632935,0.60979998111724854
3194,1.5970000,0.490008145570755,0.61140000820159912
3195,1.5975000,0.49180790781974792,0.61299997568130493
3196,1.5980000,0.49359631538391113,0.61460000276565552
3197,1.5985000,0.49537253379821777,0.616100013256073
3198,1.5990000,0.4971332848072052,0.61760002374649048
3199,1.5995000,0.49887412786483765,0.61900001764297485
3200,1.6000000,0.50058698654174805,0.62040001153945923
3201,1.6005000,0.50226026773452759,0.6218000054359436
3202,1.6010000,0.50388467311859131,0.62300002574920654
3203,1.6015000,0.50545883178710938,0.62430000305175781
3204,1.6020000,0.50698870420455933,0.62540000677108765
3205,1.6025000,0.50847434997558594,0.62639999389648438
3206,1.6030000,0.50990843772888184,0.6273999810218811
3207,1.6035000,0.51128900051116943,0.6283000111579895
3208,1.6040000,0.51263213157653809,0.62900000810623169
3209,1.6045000,0.51396471261978149,0.62970000505447388
3210,1.6050000,0.51529121398925781,0.63020002841949463
3211,1.6055000,0.51659780740737915,0.6305999755859375
3212,1.6060000,0.51787835359573364,0.63090002536773682
3213,1.6065000,0.51913160085678101,0.63099998235702515
3214,1.6070000,0.52035379409790039,0.63090002536773682
3215,1.6075000,0.52153897285461426,0.63069999217987061
3216,1.6080000,0.52268731594085693,0.63040000200271606
3217,1.6085000,0.5238029956817627,0.62989997863769531
3218,1.6090000,0.52488237619400024,0.62910002470016479
3219,1.6095000,0.5259174108505249,0.6281999945640564
3220,1.6100000,0.52690184116363525,0.62709999084472656
3221,1.6105000,0.52782893180847168,0.62580001354217529
3222,1.6110000,0.52869236469268799,0.62430000305175781
3223,1.6115000,0.52949082851409912,0.6226000189781189
3224,1.6120000,0.53023028373718262,0.62059998512268066
3225,1.6125000,0.5309184193611145,0.618399977684021
3226,1.6130000,0.53154802322387695,0.61599999666213989
3227,1.6135000,0.53210186958312988,0.61330002546310425
3228,1.6140000,0.53257441520690918,0.61040002107620239
3229,1.6145000,0.53296589851379395,0.60729998350143433
3230,1.6150000,0.5332714319229126,0.60379999876022339
3231,1.6155000,0.53348588943481445,0.60019999742507935
3232,1.6160000,0.53359496593475342,0.59619998931884766
3233,1.6165000,0.53357160091400146,0.59200000762939453
3234,1.6170000,0.53339767456054688,0.58749997615814209
3235,1.6175000,0.53306996822357178,0.58279997110366821
3236,1.6180000,0.53258490562438965,0.57779997587203979
3237,1.6185000,0.53193861246109009,0.57249999046325684
3238,1.6190000,0.5311322808265686,0.56690001487731934
3239,1.6195000,0.53015947341918945,0.56099998950958252
3240,1.6200000,0.52900254726409912,0.55489999055862427
3241,1.6205000,0.52765220403671265,0.54850000143051147
3242,1.6210000,0.52611243724822998,0.54180002212524414
3243,1.6215000,0.52439272403717041,0.53479999303817749
3244,1.6220000,0.52249801158905029,0.5274999737739563
3245,1.6225000,0.52041923999786377,0.51999998092651367
3246,1.6230000,0.51815003156661987,0.5121999979019165
3247,1.6235000,0.51568853855133057,0.50410002470016479
3248,1.6240000,0.51302927732467651,0.49570000171661377
3249,1.6245000,0.51017469167709351,0.48710000514984131
3250,1.6250000,0.50713646411895752,0.47819998860359192
3251,1.6255000,0.50392276048660278,0.46900001168251038
3252,1.6260000,0.50053322315216064,0.45960000157356262
3253,1.6265000,0.49695917963981628,0.44999998807907104
3254,1.6270000,0.49319303035736084,0.43999999761581421
3255,1.6275000,0.48923778533935547,0.42989999055862427
3256,1.6280000,0.48509949445724487,0.41949999332427979
3257,1.6285000,0.48078656196594238,0.40880000591278076
3258,1.6290000,0.47630664706230164,0.39800000190734863
3259,1.6295000,0.47165346145629883,0.38690000772476196
3260,1.6300000,0.46681034564971924,0.37560001015663147
3261,1.6305000,0.46176835894584656,0.36410000920295715
3262,1.6310000,0.45653384923934937,0.35240000486373901
3263,1.6315000,0.45112177729606628,0.34049999713897705
3264,1.6320000,0.44554376602172852,0.32839998602867126
3265,1.6325000,0.43980732560157776,0.31610000133514404
3266,1.6330000,0.4339117705821991,0.30370000004768372
3267,1.6335000,0.42784920334815979,0.29100000858306885
3268,1.6340000,0.4216105043888092,0.27829998731613159
3269,1.6345000,0.41517844796180725,0.2653999924659729
3270,1.6350000,0.40854433178901672,0.25229999423027039
3271,1.6355000,0.40171504020690918,0.23909999430179596
3272,1.6360000,0.39469930529594421,0.22579999268054962
3273,1.6365000,0.38750296831130981,0.21240000426769257
3274,1.6370000,0.38012278079986572,0.1988999992609024
3275,1.6375000,0.37254905700683594,0.18529999256134033
3276,1.6380000,0.36476704478263855,0.17149999737739563
3277,1.6385000,0.35676947236061096,0.15780000388622284
3278,1.6390000,0.34856599569320679,0.14390000700950623
3279,1.6395000,0.34016913175582886,0.12999999523162842
3280,1.6400000,0.33158665895462036,0.11599999666213989
3281,1.6405000,0.32282242178916931,0.10199999809265137
3282,1.6410000,0.31388199329376221,0.08789999783039093
3283,1.6415000,0.30476975440979004,0.073899999260902405
3284,1.6420000,0.29548025131225586,0.059799998998641968
3285,1.6425000,0.28600907325744629,0.045699998736381531
3286,1.6430000,0.27637088298797607,0.031599998474121094
3287,1.6435000,0.26657739281654358,0.017500000074505806
3288,1.6440000,0.25661978125572205,0.0035000001080334187
3289,1.6445000,0.24648551642894745,-0.010599999688565731
3290,1.6450000,0.2361714243888855,-0.024599999189376831
3291,1.6455000,0.22568714618682861,-0.038499999791383743
3292,1.6460000,0.215044766664505,-0.052400000393390656
3293,1.6465000,0.20425373315811157,-0.066200003027915955
3294,1.6470000,0.19332584738731384,-0.079999998211860657
3295,1.6475000,0.18227373063564301,-0.093599997460842133
3296,1.6480000,0.17110680043697357,-0.10719999670982361
3297,1.6485000,0.15983562171459198,-0.12070000171661377
3298,1.6490000,0.1484660804271698,-0.13410000503063202
3299,1.6495000,0.13700312376022339,-0.14730000495910645
3300,1.6500000,0.12546032667160034,-0.16050000488758087
3301,1.6505000,0.11384569108486176,-0.17350000143051147
3302,1.6510000,0.10216688364744186,-0.18639999628067017
3303,1.6515000,0.090433306992053986,-0.19910000264644623
3304,1.6520000,0.07865181565284729,-0.21170000731945038
3305,1.6525000,0.066845707595348358,-0.22409999370574951
3306,1.6530000,0.055030718445777893,-0.23639999330043793
3307,1.6535000,0.043206319212913513,-0.24850000441074371
3308,1.6540000,0.031382735818624496,-0.26039999723434448
3309,1.6545000,0.019565347582101822,-0.27219998836517334
3310,1.6550000,0.007754916325211525,-0.28380000591278076
3311,1.6555000,-0.0040497342124581337,-0.29519999027252197
3312,1.6560000,-0.015858825296163559,-0.30640000104904175
3313,1.6565000,-0.027674183249473572,-0.3174000084400177
3314,1.6570000,-0.039490379393100739,-0.32820001244544983
3315,1.6575000,-0.051304575055837631,-0.33880001306533813
3316,1.6580000,-0.063107132911682129,-0.34920001029968262
3317,1.6585000,-0.074883535504341125,-0.35940000414848328
3318,1.6590000,-0.08662019670009613,-0.36939999461174011
3319,1.6595000,-0.098302245140075684,-0.37920001149177551
3320,1.6600000,-0.1099257618188858,-0.3887999951839447
3321,1.6605000,-0.12149758636951447,-0.39809998869895935
3322,1.6610000,-0.13301956653594971,-0.40729999542236328
3323,1.6615000,-0.14448362588882446,-0.41620001196861267
3324,1.6620000,-0.15587994456291199,-0.42489999532699585
3325,1.6625000,-0.16720134019851685,-0.43340000510215759
3326,1.6630000,-0.17844097316265106,-0.44170001149177551
3327,1.6635000,-0.18959251046180725,-0.44980001449584961
3328,1.6640000,-0.20064619183540344,-0.45770001411437988
3329,1.6645000,-0.21160010993480682,-0.46540001034736633
3330,1.6650000,-0.22245846688747406,-0.47279998660087585
3331,1.6655000,-0.23321285843849182,-0.48010000586509705
3332,1.6660000,-0.24384747445583344,-0.48710000514984131
3333,1.6665000,-0.25435155630111694,-0.49399998784065247
3334,1.6670000,-0.2647213339805603,-0.50059998035430908
3335,1.6675000,-0.27495431900024414,-0.50709998607635498
3336,1.6680000,-0.28504291176795959,-0.51330000162124634
3337,1.6685000,-0.29497277736663818,-0.51940000057220459
3338,1.6690000,-0.30473542213439941,-0.52530002593994141
3339,1.6695000,-0.31433266401290894,-0.53100001811981201
3340,1.6700000,-0.32376360893249512,-0.53649997711181641
3341,1.6705000,-0.33302390575408936,-0.54180002212524414
3342,1.6710000,-0.34210851788520813,-0.54699999094009399
3343,1.6715000,-0.3510100245475769,-0.55199998617172241
3344,1.6720000,-0.35972559452056885,-0.55680000782012939
3345,1.6725000,-0.36825618147850037,-0.56139999628067017
3346,1.6730000,-0.37660151720046997,-0.56590002775192261
3347,1.6735000,-0.38476508855819702,-0.57029998302459717
3348,1.6740000,-0.39274781942367554,-0.57440000772476196
3349,1.6745000,-0.40054455399513245,-0.57849997282028198
3350,1.6750000,-0.40815457701683044,-0.58230000734329224
3351,1.6755000,-0.41557902097702026,-0.58609998226165771
3352,1.6760000,-0.42281228303909302,-0.58969998359680176
3353,1.6765000,-0.42984908819198608,-0.59310001134872437
3354,1.6770000,-0.43669065833091736,-0.59640002250671387
3355,1.6775000,-0.44333970546722412,-0.59960001707077026
3356,1.6780000,-0.44980150461196899,-0.60259997844696045
3357,1.6785000,-0.45608609914779663,-0.6054999828338623
3358,1.6790000,-0.46219789981842041,-0.60829997062683105
3359,1.6795000,-0.46813046932220459,-0.61100000143051147
3360,1.6800000,-0.47388285398483276,-0.61349999904632568
3361,1.6805000,-0.4794636070728302,-0.61599999666213989
3362,1.6810000,-0.48487564921379089,-0.61830002069473267
3363,1.6815000,-0.4901154637336731,-0.62050002813339233
3364,1.6820000,-0.49518623948097229,-0.6226000189781189
3365,1.6825000,-0.50009626150131226,-0.62459999322891235
3366,1.6830000,-0.50485187768936157,-0.62650001049041748
3367,1.6835000,-0.50945740938186646,-0.6281999945640564
3368,1.6840000,-0.51391488313674927,-0.62989997863769531
3369,1.6845000,-0.51822066307067871,-0.6315000057220459
3370,1.6850000,-0.52236944437026978,-0.63300001621246338
3371,1.6855000,-0.52636200189590454,-0.63440001010894775
3372,1.6860000,-0.53020423650741577,-0.63569998741149902
3373,1.6865000,-0.53390157222747803,-0.63700002431869507
3374,1.6870000,-0.53745430707931519,-0.6381000280380249
3375,1.6875000,-0.54086291790008545,-0.63919997215270996
3376,1.6880000,-0.54412496089935303,-0.64010000228881836
3377,1.6885000,-0.54723000526428223,-0.64109998941421509
3378,1.6890000,-0.55016887187957764,-0.64190000295639038
3379,1.6895000,-0.55294376611709595,-0.64270001649856567
3380,1.6900000,-0.55556690692901611,-0.64340001344680786
3381,1.6905000,-0.55804699659347534,-0.64399999380111694
3382,1.6910000,-0.56038278341293335,-0.64459997415542603
3383,1.6915000,-0.56257236003875732,-0.64509999752044678
3384,1.6920000,-0.56461584568023682,-0.64550000429153442
3385,1.6925000,-0.56650823354721069,-0.64590001106262207
3386,1.6930000,-0.56825125217437744,-0.64630001783370972
3387,1.6935000,-0.56985676288604736,-0.64649999141693115
3388,1.6940000,-0.57133257389068604,-0.64679998159408569
3389,1.6945000,-0.57268708944320679,-0.6470000147819519
3390,1.6950000,-0.57392728328704834,-0.64709997177124023
3391,1.6955000,-0.57504993677139282,-0.64719998836517334
3392,1.6960000,-0.5760532021522522,-0.64719998836517334
3393,1.6965000,-0.57694244384765625,-0.64719998836517334
3394,1.6970000,-0.57772475481033325,-0.64719998836517334
3395,1.6975000,-0.57840931415557861,-0.64709997177124023
3396,1.6980000,-0.57900369167327881,-0.6470000147819519
3397,1.6985000,-0.57950770854949951,-0.64679998159408569
3398,1.6990000,-0.57991898059844971,-0.64660000801086426
3399,1.6995000,-0.58024394512176514,-0.64639997482299805
3400,1.7000000,-0.58048588037490845,-0.64609998464584351
3401,1.7005000,-0.58064067363739014,-0.64579999446868896
3402,1.7010000,-0.58071422576904297,-0.64550000429153442
3403,1.7015000,-0.58071517944335938,-0.64509999752044678
3404,1.7020000,-0.58064651489257812,-0.64469999074935913
3405,1.7025000,-0.58051037788391113,-0.64420002698898315
3406,1.7030000,-0.58031046390533447,-0.64380002021789551
3407,1.7035000,-0.5800517201423645,-0.64329999685287476
3408,1.7040000,-0.57974123954772949,-0.64270001649856567
3409,1.7045000,-0.57938778400421143,-0.64219999313354492
3410,1.7050000,-0.5789954662322998,-0.64160001277923584
3411,1.7055000,-0.57856464385986328,-0.64090001583099365
3412,1.7060000,-0.57809358835220337,-0.64029997587203979
3413,1.7065000,-0.57758218050003052,-0.63959997892379761
3414,1.7070000,-0.57703691720962524,-0.63880002498626709
3415,1.7075000,-0.57645952701568604,-0.6381000280380249
3416,1.7080000,-0.57584148645401001,-0.63730001449584961
3417,1.7085000,-0.57517880201339722,-0.63650000095367432
3418,1.7090000,-0.57447737455368042,-0.63559997081756592
3419,1.7095000,-0.57374334335327148,-0.6348000168800354
3420,1.7100000,-0.57297909259796143,-0.633899986743927
3421,1.7105000,-0.5721856951713562,-0.63289999961853027
3422,1.7110000,-0.57136356830596924,-0.63200002908706665
3423,1.7115000,-0.57051074504852295,-0.63099998235702515
3424,1.7120000,-0.56962984800338745,-0.62989997863769531
3425,1.7125000,-0.56872785091400146,-0.62889999151229858
3426,1.7130000,-0.56780451536178589,-0.62779998779296875
3427,1.7135000,-0.5668606162071228,-0.62669998407363892
3428,1.7140000,-0.56590354442596436,-0.62550002336502075
3429,1.7145000,-0.56493514776229858,-0.62430000305175781
3430,1.7150000,-0.56395256519317627,-0.62309998273849487
3431,1.7155000,-0.56295937299728394,-0.6218000054359436
3432,1.7160000,-0.56196290254592896,-0.62059998512268066
3433,1.7165000,-0.56096553802490234,-0.61919999122619629
3434,1.7170000,-0.55996733903884888,-0.61790001392364502
3435,1.7175000,-0.55897194147109985,-0.61650002002716064
3436,1.7180000,-0.55798256397247314,-0.61510002613067627
3437,1.7185000,-0.55700016021728516,-0.61369997262954712
3438,1.7190000,-0.55602222681045532,-0.61220002174377441
3439,1.7195000,-0.55503904819488525,-0.61070001125335693
3440,1.7200000,-0.55404728651046753,-0.60909998416900635
3441,1.7205000,-0.55304980278015137,-0.60750001668930054
3442,1.7210000,-0.55204117298126221,-0.60589998960494995
3443,1.7215000,-0.5510132908821106,-0.60420000553131104
3444,1.7220000,-0.54996597766876221,-0.60259997844696045
3445,1.7225000,-0.54890149831771851,-0.60079997777938843
3446,1.7230000,-0.54781758785247803,-0.59909999370574951
3447,1.7235000,-0.54670977592468262,-0.59729999303817749
3448,1.7240000,-0.54556930065155029,-0.59539997577667236
3449,1.7245000,-0.54438519477844238,-0.59350001811981201
3450,1.7250000,-0.54315316677093506,-0.59160000085830688
3451,1.7255000,-0.54187560081481934,-0.58969998359680176
3452,1.7260000,-0.54055821895599365,-0.5877000093460083
3453,1.7265000,-0.53920400142669678,-0.58569997549057007
3454,1.7270000,-0.5378105640411377,-0.58359998464584351
3455,1.7275000,-0.53637367486953735,-0.58149999380111694
3456,1.7280000,-0.53489220142364502,-0.57940000295639038
3457,1.7285000,-0.53337085247039795,-0.57730001211166382
3458,1.7290000,-0.53181362152099609,-0.57510000467300415
3459,1.7295000,-0.53022491931915283,-0.57279998064041138
3460,1.7300000,-0.52861273288726807,-0.57059997320175171
3461,1.7305000,-0.52697634696960449,-0.56830000877380371
3462,1.7310000,-0.52530944347381592,-0.56599998474121094
3463,1.7315000,-0.52361172437667847,-0.56360000371932983
3464,1.7320000,-0.52188611030578613,-0.56120002269744873
3465,1.7325000,-0.52014124393463135,-0.55879998207092285
3466,1.7330000,-0.51838654279708862,-0.55640000104904175
3467,1.7335000,-0.51662057638168335,-0.55400002002716064
3468,1.7340000,-0.51483845710754395,-0.55150002241134644
3469,1.7345000,-0.51303577423095703,-0.54900002479553223
3470,1.7350000,-0.51121050119400024,-0.54650002717971802
3471,1.7355000,-0.50936603546142578,-0.5439000129699707
3472,1.7360000,-0.50750434398651123,-0.54140001535415649
3473,1.7365000,-0.50563263893127441,-0.53880000114440918
3474,1.7370000,-0.50375545024871826,-0.53619998693466187
3475,1.7375000,-0.50186848640441895,-0.53359997272491455
3476,1.7380000,-0.49997133016586304,-0.53100001811981201
3477,1.7385000,-0.4980652928352356,-0.52829998731613159
3478,1.7390000,-0.49614912271499634,-0.52569997310638428
3479,1.7395000,-0.49422258138656616,-0.52300000190734863
3480,1.7400000,-0.49228465557098389,-0.52039998769760132
3481,1.7405000,-0.49033379554748535,-0.51770001649856567
3482,1.7410000,-0.48837548494338989,-0.51510000228881836
3483,1.7415000,-0.48641431331634521,-0.51239997148513794
3484,1.7420000,-0.48444411158561707,-0.50970000028610229
3485,1.7425000,-0.48246216773986816,-0.50700002908706665
3486,1.7430000,-0.48047560453414917,-0.50429999828338623
3487,1.7435000,-0.47848770022392273,-0.50169998407363892
3488,1.7440000,-0.47648701071739197,-0.49900001287460327
3489,1.7445000,-0.4744608998298645,-0.49630001187324524
3490,1.7450000,-0.47241672873497009,-0.49360001087188721
3491,1.7455000,-0.47036245465278625,-0.49099999666213989
3492,1.7460000,-0.46829330921173096,-0.48829999566078186
3493,1.7465000,-0.46620792150497437,-0.48559999465942383
3494,1.7470000,-0.46411186456680298,-0.4830000102519989
3495,1.7475000,-0.46200653910636902,-0.48030000925064087
3496,1.7480000,-0.45988383889198303,-0.47769999504089355
3497,1.7485000,-0.45773786306381226,-0.47510001063346863
3498,1.7490000,-0.45557767152786255,-0.4724000096321106
3499,1.7495000,-0.45341533422470093,-0.46979999542236328
3500,1.7500000,-0.45124998688697815,-0.46720001101493835
3501,1.7505000,-0.44907838106155396,-0.46459999680519104
3502,1.7510000,-0.44690233469009399,-0.46209999918937683
3503,1.7515000,-0.4447251558303833,-0.4595000147819519
3504,1.7520000,-0.44255656003952026,-0.45690000057220459
3505,1.7525000,-0.44040688872337341,-0.45440000295639038
3506,1.7530000,-0.43828111886978149,-0.45190000534057617
3507,1.7535000,-0.43617993593215942,-0.44940000772476196
3508,1.7540000,-0.43409603834152222,-0.44690001010894775
3509,1.7545000,-0.43202367424964905,-0.44440001249313354
3510,1.7550000,-0.42996609210968018,-0.44190001487731934
3511,1.7555000,-0.427927166223526,-0.43950000405311584
3512,1.7560000,-0.42591005563735962,-0.43700000643730164
3513,1.7565000,-0.42391687631607056,-0.43459999561309814
3514,1.7570000,-0.4219411313533783,-0.43220001459121704
3515,1.7575000,-0.41997542977333069,-0.42989999055862427
3516,1.7580000,-0.4180181622505188,-0.42750000953674316
3517,1.7585000,-0.41606903076171875,-0.42519998550415039
3518,1.7590000,-0.41413033008575439,-0.42289999127388
3519,1.7595000,-0.4122026264667511,-0.42059999704360962
3520,1.7600000,-0.41028314828872681,-0.41839998960494995
3521,1.7605000,-0.40837213397026062,-0.41609999537467957
3522,1.7610000,-0.40646824240684509,-0.4138999879360199
3523,1.7615000,-0.40457028150558472,-0.41170001029968262
3524,1.7620000,-0.40267965197563171,-0.40959998965263367
3525,1.7625000,-0.40079581737518311,-0.40740001201629639
3526,1.7630000,-0.39892065525054932,-0.40529999136924744
3527,1.7635000,-0.39705696702003479,-0.40320000052452087
3528,1.7640000,-0.39520522952079773,-0.40119999647140503
3529,1.7645000,-0.39336726069450378,-0.39919999241828918
3530,1.7650000,-0.39154291152954102,-0.39719998836517334
3531,1.7655000,-0.38973215222358704,-0.39520001411437988
3532,1.7660000,-0.3879372775554657,-0.39329999685287476
3533,1.7665000,-0.38615462183952332,-0.39140000939369202
3534,1.7670000,-0.38437816500663757,-0.38949999213218689
3535,1.7675000,-0.38261082768440247,-0.38769999146461487
3536,1.7680000,-0.38086184859275818,-0.38589999079704285
3537,1.7685000,-0.37913903594017029,-0.38409999012947083
3538,1.7690000,-0.3774474561214447,-0.38240000605583191
3539,1.7695000,-0.37578752636909485,-0.38069999217987061
3540,1.7700000,-0.37415769696235657,-0.37900000810623169
3541,1.7705000,-0.37255612015724182,-0.37729999423027039
3542,1.7710000,-0.37097689509391785,-0.37569999694824219
3543,1.7715000,-0.36941686272621155,-0.37409999966621399
3544,1.7720000,-0.36787298321723938,-0.37259998917579651
3545,1.7725000,-0.36633646488189697,-0.37099999189376831
3546,1.7730000,-0.36480402946472168,-0.36950001120567322
3547,1.7735000,-0.36327627301216125,-0.36809998750686646
3548,1.7740000,-0.36175340414047241,-0.36660000681877136
3549,1.7745000,-0.36023852229118347,-0.36520001292228699
3550,1.7750000,-0.35873270034790039,-0.36379998922348022
3551,1.7755000,-0.35723599791526794,-0.36239999532699585
3552,1.7760000,-0.35575065016746521,-0.36100000143051147
3553,1.7765000,-0.35427519679069519,-0.35969999432563782
3554,1.7770000,-0.35280534625053406,-0.35839998722076416
3555,1.7775000,-0.35133984684944153,-0.35710000991821289
3556,1.7780000,-0.3498784601688385,-0.35580000281333923
3557,1.7785000,-0.34842228889465332,-0.35449999570846558
3558,1.7790000,-0.34697133302688599,-0.35319998860359192
3559,1.7795000,-0.34552326798439026,-0.35199999809265137
3560,1.7800000,-0.34408038854598999,-0.35069999098777771
3561,1.7805000,-0.34264573454856873,-0.34950000047683716
3562,1.7810000,-0.34122005105018616,-0.3481999933719635
3563,1.7815000,-0.33980679512023926,-0.34700000286102295
3564,1.7820000,-0.33840787410736084,-0.34569999575614929
3565,1.7825000,-0.33702167868614197,-0.34450000524520874
3566,1.7830000,-0.33564546704292297,-0.34319999814033508
3567,1.7835000,-0.3342774510383606,-0.34200000762939453
3568,1.7840000,-0.33291858434677124,-0.34070000052452087
3569,1.7845000,-0.33157062530517578,-0.33939999341964722
3570,1.7850000,-0.33023574948310852,-0.33809998631477356
3571,1.7855000,-0.32891371846199036,-0.33680000901222229
3572,1.7860000,-0.32760310173034668,-0.33539998531341553
3573,1.7865000,-0.32630276679992676,-0.33410000801086426
3574,1.7870000,-0.32500690221786499,-0.33270001411437988
3575,1.7875000,-0.32371136546134949,-0.33129999041557312
3576,1.7880000,-0.32242316007614136,-0.32989999651908875
3577,1.7885000,-0.32115498185157776,-0.32839998602867126
3578,1.7890000,-0.31991097331047058,-0.32690000534057617
3579,1.7895000,-0.31868836283683777,-0.32539999485015869
3580,1.7900000,-0.31748554110527039,-0.3239000141620636
3581,1.7905000,-0.31630054116249084,-0.32229998707771301
3582,1.7910000,-0.31512880325317383,-0.32080000638961792
3583,1.7915000,-0.31396690011024475,-0.31909999251365662
3584,1.7920000,-0.31280997395515442,-0.31749999523162842
3585,1.7925000,-0.31164804100990295,-0.3158000111579895
3586,1.7930000,-0.31047549843788147,-0.3140999972820282
3587,1.7935000,-0.3092900812625885,-0.31240001320838928
3588,1.7940000,-0.30809122323989868,-0.31060001254081726
3589,1.7945000,-0.30688232183456421,-0.30889999866485596
3590,1.7950000,-0.30566573143005371,-0.30709999799728394
3591,1.7955000,-0.30444398522377014,-0.3052000105381012
3592,1.7960000,-0.30321153998374939,-0.30340000987052917
3593,1.7965000,-0.30195286870002747,-0.30149999260902405
3594,1.7970000,-0.30066308379173279,-0.29969999194145203
3595,1.7975000,-0.29934829473495483,-0.29780000448226929
3596,1.7980000,-0.29801207780838013,-0.29589998722076416
3597,1.7985000,-0.29665651917457581,-0.2939000129699707
3598,1.7990000,-0.29528450965881348,-0.29199999570846558
3599,1.7995000,-0.29389834403991699,-0.29010000824928284
3600,1.8000000,-0.29249963164329529,-0.28819999098777771
3601,1.8005000,-0.29108899831771851,-0.28619998693466187
3602,1.8010000,-0.28966763615608215,-0.28429999947547913
3603,1.8015000,-0.28823888301849365,-0.28240001201629639
3604,1.8020000,-0.28680455684661865,-0.28040000796318054
3605,1.8025000,-0.28536736965179443,-0.27849999070167542
3606,1.8030000,-0.2839323878288269,-0.27660000324249268
3607,1.8035000,-0.28249981999397278,-0.27480000257492065
3608,1.8040000,-0.28106358647346497,-0.27289998531341553
3609,1.8045000,-0.27961668372154236,-0.27110001444816589
3610,1.8050000,-0.27815750241279602,-0.26930001378059387
3611,1.8055000,-0.27668866515159607,-0.26750001311302185
3612,1.8060000,-0.2752116322517395,-0.26570001244544983
3613,1.8065000,-0.27373033761978149,-0.26399999856948853
3614,1.8070000,-0.27224880456924438,-0.26230001449584961
3615,1.8075000,-0.2707638144493103,-0.26060000061988831
3616,1.8080000,-0.26927125453948975,-0.25900000333786011
3617,1.8085000,-0.26777252554893494,-0.25740000605583191
3618,1.8090000,-0.2662697434425354,-0.25589999556541443
3619,1.8095000,-0.26476341485977173,-0.25440001487731934
3620,1.8100000,-0.26325565576553345,-0.25290000438690186
3621,1.8105000,-0.26174870133399963,-0.25150001049041748
3622,1.8110000,-0.26024293899536133,-0.25009998679161072
3623,1.8115000,-0.25873929262161255,-0.24879999458789825
3624,1.8120000,-0.25723397731781006,-0.24750000238418579
3625,1.8125000,-0.25571745634078979,-0.24629999697208405
3626,1.8130000,-0.25418564677238464,-0.24510000646114349
3627,1.8135000,-0.25264066457748413,-0.24390000104904175
3628,1.8140000,-0.25108659267425537,-0.24279999732971191
3629,1.8145000,-0.2495276927947998,-0.24179999530315399
3630,1.8150000,-0.24796651303768158,-0.24079999327659607
3631,1.8155000,-0.24640524387359619,-0.23980000615119934
3632,1.8160000,-0.24484831094741821,-0.23890000581741333
3633,1.8165000,-0.24330310523509979,-0.23810000717639923
3634,1.8170000,-0.24177566170692444,-0.23720000684261322
3635,1.8175000,-0.24026724696159363,-0.23649999499320984
3636,1.8180000,-0.23877710103988647,-0.23569999635219574
3637,1.8185000,-0.23730416595935822,-0.23499999940395355
3638,1.8190000,-0.2358473539352417,-0.23440000414848328
3639,1.8195000,-0.23440928757190704,-0.23379999399185181
3640,1.8200000,-0.2329915463924408,-0.23319999873638153
3641,1.8205000,-0.23159080743789673,-0.23260000348091125
3642,1.8210000,-0.2302061915397644,-0.2320999950170517
3643,1.8215000,-0.2288392186164856,-0.23170000314712524
3644,1.8220000,-0.22748905420303345,-0.23119999468326569
3645,1.8225000,-0.22615402936935425,-0.23080000281333923
3646,1.8230000,-0.22483548521995544,-0.23039999604225159
3647,1.8235000,-0.22353628277778625,-0.23010000586509705
3648,1.8240000,-0.22226011753082275,-0.22980000078678131
3649,1.8245000,-0.22101275622844696,-0.22939999401569366
3650,1.8250000,-0.21979820728302002,-0.22920000553131104
3651,1.8255000,-0.21861526370048523,-0.2289000004529953
3652,1.8260000,-0.21745961904525757,-0.22869999706745148
3653,1.8265000,-0.21632839739322662,-0.22840000689029694
3654,1.8270000,-0.21522122621536255,-0.22820000350475311
3655,1.8275000,-0.21413862705230713,-0.22800000011920929
3656,1.8280000,-0.21308167278766632,-0.22779999673366547
3657,1.8285000,-0.21205355226993561,-0.22759999334812164
3658,1.8290000,-0.21105729043483734,-0.22750000655651093
3659,1.8295000,-0.21009345352649689,-0.2273000031709671
3660,1.8300000,-0.20915883779525757,-0.22709999978542328
3661,1.8305000,-0.20824834704399109,-0.22699999809265137
3662,1.8310000,-0.2073582261800766,-0.22679999470710754
3663,1.8315000,-0.20648491382598877,-0.22660000622272491
3664,1.8320000,-0.20562288165092468,-0.226500004529953
3665,1.8325000,-0.20476585626602173,-0.22630000114440918
3666,1.8330000,-0.20391222834587097,-0.22609999775886536
3667,1.8335000,-0.20306183397769928,-0.22589999437332153
3668,1.8340000,-0.20221187174320221,-0.2257000058889389
3669,1.8345000,-0.20136131346225739,-0.22550000250339508
3670,1.8350000,-0.20050759613513947,-0.22529999911785126
3671,1.8355000,-0.19964678585529327,-0.22499999403953552
3672,1.8360000,-0.19878207147121429,-0.22480000555515289
3673,1.8365000,-0.19791898131370544,-0.22450000047683716
3674,1.8370000,-0.19705836474895477,-0.22419999539852142
3675,1.8375000,-0.19619813561439514,-0.22390000522136688
3676,1.8380000,-0.19533509016036987,-0.22360000014305115
3677,1.8385000,-0.19446830451488495,-0.2231999933719635
3678,1.8390000,-0.19359757006168365,-0.22280000150203705
3679,1.8395000,-0.19272230565547943,-0.2223999947309494
3680,1.8400000,-0.19184555113315582,-0.22200000286102295
3681,1.8405000,-0.19096995890140533,-0.2215999960899353
3682,1.8410000,-0.19009575247764587,-0.22110000252723694
3683,1.8415000,-0.1892230361700058,-0.22059999406337738
3684,1.8420000,-0.18835058808326721,-0.22010000050067902
3685,1.8425000,-0.18747726082801819,-0.21960000693798065
3686,1.8430000,-0.18660305440425873,-0.21899999678134918
3687,1.8435000,-0.18572859466075897,-0.21840000152587891
3688,1.8440000,-0.18485824763774872,-0.21780000627040863
3689,1.8445000,-0.18399606645107269,-0.21719999611377716
3690,1.8450000,-0.18314075469970703,-0.21649999916553497
3691,1.8455000,-0.18229004740715027,-0.2159000039100647
3692,1.8460000,-0.18144199252128601,-0.21520000696182251
3693,1.8465000,-0.18059739470481873,-0.21439999341964722
3694,1.8470000,-0.17975819110870361,-0.21369999647140503
3695,1.8475000,-0.17892225086688995,-0.21289999783039093
3696,1.8480000,-0.17809094488620758,-0.21220000088214874
3697,1.8485000,-0.17726917564868927,-0.21140000224113464
3698,1.8490000,-0.17645765841007233,-0.21060000360012054
3699,1.8495000,-0.17565476894378662,-0.20970000326633453
3700,1.8500000,-0.1748596578836441,-0.20890000462532043
3701,1.8505000,-0.17407429218292236,-0.20800000429153442
3702,1.8510000,-0.17330038547515869,-0.20720000565052032
3703,1.8515000,-0.17253468930721283,-0.20630000531673431
3704,1.8520000,-0.17177672684192657,-0.2054000049829483
3705,1.8525000,-0.17103062570095062,-0.20450000464916229
3706,1.8530000,-0.17029763758182526,-0.20360000431537628
3707,1.8535000,-0.16957773268222809,-0.20270000398159027
3708,1.8540000,-0.16887021064758301,-0.20170000195503235
3709,1.8545000,-0.16817444562911987,-0.20080000162124634
3710,1.8550000,-0.16748970746994019,-0.19990000128746033
3711,1.8555000,-0.16681236028671265,-0.1988999992609024
3712,1.8560000,-0.1661413162946701,-0.19799999892711639
3713,1.8565000,-0.16547839343547821,-0.19709999859333038
3714,1.8570000,-0.16482356190681458,-0.19619999825954437
3715,1.8575000,-0.16417621076107025,-0.19519999623298645
3716,1.8580000,-0.1635349839925766,-0.19429999589920044
3717,1.8585000,-0.16289915144443512,-0.19339999556541443
3718,1.8590000,-0.16226844489574432,-0.19249999523162842
3719,1.8595000,-0.16164045035839081,-0.19159999489784241
3720,1.8600000,-0.16101233661174774,-0.1906999945640564
3721,1.8605000,-0.16038049757480621,-0.18979999423027039
3722,1.8610000,-0.15974271297454834,-0.18899999558925629
3723,1.8615000,-0.15909929573535919,-0.18809999525547028
3724,1.8620000,-0.15844999253749847,-0.18729999661445618
3725,1.8625000,-0.1577964723110199,-0.18649999797344208
3726,1.8630000,-0.15714029967784882,-0.18559999763965607
3727,1.8635000,-0.15647926926612854,-0.18490000069141388
3728,1.8640000,-0.1558135598897934,-0.18410000205039978
3729,1.8645000,-0.15514728426933289,-0.18340000510215759
3730,1.8650000,-0.15448306500911713,-0.18260000646114349
3731,1.8655000,-0.15381994843482971,-0.18189999461174011
3732,1.8660000,-0.15315666794776917,-0.18119999766349792
3733,1.8665000,-0.15249374508857727,-0.18060000240802765
3734,1.8670000,-0.15182992815971375,-0.17990000545978546
3735,1.8675000,-0.15116141736507416,-0.17929999530315399
3736,1.8680000,-0.1504865288734436,-0.17870000004768372
3737,1.8685000,-0.14980782568454742,-0.17820000648498535
3738,1.8690000,-0.14912831783294678,-0.17759999632835388
3739,1.8695000,-0.14844903349876404,-0.17710000276565552
3740,1.8700000,-0.14777059853076935,-0.17659999430179596
3741,1.8705000,-0.14709115028381348,-0.1761000007390976
3742,1.8710000,-0.14640709757804871,-0.17569999396800995
3743,1.8715000,-0.14571863412857056,-0.1753000020980835
3744,1.8720000,-0.14503124356269836,-0.17489999532699585
3745,1.8725000,-0.14435133337974548,-0.1745000034570694
3746,1.8730000,-0.14368024468421936,-0.17409999668598175
3747,1.8735000,-0.14301621913909912,-0.1737000048160553
3748,1.8740000,-0.14235953986644745,-0.17339999973773956
3749,1.8745000,-0.14170984923839569,-0.17309999465942383
3750,1.8750000,-0.14106373488903046,-0.17280000448226929
3751,1.8755000,-0.14041946828365326,-0.17249999940395355
3752,1.8760000,-0.1397784948348999,-0.17219999432563782
3753,1.8765000,-0.13914161920547485,-0.17190000414848328
3754,1.8770000,-0.13850945234298706,-0.17170000076293945
3755,1.8775000,-0.13788333535194397,-0.17139999568462372
3756,1.8780000,-0.13726228475570679,-0.17110000550746918
3757,1.8785000,-0.13664548099040985,-0.17090000212192535
3758,1.8790000,-0.1360335648059845,-0.17059999704360962
3759,1.8795000,-0.13542506098747253,-0.1703999936580658
3760,1.8800000,-0.13481704890727997,-0.17010000348091125
3761,1.8805000,-0.13420768082141876,-0.16990000009536743
3762,1.8810000,-0.1335982084274292,-0.1695999950170517
3763,1.8815000,-0.13298967480659485,-0.16930000483989716
3764,1.8820000,-0.13238009810447693,-0.16899999976158142
3765,1.8825000,-0.13176873326301575,-0.16869999468326569
3766,1.8830000,-0.13115665316581726,-0.16840000450611115
3767,1.8835000,-0.13054314255714417,-0.1679999977350235
3768,1.8840000,-0.12992948293685913,-0.16769999265670776
3769,1.8845000,-0.12932051718235016,-0.16730000078678131
3770,1.8850000,-0.12871816754341125,-0.16689999401569366
3771,1.8855000,-0.12812156975269318,-0.16650000214576721
3772,1.8860000,-0.12752988934516907,-0.16609999537467957
3773,1.8865000,-0.12694293260574341,-0.1656000018119812
3774,1.8870000,-0.12636178731918335,-0.16509999334812164
3775,1.8875000,-0.12578493356704712,-0.16459999978542328
3776,1.8880000,-0.12520965933799744,-0.16410000622272491
3777,1.8885000,-0.12463792413473129,-0.16349999606609344
3778,1.8890000,-0.12407184392213821,-0.16290000081062317
3779,1.8895000,-0.12351043522357941,-0.16230000555515289
3780,1.8900000,-0.12295243889093399,-0.16169999539852142
3781,1.8905000,-0.12239790707826614,-0.16099999845027924
3782,1.8910000,-0.12184830754995346,-0.16040000319480896
3783,1.8915000,-0.12130230665206909,-0.15970000624656677
3784,1.8920000,-0.12075608968734741,-0.15889999270439148
3785,1.8925000,-0.12020797282457352,-0.15819999575614929
3786,1.8930000,-0.11965853720903397,-0.15739999711513519
3787,1.8935000,-0.11910971999168396,-0.15659999847412109
3788,1.8940000,-0.11856270581483841,-0.15579999983310699
3789,1.8945000,-0.11801651865243912,-0.1550000011920929
3790,1.8950000,-0.11747142672538757,-0.1542000025510788
3791,1.8955000,-0.11692956835031509,-0.15330000221729279
3792,1.8960000,-0.11639215052127838,-0.15240000188350677
3793,1.8965000,-0.11586040258407593,-0.15160000324249268
3794,1.8970000,-0.11533463001251221,-0.15070000290870667
3795,1.8975000,-0.11481472849845886,-0.14980000257492065
3796,1.8980000,-0.11430209130048752,-0.14890000224113464
3797,1.8985000,-0.11379648000001907,-0.14800000190734863
3798,1.8990000,-0.11329707503318787,-0.14710000157356262
3799,1.8995000,-0.11280388385057449,-0.14620000123977661
3800,1.9000000,-0.11231593042612076,-0.1453000009059906
3801,1.9005000,-0.11183284223079681,-0.14440000057220459
3802,1.9010000,-0.1113554835319519,-0.14350000023841858
3803,1.9015000,-0.11088497191667557,-0.14259999990463257
3804,1.9020000,-0.11042200773954391,-0.14169999957084656
3805,1.9025000,-0.10996547341346741,-0.14090000092983246
3806,1.9030000,-0.10951431840658188,-0.14000000059604645
3807,1.9035000,-0.10906802117824554,-0.13920000195503235
3808,1.9040000,-0.10862306505441666,-0.13830000162124634
3809,1.9045000,-0.10817498713731766,-0.13750000298023224
3810,1.9050000,-0.10772343724966049,-0.13670000433921814
3811,1.9055000,-0.10727079957723618,-0.13590000569820404
3812,1.9060000,-0.10681889951229095,-0.13510000705718994
3813,1.9065000,-0.10636734217405319,-0.13439999520778656
3814,1.9070000,-0.10591314733028412,-0.13359999656677246
3815,1.9075000,-0.10545408725738525,-0.13289999961853027
3816,1.9080000,-0.10498695075511932,-0.13220000267028809
3817,1.9085000,-0.10450692474842072,-0.13160000741481781
3818,1.9090000,-0.10401476174592972,-0.13089999556541443
3819,1.9095000,-0.10351388156414032,-0.13030000030994415
3820,1.9100000,-0.10300598293542862,-0.12970000505447388
3821,1.9105000,-0.10249244421720505,-0.12909999489784241
3822,1.9110000,-0.10197350382804871,-0.12849999964237213
3823,1.9115000,-0.10144920647144318,-0.12800000607967377
3824,1.9120000,-0.10091814398765564,-0.1273999959230423
3825,1.9125000,-0.10037865489721298,-0.12690000236034393
3826,1.9130000,-0.099831268191337585,-0.12649999558925629
3827,1.9135000,-0.099275663495063782,-0.12600000202655792
3828,1.9140000,-0.098712526261806488,-0.12559999525547028
3829,1.9145000,-0.098144859075546265,-0.12510000169277191
3830,1.9150000,-0.097574949264526367,-0.12470000237226486
3831,1.9155000,-0.097002938389778137,-0.12439999729394913
3832,1.9160000,-0.096428491175174713,-0.12399999797344208
3833,1.9165000,-0.095857031643390656,-0.12359999865293503
3834,1.9170000,-0.095293760299682617,-0.12330000102519989
3835,1.9175000,-0.094736143946647644,-0.12300000339746475
3836,1.9180000,-0.094181492924690247,-0.12269999831914902
3837,1.9185000,-0.093630708754062653,-0.12240000069141388
3838,1.9190000,-0.093084149062633514,-0.12210000306367874
3839,1.9195000,-0.092539243400096893,-0.12179999798536301
3840,1.9200000,-0.091994546353816986,-0.12150000035762787
3841,1.9205000,-0.091453418135643005,-0.12120000272989273
3842,1.9210000,-0.090918116271495819,-0.120899997651577
3843,1.9215000,-0.090386278927326202,-0.12060000002384186
3844,1.9220000,-0.08985622227191925,-0.12030000239610672
3845,1.9225000,-0.089328408241271973,-0.11999999731779099
3846,1.9230000,-0.088802143931388855,-0.11969999969005585
3847,1.9235000,-0.088276021182537079,-0.1193000003695488
3848,1.9240000,-0.087749652564525604,-0.11900000274181366
3849,1.9245000,-0.08722340315580368,-0.11860000342130661
3850,1.9250000,-0.08669629693031311,-0.11819999665021896
3851,1.9255000,-0.086166232824325562,-0.11779999732971191
3852,1.9260000,-0.08563319593667984,-0.11729999631643295
3853,1.9265000,-0.085098735988140106,-0.1168999969959259
3854,1.9270000,-0.084563009440898895,-0.11640000343322754
3855,1.9275000,-0.084024436771869659,-0.11580000072717667
3856,1.9280000,-0.083481676876544952,-0.11519999802112579
3857,1.9285000,-0.082936011254787445,-0.11460000276565552
3858,1.9290000,-0.082388259470462799,-0.11400000005960464
3859,1.9295000,-0.08183695375919342,-0.11330000311136246
3860,1.9300000,-0.0812830850481987,-0.11249999701976776
3861,1.9305000,-0.080728426575660706,-0.11169999837875366
3862,1.9310000,-0.080171830952167511,-0.11089999973773956
3863,1.9315000,-0.079611554741859436,-0.10999999940395355
3864,1.9320000,-0.079047933220863342,-0.10909999907016754
3865,1.9325000,-0.078485369682312012,-0.10809999704360962
3866,1.9330000,-0.077926874160766602,-0.10710000246763229
3867,1.9335000,-0.077370785176753998,-0.10599999874830246
3868,1.9340000,-0.07681824266910553,-0.10490000247955322
3869,1.9345000,-0.076270945370197296,-0.10379999876022339
3870,1.9350000,-0.075726434588432312,-0.10260000079870224
3871,1.9355000,-0.075182072818279266,-0.10130000114440918
3872,1.9360000,-0.074636876583099365,-0.10010000318288803
3873,1.9365000,-0.07409205287694931,-0.098800003528594971
3874,1.9370000,-0.073549129068851471,-0.097400002181529999
3875,1.9375000,-0.073007829487323761,-0.096000000834465027
3876,1.9380000,-0.072470195591449738,-0.094599999487400055
3877,1.9385000,-0.07193843275308609,-0.093199998140335083
3878,1.9390000,-0.071409322321414948,-0.091700002551078796
3879,1.9395000,-0.07087910920381546,-0.090199999511241913
3880,1.9400000,-0.070346131920814514,-0.088699996471405029
3881,1.9405000,-0.069810166954994202,-0.087200000882148743
3882,1.9410000,-0.069271616637706757,-0.085699997842311859
3883,1.9415000,-0.068729974329471588,-0.084200002253055573
3884,1.9420000,-0.068186178803443909,-0.082699999213218689
3885,1.9425000,-0.067640244960784912,-0.081200003623962402
3886,1.9430000,-0.06709037721157074,-0.079700000584125519
3887,1.9435000,-0.066536650061607361,-0.078199997544288635
3888,1.9440000,-0.065981492400169373,-0.076700001955032349
3889,1.9445000,-0.065429449081420898,-0.075300000607967377
3890,1.9450000,-0.064882822334766388,-0.073899999260902405
3891,1.9455000,-0.064340218901634216,-0.072499997913837433
3892,1.9460000,-0.063800528645515442,-0.071199998259544373
3893,1.9465000,-0.063263341784477234,-0.069899998605251312
3894,1.9470000,-0.062727160751819611,-0.068599998950958252
3895,1.9475000,-0.062189634889364243,-0.067400000989437103
3896,1.9480000,-0.061651710420846939,-0.066200003027915955
3897,1.9485000,-0.061116211116313934,-0.065099999308586121
3898,1.9490000,-0.060583002865314484,-0.064000003039836884
3899,1.9495000,-0.060049857944250107,-0.063000001013278961
3900,1.9500000,-0.059516597539186478,-0.06210000067949295
3901,1.9505000,-0.058985020965337753,-0.06120000034570694
3902,1.9510000,-0.058452438563108444,-0.060400001704692841
3903,1.9515000,-0.057915695011615753,-0.059700001031160355
3904,1.9520000,-0.057380694895982742,-0.059000000357627869
3905,1.9525000,-0.056855641305446625,-0.058400001376867294
3906,1.9530000,-0.056341152638196945,-0.057900000363588333
3907,1.9535000,-0.055833421647548676,-0.057399999350309372
3908,1.9540000,-0.055331457406282425,-0.057000000029802322
3909,1.9545000,-0.054835304617881775,-0.056600000709295273
3910,1.9550000,-0.054340865463018417,-0.056400001049041748
3911,1.9555000,-0.053844619542360306,-0.056099999696016312
3912,1.9560000,-0.053349841386079788,-0.056000001728534698
3913,1.9565000,-0.052862577140331268,-0.055900000035762787
3914,1.9570000,-0.052384238690137863,-0.055799998342990875
3915,1.9575000,-0.051912356168031693,-0.055799998342990875
3916,1.9580000,-0.051446020603179932,-0.055900000035762787
3917,1.9585000,-0.050984509289264679,-0.056000001728534698
3918,1.9590000,-0.050522573292255402,-0.056099999696016312
3919,1.9595000,-0.050056196749210358,-0.056299999356269836
3920,1.9600000,-0.049589764326810837,-0.056499999016523361
3921,1.9605000,-0.049129646271467209,-0.056699998676776886
3922,1.9610000,-0.048678178340196609,-0.057000000029802322
3923,1.9615000,-0.048234745860099792,-0.057300001382827759
3924,1.9620000,-0.047797054052352905,-0.057500001043081284
3925,1.9625000,-0.047363381832838058,-0.057799998670816422
3926,1.9630000,-0.046930909156799316,-0.058100000023841858
3927,1.9635000,-0.046496730297803879,-0.058400001376867294
3928,1.9640000,-0.046061396598815918,-0.058699999004602432
3929,1.9645000,-0.045625314116477966,-0.058899998664855957
3930,1.9650000,-0.04518745094537735,-0.059099998325109482
3931,1.9655000,-0.044746935367584229,-0.059300001710653305
3932,1.9660000,-0.044303808361291885,-0.05950000137090683
3933,1.9665000,-0.04385845735669136,-0.059700001031160355
3934,1.9670000,-0.043410107493400574,-0.059799998998641968
3935,1.9675000,-0.042958792299032211,-0.059900000691413879
3936,1.9680000,-0.042505998164415359,-0.059900000691413879
3937,1.9685000,-0.042051754891872406,-0.059799998998641968
3938,1.9690000,-0.041594445705413818,-0.059799998998641968
3939,1.9695000,-0.041133102029561996,-0.059599999338388443
3940,1.9700000,-0.040668841451406479,-0.05950000137090683
3941,1.9705000,-0.040201295167207718,-0.059200000017881393
3942,1.9710000,-0.039728205651044846,-0.058899998664855957
3943,1.9715000,-0.039250485599040985,-0.058600001037120819
3944,1.9720000,-0.038769915699958801,-0.058100000023841858
3945,1.9725000,-0.038287870585918427,-0.057599999010562897
3946,1.9730000,-0.037806190550327301,-0.057100001722574234
3947,1.9735000,-0.037325475364923477,-0.056499999016523361
3948,1.9740000,-0.036844879388809204,-0.055799998342990875
3949,1.9745000,-0.036361705511808395,-0.055100001394748688
3950,1.9750000,-0.035874564200639725,-0.054400000721216202
3951,1.9755000,-0.035385657101869583,-0.053500000387430191
3952,1.9760000,-0.034895781427621841,-0.052700001746416092
3953,1.9765000,-0.034404229372739792,-0.05169999971985817
3954,1.9770000,-0.033912308514118195,-0.050799999386072159
3955,1.9775000,-0.03342120349407196,-0.049800001084804535
3956,1.9780000,-0.032930150628089905,-0.048700001090764999
3957,1.9785000,-0.03243665024638176,-0.047600001096725464
3958,1.9790000,-0.031939499080181122,-0.046500001102685928
3959,1.9795000,-0.03143996000289917,-0.045400001108646393
3960,1.9800000,-0.030939187854528427,-0.044199999421834946
3961,1.9805000,-0.03043888695538044,-0.043000001460313797
3962,1.9810000,-0.029939720407128334,-0.04179999977350235
3963,1.9815000,-0.029440863057971001,-0.040600001811981201
3964,1.9820000,-0.028942357748746872,-0.039400000125169754
3965,1.9825000,-0.028443014249205589,-0.038199998438358307
3966,1.9830000,-0.027940846979618073,-0.037000000476837158
3967,1.9835000,-0.027435319498181343,-0.035799998790025711
3968,1.9840000,-0.026928229257464409,-0.034600000828504562
3969,1.9845000,-0.026423631235957146,-0.033399999141693115
3970,1.9850000,-0.025923432782292366,-0.032200001180171967
3971,1.9855000,-0.025426670908927917,-0.030999999493360519
3972,1.9860000,-0.024932073429226875,-0.029899999499320984
3973,1.9865000,-0.02443770132958889,-0.028799999505281448
3974,1.9870000,-0.023941513150930405,-0.027699999511241913
3975,1.9875000,-0.023442778736352921,-0.026599999517202377
3976,1.9880000,-0.022942425683140755,-0.025599999353289604
3977,1.9885000,-0.022442372515797615,-0.024599999189376831
3978,1.9890000,-0.021944377571344376,-0.023600000888109207
3979,1.9895000,-0.021449083462357521,-0.022700000554323196
3980,1.9900000,-0.020955618470907211,-0.021800000220537186
3981,1.9905000,-0.020461972802877426,-0.020999999716877937
3982,1.9910000,-0.019966265186667442,-0.020199999213218689
3983,1.9915000,-0.019467776641249657,-0.01940000057220459
3984,1.9920000,-0.018966803327202797,-0.018699999898672104
3985,1.9925000,-0.01846451498568058,-0.017999999225139618
3986,1.9930000,-0.017962772399187088,-0.017400000244379044
3987,1.9935000,-0.017462896183133125,-0.01679999940097332
3988,1.9940000,-0.016964549198746681,-0.016200000420212746
3989,1.9945000,-0.016466507688164711,-0.015699999406933784
3990,1.9950000,-0.015968305990099907,-0.015200000256299973
3991,1.9955000,-0.015469125472009182,-0.014800000004470348
3992,1.9960000,-0.014967499300837517,-0.014399999752640724
3993,1.9965000,-0.014463996514678001,-0.014000000432133675
3994,1.9970000,-0.013960857875645161,-0.013700000010430813
3995,1.9975000,-0.013458339497447014,-0.013399999588727951
3996,1.9980000,-0.012955792248249054,-0.013100000098347664
3997,1.9985000,-0.012454492971301079,-0.012799999676644802
3998,1.9990000,-0.011956009082496166,-0.012600000016391277
3999,1.9995000,-0.011460530571639538,-0.012400000356137753
4000,2.0000000,-0.010965649969875813,-0.012199999764561653
4001,2.0005000,-0.010467378422617912,-0.012000000104308128
4002,2.0010000,-0.0099640348926186562,-0.011900000274181366
4003,2.0015000,-0.0094551164656877518,-0.011699999682605267
4004,2.0020000,-0.0089416075497865677,-0.011599999852478504
4005,2.0025000,-0.0084270872175693512,-0.011400000192224979
4006,2.0030000,-0.0079134320840239525,-0.011300000362098217
4007,2.0035000,-0.0074008814990520477,-0.011099999770522118
4008,2.0040000,-0.0068876310251653194,-0.010999999940395355
4009,2.0045000,-0.0063703092746436596,-0.01080000028014183
4010,2.0050000,-0.0058478214778006077,-0.010599999688565731
4011,2.0055000,-0.0053199753165245056,-0.010400000028312206
4012,2.0060000,-0.0047882176004350185,-0.010099999606609344
4013,2.0065000,-0.0042554079554975033,-0.0098999999463558197
4014,2.0070000,-0.0037227650173008442,-0.0096000004559755325
4015,2.0075000,-0.0031909006647765636,-0.0093000000342726707
4016,2.0080000,-0.0026595387607812881,-0.0088999997824430466
4017,2.0085000,-0.0021290271542966366,-0.0086000002920627594
4018,2.0090000,-0.0016002862248569727,-0.0081000002101063728
4019,2.0095000,-0.0010724302846938372,-0.0076999999582767487
4020,2.0100000,-0.00054605572950094938,-0.0071999998763203621
4021,2.0105000,-2.3276428692042828e-05,-0.0065999999642372131
4022,2.0110000,0.00049570424016565084,-0.0060999998822808266
4023,2.0115000,0.0010114435572177172,-0.0054000001400709152
4024,2.0120000,0.0015250503784045577,-0.0046999999321997166
4025,2.0125000,0.0020388653501868248,-0.0040000001899898052
4026,2.0130000,0.0025548473931849003,-0.0031999999191612005
4027,2.0135000,0.0030736133921891451,-0.0024000001139938831
4028,2.0140000,0.0035939619410783052,-0.0015999999595806003
4029,2.0145000,0.0041141645051538944,-0.000699999975040555
4030,2.0150000,0.004633443895727396,0.00030000001424923539
4031,2.0155000,0.0051516876555979252,0.0013000000035390258
4032,2.0160000,0.0056683863513171673,0.0023000000510364771
4033,2.0165000,0.0061821006238460541,0.0034000000450760126
4034,2.0170000,0.0066929156892001629,0.0044999998062849045
4035,2.0175000,0.007201820146292448,0.00559999980032444
4036,2.0180000,0.0077079702168703079,0.0068000000901520252
4037,2.0185000,0.0082094930112361908,0.0080000003799796104
4038,2.0190000,0.0087050944566726685,0.0092000002041459084
4039,2.0195000,0.0091960271820425987,0.010400000028312206
4040,2.0200000,0.0096831265836954117,0.011699999682605267
4041,2.0205000,0.010163133032619953,0.013000000268220901
4042,2.0210000,0.010633976198732853,0.014299999922513962
4043,2.0215000,0.011097378097474575,0.01549999974668026
4044,2.0220000,0.01155468076467514,0.01679999940097332
4045,2.0225000,0.012005116790533066,0.01810000091791153
4046,2.0230000,0.012448114342987537,0.01940000057220459
4047,2.0235000,0.012885958887636662,0.02070000022649765
4048,2.0240000,0.013321129605174065,0.02199999988079071
4049,2.0245000,0.013752412050962448,0.023299999535083771
4050,2.0250000,0.01417892798781395,0.024499999359250069
4051,2.0255000,0.014602717943489552,0.025800000876188278
4052,2.0260000,0.015025020577013493,0.027000000700354576
4053,2.0265000,0.015446747653186321,0.028200000524520874
4054,2.0270000,0.015868738293647766,0.02930000051856041
4055,2.0275000,0.016291063278913498,0.030400000512599945
4056,2.0280000,0.016712091863155365,0.031500000506639481
4057,2.0285000,0.017127621918916702,0.032600000500679016
4058,2.0290000,0.017536252737045288,0.03359999880194664
4059,2.0295000,0.017939597368240356,0.034600000828504562
4060,2.0300000,0.018338652327656746,0.035500001162290573
4061,2.0305000,0.018734622746706009,0.036400001496076584
4062,2.0310000,0.019127784296870232,0.037200000137090683
4063,2.0315000,0.019518414512276649,0.037999998778104782
4064,2.0320000,0.019908329471945763,0.03880000114440918
4065,2.0325000,0.020297432318329811,0.039500001817941666
4066,2.0330000,0.020684894174337387,0.040199998766183853
4067,2.0335000,0.021071704104542732,0.040800001472234726
4068,2.0340000,0.021458407863974571,0.041299998760223389
4069,2.0345000,0.021845599636435509,0.041900001466274261
4070,2.0350000,0.022234272211790085,0.042300000786781311
4071,2.0355000,0.022624608129262924,0.042800001800060272
4072,2.0360000,0.023016870021820068,0.043200001120567322
4073,2.0365000,0.023410340771079063,0.04349999874830246
4074,2.0370000,0.023803750053048134,0.043800000101327896
4075,2.0375000,0.024197822436690331,0.044100001454353333
4076,2.0380000,0.024592634290456772,0.044300001114606857
4077,2.0385000,0.024988172575831413,0.044500000774860382
4078,2.0390000,0.02538653090596199,0.044599998742341995
4079,2.0395000,0.025788009166717529,0.044700000435113907
4080,2.0400000,0.026189697906374931,0.04479999840259552
4081,2.0405000,0.026587121188640594,0.04479999840259552
4082,2.0410000,0.026977458968758583,0.044900000095367432
4083,2.0415000,0.027361832559108734,0.044900000095367432
4084,2.0420000,0.027742002159357071,0.04479999840259552
4085,2.0425000,0.028119612485170364,0.04479999840259552
4086,2.0430000,0.028497511520981789,0.044700000435113907
4087,2.0435000,0.028876468539237976,0.044599998742341995
4088,2.0440000,0.029256314039230347,0.044500000774860382
4089,2.0445000,0.029638426378369331,0.04439999908208847
4090,2.0450000,0.030023589730262756,0.044300001114606857
4091,2.0455000,0.030410800129175186,0.044199999421834946
4092,2.0460000,0.030798584222793579,0.044100001454353333
4093,2.0465000,0.03118782676756382,0.043999999761581421
4094,2.0470000,0.031581245362758636,0.043900001794099808
4095,2.0475000,0.031979776918888092,0.043800000101327896
4096,2.0480000,0.032381832599639893,0.043699998408555984
4097,2.0485000,0.032786127179861069,0.043600000441074371
4098,2.0490000,0.033192455768585205,0.04349999874830246
4099,2.0495000,0.033600427210330963,0.04349999874830246
4100,2.0500000,0.03400859609246254,0.043400000780820847
4101,2.0505000,0.034415967762470245,0.043400000780820847
4102,2.0510000,0.034824348986148834,0.043400000780820847
4103,2.0515000,0.035234984010457993,0.04349999874830246
4104,2.0520000,0.035646464675664902,0.04349999874830246
4105,2.0525000,0.036056946963071823,0.043600000441074371
4106,2.0530000,0.036465112119913101,0.043800000101327896
4107,2.0535000,0.036870148032903671,0.043900001794099808
4108,2.0540000,0.037270642817020416,0.044100001454353333
4109,2.0545000,0.037666086107492447,0.04439999908208847
4110,2.0550000,0.038058802485466003,0.044599998742341995
4111,2.0555000,0.038449976593255997,0.045000001788139343
4112,2.0560000,0.038838233798742294,0.045299999415874481
4113,2.0565000,0.039223413914442062,0.045699998736381531
4114,2.0570000,0.039606384932994843,0.046100001782178879
4115,2.0575000,0.039986699819564819,0.046500001102685928
4116,2.0580000,0.040363550186157227,0.046999998390674591
4117,2.0585000,0.040736593306064606,0.047600001096725464
4118,2.0590000,0.041106119751930237,0.048099998384714127
4119,2.0595000,0.041471894830465317,0.048700001090764999
4120,2.0600000,0.041833013296127319,0.049300000071525574
4121,2.0605000,0.042191930115222931,0.05000000074505806
4122,2.0610000,0.042551271617412567,0.050700001418590546
4123,2.0615000,0.042909204959869385,0.051399998366832733
4124,2.0620000,0.043263833969831467,0.052200000733137131
4125,2.0625000,0.04361545667052269,0.052900001406669617
4126,2.0630000,0.043965954333543777,0.053700000047683716
4127,2.0635000,0.044316448271274567,0.054600000381469727
4128,2.0640000,0.044665392488241196,0.055399999022483826
4129,2.0645000,0.045012921094894409,0.056200001388788223
4130,2.0650000,0.045360282063484192,0.057100001722574234
4131,2.0655000,0.04570654034614563,0.057999998331069946
4132,2.0660000,0.046050596982240677,0.058899998664855957
4133,2.0665000,0.046391893178224564,0.059799998998641968
4134,2.0670000,0.046732977032661438,0.060699999332427979
4135,2.0675000,0.047077491879463196,0.061599999666213989
4136,2.0680000,0.047423198819160461,0.062600001692771912
4137,2.0685000,0.04776633158326149,0.063500002026557922
4138,2.0690000,0.048106268048286438,0.064400002360343933
4139,2.0695000,0.048442982137203217,0.065300002694129944
4140,2.0700000,0.048776853829622269,0.066200003027915955
4141,2.0705000,0.049107857048511505,0.067100003361701965
4142,2.0710000,0.049438081681728363,0.068000003695487976
4143,2.0715000,0.04977092519402504,0.06889999657869339
4144,2.0720000,0.050105031579732895,0.069799996912479401
4145,2.0725000,0.050436675548553467,0.070600003004074097
4146,2.0730000,0.050762422382831573,0.071500003337860107
4147,2.0735000,0.051080271601676941,0.072300001978874207
4148,2.0740000,0.051390174776315689,0.073100000619888306
4149,2.0745000,0.051692213863134384,0.073899999260902405
4150,2.0750000,0.051988400518894196,0.074699997901916504
4151,2.0755000,0.052280858159065247,0.075400002300739288
4152,2.0760000,0.052569177001714706,0.076200000941753387
4153,2.0765000,0.05285244807600975,0.076899997889995575
4154,2.0770000,0.053128566592931747,0.077600002288818359
4155,2.0775000,0.053395558148622513,0.078299999237060547
4156,2.0780000,0.053652897477149963,0.07890000194311142
4157,2.0785000,0.053901061415672302,0.079599998891353607
4158,2.0790000,0.054142467677593231,0.08020000159740448
4159,2.0795000,0.054379738867282867,0.080799996852874756
4160,2.0800000,0.054614502936601639,0.081399999558925629
4161,2.0805000,0.054847016930580139,0.08190000057220459
4162,2.0810000,0.055076494812965393,0.082500003278255463
4163,2.0815000,0.055303614586591721,0.082999996840953827
4164,2.0820000,0.055529888719320297,0.083499997854232788
4165,2.0825000,0.055756136775016785,0.083999998867511749
4166,2.0830000,0.055981680750846863,0.08449999988079071
4167,2.0835000,0.056204605847597122,0.08489999920129776
4168,2.0840000,0.056423865258693695,0.085400000214576721
4169,2.0845000,0.056640796363353729,0.085799999535083771
4170,2.0850000,0.05685858428478241,0.086300000548362732
4171,2.0855000,0.057078041136264801,0.086699999868869781
4172,2.0860000,0.057298474013805389,0.087099999189376831
4173,2.0865000,0.057520631700754166,0.087499998509883881
4174,2.0870000,0.057743202894926071,0.087800003588199615
4175,2.0875000,0.057963408529758453,0.088200002908706665
4176,2.0880000,0.058183372020721436,0.088600002229213715
4177,2.0885000,0.058410696685314178,0.088899999856948853
4178,2.0890000,0.05865037813782692,0.08919999748468399
4179,2.0895000,0.058898959308862686,0.08959999680519104
4180,2.0900000,0.059151019901037216,0.089900001883506775
4181,2.0905000,0.059406965970993042,0.090199999511241913
4182,2.0910000,0.05966920405626297,0.090499997138977051
4183,2.0915000,0.059938177466392517,0.0908999964594841
4184,2.0920000,0.060212928801774979,0.091200001537799835
4185,2.0925000,0.060492798686027527,0.091499999165534973
4186,2.0930000,0.060777157545089722,0.091700002551078796
4187,2.0935000,0.061063151806592941,0.092000000178813934
4188,2.0940000,0.061349082738161087,0.092299997806549072
4189,2.0945000,0.061635866761207581,0.092600002884864807
4190,2.0950000,0.061925295740365982,0.092799998819828033
4191,2.0955000,0.062218256294727325,0.093099996447563171
4192,2.0960000,0.062512814998626709,0.093400001525878906
4193,2.0965000,0.062806859612464905,0.093599997460842133
4194,2.0970000,0.063100218772888184,0.093900002539157867
4195,2.0975000,0.063392892479896545,0.094099998474121094
4196,2.0980000,0.063684448599815369,0.094300001859664917
4197,2.0985000,0.063974201679229736,0.094499997794628143
4198,2.0990000,0.064262114465236664,0.094700001180171967
4199,2.0995000,0.064548596739768982,0.094899997115135193
4200,2.1000000,0.06483227014541626,0.095100000500679016
4201,2.1005000,0.065112397074699402,0.095299996435642242
4202,2.1010000,0.06538885086774826,0.095499999821186066
4203,2.1015000,0.065659627318382263,0.095700003206729889
4204,2.1020000,0.065924599766731262,0.095799997448921204
4205,2.1025000,0.066185951232910156,0.096000000834465027
4206,2.1030000,0.066443786025047302,0.096100002527236938
4207,2.1035000,0.066695347428321838,0.096299998462200165
4208,2.1040000,0.066937483847141266,0.096400000154972076
4209,2.1045000,0.067168742418289185,0.096500001847743988
4210,2.1050000,0.067388594150543213,0.0966000035405159
4211,2.1055000,0.067595884203910828,0.096699997782707214
4212,2.1060000,0.067791208624839783,0.096799999475479126
4213,2.1065000,0.06797713041305542,0.096900001168251038
4214,2.1070000,0.068154796957969666,0.097000002861022949
4215,2.1075000,0.068324476480484009,0.097099997103214264
4216,2.1080000,0.068486407399177551,0.097199998795986176
4217,2.1085000,0.068640425801277161,0.097300000488758087
4218,2.1090000,0.068785309791564941,0.097400002181529999
4219,2.1095000,0.068919077515602112,0.097400002181529999
4220,2.1100000,0.069043591618537903,0.097499996423721313
4221,2.1105000,0.069162964820861816,0.097599998116493225
4222,2.1110000,0.069278813898563385,0.097699999809265137
4223,2.1115000,0.069391228258609772,0.097699999809265137
4224,2.1120000,0.069500945508480072,0.097800001502037048
4225,2.1125000,0.069609709084033966,0.09790000319480896
4226,2.1130000,0.069718442857265472,0.097999997437000275
4227,2.1135000,0.069828294217586517,0.098099999129772186
4228,2.1140000,0.069940820336341858,0.098200000822544098
4229,2.1145000,0.070056028664112091,0.09830000251531601
4230,2.1150000,0.070173785090446472,0.098499998450279236
4231,2.1155000,0.07029416412115097,0.098600000143051147
4232,2.1160000,0.070416823029518127,0.098800003528594971
4233,2.1165000,0.070541918277740479,0.098899997770786285
4234,2.1170000,0.07066991925239563,0.099100001156330109
4235,2.1175000,0.070802174508571625,0.099299997091293335
4236,2.1180000,0.070939265191555023,0.099500000476837158
4237,2.1185000,0.071078620851039886,0.099699996411800385
4238,2.1190000,0.071218617260456085,0.099899999797344208
4239,2.1195000,0.071358621120452881,0.10010000318288803
4240,2.1200000,0.071497000753879547,0.10040000081062317
4241,2.1205000,0.071634784340858459,0.10069999843835831
4242,2.1210000,0.071774609386920929,0.10100000351667404
4243,2.1215000,0.071917079389095306,0.10130000114440918
4244,2.1220000,0.072060227394104004,0.10159999877214432
4245,2.1225000,0.072202563285827637,0.10189999639987946
4246,2.1230000,0.072344072163105011,0.10220000147819519
4247,2.1235000,0.072482094168663025,0.10260000079870224
4248,2.1240000,0.072615168988704681,0.10300000011920929
4249,2.1245000,0.072744511067867279,0.10329999774694443
4250,2.1250000,0.072870954871177673,0.10369999706745148
4251,2.1255000,0.07299572229385376,0.10409999638795853
4252,2.1260000,0.073118105530738831,0.10459999740123749
4253,2.1265000,0.07323850691318512,0.10499999672174454
4254,2.1270000,0.07335856556892395,0.10540000349283218
4255,2.1275000,0.073477879166603088,0.10589999705553055
4256,2.1280000,0.073597118258476257,0.1062999963760376
4257,2.1285000,0.073717311024665833,0.10679999738931656
4258,2.1290000,0.073838800191879272,0.10729999840259552
4259,2.1295000,0.073960855603218079,0.10779999941587448
4260,2.1300000,0.074082978069782257,0.10819999873638153
4261,2.1305000,0.074206195771694183,0.10869999974966049
4262,2.1310000,0.074328050017356873,0.10920000076293945
4263,2.1315000,0.074446260929107666,0.10970000177621841
4264,2.1320000,0.074563629925251007,0.11020000278949738
4265,2.1325000,0.074682377278804779,0.11069999635219574
4266,2.1330000,0.074803180992603302,0.1111999973654747
4267,2.1335000,0.074927262961864471,0.11169999837875366
4268,2.1340000,0.07505461573600769,0.11219999939203262
4269,2.1345000,0.07518313080072403,0.11270000040531158
4270,2.1350000,0.075311928987503052,0.11320000141859055
4271,2.1355000,0.075441986322402954,0.11370000243186951
4272,2.1360000,0.075575061142444611,0.11420000344514847
4273,2.1365000,0.075714237987995148,0.11469999700784683
4274,2.1370000,0.075862348079681396,0.11509999632835388
4275,2.1375000,0.076018817722797394,0.11559999734163284
4276,2.1380000,0.076178193092346191,0.1160999983549118
4277,2.1385000,0.07633623480796814,0.11649999767541885
4278,2.1390000,0.076493233442306519,0.1168999969959259
4279,2.1395000,0.076649799942970276,0.11739999800920486
4280,2.1400000,0.076805330812931061,0.11779999732971191
4281,2.1405000,0.076957948505878448,0.11819999665021896
4282,2.1410000,0.077106580138206482,0.1185000017285347
4283,2.1415000,0.0772513747215271,0.11890000104904175
4284,2.1420000,0.077390916645526886,0.11919999867677689
4285,2.1425000,0.077523745596408844,0.11959999799728394
4286,2.1430000,0.077649809420108795,0.11990000307559967
4287,2.1435000,0.077768221497535706,0.1200999990105629
4288,2.1440000,0.077876828610897064,0.12039999663829803
4289,2.1445000,0.07797463983297348,0.12060000002384186
4290,2.1450000,0.078063428401947021,0.12080000340938568
4291,2.1455000,0.078143350780010223,0.12099999934434891
4292,2.1460000,0.078212268650531769,0.12110000103712082
4293,2.1465000,0.078271128237247467,0.12120000272989273
4294,2.1470000,0.078321285545825958,0.12129999697208405
4295,2.1475000,0.078361436724662781,0.12129999697208405
4296,2.1480000,0.078391179442405701,0.12129999697208405
4297,2.1485000,0.078412905335426331,0.12129999697208405
4298,2.1490000,0.0784292072057724,0.12120000272989273
4299,2.1495000,0.078440330922603607,0.12110000103712082
4300,2.1500000,0.078445158898830414,0.120899997651577
4301,2.1505000,0.078444875776767731,0.12070000171661377
4302,2.1510000,0.078441835939884186,0.12039999663829803
4303,2.1515000,0.078433774411678314,0.12020000070333481
4304,2.1520000,0.078420586884021759,0.11980000138282776
4305,2.1525000,0.078410200774669647,0.11940000206232071
4306,2.1530000,0.078406117856502533,0.11900000274181366
4307,2.1535000,0.078405395150184631,0.1185000017285347
4308,2.1540000,0.078406535089015961,0.11800000071525574
4309,2.1545000,0.078410118818283081,0.11739999800920486
4310,2.1550000,0.078417494893074036,0.11680000275373459
4311,2.1555000,0.078428201377391815,0.1160999983549118
4312,2.1560000,0.078442126512527466,0.11540000140666962
4313,2.1565000,0.078462481498718262,0.11460000276565552
4314,2.1570000,0.078490972518920898,0.11379999667406082
4315,2.1575000,0.078525573015213013,0.11299999803304672
4316,2.1580000,0.078564204275608063,0.11209999769926071
4317,2.1585000,0.078606650233268738,0.1111999973654747
4318,2.1590000,0.078653678297996521,0.11029999703168869
4319,2.1595000,0.078704647719860077,0.10930000245571136
4320,2.1600000,0.078758716583251953,0.10830000042915344
4321,2.1605000,0.078818127512931824,0.10729999840259552
4322,2.1610000,0.078884318470954895,0.10620000213384628
4323,2.1615000,0.07895379513502121,0.10509999841451645
4324,2.1620000,0.079023122787475586,0.10409999638795853
4325,2.1625000,0.079092070460319519,0.10300000011920929
4326,2.1630000,0.079161711037158966,0.10189999639987946
4327,2.1635000,0.079233728349208832,0.10090000182390213
4328,2.1640000,0.079308316111564636,0.099799998104572296
4329,2.1645000,0.079383529722690582,0.098700001835823059
4330,2.1650000,0.079458102583885193,0.097699999809265137
4331,2.1655000,0.079531833529472351,0.096699997782707214
4332,2.1660000,0.079603426158428192,0.095799997448921204
4333,2.1665000,0.079671323299407959,0.094899997115135193
4334,2.1670000,0.079736001789569855,0.093999996781349182
4335,2.1675000,0.07979891449213028,0.093199998140335083
4336,2.1680000,0.079864092171192169,0.092399999499320984
4337,2.1685000,0.079936802387237549,0.091700002551078796
4338,2.1690000,0.080016203224658966,0.091099999845027924
4339,2.1695000,0.080099880695343018,0.090599998831748962
4340,2.1700000,0.080189444124698639,0.090199999511241913
4341,2.1705000,0.080285355448722839,0.089800000190734863
4342,2.1710000,0.080387234687805176,0.089500002562999725
4343,2.1715000,0.080496057868003845,0.089400000870227814
4344,2.1720000,0.080613046884536743,0.089299999177455902
4345,2.1725000,0.080740801990032196,0.089400000870227814
4346,2.1730000,0.08087979257106781,0.08959999680519104
4347,2.1735000,0.081028446555137634,0.089900001883506775
4348,2.1740000,0.081188209354877472,0.090300001204013824
4349,2.1745000,0.081360712647438049,0.090800002217292786
4350,2.1750000,0.08154575526714325,0.091499999165534973
4351,2.1755000,0.081742830574512482,0.092299997806549072
4352,2.1760000,0.081953577697277069,0.093199998140335083
4353,2.1765000,0.082183092832565308,0.094300001859664917
4354,2.1770000,0.082434080541133881,0.095399998128414154
4355,2.1775000,0.082706153392791748,0.096799999475479126
4356,2.1780000,0.082999363541603088,0.098200000822544098
4357,2.1785000,0.083314813673496246,0.099799998104572296
4358,2.1790000,0.083654366433620453,0.10140000283718109
4359,2.1795000,0.084017999470233917,0.10329999774694443
4360,2.1800000,0.084408670663833618,0.10520000010728836
4361,2.1805000,0.084830500185489655,0.10719999670982361
4362,2.1810000,0.085279867053031921,0.10939999669790268
4363,2.1815000,0.085753701627254486,0.11159999668598175
4364,2.1820000,0.086256824433803558,0.11389999836683273
4365,2.1825000,0.08679596334695816,0.11640000343322754
4366,2.1830000,0.087373353540897369,0.11890000104904175
4367,2.1835000,0.087987355887889862,0.12150000035762787
4368,2.1840000,0.088638536632061005,0.12409999966621399
4369,2.1845000,0.089329242706298828,0.12690000236034393
4370,2.1850000,0.090059727430343628,0.12970000505447388
4371,2.1855000,0.090828999876976013,0.13249999284744263
4372,2.1860000,0.091639019548892975,0.13529999554157257
4373,2.1865000,0.092492513358592987,0.13819999992847443
4374,2.1870000,0.093389637768268585,0.14120000600814819
4375,2.1875000,0.094330385327339172,0.14409999549388885
4376,2.1880000,0.095312811434268951,0.14710000157356262
4377,2.1885000,0.096333086490631104,0.15000000596046448
4378,2.1890000,0.097388677299022675,0.15299999713897705
4379,2.1895000,0.09847954660654068,0.15590000152587891
4380,2.1900000,0.099607594311237335,0.15880000591278076
4381,2.1905000,0.10077386349439621,0.16169999539852142
4382,2.1910000,0.10197852551937103,0.16459999978542328
4383,2.1915000,0.10322214663028717,0.16740000247955322
4384,2.1920000,0.10450305789709091,0.17020000517368317
4385,2.1925000,0.10581868141889572,0.1729000061750412
4386,2.1930000,0.10716810822486877,0.17560000717639923
4387,2.1935000,0.1085503101348877,0.17829999327659607
4388,2.1940000,0.10996399819850922,0.18089999258518219
4389,2.1945000,0.11140886694192886,0.18340000510215759
4390,2.1950000,0.11288567632436752,0.18580000102519989
4391,2.1955000,0.11439333856105804,0.18819999694824219
4392,2.1960000,0.11593124270439148,0.19059999287128448
4393,2.1965000,0.11750296503305435,0.19290000200271606
4394,2.1970000,0.11911089718341827,0.19509999454021454
4395,2.1975000,0.12075526267290115,0.19720000028610229
4396,2.1980000,0.12243502587080002,0.19930000603199005
4397,2.1985000,0.12414547801017761,0.2012999951839447
4398,2.1990000,0.12588317692279816,0.20329999923706055
4399,2.1995000,0.12764713168144226,0.20520000159740448
4400,2.2000000,0.12943160533905029,0.20710000395774841
4401,2.2005000,0.13122764229774475,0.20890000462532043
4402,2.2010000,0.13303372263908386,0.21070000529289246
4403,2.2015000,0.13485234975814819,0.21240000426769257
4404,2.2020000,0.13668091595172882,0.21410000324249268
4405,2.2025000,0.1385161280632019,0.21570000052452087
4406,2.2030000,0.14035753905773163,0.21739999949932098
4407,2.2035000,0.14220133423805237,0.21899999678134918
4408,2.2040000,0.14404180645942688,0.22059999406337738
4409,2.2045000,0.14587493240833282,0.22210000455379486
4410,2.2050000,0.14769941568374634,0.22370000183582306
4411,2.2055000,0.14951646327972412,0.22529999911785126
4412,2.2060000,0.15132451057434082,0.22679999470710754
4413,2.2065000,0.1531251072883606,0.22840000689029694
4414,2.2070000,0.15492217242717743,0.23000000417232513
4415,2.2075000,0.15671591460704803,0.23160000145435333
4416,2.2080000,0.15850710868835449,0.23319999873638153
4417,2.2085000,0.16029684245586395,0.23479999601840973
4418,2.2090000,0.1620870977640152,0.23649999499320984
4419,2.2095000,0.16387872397899628,0.23819999396800995
4420,2.2100000,0.16566865146160126,0.23999999463558197
4421,2.2105000,0.16745665669441223,0.24169999361038208
4422,2.2110000,0.16924457252025604,0.24359999597072601
4423,2.2115000,0.1710340827703476,0.24549999833106995
4424,2.2120000,0.17282678186893463,0.24740000069141388
4425,2.2125000,0.17462016642093658,0.24940000474452972
4426,2.2130000,0.17641396820545197,0.25139999389648438
4427,2.2135000,0.17821259796619415,0.25350001454353333
4428,2.2140000,0.18001572787761688,0.25560000538825989
4429,2.2145000,0.18182119727134705,0.25780001282691956
4430,2.2150000,0.1836308091878891,0.25999999046325684
4431,2.2155000,0.18544606864452362,0.26230001449584961
4432,2.2160000,0.18726922571659088,0.26460000872612
4433,2.2165000,0.18910504877567291,0.2669999897480011
4434,2.2170000,0.19095717370510101,0.26949998736381531
4435,2.2175000,0.1928277313709259,0.2718999981880188
4436,2.2180000,0.1947178989648819,0.27439999580383301
4437,2.2185000,0.19662804901599884,0.27700001001358032
4438,2.2190000,0.19855992496013641,0.27950000762939453
4439,2.2195000,0.20051515102386475,0.28209999203681946
4440,2.2200000,0.20249688625335693,0.28470000624656677
4441,2.2205000,0.2045142650604248,0.2872999906539917
4442,2.2210000,0.20657444000244141,0.28990000486373901
4443,2.2215000,0.20867609977722168,0.29249998927116394
4444,2.2220000,0.21081835031509399,0.29510000348091125
4445,2.2225000,0.21300485730171204,0.29769998788833618
4446,2.2230000,0.21523584425449371,0.30019998550415039
4447,2.2235000,0.21750876307487488,0.30270001292228699
4448,2.2240000,0.21982274949550629,0.3052000105381012
4449,2.2245000,0.22217707335948944,0.3075999915599823
4450,2.2250000,0.22457049787044525,0.31000000238418579
4451,2.2255000,0.22700145840644836,0.31229999661445618
4452,2.2260000,0.22946916520595551,0.31450000405311584
4453,2.2265000,0.23197318613529205,0.31659999489784241
4454,2.2270000,0.23451270163059235,0.31869998574256897
4455,2.2275000,0.23708632588386536,0.32069998979568481
4456,2.2280000,0.23968687653541565,0.32249999046325684
4457,2.2285000,0.24230451881885529,0.32420000433921814
4458,2.2290000,0.24493564665317535,0.32589998841285706
4459,2.2295000,0.24757978320121765,0.32739999890327454
4460,2.2300000,0.25023540854454041,0.32870000600814819
4461,2.2305000,0.25290143489837646,0.33000001311302185
4462,2.2310000,0.25557821989059448,0.33100000023841858
4463,2.2315000,0.25826150178909302,0.33199998736381531
4464,2.2320000,0.26094084978103638,0.3328000009059906
4465,2.2325000,0.26360911130905151,0.33340001106262207
4466,2.2330000,0.26626589894294739,0.33390000462532043
4467,2.2335000,0.2689099907875061,0.33419999480247498
4468,2.2340000,0.27153563499450684,0.33430001139640808
4469,2.2345000,0.27414077520370483,0.33430001139640808
4470,2.2350000,0.27672433853149414,0.33410000801086426
4471,2.2355000,0.27927917242050171,0.33370000123977661
4472,2.2360000,0.28179672360420227,0.33320000767707825
4473,2.2365000,0.28427138924598694,0.33239999413490295
4474,2.2370000,0.28669938445091248,0.33149999380111694
4475,2.2375000,0.28907707333564758,0.33039999008178711
4476,2.2380000,0.29140311479568481,0.32919999957084656
4477,2.2385000,0.2936759889125824,0.32780000567436218
4478,2.2390000,0.29589363932609558,0.32609999179840088
4479,2.2395000,0.29805329442024231,0.32440000772476196
4480,2.2400000,0.30014297366142273,0.32240000367164612
4481,2.2405000,0.30214688181877136,0.32030001282691956
4482,2.2410000,0.30405867099761963,0.31799998879432678
4483,2.2415000,0.30587804317474365,0.31549999117851257
4484,2.2420000,0.30760243535041809,0.31290000677108765
4485,2.2425000,0.30922812223434448,0.31009998917579651
4486,2.2430000,0.31075403094291687,0.30709999799728394
4487,2.2435000,0.31217238306999207,0.30399999022483826
4488,2.2440000,0.31346577405929565,0.30070000886917114
4489,2.2445000,0.31462067365646362,0.29719999432563782
4490,2.2450000,0.31563341617584229,0.29359999299049377
4491,2.2455000,0.31650620698928833,0.28990000486373901
4492,2.2460000,0.31723898649215698,0.28600001335144043
4493,2.2465000,0.31782737374305725,0.28200000524520874
4494,2.2470000,0.31826835870742798,0.27779999375343323
4495,2.2475000,0.3185589611530304,0.273499995470047
4496,2.2480000,0.31869775056838989,0.26899999380111694
4497,2.2485000,0.31868547201156616,0.26440000534057617
4498,2.2490000,0.31852075457572937,0.25970000028610229
4499,2.2495000,0.31820392608642578,0.25479999184608459
4500,2.2500000,0.31773549318313599,0.24979999661445618
4501,2.2505000,0.31711319088935852,0.24469999969005585
4502,2.2510000,0.31633329391479492,0.23939999938011169
4503,2.2515000,0.31539103388786316,0.23399999737739563
4504,2.2520000,0.31428715586662292,0.22849999368190765
4505,2.2525000,0.31302782893180847,0.22290000319480896
4506,2.2530000,0.31161794066429138,0.21719999611377716
4507,2.2535000,0.31006085872650146,0.21130000054836273
4508,2.2540000,0.30835992097854614,0.20530000329017639
4509,2.2545000,0.30651593208312988,0.19920000433921814
4510,2.2550000,0.30452346801757812,0.19300000369548798
4511,2.2555000,0.30237883329391479,0.1867000013589859
4512,2.2560000,0.30008462071418762,0.18029999732971191
4513,2.2565000,0.29763880372047424,0.17380000650882721
4514,2.2570000,0.29504033923149109,0.1671999990940094
4515,2.2575000,0.29229694604873657,0.16050000488758087
4516,2.2580000,0.28941750526428223,0.15369999408721924
4517,2.2585000,0.28640592098236084,0.14679999649524689
4518,2.2590000,0.28325781226158142,0.13979999721050262
4519,2.2595000,0.27997192740440369,0.13269999623298645
4520,2.2600000,0.2765539288520813,0.12549999356269836
4521,2.2605000,0.27300438284873962,0.11829999834299088
4522,2.2610000,0.26932325959205627,0.11100000143051147
4523,2.2615000,0.26551488041877747,0.10360000282526016
4524,2.2620000,0.26158526539802551,0.096199996769428253
4525,2.2625000,0.25753945112228394,0.088799998164176941
4526,2.2630000,0.25337904691696167,0.081200003623962402
4527,2.2635000,0.24910783767700195,0.073700003325939178
4528,2.2640000,0.24473196268081665,0.066100001335144043
4529,2.2645000,0.24025306105613708,0.058499999344348907
4530,2.2650000,0.23567007482051849,0.050799999386072159
4531,2.2655000,0.23098735511302948,0.043200001120567322
4532,2.2660000,0.22621585428714752,0.035500001162290573
4533,2.2665000,0.22136259078979492,0.027899999171495438
4534,2.2670000,0.21643039584159851,0.020199999213218689
4535,2.2675000,0.21142171323299408,0.012600000016391277
4536,2.2680000,0.20633839070796967,0.0051000001840293407
4537,2.2685000,0.20118728280067444,-0.0024999999441206455
4538,2.2690000,0.19597494602203369,-0.0098999999463558197
4539,2.2695000,0.19070269167423248,-0.017400000244379044
4540,2.2700000,0.18537311255931854,-0.024700000882148743
4541,2.2705000,0.17999361455440521,-0.032000001519918442
4542,2.2710000,0.17457418143749237,-0.039200000464916229
4543,2.2715000,0.16912125051021576,-0.046199999749660492
4544,2.2720000,0.16363623738288879,-0.053199999034404755
4545,2.2725000,0.15812003612518311,-0.060100000351667404
4546,2.2730000,0.15257808566093445,-0.06679999828338623
4547,2.2735000,0.14701592922210693,-0.073499999940395355
4548,2.2740000,0.14143551886081696,-0.079899996519088745
4549,2.2745000,0.13584379851818085,-0.086300000548362732
4550,2.2750000,0.13025115430355072,-0.092500001192092896
4551,2.2755000,0.12466199696063995,-0.098499998450279236
4552,2.2760000,0.11907673627138138,-0.10440000146627426
4553,2.2765000,0.1135011613368988,-0.11010000109672546
4554,2.2770000,0.10794258862733841,-0.11559999734163284
4555,2.2775000,0.10240317136049271,-0.12099999934434891
4556,2.2780000,0.096887193620204926,-0.12620000541210175
4557,2.2785000,0.091402091085910797,-0.13120000064373016
4558,2.2790000,0.0859503373503685,-0.13600000739097595
4559,2.2795000,0.080532126128673553,-0.14069999754428864
4560,2.2800000,0.075151592493057251,-0.14519999921321869
4561,2.2805000,0.069813579320907593,-0.14939999580383301
4562,2.2810000,0.064519524574279785,-0.15350000560283661
4563,2.2815000,0.05926782637834549,-0.1574999988079071
4564,2.2820000,0.054060809314250946,-0.16120000183582306
4565,2.2825000,0.0489058718085289,-0.1648000031709671
4566,2.2830000,0.043807189911603928,-0.16820000112056732
4567,2.2835000,0.038764879107475281,-0.17139999568462372
4568,2.2840000,0.03377869725227356,-0.1745000034570694
4569,2.2845000,0.028849441558122635,-0.17739999294281006
4570,2.2850000,0.023979444056749344,-0.18009999394416809
4571,2.2855000,0.019172132015228271,-0.18269999325275421
4572,2.2860000,0.014432353898882866,-0.1851000040769577
4573,2.2865000,0.0097657646983861923,-0.18739999830722809
4574,2.2870000,0.0051756482571363449,-0.18960000574588776
4575,2.2875000,0.0006608087569475174,-0.19159999489784241
4576,2.2880000,-0.0037781407590955496,-0.19349999725818634
4577,2.2885000,-0.0081369029358029366,-0.19529999792575836
4578,2.2890000,-0.012413091026246548,-0.19699999690055847
4579,2.2895000,-0.016603684052824974,-0.19859999418258667
4580,2.2900000,-0.020705634728074074,-0.20010000467300415
4581,2.2905000,-0.024718012660741806,-0.20139999687671661
4582,2.2910000,-0.028639540076255798,-0.20280000567436218
4583,2.2915000,-0.032469555735588074,-0.20399999618530273
4584,2.2920000,-0.036211945116519928,-0.20520000159740448
4585,2.2925000,-0.039874650537967682,-0.20630000531673431
4586,2.2930000,-0.043460175395011902,-0.20730000734329224
4587,2.2935000,-0.046964064240455627,-0.20829999446868896
4588,2.2940000,-0.050386026501655579,-0.20919999480247498
4589,2.2945000,-0.053730789572000504,-0.21009999513626099
4590,2.2950000,-0.056999325752258301,-0.210999995470047
4591,2.2955000,-0.060190342366695404,-0.2117999941110611
4592,2.2960000,-0.063303321599960327,-0.21269999444484711
4593,2.2965000,-0.066337704658508301,-0.21349999308586121
4594,2.2970000,-0.069292522966861725,-0.21420000493526459
4595,2.2975000,-0.072166711091995239,-0.21500000357627869
4596,2.2980000,-0.074963733553886414,-0.21580000221729279
4597,2.2985000,-0.077687904238700867,-0.21649999916553497
4598,2.2990000,-0.080338805913925171,-0.21729999780654907
4599,2.2995000,-0.082915224134922028,-0.21799999475479126
4600,2.3000000,-0.085415497422218323,-0.21879999339580536
4601,2.3005000,-0.087837092578411102,-0.21950000524520874
4602,2.3010000,-0.090178549289703369,-0.22030000388622284
4603,2.3015000,-0.092440538108348846,-0.22110000252723694
4604,2.3020000,-0.094627976417541504,-0.22190000116825104
4605,2.3025000,-0.09674566239118576,-0.22259999811649323
4606,2.3030000,-0.098795041441917419,-0.22339999675750732
4607,2.3035000,-0.10077790170907974,-0.22419999539852142
4608,2.3040000,-0.10269467532634735,-0.22509999573230743
4609,2.3045000,-0.10454443842172623,-0.22589999437332153
4610,2.3050000,-0.10632801055908203,-0.22669999301433563
4611,2.3055000,-0.10804624110460281,-0.22750000655651093
4612,2.3060000,-0.10970128327608109,-0.22840000689029694
4613,2.3065000,-0.1112959086894989,-0.22920000553131104
4614,2.3070000,-0.11283200979232788,-0.23010000586509705
4615,2.3075000,-0.11431276053190231,-0.23090000450611115
4616,2.3080000,-0.11574044078588486,-0.23180000483989716
4617,2.3085000,-0.11711443215608597,-0.23260000348091125
4618,2.3090000,-0.11843269318342209,-0.23340000212192535
4619,2.3095000,-0.11969448626041412,-0.23430000245571136
4620,2.3100000,-0.1209019273519516,-0.23510000109672546
4621,2.3105000,-0.12205800414085388,-0.23589999973773956
4622,2.3110000,-0.12316466122865677,-0.23669999837875366
4623,2.3115000,-0.12422357499599457,-0.23739999532699585
4624,2.3120000,-0.12523621320724487,-0.23819999396800995
4625,2.3125000,-0.12620282173156738,-0.23899999260902405
4626,2.3130000,-0.12712275981903076,-0.23970000445842743
4627,2.3135000,-0.12799650430679321,-0.24040000140666962
4628,2.3140000,-0.12882602214813232,-0.24099999666213989
4629,2.3145000,-0.12961183488368988,-0.24169999361038208
4630,2.3150000,-0.13035273551940918,-0.24230000376701355
4631,2.3155000,-0.1310499906539917,-0.24289999902248383
4632,2.3160000,-0.13170452415943146,-0.2434999942779541
4633,2.3165000,-0.13231536746025085,-0.24400000274181366
4634,2.3170000,-0.132883220911026,-0.24449999630451202
4635,2.3175000,-0.13340941071510315,-0.24490000307559967
4636,2.3180000,-0.1338968425989151,-0.24539999663829803
4637,2.3185000,-0.13434898853302002,-0.24580000340938568
4638,2.3190000,-0.13476550579071045,-0.24609999358654022
4639,2.3195000,-0.1351449191570282,-0.24650000035762787
4640,2.3200000,-0.13548702001571655,-0.24670000374317169
4641,2.3205000,-0.13579186797142029,-0.24699999392032623
4642,2.3210000,-0.13606025278568268,-0.24719999730587006
4643,2.3215000,-0.13629139959812164,-0.24740000069141388
4644,2.3220000,-0.13648539781570435,-0.24750000238418579
4645,2.3225000,-0.13664579391479492,-0.2476000040769577
4646,2.3230000,-0.13677552342414856,-0.24770000576972961
4647,2.3235000,-0.13687470555305481,-0.24770000576972961
4648,2.3240000,-0.13694271445274353,-0.24770000576972961
4649,2.3245000,-0.13698142766952515,-0.2476000040769577
4650,2.3250000,-0.13699197769165039,-0.24750000238418579
4651,2.3255000,-0.13697347044944763,-0.24740000069141388
4652,2.3260000,-0.13692829012870789,-0.24729999899864197
4653,2.3265000,-0.13685806095600128,-0.24709999561309814
4654,2.3270000,-0.13676184415817261,-0.2468000054359436
4655,2.3275000,-0.13663920760154724,-0.24650000035762787
4656,2.3280000,-0.13648697733879089,-0.24619999527931213
4657,2.3285000,-0.13630318641662598,-0.24590000510215759
4658,2.3290000,-0.13608855009078979,-0.24549999833106995
4659,2.3295000,-0.13584423065185547,-0.24500000476837158
4660,2.3300000,-0.13557383418083191,-0.24449999630451202
4661,2.3305000,-0.13527995347976685,-0.24400000274181366
4662,2.3310000,-0.13496297597885132,-0.24339999258518219
4663,2.3315000,-0.1346219927072525,-0.24279999732971191
4664,2.3320000,-0.13425347208976746,-0.24220000207424164
4665,2.3325000,-0.13385418057441711,-0.24150000512599945
4666,2.3330000,-0.13342481851577759,-0.24070000648498535
4667,2.3335000,-0.13296782970428467,-0.23989999294281006
4668,2.3340000,-0.13248500227928162,-0.23899999260902405
4669,2.3345000,-0.1319771409034729,-0.23810000717639923
4670,2.3350000,-0.13144448399543762,-0.23710000514984131
4671,2.3355000,-0.13088789582252502,-0.23610000312328339
4672,2.3360000,-0.13030664622783661,-0.23499999940395355
4673,2.3365000,-0.1297004222869873,-0.23389999568462372
4674,2.3370000,-0.12907165288925171,-0.23270000517368317
4675,2.3375000,-0.12842051684856415,-0.23139999806880951
4676,2.3380000,-0.12774738669395447,-0.23010000586509705
4677,2.3385000,-0.12705546617507935,-0.22869999706745148
4678,2.3390000,-0.12634611129760742,-0.22720000147819519
4679,2.3395000,-0.12561917304992676,-0.2257000058889389
4680,2.3400000,-0.1248680055141449,-0.22409999370574951
4681,2.3405000,-0.1240837499499321,-0.2223999947309494
4682,2.3410000,-0.12326628714799881,-0.22059999406337738
4683,2.3415000,-0.12241601943969727,-0.21879999339580536
4684,2.3420000,-0.12153255939483643,-0.21690000593662262
4685,2.3425000,-0.1206195130944252,-0.21490000188350677
4686,2.3430000,-0.11968042701482773,-0.21289999783039093
4687,2.3435000,-0.11871512979269028,-0.21070000529289246
4688,2.3440000,-0.11772146821022034,-0.2085999995470047
4689,2.3445000,-0.11670106649398804,-0.20630000531673431
4690,2.3450000,-0.11565583199262619,-0.20399999618530273
4691,2.3455000,-0.11458288878202438,-0.20160000026226044
4692,2.3460000,-0.11348073184490204,-0.19910000264644623
4693,2.3465000,-0.11235247552394867,-0.19660000503063202
4694,2.3470000,-0.11120160669088364,-0.1940000057220459
4695,2.3475000,-0.11002989858388901,-0.19140000641345978
4696,2.3480000,-0.1088370755314827,-0.18880000710487366
4697,2.3485000,-0.10762260854244232,-0.18600000441074371
4698,2.3490000,-0.10638812929391861,-0.18330000340938568
4699,2.3495000,-0.10513480007648468,-0.18050000071525574
4700,2.3500000,-0.10386151820421219,-0.17769999802112579
4701,2.3505000,-0.10256695002317429,-0.17479999363422394
4702,2.3510000,-0.10125128924846649,-0.17200000584125519
4703,2.3515000,-0.099914856255054474,-0.16910000145435333
4704,2.3520000,-0.098553173243999481,-0.16629999876022339
4705,2.3525000,-0.097159199416637421,-0.16339999437332153
4706,2.3530000,-0.095732264220714569,-0.16060000658035278
4707,2.3535000,-0.094275511801242828,-0.15770000219345093
4708,2.3540000,-0.092790976166725159,-0.15489999949932098
4709,2.3545000,-0.091280922293663025,-0.15209999680519104
4710,2.3550000,-0.089746043086051941,-0.14939999580383301
4711,2.3555000,-0.088186584413051605,-0.14669999480247498
4712,2.3560000,-0.086603567004203796,-0.14409999549388885
4713,2.3565000,-0.084997549653053284,-0.14149999618530273
4714,2.3570000,-0.083370640873908997,-0.13899999856948853
4715,2.3575000,-0.081728421151638031,-0.13660000264644623
4716,2.3580000,-0.080075785517692566,-0.13420000672340393
4717,2.3585000,-0.078412629663944244,-0.13189999759197235
4718,2.3590000,-0.076738245785236359,-0.12970000505447388
4719,2.3595000,-0.075055442750453949,-0.12759999930858612
4720,2.3600000,-0.073365360498428345,-0.12559999525547028
4721,2.3605000,-0.071664802730083466,-0.12370000034570694
4722,2.3610000,-0.069952890276908875,-0.12189999967813492
4723,2.3615000,-0.068233117461204529,-0.12020000070333481
4724,2.3620000,-0.066509582102298737,-0.11860000342130661
4725,2.3625000,-0.064783990383148193,-0.11710000038146973
4726,2.3630000,-0.06305646151304245,-0.11569999903440475
4727,2.3635000,-0.061330907046794891,-0.11439999938011169
4728,2.3640000,-0.059614077210426331,-0.11320000141859055
4729,2.3645000,-0.057912882417440414,-0.11209999769926071
4730,2.3650000,-0.056233681738376617,-0.11110000312328339
4731,2.3655000,-0.054579775780439377,-0.11010000109672546
4732,2.3660000,-0.052953682839870453,-0.10920000076293945
4733,2.3665000,-0.051358070224523544,-0.10830000042915344
4734,2.3670000,-0.049793597310781479,-0.10750000178813934
4735,2.3675000,-0.048261672258377075,-0.10670000314712524
4736,2.3680000,-0.04676562175154686,-0.10589999705553055
4737,2.3685000,-0.045309487730264664,-0.10509999841451645
4738,2.3690000,-0.043897300958633423,-0.10429999977350235
4739,2.3695000,-0.042530134320259094,-0.10339999943971634
4740,2.3700000,-0.041207335889339447,-0.10249999910593033
4741,2.3705000,-0.039930004626512527,-0.10149999707937241
4742,2.3710000,-0.038699280470609665,-0.10029999911785126
4743,2.3715000,-0.037514436990022659,-0.099100001156330109
4744,2.3720000,-0.036376010626554489,-0.097699999809265137
4745,2.3725000,-0.03528883308172226,-0.096100002527236938
4746,2.3730000,-0.034257452934980392,-0.094300001859664917
4747,2.3735000,-0.033279303461313248,-0.092200003564357758
4748,2.3740000,-0.032347116619348526,-0.089900001883506775
4749,2.3745000,-0.031456775963306427,-0.087200000882148743
4750,2.3750000,-0.030605234205722809,-0.084299996495246887
4751,2.3755000,-0.029786614701151848,-0.080899998545646667
4752,2.3760000,-0.02899683453142643,-0.07720000296831131
4753,2.3765000,-0.028236472979187965,-0.072999998927116394
4754,2.3770000,-0.02750670537352562,-0.068300001323223114
4755,2.3775000,-0.026805806905031204,-0.063199996948242188
4756,2.3780000,-0.026126760989427567,-0.057500001043081284
4757,2.3785000,-0.025458863005042076,-0.051199998706579208
4758,2.3790000,-0.024793505668640137,-0.04439999908208847
4759,2.3795000,-0.024124555289745331,-0.036899998784065247
4760,2.3800000,-0.023449108004570007,-0.028699999675154686
4761,2.3805000,-0.022764738649129868,-0.019899999722838402
4762,2.3810000,-0.022061580792069435,-0.010300000198185444
4763,2.3815000,-0.021330880001187325,-0
4764,2.3820000,-0.020564965903759003,0.010999999940395355
4765,2.3825000,-0.019745402038097382,0.022900000214576721
4766,2.3830000,-0.018852999433875084,0.035500001162290573
4767,2.3835000,-0.017873328179121017,0.048900000751018524
4768,2.3840000,-0.016780011355876923,0.063199996948242188
4769,2.3845000,-0.015532789751887321,0.078299999237060547
4770,2.3850000,-0.014106391929090023,0.094300001859664917
4771,2.3855000,-0.012488387525081635,0.11100000143051147
4772,2.3860000,-0.01065544318407774,0.12860000133514404
4773,2.3865000,-0.0085844211280345917,0.14710000157356262
4774,2.3870000,-0.0062607862055301666,0.16629999876022339
4775,2.3875000,-0.0036671906709671021,0.18629999458789825
4776,2.3880000,-0.00078510912135243416,0.20710000395774841
4777,2.3885000,0.0024026497267186642,0.22869999706745148
4778,2.3890000,0.0059196613729000092,0.25090000033378601
4779,2.3895000,0.0097868610173463821,0.27379998564720154
4780,2.3900000,0.01401819009333849,0.29739999771118164
4781,2.3905000,0.018634330481290817,0.32150000333786011
4782,2.3910000,0.023652607575058937,0.34610000252723694
4783,2.3915000,0.029087575152516365,0.37119999527931213
4784,2.3920000,0.03498096764087677,0.39669999480247498
4785,2.3925000,0.041381187736988068,0.42250001430511475
4786,2.3930000,0.048317313194274902,0.44859999418258667
4787,2.3935000,0.055806871503591537,0.4749000072479248
4788,2.3940000,0.063854649662971497,0.50129997730255127
4789,2.3945000,0.072468563914299011,0.5275999903678894
4790,2.3950000,0.081654049456119537,0.55390000343322754
4791,2.3955000,0.091409198939800262,0.57999998331069946
4792,2.3960000,0.10173825174570084,0.60589998960494995
4793,2.3965000,0.11263898760080338,0.63129997253417969
4794,2.3970000,0.12410275638103485,0.65630000829696655
4795,2.3975000,0.13611862063407898,0.68070000410079956
4796,2.3980000,0.14867961406707764,0.70440000295639038
4797,2.3985000,0.16178807616233826,0.72729998826980591
4798,2.3990000,0.17544582486152649,0.74930000305175781
4799,2.3995000,0.18963764607906342,0.77029997110366821
4800,2.4000000,0.20433765649795532,0.79019999504089355
4801,2.4005000,0.21953713893890381,0.80879998207092285
4802,2.4010000,0.23522321879863739,0.82609999179840088
4803,2.4015000,0.25136852264404297,0.84200000762939453
4804,2.4020000,0.26795607805252075,0.8564000129699707
4805,2.4025000,0.28495687246322632,0.86909997463226318
4806,2.4030000,0.30232188105583191,0.88010001182556152
4807,2.4035000,0.32001581788063049,0.88940000534057617
4808,2.4040000,0.33799231052398682,0.89670002460479736
4809,2.4045000,0.35617700219154358,0.90200001001358032
4810,2.4050000,0.37451291084289551,0.90539997816085815
4811,2.4055000,0.39295578002929688,0.90659999847412109
4812,2.4060000,0.41145434975624084,0.90570002794265747
4813,2.4065000,0.42994874715805054,0.9024999737739563
4814,2.4070000,0.44837212562561035,0.89719998836517334
4815,2.4075000,0.46666285395622253,0.88950002193450928
4816,2.4080000,0.48474738001823425,0.87949997186660767
4817,2.4085000,0.50253701210021973,0.86729997396469116
4818,2.4090000,0.51995456218719482,0.85259997844696045
4819,2.4095000,0.53693622350692749,0.83569997549057007
4820,2.4100000,0.55342519283294678,0.81639999151229858
4821,2.4105000,0.56936192512512207,0.79490000009536743
4822,2.4110000,0.58466655015945435,0.77100002765655518
4823,2.4115000,0.59925204515457153,0.74489998817443848
4824,2.4120000,0.61304610967636108,0.71670001745223999
4825,2.4125000,0.62598508596420288,0.68629997968673706
4826,2.4130000,0.63800084590911865,0.65380001068115234
4827,2.4135000,0.64903944730758667,0.6194000244140625
4828,2.4140000,0.65905559062957764,0.58300000429153442
4829,2.4145000,0.667976975440979,0.54490000009536743
4830,2.4150000,0.67573100328445435,0.50499999523162842
4831,2.4155000,0.68226397037506104,0.46349999308586121
4832,2.4160000,0.6875145435333252,0.4205000102519989
4833,2.4165000,0.69141602516174316,0.37610000371932983
4834,2.4170000,0.69392073154449463,0.33050000667572021
4835,2.4175000,0.69500076770782471,0.28380000591278076
4836,2.4180000,0.69463843107223511,0.23600000143051147
4837,2.4185000,0.6928107738494873,0.18739999830722809
4838,2.4190000,0.68948334455490112,0.13819999992847443
4839,2.4195000,0.68462955951690674,0.08829999715089798
4840,2.4200000,0.67823678255081177,0.038100000470876694
4841,2.4205000,0.6702999472618103,-0.012400000356137753
4842,2.4210000,0.66082018613815308,-0.063000001013278961
4843,2.4215000,0.64980226755142212,-0.11349999904632568
4844,2.4220000,0.63725566864013672,-0.16390000283718109
4845,2.4225000,0.62319695949554443,-0.21389999985694885
4846,2.4230000,0.60764062404632568,-0.26339998841285706
4847,2.4235000,0.59059453010559082,-0.31220000982284546
4848,2.4240000,0.57206356525421143,-0.36030000448226929
4849,2.4245000,0.5520586371421814,-0.40740001201629639
4850,2.4250000,0.53060954809188843,-0.45339998602867126
4851,2.4255000,0.50776511430740356,-0.4982999861240387
4852,2.4260000,0.48358231782913208,-0.54180002212524414
4853,2.4265000,0.45810344815254211,-0.58380001783370972
4854,2.4270000,0.43135571479797363,-0.62430000305175781
4855,2.4275000,0.40339627861976624,-0.66310000419616699
4856,2.4280000,0.37432357668876648,-0.70020002126693726
4857,2.4285000,0.34424197673797607,-0.73530000448226929
4858,2.4290000,0.313233882188797,-0.7685999870300293
4859,2.4295000,0.28136160969734192,-0.79970002174377441
4860,2.4300000,0.24869364500045776,-0.8288000226020813
4861,2.4305000,0.21530753374099731,-0.85570001602172852
4862,2.4310000,0.18128973245620728,-0.88040000200271606
4863,2.4315000,0.14674066007137299,-0.90280002355575562
4864,2.4320000,0.11175352334976196,-0.92290002107620239
4865,2.4325000,0.076415345072746277,-0.9406999945640564
4866,2.4330000,0.040818169713020325,-0.9560999870300293
4867,2.4335000,0.0050512626767158508,-0.96909999847412109
4868,2.4340000,-0.030798222869634628,-0.97979998588562012
4869,2.4345000,-0.066645458340644836,-0.98809999227523804
4870,2.4350000,-0.10240029543638229,-0.99409997463226318
4871,2.4355000,-0.13796430826187134,-0.99769997596740723
4872,2.4360000,-0.17324936389923096,-0.99910002946853638
4873,2.4365000,-0.20818343758583069,-0.99819999933242798
4874,2.4370000,-0.24269068241119385,-0.99510002136230469
4875,2.4375000,-0.27668249607086182,-0.98979997634887695
4876,2.4380000,-0.31007862091064453,-0.98240000009536743
4877,2.4385000,-0.34281063079833984,-0.97289997339248657
4878,2.4390000,-0.37480753660202026,-0.96149998903274536
4879,2.4395000,-0.40598839521408081,-0.94809997081756592
4880,2.4400000,-0.43626528978347778,-0.93300002813339233
4881,2.4405000,-0.46556025743484497,-0.91610002517700195
4882,2.4410000,-0.49380594491958618,-0.89749997854232788
4883,2.4415000,-0.52093708515167236,-0.8773999810218811
4884,2.4420000,-0.54690253734588623,-0.85579997301101685
4885,2.4425000,-0.57166367769241333,-0.83289998769760132
4886,2.4430000,-0.59517765045166016,-0.80860000848770142
4887,2.4435000,-0.61738890409469604,-0.78320002555847168
4888,2.4440000,-0.63824093341827393,-0.75669997930526733
4889,2.4445000,-0.65770137310028076,-0.72930002212524414
4890,2.4450000,-0.67574143409729004,-0.70099997520446777
4891,2.4455000,-0.69231873750686646,-0.67189997434616089
4892,2.4460000,-0.707405686378479,-0.64219999313354492
4893,2.4465000,-0.72099226713180542,-0.6118999719619751
4894,2.4470000,-0.73306417465209961,-0.5812000036239624
4895,2.4475000,-0.74360525608062744,-0.55010002851486206
4896,2.4480000,-0.75259214639663696,-0.51880002021789551
4897,2.4485000,-0.75999349355697632,-0.48730000853538513
4898,2.4490000,-0.76580280065536499,-0.45570001006126404
4899,2.4495000,-0.7700313925743103,-0.42419999837875366
4900,2.4500000,-0.77269178628921509,-0.39280000329017639
4901,2.4505000,-0.77381032705307007,-0.36160001158714294
4902,2.4510000,-0.77341783046722412,-0.33070001006126404
4903,2.4515000,-0.77154558897018433,-0.30019998550415039
4904,2.4520000,-0.76822143793106079,-0.27009999752044678
4905,2.4525000,-0.76346588134765625,-0.24040000140666962
4906,2.4530000,-0.75730627775192261,-0.21140000224113464
4907,2.4535000,-0.74978667497634888,-0.18299999833106995
4908,2.4540000,-0.7409631609916687,-0.15530000627040863
4909,2.4545000,-0.73088884353637695,-0.12829999625682831
4910,2.4550000,-0.71960824728012085,-0.10209999978542328
4911,2.4555000,-0.7071688175201416,-0.076700001955032349
4912,2.4560000,-0.69362962245941162,-0.052200000733137131
4913,2.4565000,-0.67904967069625854,-0.028500000014901161
4914,2.4570000,-0.66347980499267578,-0.0057999999262392521
4915,2.4575000,-0.64697724580764771,0.015900000929832458
4916,2.4580000,-0.62960910797119141,0.036699999123811722
4917,2.4585000,-0.61144024133682251,0.056499999016523361
4918,2.4590000,-0.59253370761871338,0.075300000607967377
4919,2.4595000,-0.57295680046081543,0.093199998140335083
4920,2.4600000,-0.55278199911117554,0.10999999940395355
4921,2.4605000,-0.53207719326019287,0.12590000033378601
4922,2.4610000,-0.51089954376220703,0.14069999754428864
4923,2.4615000,-0.48931461572647095,0.15459999442100525
4924,2.4620000,-0.4673924446105957,0.16750000417232513
4925,2.4625000,-0.44519510865211487,0.17949999868869781
4926,2.4630000,-0.42278146743774414,0.19050000607967377
4927,2.4635000,-0.40020474791526794,0.20069999992847443
4928,2.4640000,-0.37752252817153931,0.20990000665187836
4929,2.4645000,-0.35480353236198425,0.21829999983310699
4930,2.4650000,-0.33211326599121094,0.22589999437332153
4931,2.4655000,-0.30950391292572021,0.23260000348091125
4932,2.4660000,-0.28701731562614441,0.2386000007390976
4933,2.4665000,-0.26469850540161133,0.24390000104904175
4934,2.4670000,-0.24259385466575623,0.24850000441074371
4935,2.4675000,-0.22074367105960846,0.25240001082420349
4936,2.4680000,-0.19919458031654358,0.25569999217987061
4937,2.4685000,-0.17799358069896698,0.25839999318122864
4938,2.4690000,-0.1571742445230484,0.26050001382827759
4939,2.4695000,-0.13677261769771576,0.2621999979019165
4940,2.4700000,-0.11683233082294464,0.26330000162124634
4941,2.4705000,-0.097388759255409241,0.26399999856948853
4942,2.4710000,-0.078468494117259979,0.26429998874664307
4943,2.4715000,-0.060092344880104065,0.26429998874664307
4944,2.4720000,-0.042281858623027802,0.26390001177787781
4945,2.4725000,-0.025064319372177124,0.26320001482963562
4946,2.4730000,-0.0084615014493465424,0.2621999979019165
4947,2.4735000,0.0075145456939935684,0.26109999418258667
4948,2.4740000,0.022856518626213074,0.25970000028610229
4949,2.4745000,0.037558495998382568,0.2581000030040741
4950,2.4750000,0.051617331802845001,0.2565000057220459
4951,2.4755000,0.065031558275222778,0.25470000505447388
4952,2.4760000,0.077794268727302551,0.25279998779296875
4953,2.4765000,0.089900746941566467,0.25080001354217529
4954,2.4770000,0.10135350376367569,0.24879999458789825
4955,2.4775000,0.11215844005346298,0.2468000054359436
4956,2.4780000,0.1223224475979805,0.24480000138282776
4957,2.4785000,0.13185012340545654,0.24289999902248383
4958,2.4790000,0.14075148105621338,0.24089999496936798
4959,2.4795000,0.14904259145259857,0.23909999430179596
4960,2.4800000,0.15673798322677612,0.23729999363422394
4961,2.4805000,0.1638513058423996,0.23549999296665192
4962,2.4810000,0.17039395868778229,0.23389999568462372
4963,2.4815000,0.17637808620929718,0.23240000009536743
4964,2.4820000,0.18181692063808441,0.23100000619888306
4965,2.4825000,0.18672221899032593,0.2296999990940094
4966,2.4830000,0.19111350178718567,0.22849999368190765
4967,2.4835000,0.19501522183418274,0.22750000655651093
4968,2.4840000,0.19844429194927216,0.22660000622272491
4969,2.4845000,0.20141425728797913,0.22579999268054962
4970,2.4850000,0.20394447445869446,0.22509999573230743
4971,2.4855000,0.20605602860450745,0.22460000216960907
4972,2.4860000,0.20776525139808655,0.22419999539852142
4973,2.4865000,0.20908613502979279,0.22400000691413879
4974,2.4870000,0.21003769338130951,0.22390000522136688
4975,2.4875000,0.21064241230487823,0.22390000522136688
4976,2.4880000,0.21092821657657623,0.22400000691413879
4977,2.4885000,0.2109294980764389,0.22429999709129333
4978,2.4890000,0.21067410707473755,0.22460000216960907
4979,2.4895000,0.21017585694789886,0.22509999573230743
4980,2.4900000,0.20944562554359436,0.2257000058889389
4981,2.4905000,0.2085043340921402,0.22630000114440918
4982,2.4910000,0.20737451314926147,0.22709999978542328
4983,2.4915000,0.2060740739107132,0.22789999842643738
4984,2.4920000,0.20462238788604736,0.2289000004529953
4985,2.4925000,0.20304417610168457,0.22980000078678131
4986,2.4930000,0.20136593282222748,0.23090000450611115
4987,2.4935000,0.19959855079650879,0.23199999332427979
4988,2.4940000,0.19774264097213745,0.23309999704360962
4989,2.4945000,0.19581450521945953,0.23430000245571136
4990,2.4950000,0.19384077191352844,0.23549999296665192
4991,2.4955000,0.19184136390686035,0.23680000007152557
4992,2.4960000,0.18982742726802826,0.23810000717639923
4993,2.4965000,0.18780772387981415,0.23939999938011169
4994,2.4970000,0.18579500913619995,0.24070000648498535
4995,2.4975000,0.1837979257106781,0.24199999868869781
4996,2.4980000,0.18181967735290527,0.24339999258518219
4997,2.4985000,0.17986966669559479,0.24469999969005585
4998,2.4990000,0.17796052992343903,0.2460000067949295
4999,2.4995000,0.17610186338424683,0.24729999899864197
5000,2.5000000,0.1743043065071106,0.24860000610351562
5001,2.5005000,0.17258422076702118,0.24989999830722809
5002,2.5010000,0.17095331847667694,0.25119999051094055
5003,2.5015000,0.16940940916538239,0.25240001082420349
5004,2.5020000,0.16794951260089874,0.25360000133514404
5005,2.5025000,0.16657692193984985,0.25479999184608459
5006,2.5030000,0.16529649496078491,0.25600001215934753
5007,2.5035000,0.16411067545413971,0.25709998607635498
5008,2.5040000,0.16301967203617096,0.25830000638961792
5009,2.5045000,0.16202929615974426,0.25929999351501465
5010,2.5050000,0.1611441969871521,0.26039999723434448
5011,2.5055000,0.16035956144332886,0.2614000141620636
5012,2.5060000,0.15966981649398804,0.26240000128746033
5013,2.5065000,0.15907111763954163,0.26339998841285706
5014,2.5070000,0.15856391191482544,0.26429998874664307
5015,2.5075000,0.1581512987613678,0.26519998908042908
5016,2.5080000,0.15783789753913879,0.26609998941421509
5017,2.5085000,0.15763165056705475,0.26690000295639038
5018,2.5090000,0.1575336754322052,0.26780000329017639
5019,2.5095000,0.15753823518753052,0.2685999870300293
5020,2.5100000,0.15763503313064575,0.26930001378059387
5021,2.5105000,0.15781356394290924,0.27009999752044678
5022,2.5110000,0.15807065367698669,0.27079999446868896
5023,2.5115000,0.15840563178062439,0.27149999141693115
5024,2.5120000,0.15882192552089691,0.27219998836517334
5025,2.5125000,0.15932504832744598,0.27289998531341553
5026,2.5130000,0.15991175174713135,0.2736000120639801
5027,2.5135000,0.16057369112968445,0.27419999241828918
5028,2.5140000,0.16130241751670837,0.27480000257492065
5029,2.5145000,0.1620897650718689,0.27549999952316284
5030,2.5150000,0.16292820870876312,0.27610000967979431
5031,2.5155000,0.1638127863407135,0.27660000324249268
5032,2.5160000,0.16474230587482452,0.27720001339912415
5033,2.5165000,0.16571445763111115,0.27779999375343323
5034,2.5170000,0.16672462224960327,0.27829998731613159
5035,2.5175000,0.16776707768440247,0.27889999747276306
5036,2.5180000,0.16883516311645508,0.27939999103546143
5037,2.5185000,0.16992197930812836,0.27990001440048218
5038,2.5190000,0.17102052271366119,0.28049999475479126
5039,2.5195000,0.17212864756584167,0.28099998831748962
5040,2.5200000,0.17323686182498932,0.28139999508857727
5041,2.5205000,0.1743188351392746,0.28189998865127563
5042,2.5210000,0.17535902559757233,0.28240001201629639
5043,2.5215000,0.17635776102542877,0.28279998898506165
5044,2.5220000,0.17731420695781708,0.28319999575614929
5045,2.5225000,0.17822793126106262,0.28369998931884766
5046,2.5230000,0.17910152673721313,0.2840999960899353
5047,2.5235000,0.17993834614753723,0.28439998626708984
5048,2.5240000,0.18073773384094238,0.28479999303817749
5049,2.5245000,0.18149475753307343,0.28510001301765442
5050,2.5250000,0.1822052001953125,0.28540000319480896
5051,2.5255000,0.1828644871711731,0.2856999933719635
5052,2.5260000,0.18346866965293884,0.28600001335144043
5053,2.5265000,0.18401823937892914,0.28630000352859497
5054,2.5270000,0.18451760709285736,0.28650000691413879
5055,2.5275000,0.18497174978256226,0.28670001029968262
5056,2.5280000,0.18538856506347656,0.28679999709129333
5057,2.5285000,0.18578416109085083,0.28700000047683716
5058,2.5290000,0.18616712093353271,0.28709998726844788
5059,2.5295000,0.18653033673763275,0.28720000386238098
5060,2.5300000,0.1868707537651062,0.28720000386238098
5061,2.5305000,0.1871916800737381,0.28720000386238098
5062,2.5310000,0.18749538064002991,0.28720000386238098
5063,2.5315000,0.18778501451015472,0.28720000386238098
5064,2.5320000,0.18805928528308868,0.28709998726844788
5065,2.5325000,0.18831975758075714,0.28700000047683716
5066,2.5330000,0.18857091665267944,0.28690001368522644
5067,2.5335000,0.18880985677242279,0.28670001029968262
5068,2.5340000,0.18903933465480804,0.28650000691413879
5069,2.5345000,0.18926829099655151,0.28630000352859497
5070,2.5350000,0.18949763476848602,0.28610000014305115
5071,2.5355000,0.18972477316856384,0.28580000996589661
5072,2.5360000,0.18994677066802979,0.28549998998641968
5073,2.5365000,0.19015830755233765,0.28519999980926514
5074,2.5370000,0.1903548538684845,0.2849000096321106
5075,2.5375000,0.19053532183170319,0.28450000286102295
5076,2.5380000,0.19070512056350708,0.2840999960899353
5077,2.5385000,0.19086962938308716,0.28369998931884766
5078,2.5390000,0.19102722406387329,0.2833000123500824
5079,2.5395000,0.19117364287376404,0.28290000557899475
5080,2.5400000,0.19131341576576233,0.2824999988079071
5081,2.5405000,0.19145578145980835,0.28200000524520874
5082,2.5410000,0.19159892201423645,0.28159999847412109
5083,2.5415000,0.191737100481987,0.28119999170303345
5084,2.5420000,0.19187268614768982,0.28069999814033508
5085,2.5425000,0.19200943410396576,0.28029999136924744
5086,2.5430000,0.19214513897895813,0.27979999780654907
5087,2.5435000,0.19227662682533264,0.27939999103546143
5088,2.5440000,0.19240526854991913,0.27900001406669617
5089,2.5445000,0.19253204762935638,0.27860000729560852
5090,2.5450000,0.19265386462211609,0.27820000052452087
5091,2.5455000,0.19277028739452362,0.27779999375343323
5092,2.5460000,0.19288700819015503,0.27750000357627869
5093,2.5465000,0.1930084228515625,0.27720001339912415
5094,2.5470000,0.19313135743141174,0.27689999341964722
5095,2.5475000,0.19325233995914459,0.27660000324249268
5096,2.5480000,0.19337347149848938,0.27630001306533813
5097,2.5485000,0.19349479675292969,0.27610000967979431
5098,2.5490000,0.19361254572868347,0.27599999308586121
5099,2.5495000,0.19372667372226715,0.27579998970031738
5100,2.5500000,0.19384060800075531,0.27570000290870667
5101,2.5505000,0.19395609200000763,0.27559998631477356
5102,2.5510000,0.19407272338867188,0.27559998631477356
5103,2.5515000,0.19419221580028534,0.27559998631477356
5104,2.5520000,0.19431872665882111,0.27570000290870667
5105,2.5525000,0.19445262849330902,0.27579998970031738
5106,2.5530000,0.19458793103694916,0.27590000629425049
5107,2.5535000,0.19472084939479828,0.27610000967979431
5108,2.5540000,0.19485276937484741,0.27630001306533813
5109,2.5545000,0.19498170912265778,0.27649998664855957
5110,2.5550000,0.19510288536548615,0.2768000066280365
5111,2.5555000,0.1952153742313385,0.27720001339912415
5112,2.5560000,0.1953253298997879,0.27750000357627869
5113,2.5565000,0.19544176757335663,0.27790001034736633
5114,2.5570000,0.19556652009487152,0.2784000039100647
5115,2.5575000,0.19569577276706696,0.27880001068115234
5116,2.5580000,0.19583077728748322,0.27939999103546143
5117,2.5585000,0.19597387313842773,0.27990001440048218
5118,2.5590000,0.19612148404121399,0.28049999475479126
5119,2.5595000,0.19627365469932556,0.28110000491142273
5120,2.5600000,0.19643491506576538,0.28169998526573181
5121,2.5605000,0.19660800695419312,0.28229999542236328
5122,2.5610000,0.1967960000038147,0.28299999237060547
5123,2.5615000,0.1969989687204361,0.28369998931884766
5124,2.5620000,0.19721578061580658,0.28439998626708984
5125,2.5625000,0.19744658470153809,0.28519999980926514
5126,2.5630000,0.19769135117530823,0.28589999675750732
5127,2.5635000,0.19795210659503937,0.28670001029968262
5128,2.5640000,0.19822843372821808,0.28749999403953552
5129,2.5645000,0.19851727783679962,0.28830000758171082
5130,2.5650000,0.19881664216518402,0.28920000791549683
5131,2.5655000,0.19912417232990265,0.28999999165534973
5132,2.5660000,0.19943928718566895,0.29089999198913574
5133,2.5665000,0.19976401329040527,0.29170000553131104
5134,2.5670000,0.20009821653366089,0.29260000586509705
5135,2.5675000,0.20044077932834625,0.29350000619888306
5136,2.5680000,0.20079679787158966,0.29449999332427979
5137,2.5685000,0.20117570459842682,0.2953999936580658
5138,2.5690000,0.20157983899116516,0.29629999399185181
5139,2.5695000,0.20200298726558685,0.29730001091957092
5140,2.5700000,0.20244008302688599,0.29829999804496765
5141,2.5705000,0.20288950204849243,0.29929998517036438
5142,2.5710000,0.20334912836551666,0.3003000020980835
5143,2.5715000,0.20381720364093781,0.30140000581741333
5144,2.5720000,0.20429451763629913,0.30250000953674316
5145,2.5725000,0.20478460192680359,0.30349999666213989
5146,2.5730000,0.20528553426265717,0.30469998717308044
5147,2.5735000,0.2057880312204361,0.30579999089241028
5148,2.5740000,0.20628723502159119,0.30700001120567322
5149,2.5745000,0.20678307116031647,0.30820000171661377
5150,2.5750000,0.20727653801441193,0.30939999222755432
5151,2.5755000,0.207769975066185,0.31060001254081726
5152,2.5760000,0.20826245844364166,0.31189998984336853
5153,2.5765000,0.20875345170497894,0.31319999694824219
5154,2.5770000,0.20924344658851624,0.31459999084472656
5155,2.5775000,0.20972728729248047,0.31600001454353333
5156,2.5780000,0.21020224690437317,0.3174000084400177
5157,2.5785000,0.21067197620868683,0.31880000233650208
5158,2.5790000,0.21113893389701843,0.32030001282691956
5159,2.5795000,0.21160753071308136,0.32179999351501465
5160,2.5800000,0.21208864450454712,0.32339999079704285
5161,2.5805000,0.21259184181690216,0.32499998807907104
5162,2.5810000,0.21311593055725098,0.32659998536109924
5163,2.5815000,0.21365357935428619,0.32829999923706055
5164,2.5820000,0.2142026275396347,0.33000001311302185
5165,2.5825000,0.21476630866527557,0.33180001378059387
5166,2.5830000,0.21534889936447144,0.33360001444816589
5167,2.5835000,0.21594995260238647,0.33539998531341553
5168,2.5840000,0.21656958758831024,0.33719998598098755
5169,2.5845000,0.21721391379833221,0.33910000324249268
5170,2.5850000,0.21788311004638672,0.34110000729560852
5171,2.5855000,0.21857073903083801,0.34299999475479126
5172,2.5860000,0.2192717045545578,0.3449999988079071
5173,2.5865000,0.21998532116413116,0.34709998965263367
5174,2.5870000,0.22071361541748047,0.34920001029968262
5175,2.5875000,0.221454918384552,0.35130000114440918
5176,2.5880000,0.22221179306507111,0.35339999198913574
5177,2.5885000,0.22299359738826752,0.35559999942779541
5178,2.5890000,0.22380140423774719,0.35780000686645508
5179,2.5895000,0.22463195025920868,0.36000001430511475
5180,2.5900000,0.22548377513885498,0.36230000853538513
5181,2.5905000,0.22635388374328613,0.36460000276565552
5182,2.5910000,0.22723996639251709,0.3668999969959259
5183,2.5915000,0.22814013063907623,0.36919999122619629
5184,2.5920000,0.22904780507087708,0.37160000205039978
5185,2.5925000,0.22995330393314362,0.37400001287460327
5186,2.5930000,0.23085226118564606,0.37639999389648438
5187,2.5935000,0.23174262046813965,0.37889999151229858
5188,2.5940000,0.23262038826942444,0.38130000233650208
5189,2.5945000,0.23348630964756012,0.38379999995231628
5190,2.5950000,0.23434710502624512,0.38629999756813049
5191,2.5955000,0.23520673811435699,0.38890001177787781
5192,2.5960000,0.23607179522514343,0.39140000939369202
5193,2.5965000,0.23695597052574158,0.39399999380111694
5194,2.5970000,0.23786807060241699,0.39660000801086426
5195,2.5975000,0.23881156742572784,0.39919999241828918
5196,2.5980000,0.23978489637374878,0.40189999341964722
5197,2.5985000,0.24078352749347687,0.40450000762939453
5198,2.5990000,0.24180588126182556,0.40720000863075256
5199,2.5995000,0.24284912645816803,0.4099000096321106
5200,2.6000000,0.24391549825668335,0.41260001063346863
5201,2.6005000,0.24501492083072662,0.41539999842643738
5202,2.6010000,0.24615179002285004,0.41819998621940613
5203,2.6015000,0.24732509255409241,0.42089998722076416
5204,2.6020000,0.24853430688381195,0.42379999160766602
5205,2.6025000,0.24977925419807434,0.42660000920295715
5206,2.6030000,0.25105732679367065,0.42950001358985901
5207,2.6035000,0.25236308574676514,0.43239998817443848
5208,2.6040000,0.25369817018508911,0.43529999256134033
5209,2.6045000,0.2550722062587738,0.43819999694824219
5210,2.6050000,0.25648921728134155,0.44119998812675476
5211,2.6055000,0.25794503092765808,0.44420000910758972
5212,2.6060000,0.25943344831466675,0.44720000028610229
5213,2.6065000,0.26095032691955566,0.45019999146461487
5214,2.6070000,0.26249492168426514,0.45329999923706055
5215,2.6075000,0.26406750082969666,0.45640000700950623
5216,2.6080000,0.26567298173904419,0.4595000147819519
5217,2.6085000,0.2673218846321106,0.4627000093460083
5218,2.6090000,0.26902079582214355,0.4659000039100647
5219,2.6095000,0.27076852321624756,0.46909999847412109
5220,2.6100000,0.2725619375705719,0.47229999303817749
5221,2.6105000,0.27439871430397034,0.47560000419616699
5222,2.6110000,0.27627384662628174,0.47889998555183411
5223,2.6115000,0.27818223834037781,0.48230001330375671
5224,2.6120000,0.28012415766716003,0.48559999465942383
5225,2.6125000,0.28210732340812683,0.48899999260902405
5226,2.6130000,0.28413942456245422,0.49250000715255737
5227,2.6135000,0.28622063994407654,0.49590000510215759
5228,2.6140000,0.28834748268127441,0.49939998984336853
5229,2.6145000,0.29051440954208374,0.50290000438690186
5230,2.6150000,0.29271462559700012,0.50639998912811279
5231,2.6155000,0.29494261741638184,0.50999999046325684
5232,2.6160000,0.29719620943069458,0.51349997520446777
5233,2.6165000,0.29947817325592041,0.51709997653961182
5234,2.6170000,0.30179175734519958,0.52079999446868896
5235,2.6175000,0.30413791537284851,0.52439999580383301
5236,2.6180000,0.30651524662971497,0.52799999713897705
5237,2.6185000,0.30891984701156616,0.5317000150680542
5238,2.6190000,0.31135010719299316,0.53539997339248657
5239,2.6195000,0.31380760669708252,0.53909999132156372
5240,2.6200000,0.31629243493080139,0.54280000925064087
5241,2.6205000,0.31880152225494385,0.54650002717971802
5242,2.6210000,0.32133609056472778,0.55019998550415039
5243,2.6215000,0.3239004909992218,0.55390000343322754
5244,2.6220000,0.32649582624435425,0.55760002136230469
5245,2.6225000,0.32912346720695496,0.56129997968673706
5246,2.6230000,0.33178409934043884,0.56499999761581421
5247,2.6235000,0.33447557687759399,0.56870001554489136
5248,2.6240000,0.33719190955162048,0.57239997386932373
5249,2.6245000,0.3399243950843811,0.57609999179840088
5250,2.6250000,0.34266909956932068,0.57969999313354492
5251,2.6255000,0.34542748332023621,0.58340001106262207
5252,2.6260000,0.3482004702091217,0.58700001239776611
5253,2.6265000,0.35098975896835327,0.59060001373291016
5254,2.6270000,0.35379901528358459,0.59409999847412109
5255,2.6275000,0.35662832856178284,0.59769999980926514
5256,2.6280000,0.35946953296661377,0.60119998455047607
5257,2.6285000,0.36231166124343872,0.60470002889633179
5258,2.6290000,0.36515066027641296,0.60809999704360962
5259,2.6295000,0.36798852682113647,0.61150002479553223
5260,2.6300000,0.3708244264125824,0.61489999294281006
5261,2.6305000,0.3736584484577179,0.61820000410079956
5262,2.6310000,0.37649714946746826,0.62150001525878906
5263,2.6315000,0.37933918833732605,0.62470000982284546
5264,2.6320000,0.38217425346374512,0.62790000438690186
5265,2.6325000,0.3849988579750061,0.63099998235702515
5266,2.6330000,0.38781356811523438,0.63410001993179321
5267,2.6335000,0.39061775803565979,0.6370999813079834
5268,2.6340000,0.39341077208518982,0.63999998569488525
5269,2.6345000,0.39619004726409912,0.64289999008178711
5270,2.6350000,0.39895802736282349,0.64579999446868896
5271,2.6355000,0.40171480178833008,0.64850002527236938
5272,2.6360000,0.40445491671562195,0.65119999647140503
5273,2.6365000,0.40718469023704529,0.65390002727508545
5274,2.6370000,0.4099133312702179,0.65649998188018799
5275,2.6375000,0.41264444589614868,0.6589999794960022
5276,2.6380000,0.41538387537002563,0.66149997711181641
5277,2.6385000,0.41812935471534729,0.66390001773834229
5278,2.6390000,0.42087402939796448,0.66629999876022339
5279,2.6395000,0.42361706495285034,0.66850000619888306
5280,2.6400000,0.42635759711265564,0.67079997062683105
5281,2.6405000,0.42909720540046692,0.67290002107620239
5282,2.6410000,0.43183556199073792,0.67500001192092896
5283,2.6415000,0.43456995487213135,0.67710000276565552
5284,2.6420000,0.43730190396308899,0.67909997701644897
5285,2.6425000,0.44003242254257202,0.6809999942779541
5286,2.6430000,0.44276726245880127,0.68290001153945923
5287,2.6435000,0.44551447033882141,0.68480002880096436
5288,2.6440000,0.44826984405517578,0.68660002946853638
5289,2.6445000,0.45102360844612122,0.68830001354217529
5290,2.6450000,0.45377036929130554,0.68999999761581421
5291,2.6455000,0.45650851726531982,0.69160002470016479
5292,2.6460000,0.45923835039138794,0.69319999217987061
5293,2.6465000,0.46196269989013672,0.69480001926422119
5294,2.6470000,0.46468594670295715,0.69630002975463867
5295,2.6475000,0.4674072265625,0.69779998064041138
5296,2.6480000,0.47012540698051453,0.69929999113082886
5297,2.6485000,0.47284495830535889,0.70069998502731323
5298,2.6490000,0.47556445002555847,0.70209997892379761
5299,2.6495000,0.47827649116516113,0.70340001583099365
5300,2.6500000,0.48097684979438782,0.70469999313354492
5301,2.6505000,0.4836675226688385,0.70599997043609619
5302,2.6510000,0.48635479807853699,0.70730000734329224
5303,2.6515000,0.48903971910476685,0.70850002765655518
5304,2.6520000,0.4917093813419342,0.70969998836517334
5305,2.6525000,0.49434280395507812,0.71090000867843628
5306,2.6530000,0.49692726135253906,0.71210002899169922
5307,2.6535000,0.49946221709251404,0.71319997310638428
5308,2.6540000,0.5019497275352478,0.71439999341964722
5309,2.6545000,0.50439095497131348,0.71549999713897705
5310,2.6550000,0.50678861141204834,0.71649998426437378
5311,2.6555000,0.509147047996521,0.71759998798370361
5312,2.6560000,0.51147210597991943,0.71859997510910034
5313,2.6565000,0.51376533508300781,0.71969997882843018
5314,2.6570000,0.51602083444595337,0.72070002555847168
5315,2.6575000,0.51823556423187256,0.7215999960899353
5316,2.6580000,0.52041375637054443,0.72259998321533203
5317,2.6585000,0.52255690097808838,0.72350001335144043
5318,2.6590000,0.52466154098510742,0.72439998388290405
5319,2.6595000,0.52672654390335083,0.72530001401901245
5320,2.6600000,0.52875959873199463,0.72619998455047607
5321,2.6605000,0.53076934814453125,0.72710001468658447
5322,2.6610000,0.53275036811828613,0.72790002822875977
5323,2.6615000,0.53469568490982056,0.72869998216629028
5324,2.6620000,0.53660750389099121,0.72939997911453247
5325,2.6625000,0.53848874568939209,0.73019999265670776
5326,2.6630000,0.54034042358398438,0.73089998960494995
5327,2.6635000,0.5421600341796875,0.73150002956390381
5328,2.6640000,0.5439450740814209,0.73210000991821289
5329,2.6645000,0.54569441080093384,0.73269999027252197
5330,2.6650000,0.54740238189697266,0.73320001363754272
5331,2.6655000,0.54906010627746582,0.7336999773979187
5332,2.6660000,0.55066412687301636,0.73409998416900635
5333,2.6665000,0.55221474170684814,0.73449999094009399
5334,2.6670000,0.5537077784538269,0.73470002412796021
5335,2.6675000,0.55513834953308105,0.73500001430511475
5336,2.6680000,0.55651038885116577,0.73509997129440308
5337,2.6685000,0.5578342080116272,0.73519998788833618
5338,2.6690000,0.55911475419998169,0.73509997129440308
5339,2.6695000,0.56035053730010986,0.73500001430511475
5340,2.6700000,0.56154149770736694,0.73479998111724854
5341,2.6705000,0.56269025802612305,0.73439997434616089
5342,2.6710000,0.5637962818145752,0.73390001058578491
5343,2.6715000,0.56485706567764282,0.73339998722076416
5344,2.6720000,0.56587028503417969,0.73259997367858887
5345,2.6725000,0.56683123111724854,0.73180001974105835
5346,2.6730000,0.56773883104324341,0.73079997301101685
5347,2.6735000,0.56859457492828369,0.72960001230239868
5348,2.6740000,0.56939655542373657,0.72829997539520264
5349,2.6745000,0.57014572620391846,0.72680002450942993
5350,2.6750000,0.57084155082702637,0.72509998083114624
5351,2.6755000,0.57148230075836182,0.72320002317428589
5352,2.6760000,0.57206696271896362,0.72109997272491455
5353,2.6765000,0.57258188724517822,0.71880000829696655
5354,2.6770000,0.57301408052444458,0.71630001068115234
5355,2.6775000,0.57335883378982544,0.71350002288818359
5356,2.6780000,0.57361096143722534,0.71050000190734863
5357,2.6785000,0.5737730860710144,0.70730000734329224
5358,2.6790000,0.5738525390625,0.7038000226020813
5359,2.6795000,0.57385236024856567,0.70010000467300415
5360,2.6800000,0.57377320528030396,0.69609999656677246
5361,2.6805000,0.57361495494842529,0.69179999828338623
5362,2.6810000,0.57337361574172974,0.68730002641677856
5363,2.6815000,0.57303684949874878,0.68239998817443848
5364,2.6820000,0.57259225845336914,0.67729997634887695
5365,2.6825000,0.57203686237335205,0.67189997434616089
5366,2.6830000,0.57137012481689453,0.66619998216629028
5367,2.6835000,0.57059133052825928,0.66009998321533203
5368,2.6840000,0.56969922780990601,0.65380001068115234
5369,2.6845000,0.56868577003479004,0.64709997177124023
5370,2.6850000,0.5675387978553772,0.64020001888275146
5371,2.6855000,0.56625229120254517,0.63289999961853027
5372,2.6860000,0.56482547521591187,0.62529999017715454
5373,2.6865000,0.56325846910476685,0.61729997396469116
5374,2.6870000,0.56155478954315186,0.60909998416900635
5375,2.6875000,0.55971860885620117,0.60049998760223389
5376,2.6880000,0.55774855613708496,0.59160000085830688
5377,2.6885000,0.5556376576423645,0.58240002393722534
5378,2.6890000,0.55338031053543091,0.57289999723434448
5379,2.6895000,0.55097305774688721,0.56309998035430908
5380,2.6900000,0.54841488599777222,0.55299997329711914
5381,2.6905000,0.54570692777633667,0.54250001907348633
5382,2.6910000,0.54284757375717163,0.53179997205734253
5383,2.6915000,0.53983598947525024,0.52079999446868896
5384,2.6920000,0.5366586446762085,0.50940001010894775
5385,2.6925000,0.53329116106033325,0.49790000915527344
5386,2.6930000,0.52972584962844849,0.48600000143051147
5387,2.6935000,0.52596235275268555,0.47389999032020569
5388,2.6940000,0.52199375629425049,0.46149998903274536
5389,2.6945000,0.5178101658821106,0.44879999756813049
5390,2.6950000,0.51340276002883911,0.4359000027179718
5391,2.6955000,0.50877046585083008,0.42280000448226929
5392,2.6960000,0.50391727685928345,0.40950000286102295
5393,2.6965000,0.49884483218193054,0.39590001106262207
5394,2.6970000,0.4935530424118042,0.38209998607635498
5395,2.6975000,0.48804023861885071,0.36820000410079956
5396,2.6980000,0.48230260610580444,0.35400000214576721
5397,2.6985000,0.47633937001228333,0.33970001339912415
5398,2.6990000,0.47014802694320679,0.32519999146461487
5399,2.6995000,0.46372571587562561,0.31060001254081726
5400,2.7000000,0.45707175135612488,0.29580000042915344
5401,2.7005000,0.45018234848976135,0.28090000152587891
5402,2.7010000,0.44305852055549622,0.26589998602867126
5403,2.7015000,0.43570640683174133,0.25080001354217529
5404,2.7020000,0.42813089489936829,0.23549999296665192
5405,2.7025000,0.42033690214157104,0.22020000219345093
5406,2.7030000,0.41233015060424805,0.20479999482631683
5407,2.7035000,0.40411406755447388,0.18930000066757202
5408,2.7040000,0.39568737149238586,0.17380000650882721
5409,2.7045000,0.38705086708068848,0.15819999575614929
5410,2.7050000,0.37820738554000854,0.14259999990463257
5411,2.7055000,0.36915695667266846,0.12700000405311584
5412,2.7060000,0.35990852117538452,0.11140000075101852
5413,2.7065000,0.3504791259765625,0.095799997448921204
5414,2.7070000,0.34087526798248291,0.080099999904632568
5415,2.7075000,0.33109569549560547,0.064499996602535248
5416,2.7080000,0.32114902138710022,0.048999998718500137
5417,2.7085000,0.31104043126106262,0.033399999141693115
5418,2.7090000,0.30076253414154053,0.017899999395012856
5419,2.7095000,0.29031082987785339,0.0024999999441206455
5420,2.7100000,0.27968993782997131,-0.012799999676644802
5421,2.7105000,0.26890590786933899,-0.028100000694394112
5422,2.7110000,0.25795921683311462,-0.043299999088048935
5423,2.7115000,0.24685864150524139,-0.058400001376867294
5424,2.7120000,0.23561947047710419,-0.073399998247623444
5425,2.7125000,0.22424930334091187,-0.08829999715089798
5426,2.7130000,0.21275661885738373,-0.1031000018119812
5427,2.7135000,0.20115245878696442,-0.1177000030875206
5428,2.7140000,0.18944725394248962,-0.13220000267028809
5429,2.7145000,0.1776454895734787,-0.14650000631809235
5430,2.7150000,0.16574536263942719,-0.1606999933719635
5431,2.7155000,0.15375122427940369,-0.17479999363422394
5432,2.7160000,0.14167053997516632,-0.18860000371932983
5433,2.7165000,0.12951388955116272,-0.20229999721050262
5434,2.7170000,0.11729079484939575,-0.2159000039100647
5435,2.7175000,0.10501167178153992,-0.22920000553131104
5436,2.7180000,0.092690661549568176,-0.24230000376701355
5437,2.7185000,0.080332070589065552,-0.25529998540878296
5438,2.7190000,0.067938961088657379,-0.26800000667572021
5439,2.7195000,0.055515266954898834,-0.28060001134872437
5440,2.7200000,0.043079264461994171,-0.29289999604225159
5441,2.7205000,0.030663151293992996,-0.30500000715255737
5442,2.7210000,0.018272724002599716,-0.31700000166893005
5443,2.7215000,0.0059019215404987335,-0.32859998941421509
5444,2.7220000,-0.0064381398260593414,-0.3400999903678894
5445,2.7225000,-0.018730651587247849,-0.35130000114440918
5446,2.7230000,-0.03096567839384079,-0.36230000853538513
5447,2.7235000,-0.043139137327671051,-0.37310001254081726
5448,2.7240000,-0.055241446942090988,-0.38370001316070557
5449,2.7245000,-0.067259088158607483,-0.39399999380111694
5450,2.7250000,-0.079183109104633331,-0.40400001406669617
5451,2.7255000,-0.091012120246887207,-0.4138999879360199
5452,2.7260000,-0.10274878889322281,-0.42350000143051147
5453,2.7265000,-0.11439019441604614,-0.43290001153945923
5454,2.7270000,-0.12592616677284241,-0.44200000166893005
5455,2.7275000,-0.13734415173530579,-0.45089998841285706
5456,2.7280000,-0.14864480495452881,-0.45960000157356262
5457,2.7285000,-0.15983608365058899,-0.46799999475479126
5458,2.7290000,-0.17091114819049835,-0.47630000114440918
5459,2.7295000,-0.18186043202877045,-0.48420000076293945
5460,2.7300000,-0.19268529117107391,-0.49200001358985901
5461,2.7305000,-0.20339152216911316,-0.49950000643730164
5462,2.7310000,-0.21397799253463745,-0.50690001249313354
5463,2.7315000,-0.22442978620529175,-0.51399999856948853
5464,2.7320000,-0.23473817110061646,-0.52090001106262207
5465,2.7325000,-0.24491310119628906,-0.5275999903678894
5466,2.7330000,-0.25495857000350952,-0.5339999794960022
5467,2.7335000,-0.26487082242965698,-0.54030001163482666
5468,2.7340000,-0.27465260028839111,-0.54640001058578491
5469,2.7345000,-0.2843012809753418,-0.55229997634887695
5470,2.7350000,-0.29380637407302856,-0.55790001153945923
5471,2.7355000,-0.3031613826751709,-0.56339997053146362
5472,2.7360000,-0.31236755847930908,-0.56879997253417969
5473,2.7365000,-0.32142823934555054,-0.57389998435974121
5474,2.7370000,-0.33034256100654602,-0.5788000226020813
5475,2.7375000,-0.33910715579986572,-0.58359998464584351
5476,2.7380000,-0.34771808981895447,-0.58819997310638428
5477,2.7385000,-0.35617154836654663,-0.59270000457763672
5478,2.7390000,-0.36446398496627808,-0.59689998626708984
5479,2.7395000,-0.37259116768836975,-0.60110002756118774
5480,2.7400000,-0.38054794073104858,-0.60500001907348633
5481,2.7405000,-0.38832810521125793,-0.60879999399185181
5482,2.7410000,-0.39592799544334412,-0.61250001192092896
5483,2.7415000,-0.40334641933441162,-0.61599999666213989
5484,2.7420000,-0.4105868935585022,-0.61930000782012939
5485,2.7425000,-0.41765952110290527,-0.62250000238418579
5486,2.7430000,-0.42456784844398499,-0.62559998035430908
5487,2.7435000,-0.43130537867546082,-0.62849998474121094
5488,2.7440000,-0.43787053227424622,-0.63129997253417969
5489,2.7445000,-0.44426733255386353,-0.633899986743927
5490,2.7450000,-0.45049849152565002,-0.63650000095367432
5491,2.7455000,-0.45656472444534302,-0.63880002498626709
5492,2.7460000,-0.46246692538261414,-0.64109998941421509
5493,2.7465000,-0.46820849180221558,-0.64319998025894165
5494,2.7470000,-0.47379004955291748,-0.64520001411437988
5495,2.7475000,-0.47921046614646912,-0.6470000147819519
5496,2.7480000,-0.48446634411811829,-0.64880001544952393
5497,2.7485000,-0.48955264687538147,-0.65039998292922974
5498,2.7490000,-0.49446907639503479,-0.65189999341964722
5499,2.7495000,-0.49921193718910217,-0.65319997072219849
5500,2.7500000,-0.50378036499023438,-0.65439999103546143
5501,2.7505000,-0.50818347930908203,-0.65560001134872437
5502,2.7510000,-0.51242804527282715,-0.65659999847412109
5503,2.7515000,-0.5165177583694458,-0.65740001201629639
5504,2.7520000,-0.52046060562133789,-0.65820002555847168
5505,2.7525000,-0.52427005767822266,-0.65880000591278076
5506,2.7530000,-0.52795624732971191,-0.65939998626708984
5507,2.7535000,-0.53151702880859375,-0.65979999303817749
5508,2.7540000,-0.5349465012550354,-0.66009998321533203
5509,2.7545000,-0.53824520111083984,-0.66039997339248657
5510,2.7550000,-0.54142022132873535,-0.66049998998641968
5511,2.7555000,-0.54447531700134277,-0.66049998998641968
5512,2.7560000,-0.54740285873413086,-0.66039997339248657
5513,2.7565000,-0.5501975417137146,-0.66019999980926514
5514,2.7570000,-0.55285954475402832,-0.6599000096321106
5515,2.7575000,-0.55538558959960938,-0.65960001945495605
5516,2.7580000,-0.55777978897094727,-0.6590999960899353
5517,2.7585000,-0.56004977226257324,-0.65859997272491455
5518,2.7590000,-0.56220006942749023,-0.65799999237060547
5519,2.7595000,-0.56423830986022949,-0.65729999542236328
5520,2.7600000,-0.56616771221160889,-0.65659999847412109
5521,2.7605000,-0.56799137592315674,-0.6557999849319458
5522,2.7610000,-0.56971472501754761,-0.65490001440048218
5523,2.7615000,-0.57134103775024414,-0.65390002727508545
5524,2.7620000,-0.57287311553955078,-0.65289998054504395
5525,2.7625000,-0.57431668043136597,-0.65189999341964722
5526,2.7630000,-0.57567882537841797,-0.65079998970031738
5527,2.7635000,-0.57696270942687988,-0.64960002899169922
5528,2.7640000,-0.57817286252975464,-0.64840000867843628
5529,2.7645000,-0.57931292057037354,-0.64719998836517334
5530,2.7650000,-0.58037930727005005,-0.64600002765655518
5531,2.7655000,-0.58137345314025879,-0.64469999074935913
5532,2.7660000,-0.58230197429656982,-0.64329999685287476
5533,2.7665000,-0.58316779136657715,-0.64200001955032349
5534,2.7670000,-0.58397769927978516,-0.64060002565383911
5535,2.7675000,-0.58473682403564453,-0.63929998874664307
5536,2.7680000,-0.58544141054153442,-0.63789999485015869
5537,2.7685000,-0.58608466386795044,-0.63650000095367432
5538,2.7690000,-0.58666199445724487,-0.63510000705718994
5539,2.7695000,-0.58718317747116089,-0.63370001316070557
5540,2.7700000,-0.58766055107116699,-0.63230001926422119
5541,2.7705000,-0.58809226751327515,-0.63080000877380371
5542,2.7710000,-0.58847695589065552,-0.62940001487731934
5543,2.7715000,-0.58881986141204834,-0.62800002098083496
5544,2.7720000,-0.5891265869140625,-0.62669998407363892
5545,2.7725000,-0.5894007682800293,-0.62529999017715454
5546,2.7730000,-0.58964437246322632,-0.62389999628067017
5547,2.7735000,-0.58986449241638184,-0.6226000189781189
5548,2.7740000,-0.59006643295288086,-0.62120002508163452
5549,2.7745000,-0.59024810791015625,-0.61989998817443848
5550,2.7750000,-0.59040594100952148,-0.61860001087188721
5551,2.7755000,-0.59053283929824829,-0.61729997396469116
5552,2.7760000,-0.59062057733535767,-0.61599999666213989
5553,2.7765000,-0.5906640887260437,-0.61479997634887695
5554,2.7770000,-0.59066283702850342,-0.61349999904632568
5555,2.7775000,-0.59062206745147705,-0.61229997873306274
5556,2.7780000,-0.59054946899414062,-0.61110001802444458
5557,2.7785000,-0.59044241905212402,-0.60989999771118164
5558,2.7790000,-0.59028923511505127,-0.6086999773979187
5559,2.7795000,-0.59008729457855225,-0.60759997367858887
5560,2.7800000,-0.58983564376831055,-0.6064000129699707
5561,2.7805000,-0.58952432870864868,-0.60530000925064087
5562,2.7810000,-0.58915233612060547,-0.60409998893737793
5563,2.7815000,-0.588725745677948,-0.6029999852180481
5564,2.7820000,-0.58824455738067627,-0.60189998149871826
5565,2.7825000,-0.58770924806594849,-0.6007000207901001
5566,2.7830000,-0.58711868524551392,-0.59960001707077026
5567,2.7835000,-0.58646869659423828,-0.59850001335144043
5568,2.7840000,-0.58576107025146484,-0.5974000096321106
5569,2.7845000,-0.58499974012374878,-0.59619998931884766
5570,2.7850000,-0.58418369293212891,-0.59509998559951782
5571,2.7855000,-0.58331042528152466,-0.59390002489089966
5572,2.7860000,-0.58238232135772705,-0.59270000457763672
5573,2.7865000,-0.58140403032302856,-0.59149998426437378
5574,2.7870000,-0.58037728071212769,-0.59030002355575562
5575,2.7875000,-0.57929790019989014,-0.58910000324249268
5576,2.7880000,-0.57816886901855469,-0.58780002593994141
5577,2.7885000,-0.57700526714324951,-0.58660000562667847
5578,2.7890000,-0.57581120729446411,-0.58520001173019409
5579,2.7895000,-0.57458066940307617,-0.58389997482299805
5580,2.7900000,-0.57331269979476929,-0.58249998092651367
5581,2.7905000,-0.57200866937637329,-0.5810999870300293
5582,2.7910000,-0.57067066431045532,-0.57969999313354492
5583,2.7915000,-0.56930094957351685,-0.57819998264312744
5584,2.7920000,-0.56790244579315186,-0.57669997215270996
5585,2.7925000,-0.56648683547973633,-0.57520002126693726
5586,2.7930000,-0.56505835056304932,-0.57359999418258667
5587,2.7935000,-0.56360912322998047,-0.57200002670288086
5588,2.7940000,-0.56214165687561035,-0.57029998302459717
5589,2.7945000,-0.56066232919692993,-0.56859999895095825
5590,2.7950000,-0.55917143821716309,-0.56690001487731934
5591,2.7955000,-0.55766898393630981,-0.56510001420974731
5592,2.7960000,-0.55615806579589844,-0.56330001354217529
5593,2.7965000,-0.55464637279510498,-0.56139999628067017
5594,2.7970000,-0.55313694477081299,-0.55949997901916504
5595,2.7975000,-0.55162233114242554,-0.55760002136230469
5596,2.7980000,-0.55009645223617554,-0.55570000410079956
5597,2.7985000,-0.54856067895889282,-0.55369997024536133
5598,2.7990000,-0.54701650142669678,-0.55159997940063477
5599,2.7995000,-0.54545855522155762,-0.54960000514984131
5600,2.8000000,-0.54387688636779785,-0.54750001430511475
5601,2.8005000,-0.54226493835449219,-0.54540002346038818
5602,2.8010000,-0.54062402248382568,-0.54320001602172852
5603,2.8015000,-0.5389559268951416,-0.54110002517700195
5604,2.8020000,-0.5372612476348877,-0.53890001773834229
5605,2.8025000,-0.53554010391235352,-0.53670001029968262
5606,2.8030000,-0.5337904691696167,-0.53450000286102295
5607,2.8035000,-0.53201103210449219,-0.53219997882843018
5608,2.8040000,-0.53020286560058594,-0.52999997138977051
5609,2.8045000,-0.528373122215271,-0.52780002355575562
5610,2.8050000,-0.52652847766876221,-0.52549999952316284
5611,2.8055000,-0.52466833591461182,-0.52319997549057007
5612,2.8060000,-0.52278989553451538,-0.52100002765655518
5613,2.8065000,-0.52089023590087891,-0.5187000036239624
5614,2.8070000,-0.51896780729293823,-0.51639997959136963
5615,2.8075000,-0.51702427864074707,-0.51419997215270996
5616,2.8080000,-0.51506137847900391,-0.51190000772476196
5617,2.8085000,-0.51308023929595947,-0.50970000028610229
5618,2.8090000,-0.51108294725418091,-0.50749999284744263
5619,2.8095000,-0.50907254219055176,-0.50529998540878296
5620,2.8100000,-0.50705331563949585,-0.50309997797012329
5621,2.8105000,-0.50502693653106689,-0.50089997053146362
5622,2.8110000,-0.50299352407455444,-0.49869999289512634
5623,2.8115000,-0.50095593929290771,-0.49660000205039978
5624,2.8120000,-0.49891787767410278,-0.49439999461174011
5625,2.8125000,-0.49688374996185303,-0.49230000376701355
5626,2.8130000,-0.49485832452774048,-0.49020001292228699
5627,2.8135000,-0.49284359812736511,-0.48820000886917114
5628,2.8140000,-0.49083849787712097,-0.48609998822212219
5629,2.8145000,-0.48883840441703796,-0.48410001397132874
5630,2.8150000,-0.48684334754943848,-0.48210000991821289
5631,2.8155000,-0.48485633730888367,-0.48019999265670776
5632,2.8160000,-0.48287039995193481,-0.47819998860359192
5633,2.8165000,-0.4808792769908905,-0.47630000114440918
5634,2.8170000,-0.47888776659965515,-0.47440001368522644
5635,2.8175000,-0.47690153121948242,-0.47249999642372131
5636,2.8180000,-0.47491762042045593,-0.47069999575614929
5637,2.8185000,-0.47293087840080261,-0.46880000829696655
5638,2.8190000,-0.47094675898551941,-0.46700000762939453
5639,2.8195000,-0.46897190809249878,-0.46529999375343323
5640,2.8200000,-0.46700224280357361,-0.46349999308586121
5641,2.8205000,-0.4650321900844574,-0.46169999241828918
5642,2.8210000,-0.46305957436561584,-0.46000000834465027
5643,2.8215000,-0.46108490228652954,-0.45829999446868896
5644,2.8220000,-0.45910891890525818,-0.45660001039505005
5645,2.8225000,-0.45713379979133606,-0.45489999651908875
5646,2.8230000,-0.45516836643218994,-0.45320001244544983
5647,2.8235000,-0.45321393013000488,-0.45149999856948853
5648,2.8240000,-0.45125886797904968,-0.44990000128746033
5649,2.8245000,-0.44929453730583191,-0.44819998741149902
5650,2.8250000,-0.44731789827346802,-0.44659999012947083
5651,2.8255000,-0.4453284740447998,-0.44490000605583191
5652,2.8260000,-0.44332998991012573,-0.44330000877380371
5653,2.8265000,-0.4413284957408905,-0.44159999489784241
5654,2.8270000,-0.43932917714118958,-0.43999999761581421
5655,2.8275000,-0.43733152747154236,-0.43830001354217529
5656,2.8280000,-0.43533006310462952,-0.43659999966621399
5657,2.8285000,-0.43332067131996155,-0.43500000238418579
5658,2.8290000,-0.43130472302436829,-0.43329998850822449
5659,2.8295000,-0.42928767204284668,-0.43160000443458557
5660,2.8300000,-0.42727294564247131,-0.42989999055862427
5661,2.8305000,-0.42526185512542725,-0.42820000648498535
5662,2.8310000,-0.42325586080551147,-0.42649999260902405
5663,2.8315000,-0.42125469446182251,-0.42469999194145203
5664,2.8320000,-0.41925844550132751,-0.42300000786781311
5665,2.8325000,-0.41726890206336975,-0.42120000720024109
5666,2.8330000,-0.41528999805450439,-0.41940000653266907
5667,2.8335000,-0.41332638263702393,-0.41760000586509705
5668,2.8340000,-0.41137689352035522,-0.41580000519752502
5669,2.8345000,-0.40944042801856995,-0.414000004529953
5670,2.8350000,-0.40751838684082031,-0.41220000386238098
5671,2.8355000,-0.40561217069625854,-0.41029998660087585
5672,2.8360000,-0.40372318029403687,-0.40839999914169312
5673,2.8365000,-0.40184849500656128,-0.40650001168251038
5674,2.8370000,-0.39998659491539001,-0.40459999442100525
5675,2.8375000,-0.39813998341560364,-0.4025999903678894
5676,2.8380000,-0.39630895853042603,-0.40070000290870667
5677,2.8385000,-0.39449316263198853,-0.39869999885559082
5678,2.8390000,-0.39269453287124634,-0.39669999480247498
5679,2.8395000,-0.39091303944587708,-0.39469999074935913
5680,2.8400000,-0.38914650678634644,-0.39269998669624329
5681,2.8405000,-0.3873918354511261,-0.39059999585151672
5682,2.8410000,-0.38564655184745789,-0.38859999179840088
5683,2.8415000,-0.38391226530075073,-0.38650000095367432
5684,2.8420000,-0.38218948245048523,-0.38440001010894775
5685,2.8425000,-0.38047996163368225,-0.3822999894618988
5686,2.8430000,-0.37878808379173279,-0.38019999861717224
5687,2.8435000,-0.37711343169212341,-0.37810000777244568
5688,2.8440000,-0.37545615434646606,-0.37599998712539673
5689,2.8445000,-0.37381890416145325,-0.37380000948905945
5690,2.8450000,-0.37220361828804016,-0.3716999888420105
5691,2.8455000,-0.37061050534248352,-0.36950001120567322
5692,2.8460000,-0.3690359890460968,-0.36739999055862427
5693,2.8465000,-0.36748179793357849,-0.36520001292228699
5694,2.8470000,-0.36595198512077332,-0.36309999227523804
5695,2.8475000,-0.36444398760795593,-0.36090001463890076
5696,2.8480000,-0.36296051740646362,-0.35870000720024109
5697,2.8485000,-0.36150744557380676,-0.35659998655319214
5698,2.8490000,-0.36008372902870178,-0.35440000891685486
5699,2.8495000,-0.35868474841117859,-0.35229998826980591
5700,2.8500000,-0.35730451345443726,-0.35010001063346863
5701,2.8505000,-0.35594069957733154,-0.34799998998641968
5702,2.8510000,-0.35459351539611816,-0.34589999914169312
5703,2.8515000,-0.35326042771339417,-0.34380000829696655
5704,2.8520000,-0.35193982720375061,-0.3416999876499176
5705,2.8525000,-0.35063019394874573,-0.33959999680519104
5706,2.8530000,-0.34932950139045715,-0.33750000596046448
5707,2.8535000,-0.34803539514541626,-0.33550000190734863
5708,2.8540000,-0.34674340486526489,-0.33349999785423279
5709,2.8545000,-0.34545168280601501,-0.33149999380111694
5710,2.8550000,-0.34416249394416809,-0.3294999897480011
5711,2.8555000,-0.34287744760513306,-0.32760000228881836
5712,2.8560000,-0.34159651398658752,-0.32570001482963562
5713,2.8565000,-0.34031888842582703,-0.32379999756813049
5714,2.8570000,-0.33904317021369934,-0.32190001010894775
5715,2.8575000,-0.33776649832725525,-0.32010000944137573
5716,2.8580000,-0.33648586273193359,-0.31839999556541443
5717,2.8585000,-0.33520287275314331,-0.31659999489784241
5718,2.8590000,-0.33392038941383362,-0.31499999761581421
5719,2.8595000,-0.3326396644115448,-0.31330001354217529
5720,2.8600000,-0.33135873079299927,-0.31169998645782471
5721,2.8605000,-0.33007159829139709,-0.31009998917579651
5722,2.8610000,-0.32877698540687561,-0.30860000848770142
5723,2.8615000,-0.32747602462768555,-0.30720001459121704
5724,2.8620000,-0.32616674900054932,-0.30570000410079956
5725,2.8625000,-0.32485026121139526,-0.3043999969959259
5726,2.8630000,-0.32353079319000244,-0.30300000309944153
5727,2.8635000,-0.32221287488937378,-0.30180001258850098
5728,2.8640000,-0.32089695334434509,-0.30050000548362732
5729,2.8645000,-0.31957843899726868,-0.29929998517036438
5730,2.8650000,-0.31825661659240723,-0.29820001125335693
5731,2.8655000,-0.31693562865257263,-0.2971000075340271
5732,2.8660000,-0.31561574339866638,-0.29609999060630798
5733,2.8665000,-0.31429401040077209,-0.29510000348091125
5734,2.8670000,-0.31297233700752258,-0.29409998655319214
5735,2.8675000,-0.3116547167301178,-0.29319998621940613
5736,2.8680000,-0.31034538149833679,-0.29240000247955322
5737,2.8685000,-0.30904918909072876,-0.29150000214576721
5738,2.8690000,-0.30776691436767578,-0.29080000519752502
5739,2.8695000,-0.30649483203887939,-0.28999999165534973
5740,2.8700000,-0.30522948503494263,-0.28929999470710754
5741,2.8705000,-0.30397042632102966,-0.28859999775886536
5742,2.8710000,-0.30271711945533752,-0.28799998760223389
5743,2.8715000,-0.30146759748458862,-0.2872999906539917
5744,2.8720000,-0.30022171139717102,-0.28670001029968262
5745,2.8725000,-0.29898062348365784,-0.28619998693466187
5746,2.8730000,-0.29774379730224609,-0.28560000658035278
5747,2.8735000,-0.29651013016700745,-0.28510001301765442
5748,2.8740000,-0.29527956247329712,-0.28459998965263367
5749,2.8745000,-0.29404941201210022,-0.2840999960899353
5750,2.8750000,-0.29281565546989441,-0.28360000252723694
5751,2.8755000,-0.2915797233581543,-0.28310000896453857
5752,2.8760000,-0.29034778475761414,-0.28259998559951782
5753,2.8765000,-0.28912675380706787,-0.28209999203681946
5754,2.8770000,-0.2879224419593811,-0.28169998526573181
5755,2.8775000,-0.28673487901687622,-0.28119999170303345
5756,2.8780000,-0.28555771708488464,-0.28069999814033508
5757,2.8785000,-0.28438740968704224,-0.28020000457763672
5758,2.8790000,-0.28322559595108032,-0.27970001101493835
5759,2.8795000,-0.28207540512084961,-0.27910000085830688
5760,2.8800000,-0.28094080090522766,-0.27860000729560852
5761,2.8805000,-0.27982372045516968,-0.27799999713897705
5762,2.8810000,-0.27872473001480103,-0.27739998698234558
5763,2.8815000,-0.27764400839805603,-0.2768000066280365
5764,2.8820000,-0.27657553553581238,-0.27610000967979431
5765,2.8825000,-0.27551546692848206,-0.27540001273155212
5766,2.8830000,-0.27446717023849487,-0.27469998598098755
5767,2.8835000,-0.27343294024467468,-0.27390000224113464
5768,2.8840000,-0.27241304516792297,-0.27309998869895935
5769,2.8845000,-0.27140682935714722,-0.27230000495910645
5770,2.8850000,-0.27041450142860413,-0.27140000462532043
5771,2.8855000,-0.26943495869636536,-0.27050000429153442
5772,2.8860000,-0.26846456527709961,-0.26949998736381531
5773,2.8865000,-0.26750248670578003,-0.26850000023841858
5774,2.8870000,-0.26654922962188721,-0.26739999651908875
5775,2.8875000,-0.26560527086257935,-0.26629999279975891
5776,2.8880000,-0.26467722654342651,-0.26519998908042908
5777,2.8885000,-0.26377564668655396,-0.26399999856948853
5778,2.8890000,-0.26290318369865417,-0.26269999146461487
5779,2.8895000,-0.26205462217330933,-0.2614000141620636
5780,2.8900000,-0.2612261176109314,-0.26010000705718994
5781,2.8905000,-0.26041454076766968,-0.25870001316070557
5782,2.8910000,-0.25961613655090332,-0.2572999894618988
5783,2.8915000,-0.25883102416992188,-0.25580000877380371
5784,2.8920000,-0.25806525349617004,-0.25429999828338623
5785,2.8925000,-0.25732499361038208,-0.25270000100135803
5786,2.8930000,-0.25660949945449829,-0.25110000371932983
5787,2.8935000,-0.25591295957565308,-0.24950000643730164
5788,2.8940000,-0.25522911548614502,-0.24779999256134033
5789,2.8945000,-0.2545551061630249,-0.24609999358654022
5790,2.8950000,-0.25389063358306885,-0.24439999461174011
5791,2.8955000,-0.25323659181594849,-0.24269999563694
5792,2.8960000,-0.25259333848953247,-0.24089999496936798
5793,2.8965000,-0.25195631384849548,-0.23909999430179596
5794,2.8970000,-0.25132173299789429,-0.23729999363422394
5795,2.8975000,-0.25068730115890503,-0.23549999296665192
5796,2.8980000,-0.25004911422729492,-0.23370000720024109
5797,2.8985000,-0.24940685927867889,-0.23190000653266907
5798,2.8990000,-0.2487608790397644,-0.23010000586509705
5799,2.8995000,-0.248109370470047,-0.22820000350475311
5800,2.9000000,-0.24745091795921326,-0.22640000283718109
5801,2.9005000,-0.2467840164899826,-0.22460000216960907
5802,2.9010000,-0.24610961973667145,-0.22280000150203705
5803,2.9015000,-0.24542711675167084,-0.22100000083446503
5804,2.9020000,-0.2447318434715271,-0.21930000185966492
5805,2.9025000,-0.24402238428592682,-0.2175000011920929
5806,2.9030000,-0.24329972267150879,-0.21580000221729279
5807,2.9035000,-0.24256548285484314,-0.21410000324249268
5808,2.9040000,-0.24182312190532684,-0.21250000596046448
5809,2.9045000,-0.24107614159584045,-0.21089999377727509
5810,2.9050000,-0.24032814800739288,-0.20929999649524689
5811,2.9055000,-0.23957930505275726,-0.20769999921321869
5812,2.9060000,-0.23882271349430084,-0.2062000036239624
5813,2.9065000,-0.23805327713489532,-0.20469999313354492
5814,2.9070000,-0.23727355897426605,-0.20329999923706055
5815,2.9075000,-0.23648847639560699,-0.20190000534057617
5816,2.9080000,-0.23570087552070618,-0.20059999823570251
5817,2.9085000,-0.23491106927394867,-0.19930000603199005
5818,2.9090000,-0.23411974310874939,-0.19799999892711639
5819,2.9095000,-0.23332498967647552,-0.19679999351501465
5820,2.9100000,-0.23252114653587341,-0.1956000030040741
5821,2.9105000,-0.23170633614063263,-0.19449999928474426
5822,2.9110000,-0.23088458180427551,-0.19339999556541443
5823,2.9115000,-0.23006094992160797,-0.19239999353885651
5824,2.9120000,-0.22923555970191956,-0.19140000641345978
5825,2.9125000,-0.22840569913387299,-0.19040000438690186
5826,2.9130000,-0.22757069766521454,-0.18950000405311584
5827,2.9135000,-0.22673115134239197,-0.18860000371932983
5828,2.9140000,-0.22588710486888885,-0.18770000338554382
5829,2.9145000,-0.22503958642482758,-0.18680000305175781
5830,2.9150000,-0.22419136762619019,-0.18600000441074371
5831,2.9155000,-0.22334349155426025,-0.18520000576972961
5832,2.9160000,-0.22249455749988556,-0.18440000712871552
5833,2.9165000,-0.22164233028888702,-0.18369999527931213
5834,2.9170000,-0.22078445553779602,-0.18289999663829803
5835,2.9175000,-0.21992120146751404,-0.18219999969005585
5836,2.9180000,-0.2190558910369873,-0.18150000274181366
5837,2.9185000,-0.21819183230400085,-0.18080000579357147
5838,2.9190000,-0.21733187139034271,-0.18009999394416809
5839,2.9195000,-0.21647654473781586,-0.1793999969959259
5840,2.9200000,-0.21562284231185913,-0.17870000004768372
5841,2.9205000,-0.21476693451404572,-0.17800000309944153
5842,2.9210000,-0.21390709280967712,-0.17720000445842743
5843,2.9215000,-0.21304653584957123,-0.17649999260902405
5844,2.9220000,-0.2121909111738205,-0.17579999566078186
5845,2.9225000,-0.21134057641029358,-0.17509999871253967
5846,2.9230000,-0.210492342710495,-0.17430000007152557
5847,2.9235000,-0.20964609086513519,-0.17360000312328339
5848,2.9240000,-0.20880390703678131,-0.17280000448226929
5849,2.9245000,-0.20796900987625122,-0.17209999263286591
5850,2.9250000,-0.20714364945888519,-0.17129999399185181
5851,2.9255000,-0.20632670819759369,-0.17049999535083771
5852,2.9260000,-0.20551720261573792,-0.16969999670982361
5853,2.9265000,-0.20471443235874176,-0.1687999963760376
5854,2.9270000,-0.20391634106636047,-0.1679999977350235
5855,2.9275000,-0.20312151312828064,-0.16709999740123749
5856,2.9280000,-0.20233164727687836,-0.16629999876022339
5857,2.9285000,-0.20155252516269684,-0.16539999842643738
5858,2.9290000,-0.20078752934932709,-0.16449999809265137
5859,2.9295000,-0.20003506541252136,-0.16369999945163727
5860,2.9300000,-0.19929201900959015,-0.16279999911785126
5861,2.9305000,-0.19855630397796631,-0.16189999878406525
5862,2.9310000,-0.19782808423042297,-0.16099999845027924
5863,2.9315000,-0.19710659980773926,-0.16009999811649323
5864,2.9320000,-0.19639049470424652,-0.15919999778270721
5865,2.9325000,-0.19568087160587311,-0.1582999974489212
5866,2.9330000,-0.19497846066951752,-0.15739999711513519
5867,2.9335000,-0.19428153336048126,-0.15649999678134918
5868,2.9340000,-0.19358867406845093,-0.15569999814033508
5869,2.9345000,-0.19289788603782654,-0.15479999780654907
5870,2.9350000,-0.19220671057701111,-0.15389999747276306
5871,2.9355000,-0.19151444733142853,-0.15309999883174896
5872,2.9360000,-0.19081969559192657,-0.15230000019073486
5873,2.9365000,-0.19011954963207245,-0.15150000154972076
5874,2.9370000,-0.18941324949264526,-0.15070000290870667
5875,2.9375000,-0.18870215117931366,-0.15000000596046448
5876,2.9380000,-0.18798667192459106,-0.14920000731945038
5877,2.9385000,-0.18726354837417603,-0.148499995470047
5878,2.9390000,-0.18652977049350739,-0.14790000021457672
5879,2.9395000,-0.18578660488128662,-0.14720000326633453
5880,2.9400000,-0.18503202497959137,-0.14659999310970306
5881,2.9405000,-0.18426203727722168,-0.14599999785423279
5882,2.9410000,-0.18347711861133575,-0.14540000259876251
5883,2.9415000,-0.1826789379119873,-0.14489999413490295
5884,2.9420000,-0.18186958134174347,-0.14440000057220459
5885,2.9425000,-0.18104879558086395,-0.14390000700950623
5886,2.9430000,-0.18021498620510101,-0.14350000023841858
5887,2.9435000,-0.1793677806854248,-0.14300000667572021
5888,2.9440000,-0.17850695550441742,-0.14270000159740448
5889,2.9445000,-0.17763693630695343,-0.14229999482631683
5890,2.9450000,-0.17676319181919098,-0.14200000464916229
5891,2.9455000,-0.17588585615158081,-0.14169999957084656
5892,2.9460000,-0.17500391602516174,-0.14139999449253082
5893,2.9465000,-0.17411854863166809,-0.14110000431537628
5894,2.9470000,-0.17323091626167297,-0.14090000092983246
5895,2.9475000,-0.17233942449092865,-0.14069999754428864
5896,2.9480000,-0.17144343256950378,-0.14049999415874481
5897,2.9485000,-0.170546755194664,-0.14040000736713409
5898,2.9490000,-0.1696522980928421,-0.14020000398159027
5899,2.9495000,-0.16876146197319031,-0.14010000228881836
5900,2.9500000,-0.16787572205066681,-0.14000000059604645
5901,2.9505000,-0.16699457168579102,-0.13989999890327454
5902,2.9510000,-0.1661163866519928,-0.13979999721050262
5903,2.9515000,-0.16523879766464233,-0.13979999721050262
5904,2.9520000,-0.16435733437538147,-0.13969999551773071
5905,2.9525000,-0.16346597671508789,-0.13969999551773071
5906,2.9530000,-0.16256286203861237,-0.1395999938249588
5907,2.9535000,-0.16165195405483246,-0.1395999938249588
5908,2.9540000,-0.16073837876319885,-0.13950000703334808
5909,2.9545000,-0.15982381999492645,-0.13950000703334808
5910,2.9550000,-0.15890653431415558,-0.13950000703334808
5911,2.9555000,-0.15798549354076385,-0.13940000534057617
5912,2.9560000,-0.15705898404121399,-0.13940000534057617
5913,2.9565000,-0.1561238020658493,-0.13930000364780426
5914,2.9570000,-0.1551806628704071,-0.13930000364780426
5915,2.9575000,-0.15423288941383362,-0.13920000195503235
5916,2.9580000,-0.15328399837017059,-0.13910000026226044
5917,2.9585000,-0.1523369699716568,-0.13910000026226044
5918,2.9590000,-0.15139186382293701,-0.13899999856948853
5919,2.9595000,-0.15044914186000824,-0.1387999951839447
5920,2.9600000,-0.14951026439666748,-0.13869999349117279
5921,2.9605000,-0.14857394993305206,-0.13860000669956207
5922,2.9610000,-0.14763727784156799,-0.13840000331401825
5923,2.9615000,-0.14669902622699738,-0.13819999992847443
5924,2.9620000,-0.14576199650764465,-0.1379999965429306
5925,2.9625000,-0.14482976496219635,-0.13779999315738678
5926,2.9630000,-0.14390316605567932,-0.13750000298023224
5927,2.9635000,-0.14298194646835327,-0.1371999979019165
5928,2.9640000,-0.14206460118293762,-0.13699999451637268
5929,2.9645000,-0.14115065336227417,-0.13660000264644623
5930,2.9650000,-0.1402406245470047,-0.13629999756813049
5931,2.9655000,-0.13933391869068146,-0.13590000569820404
5932,2.9660000,-0.13843256235122681,-0.13549999892711639
5933,2.9665000,-0.13753937184810638,-0.13510000705718994
5934,2.9670000,-0.13665442168712616,-0.13459999859333038
5935,2.9675000,-0.13577830791473389,-0.13410000503063202
5936,2.9680000,-0.13491292297840118,-0.13359999656677246
5937,2.9685000,-0.13405942916870117,-0.1331000030040741
5938,2.9690000,-0.13321782648563385,-0.13249999284744263
5939,2.9695000,-0.13238885998725891,-0.13189999759197235
5940,2.9700000,-0.13157525658607483,-0.13130000233650208
5941,2.9705000,-0.13077664375305176,-0.13060000538825989
5942,2.9710000,-0.12999114394187927,-0.12989999353885651
5943,2.9715000,-0.12922066450119019,-0.12919999659061432
5944,2.9720000,-0.12846532464027405,-0.12839999794960022
5945,2.9725000,-0.12772241234779358,-0.12759999930858612
5946,2.9730000,-0.12699092924594879,-0.12680000066757202
5947,2.9735000,-0.12626957893371582,-0.12600000202655792
5948,2.9740000,-0.12555721402168274,-0.12510000169277191
5949,2.9745000,-0.12485359609127045,-0.1242000013589859
5950,2.9750000,-0.12415861338376999,-0.12330000102519989
5951,2.9755000,-0.12347424030303955,-0.12240000069141388
5952,2.9760000,-0.12280017882585526,-0.12139999866485596
5953,2.9765000,-0.12213358283042908,-0.12039999663829803
5954,2.9770000,-0.12147368490695953,-0.11940000206232071
5955,2.9775000,-0.12081899493932724,-0.11829999834299088
5956,2.9780000,-0.12016741931438446,-0.11729999631643295
5957,2.9785000,-0.11951795965433121,-0.11620000004768372
5958,2.9790000,-0.11886987835168839,-0.11509999632835388
5959,2.9795000,-0.11822246760129929,-0.11400000005960464
5960,2.9800000,-0.11757313460111618,-0.1128000020980835
5961,2.9805000,-0.11692020297050476,-0.11169999837875366
5962,2.9810000,-0.11626643687486649,-0.11050000041723251
5963,2.9815000,-0.11561454832553864,-0.10939999669790268
5964,2.9820000,-0.11496426910161972,-0.10819999873638153
5965,2.9825000,-0.11431377381086349,-0.10700000077486038
5966,2.9830000,-0.11366227269172668,-0.10580000281333923
5967,2.9835000,-0.11300978809595108,-0.10459999740123749
5968,2.9840000,-0.11235147714614868,-0.10339999943971634
5969,2.9845000,-0.11168289184570312,-0.10209999978542328
5970,2.9850000,-0.11100567132234573,-0.10090000182390213
5971,2.9855000,-0.1103224977850914,-0.099699996411800385
5972,2.9860000,-0.10963696241378784,-0.098499998450279236
5973,2.9865000,-0.10895004123449326,-0.097300000488758087
5974,2.9870000,-0.10825985670089722,-0.096100002527236938
5975,2.9875000,-0.10756552219390869,-0.094899997115135193
5976,2.9880000,-0.10686451196670532,-0.093699999153614044
5977,2.9885000,-0.106157585978508,-0.092500001192092896
5978,2.9890000,-0.10544952005147934,-0.091300003230571747
5979,2.9895000,-0.10474302619695663,-0.090099997818470001
5980,2.9900000,-0.10403893887996674,-0.089000001549720764
5981,2.9905000,-0.10333781689405441,-0.087800003588199615
5982,2.9910000,-0.10263893753290176,-0.086699999868869781
5983,2.9915000,-0.10193938016891479,-0.085600003600120544
5984,2.9920000,-0.10123801976442337,-0.08449999988079071
5985,2.9925000,-0.10053705424070358,-0.083400003612041473
5986,2.9930000,-0.099839851260185242,-0.082299999892711639
5987,2.9935000,-0.099146716296672821,-0.081299997866153717
5988,2.9940000,-0.098455078899860382,-0.080300003290176392
5989,2.9945000,-0.0977649986743927,-0.079300001263618469
5990,2.9950000,-0.097078196704387665,-0.078299999237060547
5991,2.9955000,-0.096393480896949768,-0.077299997210502625
5992,2.9960000,-0.095707237720489502,-0.076399996876716614
5993,2.9965000,-0.095019742846488953,-0.075499996542930603
5994,2.9970000,-0.094333671033382416,-0.074600003659725189
5995,2.9975000,-0.093648768961429596,-0.073700003325939178
5996,2.9980000,-0.092963799834251404,-0.072899997234344482
5997,2.9985000,-0.092278577387332916,-0.072099998593330383
5998,2.9990000,-0.091594330966472626,-0.071299999952316284
5999,2.9995000,-0.090911321341991425,-0.070500001311302185
6000,3.0000000,-0.090226627886295319,-0.069799996912479401
6001,3.0005000,-0.089538946747779846,-0.069099999964237213
6002,3.0010000,-0.088849432766437531,-0.068400003015995026
6003,3.0015000,-0.08815784752368927,-0.067800000309944153
6004,3.0020000,-0.087465249001979828,-0.06719999760389328
6005,3.0025000,-0.0867723748087883,-0.066600002348423004
6006,3.0030000,-0.086078032851219177,-0.066100001335144043
6007,3.0035000,-0.085381895303726196,-0.065600000321865082
6008,3.0040000,-0.084685586392879486,-0.065099999308586121
6009,3.0045000,-0.083993889391422272,-0.064599998295307159
6010,3.0050000,-0.08330950140953064,-0.06419999897480011
6011,3.0055000,-0.082631558179855347,-0.06379999965429306
6012,3.0060000,-0.081960096955299377,-0.063400000333786011
6013,3.0065000,-0.081294380128383636,-0.063100002706050873
6014,3.0070000,-0.080632820725440979,-0.062799997627735138
6015,3.0075000,-0.079975180327892303,-0.0625
6016,3.0080000,-0.079321831464767456,-0.062199998646974564
6017,3.0085000,-0.078673742711544037,-0.061999998986721039
6018,3.0090000,-0.078031837940216064,-0.061799999326467514
6019,3.0095000,-0.07739613950252533,-0.061599999666213989
6020,3.0100000,-0.076766841113567352,-0.061400000005960464
6021,3.0105000,-0.076143838465213776,-0.06120000034570694
6022,3.0110000,-0.0755271315574646,-0.061099998652935028
6023,3.0115000,-0.074919171631336212,-0.060899998992681503
6024,3.0120000,-0.074321679770946503,-0.06080000102519989
6025,3.0125000,-0.073732234537601471,-0.060699999332427979
6026,3.0130000,-0.073146887123584747,-0.060600001364946365
6027,3.0135000,-0.072562612593173981,-0.060499999672174454
6028,3.0140000,-0.071979351341724396,-0.060400001704692841
6029,3.0145000,-0.071399673819541931,-0.060300000011920929
6030,3.0150000,-0.070823423564434052,-0.060199998319149017
6031,3.0155000,-0.070249289274215698,-0.060100000351667404
6032,3.0160000,-0.069679468870162964,-0.059999998658895493
6033,3.0165000,-0.069114707410335541,-0.059900000691413879
6034,3.0170000,-0.068552136421203613,-0.059799998998641968
6035,3.0175000,-0.067989349365234375,-0.059599999338388443
6036,3.0180000,-0.0674271360039711,-0.05950000137090683
6037,3.0185000,-0.06686864048242569,-0.059300001710653305
6038,3.0190000,-0.066313713788986206,-0.059099998325109482
6039,3.0195000,-0.065759696066379547,-0.058899998664855957
6040,3.0200000,-0.06520497053861618,-0.058600001037120819
6041,3.0205000,-0.064646467566490173,-0.058400001376867294
6042,3.0210000,-0.06408131867647171,-0.058100000023841858
6043,3.0215000,-0.063507579267024994,-0.057799998670816422
6044,3.0220000,-0.062924519181251526,-0.057399999350309372
6045,3.0225000,-0.06233597919344902,-0.057000000029802322
6046,3.0230000,-0.061744783073663712,-0.056600000709295273
6047,3.0235000,-0.061148401349782944,-0.056200001388788223
6048,3.0240000,-0.060543425381183624,-0.055700000375509262
6049,3.0245000,-0.059927847236394882,-0.055199999362230301
6050,3.0250000,-0.05930241197347641,-0.054600000381469727
6051,3.0255000,-0.05866825208067894,-0.054099999368190765
6052,3.0260000,-0.058025289326906204,-0.053500000387430191
6053,3.0265000,-0.057378042489290237,-0.052799999713897705
6054,3.0270000,-0.056730549782514572,-0.052200000733137131
6055,3.0275000,-0.056080091744661331,-0.051500000059604645
6056,3.0280000,-0.055425673723220825,-0.050799999386072159
6057,3.0285000,-0.054769892245531082,-0.05000000074505806
6058,3.0290000,-0.054113704711198807,-0.049300000071525574
6059,3.0295000,-0.053456176072359085,-0.048500001430511475
6060,3.0300000,-0.052796151489019394,-0.047699999064207077
6061,3.0305000,-0.052136126905679703,-0.046900000423192978
6062,3.0310000,-0.051478549838066101,-0.046100001782178879
6063,3.0315000,-0.050821390002965927,-0.045200001448392868
6064,3.0320000,-0.050160869956016541,-0.04439999908208847
6065,3.0325000,-0.049492701888084412,-0.04349999874830246
6066,3.0330000,-0.048815406858921051,-0.042700000107288361
6067,3.0335000,-0.048128537833690643,-0.04179999977350235
6068,3.0340000,-0.047431066632270813,-0.041000001132488251
6069,3.0345000,-0.046725749969482422,-0.04010000079870224
6070,3.0350000,-0.046014592051506042,-0.039299998432397842
6071,3.0355000,-0.045295793563127518,-0.038499999791383743
6072,3.0360000,-0.044567443430423737,-0.037700001150369644
6073,3.0365000,-0.0438261479139328,-0.036899998784065247
6074,3.0370000,-0.043069351464509964,-0.036100000143051147
6075,3.0375000,-0.042297113686800003,-0.035300001502037048
6076,3.0380000,-0.041509270668029785,-0.034600000828504562
6077,3.0385000,-0.0407087542116642,-0.033900000154972076
6078,3.0390000,-0.039898600429296494,-0.033300001174211502
6079,3.0395000,-0.039078369736671448,-0.032600000500679016
6080,3.0400000,-0.038248836994171143,-0.032000001519918442
6081,3.0405000,-0.037412293255329132,-0.031399998813867569
6082,3.0410000,-0.03657052293419838,-0.030899999663233757
6083,3.0415000,-0.035721968859434128,-0.030400000512599945
6084,3.0420000,-0.034865614026784897,-0.029899999499320984
6085,3.0425000,-0.034006733447313309,-0.029500000178813934
6086,3.0430000,-0.033148515969514847,-0.029100000858306885
6087,3.0435000,-0.032288782298564911,-0.028699999675154686
6088,3.0440000,-0.031429938971996307,-0.028400000184774399
6089,3.0445000,-0.030578803271055222,-0.028100000694394112
6090,3.0450000,-0.029737513512372971,-0.027899999171495438
6091,3.0455000,-0.028901821002364159,-0.027699999511241913
6092,3.0460000,-0.028069393709301949,-0.027499999850988388
6093,3.0465000,-0.027244839817285538,-0.027300000190734863
6094,3.0470000,-0.026429178193211555,-0.027200000360608101
6095,3.0475000,-0.025618510320782661,-0.027100000530481339
6096,3.0480000,-0.024813856929540634,-0.027000000700354576
6097,3.0485000,-0.024019008502364159,-0.027000000700354576
6098,3.0490000,-0.023235850036144257,-0.026900000870227814
6099,3.0495000,-0.022462313994765282,-0.026900000870227814
6100,3.0500000,-0.021695636212825775,-0.026900000870227814
6101,3.0505000,-0.020937688648700714,-0.027000000700354576
6102,3.0510000,-0.020189255475997925,-0.027000000700354576
6103,3.0515000,-0.019446751102805138,-0.027000000700354576
6104,3.0520000,-0.018710551783442497,-0.027100000530481339
6105,3.0525000,-0.017984729260206223,-0.027200000360608101
6106,3.0530000,-0.017269844189286232,-0.027200000360608101
6107,3.0535000,-0.016565311700105667,-0.027300000190734863
6108,3.0540000,-0.015871480107307434,-0.027300000190734863
6109,3.0545000,-0.015188930556178093,-0.027400000020861626
6110,3.0550000,-0.014517570845782757,-0.027400000020861626
6111,3.0555000,-0.0138547383248806,-0.027499999850988388
6112,3.0560000,-0.013199110515415668,-0.027499999850988388
6113,3.0565000,-0.012552609667181969,-0.027499999850988388
6114,3.0570000,-0.011917321942746639,-0.027499999850988388
6115,3.0575000,-0.011293873190879822,-0.027499999850988388
6116,3.0580000,-0.010680478066205978,-0.027499999850988388
6117,3.0585000,-0.010075435042381287,-0.027499999850988388
6118,3.0590000,-0.0094788027927279472,-0.027400000020861626
6119,3.0595000,-0.0088891172781586647,-0.027300000190734863
6120,3.0600000,-0.0083054257556796074,-0.027200000360608101
6121,3.0605000,-0.0077298525720834732,-0.027100000530481339
6122,3.0610000,-0.0071636643260717392,-0.027000000700354576
6123,3.0615000,-0.0066055627539753914,-0.026900000870227814
6124,3.0620000,-0.0060531622730195522,-0.02669999934732914
6125,3.0625000,-0.0055050947703421116,-0.026499999687075615
6126,3.0630000,-0.0049614766612648964,-0.02630000002682209
6127,3.0635000,-0.0044230734929442406,-0.026100000366568565
6128,3.0640000,-0.0038902470842003822,-0.025900000706315041
6129,3.0645000,-0.0033628791570663452,-0.025699999183416367
6130,3.0650000,-0.0028414193075150251,-0.025399999693036079
6131,3.0655000,-0.0023252514656633139,-0.025100000202655792
6132,3.0660000,-0.0018127069342881441,-0.024800000712275505
6133,3.0665000,-0.0013033926952630281,-0.024599999189376831
6134,3.0670000,-0.00079820642713457346,-0.024199999868869781
6135,3.0675000,-0.0002969278721138835,-0.023900000378489494
6136,3.0680000,0.00020043953554704785,-0.023600000888109207
6137,3.0685000,0.00069176021497696638,-0.023299999535083771
6138,3.0690000,0.0011764873052015901,-0.022900000214576721
6139,3.0695000,0.0016558988718315959,-0.022500000894069672
6140,3.0700000,0.0021314891055226326,-0.022199999541044235
6141,3.0705000,0.0026039555668830872,-0.021800000220537186
6142,3.0710000,0.0030718035995960236,-0.021400000900030136
6143,3.0715000,0.0035345510113984346,-0.020999999716877937
6144,3.0720000,0.0039939284324645996,-0.020600000396370888
6145,3.0725000,0.0044506555423140526,-0.020199999213218689
6146,3.0730000,0.0049044499173760414,-0.019799999892711639
6147,3.0735000,0.0053566815331578255,-0.019300000742077827
6148,3.0740000,0.0058088507503271103,-0.018899999558925629
6149,3.0745000,0.0062591945752501488,-0.018400000408291817
6150,3.0750000,0.0067048287019133568,-0.017899999395012856
6151,3.0755000,0.0071465126238763332,-0.017400000244379044
6152,3.0760000,0.0075892684981226921,-0.017000000923871994
6153,3.0765000,0.0080362241715192795,-0.01640000008046627
6154,3.0770000,0.0084871388971805573,-0.015900000929832458
6155,3.0775000,0.0089438054710626602,-0.015399999916553497
6156,3.0780000,0.0094066765159368515,-0.014800000004470348
6157,3.0785000,0.009872029535472393,-0.014299999922513962
6158,3.0790000,0.010337258689105511,-0.013700000010430813
6159,3.0795000,0.010803365148603916,-0.013100000098347664
6160,3.0800000,0.011273810639977455,-0.012500000186264515
6161,3.0805000,0.011749401688575745,-0.011800000444054604
6162,3.0810000,0.012228568084537983,-0.01119999960064888
6163,3.0815000,0.012713344767689705,-0.010499999858438969
6164,3.0820000,0.013204846531152725,-0.0098000001162290573
6165,3.0825000,0.01370046753436327,-0.009100000374019146
6166,3.0830000,0.014197662472724915,-0.00839999970048666
6167,3.0835000,0.014695514924824238,-0.0076999999582767487
6168,3.0840000,0.015195754356682301,-0.0068999999202787876
6169,3.0845000,0.01569865457713604,-0.0062000001780688763
6170,3.0850000,0.016202326864004135,-0.0054000001400709152
6171,3.0855000,0.016707474365830421,-0.0046000001020729542
6172,3.0860000,0.01721571758389473,-0.0038000000640749931
6173,3.0865000,0.017727233469486237,-0.002899999963119626
6174,3.0870000,0.018240338191390038,-0.002099999925121665
6175,3.0875000,0.018751213327050209,-0.0013000000035390258
6176,3.0880000,0.019257571548223495,-0.00039999998989515007
6177,3.0885000,0.019759707152843475,0.00050000002374872565
6178,3.0890000,0.020257290452718735,0.0013000000035390258
6179,3.0895000,0.020750975236296654,0.002199999988079071
6180,3.0900000,0.021243061870336533,0.0031000000890344381
6181,3.0905000,0.021734971553087234,0.0038999998942017555
6182,3.0910000,0.022225873544812202,0.0048000002279877663
6183,3.0915000,0.022712524980306625,0.0057000000961124897
6184,3.0920000,0.023194065317511559,0.0065000001341104507
6185,3.0925000,0.023672690615057945,0.0074000000022351742
6186,3.0930000,0.024148585274815559,0.0082000000402331352
6187,3.0935000,0.024621037766337395,0.008999999612569809
6188,3.0940000,0.02508997730910778,0.0098000001162290573
6189,3.0945000,0.025556514039635658,0.010599999688565731
6190,3.0950000,0.026021793484687805,0.011400000192224979
6191,3.0955000,0.026483772322535515,0.012099999934434891
6192,3.0960000,0.026940613985061646,0.012799999676644802
6193,3.0965000,0.027391776442527771,0.013500000350177288
6194,3.0970000,0.027836265042424202,0.014200000092387199
6195,3.0975000,0.028273552656173706,0.014800000004470348
6196,3.0980000,0.028703130781650543,0.015399999916553497
6197,3.0985000,0.029125528410077095,0.016000000759959221
6198,3.0990000,0.029542556032538414,0.016499999910593033
6199,3.0995000,0.029954642057418823,0.017000000923871994
6200,3.1000000,0.030361738055944443,0.017400000244379044
6201,3.1005000,0.030763877555727959,0.017799999564886093
6202,3.1010000,0.031158903613686562,0.018200000748038292
6203,3.1015000,0.031545069068670273,0.018500000238418579
6204,3.1020000,0.031923308968544006,0.018799999728798866
6205,3.1025000,0.032294727861881256,0.018999999389052391
6206,3.1030000,0.032660245895385742,0.019200000911951065
6207,3.1035000,0.033019267022609711,0.01940000057220459
6208,3.1040000,0.033370770514011383,0.019500000402331352
6209,3.1045000,0.033715665340423584,0.019500000402331352
6210,3.1050000,0.034054137766361237,0.019500000402331352
6211,3.1055000,0.03438587486743927,0.019500000402331352
6212,3.1060000,0.034710265696048737,0.01940000057220459
6213,3.1065000,0.03502703458070755,0.019300000742077827
6214,3.1070000,0.035338751971721649,0.019099999219179153
6215,3.1075000,0.035647019743919373,0.018899999558925629
6216,3.1080000,0.035951346158981323,0.018699999898672104
6217,3.1085000,0.03625088557600975,0.018400000408291817
6218,3.1090000,0.036544650793075562,0.01810000091791153
6219,3.1095000,0.036834217607975006,0.017799999564886093
6220,3.1100000,0.037121463567018509,0.017400000244379044
6221,3.1105000,0.037407010793685913,0.017000000923871994
6222,3.1110000,0.037691950798034668,0.016599999740719795
6223,3.1115000,0.037976488471031189,0.016200000420212746
6224,3.1120000,0.038262683898210526,0.015699999406933784
6225,3.1125000,0.03855406865477562,0.015300000086426735
6226,3.1130000,0.038850840181112289,0.014800000004470348
6227,3.1135000,0.039152380079030991,0.014299999922513962
6228,3.1140000,0.039457991719245911,0.013799999840557575
6229,3.1145000,0.039766833186149597,0.013299999758601189
6230,3.1150000,0.040080472826957703,0.012799999676644802
6231,3.1155000,0.040399976074695587,0.012299999594688416
6232,3.1160000,0.040725499391555786,0.011900000274181366
6233,3.1165000,0.041057944297790527,0.011400000192224979
6234,3.1170000,0.041396033018827438,0.010999999940395355
6235,3.1175000,0.041739046573638916,0.010499999858438969
6236,3.1180000,0.04208720475435257,0.010099999606609344
6237,3.1185000,0.042438622564077377,0.0098000001162290573
6238,3.1190000,0.042792290449142456,0.0093999998643994331
6239,3.1195000,0.043148253113031387,0.009100000374019146
6240,3.1200000,0.043508026748895645,0.0087999999523162842
6241,3.1205000,0.043873734772205353,0.008500000461935997
6242,3.1210000,0.04424353688955307,0.0082999998703598976
6243,3.1215000,0.044615998864173889,0.0081000002101063728
6244,3.1220000,0.044991116970777512,0.0080000003799796104
6245,3.1225000,0.045367170125246048,0.0078999996185302734
6246,3.1230000,0.045744594186544418,0.007799999788403511
6247,3.1235000,0.046123914420604706,0.007799999788403511
6248,3.1240000,0.046503528952598572,0.007799999788403511
6249,3.1245000,0.046880185604095459,0.0078999996185302734
6250,3.1250000,0.047249767929315567,0.0080000003799796104
6251,3.1255000,0.047612879425287247,0.0081000002101063728
6252,3.1260000,0.047971922904253006,0.0082999998703598976
6253,3.1265000,0.0483255535364151,0.0086000002920627594
6254,3.1270000,0.048673462122678757,0.0088999997824430466
6255,3.1275000,0.049016542732715607,0.0092000002041459084
6256,3.1280000,0.049354024231433868,0.0094999996945261955
6257,3.1285000,0.049685698002576828,0.0098999999463558197
6258,3.1290000,0.050012052059173584,0.010300000198185444
6259,3.1295000,0.05033404752612114,0.01080000028014183
6260,3.1300000,0.050652127712965012,0.01119999960064888
6261,3.1305000,0.05096479132771492,0.011699999682605267
6262,3.1310000,0.05127253383398056,0.012299999594688416
6263,3.1315000,0.051578182727098465,0.012799999676644802
6264,3.1320000,0.051882028579711914,0.013399999588727951
6265,3.1325000,0.052183289080858231,0.013899999670684338
6266,3.1330000,0.052482455968856812,0.014499999582767487
6267,3.1335000,0.052779693156480789,0.01510000042617321
6268,3.1340000,0.053074318915605545,0.015699999406933784
6269,3.1345000,0.053365722298622131,0.016300000250339508
6270,3.1350000,0.053654614835977554,0.016899999231100082
6271,3.1355000,0.053941763937473297,0.017500000074505806
6272,3.1360000,0.054226342588663101,0.017999999225139618
6273,3.1365000,0.054507680237293243,0.018600000068545341
6274,3.1370000,0.054785408079624176,0.019099999219179153
6275,3.1375000,0.055059276521205902,0.019600000232458115
6276,3.1380000,0.055331002920866013,0.020099999383091927
6277,3.1385000,0.055602200329303741,0.020600000396370888
6278,3.1390000,0.05587293952703476,0.020999999716877937
6279,3.1395000,0.05614364892244339,0.021400000900030136
6280,3.1400000,0.056413814425468445,0.021800000220537186
6281,3.1405000,0.056680634617805481,0.022099999710917473
6282,3.1410000,0.05694078654050827,0.02239999920129776
6283,3.1415000,0.057193472981452942,0.022600000724196434
6284,3.1420000,0.057440623641014099,0.022800000384449959
6285,3.1425000,0.057682376354932785,0.023000000044703484
6286,3.1430000,0.05791715532541275,0.023099999874830246
6287,3.1435000,0.058145072311162949,0.023199999704957008
6288,3.1440000,0.05836641788482666,0.023199999704957008
6289,3.1445000,0.058582037687301636,0.023199999704957008
6290,3.1450000,0.058792915195226669,0.023099999874830246
6291,3.1455000,0.058997992426156998,0.023000000044703484
6292,3.1460000,0.059196975082159042,0.022900000214576721
6293,3.1465000,0.059390231966972351,0.022700000554323196
6294,3.1470000,0.05957755446434021,0.02239999920129776
6295,3.1475000,0.05975901335477829,0.022099999710917473
6296,3.1480000,0.0599355548620224,0.021800000220537186
6297,3.1485000,0.060109630227088928,0.021400000900030136
6298,3.1490000,0.060283530503511429,0.020999999716877937
6299,3.1495000,0.060457676649093628,0.020500000566244125
6300,3.1500000,0.060630060732364655,0.019999999552965164
6301,3.1505000,0.060798685997724533,0.019500000402331352
6302,3.1510000,0.060965225100517273,0.018899999558925629
6303,3.1515000,0.061132930219173431,0.018400000408291817
6304,3.1520000,0.061302892863750458,0.017699999734759331
6305,3.1525000,0.061475295573472977,0.017100000753998756
6306,3.1530000,0.061651304364204407,0.016499999910593033
6307,3.1535000,0.061831913888454437,0.015799999237060547
6308,3.1540000,0.062016859650611877,0.01510000042617321
6309,3.1545000,0.062204394489526749,0.014399999752640724
6310,3.1550000,0.062392871826887131,0.013700000010430813
6311,3.1555000,0.06258314847946167,0.013000000268220901
6312,3.1560000,0.062778227031230927,0.012299999594688416
6313,3.1565000,0.062981069087982178,0.011500000022351742
6314,3.1570000,0.063193187117576599,0.01080000028014183
6315,3.1575000,0.063414528965950012,0.010099999606609344
6316,3.1580000,0.063644006848335266,0.0093999998643994331
6317,3.1585000,0.063879653811454773,0.0087000001221895218
6318,3.1590000,0.064119741320610046,0.0081000002101063728
6319,3.1595000,0.064364597201347351,0.0074000000022351742
6320,3.1600000,0.064615190029144287,0.0068000000901520252
6321,3.1605000,0.064873382449150085,0.0062000001780688763
6322,3.1610000,0.065141268074512482,0.00559999980032444
6323,3.1615000,0.065417483448982239,0.004999999888241291
6324,3.1620000,0.065699204802513123,0.0044999998062849045
6325,3.1625000,0.065985634922981262,0.0040000001899898052
6326,3.1630000,0.066276237368583679,0.003599999938160181
6327,3.1635000,0.066569402813911438,0.0031999999191612005
6328,3.1640000,0.066863834857940674,0.00279999990016222
6329,3.1645000,0.067158937454223633,0.0024000001139938831
6330,3.1650000,0.067454211413860321,0.002199999988079071
6331,3.1655000,0.067747168242931366,0.0019000000320374966
6332,3.1660000,0.068034492433071136,0.0017000000225380063
6333,3.1665000,0.068315677344799042,0.001500000013038516
6334,3.1670000,0.068591281771659851,0.00139999995008111
6335,3.1675000,0.068861782550811768,0.00139999995008111
6336,3.1680000,0.069128990173339844,0.0013000000035390258
6337,3.1685000,0.069395668804645538,0.00139999995008111
6338,3.1690000,0.069663271307945251,0.00139999995008111
6339,3.1695000,0.069931358098983765,0.0015999999595806003
6340,3.1700000,0.07020125538110733,0.0017000000225380063
6341,3.1705000,0.070474624633789062,0.0019000000320374966
6342,3.1710000,0.070749536156654358,0.002199999988079071
6343,3.1715000,0.071022927761077881,0.0024999999441206455
6344,3.1720000,0.071294777095317841,0.00279999990016222
6345,3.1725000,0.071565993130207062,0.0031999999191612005
6346,3.1730000,0.071834176778793335,0.0037000000011175871
6347,3.1735000,0.072097040712833405,0.0041000000201165676
6348,3.1740000,0.07235649973154068,0.0046000001020729542
6349,3.1745000,0.072616249322891235,0.0052000000141561031
6350,3.1750000,0.072878189384937286,0.0057999999262392521
6351,3.1755000,0.073141701519489288,0.006399999838322401
6352,3.1760000,0.073404416441917419,0.0070000002160668373
6353,3.1765000,0.073663525283336639,0.0076000001281499863
6354,3.1770000,0.073916159570217133,0.0082999998703598976
6355,3.1775000,0.074160650372505188,0.008999999612569809
6356,3.1780000,0.074399307370185852,0.0097000002861022949
6357,3.1785000,0.074635088443756104,0.010499999858438969
6358,3.1790000,0.074869103729724884,0.01119999960064888
6359,3.1795000,0.075103245675563812,0.011900000274181366
6360,3.1800000,0.075339749455451965,0.01269999984651804
6361,3.1805000,0.075580298900604248,0.013399999588727951
6362,3.1810000,0.075824275612831116,0.014100000262260437
6363,3.1815000,0.076068416237831116,0.014800000004470348
6364,3.1820000,0.076311729848384857,0.01549999974668026
6365,3.1825000,0.076555661857128143,0.016200000420212746
6366,3.1830000,0.076799817383289337,0.016899999231100082
6367,3.1835000,0.077044866979122162,0.017500000074505806
6368,3.1840000,0.077292390167713165,0.01810000091791153
6369,3.1845000,0.077541247010231018,0.018699999898672104
6370,3.1850000,0.077790260314941406,0.019200000911951065
6371,3.1855000,0.07803904265165329,0.019700000062584877
6372,3.1860000,0.07828734815120697,0.020199999213218689
6373,3.1865000,0.078534342348575592,0.020600000396370888
6374,3.1870000,0.078779399394989014,0.020899999886751175
6375,3.1875000,0.079023905098438263,0.021199999377131462
6376,3.1880000,0.079268783330917358,0.021500000730156898
6377,3.1885000,0.079512849450111389,0.021700000390410423
6378,3.1890000,0.079753868281841278,0.021800000220537186
6379,3.1895000,0.079990960657596588,0.021900000050663948
6380,3.1900000,0.080225981771945953,0.021900000050663948
6381,3.1905000,0.080459713935852051,0.021800000220537186
6382,3.1910000,0.080690957605838776,0.021700000390410423
6383,3.1915000,0.080919511616230011,0.021500000730156898
6384,3.1920000,0.081144891679286957,0.021299999207258224
6385,3.1925000,0.081365093588829041,0.020899999886751175
6386,3.1930000,0.081578090786933899,0.020600000396370888
6387,3.1935000,0.081782527267932892,0.020099999383091927
6388,3.1940000,0.081978932023048401,0.019600000232458115
6389,3.1945000,0.082169122993946075,0.018999999389052391
6390,3.1950000,0.08235468715429306,0.018300000578165054
6391,3.1955000,0.082537412643432617,0.017599999904632568
6392,3.1960000,0.082716941833496094,0.01679999940097332
6393,3.1965000,0.082890219986438751,0.016000000759959221
6394,3.1970000,0.083054512739181519,0.01510000042617321
6395,3.1975000,0.083208590745925903,0.014200000092387199
6396,3.1980000,0.083354972302913666,0.013199999928474426
6397,3.1985000,0.083497233688831329,0.012099999934434891
6398,3.1990000,0.083634302020072937,0.011099999770522118
6399,3.1995000,0.083766050636768341,0.0098999999463558197
6400,3.2000000,0.083892762660980225,0.0087999999523162842
6401,3.2005000,0.084012508392333984,0.0076000001281499863
6402,3.2010000,0.084125973284244537,0.006399999838322401
6403,3.2015000,0.08423227071762085,0.0051000001840293407
6404,3.2020000,0.084331654012203217,0.0038000000640749931
6405,3.2025000,0.084427095949649811,0.0026000000070780516
6406,3.2030000,0.084517531096935272,0.0013000000035390258
6407,3.2035000,0.084603495895862579,-0
6408,3.2040000,0.084687553346157074,-0.0013000000035390258
6409,3.2045000,0.084768503904342651,-0.0026000000070780516
6410,3.2050000,0.084843993186950684,-0.0038999998942017555
6411,3.2055000,0.084912300109863281,-0.0051000001840293407
6412,3.2060000,0.08497358113527298,-0.006399999838322401
6413,3.2065000,0.085029907524585724,-0.0076000001281499863
6414,3.2070000,0.085084043443202972,-0.0087999999523162842
6415,3.2075000,0.085138693451881409,-0.0098999999463558197
6416,3.2080000,0.08519388735294342,-0.010999999940395355
6417,3.2085000,0.085247710347175598,-0.012099999934434891
6418,3.2090000,0.085298649966716766,-0.013100000098347664
6419,3.2095000,0.085346415638923645,-0.014000000432133675
6420,3.2100000,0.085392221808433533,-0.014899999834597111
6421,3.2105000,0.085438288748264313,-0.015799999237060547
6422,3.2110000,0.08548881858587265,-0.016499999910593033
6423,3.2115000,0.085546799004077911,-0.017200000584125519
6424,3.2120000,0.085610955953598022,-0.017799999564886093
6425,3.2125000,0.085679613053798676,-0.018300000578165054
6426,3.2130000,0.085752494633197784,-0.018799999728798866
6427,3.2135000,0.085829988121986389,-0.019200000911951065
6428,3.2140000,0.08591160923242569,-0.01940000057220459
6429,3.2145000,0.085997074842453003,-0.019600000232458115
6430,3.2150000,0.086089387536048889,-0.019700000062584877
6431,3.2155000,0.086192615330219269,-0.019700000062584877
6432,3.2160000,0.086309485137462616,-0.019600000232458115
6433,3.2165000,0.086444586515426636,-0.01940000057220459
6434,3.2170000,0.086602635681629181,-0.019099999219179153
6435,3.2175000,0.086783751845359802,-0.018699999898672104
6436,3.2180000,0.086986325681209564,-0.018200000748038292
6437,3.2185000,0.087210990488529205,-0.017599999904632568
6438,3.2190000,0.087460845708847046,-0.016899999231100082
6439,3.2195000,0.08774130791425705,-0.016100000590085983
6440,3.2200000,0.088056795299053192,-0.01510000042617321
6441,3.2205000,0.088407211005687714,-0.014100000262260437
6442,3.2210000,0.088792465627193451,-0.013000000268220901
6443,3.2215000,0.089211776852607727,-0.011800000444054604
6444,3.2220000,0.089663244783878326,-0.010499999858438969
6445,3.2225000,0.090149879455566406,-0.009100000374019146
6446,3.2230000,0.090676188468933105,-0.0076000001281499863
6447,3.2235000,0.091246120631694794,-0.0060000000521540642
6448,3.2240000,0.091866485774517059,-0.0043000001460313797
6449,3.2245000,0.092541955411434174,-0.0024999999441206455
6450,3.2250000,0.093270957469940186,-0.00060000002849847078
6451,3.2255000,0.094050988554954529,0.0013000000035390258
6452,3.2260000,0.094883129000663757,0.0032999999821186066
6453,3.2265000,0.095769457519054413,0.0054000001400709152
6454,3.2270000,0.096709854900836945,0.0074999998323619366
6455,3.2275000,0.097704723477363586,0.0098000001162290573
6456,3.2280000,0.098753362894058228,0.012000000104308128
6457,3.2285000,0.099848531186580658,0.014399999752640724
6458,3.2290000,0.10098394006490707,0.016699999570846558
6459,3.2295000,0.10215932875871658,0.019200000911951065
6460,3.2300000,0.10337389260530472,0.021600000560283661
6461,3.2305000,0.10462614893913269,0.024100000038743019
6462,3.2310000,0.10591808706521988,0.026599999517202377
6463,3.2315000,0.10725288093090057,0.029200000688433647
6464,3.2320000,0.10862982273101807,0.031800001859664917
6465,3.2325000,0.11004623770713806,0.034400001168251038
6466,3.2330000,0.11150208860635757,0.037000000476837158
6467,3.2335000,0.11299999803304672,0.039599999785423279
6468,3.2340000,0.11453846096992493,0.042199999094009399
6469,3.2345000,0.11611182987689972,0.04479999840259552
6470,3.2350000,0.11771667748689651,0.047299999743700027
6471,3.2355000,0.11935310065746307,0.049899999052286148
6472,3.2360000,0.12102240324020386,0.052499998360872269
6473,3.2365000,0.12272126227617264,0.054999999701976776
6474,3.2370000,0.12444840371608734,0.057500001043081284
6475,3.2375000,0.12620961666107178,0.059999998658895493
6476,3.2380000,0.12800648808479309,0.0625
6477,3.2385000,0.12983441352844238,0.064900003373622894
6478,3.2390000,0.13168749213218689,0.067299999296665192
6479,3.2395000,0.13356348872184753,0.069700002670288086
6480,3.2400000,0.13546073436737061,0.071999996900558472
6481,3.2405000,0.13737243413925171,0.074299998581409454
6482,3.2410000,0.13929614424705505,0.076600000262260437
6483,3.2415000,0.14123430848121643,0.078800000250339508
6484,3.2420000,0.14318884909152985,0.081000000238418579
6485,3.2425000,0.14515958726406097,0.083099998533725739
6486,3.2430000,0.14714188873767853,0.085199996829032898
6487,3.2435000,0.14913089573383331,0.087300002574920654
6488,3.2440000,0.1511286199092865,0.089400000870227814
6489,3.2445000,0.15313886106014252,0.091399997472763062
6490,3.2450000,0.15515923500061035,0.093400001525878906
6491,3.2455000,0.15718546509742737,0.095399998128414154
6492,3.2460000,0.15921659767627716,0.097300000488758087
6493,3.2465000,0.1612543910741806,0.099299997091293335
6494,3.2470000,0.16329763829708099,0.10119999945163727
6495,3.2475000,0.16534315049648285,0.10320000350475311
6496,3.2480000,0.16738700866699219,0.10509999841451645
6497,3.2485000,0.16942533850669861,0.10700000077486038
6498,3.2490000,0.17145755887031555,0.10890000313520432
6499,3.2495000,0.17348407208919525,0.11089999973773956
6500,3.2500000,0.17550824582576752,0.1128000020980835
6501,3.2505000,0.17753161489963531,0.11479999870061874
6502,3.2510000,0.17954842746257782,0.11680000275373459
6503,3.2515000,0.18155662715435028,0.11879999935626984
6504,3.2520000,0.18355545401573181,0.120899997651577
6505,3.2525000,0.1855415552854538,0.12300000339746475
6506,3.2530000,0.18751737475395203,0.12510000169277191
6507,3.2535000,0.18948632478713989,0.12729999423027039
6508,3.2540000,0.19145074486732483,0.12950000166893005
6509,3.2545000,0.19341097772121429,0.13169999420642853
6510,3.2550000,0.19536273181438446,0.13400000333786011
6511,3.2555000,0.19730861485004425,0.1363999992609024
6512,3.2560000,0.19925898313522339,0.1387999951839447
6513,3.2565000,0.20121993124485016,0.14120000600814819
6514,3.2570000,0.20319150388240814,0.1437000036239624
6515,3.2575000,0.20517149567604065,0.14630000293254852
6516,3.2580000,0.20715969800949097,0.14890000224113464
6517,3.2585000,0.20916129648685455,0.15160000324249268
6518,3.2590000,0.21118046343326569,0.15430000424385071
6519,3.2595000,0.21321910619735718,0.15710000693798065
6520,3.2600000,0.21527719497680664,0.1598999947309494
6521,3.2605000,0.21734729409217834,0.16279999911785126
6522,3.2610000,0.21942076086997986,0.16580000519752502
6523,3.2615000,0.22149461507797241,0.1687999963760376
6524,3.2620000,0.22357229888439178,0.17180000245571136
6525,3.2625000,0.22565940022468567,0.17489999532699585
6526,3.2630000,0.22775852680206299,0.17800000309944153
6527,3.2635000,0.22986888885498047,0.18109999597072601
6528,3.2640000,0.23198589682579041,0.1843000054359436
6529,3.2645000,0.23410435020923615,0.1875
6530,3.2650000,0.23621700704097748,0.1906999945640564
6531,3.2655000,0.23831599950790405,0.19390000402927399
6532,3.2660000,0.24040456116199493,0.19709999859333038
6533,3.2665000,0.24249409139156342,0.20039999485015869
6534,3.2670000,0.24459004402160645,0.20360000431537628
6535,3.2675000,0.24668838083744049,0.20679999887943268
6536,3.2680000,0.24878714978694916,0.20999999344348907
6537,3.2685000,0.25089055299758911,0.21320000290870667
6538,3.2690000,0.25299763679504395,0.21629999577999115
6539,3.2695000,0.25510492920875549,0.21940000355243683
6540,3.2700000,0.2572142481803894,0.22249999642372131
6541,3.2705000,0.25932881236076355,0.22550000250339508
6542,3.2710000,0.26145178079605103,0.22840000689029694
6543,3.2715000,0.26358509063720703,0.2312999963760376
6544,3.2720000,0.26572877168655396,0.23409999907016754
6545,3.2725000,0.26787713170051575,0.23669999837875366
6546,3.2730000,0.2700190544128418,0.23929999768733978
6547,3.2735000,0.27214986085891724,0.24179999530315399
6548,3.2740000,0.27427077293395996,0.24420000612735748
6549,3.2745000,0.2763824462890625,0.24650000035762787
6550,3.2750000,0.27848458290100098,0.24860000610351562
6551,3.2755000,0.28057235479354858,0.25069999694824219
6552,3.2760000,0.2826397716999054,0.25249999761581421
6553,3.2765000,0.28468230366706848,0.25420001149177551
6554,3.2770000,0.28669193387031555,0.25580000877380371
6555,3.2775000,0.28866115212440491,0.25720000267028809
6556,3.2780000,0.29058879613876343,0.25839999318122864
6557,3.2785000,0.29247385263442993,0.25949999690055847
6558,3.2790000,0.29430869221687317,0.26039999723434448
6559,3.2795000,0.29608666896820068,0.26109999418258667
6560,3.2800000,0.29780605435371399,0.26159998774528503
6561,3.2805000,0.29946169257164001,0.26190000772476196
6562,3.2810000,0.30104708671569824,0.26199999451637268
6563,3.2815000,0.30256018042564392,0.26199999451637268
6564,3.2820000,0.30400252342224121,0.26170000433921814
6565,3.2825000,0.30537459254264832,0.26120001077651978
6566,3.2830000,0.30666974186897278,0.26050001382827759
6567,3.2835000,0.30788037180900574,0.25960001349449158
6568,3.2840000,0.30900683999061584,0.25859999656677246
6569,3.2845000,0.31005364656448364,0.2572999894618988
6570,3.2850000,0.31102016568183899,0.25580000877380371
6571,3.2855000,0.31190001964569092,0.25409999489784241
6572,3.2860000,0.31268909573554993,0.25209999084472656
6573,3.2865000,0.31338426470756531,0.25
6574,3.2870000,0.31397789716720581,0.24770000576972961
6575,3.2875000,0.31446298956871033,0.24519999325275421
6576,3.2880000,0.31483715772628784,0.24259999394416809
6577,3.2885000,0.31509485840797424,0.23970000445842743
6578,3.2890000,0.3152293860912323,0.23659999668598175
6579,3.2895000,0.31523782014846802,0.23340000212192535
6580,3.2900000,0.3151145875453949,0.23000000417232513
6581,3.2905000,0.31485491991043091,0.226500004529953
6582,3.2910000,0.31445929408073425,0.22280000150203705
6583,3.2915000,0.31392809748649597,0.21889999508857727
6584,3.2920000,0.31326517462730408,0.21490000188350677
6585,3.2925000,0.3124786913394928,0.21070000529289246
6586,3.2930000,0.3115706741809845,0.20640000700950623
6587,3.2935000,0.31053599715232849,0.20200000703334808
6588,3.2940000,0.30936825275421143,0.19750000536441803
6589,3.2945000,0.30806222558021545,0.19290000200271606
6590,3.2950000,0.30661725997924805,0.18809999525547028
6591,3.2955000,0.30503255128860474,0.18330000340938568
6592,3.2960000,0.30330961942672729,0.17829999327659607
6593,3.2965000,0.30145958065986633,0.17329999804496765
6594,3.2970000,0.29948976635932922,0.16820000112056732
6595,3.2975000,0.2973979115486145,0.16300000250339508
6596,3.2980000,0.29518121480941772,0.15770000219345093
6597,3.2985000,0.29283890128135681,0.15240000188350677
6598,3.2990000,0.29036641120910645,0.14710000157356262
6599,3.2995000,0.28776082396507263,0.14169999957084656
6600,3.3000000,0.28503042459487915,0.13619999587535858
6601,3.3005000,0.28218692541122437,0.1307000070810318
6602,3.3010000,0.27923488616943359,0.12510000169277191
6603,3.3015000,0.2761731743812561,0.11959999799728394
6604,3.3020000,0.27300512790679932,0.11400000005960464
6605,3.3025000,0.26973637938499451,0.10840000212192535
6606,3.3030000,0.2663646936416626,0.10270000249147415
6607,3.3035000,0.26288944482803345,0.097099997103214264
6608,3.3040000,0.25931689143180847,0.091399997472763062
6609,3.3045000,0.2556515634059906,0.085699997842311859
6610,3.3050000,0.25189334154129028,0.079999998211860657
6611,3.3055000,0.24804086983203888,0.074299998581409454
6612,3.3060000,0.24409982562065125,0.068700000643730164
6613,3.3065000,0.24007299542427063,0.063000001013278961
6614,3.3070000,0.23595356941223145,0.057300001382827759
6615,3.3075000,0.2317395806312561,0.051600001752376556
6616,3.3080000,0.22743162512779236,0.046000000089406967
6617,3.3085000,0.22303152084350586,0.040399998426437378
6618,3.3090000,0.21854324638843536,0.034699998795986176
6619,3.3095000,0.21396499872207642,0.029100000858306885
6620,3.3100000,0.20929642021656036,0.023600000888109207
6621,3.3105000,0.20454278588294983,0.017999999225139618
6622,3.3110000,0.19971133768558502,0.012500000186264515
6623,3.3115000,0.19480748474597931,0.0070000002160668373
6624,3.3120000,0.18983465433120728,0.0015999999595806003
6625,3.3125000,0.18479840457439423,-0.0038000000640749931
6626,3.3130000,0.17970119416713715,-0.009100000374019146
6627,3.3135000,0.17454034090042114,-0.014399999752640724
6628,3.3140000,0.16931833326816559,-0.019700000062584877
6629,3.3145000,0.1640455424785614,-0.024900000542402267
6630,3.3150000,0.15873268246650696,-0.029999999329447746
6631,3.3155000,0.15338458120822906,-0.035100001841783524
6632,3.3160000,0.14799882471561432,-0.04010000079870224
6633,3.3165000,0.14257434010505676,-0.045000001788139343
6634,3.3170000,0.13711704313755035,-0.049800001084804535
6635,3.3175000,0.13163216412067413,-0.054600000381469727
6636,3.3180000,0.12612362205982208,-0.059300001710653305
6637,3.3185000,0.1205972284078598,-0.06379999965429306
6638,3.3190000,0.11506199836730957,-0.068300001323223114
6639,3.3195000,0.10952745378017426,-0.072700001299381256
6640,3.3200000,0.1039990559220314,-0.076999999582767487
6641,3.3205000,0.098482243716716766,-0.081200003623962402
6642,3.3210000,0.092979498207569122,-0.08529999852180481
6643,3.3215000,0.08749215304851532,-0.089299999177455902
6644,3.3220000,0.082027941942214966,-0.093099996447563171
6645,3.3225000,0.076594531536102295,-0.096900001168251038
6646,3.3230000,0.071195229887962341,-0.10050000250339508
6647,3.3235000,0.065833158791065216,-0.10400000214576721
6648,3.3240000,0.060510128736495972,-0.10740000009536743
6649,3.3245000,0.055226866155862808,-0.11069999635219574
6650,3.3250000,0.049985826015472412,-0.11389999836683273
6651,3.3255000,0.044789332896471024,-0.1168999969959259
6652,3.3260000,0.03964059054851532,-0.11980000138282776
6653,3.3265000,0.034544512629508972,-0.12259999662637711
6654,3.3270000,0.029505420476198196,-0.12530000507831573
6655,3.3275000,0.024527840316295624,-0.12790000438690186
6656,3.3280000,0.019613919779658318,-0.13030000030994415
6657,3.3285000,0.014762772247195244,-0.13269999623298645
6658,3.3290000,0.0099760442972183228,-0.13490000367164612
6659,3.3295000,0.0052556386217474937,-0.13699999451637268
6660,3.3300000,0.00060249492526054382,-0.13910000026226044
6661,3.3305000,-0.0039809737354516983,-0.14100000262260437
6662,3.3310000,-0.0084920814260840416,-0.14280000329017639
6663,3.3315000,-0.01292753592133522,-0.1445000022649765
6664,3.3320000,-0.0172840915620327,-0.14620000123977661
6665,3.3325000,-0.021560197696089745,-0.1476999968290329
6666,3.3330000,-0.025754403322935104,-0.14920000731945038
6667,3.3335000,-0.029866080731153488,-0.15060000121593475
6668,3.3340000,-0.033895235508680344,-0.15189999341964722
6669,3.3345000,-0.037839598953723907,-0.15309999883174896
6670,3.3350000,-0.041697591543197632,-0.15430000424385071
6671,3.3355000,-0.045469619333744049,-0.15539999306201935
6672,3.3360000,-0.049155604094266891,-0.15649999678134918
6673,3.3365000,-0.052755441516637802,-0.1574999988079071
6674,3.3370000,-0.05626973882317543,-0.15839999914169312
6675,3.3375000,-0.05969894677400589,-0.15929999947547913
6676,3.3380000,-0.06304236501455307,-0.16019999980926514
6677,3.3385000,-0.066299840807914734,-0.16099999845027924
6678,3.3390000,-0.069474026560783386,-0.16179999709129333
6679,3.3395000,-0.072567269206047058,-0.16259999573230743
6680,3.3400000,-0.075578182935714722,-0.16329999268054962
6681,3.3405000,-0.078504100441932678,-0.164000004529953
6682,3.3410000,-0.081344068050384521,-0.16470000147819519
6683,3.3415000,-0.084098562598228455,-0.16529999673366547
6684,3.3420000,-0.08676784485578537,-0.16590000689029694
6685,3.3425000,-0.089353181421756744,-0.16650000214576721
6686,3.3430000,-0.0918569415807724,-0.16709999740123749
6687,3.3435000,-0.094280600547790527,-0.16769999265670776
6688,3.3440000,-0.09662463515996933,-0.16820000112056732
6689,3.3445000,-0.098886460065841675,-0.1687999963760376
6690,3.3450000,-0.10106348991394043,-0.16930000483989716
6691,3.3455000,-0.10315588116645813,-0.16979999840259552
6692,3.3460000,-0.10516374558210373,-0.17030000686645508
6693,3.3465000,-0.10708954930305481,-0.17069999873638153
6694,3.3470000,-0.10893760621547699,-0.17120000720024109
6695,3.3475000,-0.1107093021273613,-0.17159999907016754
6696,3.3480000,-0.11240443587303162,-0.17200000584125519
6697,3.3485000,-0.1140238344669342,-0.17239999771118164
6698,3.3490000,-0.11556928604841232,-0.17280000448226929
6699,3.3495000,-0.1170455738902092,-0.17319999635219574
6700,3.3500000,-0.11845564097166061,-0.17350000143051147
6701,3.3505000,-0.11979726701974869,-0.17380000650882721
6702,3.3510000,-0.12107262015342712,-0.17409999668598175
6703,3.3515000,-0.12228689342737198,-0.17440000176429749
6704,3.3520000,-0.12344299256801605,-0.17460000514984131
6705,3.3525000,-0.12454455345869064,-0.17479999363422394
6706,3.3530000,-0.12559455633163452,-0.17499999701976776
6707,3.3535000,-0.12659478187561035,-0.17509999871253967
6708,3.3540000,-0.12754589319229126,-0.17520000040531158
6709,3.3545000,-0.12844783067703247,-0.1753000020980835
6710,3.3550000,-0.12930166721343994,-0.1753000020980835
6711,3.3555000,-0.13010787963867188,-0.1753000020980835
6712,3.3560000,-0.13086870312690735,-0.17520000040531158
6713,3.3565000,-0.13158950209617615,-0.17509999871253967
6714,3.3570000,-0.13227301836013794,-0.17499999701976776
6715,3.3575000,-0.13291877508163452,-0.17479999363422394
6716,3.3580000,-0.13352605700492859,-0.17460000514984131
6717,3.3585000,-0.1340954452753067,-0.17430000007152557
6718,3.3590000,-0.13462866842746735,-0.17399999499320984
6719,3.3595000,-0.13512773811817169,-0.17360000312328339
6720,3.3600000,-0.13559520244598389,-0.17309999465942383
6721,3.3605000,-0.13603325188159943,-0.17270000278949738
6722,3.3610000,-0.13644327223300934,-0.17209999263286591
6723,3.3615000,-0.13682569563388824,-0.17149999737739563
6724,3.3620000,-0.13717922568321228,-0.17090000212192535
6725,3.3625000,-0.13750126957893372,-0.17020000517368317
6726,3.3630000,-0.1377895325422287,-0.16940000653266907
6727,3.3635000,-0.13804301619529724,-0.16859999299049377
6728,3.3640000,-0.13826340436935425,-0.16779999434947968
6729,3.3645000,-0.13845360279083252,-0.16680000722408295
6730,3.3650000,-0.13861675560474396,-0.16590000689029694
6731,3.3655000,-0.1387542337179184,-0.1648000031709671
6732,3.3660000,-0.13886350393295288,-0.16380000114440918
6733,3.3665000,-0.13894249498844147,-0.16259999573230743
6734,3.3670000,-0.13899004459381104,-0.16150000691413879
6735,3.3675000,-0.13900570571422577,-0.16019999980926514
6736,3.3680000,-0.13898955285549164,-0.15889999270439148
6737,3.3685000,-0.13893735408782959,-0.15760000050067902
6738,3.3690000,-0.13884682953357697,-0.15620000660419464
6739,3.3695000,-0.13872091472148895,-0.15479999780654907
6740,3.3700000,-0.13856020569801331,-0.15330000221729279
6741,3.3705000,-0.13836464285850525,-0.1518000066280365
6742,3.3710000,-0.13813456892967224,-0.15019999444484711
6743,3.3715000,-0.13787025213241577,-0.14859999716281891
6744,3.3720000,-0.13757443428039551,-0.14699999988079071
6745,3.3725000,-0.13724926114082336,-0.1453000009059906
6746,3.3730000,-0.13689512014389038,-0.14360000193119049
6747,3.3735000,-0.13651099801063538,-0.14180000126361847
6748,3.3740000,-0.13609606027603149,-0.14000000059604645
6749,3.3745000,-0.13565295934677124,-0.13809999823570251
6750,3.3750000,-0.13518615067005157,-0.13629999756813049
6751,3.3755000,-0.13469776511192322,-0.13429999351501465
6752,3.3760000,-0.13419109582901001,-0.13240000605583191
6753,3.3765000,-0.1336728036403656,-0.13040000200271606
6754,3.3770000,-0.13314440846443176,-0.12839999794960022
6755,3.3775000,-0.13260471820831299,-0.12630000710487366
6756,3.3780000,-0.13205339014530182,-0.1242000013589859
6757,3.3785000,-0.13148769736289978,-0.12210000306367874
6758,3.3790000,-0.1309070885181427,-0.11990000307559967
6759,3.3795000,-0.13031291961669922,-0.1177000030875206
6760,3.3800000,-0.12970468401908875,-0.11550000309944153
6761,3.3805000,-0.12908098101615906,-0.11320000141859055
6762,3.3810000,-0.1284407377243042,-0.11089999973773956
6763,3.3815000,-0.12778337299823761,-0.10849999636411667
6764,3.3820000,-0.12710841000080109,-0.10610000044107437
6765,3.3825000,-0.12641572952270508,-0.10369999706745148
6766,3.3830000,-0.12570545077323914,-0.10119999945163727
6767,3.3835000,-0.12497732043266296,-0.098700001835823059
6768,3.3840000,-0.12422697246074677,-0.096199996769428253
6769,3.3845000,-0.12344761937856674,-0.093599997460842133
6770,3.3850000,-0.12263745069503784,-0.0908999964594841
6771,3.3855000,-0.12179572135210037,-0.088200002908706665
6772,3.3860000,-0.12092242389917374,-0.085500001907348633
6773,3.3865000,-0.12002093344926834,-0.082699999213218689
6774,3.3870000,-0.11909312009811401,-0.079899996519088745
6775,3.3875000,-0.11813884973526001,-0.077100001275539398
6776,3.3880000,-0.11715540289878845,-0.074199996888637543
6777,3.3885000,-0.11613935232162476,-0.071299999952316284
6778,3.3890000,-0.11509064584970474,-0.068300001323223114
6779,3.3895000,-0.11400965601205826,-0.065300002694129944
6780,3.3900000,-0.11289820075035095,-0.062199998646974564
6781,3.3905000,-0.11175905913114548,-0.059200000017881393
6782,3.3910000,-0.1105913445353508,-0.056099999696016312
6783,3.3915000,-0.10939385741949081,-0.052900001406669617
6784,3.3920000,-0.10816963762044907,-0.049800001084804535
6785,3.3925000,-0.10692496597766876,-0.046599999070167542
6786,3.3930000,-0.10566315799951553,-0.043400000780820847
6787,3.3935000,-0.10438428819179535,-0.040199998766183853
6788,3.3940000,-0.10308758914470673,-0.037000000476837158
6789,3.3945000,-0.10177043825387955,-0.033799998462200165
6790,3.3950000,-0.10043046623468399,-0.03060000017285347
6791,3.3955000,-0.09906720370054245,-0.027499999850988388
6792,3.3960000,-0.097680829465389252,-0.024299999698996544
6793,3.3965000,-0.09627031534910202,-0.021199999377131462
6794,3.3970000,-0.094834454357624054,-0.01810000091791153
6795,3.3975000,-0.093372784554958344,-0.01510000042617321
6796,3.3980000,-0.091886043548583984,-0.012099999934434891
6797,3.3985000,-0.090375646948814392,-0.0092000002041459084
6798,3.3990000,-0.088840916752815247,-0.0063000000081956387
6799,3.3995000,-0.087280727922916412,-0.0035000001080334187
6800,3.4000000,-0.085693195462226868,-0.00089999998454004526
6801,3.4005000,-0.084074564278125763,0.0017000000225380063
6802,3.4010000,-0.082423277199268341,0.00419999985024333
6803,3.4015000,-0.080742001533508301,0.0065999999642372131
6804,3.4020000,-0.07903551310300827,0.0088999997824430466
6805,3.4025000,-0.077306762337684631,0.010999999940395355
6806,3.4030000,-0.075557239353656769,0.013000000268220901
6807,3.4035000,-0.073789671063423157,0.014800000004470348
6808,3.4040000,-0.072011962532997131,0.016499999910593033
6809,3.4045000,-0.070235446095466614,0.01810000091791153
6810,3.4050000,-0.068466372787952423,0.01940000057220459
6811,3.4055000,-0.066707529127597809,0.02070000022649765
6812,3.4060000,-0.064961999654769897,0.021700000390410423
6813,3.4065000,-0.063231900334358215,0.022600000724196434
6814,3.4070000,-0.061519253998994827,0.023299999535083771
6815,3.4075000,-0.059826396405696869,0.023900000378489494
6816,3.4080000,-0.058157958090305328,0.024199999868869781
6817,3.4085000,-0.056521043181419373,0.024399999529123306
6818,3.4090000,-0.05491911992430687,0.024499999359250069
6819,3.4095000,-0.053352672606706619,0.024399999529123306
6820,3.4100000,-0.05182250589132309,0.024100000038743019
6821,3.4105000,-0.050331536680459976,0.02370000071823597
6822,3.4110000,-0.048882756382226944,0.023199999704957008
6823,3.4115000,-0.04747539758682251,0.022600000724196434
6824,3.4120000,-0.046114999800920486,0.021800000220537186
6825,3.4125000,-0.0448148213326931,0.020999999716877937
6826,3.4130000,-0.04357968270778656,0.020099999383091927
6827,3.4135000,-0.042406652122735977,0.019200000911951065
6828,3.4140000,-0.041294194757938385,0.018200000748038292
6829,3.4145000,-0.040240202099084854,0.017300000414252281
6830,3.4150000,-0.039241820573806763,0.016300000250339508
6831,3.4155000,-0.038297619670629501,0.01549999974668026
6832,3.4160000,-0.037407498806715012,0.014700000174343586
6833,3.4165000,-0.036572180688381195,0.014000000432133675
6834,3.4170000,-0.035791289061307907,0.013399999588727951
6835,3.4175000,-0.035060904920101166,0.013000000268220901
6836,3.4180000,-0.03437543660402298,0.012900000438094139
6837,3.4185000,-0.033728476613759995,0.013000000268220901
6838,3.4190000,-0.033113736659288406,0.013299999758601189
6839,3.4195000,-0.032528124749660492,0.014000000432133675
6840,3.4200000,-0.031970541924238205,0.01510000042617321
6841,3.4205000,-0.031442981213331223,0.016599999740719795
6842,3.4210000,-0.030945930629968643,0.018500000238418579
6843,3.4215000,-0.030473573133349419,0.020899999886751175
6844,3.4220000,-0.030016675591468811,0.023800000548362732
6845,3.4225000,-0.029564442113041878,0.027300000190734863
6846,3.4230000,-0.029109947383403778,0.031500000506639481
6847,3.4235000,-0.028648769482970238,0.036200001835823059
6848,3.4240000,-0.028168616816401482,0.041700001806020737
6849,3.4245000,-0.027655055746436119,0.047800000756978989
6850,3.4250000,-0.027095995843410492,0.05469999834895134
6851,3.4255000,-0.026476630941033363,0.062399998307228088
6852,3.4260000,-0.025781240314245224,0.071000002324581146
6853,3.4265000,-0.024992942810058594,0.080399997532367706
6854,3.4270000,-0.024098793044686317,0.090599998831748962
6855,3.4275000,-0.023085750639438629,0.10180000215768814
6856,3.4280000,-0.021926764398813248,0.11379999667406082
6857,3.4285000,-0.020589469000697136,0.12680000066757202
6858,3.4290000,-0.019053293392062187,0.14069999754428864
6859,3.4295000,-0.017301471903920174,0.15559999644756317
6860,3.4300000,-0.015311256051063538,0.17139999568462372
6861,3.4305000,-0.013061162084341049,0.18819999694824219
6862,3.4310000,-0.010532385669648647,0.20589999854564667
6863,3.4315000,-0.007699212059378624,0.22450000047683716
6864,3.4320000,-0.0045298952609300613,0.24400000274181366
6865,3.4325000,-0.0010031950660049915,0.26440000534057617
6866,3.4330000,0.0028956762980669737,0.28560000658035278
6867,3.4335000,0.0071944571100175381,0.3075999915599823
6868,3.4340000,0.011921665631234646,0.33039999008178711
6869,3.4345000,0.017094580456614494,0.35389998555183411
6870,3.4350000,0.02272736094892025,0.37810000777244568
6871,3.4355000,0.028833620250225067,0.40279999375343323
6872,3.4360000,0.03543369472026825,0.42809998989105225
6873,3.4365000,0.042548574507236481,0.45390000939369202
6874,3.4370000,0.050187774002552032,0.47999998927116394
6875,3.4375000,0.058357413858175278,0.50639998912811279
6876,3.4380000,0.067071996629238129,0.53310000896453857
6877,3.4385000,0.076345935463905334,0.55980002880096436
6878,3.4390000,0.08617536723613739,0.58660000562667847
6879,3.4395000,0.096547558903694153,0.61330002546310425
6880,3.4400000,0.10747378319501877,0.63980001211166382
6881,3.4405000,0.11899303644895554,0.66600000858306885
6882,3.4410000,0.13112989068031311,0.69179999828338623
6883,3.4415000,0.14387929439544678,0.71710002422332764
6884,3.4420000,0.15722429752349854,0.74180001020431519
6885,3.4425000,0.17114546895027161,0.76569998264312744
6886,3.4430000,0.18562683463096619,0.78869998455047607
6887,3.4435000,0.20065340399742126,0.81080001592636108
6888,3.4440000,0.21620243787765503,0.83179998397827148
6889,3.4445000,0.23224726319313049,0.85149997472763062
6890,3.4450000,0.24876666069030762,0.87000000476837158
6891,3.4455000,0.26573055982589722,0.88690000772476196
6892,3.4460000,0.28310215473175049,0.90240001678466797
6893,3.4465000,0.30085358023643494,0.91619998216629028
6894,3.4470000,0.31895095109939575,0.92820000648498535
6895,3.4475000,0.33734655380249023,0.93839997053146362
6896,3.4480000,0.35599431395530701,0.94669997692108154
6897,3.4485000,0.37486618757247925,0.9528999924659729
6898,3.4490000,0.39393454790115356,0.95709997415542603
6899,3.4495000,0.41314384341239929,0.95910000801086426
6900,3.4500000,0.4324314296245575,0.95889997482299805
6901,3.4505000,0.45173555612564087,0.95630002021789551
6902,3.4510000,0.47098299860954285,0.95149999856948853
6903,3.4515000,0.49010100960731506,0.94429999589920044
6904,3.4520000,0.50902962684631348,0.93470001220703125
6905,3.4525000,0.52771782875061035,0.92269998788833618
6906,3.4530000,0.546103835105896,0.90820002555847168
6907,3.4535000,0.56411343812942505,0.89139997959136963
6908,3.4540000,0.5816720724105835,0.87209999561309814
6909,3.4545000,0.59871059656143188,0.85039997100830078
6910,3.4550000,0.61515700817108154,0.82639998197555542
6911,3.4555000,0.6309283971786499,0.80000001192092896
6912,3.4560000,0.64594972133636475,0.77139997482299805
6913,3.4565000,0.66015982627868652,0.74059998989105225
6914,3.4570000,0.67348915338516235,0.70759999752044678
6915,3.4575000,0.6858665943145752,0.67250001430511475
6916,3.4580000,0.6972353458404541,0.63550001382827759
6917,3.4585000,0.70753437280654907,0.5965999960899353
6918,3.4590000,0.71668767929077148,0.555899977684021
6919,3.4595000,0.72461563348770142,0.51359999179840088
6920,3.4600000,0.7312551736831665,0.46959999203681946
6921,3.4605000,0.73656970262527466,0.42429998517036438
6922,3.4610000,0.74051499366760254,0.37770000100135803
6923,3.4615000,0.74303674697875977,0.32989999651908875
6924,3.4620000,0.74408924579620361,0.28110000491142273
6925,3.4625000,0.74362117052078247,0.23149999976158142
6926,3.4630000,0.74159634113311768,0.18109999597072601
6927,3.4635000,0.7380029559135437,0.13019999861717224
6928,3.4640000,0.73282039165496826,0.07890000194311142
6929,3.4645000,0.72603124380111694,0.027300000190734863
6930,3.4650000,0.7176329493522644,-0.024299999698996544
6931,3.4655000,0.7076142430305481,-0.07590000331401825
6932,3.4660000,0.69596356153488159,-0.12729999423027039
6933,3.4665000,0.68268793821334839,-0.17820000648498535
6934,3.4670000,0.66779989004135132,-0.22859999537467957
6935,3.4675000,0.65130323171615601,-0.27829998731613159
6936,3.4680000,0.63321536779403687,-0.32719999551773071
6937,3.4685000,0.61358994245529175,-0.37509998679161072
6938,3.4690000,0.59248340129852295,-0.42179998755455017
6939,3.4695000,0.56991797685623169,-0.46729999780654907
6940,3.4700000,0.54591077566146851,-0.51130002737045288
6941,3.4705000,0.52049285173416138,-0.55379998683929443
6942,3.4710000,0.4937024712562561,-0.59469997882843018
6943,3.4715000,0.46559998393058777,-0.63380002975463867
6944,3.4720000,0.43625330924987793,-0.67110002040863037
6945,3.4725000,0.40572848916053772,-0.70639997720718384
6946,3.4730000,0.37409627437591553,-0.73960000276565552
6947,3.4735000,0.34141623973846436,-0.77069997787475586
6948,3.4740000,0.30774733424186707,-0.79960000514984131
6949,3.4745000,0.27317291498184204,-0.82620000839233398
6950,3.4750000,0.23779144883155823,-0.85049998760223389
6951,3.4755000,0.20169970393180847,-0.87239998579025269
6952,3.4760000,0.1649872213602066,-0.89190000295639038
6953,3.4765000,0.12773947417736053,-0.9089999794960022
6954,3.4770000,0.090052708983421326,-0.92360001802444458
6955,3.4775000,0.052029244601726532,-0.93580001592636108
6956,3.4780000,0.013765111565589905,-0.94550001621246338
6957,3.4785000,-0.024641282856464386,-0.95279997587203979
6958,3.4790000,-0.063080430030822754,-0.95759999752044678
6959,3.4795000,-0.10144108533859253,-0.95999997854232788
6960,3.4800000,-0.13963130116462708,-0.95999997854232788
6961,3.4805000,-0.17757058143615723,-0.95770001411437988
6962,3.4810000,-0.2151629775762558,-0.95310002565383911
6963,3.4815000,-0.25230491161346436,-0.94620001316070557
6964,3.4820000,-0.28889688849449158,-0.93720000982284546
6965,3.4825000,-0.32484304904937744,-0.92610001564025879
6966,3.4830000,-0.36005330085754395,-0.91289997100830078
6967,3.4835000,-0.39443954825401306,-0.8978000283241272
6968,3.4840000,-0.42791774868965149,-0.88080000877380371
6969,3.4845000,-0.4604058563709259,-0.8619999885559082
6970,3.4850000,-0.49182111024856567,-0.84160000085830688
6971,3.4855000,-0.52208435535430908,-0.81959998607635498
6972,3.4860000,-0.55112099647521973,-0.79610002040863037
6973,3.4865000,-0.57886409759521484,-0.77120000123977661
6974,3.4870000,-0.60525965690612793,-0.74500000476837158
6975,3.4875000,-0.6302521824836731,-0.71770000457763672
6976,3.4880000,-0.65377676486968994,-0.68930000066757202
6977,3.4885000,-0.67578470706939697,-0.6600000262260437
6978,3.4890000,-0.69624406099319458,-0.62980002164840698
6979,3.4895000,-0.71511858701705933,-0.59890002012252808
6980,3.4900000,-0.73237043619155884,-0.56739997863769531
6981,3.4905000,-0.74796432256698608,-0.53539997339248657
6982,3.4910000,-0.7618786096572876,-0.50300002098083496
6983,3.4915000,-0.77410483360290527,-0.47029998898506165
6984,3.4920000,-0.78462940454483032,-0.43740001320838928
6985,3.4925000,-0.79344958066940308,-0.40439999103546143
6986,3.4930000,-0.80057471990585327,-0.37149998545646667
6987,3.4935000,-0.8060070276260376,-0.33860000967979431
6988,3.4940000,-0.80975121259689331,-0.3059999942779541
6989,3.4945000,-0.81182456016540527,-0.27369999885559082
6990,3.4950000,-0.81225544214248657,-0.24169999361038208
6991,3.4955000,-0.81107133626937866,-0.2101999968290329
6992,3.4960000,-0.80829107761383057,-0.17929999530315399
6993,3.4965000,-0.80394077301025391,-0.14900000393390656
6994,3.4970000,-0.79805999994277954,-0.1193000003695488
6995,3.4975000,-0.79069262742996216,-0.090400002896785736
6996,3.4980000,-0.78188395500183105,-0.062300000339746475
6997,3.4985000,-0.77168059349060059,-0.035000000149011612
6998,3.4990000,-0.76013505458831787,-0.0087000001221895218
6999,3.4995000,-0.7473035454750061,0.016699999570846558
7000,3.5000000,-0.73323267698287964,0.041099999099969864
7001,3.5005000,-0.71796399354934692,0.064499996602535248
7002,3.5010000,-0.70155411958694458,0.086900003254413605
7003,3.5015000,-0.68407267332077026,0.10819999873638153
7004,3.5020000,-0.66559368371963501,0.12839999794960022
7005,3.5025000,-0.64618891477584839,0.14749999344348907
7006,3.5030000,-0.62592655420303345,0.16550000011920929
7007,3.5035000,-0.6048816442489624,0.18240000307559967
7008,3.5040000,-0.58313530683517456,0.19820000231266022
7009,3.5045000,-0.56076741218566895,0.21289999783039093
7010,3.5050000,-0.53785604238510132,0.226500004529953
7011,3.5055000,-0.51447570323944092,0.23899999260902405
7012,3.5060000,-0.49069103598594666,0.25049999356269836
7013,3.5065000,-0.46656510233879089,0.26089999079704285
7014,3.5070000,-0.44216644763946533,0.27020001411437988
7015,3.5075000,-0.41756799817085266,0.27860000729560852
7016,3.5080000,-0.39283561706542969,0.28600001335144043
7017,3.5085000,-0.36801978945732117,0.29249998927116394
7018,3.5090000,-0.34318146109580994,0.29809999465942383
7019,3.5095000,-0.31838685274124146,0.30279999971389771
7020,3.5100000,-0.29368457198143005,0.30669999122619629
7021,3.5105000,-0.26912572979927063,0.30979999899864197
7022,3.5110000,-0.24477219581604004,0.31209999322891235
7023,3.5115000,-0.22068266570568085,0.31369999051094055
7024,3.5120000,-0.19691765308380127,0.31470000743865967
7025,3.5125000,-0.17353439331054688,0.31499999761581421
7026,3.5130000,-0.15057440102100372,0.31479999423027039
7027,3.5135000,-0.1280779093503952,0.31400001049041748
7028,3.5140000,-0.10608595609664917,0.31270000338554382
7029,3.5145000,-0.084632508456707001,0.31099998950958252
7030,3.5150000,-0.063749074935913086,0.30889999866485596
7031,3.5155000,-0.04346398264169693,0.30640000104904175
7032,3.5160000,-0.023797504603862762,0.303600013256073
7033,3.5165000,-0.0047644712030887604,0.30050000548362732
7034,3.5170000,0.013616707175970078,0.2971000075340271
7035,3.5175000,0.031326085329055786,0.29359999299049377
7036,3.5180000,0.048349209129810333,0.28979998826980591
7037,3.5185000,0.064673885703086853,0.28600001335144043
7038,3.5190000,0.080292746424674988,0.28200000524520874
7039,3.5195000,0.095201626420021057,0.27799999713897705
7040,3.5200000,0.10938404500484467,0.27390000224113464
7041,3.5205000,0.12282518297433853,0.26989999413490295
7042,3.5210000,0.13552823662757874,0.26579999923706055
7043,3.5215000,0.14749971032142639,0.26179999113082886
7044,3.5220000,0.15874330699443817,0.25789999961853027
7045,3.5225000,0.16926836967468262,0.25409999489784241
7046,3.5230000,0.1790958046913147,0.25029999017715454
7047,3.5235000,0.18824154138565063,0.24670000374317169
7048,3.5240000,0.19670319557189941,0.24330000579357147
7049,3.5245000,0.20448160171508789,0.23999999463558197
7050,3.5250000,0.21159155666828156,0.23690000176429749
7051,3.5255000,0.21805287897586823,0.23399999737739563
7052,3.5260000,0.2238861620426178,0.23119999468326569
7053,3.5265000,0.22911195456981659,0.22869999706745148
7054,3.5270000,0.23375554382801056,0.22640000283718109
7055,3.5275000,0.2378423660993576,0.22429999709129333
7056,3.5280000,0.24139119684696198,0.2223999947309494
7057,3.5285000,0.24441829323768616,0.22069999575614929
7058,3.5290000,0.24694111943244934,0.21920000016689301
7059,3.5295000,0.24897964298725128,0.21799999475479126
7060,3.5300000,0.25055918097496033,0.21690000593662262
7061,3.5305000,0.25171151757240295,0.21610000729560852
7062,3.5310000,0.2524656355381012,0.21549999713897705
7063,3.5315000,0.25284713506698608,0.2151000052690506
7064,3.5320000,0.25288388133049011,0.21490000188350677
7065,3.5325000,0.25260087847709656,0.21490000188350677
7066,3.5330000,0.2520197331905365,0.21500000357627869
7067,3.5335000,0.25116387009620667,0.21539999544620514
7068,3.5340000,0.25005948543548584,0.2159000039100647
7069,3.5345000,0.248732790350914,0.21649999916553497
7070,3.5350000,0.24720695614814758,0.21729999780654907
7071,3.5355000,0.245504230260849,0.21829999983310699
7072,3.5360000,0.24364565312862396,0.21930000185966492
7073,3.5365000,0.24164372682571411,0.22050000727176666
7074,3.5370000,0.23950961232185364,0.22179999947547913
7075,3.5375000,0.23726268112659454,0.2231999933719635
7076,3.5380000,0.23492158949375153,0.22460000216960907
7077,3.5385000,0.23250789940357208,0.22609999775886536
7078,3.5390000,0.23004379868507385,0.22769999504089355
7079,3.5395000,0.22754116356372833,0.22930000722408295
7080,3.5400000,0.22501802444458008,0.23100000619888306
7081,3.5405000,0.22249826788902283,0.23270000517368317
7082,3.5410000,0.21999666094779968,0.23440000414848328
7083,3.5415000,0.21752321720123291,0.23610000312328339
7084,3.5420000,0.21508751809597015,0.23790000379085541
7085,3.5425000,0.2127007395029068,0.23960000276565552
7086,3.5430000,0.21037358045578003,0.24130000174045563
7087,3.5435000,0.20811264216899872,0.24289999902248383
7088,3.5440000,0.20592769980430603,0.24459999799728394
7089,3.5445000,0.20383311808109283,0.24619999527931213
7090,3.5450000,0.20183829963207245,0.24770000576972961
7091,3.5455000,0.19994431734085083,0.2492000013589859
7092,3.5460000,0.19814924895763397,0.25060001015663147
7093,3.5465000,0.19645601511001587,0.25200000405311584
7094,3.5470000,0.19486840069293976,0.2533000111579895
7095,3.5475000,0.19338542222976685,0.25450000166893005
7096,3.5480000,0.19201372563838959,0.25560000538825989
7097,3.5485000,0.19076837599277496,0.25670000910758972
7098,3.5490000,0.18965409696102142,0.25760000944137573
7099,3.5495000,0.1886664479970932,0.25850000977516174
7100,3.5500000,0.18780143558979034,0.25929999351501465
7101,3.5505000,0.18705275654792786,0.25999999046325684
7102,3.5510000,0.18641303479671478,0.26060000061988831
7103,3.5515000,0.18587566912174225,0.26120001077651978
7104,3.5520000,0.18543605506420135,0.26159998774528503
7105,3.5525000,0.18508826196193695,0.26199999451637268
7106,3.5530000,0.18482419848442078,0.2621999979019165
7107,3.5535000,0.18463978171348572,0.26240000128746033
7108,3.5540000,0.18453036248683929,0.26249998807907104
7109,3.5545000,0.18448898196220398,0.26249998807907104
7110,3.5550000,0.18451052904129028,0.26240000128746033
7111,3.5555000,0.18459339439868927,0.26230001449584961
7112,3.5560000,0.18473862111568451,0.26210001111030579
7113,3.5565000,0.18494361639022827,0.26179999113082886
7114,3.5570000,0.18520073592662811,0.26150000095367432
7115,3.5575000,0.18550536036491394,0.26109999418258667
7116,3.5580000,0.18585725128650665,0.26060000061988831
7117,3.5585000,0.18625037372112274,0.26010000705718994
7118,3.5590000,0.18667601048946381,0.25960001349449158
7119,3.5595000,0.18713325262069702,0.25900000333786011
7120,3.5600000,0.18762692809104919,0.25830000638961792
7121,3.5605000,0.18816201388835907,0.25769999623298645
7122,3.5610000,0.18873652815818787,0.25699999928474426
7123,3.5615000,0.18934589624404907,0.25630000233650208
7124,3.5620000,0.18998724222183228,0.25549998879432678
7125,3.5625000,0.19065430760383606,0.25479999184608459
7126,3.5630000,0.19133932888507843,0.25400000810623169
7127,3.5635000,0.19203634560108185,0.2531999945640564
7128,3.5640000,0.19273838400840759,0.25240001082420349
7129,3.5645000,0.19343578815460205,0.2515999972820282
7130,3.5650000,0.1941215842962265,0.25090000033378601
7131,3.5655000,0.19479310512542725,0.25009998679161072
7132,3.5660000,0.19544810056686401,0.24940000474452972
7133,3.5665000,0.19608612358570099,0.24860000610351562
7134,3.5670000,0.19670777022838593,0.24789999425411224
7135,3.5675000,0.1973118931055069,0.24719999730587006
7136,3.5680000,0.19790054857730865,0.24660000205039978
7137,3.5685000,0.19847846031188965,0.24590000510215759
7138,3.5690000,0.19904594123363495,0.24529999494552612
7139,3.5695000,0.1995999664068222,0.24480000138282776
7140,3.5700000,0.20013855397701263,0.24420000612735748
7141,3.5705000,0.2006610631942749,0.24369999766349792
7142,3.5710000,0.20116609334945679,0.24330000579357147
7143,3.5715000,0.20165131986141205,0.24289999902248383
7144,3.5720000,0.20211565494537354,0.24259999394416809
7145,3.5725000,0.20256106555461884,0.24230000376701355
7146,3.5730000,0.20299032330513,0.24199999868869781
7147,3.5735000,0.2034018337726593,0.24179999530315399
7148,3.5740000,0.20379383862018585,0.24169999361038208
7149,3.5745000,0.20416726171970367,0.24160000681877136
7150,3.5750000,0.20452013611793518,0.24150000512599945
7151,3.5755000,0.20485050976276398,0.24160000681877136
7152,3.5760000,0.20515830814838409,0.24160000681877136
7153,3.5765000,0.20544302463531494,0.24179999530315399
7154,3.5770000,0.20570620894432068,0.24199999868869781
7155,3.5775000,0.20594821870326996,0.24220000207424164
7156,3.5780000,0.20616769790649414,0.24259999394416809
7157,3.5785000,0.20636433362960815,0.24300000071525574
7158,3.5790000,0.20653910934925079,0.24339999258518219
7159,3.5795000,0.20669369399547577,0.24390000104904175
7160,3.5800000,0.20682443678379059,0.24449999630451202
7161,3.5805000,0.20692619681358337,0.24510000646114349
7162,3.5810000,0.20700076222419739,0.24580000340938568
7163,3.5815000,0.20705226063728333,0.24660000205039978
7164,3.5820000,0.20708146691322327,0.24740000069141388
7165,3.5825000,0.20708967745304108,0.24830000102519989
7166,3.5830000,0.20707984268665314,0.24930000305175781
7167,3.5835000,0.20705412328243256,0.25029999017715454
7168,3.5840000,0.20701999962329865,0.25130000710487366
7169,3.5845000,0.20698858797550201,0.25249999761581421
7170,3.5850000,0.20696407556533813,0.25369998812675476
7171,3.5855000,0.20694597065448761,0.2549000084400177
7172,3.5860000,0.20693324506282806,0.25619998574256897
7173,3.5865000,0.20692285895347595,0.25760000944137573
7174,3.5870000,0.20691186189651489,0.25900000333786011
7175,3.5875000,0.20690274238586426,0.26039999723434448
7176,3.5880000,0.2068990170955658,0.26190000772476196
7177,3.5885000,0.20689661800861359,0.26350000500679016
7178,3.5890000,0.20689009130001068,0.26499998569488525
7179,3.5895000,0.20688013732433319,0.26669999957084656
7180,3.5900000,0.20687235891819,0.26829999685287476
7181,3.5905000,0.20687019824981689,0.27000001072883606
7182,3.5910000,0.20686972141265869,0.27180001139640808
7183,3.5915000,0.2068699449300766,0.273499995470047
7184,3.5920000,0.20687799155712128,0.27529999613761902
7185,3.5925000,0.20689897239208221,0.27709999680519104
7186,3.5930000,0.20693136751651764,0.27889999747276306
7187,3.5935000,0.20697396993637085,0.28069999814033508
7188,3.5940000,0.20702916383743286,0.28259998559951782
7189,3.5945000,0.20709452033042908,0.28439998626708984
7190,3.5950000,0.20716343820095062,0.28619998693466187
7191,3.5955000,0.207236647605896,0.28799998760223389
7192,3.5960000,0.20732247829437256,0.28990000486373901
7193,3.5965000,0.20742709934711456,0.29170000553131104
7194,3.5970000,0.20755110681056976,0.29339998960494995
7195,3.5975000,0.20769387483596802,0.29519999027252197
7196,3.5980000,0.20785918831825256,0.29690000414848328
7197,3.5985000,0.20804746448993683,0.29859998822212219
7198,3.5990000,0.20825010538101196,0.30019998550415039
7199,3.5995000,0.20846405625343323,0.30189999938011169
7200,3.6000000,0.20868946611881256,0.30340000987052917
7201,3.6005000,0.20891998708248138,0.30500000715255737
7202,3.6010000,0.20915155112743378,0.30640000104904175
7203,3.6015000,0.20938578248023987,0.30779999494552612
7204,3.6020000,0.20962430536746979,0.3091999888420105
7205,3.6025000,0.20986780524253845,0.31049999594688416
7206,3.6030000,0.21012052893638611,0.31180000305175781
7207,3.6035000,0.21038722991943359,0.31299999356269836
7208,3.6040000,0.2106657475233078,0.3140999972820282
7209,3.6045000,0.21095149219036102,0.31520000100135803
7210,3.6050000,0.21124237775802612,0.31619998812675476
7211,3.6055000,0.21153837442398071,0.31709998846054077
7212,3.6060000,0.21184353530406952,0.31799998879432678
7213,3.6065000,0.21216310560703278,0.31880000233650208
7214,3.6070000,0.21249771118164062,0.31959998607635498
7215,3.6075000,0.21284505724906921,0.32030001282691956
7216,3.6080000,0.21320031583309174,0.32100000977516174
7217,3.6085000,0.21355773508548737,0.32159999012947083
7218,3.6090000,0.21391238272190094,0.32220000028610229
7219,3.6095000,0.21426023542881012,0.32269999384880066
7220,3.6100000,0.21460668742656708,0.32319998741149902
7221,3.6105000,0.21495933830738068,0.32359999418258667
7222,3.6110000,0.21531610190868378,0.32409998774528503
7223,3.6115000,0.21567279100418091,0.32440000772476196
7224,3.6120000,0.21603219211101532,0.32480001449584961
7225,3.6125000,0.21640218794345856,0.32519999146461487
7226,3.6130000,0.21678653359413147,0.3255000114440918
7227,3.6135000,0.21718238294124603,0.32589998841285706
7228,3.6140000,0.21758782863616943,0.32620000839233398
7229,3.6145000,0.21800266206264496,0.32649999856948853
7230,3.6150000,0.21842469274997711,0.32690000534057617
7231,3.6155000,0.2188536673784256,0.32719999551773071
7232,3.6160000,0.21929211914539337,0.32760000228881836
7233,3.6165000,0.21974365413188934,0.32800000905990601
7234,3.6170000,0.22021159529685974,0.32850000262260437
7235,3.6175000,0.22069689631462097,0.32899999618530273
7236,3.6180000,0.22120136022567749,0.3294999897480011
7237,3.6185000,0.22172598540782928,0.33000001311302185
7238,3.6190000,0.222267746925354,0.33059999346733093
7239,3.6195000,0.22282746434211731,0.33129999041557312
7240,3.6200000,0.22340382635593414,0.33199998736381531
7241,3.6205000,0.22398920357227325,0.3328000009059906
7242,3.6210000,0.22458326816558838,0.33360001444816589
7243,3.6215000,0.22518905997276306,0.3345000147819519
7244,3.6220000,0.22580590844154358,0.33550000190734863
7245,3.6225000,0.2264380156993866,0.33649998903274536
7246,3.6230000,0.2270914763212204,0.3375999927520752
7247,3.6235000,0.22776573896408081,0.33880001306533813
7248,3.6240000,0.22845578193664551,0.3400999903678894
7249,3.6245000,0.22915616631507874,0.34139999747276306
7250,3.6250000,0.22986713051795959,0.34279999136924744
7251,3.6255000,0.2305910587310791,0.34430000185966492
7252,3.6260000,0.23132608830928802,0.34589999914169312
7253,3.6265000,0.23207446932792664,0.34749999642372131
7254,3.6270000,0.23284217715263367,0.34920001029968262
7255,3.6275000,0.23362967371940613,0.35100001096725464
7256,3.6280000,0.23443390429019928,0.35289999842643738
7257,3.6285000,0.23525312542915344,0.35479998588562012
7258,3.6290000,0.23609064519405365,0.35679998993873596
7259,3.6295000,0.23695260286331177,0.35879999399185181
7260,3.6300000,0.23784026503562927,0.36090001463890076
7261,3.6305000,0.23875366151332855,0.36309999227523804
7262,3.6310000,0.23969610035419464,0.36529999971389771
7263,3.6315000,0.24066720902919769,0.36759999394416809
7264,3.6320000,0.24166242778301239,0.37000000476837158
7265,3.6325000,0.24268068373203278,0.37229999899864197
7266,3.6330000,0.24372784793376923,0.37479999661445618
7267,3.6335000,0.24480952322483063,0.37720000743865967
7268,3.6340000,0.24592511355876923,0.37970000505447388
7269,3.6345000,0.24707409739494324,0.3822999894618988
7270,3.6350000,0.2482583224773407,0.38479998707771301
7271,3.6355000,0.24947844445705414,0.38740000128746033
7272,3.6360000,0.25073292851448059,0.38999998569488525
7273,3.6365000,0.25201791524887085,0.39259999990463257
7274,3.6370000,0.25332915782928467,0.3953000009059906
7275,3.6375000,0.25466388463973999,0.39789998531341553
7276,3.6380000,0.25602054595947266,0.40059998631477356
7277,3.6385000,0.25740101933479309,0.40320000052452087
7278,3.6390000,0.2588062584400177,0.40590000152587891
7279,3.6395000,0.26023402810096741,0.40849998593330383
7280,3.6400000,0.26168584823608398,0.41119998693466187
7281,3.6405000,0.26316171884536743,0.41380000114440918
7282,3.6410000,0.26465559005737305,0.41639998555183411
7283,3.6415000,0.26616251468658447,0.41899999976158142
7284,3.6420000,0.26768416166305542,0.42160001397132874
7285,3.6425000,0.26922541856765747,0.42419999837875366
7286,3.6430000,0.27078461647033691,0.42669999599456787
7287,3.6435000,0.2723577618598938,0.42919999361038208
7288,3.6440000,0.27394521236419678,0.43169999122619629
7289,3.6445000,0.27554678916931152,0.43410000205039978
7290,3.6450000,0.27716365456581116,0.43659999966621399
7291,3.6455000,0.278797447681427,0.43900001049041748
7292,3.6460000,0.28044739365577698,0.44130000472068787
7293,3.6465000,0.28211182355880737,0.44359999895095825
7294,3.6470000,0.28378769755363464,0.44589999318122864
7295,3.6475000,0.28547874093055725,0.44819998741149902
7296,3.6480000,0.28719446063041687,0.45039999485015869
7297,3.6485000,0.28893586993217468,0.45249998569488525
7298,3.6490000,0.29070004820823669,0.45469999313354492
7299,3.6495000,0.29248830676078796,0.45680001378059387
7300,3.6500000,0.29430177807807922,0.45879998803138733
7301,3.6505000,0.29614332318305969,0.46079999208450317
7302,3.6510000,0.29801741242408752,0.46279999613761902
7303,3.6515000,0.29992729425430298,0.46470001339912415
7304,3.6520000,0.30187603831291199,0.4666999876499176
7305,3.6525000,0.30385848879814148,0.46849998831748962
7306,3.6530000,0.30586618185043335,0.47040000557899475
7307,3.6535000,0.30790102481842041,0.47220000624656677
7308,3.6540000,0.3099668025970459,0.47400000691413879
7309,3.6545000,0.31206321716308594,0.47569999098777771
7310,3.6550000,0.31418818235397339,0.47749999165534973
7311,3.6555000,0.31633961200714111,0.47920000553131104
7312,3.6560000,0.31852135062217712,0.48080000281333923
7313,3.6565000,0.32073694467544556,0.48249998688697815
7314,3.6570000,0.32298511266708374,0.48420000076293945
7315,3.6575000,0.32526305317878723,0.48579999804496765
7316,3.6580000,0.32756742835044861,0.48750001192092896
7317,3.6585000,0.32990160584449768,0.48910000920295715
7318,3.6590000,0.33226832747459412,0.49070000648498535
7319,3.6595000,0.3346608579158783,0.49230000376701355
7320,3.6600000,0.33707123994827271,0.49399998784065247
7321,3.6605000,0.33949553966522217,0.49559998512268066
7322,3.6610000,0.34193617105484009,0.49729999899864197
7323,3.6615000,0.34439361095428467,0.49889999628067017
7324,3.6620000,0.34686359763145447,0.50059998035430908
7325,3.6625000,0.34934839606285095,0.50230002403259277
7326,3.6630000,0.35185009241104126,0.50400000810623169
7327,3.6635000,0.35436618328094482,0.50580000877380371
7328,3.6640000,0.35689201951026917,0.50760000944137573
7329,3.6645000,0.3594224750995636,0.50940001010894775
7330,3.6650000,0.3619617223739624,0.51120001077651978
7331,3.6655000,0.36451449990272522,0.5131000280380249
7332,3.6660000,0.36708149313926697,0.51499998569488525
7333,3.6665000,0.36966404318809509,0.51700001955032349
7334,3.6670000,0.37225908041000366,0.51910001039505005
7335,3.6675000,0.3748650848865509,0.52109998464584351
7336,3.6680000,0.37747743725776672,0.52329999208450317
7337,3.6685000,0.38008520007133484,0.52539998292922974
7338,3.6690000,0.38268584012985229,0.52770000696182251
7339,3.6695000,0.3852810263633728,0.52990001440048218
7340,3.6700000,0.38787341117858887,0.53229999542236328
7341,3.6705000,0.39046534895896912,0.53469997644424438
7342,3.6710000,0.39305418729782104,0.53719997406005859
7343,3.6715000,0.39564013481140137,0.5396999716758728
7344,3.6720000,0.3982243537902832,0.54220002889633179
7345,3.6725000,0.40080341696739197,0.54490000009536743
7346,3.6730000,0.40337702631950378,0.54759997129440308
7347,3.6735000,0.40594607591629028,0.5503000020980835
7348,3.6740000,0.40851032733917236,0.55309998989105225
7349,3.6745000,0.41107282042503357,0.5559999942779541
7350,3.6750000,0.41363471746444702,0.55889999866485596
7351,3.6755000,0.41619759798049927,0.56190001964569092
7352,3.6760000,0.41876661777496338,0.5648999810218811
7353,3.6765000,0.42134574055671692,0.56790000200271606
7354,3.6770000,0.42393898963928223,0.57109999656677246
7355,3.6775000,0.42654728889465332,0.57419997453689575
7356,3.6780000,0.4291679859161377,0.57740002870559692
7357,3.6785000,0.43179872632026672,0.58060002326965332
7358,3.6790000,0.43443450331687927,0.58389997482299805
7359,3.6795000,0.43707063794136047,0.58719998598098755
7360,3.6800000,0.43969681859016418,0.59049999713897705
7361,3.6805000,0.44229573011398315,0.59380000829696655
7362,3.6810000,0.44486650824546814,0.59719997644424438
7363,3.6815000,0.44741711020469666,0.60060000419616699
7364,3.6820000,0.44994866847991943,0.60399997234344482
7365,3.6825000,0.4524628221988678,0.60740000009536743
7366,3.6830000,0.45496094226837158,0.61080002784729004
7367,3.6835000,0.45744487643241882,0.61419999599456787
7368,3.6840000,0.45992940664291382,0.61760002374649048
7369,3.6845000,0.46243885159492493,0.62099999189376831
7370,3.6850000,0.46498772501945496,0.62440001964569092
7371,3.6855000,0.46757909655570984,0.62779998779296875
7372,3.6860000,0.47020706534385681,0.63120001554489136
7373,3.6865000,0.47286659479141235,0.63459998369216919
7374,3.6870000,0.47555795311927795,0.63789999485015869
7375,3.6875000,0.47827649116516113,0.64120000600814819
7376,3.6880000,0.48101800680160522,0.6445000171661377
7377,3.6885000,0.48377916216850281,0.6478000283241272
7378,3.6890000,0.48655417561531067,0.65100002288818359
7379,3.6895000,0.48934051394462585,0.65420001745223999
7380,3.6900000,0.49213549494743347,0.65729999542236328
7381,3.6905000,0.49493539333343506,0.66039997339248657
7382,3.6910000,0.49773678183555603,0.66339999437332153
7383,3.6915000,0.50053155422210693,0.66640001535415649
7384,3.6920000,0.50331270694732666,0.66939997673034668
7385,3.6925000,0.50607860088348389,0.67229998111724854
7386,3.6930000,0.50882548093795776,0.67510002851486206
7387,3.6935000,0.51154756546020508,0.67790001630783081
7388,3.6940000,0.51424258947372437,0.68059998750686646
7389,3.6945000,0.51691102981567383,0.68320000171661377
7390,3.6950000,0.51955294609069824,0.68580001592636108
7391,3.6955000,0.52216148376464844,0.68830001354217529
7392,3.6960000,0.52471625804901123,0.6906999945640564
7393,3.6965000,0.52719348669052124,0.6930999755859375
7394,3.6970000,0.52958214282989502,0.69539999961853027
7395,3.6975000,0.53188163042068481,0.69760000705718994
7396,3.6980000,0.53409385681152344,0.6996999979019165
7397,3.6985000,0.5362236499786377,0.70169997215270996
7398,3.6990000,0.53827941417694092,0.70370000600814819
7399,3.6995000,0.54026293754577637,0.70550000667572021
7400,3.7000000,0.5421597957611084,0.70730000734329224
7401,3.7005000,0.54394793510437012,0.70889997482299805
7402,3.7010000,0.54561698436737061,0.71050000190734863
7403,3.7015000,0.54716968536376953,0.71189999580383301
7404,3.7020000,0.54861009120941162,0.71329998970031738
7405,3.7025000,0.54994285106658936,0.71450001001358032
7406,3.7030000,0.5511775016784668,0.71569997072219849
7407,3.7035000,0.55231815576553345,0.71670001745223999
7408,3.7040000,0.55336564779281616,0.71759998798370361
7409,3.7045000,0.55432653427124023,0.7182999849319458
7410,3.7050000,0.5552019476890564,0.71899998188018799
7411,3.7055000,0.55599039793014526,0.71950000524520874
7412,3.7060000,0.55669325590133667,0.71990001201629639
7413,3.7065000,0.55731701850891113,0.72009998559951782
7414,3.7070000,0.557872474193573,0.72020000219345093
7415,3.7075000,0.55836492776870728,0.72020000219345093
7416,3.7080000,0.55879414081573486,0.72000002861022949
7417,3.7085000,0.55915689468383789,0.71969997882843018
7418,3.7090000,0.55944997072219849,0.7192000150680542
7419,3.7095000,0.55967533588409424,0.71850001811981201
7420,3.7100000,0.5598369836807251,0.71770000457763672
7421,3.7105000,0.55993711948394775,0.71670001745223999
7422,3.7110000,0.55998086929321289,0.71560001373291016
7423,3.7115000,0.55997395515441895,0.71420001983642578
7424,3.7120000,0.55991727113723755,0.7127000093460083
7425,3.7125000,0.55980783700942993,0.71100002527236938
7426,3.7130000,0.55964082479476929,0.70910000801086426
7427,3.7135000,0.5594170093536377,0.70709997415542603
7428,3.7140000,0.55914109945297241,0.70480000972747803
7429,3.7145000,0.55881214141845703,0.70230001211166382
7430,3.7150000,0.55842870473861694,0.6995999813079834
7431,3.7155000,0.55799514055252075,0.69679999351501465
7432,3.7160000,0.55753237009048462,0.69370001554489136
7433,3.7165000,0.55706167221069336,0.69040000438690186
7434,3.7170000,0.55658620595932007,0.68680000305175781
7435,3.7175000,0.55610787868499756,0.68309998512268066
7436,3.7180000,0.55562835931777954,0.67919999361038208
7437,3.7185000,0.55514931678771973,0.67500001192092896
7438,3.7190000,0.55467367172241211,0.67059999704360962
7439,3.7195000,0.55420255661010742,0.66589999198913574
7440,3.7200000,0.55373191833496094,0.66109997034072876
7441,3.7205000,0.5532454252243042,0.65600001811981201
7442,3.7210000,0.5527300238609314,0.65060001611709595
7443,3.7215000,0.55218029022216797,0.64509999752044678
7444,3.7220000,0.55159544944763184,0.63929998874664307
7445,3.7225000,0.55098128318786621,0.63319998979568481
7446,3.7230000,0.55033719539642334,0.62699997425079346
7447,3.7235000,0.549663245677948,0.62040001153945923
7448,3.7240000,0.54896163940429688,0.61369997262954712
7449,3.7245000,0.54822367429733276,0.60670000314712524
7450,3.7250000,0.54744493961334229,0.59950000047683716
7451,3.7255000,0.54662442207336426,0.59200000762939453
7452,3.7260000,0.54575252532958984,0.58429998159408569
7453,3.7265000,0.54482340812683105,0.57639998197555542
7454,3.7270000,0.54383516311645508,0.56830000877380371
7455,3.7275000,0.5427820086479187,0.55989998579025269
7456,3.7280000,0.5416494607925415,0.55129998922348022
7457,3.7285000,0.54042750597000122,0.54250001907348633
7458,3.7290000,0.53911352157592773,0.53350001573562622
7459,3.7295000,0.53769510984420776,0.52420002222061157
7460,3.7300000,0.53615623712539673,0.51480001211166382
7461,3.7305000,0.53448891639709473,0.50510001182556152
7462,3.7310000,0.53269445896148682,0.49520000815391541
7463,3.7315000,0.53077238798141479,0.48519998788833618
7464,3.7320000,0.52872192859649658,0.4749000072479248
7465,3.7325000,0.52654415369033813,0.46450001001358032
7466,3.7330000,0.52423393726348877,0.45390000939369202
7467,3.7335000,0.52178740501403809,0.44310000538825989
7468,3.7340000,0.51919561624526978,0.43209999799728394
7469,3.7345000,0.51643997430801392,0.42100000381469727
7470,3.7350000,0.51351308822631836,0.40970000624656677
7471,3.7355000,0.51041638851165771,0.39820000529289246
7472,3.7360000,0.50715434551239014,0.38670000433921814
7473,3.7365000,0.50373804569244385,0.37490001320838928
7474,3.7370000,0.50015664100646973,0.36309999227523804
7475,3.7375000,0.49638685584068298,0.35109999775886536
7476,3.7380000,0.49242439866065979,0.33889999985694885
7477,3.7385000,0.48826536536216736,0.32670000195503235
7478,3.7390000,0.48389622569084167,0.31430000066757202
7479,3.7395000,0.47931051254272461,0.30189999938011169
7480,3.7400000,0.47452434897422791,0.28929999470710754
7481,3.7405000,0.46955496072769165,0.27669999003410339
7482,3.7410000,0.46439778804779053,0.26390001177787781
7483,3.7415000,0.45904386043548584,0.25110000371932983
7484,3.7420000,0.45348379015922546,0.23819999396800995
7485,3.7425000,0.447710782289505,0.22519999742507935
7486,3.7430000,0.44172030687332153,0.21220000088214874
7487,3.7435000,0.43551003932952881,0.19910000264644623
7488,3.7440000,0.42909318208694458,0.1859000027179718
7489,3.7445000,0.42247968912124634,0.17270000278949738
7490,3.7450000,0.4156685471534729,0.15940000116825104
7491,3.7455000,0.40866321325302124,0.1460999995470047
7492,3.7460000,0.40146589279174805,0.13279999792575836
7493,3.7465000,0.39407005906105042,0.11940000206232071
7494,3.7470000,0.38647323846817017,0.10599999874830246
7495,3.7475000,0.3786785900592804,0.092600002884864807
7496,3.7480000,0.37068954110145569,0.079099997878074646
7497,3.7485000,0.36251014471054077,0.065700002014636993
7498,3.7490000,0.35413730144500732,0.052200000733137131
7499,3.7495000,0.34557172656059265,0.03880000114440918
7500,3.7500000,0.33682107925415039,0.025299999862909317
7501,3.7505000,0.32789075374603271,0.011900000274181366
7502,3.7510000,0.31878721714019775,-0.0015999999595806003
7503,3.7515000,0.30950808525085449,-0.014999999664723873
7504,3.7520000,0.30004104971885681,-0.028400000184774399
7505,3.7525000,0.29038652777671814,-0.04179999977350235
7506,3.7530000,0.28055822849273682,-0.055199999362230301
7507,3.7535000,0.27056398987770081,-0.06849999725818634
7508,3.7540000,0.26040992140769958,-0.081799998879432678
7509,3.7545000,0.25010702013969421,-0.095100000500679016
7510,3.7550000,0.2396552711725235,-0.10830000042915344
7511,3.7555000,0.22904391586780548,-0.12150000035762787
7512,3.7560000,0.21826927363872528,-0.13459999859333038
7513,3.7565000,0.20733949542045593,-0.1476999968290329
7514,3.7570000,0.19626748561859131,-0.1606999933719635
7515,3.7575000,0.18506254255771637,-0.17360000312328339
7516,3.7580000,0.17373499274253845,-0.18649999797344208
7517,3.7585000,0.16229870915412903,-0.19930000603199005
7518,3.7590000,0.15076078474521637,-0.21199999749660492
7519,3.7595000,0.13912233710289001,-0.22470000386238098
7520,3.7600000,0.12739251554012299,-0.23729999363422394
7521,3.7605000,0.11558985710144043,-0.24969999492168427
7522,3.7610000,0.1037280261516571,-0.26210001111030579
7523,3.7615000,0.091817878186702728,-0.27450001239776611
7524,3.7620000,0.079874187707901001,-0.28670001029968262
7525,3.7625000,0.06790558248758316,-0.29879999160766602
7526,3.7630000,0.055914342403411865,-0.3107999861240387
7527,3.7635000,0.04390319436788559,-0.32269999384880066
7528,3.7640000,0.031870920211076736,-0.3345000147819519
7529,3.7645000,0.019813969731330872,-0.34619998931884766
7530,3.7650000,0.0077350828796625137,-0.35780000686645508
7531,3.7655000,-0.0043580504134297371,-0.36930000782012939
7532,3.7660000,-0.016457311809062958,-0.38060000538825989
7533,3.7665000,-0.028555331751704216,-0.39190000295639038
7534,3.7670000,-0.040646824985742569,-0.40299999713897705
7535,3.7675000,-0.052728854119777679,-0.414000004529953
7536,3.7680000,-0.06480184942483902,-0.42480000853538513
7537,3.7685000,-0.076868295669555664,-0.43549999594688416
7538,3.7690000,-0.088927030563354492,-0.44609999656677246
7539,3.7695000,-0.10096985846757889,-0.45660001039505005
7540,3.7700000,-0.11298857629299164,-0.46689999103546143
7541,3.7705000,-0.12497900426387787,-0.47699999809265137
7542,3.7710000,-0.13693413138389587,-0.4869999885559082
7543,3.7715000,-0.14884093403816223,-0.49689999222755432
7544,3.7720000,-0.16068361699581146,-0.506600022315979
7545,3.7725000,-0.17245475947856903,-0.51609998941421509
7546,3.7730000,-0.18415188789367676,-0.52549999952316284
7547,3.7735000,-0.19576667249202728,-0.53469997644424438
7548,3.7740000,-0.20729038119316101,-0.5437999963760376
7549,3.7745000,-0.21871647238731384,-0.5526999831199646
7550,3.7750000,-0.23003728687763214,-0.56139999628067017
7551,3.7755000,-0.24123670160770416,-0.56989997625350952
7552,3.7760000,-0.25229939818382263,-0.57829999923706055
7553,3.7765000,-0.26322662830352783,-0.58649998903274536
7554,3.7770000,-0.27401763200759888,-0.59450000524520874
7555,3.7775000,-0.28466200828552246,-0.60229998826980591
7556,3.7780000,-0.29515320062637329,-0.60989999771118164
7557,3.7785000,-0.30548256635665894,-0.61729997396469116
7558,3.7790000,-0.31563979387283325,-0.62449997663497925
7559,3.7795000,-0.32561910152435303,-0.6315000057220459
7560,3.7800000,-0.33541533350944519,-0.63840001821517944
7561,3.7805000,-0.34502676129341125,-0.64499998092651367
7562,3.7810000,-0.35445329546928406,-0.65140002965927124
7563,3.7815000,-0.36369258165359497,-0.65759998559951782
7564,3.7820000,-0.37274476885795593,-0.66360002756118774
7565,3.7825000,-0.38160857558250427,-0.66939997673034668
7566,3.7830000,-0.39028316736221313,-0.67489999532699585
7567,3.7835000,-0.39877331256866455,-0.68029999732971191
7568,3.7840000,-0.40707722306251526,-0.68540000915527344
7569,3.7845000,-0.41518548130989075,-0.69040000438690186
7570,3.7850000,-0.42309612035751343,-0.69510000944137573
7571,3.7855000,-0.43080881237983704,-0.6995999813079834
7572,3.7860000,-0.43831911683082581,-0.7038000226020813
7573,3.7865000,-0.44562837481498718,-0.70789998769760132
7574,3.7870000,-0.45273450016975403,-0.71170002222061157
7575,3.7875000,-0.45963042974472046,-0.71539998054504395
7576,3.7880000,-0.46631565690040588,-0.71880000829696655
7577,3.7885000,-0.47279402613639832,-0.72200000286102295
7578,3.7890000,-0.47906589508056641,-0.72500002384185791
7579,3.7895000,-0.48512902855873108,-0.72780001163482666
7580,3.7900000,-0.4909883439540863,-0.73040002584457397
7581,3.7905000,-0.49665066599845886,-0.73269999027252197
7582,3.7910000,-0.50211399793624878,-0.73489999771118164
7583,3.7915000,-0.50737488269805908,-0.7368999719619751
7584,3.7920000,-0.51243817806243896,-0.73869997262954712
7585,3.7925000,-0.5173112154006958,-0.74029999971389771
7586,3.7930000,-0.52199661731719971,-0.74169999361038208
7587,3.7935000,-0.52649557590484619,-0.74290001392364502
7588,3.7940000,-0.53081309795379639,-0.74400001764297485
7589,3.7945000,-0.5349542498588562,-0.74489998817443848
7590,3.7950000,-0.53892117738723755,-0.74559998512268066
7591,3.7955000,-0.54271405935287476,-0.74620002508163452
7592,3.7960000,-0.54633671045303345,-0.74659997224807739
7593,3.7965000,-0.54980134963989258,-0.74690002202987671
7594,3.7970000,-0.55311548709869385,-0.74699997901916504
7595,3.7975000,-0.55627799034118652,-0.74699997901916504
7596,3.7980000,-0.55929028987884521,-0.7468000054359436
7597,3.7985000,-0.56215584278106689,-0.74659997224807739
7598,3.7990000,-0.56487566232681274,-0.74620002508163452
7599,3.7995000,-0.56745040416717529,-0.74570000171661377
7600,3.8000000,-0.56989008188247681,-0.74510002136230469
7601,3.8005000,-0.57221031188964844,-0.7444000244140625
7602,3.8010000,-0.57441788911819458,-0.74360001087188721
7603,3.8015000,-0.57651203870773315,-0.74269998073577881
7604,3.8020000,-0.57849609851837158,-0.74180001020431519
7605,3.8025000,-0.58037674427032471,-0.74080002307891846
7606,3.8030000,-0.58215361833572388,-0.73970001935958862
7607,3.8035000,-0.58382523059844971,-0.73849999904632568
7608,3.8040000,-0.58540099859237671,-0.73739999532699585
7609,3.8045000,-0.5868944525718689,-0.73610001802444458
7610,3.8050000,-0.58830928802490234,-0.73489999771118164
7611,3.8055000,-0.58964508771896362,-0.73360002040863037
7612,3.8060000,-0.59090489149093628,-0.73229998350143433
7613,3.8065000,-0.59208804368972778,-0.73089998960494995
7614,3.8070000,-0.59318917989730835,-0.72960001230239868
7615,3.8075000,-0.59420794248580933,-0.72820001840591431
7616,3.8080000,-0.59515619277954102,-0.72689998149871826
7617,3.8085000,-0.59604799747467041,-0.72549998760223389
7618,3.8090000,-0.59688615798950195,-0.72420001029968262
7619,3.8095000,-0.597664475440979,-0.72280001640319824
7620,3.8100000,-0.59838086366653442,-0.7214999794960022
7621,3.8105000,-0.59904110431671143,-0.72020000219345093
7622,3.8110000,-0.59964781999588013,-0.71890002489089966
7623,3.8115000,-0.60020053386688232,-0.71759998798370361
7624,3.8120000,-0.60070264339447021,-0.71640002727508545
7625,3.8125000,-0.60115426778793335,-0.71520000696182251
7626,3.8130000,-0.60154753923416138,-0.71399998664855957
7627,3.8135000,-0.60187238454818726,-0.71280002593994141
7628,3.8140000,-0.60212588310241699,-0.71170002222061157
7629,3.8145000,-0.60231459140777588,-0.71060001850128174
7630,3.8150000,-0.60244202613830566,-0.7095000147819519
7631,3.8155000,-0.60250478982925415,-0.70840001106262207
7632,3.8160000,-0.60250824689865112,-0.70740002393722534
7633,3.8165000,-0.60246819257736206,-0.70639997720718384
7634,3.8170000,-0.60239160060882568,-0.70539999008178711
7635,3.8175000,-0.60227370262145996,-0.70450001955032349
7636,3.8180000,-0.60210925340652466,-0.70349997282028198
7637,3.8185000,-0.60189902782440186,-0.70260000228881836
7638,3.8190000,-0.60164499282836914,-0.70169997215270996
7639,3.8195000,-0.60134285688400269,-0.70080000162124634
7640,3.8200000,-0.60099035501480103,-0.69989997148513794
7641,3.8205000,-0.60058975219726562,-0.69900000095367432
7642,3.8210000,-0.60014104843139648,-0.69819998741149902
7643,3.8215000,-0.59964877367019653,-0.6973000168800354
7644,3.8220000,-0.59911370277404785,-0.696399986743927
7645,3.8225000,-0.59852826595306396,-0.69550001621246338
7646,3.8230000,-0.59789299964904785,-0.69459998607635498
7647,3.8235000,-0.59721827507019043,-0.69370001554489136
7648,3.8240000,-0.59651738405227661,-0.69270002841949463
7649,3.8245000,-0.59579801559448242,-0.69179999828338623
7650,3.8250000,-0.59505701065063477,-0.6908000111579895
7651,3.8255000,-0.59429246187210083,-0.68970000743865967
7652,3.8260000,-0.59350717067718506,-0.68870002031326294
7653,3.8265000,-0.59270018339157104,-0.68760001659393311
7654,3.8270000,-0.59187215566635132,-0.68639999628067017
7655,3.8275000,-0.59102827310562134,-0.68519997596740723
7656,3.8280000,-0.59017831087112427,-0.68400001525878906
7657,3.8285000,-0.589333176612854,-0.68269997835159302
7658,3.8290000,-0.58849447965621948,-0.68129998445510864
7659,3.8295000,-0.58766251802444458,-0.67989999055862427
7660,3.8300000,-0.58683943748474121,-0.67849999666213989
7661,3.8305000,-0.58601713180541992,-0.67690002918243408
7662,3.8310000,-0.5851854681968689,-0.6754000186920166
7663,3.8315000,-0.58433997631072998,-0.67369997501373291
7664,3.8320000,-0.58347475528717041,-0.67199999094009399
7665,3.8325000,-0.58257889747619629,-0.67030000686645508
7666,3.8330000,-0.58164471387863159,-0.66839998960494995
7667,3.8335000,-0.58067089319229126,-0.66649997234344482
7668,3.8340000,-0.57965797185897827,-0.66460001468658447
7669,3.8345000,-0.57860714197158813,-0.66259998083114624
7670,3.8350000,-0.5775148868560791,-0.66049998998641968
7671,3.8355000,-0.5763738751411438,-0.65839999914169312
7672,3.8360000,-0.57518529891967773,-0.65619999170303345
7673,3.8365000,-0.57395339012145996,-0.65399998426437378
7674,3.8370000,-0.57267874479293823,-0.65170001983642578
7675,3.8375000,-0.57136344909667969,-0.6492999792098999
7676,3.8380000,-0.57000839710235596,-0.6470000147819519
7677,3.8385000,-0.56861031055450439,-0.6445000171661377
7678,3.8390000,-0.56716448068618774,-0.64209997653961182
7679,3.8395000,-0.56566792726516724,-0.63959997892379761
7680,3.8400000,-0.56412380933761597,-0.63700002431869507
7681,3.8405000,-0.56253957748413086,-0.63440001010894775
7682,3.8410000,-0.56091976165771484,-0.63179999589920044
7683,3.8415000,-0.55926632881164551,-0.62919998168945312
7684,3.8420000,-0.55757838487625122,-0.62660002708435059
7685,3.8425000,-0.5558549165725708,-0.62389999628067017
7686,3.8430000,-0.55410045385360718,-0.62120002508163452
7687,3.8435000,-0.55232042074203491,-0.6184999942779541
7688,3.8440000,-0.550514817237854,-0.61580002307891846
7689,3.8445000,-0.54867434501647949,-0.61309999227523804
7690,3.8450000,-0.54678767919540405,-0.61040002107620239
7691,3.8455000,-0.54485630989074707,-0.60769999027252197
7692,3.8460000,-0.54288947582244873,-0.60500001907348633
7693,3.8465000,-0.54089051485061646,-0.60229998826980591
7694,3.8470000,-0.53885912895202637,-0.59950000047683716
7695,3.8475000,-0.53679627180099487,-0.59680002927780151
7696,3.8480000,-0.53470289707183838,-0.5942000150680542
7697,3.8485000,-0.53258240222930908,-0.59149998426437378
7698,3.8490000,-0.53043925762176514,-0.58880001306533813
7699,3.8495000,-0.52827507257461548,-0.58619999885559082
7700,3.8500000,-0.52608954906463623,-0.58350002765655518
7701,3.8505000,-0.52388334274291992,-0.58090001344680786
7702,3.8510000,-0.52165913581848145,-0.57829999923706055
7703,3.8515000,-0.51941698789596558,-0.57569998502731323
7704,3.8520000,-0.51715457439422607,-0.57309997081756592
7705,3.8525000,-0.51487624645233154,-0.57059997320175171
7706,3.8530000,-0.5125889778137207,-0.5680999755859375
7707,3.8535000,-0.51029551029205322,-0.56559997797012329
7708,3.8540000,-0.50799959897994995,-0.56309998035430908
7709,3.8545000,-0.50570416450500488,-0.56059998273849487
7710,3.8550000,-0.50340503454208374,-0.55809998512268066
7711,3.8555000,-0.50109618902206421,-0.55570000410079956
7712,3.8560000,-0.49877274036407471,-0.55330002307891846
7713,3.8565000,-0.4964299201965332,-0.55089998245239258
7714,3.8570000,-0.49406853318214417,-0.54850000143051147
7715,3.8575000,-0.49169221520423889,-0.54610002040863037
7716,3.8580000,-0.48930349946022034,-0.54369997978210449
7717,3.8585000,-0.48690599203109741,-0.54140001535415649
7718,3.8590000,-0.48450079560279846,-0.53899997472763062
7719,3.8595000,-0.48208516836166382,-0.53670001029968262
7720,3.8600000,-0.47966304421424866,-0.53439998626708984
7721,3.8605000,-0.47724950313568115,-0.53210002183914185
7722,3.8610000,-0.47485557198524475,-0.52979999780654907
7723,3.8615000,-0.47247990965843201,-0.52740001678466797
7724,3.8620000,-0.47011977434158325,-0.5250999927520752
7725,3.8625000,-0.46777781844139099,-0.5228000283241272
7726,3.8630000,-0.46545487642288208,-0.52060002088546753
7727,3.8635000,-0.46314695477485657,-0.51829999685287476
7728,3.8640000,-0.46085253357887268,-0.51599997282028198
7729,3.8645000,-0.45857465267181396,-0.51370000839233398
7730,3.8650000,-0.45631372928619385,-0.51139998435974121
7731,3.8655000,-0.45406553149223328,-0.50910001993179321
7732,3.8660000,-0.45182755589485168,-0.50679999589920044
7733,3.8665000,-0.4496006965637207,-0.50449997186660767
7734,3.8670000,-0.4473833441734314,-0.50220000743865967
7735,3.8675000,-0.44517287611961365,-0.49990001320838928
7736,3.8680000,-0.44297194480895996,-0.49759998917579651
7737,3.8685000,-0.44078230857849121,-0.49529999494552612
7738,3.8690000,-0.43860122561454773,-0.49300000071525574
7739,3.8695000,-0.43642792105674744,-0.49070000648498535
7740,3.8700000,-0.43426573276519775,-0.48840001225471497
7741,3.8705000,-0.43211954832077026,-0.48609998822212219
7742,3.8710000,-0.42998945713043213,-0.48379999399185181
7743,3.8715000,-0.42787238955497742,-0.48159998655319214
7744,3.8720000,-0.42576858401298523,-0.47929999232292175
7745,3.8725000,-0.42367643117904663,-0.47710001468658447
7746,3.8730000,-0.42159220576286316,-0.4747999906539917
7747,3.8735000,-0.41951525211334229,-0.47260001301765442
7748,3.8740000,-0.41744723916053772,-0.47040000557899475
7749,3.8745000,-0.41538995504379272,-0.46819999814033508
7750,3.8750000,-0.41334336996078491,-0.46610000729560852
7751,3.8755000,-0.41131106019020081,-0.46389999985694885
7752,3.8760000,-0.4093000590801239,-0.46180000901222229
7753,3.8765000,-0.40731194615364075,-0.45980000495910645
7754,3.8770000,-0.40534326434135437,-0.45770001411437988
7755,3.8775000,-0.40339237451553345,-0.45570001006126404
7756,3.8780000,-0.40146183967590332,-0.45379999279975891
7757,3.8785000,-0.39955273270606995,-0.45179998874664307
7758,3.8790000,-0.39766296744346619,-0.44990000128746033
7759,3.8795000,-0.39579328894615173,-0.44810000061988831
7760,3.8800000,-0.39395308494567871,-0.44629999995231628
7761,3.8805000,-0.39215442538261414,-0.44449999928474426
7762,3.8810000,-0.39039707183837891,-0.44279998540878296
7763,3.8815000,-0.38867676258087158,-0.44110000133514404
7764,3.8820000,-0.38699483871459961,-0.43950000405311584
7765,3.8825000,-0.38535040616989136,-0.43790000677108765
7766,3.8830000,-0.38373956084251404,-0.43630000948905945
7767,3.8835000,-0.38215774297714233,-0.43479999899864197
7768,3.8840000,-0.38060206174850464,-0.43340000510215759
7769,3.8845000,-0.37907096743583679,-0.43200001120567322
7770,3.8850000,-0.37756240367889404,-0.43059998750686646
7771,3.8855000,-0.37607625126838684,-0.42930001020431519
7772,3.8860000,-0.37461391091346741,-0.42800000309944153
7773,3.8865000,-0.37317517399787903,-0.42669999599456787
7774,3.8870000,-0.37175580859184265,-0.42550000548362732
7775,3.8875000,-0.37035208940505981,-0.42429998517036438
7776,3.8880000,-0.36896249651908875,-0.42309999465942383
7777,3.8885000,-0.36758345365524292,-0.42199999094009399
7778,3.8890000,-0.36621186137199402,-0.42089998722076416
7779,3.8895000,-0.36484715342521667,-0.41980001330375671
7780,3.8900000,-0.36349046230316162,-0.41870000958442688
7781,3.8905000,-0.36214172840118408,-0.41760000586509705
7782,3.8910000,-0.36079803109169006,-0.41659998893737793
7783,3.8915000,-0.35945823788642883,-0.4154999852180481
7784,3.8920000,-0.35812467336654663,-0.41449999809265137
7785,3.8925000,-0.35679730772972107,-0.41339999437332153
7786,3.8930000,-0.35547345876693726,-0.4122999906539917
7787,3.8935000,-0.35415396094322205,-0.41130000352859497
7788,3.8940000,-0.35284188389778137,-0.41019999980926514
7789,3.8945000,-0.35153883695602417,-0.4090999960899353
7790,3.8950000,-0.3502441942691803,-0.40790000557899475
7791,3.8955000,-0.34895557165145874,-0.40680000185966492
7792,3.8960000,-0.34766960144042969,-0.40560001134872437
7793,3.8965000,-0.34638103842735291,-0.40439999103546143
7794,3.8970000,-0.34508609771728516,-0.40320000052452087
7795,3.8975000,-0.34378474950790405,-0.40189999341964722
7796,3.8980000,-0.34247833490371704,-0.40059998631477356
7797,3.8985000,-0.34116962552070618,-0.39919999241828918
7798,3.8990000,-0.33985751867294312,-0.39779999852180481
7799,3.8995000,-0.33853715658187866,-0.39640000462532043
7800,3.9000000,-0.33720877766609192,-0.39489999413490295
7801,3.9005000,-0.33587506413459778,-0.39340001344680786
7802,3.9010000,-0.33453783392906189,-0.39179998636245728
7803,3.9015000,-0.33319747447967529,-0.39019998908042908
7804,3.9020000,-0.33185109496116638,-0.38850000500679016
7805,3.9025000,-0.33049950003623962,-0.38679999113082886
7806,3.9030000,-0.3291449248790741,-0.38510000705718994
7807,3.9035000,-0.32778719067573547,-0.38330000638961792
7808,3.9040000,-0.32642310857772827,-0.38139998912811279
7809,3.9045000,-0.32504492998123169,-0.37959998846054077
7810,3.9050000,-0.32365137338638306,-0.37760001420974731
7811,3.9055000,-0.32224524021148682,-0.37569999694824219
7812,3.9060000,-0.32082700729370117,-0.37369999289512634
7813,3.9065000,-0.31939846277236938,-0.3716999888420105
7814,3.9070000,-0.31795960664749146,-0.36959999799728394
7815,3.9075000,-0.31651118397712708,-0.36759999394416809
7816,3.9080000,-0.31505522131919861,-0.36550000309944153
7817,3.9085000,-0.31359079480171204,-0.36340001225471497
7818,3.9090000,-0.3121190071105957,-0.36129999160766602
7819,3.9095000,-0.31064125895500183,-0.35910001397132874
7820,3.9100000,-0.30915582180023193,-0.35699999332427979
7821,3.9105000,-0.30766287446022034,-0.35490000247955322
7822,3.9110000,-0.30616295337677002,-0.35280001163482666
7823,3.9115000,-0.30465835332870483,-0.35060000419616699
7824,3.9120000,-0.30315542221069336,-0.34850001335144043
7825,3.9125000,-0.30165675282478333,-0.34639999270439148
7826,3.9130000,-0.30016344785690308,-0.34439998865127563
7827,3.9135000,-0.2986774742603302,-0.34229999780654907
7828,3.9140000,-0.29719749093055725,-0.34029999375343323
7829,3.9145000,-0.29572233557701111,-0.33829998970031738
7830,3.9150000,-0.29425111413002014,-0.33629998564720154
7831,3.9155000,-0.29278582334518433,-0.3343999981880188
7832,3.9160000,-0.29132670164108276,-0.33259999752044678
7833,3.9165000,-0.28986537456512451,-0.33070001006126404
7834,3.9170000,-0.28839844465255737,-0.32899999618530273
7835,3.9175000,-0.28692811727523804,-0.32719999551773071
7836,3.9180000,-0.28545242547988892,-0.32559999823570251
7837,3.9185000,-0.28397044539451599,-0.32400000095367432
7838,3.9190000,-0.28248530626296997,-0.32240000367164612
7839,3.9195000,-0.2810019850730896,-0.32089999318122864
7840,3.9200000,-0.27952203154563904,-0.31949999928474426
7841,3.9205000,-0.27803865075111389,-0.31810000538825989
7842,3.9210000,-0.27654963731765747,-0.31679999828338623
7843,3.9215000,-0.2750609815120697,-0.31549999117851257
7844,3.9220000,-0.27357256412506104,-0.31430000066757202
7845,3.9225000,-0.27208295464515686,-0.31319999694824219
7846,3.9230000,-0.2705962061882019,-0.31209999322891235
7847,3.9235000,-0.26911622285842896,-0.31110000610351562
7848,3.9240000,-0.26764851808547974,-0.31020000576972961
7849,3.9245000,-0.26620101928710938,-0.3091999888420105
7850,3.9250000,-0.2647780179977417,-0.30840000510215759
7851,3.9255000,-0.26337975263595581,-0.3075999915599823
7852,3.9260000,-0.26200437545776367,-0.30680000782012939
7853,3.9265000,-0.2606508731842041,-0.30610001087188721
7854,3.9270000,-0.25931960344314575,-0.30540001392364502
7855,3.9275000,-0.25801026821136475,-0.30480000376701355
7856,3.9280000,-0.25672543048858643,-0.30419999361038208
7857,3.9285000,-0.25546908378601074,-0.303600013256073
7858,3.9290000,-0.25424098968505859,-0.30300000309944153
7859,3.9295000,-0.25303870439529419,-0.30250000953674316
7860,3.9300000,-0.25186154246330261,-0.30199998617172241
7861,3.9305000,-0.2507096529006958,-0.30140000581741333
7862,3.9310000,-0.24958127737045288,-0.30090001225471497
7863,3.9315000,-0.24847455322742462,-0.30039998888969421
7864,3.9320000,-0.24738825857639313,-0.29989999532699585
7865,3.9325000,-0.2463165670633316,-0.2994999885559082
7866,3.9330000,-0.24525190889835358,-0.29890000820159912
7867,3.9335000,-0.2441912442445755,-0.29840001463890076
7868,3.9340000,-0.24313385784626007,-0.29789999127388
7869,3.9345000,-0.24208031594753265,-0.29739999771118164
7870,3.9350000,-0.24103300273418427,-0.29679998755455017
7871,3.9355000,-0.23999476432800293,-0.29620000720024109
7872,3.9360000,-0.23896445333957672,-0.29559999704360962
7873,3.9365000,-0.23793560266494751,-0.29499998688697815
7874,3.9370000,-0.23690420389175415,-0.29440000653266907
7875,3.9375000,-0.23587058484554291,-0.29370000958442688
7876,3.9380000,-0.23483583331108093,-0.29300001263618469
7877,3.9385000,-0.23380173742771149,-0.29229998588562012
7878,3.9390000,-0.23277120292186737,-0.29150000214576721
7879,3.9395000,-0.23174643516540527,-0.29069998860359192
7880,3.9400000,-0.23072871565818787,-0.28990000486373901
7881,3.9405000,-0.22972185909748077,-0.289000004529953
7882,3.9410000,-0.22872993350028992,-0.28819999098777771
7883,3.9415000,-0.22775264084339142,-0.2872999906539917
7884,3.9420000,-0.22678767144680023,-0.28630000352859497
7885,3.9425000,-0.22583477199077606,-0.28540000319480896
7886,3.9430000,-0.22489507496356964,-0.28439998626708984
7887,3.9435000,-0.22396892309188843,-0.28339999914169312
7888,3.9440000,-0.22305414080619812,-0.28240001201629639
7889,3.9445000,-0.22214725613594055,-0.28139999508857727
7890,3.9450000,-0.22124955058097839,-0.28029999136924744
7891,3.9455000,-0.2203642874956131,-0.2791999876499176
7892,3.9460000,-0.21949061751365662,-0.27820000052452087
7893,3.9465000,-0.21862740814685822,-0.27709999680519104
7894,3.9470000,-0.21777455508708954,-0.27599999308586121
7895,3.9475000,-0.21693070232868195,-0.27489998936653137
7896,3.9480000,-0.21609556674957275,-0.27379998564720154
7897,3.9485000,-0.21527227759361267,-0.27270001173019409
7898,3.9490000,-0.21446616947650909,-0.27169999480247498
7899,3.9495000,-0.21367970108985901,-0.27059999108314514
7900,3.9500000,-0.21291115880012512,-0.26949998736381531
7901,3.9505000,-0.21215799450874329,-0.26840001344680786
7902,3.9510000,-0.21141925454139709,-0.26739999651908875
7903,3.9515000,-0.21069444715976715,-0.26629999279975891
7904,3.9520000,-0.2099788635969162,-0.26530000567436218
7905,3.9525000,-0.20926588773727417,-0.26429998874664307
7906,3.9530000,-0.20855505764484406,-0.26330000162124634
7907,3.9535000,-0.20784954726696014,-0.26230001449584961
7908,3.9540000,-0.20714864134788513,-0.26129999756813049
7909,3.9545000,-0.20644867420196533,-0.26039999723434448
7910,3.9550000,-0.20574703812599182,-0.25940001010894775
7911,3.9555000,-0.20504246652126312,-0.25850000977516174
7912,3.9560000,-0.20433445274829865,-0.25760000944137573
7913,3.9565000,-0.20362485945224762,-0.25670000910758972
7914,3.9570000,-0.20291711390018463,-0.25580000877380371
7915,3.9575000,-0.20221288502216339,-0.25499999523162842
7916,3.9580000,-0.20151253044605255,-0.25409999489784241
7917,3.9585000,-0.20081470906734467,-0.2533000111579895
7918,3.9590000,-0.20011760294437408,-0.25249999761581421
7919,3.9595000,-0.19941960275173187,-0.2517000138759613
7920,3.9600000,-0.19871561229228973,-0.25090000033378601
7921,3.9605000,-0.19800347089767456,-0.25009998679161072
7922,3.9610000,-0.19728808104991913,-0.24930000305175781
7923,3.9615000,-0.19657368957996368,-0.24850000441074371
7924,3.9620000,-0.19585949182510376,-0.24770000576972961
7925,3.9625000,-0.19514137506484985,-0.24690000712871552
7926,3.9630000,-0.19441728293895721,-0.24609999358654022
7927,3.9635000,-0.19368752837181091,-0.24529999494552612
7928,3.9640000,-0.19295346736907959,-0.24449999630451202
7929,3.9645000,-0.19222044944763184,-0.24369999766349792
7930,3.9650000,-0.19149251282215118,-0.24289999902248383
7931,3.9655000,-0.19076915085315704,-0.24210000038146973
7932,3.9660000,-0.19005079567432404,-0.24120000004768372
7933,3.9665000,-0.18933680653572083,-0.24040000140666962
7934,3.9670000,-0.18862485885620117,-0.23950000107288361
7935,3.9675000,-0.18791447579860687,-0.2386000007390976
7936,3.9680000,-0.18720540404319763,-0.23770000040531158
7937,3.9685000,-0.18649928271770477,-0.23680000007152557
7938,3.9690000,-0.18579854071140289,-0.23589999973773956
7939,3.9695000,-0.18510262668132782,-0.23489999771118164
7940,3.9700000,-0.18441043794155121,-0.23389999568462372
7941,3.9705000,-0.18372128903865814,-0.2328999936580658
7942,3.9710000,-0.18303482234477997,-0.23190000653266907
7943,3.9715000,-0.18235063552856445,-0.23080000281333923
7944,3.9720000,-0.18166972696781158,-0.2296999990940094
7945,3.9725000,-0.18099869787693024,-0.22859999537467957
7946,3.9730000,-0.18034197390079498,-0.22740000486373901
7947,3.9735000,-0.17969685792922974,-0.22619999945163727
7948,3.9740000,-0.1790635734796524,-0.22499999403953552
7949,3.9745000,-0.1784432977437973,-0.22380000352859497
7950,3.9750000,-0.17783370614051819,-0.22259999811649323
7951,3.9755000,-0.17723184823989868,-0.22130000591278076
7952,3.9760000,-0.17663335800170898,-0.2199999988079071
7953,3.9765000,-0.17603950202465057,-0.21860000491142273
7954,3.9770000,-0.17545586824417114,-0.21729999780654907
7955,3.9775000,-0.17488345503807068,-0.2159000039100647
7956,3.9780000,-0.1743215024471283,-0.21449999511241913
7957,3.9785000,-0.17376767098903656,-0.21310000121593475
7958,3.9790000,-0.17322012782096863,-0.21170000731945038
7959,3.9795000,-0.17267899215221405,-0.21029999852180481
7960,3.9800000,-0.1721436083316803,-0.20880000293254852
7961,3.9805000,-0.17161716520786285,-0.20739999413490295
7962,3.9810000,-0.17110441625118256,-0.20589999854564667
7963,3.9815000,-0.17060752213001251,-0.20440000295639038
7964,3.9820000,-0.17012719810009003,-0.20299999415874481
7965,3.9825000,-0.16966000199317932,-0.20149999856948853
7966,3.9830000,-0.16920246183872223,-0.20000000298023224
7967,3.9835000,-0.16875530779361725,-0.19859999418258667
7968,3.9840000,-0.16831628978252411,-0.19709999859333038
7969,3.9845000,-0.16787877678871155,-0.19570000469684601
7970,3.9850000,-0.16743914783000946,-0.19429999589920044
7971,3.9855000,-0.16699859499931335,-0.19290000200271606
7972,3.9860000,-0.16655921936035156,-0.1914999932050705
7973,3.9865000,-0.16612160205841064,-0.19009999930858612
7974,3.9870000,-0.16568629443645477,-0.18880000710487366
7975,3.9875000,-0.16525217890739441,-0.1875
7976,3.9880000,-0.16481515765190125,-0.18619999289512634
7977,3.9885000,-0.16436947882175446,-0.18490000069141388
7978,3.9890000,-0.16391123831272125,-0.18369999527931213
7979,3.9895000,-0.16344250738620758,-0.18250000476837158
7980,3.9900000,-0.16296792030334473,-0.18129999935626984
7981,3.9905000,-0.16249392926692963,-0.18019999563694
7982,3.9910000,-0.16202811896800995,-0.17910000681877136
7983,3.9915000,-0.1615736335515976,-0.17810000479221344
7984,3.9920000,-0.16112390160560608,-0.17710000276565552
7985,3.9925000,-0.16067071259021759,-0.1761000007390976
7986,3.9930000,-0.1602148711681366,-0.17520000040531158
7987,3.9935000,-0.15975844860076904,-0.17430000007152557
7988,3.9940000,-0.15929889678955078,-0.17339999973773956
7989,3.9945000,-0.15883123874664307,-0.17260000109672546
7990,3.9950000,-0.15835346281528473,-0.17180000245571136
7991,3.9955000,-0.15786810219287872,-0.17110000550746918
7992,3.9960000,-0.15737885236740112,-0.1703999936580658
7993,3.9965000,-0.15688936412334442,-0.16979999840259552
7994,3.9970000,-0.15640561282634735,-0.16920000314712524
7995,3.9975000,-0.15593244135379791,-0.16859999299049377
7996,3.9980000,-0.15546762943267822,-0.1679999977350235
7997,3.9985000,-0.15501017868518829,-0.16750000417232513
7998,3.9990000,-0.15456585586071014,-0.16699999570846558
7999,3.9995000,-0.15414382517337799,-0.16660000383853912
