sample_index,time_seconds,measured_ecg,predicted_ecg
0,0.0000000,0.00018779511447064579,0.15109999477863312
1,0.0005000,0.00093810673570260406,0.15039999783039093
2,0.0010000,0.0024155352730304003,0.14980000257492065
3,0.0015000,0.0045618475414812565,0.1492999941110611
4,0.0020000,0.0073117059655487537,0.14900000393390656
5,0.0025000,0.010611711069941521,0.14880000054836273
6,0.0030000,0.014416676014661789,0.14869999885559082
7,0.0035000,0.018673058599233627,0.14880000054836273
8,0.0040000,0.023316226899623871,0.14900000393390656
9,0.0045000,0.028294181451201439,0.1492999941110611
10,0.0050000,0.033569443970918655,0.14970000088214874
11,0.0055000,0.039111092686653137,0.1500999927520752
12,0.0060000,0.044884894043207169,0.15070000290870667
13,0.0065000,0.050839297473430634,0.15139999985694885
14,0.0070000,0.056919686496257782,0.15209999680519104
15,0.0075000,0.063080452382564545,0.15289999544620514
16,0.0080000,0.069300442934036255,0.15379999577999115
17,0.0085000,0.075579904019832611,0.15469999611377716
18,0.0090000,0.081903785467147827,0.15559999644756317
19,0.0095000,0.088248610496520996,0.15659999847412109
20,0.0100000,0.094590894877910614,0.15770000219345093
21,0.0105000,0.10089758038520813,0.15870000422000885
22,0.0110000,0.1071416437625885,0.15979999303817749
23,0.0115000,0.1133049950003624,0.16089999675750732
24,0.0120000,0.11936233937740326,0.16189999878406525
25,0.0125000,0.12529423832893372,0.16300000250339508
26,0.0130000,0.13109874725341797,0.16410000622272491
27,0.0135000,0.13676625490188599,0.16519999504089355
28,0.0140000,0.14227473735809326,0.16619999706745148
29,0.0145000,0.14760267734527588,0.16730000078678131
30,0.0150000,0.15274246037006378,0.16830000281333923
31,0.0155000,0.15769374370574951,0.16920000314712524
32,0.0160000,0.16244322061538696,0.17020000517368317
33,0.0165000,0.16699017584323883,0.17110000550746918
34,0.0170000,0.17134372889995575,0.17200000584125519
35,0.0175000,0.17549385130405426,0.17280000448226929
36,0.0180000,0.17943419516086578,0.17360000312328339
37,0.0185000,0.18317738175392151,0.17440000176429749
38,0.0190000,0.18673345446586609,0.17509999871253967
39,0.0195000,0.19009612500667572,0.17569999396800995
40,0.0200000,0.19324396550655365,0.17630000412464142
41,0.0205000,0.19616043567657471,0.17689999938011169
42,0.0210000,0.1988464742898941,0.17739999294281006
43,0.0215000,0.20130491256713867,0.17790000140666962
44,0.0220000,0.20354349911212921,0.17839999496936798
45,0.0225000,0.20557765662670135,0.17880000174045563
46,0.0230000,0.20740945637226105,0.17910000681877136
47,0.0235000,0.20902858674526215,0.1793999969959259
48,0.0240000,0.21045060455799103,0.17970000207424164
49,0.0245000,0.21171772480010986,0.17990000545978546
50,0.0250000,0.21285225450992584,0.18009999394416809
51,0.0255000,0.21385705471038818,0.18019999563694
52,0.0260000,0.21473893523216248,0.18039999902248383
53,0.0265000,0.21550522744655609,0.18039999902248383
54,0.0270000,0.21616439521312714,0.18050000071525574
55,0.0275000,0.21672807633876801,0.18050000071525574
56,0.0280000,0.21720840036869049,0.18050000071525574
57,0.0285000,0.2176072746515274,0.18050000071525574
58,0.0290000,0.21792007982730865,0.18050000071525574
59,0.0295000,0.21815687417984009,0.18039999902248383
60,0.0300000,0.2183307409286499,0.18039999902248383
61,0.0305000,0.21844494342803955,0.18029999732971191
62,0.0310000,0.2185046374797821,0.18019999563694
63,0.0315000,0.21851907670497894,0.18009999394416809
64,0.0320000,0.21849207580089569,0.18000000715255737
65,0.0325000,0.2184104323387146,0.17990000545978546
66,0.0330000,0.21825826168060303,0.17980000376701355
67,0.0335000,0.21804334223270416,0.17970000207424164
68,0.0340000,0.21777664124965668,0.17960000038146973
69,0.0345000,0.21746012568473816,0.17949999868869781
70,0.0350000,0.21709296107292175,0.1793999969959259
71,0.0355000,0.21667076647281647,0.17929999530315399
72,0.0360000,0.21619656682014465,0.17919999361038208
73,0.0365000,0.21566438674926758,0.17919999361038208
74,0.0370000,0.21505863964557648,0.17919999361038208
75,0.0375000,0.21438074111938477,0.17910000681877136
76,0.0380000,0.21364814043045044,0.17910000681877136
77,0.0385000,0.21287615597248077,0.17919999361038208
78,0.0390000,0.21207025647163391,0.17919999361038208
79,0.0395000,0.21123144030570984,0.17929999530315399
80,0.0400000,0.21036173403263092,0.1793999969959259
81,0.0405000,0.20946526527404785,0.17949999868869781
82,0.0410000,0.20853917300701141,0.17960000038146973
83,0.0415000,0.20757593214511871,0.17980000376701355
84,0.0420000,0.20658430457115173,0.18000000715255737
85,0.0425000,0.20558273792266846,0.18019999563694
86,0.0430000,0.20457805693149567,0.18050000071525574
87,0.0435000,0.20357337594032288,0.18080000579357147
88,0.0440000,0.2025785893201828,0.18109999597072601
89,0.0445000,0.2016027420759201,0.18150000274181366
90,0.0450000,0.20063984394073486,0.1817999929189682
91,0.0455000,0.19968476891517639,0.18230000138282776
92,0.0460000,0.19875040650367737,0.18269999325275421
93,0.0465000,0.19784875214099884,0.18320000171661377
94,0.0470000,0.19698156416416168,0.18369999527931213
95,0.0475000,0.19615186750888824,0.1843000054359436
96,0.0480000,0.19536206126213074,0.18479999899864197
97,0.0485000,0.19460530579090118,0.18549999594688416
98,0.0490000,0.19387584924697876,0.18610000610351562
99,0.0495000,0.1931731104850769,0.18680000305175781
100,0.0500000,0.19250237941741943,0.1875
101,0.0505000,0.19186876714229584,0.1882999986410141
102,0.0510000,0.19126635789871216,0.1890999972820282
103,0.0515000,0.19069522619247437,0.1898999959230423
104,0.0520000,0.1901804506778717,0.19079999625682831
105,0.0525000,0.18974675238132477,0.19169999659061432
106,0.0530000,0.18939207494258881,0.19259999692440033
107,0.0535000,0.18911385536193848,0.19359999895095825
108,0.0540000,0.18891777098178864,0.19460000097751617
109,0.0545000,0.18880094587802887,0.19570000469684601
110,0.0550000,0.18875794112682343,0.19679999351501465
111,0.0555000,0.18878360092639923,0.19789999723434448
112,0.0560000,0.188871830701828,0.19900000095367432
113,0.0565000,0.18901799619197845,0.20020000636577606
114,0.0570000,0.18922017514705658,0.20139999687671661
115,0.0575000,0.1894778311252594,0.20270000398159027
116,0.0580000,0.18978337943553925,0.20399999618530273
117,0.0585000,0.19013263285160065,0.20530000329017639
118,0.0590000,0.19053471088409424,0.20659999549388885
119,0.0595000,0.1909932941198349,0.20800000429153442
120,0.0600000,0.19149528443813324,0.2093999981880188
121,0.0605000,0.19202868640422821,0.21080000698566437
122,0.0610000,0.19259220361709595,0.21230000257492065
123,0.0615000,0.19318513572216034,0.21379999816417694
124,0.0620000,0.19380472600460052,0.21529999375343323
125,0.0625000,0.19444717466831207,0.21680000424385071
126,0.0630000,0.19511489570140839,0.21829999983310699
127,0.0635000,0.19581471383571625,0.21989999711513519
128,0.0640000,0.19653810560703278,0.22149999439716339
129,0.0645000,0.1972736269235611,0.22300000488758087
130,0.0650000,0.19802257418632507,0.22460000216960907
131,0.0655000,0.19877919554710388,0.22619999945163727
132,0.0660000,0.19953808188438416,0.22779999673366547
133,0.0665000,0.20031045377254486,0.22939999401569366
134,0.0670000,0.2010982483625412,0.23100000619888306
135,0.0675000,0.20188850164413452,0.23260000348091125
136,0.0680000,0.20268641412258148,0.23420000076293945
137,0.0685000,0.20350953936576843,0.23569999635219574
138,0.0690000,0.20436199009418488,0.23729999363422394
139,0.0695000,0.20523619651794434,0.23880000412464142
140,0.0700000,0.20612449944019318,0.24040000140666962
141,0.0705000,0.20702622830867767,0.2418999969959259
142,0.0710000,0.20793892443180084,0.24339999258518219
143,0.0715000,0.20886009931564331,0.24480000138282776
144,0.0720000,0.20980462431907654,0.24619999527931213
145,0.0725000,0.21078939735889435,0.24770000576972961
146,0.0730000,0.21181328594684601,0.24899999797344208
147,0.0735000,0.21286666393280029,0.25040000677108765
148,0.0740000,0.21394380927085876,0.2517000138759613
149,0.0745000,0.21504397690296173,0.25290000438690186
150,0.0750000,0.21616536378860474,0.25420001149177551
151,0.0755000,0.21730676293373108,0.25540000200271606
152,0.0760000,0.21847094595432281,0.2565000057220459
153,0.0765000,0.21966074407100677,0.25769999623298645
154,0.0770000,0.2208762913942337,0.25870001316070557
155,0.0775000,0.22211097180843353,0.25979998707771301
156,0.0780000,0.2233569473028183,0.26080000400543213
157,0.0785000,0.22461298108100891,0.26179999113082886
158,0.0790000,0.22588013112545013,0.26269999146461487
159,0.0795000,0.22716093063354492,0.26359999179840088
160,0.0800000,0.22846145927906036,0.26440000534057617
161,0.0805000,0.22979049384593964,0.26530000567436218
162,0.0810000,0.23114897310733795,0.26600000262260437
163,0.0815000,0.23252338171005249,0.26679998636245728
164,0.0820000,0.2339005172252655,0.26750001311302185
165,0.0825000,0.23527900874614716,0.26820001006126404
166,0.0830000,0.23666344583034515,0.26890000700950623
167,0.0835000,0.23805226385593414,0.26949998736381531
168,0.0840000,0.23944258689880371,0.27009999752044678
169,0.0845000,0.24084651470184326,0.27070000767707825
170,0.0850000,0.24227166175842285,0.27129998803138733
171,0.0855000,0.24370837211608887,0.2718999981880188
172,0.0860000,0.24515253305435181,0.27250000834465027
173,0.0865000,0.24660223722457886,0.27300000190734863
174,0.0870000,0.24804797768592834,0.273499995470047
175,0.0875000,0.24948203563690186,0.27410000562667847
176,0.0880000,0.25089791417121887,0.27459999918937683
177,0.0885000,0.25228887796401978,0.2752000093460083
178,0.0890000,0.25365465879440308,0.27570000290870667
179,0.0895000,0.25499701499938965,0.27630001306533813
180,0.0900000,0.25631880760192871,0.2768000066280365
181,0.0905000,0.25762403011322021,0.27739998698234558
182,0.0910000,0.25890815258026123,0.27799999713897705
183,0.0915000,0.26016175746917725,0.27860000729560852
184,0.0920000,0.26138186454772949,0.2791999876499176
185,0.0925000,0.26257824897766113,0.27990001440048218
186,0.0930000,0.26376155018806458,0.28060001134872437
187,0.0935000,0.26493149995803833,0.28130000829696655
188,0.0940000,0.2660822868347168,0.28200000524520874
189,0.0945000,0.26721236109733582,0.28279998898506165
190,0.0950000,0.26832586526870728,0.28360000252723694
191,0.0955000,0.26942044496536255,0.28439998626708984
192,0.0960000,0.27049791812896729,0.28519999980926514
193,0.0965000,0.27157449722290039,0.28610000014305115
194,0.0970000,0.27265787124633789,0.28709998726844788
195,0.0975000,0.2737433910369873,0.28799998760223389
196,0.0980000,0.27482712268829346,0.289000004529953
197,0.0985000,0.27589941024780273,0.28999999165534973
198,0.0990000,0.27694991230964661,0.29109999537467957
199,0.0995000,0.27797773480415344,0.2921999990940094
200,0.1000000,0.27898284792900085,0.29330000281333923
201,0.1005000,0.27996814250946045,0.29449999332427979
202,0.1010000,0.28093570470809937,0.29570001363754272
203,0.1015000,0.28187873959541321,0.29690000414848328
204,0.1020000,0.28279054164886475,0.29820001125335693
205,0.1025000,0.28367200493812561,0.2994999885559082
206,0.1030000,0.28453221917152405,0.30079999566078186
207,0.1035000,0.28538203239440918,0.30219998955726624
208,0.1040000,0.28623858094215393,0.30349999666213989
209,0.1045000,0.287131667137146,0.30489999055862427
210,0.1050000,0.28808087110519409,0.30640000104904175
211,0.1055000,0.28908181190490723,0.30779999494552612
212,0.1060000,0.29012426733970642,0.3093000054359436
213,0.1065000,0.29121175408363342,0.3107999861240387
214,0.1070000,0.29234877228736877,0.31229999661445618
215,0.1075000,0.29353874921798706,0.31380000710487366
216,0.1080000,0.2947813868522644,0.31540000438690186
217,0.1085000,0.29606759548187256,0.31700000166893005
218,0.1090000,0.29740101099014282,0.31850001215934753
219,0.1095000,0.29878318309783936,0.32019999623298645
220,0.1100000,0.30020475387573242,0.32179999351501465
221,0.1105000,0.30166584253311157,0.32339999079704285
222,0.1110000,0.30317345261573792,0.32510000467300415
223,0.1115000,0.30472752451896667,0.32670000195503235
224,0.1120000,0.30632436275482178,0.32839998602867126
225,0.1125000,0.3079589307308197,0.33009999990463257
226,0.1130000,0.30963036417961121,0.33180001378059387
227,0.1135000,0.31134599447250366,0.33349999785423279
228,0.1140000,0.31310585141181946,0.33520001173019409
229,0.1145000,0.31490743160247803,0.33700001239776611
230,0.1150000,0.31675606966018677,0.33869999647140503
231,0.1155000,0.31865611672401428,0.34049999713897705
232,0.1160000,0.32060176134109497,0.34229999780654907
233,0.1165000,0.32258263230323792,0.34409999847412109
234,0.1170000,0.3245929479598999,0.34599998593330383
235,0.1175000,0.32663342356681824,0.34779998660087585
236,0.1180000,0.32871231436729431,0.34970000386238098
237,0.1185000,0.33083450794219971,0.351500004529953
238,0.1190000,0.33299583196640015,0.35339999198913574
239,0.1195000,0.33519214391708374,0.35539999604225159
240,0.1200000,0.33741796016693115,0.35730001330375671
241,0.1205000,0.33965939283370972,0.35929998755455017
242,0.1210000,0.34191092848777771,0.36129999160766602
243,0.1215000,0.34418171644210815,0.36329999566078186
244,0.1220000,0.34647578001022339,0.36529999971389771
245,0.1225000,0.34879380464553833,0.36739999055862427
246,0.1230000,0.35113525390625,0.36950001120567322
247,0.1235000,0.35349741578102112,0.37160000205039978
248,0.1240000,0.35588029026985168,0.37369999289512634
249,0.1245000,0.35827609896659851,0.37590000033378601
250,0.1250000,0.36067658662796021,0.37810000777244568
251,0.1255000,0.36308088898658752,0.38029998540878296
252,0.1260000,0.36549291014671326,0.38260000944137573
253,0.1265000,0.36792713403701782,0.38490000367164612
254,0.1270000,0.3703901469707489,0.3871999979019165
255,0.1275000,0.37287276983261108,0.38949999213218689
256,0.1280000,0.37535965442657471,0.39190000295639038
257,0.1285000,0.37783661484718323,0.39430001378059387
258,0.1290000,0.38030502200126648,0.39669999480247498
259,0.1295000,0.38276970386505127,0.39910000562667847
260,0.1300000,0.38522863388061523,0.40160000324249268
261,0.1305000,0.38768625259399414,0.40400001406669617
262,0.1310000,0.39015400409698486,0.40650001168251038
263,0.1315000,0.3926367461681366,0.40900000929832458
264,0.1320000,0.39513033628463745,0.41159999370574951
265,0.1325000,0.39763033390045166,0.41409999132156372
266,0.1330000,0.40012985467910767,0.41670000553131104
267,0.1335000,0.4026215672492981,0.41929998993873596
268,0.1340000,0.40510809421539307,0.42190000414848328
269,0.1345000,0.40759298205375671,0.4244999885559082
270,0.1350000,0.41007062792778015,0.42710000276565552
271,0.1355000,0.4125402569770813,0.42969998717308044
272,0.1360000,0.41501268744468689,0.43230000138282776
273,0.1365000,0.41750422120094299,0.43500000238418579
274,0.1370000,0.42002278566360474,0.43759998679161072
275,0.1375000,0.42256119847297668,0.44020000100135803
276,0.1380000,0.4251168966293335,0.44279998540878296
277,0.1385000,0.42769679427146912,0.44549998641014099
278,0.1390000,0.43030309677124023,0.44810000061988831
279,0.1395000,0.43293306231498718,0.45070001482963562
280,0.1400000,0.43559244275093079,0.45329999923706055
281,0.1405000,0.4382895827293396,0.45590001344680786
282,0.1410000,0.44102251529693604,0.45849999785423279
283,0.1415000,0.44378077983856201,0.4611000120639801
284,0.1420000,0.44655844569206238,0.46369999647140503
285,0.1425000,0.44936153292655945,0.46619999408721924
286,0.1430000,0.45219260454177856,0.46869999170303345
287,0.1435000,0.45504122972488403,0.47130000591278076
288,0.1440000,0.45790424942970276,0.47380000352859497
289,0.1445000,0.46079251170158386,0.47620001435279846
290,0.1450000,0.46370884776115417,0.47870001196861267
291,0.1455000,0.46664625406265259,0.48109999299049377
292,0.1460000,0.46960350871086121,0.48350000381469727
293,0.1465000,0.47258645296096802,0.48590001463890076
294,0.1470000,0.47558790445327759,0.48829999566078186
295,0.1475000,0.47859284281730652,0.49070000648498535
296,0.1480000,0.481599360704422,0.49300000071525574
297,0.1485000,0.48461639881134033,0.49529999494552612
298,0.1490000,0.48765096068382263,0.49750000238418579
299,0.1495000,0.49070057272911072,0.49979999661445618
300,0.1500000,0.49375700950622559,0.50199997425079346
301,0.1505000,0.49681258201599121,0.50419998168945312
302,0.1510000,0.4998590350151062,0.50629997253417969
303,0.1515000,0.50288915634155273,0.50849997997283936
304,0.1520000,0.5058971643447876,0.51059997081756592
305,0.1525000,0.50888127088546753,0.51260000467300415
306,0.1530000,0.5118412971496582,0.51469999551773071
307,0.1535000,0.51476752758026123,0.51670002937316895
308,0.1540000,0.51765269041061401,0.5187000036239624
309,0.1545000,0.52049267292022705,0.52069997787475586
310,0.1550000,0.52327924966812134,0.52259999513626099
311,0.1555000,0.52600657939910889,0.52450001239776611
312,0.1560000,0.52868211269378662,0.52640002965927124
313,0.1565000,0.53132158517837524,0.52819997072219849
314,0.1570000,0.53392565250396729,0.53009998798370361
315,0.1575000,0.53648829460144043,0.53189998865127563
316,0.1580000,0.5390094518661499,0.53369998931884766
317,0.1585000,0.54149115085601807,0.53539997339248657
318,0.1590000,0.54393279552459717,0.53710001707077026
319,0.1595000,0.54632681608200073,0.53880000114440918
320,0.1600000,0.54865878820419312,0.5404999852180481
321,0.1605000,0.55091559886932373,0.54220002889633179
322,0.1610000,0.55309474468231201,0.5437999963760376
323,0.1615000,0.55519849061965942,0.54540002346038818
324,0.1620000,0.55723088979721069,0.54699999094009399
325,0.1625000,0.55919462442398071,0.54860001802444458
326,0.1630000,0.56109195947647095,0.55010002851486206
327,0.1635000,0.56292641162872314,0.55159997940063477
328,0.1640000,0.56469213962554932,0.55309998989105225
329,0.1645000,0.56637674570083618,0.55460000038146973
330,0.1650000,0.56797873973846436,0.5559999942779541
331,0.1655000,0.56951308250427246,0.55739998817443848
332,0.1660000,0.57099288702011108,0.55879998207092285
333,0.1665000,0.57241153717041016,0.56019997596740723
334,0.1670000,0.57375353574752808,0.56150001287460327
335,0.1675000,0.57501703500747681,0.56279999017715454
336,0.1680000,0.57621681690216064,0.56410002708435059
337,0.1685000,0.57736927270889282,0.56529998779296875
338,0.1690000,0.57848137617111206,0.56650000810623169
339,0.1695000,0.5795561671257019,0.56770002841949463
340,0.1700000,0.58059638738632202,0.56879997253417969
341,0.1705000,0.58160519599914551,0.56989997625350952
342,0.1710000,0.58258169889450073,0.57090002298355103
343,0.1715000,0.58351778984069824,0.57190001010894775
344,0.1720000,0.58441412448883057,0.57279998064041138
345,0.1725000,0.58527284860610962,0.57359999418258667
346,0.1730000,0.58608239889144897,0.57440000772476196
347,0.1735000,0.58683401346206665,0.57510000467300415
348,0.1740000,0.58753007650375366,0.57580000162124634
349,0.1745000,0.5881761908531189,0.57639998197555542
350,0.1750000,0.58877712488174438,0.57679998874664307
351,0.1755000,0.58933240175247192,0.57730001211166382
352,0.1760000,0.58984380960464478,0.57760000228881836
353,0.1765000,0.59032183885574341,0.57779997587203979
354,0.1770000,0.59076386690139771,0.5778999924659729
355,0.1775000,0.59115809202194214,0.5778999924659729
356,0.1780000,0.59150296449661255,0.57779997587203979
357,0.1785000,0.59179580211639404,0.57760000228881836
358,0.1790000,0.5920296311378479,0.57730001211166382
359,0.1795000,0.5921972393989563,0.57679998874664307
360,0.1800000,0.59229940176010132,0.57620000839233398
361,0.1805000,0.59234720468521118,0.57539999485015869
362,0.1810000,0.59234488010406494,0.5745999813079834
363,0.1815000,0.59228432178497314,0.57349997758865356
364,0.1820000,0.59215813875198364,0.5723000168800354
365,0.1825000,0.59196281433105469,0.57090002298355103
366,0.1830000,0.59169548749923706,0.56940001249313354
367,0.1835000,0.59135991334915161,0.56770002841949463
368,0.1840000,0.59095442295074463,0.5658000111579895
369,0.1845000,0.59046489000320435,0.56379997730255127
370,0.1850000,0.58987897634506226,0.56150001287460327
371,0.1855000,0.58919340372085571,0.55900001525878906
372,0.1860000,0.58840674161911011,0.55640000104904175
373,0.1865000,0.58751004934310913,0.55349999666213989
374,0.1870000,0.58649152517318726,0.5504000186920166
375,0.1875000,0.58535575866699219,0.5471000075340271
376,0.1880000,0.5841255784034729,0.54360002279281616
377,0.1885000,0.58282023668289185,0.53990000486373901
378,0.1890000,0.58144122362136841,0.53589999675750732
379,0.1895000,0.57997322082519531,0.5317000150680542
380,0.1900000,0.57840359210968018,0.52730000019073486
381,0.1905000,0.57672661542892456,0.52259999513626099
382,0.1910000,0.57492250204086304,0.51770001649856567
383,0.1915000,0.57297235727310181,0.51260000467300415
384,0.1920000,0.57087737321853638,0.50720000267028809
385,0.1925000,0.56863802671432495,0.50150001049041748
386,0.1930000,0.56624513864517212,0.49559998512268066
387,0.1935000,0.5636860728263855,0.48949998617172241
388,0.1940000,0.56094628572463989,0.48309999704360962
389,0.1945000,0.55802106857299805,0.4763999879360199
390,0.1950000,0.55490648746490479,0.46950000524520874
391,0.1955000,0.55159246921539307,0.46239998936653137
392,0.1960000,0.54807060956954956,0.45489999651908875
393,0.1965000,0.54432898759841919,0.44729998707771301
394,0.1970000,0.54036211967468262,0.43939998745918274
395,0.1975000,0.53616321086883545,0.43119999766349792
396,0.1980000,0.53171706199645996,0.42280000448226929
397,0.1985000,0.52701359987258911,0.41409999132156372
398,0.1990000,0.52204996347427368,0.40520000457763672
399,0.1995000,0.51683312654495239,0.39599999785423279
400,0.2000000,0.51136010885238647,0.38670000433921814
401,0.2005000,0.50561976432800293,0.37700000405311584
402,0.2010000,0.49961543083190918,0.36719998717308044
403,0.2015000,0.49335426092147827,0.35710000991821289
404,0.2020000,0.48684394359588623,0.34679999947547913
405,0.2025000,0.48008513450622559,0.33619999885559082
406,0.2030000,0.473072350025177,0.3255000114440918
407,0.2035000,0.46579715609550476,0.31450000405311584
408,0.2040000,0.45823848247528076,0.30340000987052917
409,0.2045000,0.45038744807243347,0.29199999570846558
410,0.2050000,0.44225940108299255,0.28049999475479126
411,0.2055000,0.43387958407402039,0.26879999041557312
412,0.2060000,0.42526900768280029,0.25679999589920044
413,0.2065000,0.41643330454826355,0.24480000138282776
414,0.2070000,0.4073675274848938,0.23250000178813934
415,0.2075000,0.39806506037712097,0.22010000050067902
416,0.2080000,0.38854146003723145,0.20749999582767487
417,0.2085000,0.37882968783378601,0.19480000436306
418,0.2090000,0.36894530057907104,0.18189999461174011
419,0.2095000,0.35888645052909851,0.16899999976158142
420,0.2100000,0.34864667057991028,0.15579999983310699
421,0.2105000,0.33823248744010925,0.14259999990463257
422,0.2110000,0.32765665650367737,0.12929999828338623
423,0.2115000,0.3169262707233429,0.11580000072717667
424,0.2120000,0.30606353282928467,0.1023000031709671
425,0.2125000,0.29509899020195007,0.088699996471405029
426,0.2130000,0.28403544425964355,0.075000002980232239
427,0.2135000,0.27285453677177429,0.06120000034570694
428,0.2140000,0.26155388355255127,0.047400001436471939
429,0.2145000,0.25015091896057129,0.033500000834465027
430,0.2150000,0.23865494132041931,0.019600000232458115
431,0.2155000,0.22706662118434906,0.0057000000961124897
432,0.2160000,0.21538975834846497,-0.0082999998703598976
433,0.2165000,0.20361655950546265,-0.022299999371170998
434,0.2170000,0.19173663854598999,-0.036299999803304672
435,0.2175000,0.17975617945194244,-0.050299998372793198
436,0.2180000,0.16768895089626312,-0.064300000667572021
437,0.2185000,0.15554560720920563,-0.078299999237060547
438,0.2190000,0.14332425594329834,-0.092299997806549072
439,0.2195000,0.13102377951145172,-0.10620000213384628
440,0.2200000,0.11864148080348969,-0.1200999990105629
441,0.2205000,0.10615571588277817,-0.13400000333786011
442,0.2210000,0.093561336398124695,-0.14779999852180481
443,0.2215000,0.080875664949417114,-0.16150000691413879
444,0.2220000,0.06811223179101944,-0.17509999871253967
445,0.2225000,0.055282287299633026,-0.18870000541210175
446,0.2230000,0.042391858994960785,-0.20219999551773071
447,0.2235000,0.029442381113767624,-0.21559999883174896
448,0.2240000,0.016423579305410385,-0.2289000004529953
449,0.2245000,0.0033080298453569412,-0.24210000038146973
450,0.2250000,-0.0099108843132853508,-0.25510001182556152
451,0.2255000,-0.023214112967252731,-0.26809999346733093
452,0.2260000,-0.036577288061380386,-0.28090000152587891
453,0.2265000,-0.049971573054790497,-0.29350000619888306
454,0.2270000,-0.06338106095790863,-0.30610001087188721
455,0.2275000,-0.076797947287559509,-0.31850001215934753
456,0.2280000,-0.090201333165168762,-0.33070001006126404
457,0.2285000,-0.10356582701206207,-0.34279999136924744
458,0.2290000,-0.11687353253364563,-0.3546999990940094
459,0.2295000,-0.13011519610881805,-0.36640000343322754
460,0.2300000,-0.14328098297119141,-0.37799999117851257
461,0.2305000,-0.15635353326797485,-0.38929998874664307
462,0.2310000,-0.16932404041290283,-0.40049999952316284
463,0.2315000,-0.18219277262687683,-0.41159999370574951
464,0.2320000,-0.1949465274810791,-0.42239999771118164
465,0.2325000,-0.20756712555885315,-0.43299999833106995
466,0.2330000,-0.22004470229148865,-0.44339999556541443
467,0.2335000,-0.23236618936061859,-0.45359998941421509
468,0.2340000,-0.24452024698257446,-0.46360000967979431
469,0.2345000,-0.2564970850944519,-0.47339999675750732
470,0.2350000,-0.26828682422637939,-0.4830000102519989
471,0.2355000,-0.27988901734352112,-0.49239999055862427
472,0.2360000,-0.29129987955093384,-0.50150001049041748
473,0.2365000,-0.30251055955886841,-0.51050001382827759
474,0.2370000,-0.31351488828659058,-0.51920002698898315
475,0.2375000,-0.32430538535118103,-0.52770000696182251
476,0.2380000,-0.33487465977668762,-0.53600001335144043
477,0.2385000,-0.34521442651748657,-0.54400002956390381
478,0.2390000,-0.35531613230705261,-0.55180001258850098
479,0.2395000,-0.36517873406410217,-0.55940002202987671
480,0.2400000,-0.37480100989341736,-0.56679999828338623
481,0.2405000,-0.38417139649391174,-0.57400000095367432
482,0.2410000,-0.39328610897064209,-0.58090001344680786
483,0.2415000,-0.40214914083480835,-0.5875999927520752
484,0.2420000,-0.41076043248176575,-0.59409999847412109
485,0.2425000,-0.41912165284156799,-0.60039997100830078
486,0.2430000,-0.4272409975528717,-0.6064000129699707
487,0.2435000,-0.43512946367263794,-0.61220002174377441
488,0.2440000,-0.44279074668884277,-0.61790001392364502
489,0.2445000,-0.45022714138031006,-0.62330001592636108
490,0.2450000,-0.45744135975837708,-0.62840002775192261
491,0.2455000,-0.46443203091621399,-0.63340002298355103
492,0.2460000,-0.47120484709739685,-0.63819998502731323
493,0.2465000,-0.47776955366134644,-0.642799973487854
494,0.2470000,-0.48413103818893433,-0.64719998836517334
495,0.2475000,-0.49029427766799927,-0.65130001306533813
496,0.2480000,-0.4962676465511322,-0.65530002117156982
497,0.2485000,-0.50206172466278076,-0.6590999960899353
498,0.2490000,-0.50767797231674194,-0.66269999742507935
499,0.2495000,-0.5131109356880188,-0.66619998216629028
500,0.2500000,-0.51836490631103516,-0.66949999332427979
501,0.2505000,-0.52344906330108643,-0.67259997129440308
502,0.2510000,-0.52836757898330688,-0.67549997568130493
503,0.2515000,-0.53312456607818604,-0.67830002307891846
504,0.2520000,-0.53773808479309082,-0.680899977684021
505,0.2525000,-0.54223233461380005,-0.68339997529983521
506,0.2530000,-0.54661321640014648,-0.68569999933242798
507,0.2535000,-0.55087435245513916,-0.68790000677108765
508,0.2540000,-0.55501663684844971,-0.68999999761581421
509,0.2545000,-0.55904859304428101,-0.69190001487731934
510,0.2550000,-0.56297004222869873,-0.69370001554489136
511,0.2555000,-0.56677061319351196,-0.69539999961853027
512,0.2560000,-0.57044482231140137,-0.69700002670288086
513,0.2565000,-0.57398885488510132,-0.69840002059936523
514,0.2570000,-0.57739585638046265,-0.69980001449584961
515,0.2575000,-0.58066260814666748,-0.70109999179840088
516,0.2580000,-0.58379244804382324,-0.70219999551773071
517,0.2585000,-0.58678728342056274,-0.70329999923706055
518,0.2590000,-0.58964008092880249,-0.70429998636245728
519,0.2595000,-0.59235191345214844,-0.70520001649856567
520,0.2600000,-0.59495699405670166,-0.70599997043609619
521,0.2605000,-0.59750676155090332,-0.70670002698898315
522,0.2610000,-0.60001784563064575,-0.70740002393722534
523,0.2615000,-0.60248154401779175,-0.70800000429153442
524,0.2620000,-0.60489803552627563,-0.70850002765655518
525,0.2625000,-0.60726302862167358,-0.70889997482299805
526,0.2630000,-0.60956639051437378,-0.70929998159408569
527,0.2635000,-0.61179953813552856,-0.7095000147819519
528,0.2640000,-0.61396437883377075,-0.70980000495910645
529,0.2645000,-0.61607372760772705,-0.70990002155303955
530,0.2650000,-0.61812502145767212,-0.70999997854232788
531,0.2655000,-0.6201099157333374,-0.71009999513626099
532,0.2660000,-0.62203508615493774,-0.70999997854232788
533,0.2665000,-0.62390428781509399,-0.70990002155303955
534,0.2670000,-0.62571018934249878,-0.70980000495910645
535,0.2675000,-0.62744784355163574,-0.7095000147819519
536,0.2680000,-0.6291050910949707,-0.70929998159408569
537,0.2685000,-0.63065600395202637,-0.70889997482299805
538,0.2690000,-0.63208842277526855,-0.70850002765655518
539,0.2695000,-0.63340884447097778,-0.70800000429153442
540,0.2700000,-0.63462984561920166,-0.70749998092651367
541,0.2705000,-0.63576006889343262,-0.70690000057220459
542,0.2710000,-0.63679718971252441,-0.7062000036239624
543,0.2715000,-0.63773751258850098,-0.70550000667572021
544,0.2720000,-0.63859409093856812,-0.70469999313354492
545,0.2725000,-0.63938397169113159,-0.7038000226020813
546,0.2730000,-0.64011591672897339,-0.7028999924659729
547,0.2735000,-0.64079880714416504,-0.70190000534057617
548,0.2740000,-0.64143317937850952,-0.70080000162124634
549,0.2745000,-0.64201146364212036,-0.6996999979019165
550,0.2750000,-0.64252567291259766,-0.69859999418258667
551,0.2755000,-0.64297902584075928,-0.69739997386932373
552,0.2760000,-0.64338308572769165,-0.69609999656677246
553,0.2765000,-0.64373362064361572,-0.69470000267028809
554,0.2770000,-0.64402347803115845,-0.69330000877380371
555,0.2775000,-0.64425367116928101,-0.69190001487731934
556,0.2780000,-0.64442235231399536,-0.69040000438690186
557,0.2785000,-0.64452815055847168,-0.68889999389648438
558,0.2790000,-0.64457130432128906,-0.68730002641677856
559,0.2795000,-0.64455032348632812,-0.68559998273849487
560,0.2800000,-0.6444733738899231,-0.68389999866485596
561,0.2805000,-0.6443522572517395,-0.68220001459121704
562,0.2810000,-0.64418566226959229,-0.68049997091293335
563,0.2815000,-0.64397221803665161,-0.67869997024536133
564,0.2820000,-0.64371216297149658,-0.67680001258850098
565,0.2825000,-0.64339983463287354,-0.67500001192092896
566,0.2830000,-0.6430324912071228,-0.67309999465942383
567,0.2835000,-0.64261043071746826,-0.67110002040863037
568,0.2840000,-0.64213210344314575,-0.66920000314712524
569,0.2845000,-0.64159297943115234,-0.66720002889633179
570,0.2850000,-0.64098948240280151,-0.66530001163482666
571,0.2855000,-0.64032089710235596,-0.66329997777938843
572,0.2860000,-0.63959133625030518,-0.66130000352859497
573,0.2865000,-0.63880550861358643,-0.65920001268386841
574,0.2870000,-0.63796001672744751,-0.65719997882843018
575,0.2875000,-0.63704711198806763,-0.65520000457763672
576,0.2880000,-0.63607490062713623,-0.65319997072219849
577,0.2885000,-0.63506406545639038,-0.65109997987747192
578,0.2890000,-0.63401848077774048,-0.64910000562667847
579,0.2895000,-0.63293558359146118,-0.64709997177124023
580,0.2900000,-0.63181775808334351,-0.64509999752044678
581,0.2905000,-0.63065987825393677,-0.64310002326965332
582,0.2910000,-0.62945675849914551,-0.64109998941421509
583,0.2915000,-0.62820577621459961,-0.63910001516342163
584,0.2920000,-0.62690085172653198,-0.6370999813079834
585,0.2925000,-0.62554055452346802,-0.63520002365112305
586,0.2930000,-0.62412607669830322,-0.63330000638961792
587,0.2935000,-0.62265211343765259,-0.63129997253417969
588,0.2940000,-0.62111425399780273,-0.62949997186660767
589,0.2945000,-0.61951351165771484,-0.62760001420974731
590,0.2950000,-0.61786061525344849,-0.62569999694824219
591,0.2955000,-0.6161644458770752,-0.62389999628067017
592,0.2960000,-0.61441957950592041,-0.62209999561309814
593,0.2965000,-0.61262822151184082,-0.62029999494552612
594,0.2970000,-0.61079621315002441,-0.6184999942779541
595,0.2975000,-0.60891997814178467,-0.61669999361038208
596,0.2980000,-0.60700416564941406,-0.61500000953674316
597,0.2985000,-0.60505485534667969,-0.61330002546310425
598,0.2990000,-0.60307729244232178,-0.61159998178482056
599,0.2995000,-0.60108101367950439,-0.60989999771118164
600,0.3000000,-0.59906291961669922,-0.60820001363754272
601,0.3005000,-0.59701699018478394,-0.60659998655319214
602,0.3010000,-0.59494000673294067,-0.60490000247955322
603,0.3015000,-0.59282851219177246,-0.60329997539520264
604,0.3020000,-0.5906980037689209,-0.60159999132156372
605,0.3025000,-0.58855569362640381,-0.60000002384185791
606,0.3030000,-0.58638346195220947,-0.59839999675750732
607,0.3035000,-0.58418285846710205,-0.59670001268386841
608,0.3040000,-0.58195596933364868,-0.59509998559951782
609,0.3045000,-0.57969117164611816,-0.59350001811981201
610,0.3050000,-0.57738858461380005,-0.59179997444152832
611,0.3055000,-0.57504528760910034,-0.59020000696182251
612,0.3060000,-0.57266747951507568,-0.58850002288818359
613,0.3065000,-0.57026684284210205,-0.58689999580383301
614,0.3070000,-0.56783616542816162,-0.58520001173019409
615,0.3075000,-0.56537646055221558,-0.58350002765655518
616,0.3080000,-0.5628807544708252,-0.58179998397827148
617,0.3085000,-0.56031447649002075,-0.58009999990463257
618,0.3090000,-0.55766469240188599,-0.57829999923706055
619,0.3095000,-0.55494093894958496,-0.57660001516342163
620,0.3100000,-0.55215340852737427,-0.57480001449584961
621,0.3105000,-0.54930746555328369,-0.57300001382827759
622,0.3110000,-0.54640740156173706,-0.57109999656677246
623,0.3115000,-0.54347342252731323,-0.56929999589920044
624,0.3120000,-0.54050862789154053,-0.56739997863769531
625,0.3125000,-0.53749972581863403,-0.56550002098083496
626,0.3130000,-0.53444862365722656,-0.56349998712539673
627,0.3135000,-0.53135788440704346,-0.56150001287460327
628,0.3140000,-0.52823281288146973,-0.55949997901916504
629,0.3145000,-0.52508580684661865,-0.55750000476837158
630,0.3150000,-0.52192223072052002,-0.55549997091293335
631,0.3155000,-0.51875114440917969,-0.55339998006820679
632,0.3160000,-0.51558685302734375,-0.55129998922348022
633,0.3165000,-0.51243472099304199,-0.54909998178482056
634,0.3170000,-0.50929605960845947,-0.54699999094009399
635,0.3175000,-0.50617259740829468,-0.54479998350143433
636,0.3180000,-0.50307005643844604,-0.54259997606277466
637,0.3185000,-0.49998408555984497,-0.54040002822875977
638,0.3190000,-0.49690452218055725,-0.53810000419616699
639,0.3195000,-0.49384456872940063,-0.53589999675750732
640,0.3200000,-0.49082010984420776,-0.53359997272491455
641,0.3205000,-0.48783025145530701,-0.53130000829696655
642,0.3210000,-0.48487117886543274,-0.52899998426437378
643,0.3215000,-0.48194247484207153,-0.52670001983642578
644,0.3220000,-0.47904446721076965,-0.5242999792098999
645,0.3225000,-0.47618013620376587,-0.5220000147819519
646,0.3230000,-0.47335374355316162,-0.51959997415542603
647,0.3235000,-0.47056788206100464,-0.51719999313354492
648,0.3240000,-0.46781617403030396,-0.51490002870559692
649,0.3245000,-0.46507889032363892,-0.51249998807907104
650,0.3250000,-0.46234366297721863,-0.51010000705718994
651,0.3255000,-0.4596104621887207,-0.50770002603530884
652,0.3260000,-0.45688146352767944,-0.50540000200271606
653,0.3265000,-0.45416462421417236,-0.50300002098083496
654,0.3270000,-0.45146399736404419,-0.50059998035430908
655,0.3275000,-0.44877314567565918,-0.49819999933242798
656,0.3280000,-0.44609019160270691,-0.49579998850822449
657,0.3285000,-0.44341778755187988,-0.4934999942779541
658,0.3290000,-0.44075179100036621,-0.491100013256073
659,0.3295000,-0.43808725476264954,-0.48870000243186951
660,0.3300000,-0.4354303777217865,-0.48640000820159912
661,0.3305000,-0.43279087543487549,-0.48399999737739563
662,0.3310000,-0.4301680326461792,-0.48170000314712524
663,0.3315000,-0.42755436897277832,-0.47940000891685486
664,0.3320000,-0.42494726181030273,-0.47699999809265137
665,0.3325000,-0.42235386371612549,-0.47470000386238098
666,0.3330000,-0.41977721452713013,-0.4724000096321106
667,0.3335000,-0.4172109067440033,-0.47009998559951782
668,0.3340000,-0.41466054320335388,-0.46779999136924744
669,0.3345000,-0.41213986277580261,-0.46549999713897705
670,0.3350000,-0.40965020656585693,-0.46320000290870667
671,0.3355000,-0.4071870744228363,-0.460999995470047
672,0.3360000,-0.40474605560302734,-0.45870000123977661
673,0.3365000,-0.40232276916503906,-0.45640000700950623
674,0.3370000,-0.39991563558578491,-0.45419999957084656
675,0.3375000,-0.39752304553985596,-0.45190000534057617
676,0.3380000,-0.39515045285224915,-0.4496999979019165
677,0.3385000,-0.39281117916107178,-0.44749999046325684
678,0.3390000,-0.390511155128479,-0.44519999623298645
679,0.3395000,-0.38825058937072754,-0.44299998879432678
680,0.3400000,-0.38602373003959656,-0.4408000111579895
681,0.3405000,-0.38382452726364136,-0.43849998712539673
682,0.3410000,-0.38165271282196045,-0.43630000948905945
683,0.3415000,-0.37950199842453003,-0.43410000205039978
684,0.3420000,-0.37737160921096802,-0.43189999461174011
685,0.3425000,-0.3752703070640564,-0.42960000038146973
686,0.3430000,-0.37320271134376526,-0.42739999294281006
687,0.3435000,-0.37116768956184387,-0.42519998550415039
688,0.3440000,-0.36917424201965332,-0.42300000786781311
689,0.3445000,-0.36724340915679932,-0.42080000042915344
690,0.3450000,-0.36537644267082214,-0.41859999299049377
691,0.3455000,-0.36355835199356079,-0.41639998555183411
692,0.3460000,-0.36178618669509888,-0.41420000791549683
693,0.3465000,-0.36006727814674377,-0.41209998726844788
694,0.3470000,-0.35840323567390442,-0.4099000096321106
695,0.3475000,-0.35679161548614502,-0.40770000219345093
696,0.3480000,-0.35523661971092224,-0.40560001134872437
697,0.3485000,-0.35374096035957336,-0.4034000039100647
698,0.3490000,-0.35229995846748352,-0.40130001306533813
699,0.3495000,-0.35090121626853943,-0.39919999241828918
700,0.3500000,-0.34953048825263977,-0.39710000157356262
701,0.3505000,-0.34818994998931885,-0.39500001072883606
702,0.3510000,-0.34688889980316162,-0.39289999008178711
703,0.3515000,-0.34562873840332031,-0.39079999923706055
704,0.3520000,-0.34441295266151428,-0.3887999951839447
705,0.3525000,-0.34324446320533752,-0.38679999113082886
706,0.3530000,-0.34211775660514832,-0.38479998707771301
707,0.3535000,-0.34102180600166321,-0.38289999961853027
708,0.3540000,-0.33994430303573608,-0.38089999556541443
709,0.3545000,-0.33888405561447144,-0.37900000810623169
710,0.3550000,-0.33784887194633484,-0.37720000743865967
711,0.3555000,-0.3368435800075531,-0.37529999017715454
712,0.3560000,-0.33585995435714722,-0.37349998950958252
713,0.3565000,-0.33487272262573242,-0.3716999888420105
714,0.3570000,-0.33386451005935669,-0.37000000476837158
715,0.3575000,-0.3328341543674469,-0.36829999089241028
716,0.3580000,-0.33177769184112549,-0.36660000681877136
717,0.3585000,-0.33069708943367004,-0.36500000953674316
718,0.3590000,-0.32960838079452515,-0.36340001225471497
719,0.3595000,-0.32851988077163696,-0.36179998517036438
720,0.3600000,-0.32742074131965637,-0.36019998788833618
721,0.3605000,-0.32628890872001648,-0.35870000720024109
722,0.3610000,-0.32511064410209656,-0.35730001330375671
723,0.3615000,-0.32389140129089355,-0.35580000281333923
724,0.3620000,-0.32263880968093872,-0.35440000891685486
725,0.3625000,-0.3213595449924469,-0.3529999852180481
726,0.3630000,-0.32006025314331055,-0.35170000791549683
727,0.3635000,-0.31874296069145203,-0.35030001401901245
728,0.3640000,-0.31741726398468018,-0.34900000691413879
729,0.3645000,-0.31609004735946655,-0.34769999980926514
730,0.3650000,-0.3147633969783783,-0.34650000929832458
731,0.3655000,-0.31344485282897949,-0.34520000219345093
732,0.3660000,-0.31213071942329407,-0.34400001168251038
733,0.3665000,-0.31081694364547729,-0.34279999136924744
734,0.3670000,-0.30950778722763062,-0.34160000085830688
735,0.3675000,-0.30820277333259583,-0.34040001034736633
736,0.3680000,-0.30689516663551331,-0.33919999003410339
737,0.3685000,-0.30556890368461609,-0.33799999952316284
738,0.3690000,-0.30422526597976685,-0.33680000901222229
739,0.3695000,-0.30288475751876831,-0.33570000529289246
740,0.3700000,-0.30155017971992493,-0.3345000147819519
741,0.3705000,-0.30021879076957703,-0.33329999446868896
742,0.3710000,-0.29889211058616638,-0.33210000395774841
743,0.3715000,-0.29756709933280945,-0.33090001344680786
744,0.3720000,-0.29624614119529724,-0.3296000063419342
745,0.3725000,-0.29493623971939087,-0.32839998602867126
746,0.3730000,-0.29364460706710815,-0.32710000872612
747,0.3735000,-0.29237529635429382,-0.32580000162124634
748,0.3740000,-0.29112908244132996,-0.32449999451637268
749,0.3745000,-0.28990957140922546,-0.32319998741149902
750,0.3750000,-0.28871840238571167,-0.32190001010894775
751,0.3755000,-0.28755486011505127,-0.32049998641014099
752,0.3760000,-0.28642237186431885,-0.31909999251365662
753,0.3765000,-0.28532227873802185,-0.31769999861717224
754,0.3770000,-0.28425365686416626,-0.31630000472068787
755,0.3775000,-0.28322020173072815,-0.31479999423027039
756,0.3780000,-0.28222396969795227,-0.31330001354217529
757,0.3785000,-0.28126206994056702,-0.31180000305175781
758,0.3790000,-0.28033033013343811,-0.31029999256134033
759,0.3795000,-0.27942386269569397,-0.30869999527931213
760,0.3800000,-0.27854415774345398,-0.30709999799728394
761,0.3805000,-0.27769699692726135,-0.30550000071525574
762,0.3810000,-0.27688619494438171,-0.30390000343322754
763,0.3815000,-0.2761111855506897,-0.30219998955726624
764,0.3820000,-0.27536502480506897,-0.30059999227523804
765,0.3825000,-0.27464741468429565,-0.29890000820159912
766,0.3830000,-0.27395987510681152,-0.29719999432563782
767,0.3835000,-0.27329379320144653,-0.2955000102519989
768,0.3840000,-0.27263984084129333,-0.2937999963760376
769,0.3845000,-0.27199321985244751,-0.29199999570846558
770,0.3850000,-0.27135249972343445,-0.29030001163482666
771,0.3855000,-0.27071487903594971,-0.28859999775886536
772,0.3860000,-0.27007710933685303,-0.28690001368522644
773,0.3865000,-0.26944544911384583,-0.28510001301765442
774,0.3870000,-0.26882773637771606,-0.28339999914169312
775,0.3875000,-0.26821714639663696,-0.28169998526573181
776,0.3880000,-0.26759761571884155,-0.2800000011920929
777,0.3885000,-0.26695716381072998,-0.27829998731613159
778,0.3890000,-0.26629090309143066,-0.27660000324249268
779,0.3895000,-0.26559534668922424,-0.27500000596046448
780,0.3900000,-0.26486769318580627,-0.27329999208450317
781,0.3905000,-0.26411515474319458,-0.27169999480247498
782,0.3910000,-0.26335018873214722,-0.27009999752044678
783,0.3915000,-0.26257389783859253,-0.26850000023841858
784,0.3920000,-0.26177427172660828,-0.2669999897480011
785,0.3925000,-0.26093947887420654,-0.26550000905990601
786,0.3930000,-0.26006966829299927,-0.26399999856948853
787,0.3935000,-0.25916957855224609,-0.26249998807907104
788,0.3940000,-0.25823676586151123,-0.26100000739097595
789,0.3945000,-0.2572702169418335,-0.25960001349449158
790,0.3950000,-0.25627827644348145,-0.25819998979568481
791,0.3955000,-0.25526764988899231,-0.25690001249313354
792,0.3960000,-0.25423908233642578,-0.25560000538825989
793,0.3965000,-0.25319156050682068,-0.25429999828338623
794,0.3970000,-0.25212424993515015,-0.25299999117851257
795,0.3975000,-0.25103819370269775,-0.25180000066757202
796,0.3980000,-0.24993100762367249,-0.25060001015663147
797,0.3985000,-0.24880492687225342,-0.24950000643730164
798,0.3990000,-0.24767069518566132,-0.2484000027179718
799,0.3995000,-0.2465316504240036,-0.24729999899864197
800,0.4000000,-0.24538752436637878,-0.24619999527931213
801,0.4005000,-0.2442382276058197,-0.24519999325275421
802,0.4010000,-0.24308185279369354,-0.24420000612735748
803,0.4015000,-0.2419220507144928,-0.24320000410079956
804,0.4020000,-0.24075767397880554,-0.24230000376701355
805,0.4025000,-0.23958578705787659,-0.24140000343322754
806,0.4030000,-0.23841093480587006,-0.24050000309944153
807,0.4035000,-0.23723405599594116,-0.23960000276565552
808,0.4040000,-0.23604322969913483,-0.23880000412464142
809,0.4045000,-0.23481680452823639,-0.23800000548362732
810,0.4050000,-0.23354487121105194,-0.23720000684261322
811,0.4055000,-0.2322329580783844,-0.23649999499320984
812,0.4060000,-0.23088620603084564,-0.23579999804496765
813,0.4065000,-0.22950784862041473,-0.23510000109672546
814,0.4070000,-0.22810360789299011,-0.23440000414848328
815,0.4075000,-0.22667747735977173,-0.23370000720024109
816,0.4080000,-0.22523193061351776,-0.23309999704360962
817,0.4085000,-0.22377435863018036,-0.23240000009536743
818,0.4090000,-0.22231094539165497,-0.23180000483989716
819,0.4095000,-0.22084212303161621,-0.23119999468326569
820,0.4100000,-0.21936623752117157,-0.23059999942779541
821,0.4105000,-0.21788211166858673,-0.23010000586509705
822,0.4110000,-0.2163928896188736,-0.22949999570846558
823,0.4115000,-0.21490047872066498,-0.22900000214576721
824,0.4120000,-0.21340294182300568,-0.22840000689029694
825,0.4125000,-0.21190054714679718,-0.22789999842643738
826,0.4130000,-0.2103932648897171,-0.22740000486373901
827,0.4135000,-0.20888075232505798,-0.22689999639987946
828,0.4140000,-0.20736335217952728,-0.22640000283718109
829,0.4145000,-0.20584067702293396,-0.22589999437332153
830,0.4150000,-0.20431721210479736,-0.22540000081062317
831,0.4155000,-0.20279951393604279,-0.2249000072479248
832,0.4160000,-0.20128722488880157,-0.22439999878406525
833,0.4165000,-0.19977718591690063,-0.22390000522136688
834,0.4170000,-0.19826965034008026,-0.22339999675750732
835,0.4175000,-0.19676877558231354,-0.22290000319480896
836,0.4180000,-0.19527909159660339,-0.2223999947309494
837,0.4185000,-0.19380205869674683,-0.22179999947547913
838,0.4190000,-0.19233992695808411,-0.22130000591278076
839,0.4195000,-0.19089601933956146,-0.2207999974489212
840,0.4200000,-0.18947035074234009,-0.22020000219345093
841,0.4205000,-0.18806365132331848,-0.21969999372959137
842,0.4210000,-0.18668091297149658,-0.21909999847412109
843,0.4215000,-0.18532678484916687,-0.21850000321865082
844,0.4220000,-0.18400250375270844,-0.21789999306201935
845,0.4225000,-0.18270418047904968,-0.21729999780654907
846,0.4230000,-0.18142692744731903,-0.2167000025510788
847,0.4235000,-0.18016867339611053,-0.21610000729560852
848,0.4240000,-0.1789243072271347,-0.21539999544620514
849,0.4245000,-0.17769110202789307,-0.21469999849796295
850,0.4250000,-0.17647288739681244,-0.21400000154972076
851,0.4255000,-0.17527151107788086,-0.21330000460147858
852,0.4260000,-0.17408719658851624,-0.2125999927520752
853,0.4265000,-0.17291957139968872,-0.21189999580383301
854,0.4270000,-0.17176555097103119,-0.21109999716281891
855,0.4275000,-0.17062176764011383,-0.21029999852180481
856,0.4280000,-0.16948817670345306,-0.20949999988079071
857,0.4285000,-0.16836738586425781,-0.20870000123977661
858,0.4290000,-0.16726037859916687,-0.2078000009059906
859,0.4295000,-0.16616559028625488,-0.2070000022649765
860,0.4300000,-0.16508105397224426,-0.20610000193119049
861,0.4305000,-0.16400822997093201,-0.20520000159740448
862,0.4310000,-0.1629488468170166,-0.20430000126361847
863,0.4315000,-0.16190074384212494,-0.20329999923706055
864,0.4320000,-0.16086532175540924,-0.20239999890327454
865,0.4325000,-0.15984642505645752,-0.20149999856948853
866,0.4330000,-0.15884454548358917,-0.2004999965429306
867,0.4335000,-0.15786173939704895,-0.19949999451637268
868,0.4340000,-0.15690019726753235,-0.19850000739097595
869,0.4345000,-0.15595734119415283,-0.19750000536441803
870,0.4350000,-0.15502861142158508,-0.19650000333786011
871,0.4355000,-0.1541149765253067,-0.19550000131130219
872,0.4360000,-0.15322586894035339,-0.19449999928474426
873,0.4365000,-0.15236952900886536,-0.19349999725818634
874,0.4370000,-0.15154646337032318,-0.19249999523162842
875,0.4375000,-0.1507551521062851,-0.1914999932050705
876,0.4380000,-0.14999480545520782,-0.19040000438690186
877,0.4385000,-0.14926084876060486,-0.18940000236034393
878,0.4390000,-0.14854687452316284,-0.18840000033378601
879,0.4395000,-0.14785182476043701,-0.18739999830722809
880,0.4400000,-0.14718009531497955,-0.18639999628067017
881,0.4405000,-0.1465391218662262,-0.18539999425411224
882,0.4410000,-0.14593307673931122,-0.18440000712871552
883,0.4415000,-0.145358607172966,-0.18340000510215759
884,0.4420000,-0.14481048285961151,-0.18240000307559967
885,0.4425000,-0.1442842036485672,-0.18150000274181366
886,0.4430000,-0.1437758207321167,-0.18050000071525574
887,0.4435000,-0.14328286051750183,-0.17949999868869781
888,0.4440000,-0.14280793070793152,-0.1785999983549118
889,0.4445000,-0.14236040413379669,-0.17759999632835388
890,0.4450000,-0.14194448292255402,-0.17669999599456787
891,0.4455000,-0.14155399799346924,-0.17579999566078186
892,0.4460000,-0.14118225872516632,-0.17489999532699585
893,0.4465000,-0.14082369208335876,-0.17399999499320984
894,0.4470000,-0.1404736340045929,-0.17309999465942383
895,0.4475000,-0.140131875872612,-0.17219999432563782
896,0.4480000,-0.13979791104793549,-0.17129999399185181
897,0.4485000,-0.13947118818759918,-0.17049999535083771
898,0.4490000,-0.13915400207042694,-0.1695999950170517
899,0.4495000,-0.13884630799293518,-0.16869999468326569
900,0.4500000,-0.13854546844959259,-0.16789999604225159
901,0.4505000,-0.13824936747550964,-0.16699999570846558
902,0.4510000,-0.13795554637908936,-0.16619999706745148
903,0.4515000,-0.13766235113143921,-0.16529999673366547
904,0.4520000,-0.13736724853515625,-0.16449999809265137
905,0.4525000,-0.13706523180007935,-0.16359999775886536
906,0.4530000,-0.13675357401371002,-0.16269999742507935
907,0.4535000,-0.13643339276313782,-0.16189999878406525
908,0.4540000,-0.1361064612865448,-0.16099999845027924
909,0.4545000,-0.13577151298522949,-0.16009999811649323
910,0.4550000,-0.13542643189430237,-0.15919999778270721
911,0.4555000,-0.13507288694381714,-0.1582999974489212
912,0.4560000,-0.13471761345863342,-0.15739999711513519
913,0.4565000,-0.13436967134475708,-0.15649999678134918
914,0.4570000,-0.13403201103210449,-0.15549999475479126
915,0.4575000,-0.13370373845100403,-0.15459999442100525
916,0.4580000,-0.13338384032249451,-0.15360000729560852
917,0.4585000,-0.13306877017021179,-0.1526000052690506
918,0.4590000,-0.13275958597660065,-0.15160000324249268
919,0.4595000,-0.13245922327041626,-0.15060000121593475
920,0.4600000,-0.13216865062713623,-0.14949999749660492
921,0.4605000,-0.13189254701137543,-0.14839999377727509
922,0.4610000,-0.13163347542285919,-0.14740000665187836
923,0.4615000,-0.13139092922210693,-0.14620000123977661
924,0.4620000,-0.13116264343261719,-0.14509999752044678
925,0.4625000,-0.13094277679920197,-0.14390000700950623
926,0.4630000,-0.13073122501373291,-0.14280000329017639
927,0.4635000,-0.13053157925605774,-0.14159999787807465
928,0.4640000,-0.13034652173519135,-0.14030000567436218
929,0.4645000,-0.13018247485160828,-0.13910000026226044
930,0.4650000,-0.13004347681999207,-0.13779999315738678
931,0.4655000,-0.12992668151855469,-0.13650000095367432
932,0.4660000,-0.12982720136642456,-0.13519999384880066
933,0.4665000,-0.12974107265472412,-0.1339000016450882
934,0.4670000,-0.12966614961624146,-0.13249999284744263
935,0.4675000,-0.12960037589073181,-0.13120000064373016
936,0.4680000,-0.12954285740852356,-0.12980000674724579
937,0.4685000,-0.12949664890766144,-0.12839999794960022
938,0.4690000,-0.12946431338787079,-0.12700000405311584
939,0.4695000,-0.12944513559341431,-0.12549999356269836
940,0.4700000,-0.12943592667579651,-0.12409999966621399
941,0.4705000,-0.12943118810653687,-0.12259999662637711
942,0.4710000,-0.12942621111869812,-0.12120000272989273
943,0.4715000,-0.12941814959049225,-0.11969999969005585
944,0.4720000,-0.12940597534179688,-0.11819999665021896
945,0.4725000,-0.12939062714576721,-0.11670000106096268
946,0.4730000,-0.12937164306640625,-0.11529999971389771
947,0.4735000,-0.12934720516204834,-0.11379999667406082
948,0.4740000,-0.12931475043296814,-0.11230000108480453
949,0.4745000,-0.1292705237865448,-0.11079999804496765
950,0.4750000,-0.1292126476764679,-0.10930000245571136
951,0.4755000,-0.12913998961448669,-0.10779999941587448
952,0.4760000,-0.12904930114746094,-0.10639999806880951
953,0.4765000,-0.12893898785114288,-0.10490000247955322
954,0.4770000,-0.12881071865558624,-0.10350000113248825
955,0.4775000,-0.12866351008415222,-0.10199999809265137
956,0.4780000,-0.12849432229995728,-0.1005999967455864
957,0.4785000,-0.12830036878585815,-0.09920000284910202
958,0.4790000,-0.1280788779258728,-0.097800001502037048
959,0.4795000,-0.12782849371433258,-0.096400000154972076
960,0.4800000,-0.12754690647125244,-0.095100000500679016
961,0.4805000,-0.12723429501056671,-0.093699999153614044
962,0.4810000,-0.12689609825611115,-0.092399999499320984
963,0.4815000,-0.12653553485870361,-0.091099999845027924
964,0.4820000,-0.12615083158016205,-0.089900001883506775
965,0.4825000,-0.12573978304862976,-0.088600002229213715
966,0.4830000,-0.12530064582824707,-0.087399996817111969
967,0.4835000,-0.12483149766921997,-0.08619999885559082
968,0.4840000,-0.12432876974344254,-0.085100002586841583
969,0.4845000,-0.12379041314125061,-0.083899997174739838
970,0.4850000,-0.12322096526622772,-0.082800000905990601
971,0.4855000,-0.12262463569641113,-0.081799998879432678
972,0.4860000,-0.12200218439102173,-0.080700002610683441
973,0.4865000,-0.12135506421327591,-0.079700000584125519
974,0.4870000,-0.12068333476781845,-0.078699998557567596
975,0.4875000,-0.11998713761568069,-0.077699996531009674
976,0.4880000,-0.11926882714033127,-0.07680000364780426
977,0.4885000,-0.11853094398975372,-0.07590000331401825
978,0.4890000,-0.11777698993682861,-0.075000002980232239
979,0.4895000,-0.11700785160064697,-0.074199996888637543
980,0.4900000,-0.11622324585914612,-0.073299996554851532
981,0.4905000,-0.11542724817991257,-0.072499997913837433
982,0.4910000,-0.11462221294641495,-0.071699999272823334
983,0.4915000,-0.11380685120820999,-0.070900000631809235
984,0.4920000,-0.11298348009586334,-0.070200003683567047
985,0.4925000,-0.11215835809707642,-0.069399997591972351
986,0.4930000,-0.11133518069982529,-0.068700000643730164
987,0.4935000,-0.11051065474748611,-0.068000003695487976
988,0.4940000,-0.10968253016471863,-0.067299999296665192
989,0.4945000,-0.10885554552078247,-0.066600002348423004
990,0.4950000,-0.1080315113067627,-0.06589999794960022
991,0.4955000,-0.10720878094434738,-0.065200001001358032
992,0.4960000,-0.10638795047998428,-0.064499996602535248
993,0.4965000,-0.10557034611701965,-0.06379999965429306
994,0.4970000,-0.10475656390190125,-0.063100002706050873
995,0.4975000,-0.10394331812858582,-0.062399998307228088
996,0.4980000,-0.10312875360250473,-0.061700001358985901
997,0.4985000,-0.10231536626815796,-0.061000000685453415
998,0.4990000,-0.10150336474180222,-0.060300000011920929
999,0.4995000,-0.10069277882575989,-0.059599999338388443
1000,0.5000000,-0.099883072078227997,-0.058800000697374344
1001,0.5005000,-0.099073514342308044,-0.058100000023841858
1002,0.5010000,-0.09826505184173584,-0.057300001382827759
1003,0.5015000,-0.097455605864524841,-0.056499999016523361
1004,0.5020000,-0.096644066274166107,-0.055700000375509262
1005,0.5025000,-0.09583185613155365,-0.054800000041723251
1006,0.5030000,-0.095018945634365082,-0.054000001400709152
1007,0.5035000,-0.094204477965831757,-0.053100001066923141
1008,0.5040000,-0.093386434018611908,-0.052200000733137131
1009,0.5045000,-0.092566214501857758,-0.051199998706579208
1010,0.5050000,-0.091748334467411041,-0.050299998372793198
1011,0.5055000,-0.090932704508304596,-0.049300000071525574
1012,0.5060000,-0.090118296444416046,-0.04830000177025795
1013,0.5065000,-0.089305922389030457,-0.047200001776218414
1014,0.5070000,-0.088494867086410522,-0.046199999749660492
1015,0.5075000,-0.087683483958244324,-0.045099999755620956
1016,0.5080000,-0.086872763931751251,-0.043900001794099808
1017,0.5085000,-0.086069442331790924,-0.042800001800060272
1018,0.5090000,-0.085279881954193115,-0.041600000113248825
1019,0.5095000,-0.084503866732120514,-0.040399998426437378
1020,0.5100000,-0.08373936265707016,-0.039200000464916229
1021,0.5105000,-0.082985147833824158,-0.037999998778104782
1022,0.5110000,-0.082239322364330292,-0.036800000816583633
1023,0.5115000,-0.081500045955181122,-0.035500001162290573
1024,0.5120000,-0.080763131380081177,-0.034200001507997513
1025,0.5125000,-0.080025576055049896,-0.032900001853704453
1026,0.5130000,-0.079290509223937988,-0.031599998474121094
1027,0.5135000,-0.078560993075370789,-0.030300000682473183
1028,0.5140000,-0.077836722135543823,-0.028999999165534973
1029,0.5145000,-0.077115468680858612,-0.027699999511241913
1030,0.5150000,-0.076395183801651001,-0.02630000002682209
1031,0.5155000,-0.075675018131732941,-0.02500000037252903
1032,0.5160000,-0.074950575828552246,-0.02370000071823597
1033,0.5165000,-0.074215613305568695,-0.02239999920129776
1034,0.5170000,-0.073469318449497223,-0.0210999995470047
1035,0.5175000,-0.072715140879154205,-0.019799999892711639
1036,0.5180000,-0.071955882012844086,-0.018500000238418579
1037,0.5185000,-0.071191214025020599,-0.017200000584125519
1038,0.5190000,-0.070419669151306152,-0.016000000759959221
1039,0.5195000,-0.069642409682273865,-0.014800000004470348
1040,0.5200000,-0.06886078417301178,-0.01360000018030405
1041,0.5205000,-0.068071603775024414,-0.012400000356137753
1042,0.5210000,-0.067272171378135681,-0.01119999960064888
1043,0.5215000,-0.066465660929679871,-0.010099999606609344
1044,0.5220000,-0.065655797719955444,-0.008999999612569809
1045,0.5225000,-0.064842432737350464,-0.0080000003799796104
1046,0.5230000,-0.064025327563285828,-0.0068999999202787876
1047,0.5235000,-0.063206292688846588,-0.0059000002220273018
1048,0.5240000,-0.062385313212871552,-0.004999999888241291
1049,0.5245000,-0.061558511108160019,-0.0041000000201165676
1050,0.5250000,-0.060723543167114258,-0.0031999999191612005
1051,0.5255000,-0.059884652495384216,-0.0023000000510364771
1052,0.5260000,-0.059047266840934753,-0.001500000013038516
1053,0.5265000,-0.058211680501699448,-0.00079999997979030013
1054,0.5270000,-0.057376924902200699,-0
1055,0.5275000,-0.056545674800872803,0.000699999975040555
1056,0.5280000,-0.05571916326880455,0.0013000000035390258
1057,0.5285000,-0.054893173277378082,0.0019000000320374966
1058,0.5290000,-0.054064106196165085,0.0024999999441206455
1059,0.5295000,-0.053233500570058823,0.0031000000890344381
1060,0.5300000,-0.052403956651687622,0.003599999938160181
1061,0.5305000,-0.051574908196926117,0.0041000000201165676
1062,0.5310000,-0.050746515393257141,0.0044999998062849045
1063,0.5315000,-0.049920491874217987,0.0049000000581145287
1064,0.5320000,-0.049098268151283264,0.0052999998442828655
1065,0.5325000,-0.048281881958246231,0.0057000000961124897
1066,0.5330000,-0.047471906989812851,0.0060000000521540642
1067,0.5335000,-0.046669546514749527,0.006399999838322401
1068,0.5340000,-0.045878000557422638,0.0066999997943639755
1069,0.5345000,-0.045097101479768753,0.0070000002160668373
1070,0.5350000,-0.04432503879070282,0.0071999998763203621
1071,0.5355000,-0.043563075363636017,0.0074999998323619366
1072,0.5360000,-0.04281533882021904,0.007799999788403511
1073,0.5365000,-0.042086750268936157,0.0080000003799796104
1074,0.5370000,-0.04137774184346199,0.0082999998703598976
1075,0.5375000,-0.040687266737222672,0.008500000461935997
1076,0.5380000,-0.040016643702983856,0.0087999999523162842
1077,0.5385000,-0.039364714175462723,0.008999999612569809
1078,0.5390000,-0.038728628307580948,0.0093000000342726707
1079,0.5395000,-0.038107506930828094,0.0096000004559755325
1080,0.5400000,-0.037501651793718338,0.0098999999463558197
1081,0.5405000,-0.036910556256771088,0.010200000368058681
1082,0.5410000,-0.036332175135612488,0.010499999858438969
1083,0.5415000,-0.035766132175922394,0.01080000028014183
1084,0.5420000,-0.035213612020015717,0.01119999960064888
1085,0.5425000,-0.034672517329454422,0.011500000022351742
1086,0.5430000,-0.034139052033424377,0.011900000274181366
1087,0.5435000,-0.03361186757683754,0.012299999594688416
1088,0.5440000,-0.03309214860200882,0.01269999984651804
1089,0.5445000,-0.032580584287643433,0.013199999928474426
1090,0.5450000,-0.03207508847117424,0.013700000010430813
1091,0.5455000,-0.0315738245844841,0.014200000092387199
1092,0.5460000,-0.03107726201415062,0.014700000174343586
1093,0.5465000,-0.030585870146751404,0.015300000086426735
1094,0.5470000,-0.030099198222160339,0.015799999237060547
1095,0.5475000,-0.02961624413728714,0.01640000008046627
1096,0.5480000,-0.029133664444088936,0.017000000923871994
1097,0.5485000,-0.028644468635320663,0.017699999734759331
1098,0.5490000,-0.028143446892499924,0.018300000578165054
1099,0.5495000,-0.027632730081677437,0.018999999389052391
1100,0.5500000,-0.027117550373077393,0.019700000062584877
1101,0.5505000,-0.026599826291203499,0.020400000736117363
1102,0.5510000,-0.026079490780830383,0.0210999995470047
1103,0.5515000,-0.025557298213243484,0.021900000050663948
1104,0.5520000,-0.025034738704562187,0.022600000724196434
1105,0.5525000,-0.024512177333235741,0.023399999365210533
1106,0.5530000,-0.023988857865333557,0.024100000038743019
1107,0.5535000,-0.023466572165489197,0.024900000542402267
1108,0.5540000,-0.022948866710066795,0.025599999353289604
1109,0.5545000,-0.022437093779444695,0.026399999856948853
1110,0.5550000,-0.021930834278464317,0.027100000530481339
1111,0.5555000,-0.021429695188999176,0.027899999171495438
1112,0.5560000,-0.020934274420142174,0.028599999845027924
1113,0.5565000,-0.020445195958018303,0.02930000051856041
1114,0.5570000,-0.01996137760579586,0.029999999329447746
1115,0.5575000,-0.01948259212076664,0.030700000002980232
1116,0.5580000,-0.019010676071047783,0.031300000846385956
1117,0.5585000,-0.018546266481280327,0.032000001519918442
1118,0.5590000,-0.018088793382048607,0.032600000500679016
1119,0.5595000,-0.01763787679374218,0.03319999948143959
1120,0.5600000,-0.017192458733916283,0.033700000494718552
1121,0.5605000,-0.016751864925026894,0.034200001507997513
1122,0.5610000,-0.016316086053848267,0.034699998795986176
1123,0.5615000,-0.015886202454566956,0.035100001841783524
1124,0.5620000,-0.015463195741176605,0.035500001162290573
1125,0.5625000,-0.015044885687530041,0.035900000482797623
1126,0.5630000,-0.01463070884346962,0.036200001835823059
1127,0.5635000,-0.014221492223441601,0.036499999463558197
1128,0.5640000,-0.013814453035593033,0.036699999123811722
1129,0.5645000,-0.013407498598098755,0.037000000476837158
1130,0.5650000,-0.012999984435737133,0.037099998444318771
1131,0.5655000,-0.012592524290084839,0.037200000137090683
1132,0.5660000,-0.012186524458229542,0.037300001829862595
1133,0.5665000,-0.011780237779021263,0.037300001829862595
1134,0.5670000,-0.011373667046427727,0.037300001829862595
1135,0.5675000,-0.010967339389026165,0.037300001829862595
1136,0.5680000,-0.010557745583355427,0.037200000137090683
1137,0.5685000,-0.010143812745809555,0.037099998444318771
1138,0.5690000,-0.009726986289024353,0.036899998784065247
1139,0.5695000,-0.0093078026548027992,0.036699999123811722
1140,0.5700000,-0.0088868299499154091,0.036499999463558197
1141,0.5705000,-0.0084635550156235695,0.036299999803304672
1142,0.5710000,-0.0080381091684103012,0.035999998450279236
1143,0.5715000,-0.0076106325723230839,0.035700000822544098
1144,0.5720000,-0.0071797147393226624,0.035399999469518661
1145,0.5725000,-0.0067466939799487591,0.035000000149011612
1146,0.5730000,-0.0063132070936262608,0.034699998795986176
1147,0.5735000,-0.0058781495317816734,0.034299999475479126
1148,0.5740000,-0.0054405308328568935,0.034000001847743988
1149,0.5745000,-0.0050005125813186169,0.03359999880194664
1150,0.5750000,-0.004559527151286602,0.03319999948143959
1151,0.5755000,-0.0041171535849571228,0.032800000160932541
1152,0.5760000,-0.0036703781224787235,0.032400000840425491
1153,0.5765000,-0.0032188126351684332,0.032099999487400055
1154,0.5770000,-0.0027641421183943748,0.031700000166893005
1155,0.5775000,-0.0023071863688528538,0.031300000846385956
1156,0.5780000,-0.0018478929996490479,0.030999999493360519
1157,0.5785000,-0.0013855337165296078,0.030700000002980232
1158,0.5790000,-0.0009216297185048461,0.030400000512599945
1159,0.5795000,-0.00045840151142328978,0.030099999159574509
1160,0.5800000,5.9784506447613239e-06,0.029899999499320984
1161,0.5805000,0.0004741857701446861,0.029699999839067459
1162,0.5810000,0.00094692944549024105,0.029500000178813934
1163,0.5815000,0.0014236546121537685,0.02930000051856041
1164,0.5820000,0.0019042438361793756,0.029200000688433647
1165,0.5825000,0.0023903530091047287,0.029200000688433647
1166,0.5830000,0.0028808941133320332,0.029100000858306885
1167,0.5835000,0.0033743255771696568,0.029100000858306885
1168,0.5840000,0.0038717950228601694,0.029200000688433647
1169,0.5845000,0.0043726265430450439,0.02930000051856041
1170,0.5850000,0.004875929094851017,0.029400000348687172
1171,0.5855000,0.0053806020878255367,0.029600000008940697
1172,0.5860000,0.0058854823000729084,0.029799999669194221
1173,0.5865000,0.0063921855762600899,0.030099999159574509
1174,0.5870000,0.006900095846503973,0.030400000512599945
1175,0.5875000,0.0074074519798159599,0.030799999833106995
1176,0.5880000,0.0079155601561069489,0.031199999153614044
1177,0.5885000,0.0084253065288066864,0.031700000166893005
1178,0.5890000,0.0089371716603636742,0.032200001180171967
1179,0.5895000,0.0094511918723583221,0.032699998468160629
1180,0.5900000,0.0099666900932788849,0.033300001174211502
1181,0.5905000,0.010483125224709511,0.033900000154972076
1182,0.5910000,0.010998318903148174,0.034600000828504562
1183,0.5915000,0.011512298136949539,0.035300001502037048
1184,0.5920000,0.012027847580611706,0.035999998450279236
1185,0.5925000,0.012546236626803875,0.036800000816583633
1186,0.5930000,0.013067876920104027,0.037599999457597733
1187,0.5935000,0.013591443188488483,0.03840000182390213
1188,0.5940000,0.01411550585180521,0.039299998432397842
1189,0.5945000,0.01464010588824749,0.04010000079870224
1190,0.5950000,0.015163129195570946,0.041000001132488251
1191,0.5955000,0.01568257063627243,0.041999999433755875
1192,0.5960000,0.016200508922338486,0.042899999767541885
1193,0.5965000,0.016720220446586609,0.043900001794099808
1194,0.5970000,0.017242182046175003,0.04479999840259552
1195,0.5975000,0.017765393480658531,0.045800000429153442
1196,0.5980000,0.01828991062939167,0.046799998730421066
1197,0.5985000,0.018814889714121819,0.047800000756978989
1198,0.5990000,0.01933768205344677,0.048700001090764999
1199,0.5995000,0.019856793805956841,0.049699999392032623
1200,0.6000000,0.020372219383716583,0.050700001418590546
1201,0.6005000,0.020883725956082344,0.05169999971985817
1202,0.6010000,0.021390128880739212,0.052700001746416092
1203,0.6015000,0.021889721974730492,0.053599998354911804
1204,0.6020000,0.022382479161024094,0.054600000381469727
1205,0.6025000,0.022869398817420006,0.055500000715255737
1206,0.6030000,0.023349964991211891,0.056499999016523361
1207,0.6035000,0.023823179304599762,0.057399999350309372
1208,0.6040000,0.024286847561597824,0.058299999684095383
1209,0.6045000,0.024737412109971046,0.059200000017881393
1210,0.6050000,0.025173811241984367,0.059999998658895493
1211,0.6055000,0.025597209110856056,0.060899998992681503
1212,0.6060000,0.026008984073996544,0.061700001358985901
1213,0.6065000,0.026409395039081573,0.0625
1214,0.6070000,0.026798857375979424,0.063199996948242188
1215,0.6075000,0.027179261669516563,0.064000003039836884
1216,0.6080000,0.027552148327231407,0.064699999988079071
1217,0.6085000,0.027918921783566475,0.065399996936321259
1218,0.6090000,0.028279563412070274,0.066100001335144043
1219,0.6095000,0.028633624315261841,0.066699996590614319
1220,0.6100000,0.028983103111386299,0.067400000989437103
1221,0.6105000,0.029328865930438042,0.068000003695487976
1222,0.6110000,0.029669217765331268,0.068599998950958252
1223,0.6115000,0.030003935098648071,0.069099999964237213
1224,0.6120000,0.030335968360304832,0.069700002670288086
1225,0.6125000,0.030668249353766441,0.070200003683567047
1226,0.6130000,0.030999898910522461,0.070699997246265411
1227,0.6135000,0.031328976154327393,0.071099996566772461
1228,0.6140000,0.031657181680202484,0.071599997580051422
1229,0.6145000,0.031987331807613373,0.071999996900558472
1230,0.6150000,0.032318592071533203,0.072400003671646118
1231,0.6155000,0.032648995518684387,0.072800002992153168
1232,0.6160000,0.032979115843772888,0.073200002312660217
1233,0.6165000,0.033311441540718079,0.073499999940395355
1234,0.6170000,0.033646628260612488,0.073899999260902405
1235,0.6175000,0.033982321619987488,0.074199996888637543
1236,0.6180000,0.03431914746761322,0.074500001966953278
1237,0.6185000,0.034659259021282196,0.074799999594688416
1238,0.6190000,0.034999944269657135,0.075099997222423553
1239,0.6195000,0.035338055342435837,0.075400002300739288
1240,0.6200000,0.035675447434186935,0.075699999928474426
1241,0.6205000,0.036016352474689484,0.075999997556209564
1242,0.6210000,0.036362327635288239,0.076200000941753387
1243,0.6215000,0.036710042506456375,0.076499998569488525
1244,0.6220000,0.037058457732200623,0.076700001955032349
1245,0.6225000,0.037410926073789597,0.076999999582767487
1246,0.6230000,0.037764757871627808,0.07720000296831131
1247,0.6235000,0.038115367293357849,0.077500000596046448
1248,0.6240000,0.038464948534965515,0.077699996531009674
1249,0.6245000,0.038817495107650757,0.078000001609325409
1250,0.6250000,0.039174195379018784,0.078199997544288635
1251,0.6255000,0.039532296359539032,0.07850000262260437
1252,0.6260000,0.039890781044960022,0.078699998557567596
1253,0.6265000,0.040252499282360077,0.079000003635883331
1254,0.6270000,0.040615741163492203,0.079199999570846558
1255,0.6275000,0.04097742959856987,0.079499997198581696
1256,0.6280000,0.041339781135320663,0.079700000584125519
1257,0.6285000,0.041706785559654236,0.079999998211860657
1258,0.6290000,0.042081337422132492,0.080300003290176392
1259,0.6295000,0.042463798075914383,0.08060000091791153
1260,0.6300000,0.042854174971580505,0.080899998545646667
1261,0.6305000,0.043252389878034592,0.081200003623962402
1262,0.6310000,0.043654751032590866,0.08150000125169754
1263,0.6315000,0.044060081243515015,0.081799998879432678
1264,0.6320000,0.044470664113759995,0.082099996507167816
1265,0.6325000,0.044886957854032516,0.082400001585483551
1266,0.6330000,0.045309439301490784,0.082699999213218689
1267,0.6335000,0.045737762004137039,0.083099998533725739
1268,0.6340000,0.046172048896551132,0.083400003612041473
1269,0.6345000,0.046611957252025604,0.083800002932548523
1270,0.6350000,0.047054141759872437,0.084100000560283661
1271,0.6355000,0.047498911619186401,0.08449999988079071
1272,0.6360000,0.04794827476143837,0.084799997508525848
1273,0.6365000,0.04840034618973732,0.085199996829032898
1274,0.6370000,0.048852529376745224,0.085600003600120544
1275,0.6375000,0.049302160739898682,0.085900001227855682
1276,0.6380000,0.049749329686164856,0.086300000548362732
1277,0.6385000,0.050194814801216125,0.086699999868869781
1278,0.6390000,0.050635736435651779,0.086999997496604919
1279,0.6395000,0.051072724163532257,0.087399996817111969
1280,0.6400000,0.05150921642780304,0.087800003588199615
1281,0.6405000,0.051945719867944717,0.088200002908706665
1282,0.6410000,0.052379637956619263,0.088500000536441803
1283,0.6415000,0.052807047963142395,0.088899999856948853
1284,0.6420000,0.053227037191390991,0.089299999177455902
1285,0.6425000,0.053639158606529236,0.08959999680519104
1286,0.6430000,0.054041493684053421,0.090000003576278687
1287,0.6435000,0.054435722529888153,0.090400002896785736
1288,0.6440000,0.054825842380523682,0.090700000524520874
1289,0.6445000,0.055214438587427139,0.090999998152256012
1290,0.6450000,0.055601410567760468,0.091399997472763062
1291,0.6455000,0.055986769497394562,0.091700002551078796
1292,0.6460000,0.056372057646512985,0.092000000178813934
1293,0.6465000,0.056755390018224716,0.092299997806549072
1294,0.6470000,0.057133596390485764,0.092600002884864807
1295,0.6475000,0.057505778968334198,0.092900000512599945
1296,0.6480000,0.05787234753370285,0.093199998140335083
1297,0.6485000,0.058235488831996918,0.093500003218650818
1298,0.6490000,0.058594506233930588,0.093800000846385956
1299,0.6495000,0.058947015553712845,0.093999996781349182
1300,0.6500000,0.059294454753398895,0.094300001859664917
1301,0.6505000,0.05963602289557457,0.094599999487400055
1302,0.6510000,0.059968933463096619,0.094800002872943878
1303,0.6515000,0.060293145477771759,0.094999998807907104
1304,0.6520000,0.060608897358179092,0.095299996435642242
1305,0.6525000,0.060916390269994736,0.095499999821186066
1306,0.6530000,0.061216071248054504,0.095700003206729889
1307,0.6535000,0.061509065330028534,0.095899999141693115
1308,0.6540000,0.061795681715011597,0.096100002527236938
1309,0.6545000,0.062074214220046997,0.096299998462200165
1310,0.6550000,0.062345676124095917,0.096500001847743988
1311,0.6555000,0.062611564993858337,0.096699997782707214
1312,0.6560000,0.062871366739273071,0.096900001168251038
1313,0.6565000,0.063128195703029633,0.097099997103214264
1314,0.6570000,0.063385419547557831,0.097300000488758087
1315,0.6575000,0.063643127679824829,0.097499996423721313
1316,0.6580000,0.06390063464641571,0.097699999809265137
1317,0.6585000,0.064158380031585693,0.09790000319480896
1318,0.6590000,0.064418822526931763,0.098099999129772186
1319,0.6595000,0.064682148396968842,0.09830000251531601
1320,0.6600000,0.064947344362735748,0.098499998450279236
1321,0.6605000,0.065216861665248871,0.098700001835823059
1322,0.6610000,0.065492942929267883,0.098899997770786285
1323,0.6615000,0.065774910151958466,0.099100001156330109
1324,0.6620000,0.066061928868293762,0.09920000284910202
1325,0.6625000,0.066353149712085724,0.099399998784065247
1326,0.6630000,0.066646769642829895,0.09960000216960907
1327,0.6635000,0.066943332552909851,0.099799998104572296
1328,0.6640000,0.067245453596115112,0.10000000149011612
1329,0.6645000,0.0675555020570755,0.10019999742507935
1330,0.6650000,0.06787446141242981,0.10040000081062317
1331,0.6655000,0.06820051372051239,0.1005999967455864
1332,0.6660000,0.068532928824424744,0.10080000013113022
1333,0.6665000,0.068870984017848969,0.10100000351667404
1334,0.6670000,0.069209747016429901,0.10119999945163727
1335,0.6675000,0.069544754922389984,0.10140000283718109
1336,0.6680000,0.069878131151199341,0.10159999877214432
1337,0.6685000,0.07021457701921463,0.10170000046491623
1338,0.6690000,0.070555731654167175,0.10189999639987946
1339,0.6695000,0.070901013910770416,0.10199999809265137
1340,0.6700000,0.071248263120651245,0.10220000147819519
1341,0.6705000,0.071594104170799255,0.1023000031709671
1342,0.6710000,0.071934334933757782,0.10239999741315842
1343,0.6715000,0.072267346084117889,0.10249999910593033
1344,0.6720000,0.072594471275806427,0.10260000079870224
1345,0.6725000,0.072916001081466675,0.10260000079870224
1346,0.6730000,0.073232144117355347,0.10270000249147415
1347,0.6735000,0.073542922735214233,0.10270000249147415
1348,0.6740000,0.073848597705364227,0.10270000249147415
1349,0.6745000,0.074148789048194885,0.10270000249147415
1350,0.6750000,0.074440464377403259,0.10260000079870224
1351,0.6755000,0.074722938239574432,0.10260000079870224
1352,0.6760000,0.074998058378696442,0.10249999910593033
1353,0.6765000,0.075266338884830475,0.10239999741315842
1354,0.6770000,0.07552783191204071,0.1023000031709671
1355,0.6775000,0.075783498585224152,0.10209999978542328
1356,0.6780000,0.076034717261791229,0.10189999639987946
1357,0.6785000,0.076280497014522552,0.10170000046491623
1358,0.6790000,0.07651742547750473,0.10149999707937241
1359,0.6795000,0.076743662357330322,0.10119999945163727
1360,0.6800000,0.076960131525993347,0.10090000182390213
1361,0.6805000,0.077169075608253479,0.1005999967455864
1362,0.6810000,0.077371150255203247,0.10029999911785126
1363,0.6815000,0.077563263475894928,0.10000000149011612
1364,0.6820000,0.077743157744407654,0.09960000216960907
1365,0.6825000,0.077910587191581726,0.09920000284910202
1366,0.6830000,0.078066445887088776,0.098800003528594971
1367,0.6835000,0.078211545944213867,0.098399996757507324
1368,0.6840000,0.078346244990825653,0.097999997437000275
1369,0.6845000,0.078469894826412201,0.097499996423721313
1370,0.6850000,0.078579232096672058,0.097099997103214264
1371,0.6855000,0.078673109412193298,0.0966000035405159
1372,0.6860000,0.078752294182777405,0.096199996769428253
1373,0.6865000,0.078816503286361694,0.095700003206729889
1374,0.6870000,0.078865595161914825,0.095299996435642242
1375,0.6875000,0.078901089727878571,0.094800002872943878
1376,0.6880000,0.078926205635070801,0.094400003552436829
1377,0.6885000,0.078943535685539246,0.093900002539157867
1378,0.6890000,0.0789523646235466,0.093500003218650818
1379,0.6895000,0.078950546681880951,0.093099996447563171
1380,0.6900000,0.078940242528915405,0.092799998819828033
1381,0.6905000,0.078923776745796204,0.092399999499320984
1382,0.6910000,0.078900188207626343,0.092100001871585846
1383,0.6915000,0.078871339559555054,0.091799996793270111
1384,0.6920000,0.078838258981704712,0.091600000858306885
1385,0.6925000,0.07879842072725296,0.091399997472763062
1386,0.6930000,0.078751608729362488,0.091200001537799835
1387,0.6935000,0.078702561557292938,0.091099999845027924
1388,0.6940000,0.078658260405063629,0.091099999845027924
1389,0.6945000,0.078620642423629761,0.091099999845027924
1390,0.6950000,0.078588373959064484,0.091200001537799835
1391,0.6955000,0.078563511371612549,0.091300003230571747
1392,0.6960000,0.078552916646003723,0.091499999165534973
1393,0.6965000,0.078563585877418518,0.091799996793270111
1394,0.6970000,0.078595340251922607,0.092100001871585846
1395,0.6975000,0.078647270798683167,0.092600002884864807
1396,0.6980000,0.078720606863498688,0.093099996447563171
1397,0.6985000,0.078813724219799042,0.093599997460842133
1398,0.6990000,0.078928939998149872,0.094300001859664917
1399,0.6995000,0.079070746898651123,0.094999998807907104
1400,0.7000000,0.079237967729568481,0.095899999141693115
1401,0.7005000,0.079426273703575134,0.096799999475479126
1402,0.7010000,0.079633377492427826,0.097800001502037048
1403,0.7015000,0.079859025776386261,0.098899997770786285
1404,0.7020000,0.080103009939193726,0.10010000318288803
1405,0.7025000,0.080367311835289001,0.10130000114440918
1406,0.7030000,0.080654099583625793,0.10270000249147415
1407,0.7035000,0.080964893102645874,0.10409999638795853
1408,0.7040000,0.081303507089614868,0.10570000112056732
1409,0.7045000,0.081673145294189453,0.10729999840259552
1410,0.7050000,0.082074016332626343,0.10899999737739563
1411,0.7055000,0.082506135106086731,0.11069999635219574
1412,0.7060000,0.082976043224334717,0.11259999871253967
1413,0.7065000,0.083491608500480652,0.11450000107288361
1414,0.7070000,0.08404938131570816,0.11649999767541885
1415,0.7075000,0.084643997251987457,0.1185000017285347
1416,0.7080000,0.08527778834104538,0.12060000002384186
1417,0.7085000,0.085954412817955017,0.12280000001192093
1418,0.7090000,0.086679987609386444,0.125
1419,0.7095000,0.087461188435554504,0.12729999423027039
1420,0.7100000,0.088301137089729309,0.12960000336170197
1421,0.7105000,0.089204154908657074,0.13189999759197235
1422,0.7110000,0.09016919881105423,0.13429999351501465
1423,0.7115000,0.091189198195934296,0.13670000433921814
1424,0.7120000,0.092262618243694305,0.13920000195503235
1425,0.7125000,0.093392394483089447,0.14159999787807465
1426,0.7130000,0.09458237886428833,0.14409999549388885
1427,0.7135000,0.095833219587802887,0.14650000631809235
1428,0.7140000,0.09714023768901825,0.14900000393390656
1429,0.7145000,0.098503552377223969,0.15139999985694885
1430,0.7150000,0.099925637245178223,0.15389999747276306
1431,0.7155000,0.10140375047922134,0.15629999339580536
1432,0.7160000,0.10293550044298172,0.15870000422000885
1433,0.7165000,0.10451832413673401,0.16110000014305115
1434,0.7170000,0.1061515137553215,0.16339999437332153
1435,0.7175000,0.10783443599939346,0.16570000350475311
1436,0.7180000,0.10956138372421265,0.1679999977350235
1437,0.7185000,0.11133222281932831,0.17020000517368317
1438,0.7190000,0.11314825713634491,0.17239999771118164
1439,0.7195000,0.11500419676303864,0.1745000034570694
1440,0.7200000,0.11689029633998871,0.17659999430179596
1441,0.7205000,0.11879239976406097,0.1785999983549118
1442,0.7210000,0.12070506811141968,0.18060000240802765
1443,0.7215000,0.12263062596321106,0.18250000476837158
1444,0.7220000,0.12456656992435455,0.1843000054359436
1445,0.7225000,0.1265120655298233,0.18610000610351562
1446,0.7230000,0.12847098708152771,0.18790000677108765
1447,0.7235000,0.13044415414333344,0.18960000574588776
1448,0.7240000,0.1324307918548584,0.19120000302791595
1449,0.7245000,0.13443174958229065,0.19280000030994415
1450,0.7250000,0.13644823431968689,0.19429999589920044
1451,0.7255000,0.1384817510843277,0.19580000638961792
1452,0.7260000,0.14053124189376831,0.19720000028610229
1453,0.7265000,0.14259235560894012,0.19859999418258667
1454,0.7270000,0.1446644514799118,0.20000000298023224
1455,0.7275000,0.14674976468086243,0.20139999687671661
1456,0.7280000,0.14884442090988159,0.20270000398159027
1457,0.7285000,0.15094451606273651,0.20399999618530273
1458,0.7290000,0.15305326879024506,0.20520000159740448
1459,0.7295000,0.15517289936542511,0.20649999380111694
1460,0.7300000,0.15730006992816925,0.2078000009059906
1461,0.7305000,0.15943056344985962,0.20900000631809235
1462,0.7310000,0.1615627110004425,0.21029999852180481
1463,0.7315000,0.16369804739952087,0.21160000562667847
1464,0.7320000,0.16583281755447388,0.21289999783039093
1465,0.7325000,0.16795706748962402,0.21420000493526459
1466,0.7330000,0.17006771266460419,0.21549999713897705
1467,0.7335000,0.17216692864894867,0.21690000593662262
1468,0.7340000,0.17425335943698883,0.21829999983310699
1469,0.7345000,0.17632468044757843,0.21969999372959137
1470,0.7350000,0.1783825010061264,0.22120000422000885
1471,0.7355000,0.18042893707752228,0.22269999980926514
1472,0.7360000,0.18246071040630341,0.22429999709129333
1473,0.7365000,0.18447448313236237,0.22589999437332153
1474,0.7370000,0.18647408485412598,0.22759999334812164
1475,0.7375000,0.18846264481544495,0.22939999401569366
1476,0.7380000,0.19043760001659393,0.23119999468326569
1477,0.7385000,0.19239805638790131,0.23299999535083771
1478,0.7390000,0.19434639811515808,0.23499999940395355
1479,0.7395000,0.19628164172172546,0.23690000176429749
1480,0.7400000,0.19820359349250793,0.23899999260902405
1481,0.7405000,0.20012488961219788,0.2410999983549118
1482,0.7410000,0.20206071436405182,0.24330000579357147
1483,0.7415000,0.20401377975940704,0.24549999833106995
1484,0.7420000,0.20597954094409943,0.24779999256134033
1485,0.7425000,0.20795808732509613,0.25009998679161072
1486,0.7430000,0.20995557308197021,0.25249999761581421
1487,0.7435000,0.21196974813938141,0.2549000084400177
1488,0.7440000,0.21399271488189697,0.25740000605583191
1489,0.7445000,0.21602857112884521,0.25990000367164612
1490,0.7450000,0.21808606386184692,0.26240000128746033
1491,0.7455000,0.22016791999340057,0.26499998569488525
1492,0.7460000,0.22227288782596588,0.26759999990463257
1493,0.7465000,0.22440367937088013,0.27020001411437988
1494,0.7470000,0.22656884789466858,0.27279999852180481
1495,0.7475000,0.22876711189746857,0.27549999952316284
1496,0.7480000,0.23099182546138763,0.27810001373291016
1497,0.7485000,0.23324625194072723,0.28069999814033508
1498,0.7490000,0.23553512990474701,0.2833000123500824
1499,0.7495000,0.23785778880119324,0.28589999675750732
1500,0.7500000,0.24021093547344208,0.28850001096725464
1501,0.7505000,0.24259655177593231,0.29109999537467957
1502,0.7510000,0.24502189457416534,0.29359999299049377
1503,0.7515000,0.24748404324054718,0.29600000381469727
1504,0.7520000,0.24996878206729889,0.29840001463890076
1505,0.7525000,0.25246208906173706,0.30079999566078186
1506,0.7530000,0.25495436787605286,0.30309998989105225
1507,0.7535000,0.25744062662124634,0.30529999732971191
1508,0.7540000,0.25992041826248169,0.30739998817443848
1509,0.7545000,0.26239609718322754,0.30950000882148743
1510,0.7550000,0.26487255096435547,0.31139999628067017
1511,0.7555000,0.26734840869903564,0.31330001354217529
1512,0.7560000,0.26981481909751892,0.31499999761581421
1513,0.7565000,0.27226674556732178,0.31670001149177551
1514,0.7570000,0.2746996283531189,0.31819999217987061
1515,0.7575000,0.27710729837417603,0.31959998607635498
1516,0.7580000,0.27948650717735291,0.32089999318122864
1517,0.7585000,0.28183206915855408,0.32210001349449158
1518,0.7590000,0.28414103388786316,0.32310000061988831
1519,0.7595000,0.28641849756240845,0.3239000141620636
1520,0.7600000,0.2886587381362915,0.3246999979019165
1521,0.7605000,0.29084375500679016,0.32519999146461487
1522,0.7610000,0.29296118021011353,0.32570001482963562
1523,0.7615000,0.29500287771224976,0.32589998841285706
1524,0.7620000,0.29696393013000488,0.32600000500679016
1525,0.7625000,0.29883942008018494,0.32600000500679016
1526,0.7630000,0.30062595009803772,0.32580000162124634
1527,0.7635000,0.30232629179954529,0.32539999485015869
1528,0.7640000,0.30393823981285095,0.32480001449584961
1529,0.7645000,0.3054538369178772,0.32409998774528503
1530,0.7650000,0.30686551332473755,0.32319998741149902
1531,0.7655000,0.30816599726676941,0.32220000028610229
1532,0.7660000,0.30935052037239075,0.32089999318122864
1533,0.7665000,0.31041795015335083,0.31949999928474426
1534,0.7670000,0.31137159466743469,0.31799998879432678
1535,0.7675000,0.31221276521682739,0.31630000472068787
1536,0.7680000,0.31293168663978577,0.31439998745918274
1537,0.7685000,0.31351399421691895,0.31229999661445618
1538,0.7690000,0.31395265460014343,0.31009998917579651
1539,0.7695000,0.31424909830093384,0.30770000815391541
1540,0.7700000,0.31440368294715881,0.3052000105381012
1541,0.7705000,0.31441652774810791,0.30259999632835388
1542,0.7710000,0.31429374217987061,0.29980000853538513
1543,0.7715000,0.31403586268424988,0.29679998755455017
1544,0.7720000,0.31363204121589661,0.29370000958442688
1545,0.7725000,0.31306937336921692,0.2904999852180481
1546,0.7730000,0.31234261393547058,0.28720000386238098
1547,0.7735000,0.3114534318447113,0.28369998931884766
1548,0.7740000,0.31040537357330322,0.28009998798370361
1549,0.7745000,0.30920302867889404,0.27639999985694885
1550,0.7750000,0.30785036087036133,0.27259999513626099
1551,0.7755000,0.30634891986846924,0.2685999870300293
1552,0.7760000,0.30470004677772522,0.26460000872612
1553,0.7765000,0.3029123842716217,0.26050001382827759
1554,0.7770000,0.30099231004714966,0.25630000233650208
1555,0.7775000,0.29893606901168823,0.25200000405311584
1556,0.7780000,0.29674181342124939,0.2476000040769577
1557,0.7785000,0.29440790414810181,0.24320000410079956
1558,0.7790000,0.29193279147148132,0.2386000007390976
1559,0.7795000,0.28931713104248047,0.23409999907016754
1560,0.7800000,0.28655931353569031,0.22939999401569366
1561,0.7805000,0.28366568684577942,0.22470000386238098
1562,0.7810000,0.28064689040184021,0.21989999711513519
1563,0.7815000,0.27750411629676819,0.2151000052690506
1564,0.7820000,0.27423927187919617,0.2101999968290329
1565,0.7825000,0.27086025476455688,0.20530000329017639
1566,0.7830000,0.26737362146377563,0.20029999315738678
1567,0.7835000,0.2637820839881897,0.19529999792575836
1568,0.7840000,0.2600836455821991,0.19020000100135803
1569,0.7845000,0.25627762079238892,0.1851000040769577
1570,0.7850000,0.25237143039703369,0.18000000715255737
1571,0.7855000,0.24837657809257507,0.17479999363422394
1572,0.7860000,0.24429845809936523,0.1695999950170517
1573,0.7865000,0.2401358038187027,0.16439999639987946
1574,0.7870000,0.23589171469211578,0.15919999778270721
1575,0.7875000,0.23157258331775665,0.15389999747276306
1576,0.7880000,0.22718235850334167,0.14859999716281891
1577,0.7885000,0.22272369265556335,0.14329999685287476
1578,0.7890000,0.21820186078548431,0.13789999485015869
1579,0.7895000,0.21362511813640594,0.13249999284744263
1580,0.7900000,0.20899607241153717,0.12720000743865967
1581,0.7905000,0.20431025326251984,0.12179999798536301
1582,0.7910000,0.19956871867179871,0.11630000174045563
1583,0.7915000,0.19478130340576172,0.11089999973773956
1584,0.7920000,0.18995381891727448,0.10540000349283218
1585,0.7925000,0.18508775532245636,0.10000000149011612
1586,0.7930000,0.18019039928913116,0.094499997794628143
1587,0.7935000,0.17526635527610779,0.089000001549720764
1588,0.7940000,0.17031213641166687,0.0835999995470047
1589,0.7945000,0.16533078253269196,0.078100003302097321
1590,0.7950000,0.16033226251602173,0.072599999606609344
1591,0.7955000,0.15532161295413971,0.067100003361701965
1592,0.7960000,0.15029411017894745,0.061599999666213989
1593,0.7965000,0.14524291455745697,0.056200001388788223
1594,0.7970000,0.14017146825790405,0.050700001418590546
1595,0.7975000,0.13508456945419312,0.045299999415874481
1596,0.7980000,0.12998124957084656,0.039799999445676804
1597,0.7985000,0.12486596405506134,0.034400001168251038
1598,0.7990000,0.11974693834781647,0.029100000858306885
1599,0.7995000,0.11462976038455963,0.02370000071823597
1600,0.8000000,0.10951734334230423,0.018400000408291817
1601,0.8005000,0.10440713167190552,0.013100000098347664
1602,0.8010000,0.09929734468460083,0.0078999996185302734
1603,0.8015000,0.094191700220108032,0.0027000000700354576
1604,0.8020000,0.089094124734401703,-0.0024000001139938831
1605,0.8025000,0.084010392427444458,-0.0074999998323619366
1606,0.8030000,0.078946985304355621,-0.012600000016391277
1607,0.8035000,0.073909729719161987,-0.017500000074505806
1608,0.8040000,0.068905040621757507,-0.02239999920129776
1609,0.8045000,0.063933700323104858,-0.027300000190734863
1610,0.8050000,0.058995962142944336,-0.032000001519918442
1611,0.8055000,0.054094843566417694,-0.036699999123811722
1612,0.8060000,0.049233108758926392,-0.041299998760223389
1613,0.8065000,0.0444137342274189,-0.045899998396635056
1614,0.8070000,0.039636652916669846,-0.050299998372793198
1615,0.8075000,0.034905314445495605,-0.054600000381469727
1616,0.8080000,0.030226528644561768,-0.058899998664855957
1617,0.8085000,0.025601994246244431,-0.063100002706050873
1618,0.8090000,0.021033512428402901,-0.067100003361701965
1619,0.8095000,0.016523558646440506,-0.071099996566772461
1620,0.8100000,0.012073924764990807,-0.075000002980232239
1621,0.8105000,0.0076877027750015259,-0.078699998557567596
1622,0.8110000,0.003365752287209034,-0.082400001585483551
1623,0.8115000,-0.00089077651500701904,-0.085900001227855682
1624,0.8120000,-0.0050818212330341339,-0.089400000870227814
1625,0.8125000,-0.0092103146016597748,-0.092699997127056122
1626,0.8130000,-0.013274652883410454,-0.095899999141693115
1627,0.8135000,-0.017270069569349289,-0.098999999463558197
1628,0.8140000,-0.021194644272327423,-0.10199999809265137
1629,0.8145000,-0.025048170238733292,-0.10490000247955322
1630,0.8150000,-0.028830263763666153,-0.10769999772310257
1631,0.8155000,-0.032540138810873032,-0.1103999987244606
1632,0.8160000,-0.036177556961774826,-0.11289999634027481
1633,0.8165000,-0.039744056761264801,-0.11540000140666962
1634,0.8170000,-0.04324018582701683,-0.1177000030875206
1635,0.8175000,-0.046665355563163757,-0.11990000307559967
1636,0.8180000,-0.050019312649965286,-0.12210000306367874
1637,0.8185000,-0.053301602602005005,-0.12409999966621399
1638,0.8190000,-0.056510906666517258,-0.12600000202655792
1639,0.8195000,-0.059644799679517746,-0.12780000269412994
1640,0.8200000,-0.062704585492610931,-0.12950000166893005
1641,0.8205000,-0.065695509314537048,-0.13099999725818634
1642,0.8210000,-0.068619504570960999,-0.13249999284744263
1643,0.8215000,-0.071474775671958923,-0.1339000016450882
1644,0.8220000,-0.074261680245399475,-0.13519999384880066
1645,0.8225000,-0.076982095837593079,-0.1363999992609024
1646,0.8230000,-0.079634413123130798,-0.13750000298023224
1647,0.8235000,-0.082214795053005219,-0.13850000500679016
1648,0.8240000,-0.084722347557544708,-0.13940000534057617
1649,0.8245000,-0.087160997092723846,-0.14020000398159027
1650,0.8250000,-0.089533403515815735,-0.14090000092983246
1651,0.8255000,-0.091836512088775635,-0.14149999618530273
1652,0.8260000,-0.094068743288516998,-0.14200000464916229
1653,0.8265000,-0.09623243659734726,-0.14249999821186066
1654,0.8270000,-0.098327547311782837,-0.1429000049829483
1655,0.8275000,-0.10035237669944763,-0.14319999516010284
1656,0.8280000,-0.10230961441993713,-0.14339999854564667
1657,0.8285000,-0.10420570522546768,-0.14350000023841858
1658,0.8290000,-0.10604318231344223,-0.14360000193119049
1659,0.8295000,-0.10781870782375336,-0.14360000193119049
1660,0.8300000,-0.10953125357627869,-0.14350000023841858
1661,0.8305000,-0.11118268221616745,-0.14339999854564667
1662,0.8310000,-0.11277025192975998,-0.14319999516010284
1663,0.8315000,-0.1142912283539772,-0.1429000049829483
1664,0.8320000,-0.11574961245059967,-0.14259999990463257
1665,0.8325000,-0.11715205758810043,-0.14219999313354492
1666,0.8330000,-0.11850191652774811,-0.14169999957084656
1667,0.8335000,-0.11979858577251434,-0.14129999279975891
1668,0.8340000,-0.12104365974664688,-0.14069999754428864
1669,0.8345000,-0.12223896384239197,-0.14010000228881836
1670,0.8350000,-0.12338079512119293,-0.13950000703334808
1671,0.8355000,-0.12446597963571548,-0.1387999951839447
1672,0.8360000,-0.12549245357513428,-0.13809999823570251
1673,0.8365000,-0.12645739316940308,-0.13740000128746033
1674,0.8370000,-0.12736108899116516,-0.13660000264644623
1675,0.8375000,-0.12820547819137573,-0.13580000400543213
1676,0.8380000,-0.1289951503276825,-0.13500000536441803
1677,0.8385000,-0.12973226606845856,-0.13410000503063202
1678,0.8390000,-0.13041308522224426,-0.13330000638961792
1679,0.8395000,-0.13103725016117096,-0.13240000605583191
1680,0.8400000,-0.13160783052444458,-0.1315000057220459
1681,0.8405000,-0.13212774693965912,-0.13050000369548798
1682,0.8410000,-0.13260072469711304,-0.12960000336170197
1683,0.8415000,-0.1330282986164093,-0.12860000133514404
1684,0.8420000,-0.13341018557548523,-0.12770000100135803
1685,0.8425000,-0.13375000655651093,-0.12669999897480011
1686,0.8430000,-0.13405092060565948,-0.1257999986410141
1687,0.8435000,-0.13431239128112793,-0.12479999661445618
1688,0.8440000,-0.13453622162342072,-0.12380000203847885
1689,0.8445000,-0.13472685217857361,-0.12290000170469284
1690,0.8450000,-0.13488936424255371,-0.12189999967813492
1691,0.8455000,-0.13502669334411621,-0.12099999934434891
1692,0.8460000,-0.13514000177383423,-0.1200999990105629
1693,0.8465000,-0.13523107767105103,-0.11909999698400497
1694,0.8470000,-0.13529819250106812,-0.11819999665021896
1695,0.8475000,-0.13533748686313629,-0.11729999631643295
1696,0.8480000,-0.13534891605377197,-0.11640000343322754
1697,0.8485000,-0.13533627986907959,-0.11550000309944153
1698,0.8490000,-0.13530334830284119,-0.11469999700784683
1699,0.8495000,-0.13524964451789856,-0.11379999667406082
1700,0.8500000,-0.13517454266548157,-0.11299999803304672
1701,0.8505000,-0.13508030772209167,-0.11219999939203262
1702,0.8510000,-0.13496629893779755,-0.11140000075101852
1703,0.8515000,-0.13482831418514252,-0.11060000211000443
1704,0.8520000,-0.13466605544090271,-0.10980000346899033
1705,0.8525000,-0.13448451459407806,-0.10909999907016754
1706,0.8530000,-0.1342850923538208,-0.10840000212192535
1707,0.8535000,-0.13406744599342346,-0.10760000348091125
1708,0.8540000,-0.13383445143699646,-0.10689999908208847
1709,0.8545000,-0.13358713686466217,-0.10620000213384628
1710,0.8550000,-0.13332289457321167,-0.1054999977350235
1711,0.8555000,-0.13303697109222412,-0.10490000247955322
1712,0.8560000,-0.13272747397422791,-0.10419999808073044
1713,0.8565000,-0.13239702582359314,-0.10350000113248825
1714,0.8570000,-0.13204558193683624,-0.10279999673366547
1715,0.8575000,-0.13167038559913635,-0.10209999978542328
1716,0.8580000,-0.13127008080482483,-0.10149999707937241
1717,0.8585000,-0.13084673881530762,-0.10080000013113022
1718,0.8590000,-0.13040375709533691,-0.10010000318288803
1719,0.8595000,-0.12993966042995453,-0.099399998784065247
1720,0.8600000,-0.12944719195365906,-0.098600000143051147
1721,0.8605000,-0.12891906499862671,-0.09790000319480896
1722,0.8610000,-0.12835267186164856,-0.097099997103214264
1723,0.8615000,-0.12774777412414551,-0.096299998462200165
1724,0.8620000,-0.12710659205913544,-0.095499999821186066
1725,0.8625000,-0.12643389403820038,-0.094599999487400055
1726,0.8630000,-0.12573345005512238,-0.093699999153614044
1727,0.8635000,-0.12500694394111633,-0.092799998819828033
1728,0.8640000,-0.12425222992897034,-0.091799996793270111
1729,0.8645000,-0.12346460670232773,-0.090800002217292786
1730,0.8650000,-0.12264417111873627,-0.089699998497962952
1731,0.8655000,-0.12179154902696609,-0.088600002229213715
1732,0.8660000,-0.12090467661619186,-0.087399996817111969
1733,0.8665000,-0.11998683959245682,-0.08619999885559082
1734,0.8670000,-0.11904233694076538,-0.08489999920129776
1735,0.8675000,-0.11807084083557129,-0.083499997854232788
1736,0.8680000,-0.11706975102424622,-0.082099996507167816
1737,0.8685000,-0.11603391170501709,-0.08060000091791153
1738,0.8690000,-0.11496101319789886,-0.079099997878074646
1739,0.8695000,-0.11385083943605423,-0.077500000596046448
1740,0.8700000,-0.11270207911729813,-0.075800001621246338
1741,0.8705000,-0.11151687055826187,-0.074100002646446228
1742,0.8710000,-0.11029666662216187,-0.072300001978874207
1743,0.8715000,-0.10904219001531601,-0.070399999618530273
1744,0.8720000,-0.10775266587734222,-0.06849999725818634
1745,0.8725000,-0.10642453283071518,-0.066500000655651093
1746,0.8730000,-0.1050584614276886,-0.064499996602535248
1747,0.8735000,-0.10365620255470276,-0.062399998307228088
1748,0.8740000,-0.10221929103136063,-0.060199998319149017
1749,0.8745000,-0.10075201839208603,-0.057999998331069946
1750,0.8750000,-0.09925822913646698,-0.055799998342990875
1751,0.8755000,-0.097739972174167633,-0.053500000387430191
1752,0.8760000,-0.096193097531795502,-0.051199998706579208
1753,0.8765000,-0.094610162079334259,-0.048900000751018524
1754,0.8770000,-0.092991746962070465,-0.046500001102685928
1755,0.8775000,-0.09134228527545929,-0.044199999421834946
1756,0.8780000,-0.089665129780769348,-0.04179999977350235
1757,0.8785000,-0.087965995073318481,-0.039400000125169754
1758,0.8790000,-0.086249306797981262,-0.037099998444318771
1759,0.8795000,-0.08451678603887558,-0.034699998795986176
1760,0.8800000,-0.082772389054298401,-0.032400000840425491
1761,0.8805000,-0.081022836267948151,-0.030099999159574509
1762,0.8810000,-0.079274594783782959,-0.027799999341368675
1763,0.8815000,-0.077531874179840088,-0.025599999353289604
1764,0.8820000,-0.075796157121658325,-0.023399999365210533
1765,0.8825000,-0.074067853391170502,-0.021299999207258224
1766,0.8830000,-0.072348006069660187,-0.019200000911951065
1767,0.8835000,-0.070638671517372131,-0.017300000414252281
1768,0.8840000,-0.068943224847316742,-0.015399999916553497
1769,0.8845000,-0.067264586687088013,-0.01360000018030405
1770,0.8850000,-0.065605089068412781,-0.011900000274181366
1771,0.8855000,-0.063966721296310425,-0.010300000198185444
1772,0.8860000,-0.062349237501621246,-0.0087999999523162842
1773,0.8865000,-0.060755234211683273,-0.0074000000022351742
1774,0.8870000,-0.059190414845943451,-0.0060999998822808266
1775,0.8875000,-0.057656083256006241,-0.0049000000581145287
1776,0.8880000,-0.056155551224946976,-0.0038999998942017555
1777,0.8885000,-0.054697804152965546,-0.002899999963119626
1778,0.8890000,-0.053288713097572327,-0.002099999925121665
1779,0.8895000,-0.051928780972957611,-0.00139999995008111
1780,0.8900000,-0.050616800785064697,-0.00079999997979030013
1781,0.8905000,-0.04935498908162117,-0.00039999998989515007
1782,0.8910000,-0.048145432025194168,0
1783,0.8915000,-0.046984590590000153,0.00030000001424923539
1784,0.8920000,-0.045871902257204056,0.00050000002374872565
1785,0.8925000,-0.044811934232711792,0.00060000002849847078
1786,0.8930000,-0.043806165456771851,0.00060000002849847078
1787,0.8935000,-0.042852453887462616,0.00060000002849847078
1788,0.8940000,-0.041946299374103546,0.00060000002849847078
1789,0.8945000,-0.041082479059696198,0.00050000002374872565
1790,0.8950000,-0.040256265550851822,0.00039999998989515007
1791,0.8955000,-0.039462842047214508,0.00030000001424923539
1792,0.8960000,-0.038698289543390274,0.00030000001424923539
1793,0.8965000,-0.037959791719913483,0.00030000001424923539
1794,0.8970000,-0.037245515733957291,0.00050000002374872565
1795,0.8975000,-0.036551337689161301,0.000699999975040555
1796,0.8980000,-0.035869386047124863,0.0010000000474974513
1797,0.8985000,-0.035193979740142822,0.0015999999595806003
1798,0.8990000,-0.034524340182542801,0.0023000000510364771
1799,0.8995000,-0.033855225890874863,0.0031999999191612005
1800,0.9000000,-0.033173598349094391,0.0043999999761581421
1801,0.9005000,-0.032467510551214218,0.0059000002220273018
1802,0.9010000,-0.031723357737064362,0.0076999999582767487
1803,0.9015000,-0.030928466469049454,0.0098000001162290573
1804,0.9020000,-0.030077407136559486,0.012400000356137753
1805,0.9025000,-0.029162358492612839,0.015300000086426735
1806,0.9030000,-0.02817099541425705,0.018699999898672104
1807,0.9035000,-0.027086852118372917,0.022600000724196434
1808,0.9040000,-0.025893401354551315,0.027100000530481339
1809,0.9045000,-0.024576466530561447,0.032000001519918442
1810,0.9050000,-0.023121340200304985,0.037599999457597733
1811,0.9055000,-0.021508736535906792,0.043800000101327896
1812,0.9060000,-0.019711125642061234,0.050599999725818634
1813,0.9065000,-0.017707176506519318,0.058100000023841858
1814,0.9070000,-0.015486797317862511,0.066299997270107269
1815,0.9075000,-0.01303485780954361,0.075199998915195465
1816,0.9080000,-0.010320370085537434,0.084799997508525848
1817,0.9085000,-0.0073057422414422035,0.095200002193450928
1818,0.9090000,-0.0039645545184612274,0.10639999806880951
1819,0.9095000,-0.00027883099392056465,0.11840000003576279
1820,0.9100000,0.0037739709950983524,0.13109999895095825
1821,0.9105000,0.0082218404859304428,0.14460000395774841
1822,0.9110000,0.013092580251395702,0.15899999439716339
1823,0.9115000,0.018401198089122772,0.17409999668598175
1824,0.9120000,0.024152655154466629,0.18999999761581421
1825,0.9125000,0.030356759205460548,0.20659999549388885
1826,0.9130000,0.037027817219495773,0.22400000691413879
1827,0.9135000,0.044184215366840363,0.24210000038146973
1828,0.9140000,0.051846683025360107,0.26089999079704285
1829,0.9145000,0.060025107115507126,0.28040000796318054
1830,0.9150000,0.068717136979103088,0.30050000548362732
1831,0.9155000,0.077933356165885925,0.32120001316070557
1832,0.9160000,0.08769630640745163,0.3425000011920929
1833,0.9165000,0.098009660840034485,0.36419999599456787
1834,0.9170000,0.10886792838573456,0.38629999756813049
1835,0.9175000,0.12028089910745621,0.40889999270439148
1836,0.9180000,0.13225659728050232,0.43169999122619629
1837,0.9185000,0.14478699862957001,0.45480000972747803
1838,0.9190000,0.15786084532737732,0.4779999852180481
1839,0.9195000,0.17145982384681702,0.50129997730255127
1840,0.9200000,0.18557184934616089,0.52460002899169922
1841,0.9205000,0.20020683109760284,0.54790002107620239
1842,0.9210000,0.215365931391716,0.57090002298355103
1843,0.9215000,0.23103293776512146,0.59369999170303345
1844,0.9220000,0.2471863329410553,0.61619997024536133
1845,0.9225000,0.26379483938217163,0.63819998502731323
1846,0.9230000,0.28082364797592163,0.65969997644424438
1847,0.9235000,0.29824352264404297,0.68059998750686646
1848,0.9240000,0.3160131573677063,0.70069998502731323
1849,0.9245000,0.33407145738601685,0.72000002861022949
1850,0.9250000,0.35236188769340515,0.73839998245239258
1851,0.9255000,0.37083166837692261,0.75580000877380371
1852,0.9260000,0.38941875100135803,0.77209997177124023
1853,0.9265000,0.40805599093437195,0.78719997406005859
1854,0.9270000,0.42667612433433533,0.80099999904632568
1855,0.9275000,0.44522163271903992,0.81339997053146362
1856,0.9280000,0.46364408731460571,0.82440000772476196
1857,0.9285000,0.48188549280166626,0.83389997482299805
1858,0.9290000,0.4998752772808075,0.84179997444152832
1859,0.9295000,0.51754361391067505,0.84789997339248657
1860,0.9300000,0.53481912612915039,0.85240000486373901
1861,0.9305000,0.55163055658340454,0.85509997606277466
1862,0.9310000,0.56790393590927124,0.85589998960494995
1863,0.9315000,0.58355981111526489,0.85490000247955322
1864,0.9320000,0.59853094816207886,0.85189998149871826
1865,0.9325000,0.61275351047515869,0.84689998626708984
1866,0.9330000,0.62615102529525757,0.8399999737739563
1867,0.9335000,0.63865214586257935,0.8310999870300293
1868,0.9340000,0.65019351243972778,0.82020002603530884
1869,0.9345000,0.66072148084640503,0.80729997158050537
1870,0.9350000,0.67019373178482056,0.79229998588562012
1871,0.9355000,0.67855930328369141,0.77539998292922974
1872,0.9360000,0.6857643723487854,0.7565000057220459
1873,0.9365000,0.69175064563751221,0.73559999465942383
1874,0.9370000,0.69646644592285156,0.71289998292922974
1875,0.9375000,0.69988161325454712,0.68830001354217529
1876,0.9380000,0.70196729898452759,0.66189998388290405
1877,0.9385000,0.70269405841827393,0.63370001316070557
1878,0.9390000,0.70203149318695068,0.60390001535415649
1879,0.9395000,0.69994986057281494,0.57239997386932373
1880,0.9400000,0.69642853736877441,0.53949999809265137
1881,0.9405000,0.69144737720489502,0.50499999523162842
1882,0.9410000,0.68499326705932617,0.46930000185966492
1883,0.9415000,0.67706072330474854,0.43220001459121704
1884,0.9420000,0.66764873266220093,0.39410001039505005
1885,0.9425000,0.65676981210708618,0.35490000247955322
1886,0.9430000,0.6444399356842041,0.31470000743865967
1887,0.9435000,0.63067322969436646,0.27369999885559082
1888,0.9440000,0.6154753565788269,0.2320999950170517
1889,0.9445000,0.59884834289550781,0.18979999423027039
1890,0.9450000,0.58082157373428345,0.14710000157356262
1891,0.9455000,0.56144046783447266,0.10409999638795853
1892,0.9460000,0.54074430465698242,0.06080000102519989
1893,0.9465000,0.51877635717391968,0.017500000074505806
1894,0.9470000,0.49557963013648987,-0.025800000876188278
1895,0.9475000,0.47119775414466858,-0.068999998271465302
1896,0.9480000,0.44569793343544006,-0.11180000007152557
1897,0.9485000,0.41916117072105408,-0.1542000025510788
1898,0.9490000,0.39165458083152771,-0.19609999656677246
1899,0.9495000,0.36324143409729004,-0.23739999532699585
1900,0.9500000,0.3339906632900238,-0.27790001034736633
1901,0.9505000,0.30396988987922668,-0.31749999523162842
1902,0.9510000,0.27324682474136353,-0.35609999299049377
1903,0.9515000,0.24189490079879761,-0.3937000036239624
1904,0.9520000,0.2099824845790863,-0.43000000715255737
1905,0.9525000,0.17756965756416321,-0.4650999903678894
1906,0.9530000,0.14473485946655273,-0.49880000948905945
1907,0.9535000,0.11157239973545074,-0.53109997510910034
1908,0.9540000,0.078162193298339844,-0.56190001964569092
1909,0.9545000,0.044580645859241486,-0.5910000205039978
1910,0.9550000,0.010921590030193329,-0.6184999942779541
1911,0.9555000,-0.022725732997059822,-0.64420002698898315
1912,0.9560000,-0.056289471685886383,-0.66820001602172852
1913,0.9565000,-0.089698493480682373,-0.69040000438690186
1914,0.9570000,-0.12286968529224396,-0.71069997549057007
1915,0.9575000,-0.15571172535419464,-0.72909998893737793
1916,0.9580000,-0.18814517557621002,-0.74559998512268066
1917,0.9585000,-0.22010008990764618,-0.76020002365112305
1918,0.9590000,-0.25149941444396973,-0.7728000283241272
1919,0.9595000,-0.28226840496063232,-0.78350001573562622
1920,0.9600000,-0.31233012676239014,-0.79229998588562012
1921,0.9605000,-0.34160161018371582,-0.79900002479553223
1922,0.9610000,-0.37000754475593567,-0.80390000343322754
1923,0.9615000,-0.39747893810272217,-0.8069000244140625
1924,0.9620000,-0.42395874857902527,-0.80790001153945923
1925,0.9625000,-0.44940194487571716,-0.80709999799728394
1926,0.9630000,-0.47376418113708496,-0.80460000038146973
1927,0.9635000,-0.49699154496192932,-0.80019998550415039
1928,0.9640000,-0.5190243124961853,-0.79409998655319214
1929,0.9645000,-0.539817214012146,-0.78630000352859497
1930,0.9650000,-0.55933654308319092,-0.77689999341964722
1931,0.9655000,-0.57754617929458618,-0.76599997282028198
1932,0.9660000,-0.59440374374389648,-0.75360000133514404
1933,0.9665000,-0.60987871885299683,-0.73970001935958862
1934,0.9670000,-0.6239694356918335,-0.72450000047683716
1935,0.9675000,-0.63666754961013794,-0.70800000429153442
1936,0.9680000,-0.64794570207595825,-0.69019997119903564
1937,0.9685000,-0.65778440237045288,-0.67140001058578491
1938,0.9690000,-0.66618496179580688,-0.65149998664855957
1939,0.9695000,-0.67316097021102905,-0.6305999755859375
1940,0.9700000,-0.67872077226638794,-0.60890001058578491
1941,0.9705000,-0.68287330865859985,-0.58630001544952393
1942,0.9710000,-0.68563598394393921,-0.56309998035430908
1943,0.9715000,-0.68703228235244751,-0.53909999132156372
1944,0.9720000,-0.68707793951034546,-0.51469999551773071
1945,0.9725000,-0.68577742576599121,-0.48969998955726624
1946,0.9730000,-0.68315023183822632,-0.46439999341964722
1947,0.9735000,-0.67922919988632202,-0.43880000710487366
1948,0.9740000,-0.67405015230178833,-0.41290000081062317
1949,0.9745000,-0.66765624284744263,-0.38690000772476196
1950,0.9750000,-0.66008347272872925,-0.36079999804496765
1951,0.9755000,-0.65136814117431641,-0.33469998836517334
1952,0.9760000,-0.64155691862106323,-0.30869999527931213
1953,0.9765000,-0.63069421052932739,-0.28290000557899475
1954,0.9770000,-0.61882674694061279,-0.2572999894618988
1955,0.9775000,-0.60600459575653076,-0.23190000653266907
1956,0.9780000,-0.59228229522705078,-0.20690000057220459
1957,0.9785000,-0.57771825790405273,-0.18219999969005585
1958,0.9790000,-0.5623658299446106,-0.15809999406337738
1959,0.9795000,-0.5462726354598999,-0.13439999520778656
1960,0.9800000,-0.52948480844497681,-0.11129999905824661
1961,0.9805000,-0.5120624303817749,-0.088699996471405029
1962,0.9810000,-0.49406436085700989,-0.06679999828338623
1963,0.9815000,-0.47553521394729614,-0.045600000768899918
1964,0.9820000,-0.45652586221694946,-0.025100000202655792
1965,0.9825000,-0.43709912896156311,-0.0052999998442828655
1966,0.9830000,-0.41731590032577515,0.013700000010430813
1967,0.9835000,-0.39723396301269531,0.03189999982714653
1968,0.9840000,-0.37691393494606018,0.049400001764297485
1969,0.9845000,-0.35640653967857361,0.065999999642372131
1970,0.9850000,-0.3357643187046051,0.081799998879432678
1971,0.9855000,-0.31504416465759277,0.096799999475479126
1972,0.9860000,-0.29428651928901672,0.11089999973773956
1973,0.9865000,-0.27353635430335999,0.1242000013589859
1974,0.9870000,-0.25285103917121887,0.13670000433921814
1975,0.9875000,-0.23228836059570312,0.14830000698566437
1976,0.9880000,-0.21191036701202393,0.15919999778270721
1977,0.9885000,-0.19176839292049408,0.16920000314712524
1978,0.9890000,-0.17189787328243256,0.17839999496936798
1979,0.9895000,-0.15232793986797333,0.18680000305175781
1980,0.9900000,-0.13308735191822052,0.19449999928474426
1981,0.9905000,-0.11420798301696777,0.20149999856948853
1982,0.9910000,-0.095721207559108734,0.20769999921321869
1983,0.9915000,-0.077663794159889221,0.21320000290870667
1984,0.9920000,-0.060073040425777435,0.21809999644756317
1985,0.9925000,-0.042975999414920807,0.22229999303817749
1986,0.9930000,-0.026394292712211609,0.22599999606609344
1987,0.9935000,-0.010345082730054855,0.22900000214576721
1988,0.9940000,0.0051560606807470322,0.23149999976158142
1989,0.9945000,0.020099431276321411,0.23350000381469727
1990,0.9950000,0.034487448632717133,0.23499999940395355
1991,0.9955000,0.048310674726963043,0.23600000143051147
1992,0.9960000,0.061546742916107178,0.23669999837875366
1993,0.9965000,0.07418099045753479,0.23690000176429749
1994,0.9970000,0.086206898093223572,0.23680000007152557
1995,0.9975000,0.097625255584716797,0.23630000650882721
1996,0.9980000,0.10843468457460403,0.23559999465942383
1997,0.9985000,0.11863203346729279,0.23450000584125519
1998,0.9990000,0.12822538614273071,0.23330000042915344
1999,0.9995000,0.13722538948059082,0.23180000483989716
2000,1.0000000,0.14563436806201935,0.23019999265670776
2001,1.0005000,0.15345665812492371,0.22840000689029694
2002,1.0010000,0.16070771217346191,0.226500004529953
2003,1.0015000,0.16740937530994415,0.22450000047683716
2004,1.0020000,0.17358030378818512,0.22249999642372131
2005,1.0025000,0.17923375964164734,0.22030000388622284
2006,1.0030000,0.18438158929347992,0.21819999814033508
2007,1.0035000,0.18903288245201111,0.21600000560283661
2008,1.0040000,0.19319863617420197,0.21379999816417694
2009,1.0045000,0.19689525663852692,0.21170000731945038
2010,1.0050000,0.20014519989490509,0.20960000157356262
2011,1.0055000,0.20297814905643463,0.20759999752044678
2012,1.0060000,0.20541819930076599,0.20559999346733093
2013,1.0065000,0.20748178660869598,0.20370000600814819
2014,1.0070000,0.20919166505336761,0.20190000534057617
2015,1.0075000,0.21057169139385223,0.20010000467300415
2016,1.0080000,0.21163281798362732,0.19850000739097595
2017,1.0085000,0.21237888932228088,0.19699999690055847
2018,1.0090000,0.2128235399723053,0.1956000030040741
2019,1.0095000,0.21299222111701965,0.19429999589920044
2020,1.0100000,0.21290473639965057,0.1932000070810318
2021,1.0105000,0.21257515251636505,0.19220000505447388
2022,1.0110000,0.21202906966209412,0.19120000302791595
2023,1.0115000,0.21129265427589417,0.19050000607967377
2024,1.0120000,0.21038295328617096,0.18979999423027039
2025,1.0125000,0.20931695401668549,0.18919999897480011
2026,1.0130000,0.20811261236667633,0.18880000710487366
2027,1.0135000,0.20678775012493134,0.18850000202655792
2028,1.0140000,0.20535542070865631,0.1882999986410141
2029,1.0145000,0.20382542908191681,0.18809999525547028
2030,1.0150000,0.20221373438835144,0.18809999525547028
2031,1.0155000,0.20053723454475403,0.18819999694824219
2032,1.0160000,0.19880519807338715,0.18840000033378601
2033,1.0165000,0.19702784717082977,0.18860000371932983
2034,1.0170000,0.19521883130073547,0.18889999389648438
2035,1.0175000,0.19338785111904144,0.18930000066757202
2036,1.0180000,0.19154447317123413,0.18970000743865967
2037,1.0185000,0.18970367312431335,0.19020000100135803
2038,1.0190000,0.18787558376789093,0.1906999945640564
2039,1.0195000,0.18606393039226532,0.19130000472068787
2040,1.0200000,0.18427017331123352,0.19189999997615814
2041,1.0205000,0.18249495327472687,0.19249999523162842
2042,1.0210000,0.18074876070022583,0.1932000070810318
2043,1.0215000,0.17904388904571533,0.19380000233650208
2044,1.0220000,0.17738737165927887,0.19449999928474426
2045,1.0225000,0.17578256130218506,0.19509999454021454
2046,1.0230000,0.17423123121261597,0.19570000469684601
2047,1.0235000,0.17274151742458344,0.1964000016450882
2048,1.0240000,0.17131851613521576,0.19699999690055847
2049,1.0245000,0.16995988786220551,0.19750000536441803
2050,1.0250000,0.1686646044254303,0.19810000061988831
2051,1.0255000,0.16742932796478271,0.19859999418258667
2052,1.0260000,0.16625222563743591,0.19910000264644623
2053,1.0265000,0.16513894498348236,0.19949999451637268
2054,1.0270000,0.16409175097942352,0.19990000128746033
2055,1.0275000,0.16311129927635193,0.20020000636577606
2056,1.0280000,0.16220569610595703,0.2004999965429306
2057,1.0285000,0.16138458251953125,0.20080000162124634
2058,1.0290000,0.1606496125459671,0.20100000500679016
2059,1.0295000,0.15999116003513336,0.20110000669956207
2060,1.0300000,0.15939876437187195,0.20119999349117279
2061,1.0305000,0.15886944532394409,0.20119999349117279
2062,1.0310000,0.1584036648273468,0.20119999349117279
2063,1.0315000,0.15800441801548004,0.20119999349117279
2064,1.0320000,0.15767526626586914,0.20100000500679016
2065,1.0325000,0.15741068124771118,0.20090000331401825
2066,1.0330000,0.15720157325267792,0.20069999992847443
2067,1.0335000,0.15704736113548279,0.20039999485015869
2068,1.0340000,0.15694922208786011,0.20010000467300415
2069,1.0345000,0.1569046676158905,0.19979999959468842
2070,1.0350000,0.15690805017948151,0.19939999282360077
2071,1.0355000,0.15695668756961823,0.19900000095367432
2072,1.0360000,0.15705744922161102,0.19859999418258667
2073,1.0365000,0.15721510350704193,0.19820000231266022
2074,1.0370000,0.15742537379264832,0.19769999384880066
2075,1.0375000,0.15768317878246307,0.19720000028610229
2076,1.0380000,0.15798500180244446,0.19670000672340393
2077,1.0385000,0.1583244651556015,0.19619999825954437
2078,1.0390000,0.15868955850601196,0.19570000469684601
2079,1.0395000,0.159075528383255,0.19519999623298645
2080,1.0400000,0.15948599576950073,0.19470000267028809
2081,1.0405000,0.15991766750812531,0.19419999420642853
2082,1.0410000,0.16036620736122131,0.19370000064373016
2083,1.0415000,0.16082845628261566,0.1932000070810318
2084,1.0420000,0.16129757463932037,0.19280000030994415
2085,1.0425000,0.16176782548427582,0.19239999353885651
2086,1.0430000,0.1622387170791626,0.19200000166893005
2087,1.0435000,0.16271238029003143,0.19159999489784241
2088,1.0440000,0.16319088637828827,0.19130000472068787
2089,1.0445000,0.16367962956428528,0.19099999964237213
2090,1.0450000,0.16417913138866425,0.19079999625682831
2091,1.0455000,0.16467989981174469,0.19059999287128448
2092,1.0460000,0.16517543792724609,0.19040000438690186
2093,1.0465000,0.16566507518291473,0.19030000269412994
2094,1.0470000,0.16615158319473267,0.19030000269412994
2095,1.0475000,0.16663829982280731,0.19030000269412994
2096,1.0480000,0.16711880266666412,0.19030000269412994
2097,1.0485000,0.1675855964422226,0.19050000607967377
2098,1.0490000,0.1680336594581604,0.1906999945640564
2099,1.0495000,0.1684543788433075,0.19089999794960022
2100,1.0500000,0.1688445508480072,0.19120000302791595
2101,1.0505000,0.16920775175094604,0.19159999489784241
2102,1.0510000,0.16954605281352997,0.19200000166893005
2103,1.0515000,0.16985884308815002,0.19249999523162842
2104,1.0520000,0.17015694081783295,0.19310000538825989
2105,1.0525000,0.17045968770980835,0.19370000064373016
2106,1.0530000,0.17077000439167023,0.19439999759197235
2107,1.0535000,0.17107813060283661,0.19519999623298645
2108,1.0540000,0.17137964069843292,0.19599999487400055
2109,1.0545000,0.17167152464389801,0.19689999520778656
2110,1.0550000,0.17194874584674835,0.19779999554157257
2111,1.0555000,0.172210693359375,0.19879999756813049
2112,1.0560000,0.17245939373970032,0.19979999959468842
2113,1.0565000,0.17269502580165863,0.20100000500679016
2114,1.0570000,0.17291316390037537,0.2020999938249588
2115,1.0575000,0.17310793697834015,0.20329999923706055
2116,1.0580000,0.17328092455863953,0.2046000063419342
2117,1.0585000,0.17343786358833313,0.20589999854564667
2118,1.0590000,0.17357997596263885,0.20730000734329224
2119,1.0595000,0.17371237277984619,0.20870000123977661
2120,1.0600000,0.17385324835777283,0.21009999513626099
2121,1.0605000,0.17401856184005737,0.21160000562667847
2122,1.0610000,0.17420992255210876,0.21310000121593475
2123,1.0615000,0.17442241311073303,0.21459999680519104
2124,1.0620000,0.17464938759803772,0.21619999408721924
2125,1.0625000,0.17488597333431244,0.21780000627040863
2126,1.0630000,0.17513513565063477,0.21940000355243683
2127,1.0635000,0.17540353536605835,0.22100000083446503
2128,1.0640000,0.17569439113140106,0.22259999811649323
2129,1.0645000,0.17600780725479126,0.22429999709129333
2130,1.0650000,0.17634141445159912,0.22589999437332153
2131,1.0655000,0.17669343948364258,0.22750000655651093
2132,1.0660000,0.17706203460693359,0.22920000553131104
2133,1.0665000,0.177438884973526,0.23080000281333923
2134,1.0670000,0.17782099545001984,0.23240000009536743
2135,1.0675000,0.17821456491947174,0.23399999737739563
2136,1.0680000,0.17862416803836823,0.23559999465942383
2137,1.0685000,0.17905567586421967,0.23720000684261322
2138,1.0690000,0.17950847744941711,0.23870000243186951
2139,1.0695000,0.1799728125333786,0.24019999802112579
2140,1.0700000,0.18044781684875488,0.24169999361038208
2141,1.0705000,0.18093642592430115,0.24310000240802765
2142,1.0710000,0.18143413960933685,0.24449999630451202
2143,1.0715000,0.18193939328193665,0.24590000510215759
2144,1.0720000,0.18245534598827362,0.24719999730587006
2145,1.0725000,0.18298456072807312,0.24850000441074371
2146,1.0730000,0.18352971971035004,0.24979999661445618
2147,1.0735000,0.18409298360347748,0.25099998712539673
2148,1.0740000,0.18467289209365845,0.25209999084472656
2149,1.0745000,0.18526309728622437,0.2531999945640564
2150,1.0750000,0.18586137890815735,0.25429999828338623
2151,1.0755000,0.18647356331348419,0.25529998540878296
2152,1.0760000,0.18709851801395416,0.25619998574256897
2153,1.0765000,0.18772578239440918,0.25709998607635498
2154,1.0770000,0.18834945559501648,0.25799998641014099
2155,1.0775000,0.18897010385990143,0.25879999995231628
2156,1.0780000,0.18958872556686401,0.25960001349449158
2157,1.0785000,0.19020140171051025,0.26030001044273376
2158,1.0790000,0.19080302119255066,0.26100000739097595
2159,1.0795000,0.19139401614665985,0.26159998774528503
2160,1.0800000,0.19197523593902588,0.2621999979019165
2161,1.0805000,0.19254995882511139,0.26269999146461487
2162,1.0810000,0.19312381744384766,0.26320001482963562
2163,1.0815000,0.1936924159526825,0.26370000839233398
2164,1.0820000,0.19424781203269958,0.26409998536109924
2165,1.0825000,0.19478233158588409,0.26449999213218689
2166,1.0830000,0.19528999924659729,0.26489999890327454
2167,1.0835000,0.19577167928218842,0.26530000567436218
2168,1.0840000,0.1962234228849411,0.26559999585151672
2169,1.0845000,0.19664140045642853,0.26589998602867126
2170,1.0850000,0.19702470302581787,0.26620000600814819
2171,1.0855000,0.1973673552274704,0.26649999618530273
2172,1.0860000,0.19767019152641296,0.26669999957084656
2173,1.0865000,0.19793355464935303,0.2669999897480011
2174,1.0870000,0.19814716279506683,0.26730000972747803
2175,1.0875000,0.19830986857414246,0.26750001311302185
2176,1.0880000,0.19843284785747528,0.26780000329017639
2177,1.0885000,0.19853027164936066,0.26809999346733093
2178,1.0890000,0.19861221313476562,0.26840001344680786
2179,1.0895000,0.19867990911006927,0.2687000036239624
2180,1.0900000,0.19873338937759399,0.26899999380111694
2181,1.0905000,0.19876891374588013,0.26940000057220459
2182,1.0910000,0.19878290593624115,0.26969999074935913
2183,1.0915000,0.19878606498241425,0.27009999752044678
2184,1.0920000,0.19879227876663208,0.27050000429153442
2185,1.0925000,0.1988086998462677,0.27099999785423279
2186,1.0930000,0.19884057343006134,0.27149999141693115
2187,1.0935000,0.19889447093009949,0.2720000147819519
2188,1.0940000,0.19897261261940002,0.27259999513626099
2189,1.0945000,0.19906868040561676,0.27309998869895935
2190,1.0950000,0.19917748868465424,0.27379998564720154
2191,1.0955000,0.19930051267147064,0.27450001239776611
2192,1.0960000,0.19944725930690765,0.2752000093460083
2193,1.0965000,0.19962851703166962,0.27590000629425049
2194,1.0970000,0.19985063374042511,0.27669999003410339
2195,1.0975000,0.2001153975725174,0.2775999903678894
2196,1.0980000,0.20041492581367493,0.27849999070167542
2197,1.0985000,0.20073898136615753,0.27939999103546143
2198,1.0990000,0.20108476281166077,0.28040000796318054
2199,1.0995000,0.20145072042942047,0.28139999508857727
2200,1.1000000,0.20183372497558594,0.2824999988079071
2201,1.1005000,0.20223382115364075,0.28360000252723694
2202,1.1010000,0.20265038311481476,0.28479999303817749
2203,1.1015000,0.20307929813861847,0.28600001335144043
2204,1.1020000,0.20351478457450867,0.2872999906539917
2205,1.1025000,0.20395343005657196,0.28859999775886536
2206,1.1030000,0.204397052526474,0.28990000486373901
2207,1.1035000,0.20484179258346558,0.29129999876022339
2208,1.1040000,0.20527799427509308,0.29269999265670776
2209,1.1045000,0.20570449531078339,0.29420000314712524
2210,1.1050000,0.2061278223991394,0.29570001363754272
2211,1.1055000,0.20655256509780884,0.29719999432563782
2212,1.1060000,0.20698198676109314,0.29879999160766602
2213,1.1065000,0.20742332935333252,0.30039998888969421
2214,1.1070000,0.20787817239761353,0.30199998617172241
2215,1.1075000,0.20833739638328552,0.30370000004768372
2216,1.1080000,0.20880505442619324,0.30540001392364502
2217,1.1085000,0.209300696849823,0.30720001459121704
2218,1.1090000,0.20983253419399261,0.30899998545646667
2219,1.1095000,0.2103947252035141,0.3107999861240387
2220,1.1100000,0.21098271012306213,0.31259998679161072
2221,1.1105000,0.21160237491130829,0.31450000405311584
2222,1.1110000,0.212260901927948,0.31639999151229858
2223,1.1115000,0.21295547485351562,0.31830000877380371
2224,1.1120000,0.21368913352489471,0.32019999623298645
2225,1.1125000,0.21447370946407318,0.32220000028610229
2226,1.1130000,0.21531228721141815,0.32420000433921814
2227,1.1135000,0.21620574593544006,0.32620000839233398
2228,1.1140000,0.21715375781059265,0.32829999923706055
2229,1.1145000,0.21815572679042816,0.33030000329017639
2230,1.1150000,0.21921351552009583,0.33239999413490295
2231,1.1155000,0.2203226238489151,0.3345000147819519
2232,1.1160000,0.22148509323596954,0.33669999241828918
2233,1.1165000,0.22270654141902924,0.33880001306533813
2234,1.1170000,0.22398470342159271,0.34099999070167542
2235,1.1175000,0.22531799972057343,0.34319999814033508
2236,1.1180000,0.22670526802539825,0.34540000557899475
2237,1.1185000,0.22814717888832092,0.34760001301765442
2238,1.1190000,0.22964006662368774,0.3499000072479248
2239,1.1195000,0.23117537796497345,0.35220000147819519
2240,1.1200000,0.23276448249816895,0.35449999570846558
2241,1.1205000,0.23443205654621124,0.35679998993873596
2242,1.1210000,0.23618288338184357,0.35910001397132874
2243,1.1215000,0.23800766468048096,0.36149999499320984
2244,1.1220000,0.2399037629365921,0.36379998922348022
2245,1.1225000,0.24187323451042175,0.36620000004768372
2246,1.1230000,0.2439156174659729,0.36860001087188721
2247,1.1235000,0.24603129923343658,0.37110000848770142
2248,1.1240000,0.24822361767292023,0.37349998950958252
2249,1.1245000,0.2504839301109314,0.37599998712539673
2250,1.1250000,0.25279518961906433,0.37850001454353333
2251,1.1255000,0.2551504373550415,0.38100001215934753
2252,1.1260000,0.25755232572555542,0.38350000977516174
2253,1.1265000,0.25999999046325684,0.38609999418258667
2254,1.1270000,0.26248860359191895,0.38870000839233398
2255,1.1275000,0.26501864194869995,0.39129999279975891
2256,1.1280000,0.26759311556816101,0.39390000700950623
2257,1.1285000,0.27021002769470215,0.39649999141693115
2258,1.1290000,0.27286189794540405,0.39919999241828918
2259,1.1295000,0.27553963661193848,0.40189999341964722
2260,1.1300000,0.27823808789253235,0.40459999442100525
2261,1.1305000,0.28095901012420654,0.40729999542236328
2262,1.1310000,0.28370559215545654,0.40999999642372131
2263,1.1315000,0.28647911548614502,0.41280001401901245
2264,1.1320000,0.28927308320999146,0.4156000018119812
2265,1.1325000,0.29207280278205872,0.41839998960494995
2266,1.1330000,0.29486891627311707,0.42120000720024109
2267,1.1335000,0.29765769839286804,0.42410001158714294
2268,1.1340000,0.30043336749076843,0.42689999938011169
2269,1.1345000,0.30319544672966003,0.42980000376701355
2270,1.1350000,0.30594804883003235,0.43270000815391541
2271,1.1355000,0.30868756771087646,0.43560001254081726
2272,1.1360000,0.31141316890716553,0.43849998712539673
2273,1.1365000,0.31413686275482178,0.44139999151229858
2274,1.1370000,0.31686848402023315,0.44440001249313354
2275,1.1375000,0.31960922479629517,0.44729998707771301
2276,1.1380000,0.32236069440841675,0.45030000805854797
2277,1.1385000,0.32512840628623962,0.45329999923706055
2278,1.1390000,0.3279169499874115,0.4562000036239624
2279,1.1395000,0.33072361350059509,0.45919999480247498
2280,1.1400000,0.33353853225708008,0.46219998598098755
2281,1.1405000,0.33635088801383972,0.46520000696182251
2282,1.1410000,0.33915463089942932,0.46819999814033508
2283,1.1415000,0.34195467829704285,0.47110000252723694
2284,1.1420000,0.34475821256637573,0.47409999370574951
2285,1.1425000,0.34756138920783997,0.47710001468658447
2286,1.1430000,0.3503631055355072,0.47999998927116394
2287,1.1435000,0.35316485166549683,0.4830000102519989
2288,1.1440000,0.35596674680709839,0.48590001463890076
2289,1.1445000,0.35877472162246704,0.48879998922348022
2290,1.1450000,0.36158809065818787,0.49169999361038208
2291,1.1455000,0.36440637707710266,0.49459999799728394
2292,1.1460000,0.36723732948303223,0.49750000238418579
2293,1.1465000,0.37008139491081238,0.50029999017715454
2294,1.1470000,0.37293407320976257,0.50309997797012329
2295,1.1475000,0.37579229474067688,0.50590002536773682
2296,1.1480000,0.37865966558456421,0.50859999656677246
2297,1.1485000,0.3815462589263916,0.51139998435974121
2298,1.1490000,0.38444635272026062,0.51410001516342163
2299,1.1495000,0.38734471797943115,0.51670002937316895
2300,1.1500000,0.39024150371551514,0.51929998397827148
2301,1.1505000,0.39314195513725281,0.5218999981880188
2302,1.1510000,0.39604625105857849,0.52450001239776611
2303,1.1515000,0.39895260334014893,0.52700001001358032
2304,1.1520000,0.40184944868087769,0.52950000762939453
2305,1.1525000,0.40472760796546936,0.53189998865127563
2306,1.1530000,0.40759041905403137,0.53430002927780151
2307,1.1535000,0.41043445467948914,0.53659999370574951
2308,1.1540000,0.41325780749320984,0.53899997472763062
2309,1.1545000,0.41606557369232178,0.54119998216629028
2310,1.1550000,0.41885620355606079,0.54350000619888306
2311,1.1555000,0.42163050174713135,0.54559999704360962
2312,1.1560000,0.42439648509025574,0.54780000448226929
2313,1.1565000,0.42716494202613831,0.54989999532699585
2314,1.1570000,0.42993795871734619,0.55199998617172241
2315,1.1575000,0.43270793557167053,0.55400002002716064
2316,1.1580000,0.43547126650810242,0.5559999942779541
2317,1.1585000,0.43822735548019409,0.55790001153945923
2318,1.1590000,0.4409758448600769,0.55980002880096436
2319,1.1595000,0.4437178373336792,0.56169998645782471
2320,1.1600000,0.4464566707611084,0.56349998712539673
2321,1.1605000,0.4491957426071167,0.56529998779296875
2322,1.1610000,0.45193573832511902,0.56709998846054077
2323,1.1615000,0.45467939972877502,0.56879997253417969
2324,1.1620000,0.45742601156234741,0.57050001621246338
2325,1.1625000,0.46016684174537659,0.57220000028610229
2326,1.1630000,0.4628981351852417,0.57380002737045288
2327,1.1635000,0.46562293171882629,0.57539999485015869
2328,1.1640000,0.46834015846252441,0.57700002193450928
2329,1.1645000,0.47103634476661682,0.57849997282028198
2330,1.1650000,0.47369682788848877,0.58009999990463257
2331,1.1655000,0.47632119059562683,0.58160001039505005
2332,1.1660000,0.47890740633010864,0.58300000429153442
2333,1.1665000,0.48144558072090149,0.5845000147819519
2334,1.1670000,0.48393717408180237,0.58590000867843628
2335,1.1675000,0.48638889193534851,0.58730000257492065
2336,1.1680000,0.48879340291023254,0.58869999647140503
2337,1.1685000,0.49113667011260986,0.5900999903678894
2338,1.1690000,0.49341896176338196,0.59140002727508545
2339,1.1695000,0.49564832448959351,0.59280002117156982
2340,1.1700000,0.49782365560531616,0.59409999847412109
2341,1.1705000,0.49994185566902161,0.59539997577667236
2342,1.1710000,0.50200235843658447,0.59670001268386841
2343,1.1715000,0.50400692224502563,0.59789997339248657
2344,1.1720000,0.50597274303436279,0.59920001029968262
2345,1.1725000,0.50791800022125244,0.60039997100830078
2346,1.1730000,0.50984090566635132,0.60159999132156372
2347,1.1735000,0.51174056529998779,0.60280001163482666
2348,1.1740000,0.51362252235412598,0.60399997234344482
2349,1.1745000,0.51548576354980469,0.60519999265670776
2350,1.1750000,0.51732957363128662,0.6062999963760376
2351,1.1755000,0.51915842294692993,0.60750001668930054
2352,1.1760000,0.52097034454345703,0.60860002040863037
2353,1.1765000,0.52275574207305908,0.60970002412796021
2354,1.1770000,0.52451300621032715,0.61080002784729004
2355,1.1775000,0.52624934911727905,0.61180001497268677
2356,1.1780000,0.52796787023544312,0.6128000020980835
2357,1.1785000,0.52966547012329102,0.61379998922348022
2358,1.1790000,0.53134620189666748,0.61479997634887695
2359,1.1795000,0.5330204963684082,0.61580002307891846
2360,1.1800000,0.5346941351890564,0.61669999361038208
2361,1.1805000,0.53637266159057617,0.61760002374649048
2362,1.1810000,0.53805637359619141,0.618399977684021
2363,1.1815000,0.53973865509033203,0.61919999122619629
2364,1.1820000,0.54141312837600708,0.62000000476837158
2365,1.1825000,0.54307377338409424,0.62080001831054688
2366,1.1830000,0.54471921920776367,0.62150001525878906
2367,1.1835000,0.54635274410247803,0.62209999561309814
2368,1.1840000,0.54796850681304932,0.62269997596740723
2369,1.1845000,0.54955369234085083,0.62319999933242798
2370,1.1850000,0.55110013484954834,0.62370002269744873
2371,1.1855000,0.55260217189788818,0.62410002946853638
2372,1.1860000,0.55405741930007935,0.62449997663497925
2373,1.1865000,0.55546635389328003,0.62470000982284546
2374,1.1870000,0.55682402849197388,0.62489998340606689
2375,1.1875000,0.55812186002731323,0.62510001659393311
2376,1.1880000,0.55935794115066528,0.62510001659393311
2377,1.1885000,0.56053274869918823,0.625
2378,1.1890000,0.5616375207901001,0.62489998340606689
2379,1.1895000,0.56266689300537109,0.62459999322891235
2380,1.1900000,0.56362372636795044,0.62430000305175781
2381,1.1905000,0.56450462341308594,0.62379997968673706
2382,1.1910000,0.56530016660690308,0.62319999933242798
2383,1.1915000,0.56600522994995117,0.62250000238418579
2384,1.1920000,0.5666155219078064,0.62159997224807739
2385,1.1925000,0.56711959838867188,0.62059998512268066
2386,1.1930000,0.5675053596496582,0.61949998140335083
2387,1.1935000,0.56777071952819824,0.61820000410079956
2388,1.1940000,0.56792140007019043,0.61669999361038208
2389,1.1945000,0.56795805692672729,0.61510002613067627
2390,1.1950000,0.56787681579589844,0.61339998245239258
2391,1.1955000,0.56767666339874268,0.61140000820159912
2392,1.1960000,0.56734931468963623,0.60930001735687256
2393,1.1965000,0.56687629222869873,0.60699999332427979
2394,1.1970000,0.56624728441238403,0.60449999570846558
2395,1.1975000,0.56546056270599365,0.60180002450942993
2396,1.1980000,0.56451761722564697,0.59890002012252808
2397,1.1985000,0.56342065334320068,0.59579998254776001
2398,1.1990000,0.56217056512832642,0.59240001440048218
2399,1.1995000,0.56077152490615845,0.58890002965927124
2400,1.2000000,0.55923712253570557,0.58509999513626099
2401,1.2005000,0.5575937032699585,0.5810999870300293
2402,1.2010000,0.55585402250289917,0.57690000534057617
2403,1.2015000,0.55401045083999634,0.57239997386932373
2404,1.2020000,0.55205667018890381,0.56770002841949463
2405,1.2025000,0.54998338222503662,0.56269997358322144
2406,1.2030000,0.54778540134429932,0.55750000476837158
2407,1.2035000,0.54546749591827393,0.55210000276565552
2408,1.2040000,0.54302912950515747,0.54640001058578491
2409,1.2045000,0.54047060012817383,0.54040002822875977
2410,1.2050000,0.53779911994934082,0.53420001268386841
2411,1.2055000,0.53502392768859863,0.52780002355575562
2412,1.2060000,0.53214371204376221,0.52100002765655518
2413,1.2065000,0.52914047241210938,0.51410001516342163
2414,1.2070000,0.52600383758544922,0.50679999589920044
2415,1.2075000,0.52273523807525635,0.49930000305175781
2416,1.2080000,0.51931548118591309,0.49160000681877136
2417,1.2085000,0.51570397615432739,0.48359999060630798
2418,1.2090000,0.51187694072723389,0.47530001401901245
2419,1.2095000,0.50784265995025635,0.46680000424385071
2420,1.2100000,0.50361669063568115,0.45809999108314514
2421,1.2105000,0.49919664859771729,0.44909998774528503
2422,1.2110000,0.49456843733787537,0.43979999423027039
2423,1.2115000,0.4897286593914032,0.43029999732971191
2424,1.2120000,0.48467826843261719,0.42059999704360962
2425,1.2125000,0.47940319776535034,0.4106999933719635
2426,1.2130000,0.47389498353004456,0.40049999952316284
2427,1.2135000,0.46816572546958923,0.39019998908042908
2428,1.2140000,0.46222412586212158,0.37959998846054077
2429,1.2145000,0.45605942606925964,0.36880001425743103
2430,1.2150000,0.44966349005699158,0.35780000686645508
2431,1.2155000,0.44304090738296509,0.3465999960899353
2432,1.2160000,0.43619528412818909,0.33520001173019409
2433,1.2165000,0.42913103103637695,0.32370001077651978
2434,1.2170000,0.42184838652610779,0.31200000643730164
2435,1.2175000,0.41434094309806824,0.30009999871253967
2436,1.2180000,0.40660679340362549,0.28799998760223389
2437,1.2185000,0.39865171909332275,0.27590000629425049
2438,1.2190000,0.39048674702644348,0.26350000500679016
2439,1.2195000,0.38211968541145325,0.25110000371932983
2440,1.2200000,0.37355104088783264,0.23849999904632568
2441,1.2205000,0.36478081345558167,0.22579999268054962
2442,1.2210000,0.35580319166183472,0.21299999952316284
2443,1.2215000,0.34661418199539185,0.20010000467300415
2444,1.2220000,0.33722800016403198,0.18709999322891235
2445,1.2225000,0.32766440510749817,0.17409999668598175
2446,1.2230000,0.31793445348739624,0.16089999675750732
2447,1.2235000,0.30804285407066345,0.14779999852180481
2448,1.2240000,0.29799208045005798,0.13449999690055847
2449,1.2245000,0.28778189420700073,0.12120000272989273
2450,1.2250000,0.27741360664367676,0.10790000110864639
2451,1.2255000,0.26689687371253967,0.094499997794628143
2452,1.2260000,0.25624620914459229,0.081100001931190491
2453,1.2265000,0.24547730386257172,0.067699998617172241
2454,1.2270000,0.23459342122077942,0.05429999902844429
2455,1.2275000,0.22358514368534088,0.040899999439716339
2456,1.2280000,0.21245479583740234,0.027499999850988388
2457,1.2285000,0.20121671259403229,0.014100000262260437
2458,1.2290000,0.18988381326198578,0.00079999997979030013
2459,1.2295000,0.17846737802028656,-0.012600000016391277
2460,1.2300000,0.16697134077548981,-0.025900000706315041
2461,1.2305000,0.15539154410362244,-0.039099998772144318
2462,1.2310000,0.14373384416103363,-0.052400000393390656
2463,1.2315000,0.13201034069061279,-0.06549999862909317
2464,1.2320000,0.12022359669208527,-0.078599996864795685
2465,1.2325000,0.10837370157241821,-0.091700002551078796
2466,1.2330000,0.096462428569793701,-0.10459999740123749
2467,1.2335000,0.084495872259140015,-0.11749999970197678
2468,1.2340000,0.072488456964492798,-0.13040000200271606
2469,1.2345000,0.060450911521911621,-0.14309999346733093
2470,1.2350000,0.048385009169578552,-0.15569999814033508
2471,1.2355000,0.036293037235736847,-0.16830000281333923
2472,1.2360000,0.024174034595489502,-0.18080000579357147
2473,1.2365000,0.01201673224568367,-0.19310000538825989
2474,1.2370000,-0.00017990730702877045,-0.2054000049829483
2475,1.2375000,-0.012399852275848389,-0.2175000011920929
2476,1.2380000,-0.02462422102689743,-0.22949999570846558
2477,1.2385000,-0.036837108433246613,-0.24150000512599945
2478,1.2390000,-0.049030877649784088,-0.2531999945640564
2479,1.2395000,-0.061198316514492035,-0.26489999890327454
2480,1.2400000,-0.073324143886566162,-0.27649998664855957
2481,1.2405000,-0.085390128195285797,-0.28790000081062317
2482,1.2410000,-0.097386427223682404,-0.29919999837875366
2483,1.2415000,-0.10930797457695007,-0.31029999256134033
2484,1.2420000,-0.12114217877388,-0.32129999995231628
2485,1.2425000,-0.13288053870201111,-0.33219999074935913
2486,1.2430000,-0.14452314376831055,-0.34290000796318054
2487,1.2435000,-0.15606909990310669,-0.35350000858306885
2488,1.2440000,-0.16751126945018768,-0.36390000581741333
2489,1.2445000,-0.17884133756160736,-0.37419998645782471
2490,1.2450000,-0.19005374610424042,-0.38440001010894775
2491,1.2455000,-0.20113652944564819,-0.39440000057220459
2492,1.2460000,-0.21207822859287262,-0.4041999876499176
2493,1.2465000,-0.2228781133890152,-0.4138999879360199
2494,1.2470000,-0.23353806138038635,-0.42340001463890076
2495,1.2475000,-0.24405384063720703,-0.43270000815391541
2496,1.2480000,-0.25442865490913391,-0.44190001487731934
2497,1.2485000,-0.26467907428741455,-0.45089998841285706
2498,1.2490000,-0.27481094002723694,-0.45980000495910645
2499,1.2495000,-0.28481602668762207,-0.46849998831748962
2500,1.2500000,-0.29469060897827148,-0.47699999809265137
2501,1.2505000,-0.30443254113197327,-0.48539999127388
2502,1.2510000,-0.31403389573097229,-0.49360001087188721
2503,1.2515000,-0.32348927855491638,-0.50160002708435059
2504,1.2520000,-0.33279731869697571,-0.50950002670288086
2505,1.2525000,-0.34196290373802185,-0.51719999313354492
2506,1.2530000,-0.35099092125892639,-0.52469998598098755
2507,1.2535000,-0.35987722873687744,-0.53210002183914185
2508,1.2540000,-0.36862477660179138,-0.53930002450942993
2509,1.2545000,-0.3772340714931488,-0.54629999399185181
2510,1.2550000,-0.38569256663322449,-0.55309998989105225
2511,1.2555000,-0.39399278163909912,-0.55980002880096436
2512,1.2560000,-0.40213081240653992,-0.56629997491836548
2513,1.2565000,-0.41010472178459167,-0.57270002365112305
2514,1.2570000,-0.41792106628417969,-0.57889997959136963
2515,1.2575000,-0.42558237910270691,-0.58490002155303955
2516,1.2580000,-0.4330843985080719,-0.59069997072219849
2517,1.2585000,-0.44042977690696716,-0.59640002250671387
2518,1.2590000,-0.44762206077575684,-0.60189998149871826
2519,1.2595000,-0.45465624332427979,-0.607200026512146
2520,1.2600000,-0.46152204275131226,-0.61239999532699585
2521,1.2605000,-0.46821379661560059,-0.61739999055862427
2522,1.2610000,-0.47473600506782532,-0.62220001220703125
2523,1.2615000,-0.48108994960784912,-0.62690001726150513
2524,1.2620000,-0.48727118968963623,-0.63139998912811279
2525,1.2625000,-0.49327963590621948,-0.63569998741149902
2526,1.2630000,-0.49911537766456604,-0.63990002870559692
2527,1.2635000,-0.50477659702301025,-0.64389997720718384
2528,1.2640000,-0.51026225090026855,-0.6478000283241272
2529,1.2645000,-0.51557397842407227,-0.65149998664855957
2530,1.2650000,-0.52071499824523926,-0.65499997138977051
2531,1.2655000,-0.52568161487579346,-0.65839999914169312
2532,1.2660000,-0.53046715259552002,-0.66170001029968262
2533,1.2665000,-0.53507483005523682,-0.6646999716758728
2534,1.2670000,-0.53951025009155273,-0.66759997606277466
2535,1.2675000,-0.54377329349517822,-0.67040002346038818
2536,1.2680000,-0.54787367582321167,-0.67299997806549072
2537,1.2685000,-0.55183231830596924,-0.67549997568130493
2538,1.2690000,-0.55565536022186279,-0.67779999971389771
2539,1.2695000,-0.55933517217636108,-0.67989999055862427
2540,1.2700000,-0.5628700852394104,-0.6819000244140625
2541,1.2705000,-0.56626254320144653,-0.68379998207092285
2542,1.2710000,-0.56951367855072021,-0.68550002574920654
2543,1.2715000,-0.57262766361236572,-0.68699997663497925
2544,1.2720000,-0.57561087608337402,-0.68849998712539673
2545,1.2725000,-0.57846218347549438,-0.68980002403259277
2546,1.2730000,-0.58117467164993286,-0.69090002775192261
2547,1.2735000,-0.58374476432800293,-0.69190001487731934
2548,1.2740000,-0.58617711067199707,-0.69279998540878296
2549,1.2745000,-0.58848035335540771,-0.69349998235702515
2550,1.2750000,-0.59065771102905273,-0.694100022315979
2551,1.2755000,-0.59271246194839478,-0.69459998607635498
2552,1.2760000,-0.59465163946151733,-0.69489997625350952
2553,1.2765000,-0.59648257493972778,-0.69520002603530884
2554,1.2770000,-0.59820538759231567,-0.69520002603530884
2555,1.2775000,-0.59981203079223633,-0.69520002603530884
2556,1.2780000,-0.60130298137664795,-0.69510000944137573
2557,1.2785000,-0.60268682241439819,-0.69480001926422119
2558,1.2790000,-0.60396575927734375,-0.69450002908706665
2559,1.2795000,-0.6051449179649353,-0.6940000057220459
2560,1.2800000,-0.60624122619628906,-0.69340002536773682
2561,1.2805000,-0.60726958513259888,-0.69270002841949463
2562,1.2810000,-0.60822677612304688,-0.69190001487731934
2563,1.2815000,-0.60910135507583618,-0.69110000133514404
2564,1.2820000,-0.60989648103713989,-0.69010001420974731
2565,1.2825000,-0.61061733961105347,-0.68900001049041748
2566,1.2830000,-0.61126196384429932,-0.68790000677108765
2567,1.2835000,-0.61183333396911621,-0.68669998645782471
2568,1.2840000,-0.61234229803085327,-0.68540000915527344
2569,1.2845000,-0.61280113458633423,-0.68400001525878906
2570,1.2850000,-0.61321300268173218,-0.68250000476837158
2571,1.2855000,-0.61357247829437256,-0.6809999942779541
2572,1.2860000,-0.61387425661087036,-0.67949998378753662
2573,1.2865000,-0.61411589384078979,-0.67790001630783081
2574,1.2870000,-0.61429697275161743,-0.67619997262954712
2575,1.2875000,-0.61441844701766968,-0.6744999885559082
2576,1.2880000,-0.61447501182556152,-0.67269998788833618
2577,1.2885000,-0.61446046829223633,-0.67100000381469727
2578,1.2890000,-0.61437231302261353,-0.66909998655319214
2579,1.2895000,-0.61420321464538574,-0.66729998588562012
2580,1.2900000,-0.61395180225372314,-0.66540002822875977
2581,1.2905000,-0.61362552642822266,-0.66360002756118774
2582,1.2910000,-0.61322474479675293,-0.66170001029968262
2583,1.2915000,-0.61274582147598267,-0.65979999303817749
2584,1.2920000,-0.61218690872192383,-0.65789997577667236
2585,1.2925000,-0.61155116558074951,-0.65590000152587891
2586,1.2930000,-0.61084431409835815,-0.65399998426437378
2587,1.2935000,-0.61006420850753784,-0.65210002660751343
2588,1.2940000,-0.60920989513397217,-0.6502000093460083
2589,1.2945000,-0.60828471183776855,-0.64840000867843628
2590,1.2950000,-0.60728836059570312,-0.64649999141693115
2591,1.2955000,-0.60621994733810425,-0.64469999074935913
2592,1.2960000,-0.60507208108901978,-0.642799973487854
2593,1.2965000,-0.60383856296539307,-0.64099997282028198
2594,1.2970000,-0.60252249240875244,-0.63919997215270996
2595,1.2975000,-0.60112518072128296,-0.63749998807907104
2596,1.2980000,-0.59965115785598755,-0.63580000400543213
2597,1.2985000,-0.59810608625411987,-0.63400000333786011
2598,1.2990000,-0.59648531675338745,-0.63239997625350952
2599,1.2995000,-0.59478467702865601,-0.63069999217987061
2600,1.3000000,-0.59299808740615845,-0.62910002470016479
2601,1.3005000,-0.59111267328262329,-0.62749999761581421
2602,1.3010000,-0.5891297459602356,-0.62589997053146362
2603,1.3015000,-0.58705675601959229,-0.62430000305175781
2604,1.3020000,-0.58489590883255005,-0.62279999256134033
2605,1.3025000,-0.58265382051467896,-0.62129998207092285
2606,1.3030000,-0.58033782243728638,-0.61979997158050537
2607,1.3035000,-0.57795226573944092,-0.61830002069473267
2608,1.3040000,-0.57549434900283813,-0.61680001020431519
2609,1.3045000,-0.57295650243759155,-0.61529999971389771
2610,1.3050000,-0.57033973932266235,-0.61390000581741333
2611,1.3055000,-0.56764847040176392,-0.61239999532699585
2612,1.3060000,-0.5648883581161499,-0.61089998483657837
2613,1.3065000,-0.56207197904586792,-0.60949999094009399
2614,1.3070000,-0.55920618772506714,-0.60799998044967651
2615,1.3075000,-0.55629527568817139,-0.60650002956390381
2616,1.3080000,-0.55335319042205811,-0.60500001907348633
2617,1.3085000,-0.55039387941360474,-0.60339999198913574
2618,1.3090000,-0.54742342233657837,-0.60189998149871826
2619,1.3095000,-0.54444259405136108,-0.60030001401901245
2620,1.3100000,-0.54145294427871704,-0.59869998693466187
2621,1.3105000,-0.53846061229705811,-0.59700000286102295
2622,1.3110000,-0.53547048568725586,-0.59539997577667236
2623,1.3115000,-0.53248405456542969,-0.59359997510910034
2624,1.3120000,-0.52950507402420044,-0.59189999103546143
2625,1.3125000,-0.52654135227203369,-0.5899999737739563
2626,1.3130000,-0.52359789609909058,-0.58819997310638428
2627,1.3135000,-0.52067297697067261,-0.58630001544952393
2628,1.3140000,-0.51776468753814697,-0.58429998159408569
2629,1.3145000,-0.51487565040588379,-0.58230000734329224
2630,1.3150000,-0.51200860738754272,-0.58020001649856567
2631,1.3155000,-0.5091623067855835,-0.57810002565383911
2632,1.3160000,-0.50633752346038818,-0.57590001821517944
2633,1.3165000,-0.50354212522506714,-0.57359999418258667
2634,1.3170000,-0.50078177452087402,-0.57130002975463867
2635,1.3175000,-0.49805593490600586,-0.5690000057220459
2636,1.3180000,-0.49536436796188354,-0.56660002470016479
2637,1.3185000,-0.49271106719970703,-0.56410002708435059
2638,1.3190000,-0.49009978771209717,-0.56160002946853638
2639,1.3195000,-0.48752659559249878,-0.55900001525878906
2640,1.3200000,-0.48498040437698364,-0.55640000104904175
2641,1.3205000,-0.48245424032211304,-0.55379998683929443
2642,1.3210000,-0.4799504280090332,-0.55110001564025879
2643,1.3215000,-0.47747087478637695,-0.54839998483657837
2644,1.3220000,-0.47501412034034729,-0.54570001363754272
2645,1.3225000,-0.4725784957408905,-0.5429999828338623
2646,1.3230000,-0.47016385197639465,-0.54019999504089355
2647,1.3235000,-0.46777090430259705,-0.5374000072479248
2648,1.3240000,-0.46539416909217834,-0.53460001945495605
2649,1.3245000,-0.46302461624145508,-0.53179997205734253
2650,1.3250000,-0.46066218614578247,-0.52899998426437378
2651,1.3255000,-0.45830950140953064,-0.52619999647140503
2652,1.3260000,-0.45596522092819214,-0.52340000867843628
2653,1.3265000,-0.45363092422485352,-0.52060002088546753
2654,1.3270000,-0.45131003856658936,-0.517799973487854
2655,1.3275000,-0.44900369644165039,-0.51510000228881836
2656,1.3280000,-0.44670897722244263,-0.51239997148513794
2657,1.3285000,-0.44442257285118103,-0.50970000028610229
2658,1.3290000,-0.44214513897895813,-0.50709998607635498
2659,1.3295000,-0.43987736105918884,-0.50449997186660767
2660,1.3300000,-0.43761646747589111,-0.50190001726150513
2661,1.3305000,-0.43536052107810974,-0.49939998984336853
2662,1.3310000,-0.43311384320259094,-0.49689999222755432
2663,1.3315000,-0.43088290095329285,-0.49450001120567322
2664,1.3320000,-0.42866522073745728,-0.49210000038146973
2665,1.3325000,-0.42645308375358582,-0.48980000615119934
2666,1.3330000,-0.42424106597900391,-0.48759999871253967
2667,1.3335000,-0.42202562093734741,-0.48539999127388
2668,1.3340000,-0.41980627179145813,-0.48330000042915344
2669,1.3345000,-0.41758513450622559,-0.48120000958442688
2670,1.3350000,-0.41536405682563782,-0.47920000553131104
2671,1.3355000,-0.41314715147018433,-0.47720000147819519
2672,1.3360000,-0.41094240546226501,-0.47530001401901245
2673,1.3365000,-0.40875521302223206,-0.47350001335144043
2674,1.3370000,-0.40658468008041382,-0.47170001268386841
2675,1.3375000,-0.40442827343940735,-0.4699999988079071
2676,1.3380000,-0.40228396654129028,-0.46830001473426819
2677,1.3385000,-0.40015062689781189,-0.4666999876499176
2678,1.3390000,-0.39803194999694824,-0.4650999903678894
2679,1.3395000,-0.39593228697776794,-0.46360000967979431
2680,1.3400000,-0.39385801553726196,-0.46209999918937683
2681,1.3405000,-0.39181992411613464,-0.46070000529289246
2682,1.3410000,-0.38982200622558594,-0.45919999480247498
2683,1.3415000,-0.38786026835441589,-0.45789998769760132
2684,1.3420000,-0.38593044877052307,-0.45649999380111694
2685,1.3425000,-0.38402944803237915,-0.45519998669624329
2686,1.3430000,-0.38215479254722595,-0.45390000939369202
2687,1.3435000,-0.38030940294265747,-0.45260000228881836
2688,1.3440000,-0.37849819660186768,-0.4512999951839447
2689,1.3445000,-0.37672019004821777,-0.44999998807907104
2690,1.3450000,-0.37497270107269287,-0.44879999756813049
2691,1.3455000,-0.37325495481491089,-0.44749999046325684
2692,1.3460000,-0.3715631365776062,-0.44629999995231628
2693,1.3465000,-0.36989331245422363,-0.44499999284744263
2694,1.3470000,-0.36824741959571838,-0.44369998574256897
2695,1.3475000,-0.3666289746761322,-0.4424000084400177
2696,1.3480000,-0.36504325270652771,-0.44110000133514404
2697,1.3485000,-0.36349281668663025,-0.43979999423027039
2698,1.3490000,-0.36197200417518616,-0.43849998712539673
2699,1.3495000,-0.36047652363777161,-0.43720000982284546
2700,1.3500000,-0.35900446772575378,-0.4357999861240387
2701,1.3505000,-0.35755586624145508,-0.43439999222755432
2702,1.3510000,-0.35613289475440979,-0.43299999833106995
2703,1.3515000,-0.35473456978797913,-0.43149998784065247
2704,1.3520000,-0.35336089134216309,-0.43000000715255737
2705,1.3525000,-0.35201412439346313,-0.42849999666213989
2706,1.3530000,-0.35069280862808228,-0.42699998617172241
2707,1.3535000,-0.34939286112785339,-0.42550000548362732
2708,1.3540000,-0.34811305999755859,-0.42390000820159912
2709,1.3545000,-0.34685388207435608,-0.42230001091957092
2710,1.3550000,-0.34561428427696228,-0.42059999704360962
2711,1.3555000,-0.34439405798912048,-0.41899999976158142
2712,1.3560000,-0.34319499135017395,-0.41729998588562012
2713,1.3565000,-0.34201642870903015,-0.4156000018119812
2714,1.3570000,-0.34085720777511597,-0.41380000114440918
2715,1.3575000,-0.33971667289733887,-0.41209998726844788
2716,1.3580000,-0.33859211206436157,-0.41029998660087585
2717,1.3585000,-0.33747971057891846,-0.40849998593330383
2718,1.3590000,-0.33637621998786926,-0.40669998526573181
2719,1.3595000,-0.33528319001197815,-0.40490001440048218
2720,1.3600000,-0.33420765399932861,-0.40310001373291016
2721,1.3605000,-0.33315634727478027,-0.40119999647140503
2722,1.3610000,-0.33213111758232117,-0.39939999580383301
2723,1.3615000,-0.33112651109695435,-0.39750000834465027
2724,1.3620000,-0.33013567328453064,-0.39570000767707825
2725,1.3625000,-0.32915589213371277,-0.39379999041557312
2726,1.3630000,-0.32818329334259033,-0.3919999897480011
2727,1.3635000,-0.32721567153930664,-0.39010000228881836
2728,1.3640000,-0.32625433802604675,-0.38830000162124634
2729,1.3645000,-0.32529956102371216,-0.38650000095367432
2730,1.3650000,-0.32434934377670288,-0.38460001349449158
2731,1.3655000,-0.32340118288993835,-0.38280001282691956
2732,1.3660000,-0.32245466113090515,-0.38100001215934753
2733,1.3665000,-0.32150739431381226,-0.37920001149177551
2734,1.3670000,-0.3205571174621582,-0.37740001082420349
2735,1.3675000,-0.31960693001747131,-0.37569999694824219
2736,1.3680000,-0.3186570405960083,-0.37389999628067017
2737,1.3685000,-0.31770065426826477,-0.37220001220703125
2738,1.3690000,-0.31673076748847961,-0.37049999833106995
2739,1.3695000,-0.31574374437332153,-0.36880001425743103
2740,1.3700000,-0.31474149227142334,-0.36710000038146973
2741,1.3705000,-0.31372609734535217,-0.36550000309944153
2742,1.3710000,-0.31269726157188416,-0.36379998922348022
2743,1.3715000,-0.31165763735771179,-0.36219999194145203
2744,1.3720000,-0.31060627102851868,-0.36059999465942383
2745,1.3725000,-0.30953755974769592,-0.35899999737739563
2746,1.3730000,-0.30844926834106445,-0.35749998688697815
2747,1.3735000,-0.30734056234359741,-0.35600000619888306
2748,1.3740000,-0.30621203780174255,-0.35440000891685486
2749,1.3745000,-0.30506443977355957,-0.3529999852180481
2750,1.3750000,-0.30389952659606934,-0.351500004529953
2751,1.3755000,-0.30272293090820312,-0.34999999403953552
2752,1.3760000,-0.30153757333755493,-0.34860000014305115
2753,1.3765000,-0.30034217238426208,-0.34720000624656677
2754,1.3770000,-0.29913759231567383,-0.3458000123500824
2755,1.3775000,-0.29792630672454834,-0.34450000524520874
2756,1.3780000,-0.29670640826225281,-0.34310001134872437
2757,1.3785000,-0.29547673463821411,-0.34180000424385071
2758,1.3790000,-0.29424124956130981,-0.34049999713897705
2759,1.3795000,-0.29300412535667419,-0.33919999003410339
2760,1.3800000,-0.2917645275592804,-0.33790001273155212
2761,1.3805000,-0.29051592946052551,-0.33669999241828918
2762,1.3810000,-0.28925392031669617,-0.33550000190734863
2763,1.3815000,-0.2879798412322998,-0.33430001139640808
2764,1.3820000,-0.28669789433479309,-0.33309999108314514
2765,1.3825000,-0.28540903329849243,-0.33190000057220459
2766,1.3830000,-0.28411424160003662,-0.33079999685287476
2767,1.3835000,-0.28281962871551514,-0.32969999313354492
2768,1.3840000,-0.28152400255203247,-0.32859998941421509
2769,1.3845000,-0.28021988272666931,-0.32749998569488525
2770,1.3850000,-0.27890658378601074,-0.32649999856948853
2771,1.3855000,-0.27758625149726868,-0.32539999485015869
2772,1.3860000,-0.2762608528137207,-0.32440000772476196
2773,1.3865000,-0.27493241429328918,-0.32339999079704285
2774,1.3870000,-0.27360349893569946,-0.32249999046325684
2775,1.3875000,-0.27228054404258728,-0.32150000333786011
2776,1.3880000,-0.27096664905548096,-0.3206000030040741
2777,1.3885000,-0.26966187357902527,-0.31970000267028809
2778,1.3890000,-0.26836922764778137,-0.31880000233650208
2779,1.3895000,-0.26709097623825073,-0.31799998879432678
2780,1.3900000,-0.26582837104797363,-0.31709998846054077
2781,1.3905000,-0.26458001136779785,-0.31630000472068787
2782,1.3910000,-0.26334530115127563,-0.31549999117851257
2783,1.3915000,-0.26212906837463379,-0.31479999423027039
2784,1.3920000,-0.26093345880508423,-0.31400001049041748
2785,1.3925000,-0.2597578763961792,-0.31330001354217529
2786,1.3930000,-0.25860419869422913,-0.31259998679161072
2787,1.3935000,-0.25747370719909668,-0.31189998984336853
2788,1.3940000,-0.25636443495750427,-0.31119999289512634
2789,1.3945000,-0.2552734911441803,-0.31049999594688416
2790,1.3950000,-0.254200279712677,-0.30989998579025269
2791,1.3955000,-0.25314575433731079,-0.3091999888420105
2792,1.3960000,-0.25210916996002197,-0.30860000848770142
2793,1.3965000,-0.25108790397644043,-0.30799999833106995
2794,1.3970000,-0.25008153915405273,-0.30739998817443848
2795,1.3975000,-0.2490924596786499,-0.30680000782012939
2796,1.3980000,-0.24811865389347076,-0.30619999766349792
2797,1.3985000,-0.24715527892112732,-0.30559998750686646
2798,1.3990000,-0.24620255827903748,-0.30500000715255737
2799,1.3995000,-0.2452627420425415,-0.3043999969959259
2800,1.4000000,-0.24432897567749023,-0.30379998683929443
2801,1.4005000,-0.24338766932487488,-0.30329999327659607
2802,1.4010000,-0.24243432283401489,-0.30270001292228699
2803,1.4015000,-0.24147336184978485,-0.30210000276565552
2804,1.4020000,-0.24050809442996979,-0.30149999260902405
2805,1.4025000,-0.23953947424888611,-0.30090001225471497
2806,1.4030000,-0.23856958746910095,-0.3003000020980835
2807,1.4035000,-0.2376009076833725,-0.29969999194145203
2808,1.4040000,-0.23663239181041718,-0.29910001158714294
2809,1.4045000,-0.23566170036792755,-0.29840001463890076
2810,1.4050000,-0.23469047248363495,-0.29780000448226929
2811,1.4055000,-0.23372183740139008,-0.2971000075340271
2812,1.4060000,-0.23275785148143768,-0.29640001058578491
2813,1.4065000,-0.23179975152015686,-0.29570001363754272
2814,1.4070000,-0.23084908723831177,-0.29499998688697815
2815,1.4075000,-0.22990588843822479,-0.29420000314712524
2816,1.4080000,-0.22896489500999451,-0.29350000619888306
2817,1.4085000,-0.22802279889583588,-0.29269999265670776
2818,1.4090000,-0.22708389163017273,-0.29190000891685486
2819,1.4095000,-0.22615101933479309,-0.29100000858306885
2820,1.4100000,-0.225221186876297,-0.29019999504089355
2821,1.4105000,-0.22429466247558594,-0.28929999470710754
2822,1.4110000,-0.22337506711483002,-0.28839999437332153
2823,1.4115000,-0.22246143221855164,-0.2874000072479248
2824,1.4120000,-0.22154739499092102,-0.28650000691413879
2825,1.4125000,-0.22062727808952332,-0.28549998998641968
2826,1.4130000,-0.21970117092132568,-0.28450000286102295
2827,1.4135000,-0.21877157688140869,-0.28339999914169312
2828,1.4140000,-0.21783904731273651,-0.28240001201629639
2829,1.4145000,-0.21690239012241364,-0.28130000829696655
2830,1.4150000,-0.21596120297908783,-0.28020000457763672
2831,1.4155000,-0.21501785516738892,-0.27900001406669617
2832,1.4160000,-0.21407450735569,-0.27790001034736633
2833,1.4165000,-0.21312925219535828,-0.27669999003410339
2834,1.4170000,-0.21218055486679077,-0.27549999952316284
2835,1.4175000,-0.21123030781745911,-0.27419999241828918
2836,1.4180000,-0.21027877926826477,-0.27300000190734863
2837,1.4185000,-0.20932318270206451,-0.27169999480247498
2838,1.4190000,-0.20836077630519867,-0.27039998769760132
2839,1.4195000,-0.20739191770553589,-0.26899999380111694
2840,1.4200000,-0.20641909539699554,-0.26769998669624329
2841,1.4205000,-0.20544379949569702,-0.26629999279975891
2842,1.4210000,-0.20446807146072388,-0.26489999890327454
2843,1.4215000,-0.20349505543708801,-0.26350000500679016
2844,1.4220000,-0.20252633094787598,-0.26210001111030579
2845,1.4225000,-0.20155970752239227,-0.26069998741149902
2846,1.4230000,-0.20059145987033844,-0.25929999351501465
2847,1.4235000,-0.19962267577648163,-0.25780001282691956
2848,1.4240000,-0.19865426421165466,-0.25639998912811279
2849,1.4245000,-0.19768188893795013,-0.2549000084400177
2850,1.4250000,-0.19670559465885162,-0.25350001454353333
2851,1.4255000,-0.1957286149263382,-0.25200000405311584
2852,1.4260000,-0.19475091993808746,-0.25049999356269836
2853,1.4265000,-0.19377240538597107,-0.24909999966621399
2854,1.4270000,-0.19279377162456512,-0.2476000040769577
2855,1.4275000,-0.19181720912456512,-0.24609999358654022
2856,1.4280000,-0.19084791839122772,-0.24469999969005585
2857,1.4285000,-0.1898902952671051,-0.24320000410079956
2858,1.4290000,-0.18894787132740021,-0.24169999361038208
2859,1.4295000,-0.1880231648683548,-0.24029999971389771
2860,1.4300000,-0.1871141642332077,-0.23890000581741333
2861,1.4305000,-0.18621891736984253,-0.23749999701976776
2862,1.4310000,-0.18533681333065033,-0.23600000143051147
2863,1.4315000,-0.18446871638298035,-0.23459999263286591
2864,1.4320000,-0.18361778557300568,-0.23330000042915344
2865,1.4325000,-0.18278445303440094,-0.23190000653266907
2866,1.4330000,-0.18196932971477509,-0.23059999942779541
2867,1.4335000,-0.18117345869541168,-0.22920000553131104
2868,1.4340000,-0.18039397895336151,-0.22789999842643738
2869,1.4345000,-0.17962667346000671,-0.22660000622272491
2870,1.4350000,-0.17886880040168762,-0.22529999911785126
2871,1.4355000,-0.17812226712703705,-0.22409999370574951
2872,1.4360000,-0.17739352583885193,-0.22280000150203705
2873,1.4365000,-0.17668980360031128,-0.2215999960899353
2874,1.4370000,-0.17601487040519714,-0.22040000557899475
2875,1.4375000,-0.17536698281764984,-0.21920000016689301
2876,1.4380000,-0.17474254965782166,-0.21799999475479126
2877,1.4385000,-0.17413771152496338,-0.21690000593662262
2878,1.4390000,-0.17354784905910492,-0.21570000052452087
2879,1.4395000,-0.17297101020812988,-0.21459999680519104
2880,1.4400000,-0.1724124401807785,-0.21349999308586121
2881,1.4405000,-0.17188146710395813,-0.21240000426769257
2882,1.4410000,-0.17138141393661499,-0.21140000224113464
2883,1.4415000,-0.17090854048728943,-0.21029999852180481
2884,1.4420000,-0.17045944929122925,-0.20929999649524689
2885,1.4425000,-0.17003200948238373,-0.20819999277591705
2886,1.4430000,-0.16962121427059174,-0.20720000565052032
2887,1.4435000,-0.16922278702259064,-0.2062000036239624
2888,1.4440000,-0.16883398592472076,-0.20520000159740448
2889,1.4445000,-0.16844874620437622,-0.20419999957084656
2890,1.4450000,-0.16806212067604065,-0.20319999754428864
2891,1.4455000,-0.16767285764217377,-0.20219999551773071
2892,1.4460000,-0.16728188097476959,-0.2012999951839447
2893,1.4465000,-0.1668904721736908,-0.20029999315738678
2894,1.4470000,-0.16649633646011353,-0.19930000603199005
2895,1.4475000,-0.16609732806682587,-0.19840000569820404
2896,1.4480000,-0.16569414734840393,-0.19740000367164612
2897,1.4485000,-0.16528613865375519,-0.19650000333786011
2898,1.4490000,-0.16487182676792145,-0.1956000030040741
2899,1.4495000,-0.16445116698741913,-0.19460000097751617
2900,1.4500000,-0.16402587294578552,-0.19370000064373016
2901,1.4505000,-0.16359779238700867,-0.19280000030994415
2902,1.4510000,-0.16316549479961395,-0.19179999828338623
2903,1.4515000,-0.16272594034671783,-0.19089999794960022
2904,1.4520000,-0.16227924823760986,-0.18999999761581421
2905,1.4525000,-0.16182780265808105,-0.1890999972820282
2906,1.4530000,-0.16137275099754333,-0.18819999694824219
2907,1.4535000,-0.16091415286064148,-0.18719999492168427
2908,1.4540000,-0.16045400500297546,-0.18629999458789825
2909,1.4545000,-0.1599947065114975,-0.18539999425411224
2910,1.4550000,-0.15953439474105835,-0.18449999392032623
2911,1.4555000,-0.1590697169303894,-0.18359999358654022
2912,1.4560000,-0.15860112011432648,-0.18269999325275421
2913,1.4565000,-0.15813000500202179,-0.18170000612735748
2914,1.4570000,-0.15765520930290222,-0.18080000579357147
2915,1.4575000,-0.15717539191246033,-0.17990000545978546
2916,1.4580000,-0.15669189393520355,-0.17900000512599945
2917,1.4585000,-0.15620698034763336,-0.17810000479221344
2918,1.4590000,-0.15571963787078857,-0.17720000445842743
2919,1.4595000,-0.15522783994674683,-0.17630000412464142
2920,1.4600000,-0.15473490953445435,-0.1753000020980835
2921,1.4605000,-0.15424582362174988,-0.17440000176429749
2922,1.4610000,-0.1537604033946991,-0.17350000143051147
2923,1.4615000,-0.15327614545822144,-0.17260000109672546
2924,1.4620000,-0.15279224514961243,-0.17170000076293945
2925,1.4625000,-0.1523098349571228,-0.17080000042915344
2926,1.4630000,-0.15182814002037048,-0.16979999840259552
2927,1.4635000,-0.15134425461292267,-0.16889999806880951
2928,1.4640000,-0.15086135268211365,-0.1679999977350235
2929,1.4645000,-0.15038536489009857,-0.16709999740123749
2930,1.4650000,-0.14991635084152222,-0.16609999537467957
2931,1.4655000,-0.14945247769355774,-0.16519999504089355
2932,1.4660000,-0.14899247884750366,-0.16419999301433563
2933,1.4665000,-0.1485353410243988,-0.16329999268054962
2934,1.4670000,-0.14807936549186707,-0.16230000555515289
2935,1.4675000,-0.14762136340141296,-0.16130000352859497
2936,1.4680000,-0.14716137945652008,-0.16040000319480896
2937,1.4685000,-0.14670027792453766,-0.15940000116825104
2938,1.4690000,-0.14623679220676422,-0.15839999914169312
2939,1.4695000,-0.14577126502990723,-0.15739999711513519
2940,1.4700000,-0.14530332386493683,-0.15639999508857727
2941,1.4705000,-0.14483143389225006,-0.15530000627040863
2942,1.4710000,-0.14435446262359619,-0.15430000424385071
2943,1.4715000,-0.14387048780918121,-0.15330000221729279
2944,1.4720000,-0.14337895810604095,-0.15219999849796295
2945,1.4725000,-0.1428789496421814,-0.15109999477863312
2946,1.4730000,-0.14237006008625031,-0.15000000596046448
2947,1.4735000,-0.14185535907745361,-0.14890000224113464
2948,1.4740000,-0.14133575558662415,-0.14779999852180481
2949,1.4745000,-0.14081008732318878,-0.14669999480247498
2950,1.4750000,-0.14027778804302216,-0.14550000429153442
2951,1.4755000,-0.13973754644393921,-0.14440000057220459
2952,1.4760000,-0.13919205963611603,-0.14319999516010284
2953,1.4765000,-0.13864532113075256,-0.14200000464916229
2954,1.4770000,-0.1380980908870697,-0.14079999923706055
2955,1.4775000,-0.13755258917808533,-0.1395999938249588
2956,1.4780000,-0.13700965046882629,-0.13840000331401825
2957,1.4785000,-0.13646800816059113,-0.13709999620914459
2958,1.4790000,-0.13592731952667236,-0.13590000569820404
2959,1.4795000,-0.13538628816604614,-0.13459999859333038
2960,1.4800000,-0.13484582304954529,-0.13330000638961792
2961,1.4805000,-0.13430741429328918,-0.13199999928474426
2962,1.4810000,-0.13377037644386292,-0.1307000070810318
2963,1.4815000,-0.13323655724525452,-0.12939999997615814
2964,1.4820000,-0.13270610570907593,-0.12809999287128448
2965,1.4825000,-0.13217610120773315,-0.12680000066757202
2966,1.4830000,-0.13164576888084412,-0.12549999356269836
2967,1.4835000,-0.13111391663551331,-0.1242000013589859
2968,1.4840000,-0.13057991862297058,-0.12290000170469284
2969,1.4845000,-0.13004595041275024,-0.12160000205039978
2970,1.4850000,-0.12951366603374481,-0.12030000239610672
2971,1.4855000,-0.12898480892181396,-0.11900000274181366
2972,1.4860000,-0.1284593790769577,-0.1177000030875206
2973,1.4865000,-0.12793454527854919,-0.11649999767541885
2974,1.4870000,-0.12740959227085114,-0.11519999802112579
2975,1.4875000,-0.12688335776329041,-0.11389999836683273
2976,1.4880000,-0.1263517290353775,-0.11270000040531158
2977,1.4885000,-0.12581273913383484,-0.11150000244379044
2978,1.4890000,-0.1252671480178833,-0.11029999703168869
2979,1.4895000,-0.12471602112054825,-0.10909999907016754
2980,1.4900000,-0.12415948510169983,-0.10790000110864639
2981,1.4905000,-0.12359651178121567,-0.10679999738931656
2982,1.4910000,-0.12302786856889725,-0.10570000112056732
2983,1.4915000,-0.12245366722345352,-0.10459999740123749
2984,1.4920000,-0.12186943739652634,-0.10350000113248825
2985,1.4925000,-0.12127094715833664,-0.10249999910593033
2986,1.4930000,-0.120657779276371,-0.10140000283718109
2987,1.4935000,-0.12003202736377716,-0.10040000081062317
2988,1.4940000,-0.11939508467912674,-0.099500000476837158
2989,1.4945000,-0.11874725669622421,-0.098499998450279236
2990,1.4950000,-0.11809135973453522,-0.097599998116493225
2991,1.4955000,-0.11742916703224182,-0.096699997782707214
2992,1.4960000,-0.11676210165023804,-0.095799997448921204
2993,1.4965000,-0.11609402298927307,-0.094999998807907104
2994,1.4970000,-0.11542580276727676,-0.094099998474121094
2995,1.4975000,-0.11475623399019241,-0.093299999833106995
2996,1.4980000,-0.11408418416976929,-0.092500001192092896
2997,1.4985000,-0.11341060698032379,-0.091799996793270111
2998,1.4990000,-0.11273914575576782,-0.090999998152256012
2999,1.4995000,-0.11207044869661331,-0.090300001204013824
3000,1.5000000,-0.11140432953834534,-0.08959999680519104
3001,1.5005000,-0.11074288934469223,-0.088899999856948853
3002,1.5010000,-0.11008617281913757,-0.088200002908706665
3003,1.5015000,-0.10943178832530975,-0.087499998509883881
3004,1.5020000,-0.10877786576747894,-0.086800001561641693
3005,1.5025000,-0.1081249862909317,-0.086099997162818909
3006,1.5030000,-0.10747501999139786,-0.085500001907348633
3007,1.5035000,-0.10682876408100128,-0.084799997508525848
3008,1.5040000,-0.10618592798709869,-0.084100000560283661
3009,1.5045000,-0.10554461181163788,-0.083499997854232788
3010,1.5050000,-0.10490287840366364,-0.082800000905990601
3011,1.5055000,-0.10425996780395508,-0.082099996507167816
3012,1.5060000,-0.10361553728580475,-0.08150000125169754
3013,1.5065000,-0.10297016799449921,-0.080799996852874756
3014,1.5070000,-0.10232390463352203,-0.080099999904632568
3015,1.5075000,-0.10167594254016876,-0.079400002956390381
3016,1.5080000,-0.10102558881044388,-0.078699998557567596
3017,1.5085000,-0.10037180036306381,-0.078000001609325409
3018,1.5090000,-0.099713094532489777,-0.077299997210502625
3019,1.5095000,-0.099048599600791931,-0.076600000262260437
3020,1.5100000,-0.098379991948604584,-0.07590000331401825
3021,1.5105000,-0.097708702087402344,-0.075199998915195465
3022,1.5110000,-0.097033858299255371,-0.074400000274181366
3023,1.5115000,-0.096356712281703949,-0.073700003325939178
3024,1.5120000,-0.095679350197315216,-0.072899997234344482
3025,1.5125000,-0.095001392066478729,-0.072200000286102295
3026,1.5130000,-0.094321109354496002,-0.071400001645088196
3027,1.5135000,-0.093636460602283478,-0.070600003004074097
3028,1.5140000,-0.092948295176029205,-0.069799996912479401
3029,1.5145000,-0.092257797718048096,-0.068999998271465302
3030,1.5150000,-0.091563321650028229,-0.068199999630451202
3031,1.5155000,-0.090864993631839752,-0.067400000989437103
3032,1.5160000,-0.090163707733154297,-0.066600002348423004
3033,1.5165000,-0.089459538459777832,-0.065800003707408905
3034,1.5170000,-0.088752955198287964,-0.064999997615814209
3035,1.5175000,-0.088043220341205597,-0.06419999897480011
3036,1.5180000,-0.08733087033033371,-0.063400000333786011
3037,1.5185000,-0.086617216467857361,-0.062600001692771912
3038,1.5190000,-0.085901908576488495,-0.061799999326467514
3039,1.5195000,-0.085185758769512177,-0.061000000685453415
3040,1.5200000,-0.084468871355056763,-0.060300000011920929
3041,1.5205000,-0.083749562501907349,-0.05950000137090683
3042,1.5210000,-0.083028212189674377,-0.058699999004602432
3043,1.5215000,-0.08230464905500412,-0.057999998331069946
3044,1.5220000,-0.081577956676483154,-0.057199999690055847
3045,1.5225000,-0.080849923193454742,-0.056499999016523361
3046,1.5230000,-0.080121539533138275,-0.055700000375509262
3047,1.5235000,-0.079393073916435242,-0.054999999701976776
3048,1.5240000,-0.078664645552635193,-0.05429999902844429
3049,1.5245000,-0.077934890985488892,-0.053599998354911804
3050,1.5250000,-0.077203847467899323,-0.052900001406669617
3051,1.5255000,-0.076471790671348572,-0.052200000733137131
3052,1.5260000,-0.075739070773124695,-0.051600001752376556
3053,1.5265000,-0.075007453560829163,-0.05090000107884407
3054,1.5270000,-0.074277237057685852,-0.050299998372793198
3055,1.5275000,-0.073548108339309692,-0.04960000142455101
3056,1.5280000,-0.072823382914066315,-0.048999998718500137
3057,1.5285000,-0.072108276188373566,-0.048399999737739563
3058,1.5290000,-0.071405142545700073,-0.047800000756978989
3059,1.5295000,-0.070713289082050323,-0.047299999743700027
3060,1.5300000,-0.070031635463237762,-0.046700000762939453
3061,1.5305000,-0.069360636174678802,-0.046100001782178879
3062,1.5310000,-0.068699628114700317,-0.045600000768899918
3063,1.5315000,-0.068046294152736664,-0.045099999755620956
3064,1.5320000,-0.067399919033050537,-0.044500000774860382
3065,1.5325000,-0.066760420799255371,-0.043999999761581421
3066,1.5330000,-0.066127888858318329,-0.04349999874830246
3067,1.5335000,-0.065503060817718506,-0.043000001460313797
3068,1.5340000,-0.064885154366493225,-0.042500000447034836
3069,1.5345000,-0.064272984862327576,-0.041999999433755875
3070,1.5350000,-0.06366671621799469,-0.041499998420476913
3071,1.5355000,-0.063067182898521423,-0.041000001132488251
3072,1.5360000,-0.062475360929965973,-0.04050000011920929
3073,1.5365000,-0.061890065670013428,-0.039999999105930328
3074,1.5370000,-0.061309564858675003,-0.039599999785423279
3075,1.5375000,-0.060734555125236511,-0.039099998772144318
3076,1.5380000,-0.06016463041305542,-0.038600001484155655
3077,1.5385000,-0.059597931802272797,-0.038100000470876694
3078,1.5390000,-0.059034451842308044,-0.037599999457597733
3079,1.5395000,-0.058475248515605927,-0.037200000137090683
3080,1.5400000,-0.057921752333641052,-0.036699999123811722
3081,1.5405000,-0.057374980300664902,-0.036200001835823059
3082,1.5410000,-0.056834369897842407,-0.035700000822544098
3083,1.5415000,-0.056300025433301926,-0.035199999809265137
3084,1.5420000,-0.0557720847427845,-0.034699998795986176
3085,1.5425000,-0.055248260498046875,-0.034200001507997513
3086,1.5430000,-0.054726865142583847,-0.033700000494718552
3087,1.5435000,-0.054209001362323761,-0.033100001513957977
3088,1.5440000,-0.053696196526288986,-0.032600000500679016
3089,1.5445000,-0.053188290446996689,-0.032099999487400055
3090,1.5450000,-0.052683968096971512,-0.031500000506639481
3091,1.5455000,-0.052182592451572418,-0.030899999663233757
3092,1.5460000,-0.051683306694030762,-0.030400000512599945
3093,1.5465000,-0.051184270530939102,-0.029799999669194221
3094,1.5470000,-0.050685275346040726,-0.029200000688433647
3095,1.5475000,-0.050187692046165466,-0.028599999845027924
3096,1.5480000,-0.049693625420331955,-0.028000000864267349
3097,1.5485000,-0.049205351620912552,-0.027400000020861626
3098,1.5490000,-0.048722591251134872,-0.02669999934732914
3099,1.5495000,-0.048244137316942215,-0.026100000366568565
3100,1.5500000,-0.047769211232662201,-0.025399999693036079
3101,1.5505000,-0.047296062111854553,-0.024700000882148743
3102,1.5510000,-0.046823747456073761,-0.024000000208616257
3103,1.5515000,-0.046352837234735489,-0.023299999535083771
3104,1.5520000,-0.045885577797889709,-0.022600000724196434
3105,1.5525000,-0.045424886047840118,-0.021800000220537186
3106,1.5530000,-0.044970475137233734,-0.0210999995470047
3107,1.5535000,-0.044520195573568344,-0.020300000905990601
3108,1.5540000,-0.044072940945625305,-0.019500000402331352
3109,1.5545000,-0.043626926839351654,-0.018699999898672104
3110,1.5550000,-0.043181393295526505,-0.017899999395012856
3111,1.5555000,-0.042738258838653564,-0.017000000923871994
3112,1.5560000,-0.042298845946788788,-0.016200000420212746
3113,1.5565000,-0.041863292455673218,-0.015300000086426735
3114,1.5570000,-0.041430957615375519,-0.014399999752640724
3115,1.5575000,-0.041000697761774063,-0.013500000350177288
3116,1.5580000,-0.040571160614490509,-0.012500000186264515
3117,1.5585000,-0.040140233933925629,-0.011599999852478504
3118,1.5590000,-0.039707116782665253,-0.010599999688565731
3119,1.5595000,-0.03927304595708847,-0.0096000004559755325
3120,1.5600000,-0.038839869201183319,-0.0086000002920627594
3121,1.5605000,-0.038410324603319168,-0.0076000001281499863
3122,1.5610000,-0.037985000759363174,-0.0065999999642372131
3123,1.5615000,-0.037561472505331039,-0.00559999980032444
3124,1.5620000,-0.037137646228075027,-0.0044999998062849045
3125,1.5625000,-0.036711160093545914,-0.0034000000450760126
3126,1.5630000,-0.03628053143620491,-0.0023000000510364771
3127,1.5635000,-0.035846628248691559,-0.0012000000569969416
3128,1.5640000,-0.035410866141319275,-9.9999997473787516e-05
3129,1.5645000,-0.034975539892911911,0.0010000000474974513
3130,1.5650000,-0.034541770815849304,0.002099999925121665
3131,1.5655000,-0.034107908606529236,0.0032999999821186066
3132,1.5660000,-0.033672057092189789,0.0043999999761581421
3133,1.5665000,-0.033232774585485458,0.00559999980032444
3134,1.5670000,-0.032788895070552826,0.0066999997943639755
3135,1.5675000,-0.032339673489332199,0.0078999996185302734
3136,1.5680000,-0.031885482370853424,0.009100000374019146
3137,1.5685000,-0.031428106129169464,0.010300000198185444
3138,1.5690000,-0.030968578532338142,0.011400000192224979
3139,1.5695000,-0.030505506321787834,0.012600000016391277
3140,1.5700000,-0.030037213116884232,0.013799999840557575
3141,1.5705000,-0.029563579708337784,0.014999999664723873
3142,1.5710000,-0.02908453531563282,0.016200000420212746
3143,1.5715000,-0.028600027784705162,0.017300000414252281
3144,1.5720000,-0.028110615909099579,0.018500000238418579
3145,1.5725000,-0.027617078274488449,0.019700000062584877
3146,1.5730000,-0.027120457962155342,0.020899999886751175
3147,1.5735000,-0.026620633900165558,0.02199999988079071
3148,1.5740000,-0.026117283850908279,0.023199999704957008
3149,1.5745000,-0.025611400604248047,0.024299999698996544
3150,1.5750000,-0.025103578343987465,0.025499999523162842
3151,1.5755000,-0.024594103917479515,0.026599999517202377
3152,1.5760000,-0.024083176627755165,0.027699999511241913
3153,1.5765000,-0.023569494485855103,0.028799999505281448
3154,1.5770000,-0.023052599281072617,0.029899999499320984
3155,1.5775000,-0.02253306657075882,0.030999999493360519
3156,1.5780000,-0.022011026740074158,0.032099999487400055
3157,1.5785000,-0.021487997844815254,0.033100001513957977
3158,1.5790000,-0.020964248105883598,0.034200001507997513
3159,1.5795000,-0.02043909952044487,0.035199999809265137
3160,1.5800000,-0.019912624731659889,0.036200001835823059
3161,1.5805000,-0.019383121281862259,0.037200000137090683
3162,1.5810000,-0.018849831074476242,0.038199998438358307
3163,1.5815000,-0.01831333339214325,0.039099998772144318
3164,1.5820000,-0.017773456871509552,0.039999999105930328
3165,1.5825000,-0.01723145879805088,0.040899999439716339
3166,1.5830000,-0.016688009724020958,0.04179999977350235
3167,1.5835000,-0.016142012551426888,0.042599998414516449
3168,1.5840000,-0.015593979507684708,0.04349999874830246
3169,1.5845000,-0.015045193023979664,0.044199999421834946
3170,1.5850000,-0.014497037045657635,0.045000001788139343
3171,1.5855000,-0.013950487598776817,0.045699998736381531
3172,1.5860000,-0.013405543752014637,0.046399999409914017
3173,1.5865000,-0.012862837873399258,0.046999998390674591
3174,1.5870000,-0.01232183538377285,0.047600001096725464
3175,1.5875000,-0.011780609376728535,0.048099998384714127
3176,1.5880000,-0.011239885352551937,0.048599999397993088
3177,1.5885000,-0.010702107101678848,0.049100000411272049
3178,1.5890000,-0.010168353095650673,0.049499999731779099
3179,1.5895000,-0.0096386400982737541,0.049899999052286148
3180,1.5900000,-0.0091128991916775703,0.050200000405311584
3181,1.5905000,-0.0085917366668581963,0.050500001758337021
3182,1.5910000,-0.0080743161961436272,0.050700001418590546
3183,1.5915000,-0.0075582535937428474,0.05090000107884407
3184,1.5920000,-0.0070434538647532463,0.050999999046325684
3185,1.5925000,-0.00653084646910429,0.051100000739097595
3186,1.5930000,-0.0060208956710994244,0.051199998706579208
3187,1.5935000,-0.0055147255770862103,0.051199998706579208
3188,1.5940000,-0.0050128255970776081,0.051100000739097595
3189,1.5945000,-0.0045144050382077694,0.050999999046325684
3190,1.5950000,-0.0040176245383918285,0.05090000107884407
3191,1.5955000,-0.0035205166786909103,0.050700001418590546
3192,1.5960000,-0.0030228751711547375,0.050500001758337021
3193,1.5965000,-0.0025248820893466473,0.050200000405311584
3194,1.5970000,-0.0020265793427824974,0.049899999052286148
3195,1.5975000,-0.0015294773038476706,0.04960000142455101
3196,1.5980000,-0.0010338751599192619,0.049199998378753662
3197,1.5985000,-0.00053818069864064455,0.048799999058246613
3198,1.5990000,-4.1650841012597084e-05,0.048399999737739563
3199,1.5995000,0.00045652745757251978,0.048000000417232513
3200,1.6000000,0.00095756252994760871,0.047600001096725464
3201,1.6005000,0.0014615727122873068,0.047100000083446503
3202,1.6010000,0.0019683570135384798,0.046599999070167542
3203,1.6015000,0.0024773424956947565,0.046199999749660492
3204,1.6020000,0.0029878595378249884,0.045699998736381531
3205,1.6025000,0.003500745166093111,0.045200001448392868
3206,1.6030000,0.0040166564285755157,0.044700000435113907
3207,1.6035000,0.0045355213806033134,0.044199999421834946
3208,1.6040000,0.0050576552748680115,0.043699998408555984
3209,1.6045000,0.0055825603194534779,0.043299999088048935
3210,1.6050000,0.0061097717843949795,0.042800001800060272
3211,1.6055000,0.0066386754624545574,0.042399998754262924
3212,1.6060000,0.0071675968356430531,0.041999999433755875
3213,1.6065000,0.0076959556899964809,0.041600000113248825
3214,1.6070000,0.0082238521426916122,0.041299998760223389
3215,1.6075000,0.0087508112192153931,0.040899999439716339
3216,1.6080000,0.0092751886695623398,0.040600001811981201
3217,1.6085000,0.0097946124151349068,0.040399998426437378
3218,1.6090000,0.010308639146387577,0.04010000079870224
3219,1.6095000,0.010817287489771843,0.039900001138448715
3220,1.6100000,0.01131951529532671,0.039799999445676804
3221,1.6105000,0.011815449222922325,0.039599999785423279
3222,1.6110000,0.012305882759392262,0.039500001817941666
3223,1.6115000,0.01279072929173708,0.039500001817941666
3224,1.6120000,0.013268124312162399,0.039500001817941666
3225,1.6125000,0.013735947199165821,0.039500001817941666
3226,1.6130000,0.014195163734257221,0.039599999785423279
3227,1.6135000,0.014646978117525578,0.03970000147819519
3228,1.6140000,0.015091181732714176,0.039799999445676804
3229,1.6145000,0.015528718940913677,0.039999999105930328
3230,1.6150000,0.015960974618792534,0.040199998766183853
3231,1.6155000,0.016388893127441406,0.04050000011920929
3232,1.6160000,0.016812097281217575,0.040800001472234726
3233,1.6165000,0.017229653894901276,0.041099999099969864
3234,1.6170000,0.01764272153377533,0.0414000004529953
3235,1.6175000,0.018052110448479652,0.04179999977350235
3236,1.6180000,0.018457701429724693,0.042300000786781311
3237,1.6185000,0.018860680982470512,0.042700000107288361
3238,1.6190000,0.01926189661026001,0.043200001120567322
3239,1.6195000,0.019662057980895042,0.043699998408555984
3240,1.6200000,0.020061016082763672,0.044199999421834946
3241,1.6205000,0.020456906408071518,0.04479999840259552
3242,1.6210000,0.020850034430623055,0.045400001108646393
3243,1.6215000,0.021242460235953331,0.046000000089406967
3244,1.6220000,0.021635372191667557,0.046599999070167542
3245,1.6225000,0.022028712555766106,0.047200001776218414
3246,1.6230000,0.022420946508646011,0.047899998724460602
3247,1.6235000,0.022812565788626671,0.048500001430511475
3248,1.6240000,0.023203721269965172,0.049199998378753662
3249,1.6245000,0.023590316995978355,0.049899999052286148
3250,1.6250000,0.023970356211066246,0.050599999725818634
3251,1.6255000,0.024345371872186661,0.05130000039935112
3252,1.6260000,0.024716923013329506,0.052000001072883606
3253,1.6265000,0.025085369125008583,0.052700001746416092
3254,1.6270000,0.025449337437748909,0.053399998694658279
3255,1.6275000,0.025809967890381813,0.054099999368190765
3256,1.6280000,0.026168782263994217,0.054800000041723251
3257,1.6285000,0.026523131877183914,0.055500000715255737
3258,1.6290000,0.026872143149375916,0.056200001388788223
3259,1.6295000,0.027217237278819084,0.056899998337030411
3260,1.6300000,0.027559347450733185,0.057599999010562897
3261,1.6305000,0.02789931558072567,0.058299999684095383
3262,1.6310000,0.028236180543899536,0.059000000357627869
3263,1.6315000,0.028570430353283882,0.059599999338388443
3264,1.6320000,0.02890513651072979,0.060300000011920929
3265,1.6325000,0.02924116887152195,0.060899998992681503
3266,1.6330000,0.029578214511275291,0.061500001698732376
3267,1.6335000,0.029916604980826378,0.06210000067949295
3268,1.6340000,0.030256977304816246,0.062700003385543823
3269,1.6345000,0.030600178986787796,0.063299998641014099
3270,1.6350000,0.030944881960749626,0.063900001347064972
3271,1.6355000,0.031290367245674133,0.064400002360343933
3272,1.6360000,0.031637713313102722,0.064999997615814209
3273,1.6365000,0.031984511762857437,0.06549999862909317
3274,1.6370000,0.032328829169273376,0.065999999642372131
3275,1.6375000,0.032671369612216949,0.066500000655651093
3276,1.6380000,0.033012904226779938,0.066899999976158142
3277,1.6385000,0.033355515450239182,0.067400000989437103
3278,1.6390000,0.033698149025440216,0.067800000309944153
3279,1.6395000,0.034038897603750229,0.068199999630451202
3280,1.6400000,0.034378580749034882,0.068599998950958252
3281,1.6405000,0.034716814756393433,0.068999998271465302
3282,1.6410000,0.03505425900220871,0.069300003349781036
3283,1.6415000,0.035391096025705338,0.069700002670288086
3284,1.6420000,0.035727221518754959,0.070000000298023224
3285,1.6425000,0.036065205931663513,0.070299997925758362
3286,1.6430000,0.036404523998498917,0.070600003004074097
3287,1.6435000,0.036743577569723129,0.070900000631809235
3288,1.6440000,0.037082813680171967,0.071099996566772461
3289,1.6445000,0.037421874701976776,0.071400001645088196
3290,1.6450000,0.037761509418487549,0.071599997580051422
3291,1.6455000,0.038103140890598297,0.071800000965595245
3292,1.6460000,0.038447298109531403,0.071999996900558472
3293,1.6465000,0.038793861865997314,0.072200000286102295
3294,1.6470000,0.039142176508903503,0.072400003671646118
3295,1.6475000,0.039492830634117126,0.072499997913837433
3296,1.6480000,0.039845500141382217,0.072700001299381256
3297,1.6485000,0.040198177099227905,0.072800002992153168
3298,1.6490000,0.040550567209720612,0.072999998927116394
3299,1.6495000,0.040903892368078232,0.073100000619888306
3300,1.6500000,0.04125932976603508,0.073200002312660217
3301,1.6505000,0.041617564857006073,0.073299996554851532
3302,1.6510000,0.041978172957897186,0.073399998247623444
3303,1.6515000,0.042340178042650223,0.073499999940395355
3304,1.6520000,0.042700484395027161,0.073600001633167267
3305,1.6525000,0.043052699416875839,0.073600001633167267
3306,1.6530000,0.043393600732088089,0.073700003325939178
3307,1.6535000,0.043725349009037018,0.073700003325939178
3308,1.6540000,0.044050801545381546,0.073799997568130493
3309,1.6545000,0.044370893388986588,0.073799997568130493
3310,1.6550000,0.044685959815979004,0.073899999260902405
3311,1.6555000,0.044996805489063263,0.073899999260902405
3312,1.6560000,0.045300289988517761,0.074000000953674316
3313,1.6565000,0.045591693371534348,0.074000000953674316
3314,1.6570000,0.045870352536439896,0.074000000953674316
3315,1.6575000,0.046136859804391861,0.074000000953674316
3316,1.6580000,0.046392809599637985,0.074100002646446228
3317,1.6585000,0.046638950705528259,0.074100002646446228
3318,1.6590000,0.046874616295099258,0.074100002646446228
3319,1.6595000,0.047101035714149475,0.074100002646446228
3320,1.6600000,0.047317739576101303,0.074100002646446228
3321,1.6605000,0.047523930668830872,0.074199996888637543
3322,1.6610000,0.047721255570650101,0.074199996888637543
3323,1.6615000,0.047910545021295547,0.074199996888637543
3324,1.6620000,0.048092406243085861,0.074199996888637543
3325,1.6625000,0.048266708850860596,0.074299998581409454
3326,1.6630000,0.048432774841785431,0.074299998581409454
3327,1.6635000,0.048591200262308121,0.074299998581409454
3328,1.6640000,0.04873989149928093,0.074400000274181366
3329,1.6645000,0.048876665532588959,0.074400000274181366
3330,1.6650000,0.049004063010215759,0.074500001966953278
3331,1.6655000,0.049124009907245636,0.074500001966953278
3332,1.6660000,0.049237556755542755,0.074600003659725189
3333,1.6665000,0.049346026033163071,0.074600003659725189
3334,1.6670000,0.049447949975728989,0.074699997901916504
3335,1.6675000,0.049542676657438278,0.074799999594688416
3336,1.6680000,0.049633365124464035,0.074900001287460327
3337,1.6685000,0.049725338816642761,0.075000002980232239
3338,1.6690000,0.049823369830846786,0.075099997222423553
3339,1.6695000,0.049928870052099228,0.075199998915195465
3340,1.6700000,0.050042077898979187,0.075300000607967377
3341,1.6705000,0.050162896513938904,0.075400002300739288
3342,1.6710000,0.050288897007703781,0.075499996542930603
3343,1.6715000,0.05042024701833725,0.075599998235702515
3344,1.6720000,0.050559345632791519,0.075699999928474426
3345,1.6725000,0.050706028938293457,0.07590000331401825
3346,1.6730000,0.050860386341810226,0.075999997556209564
3347,1.6735000,0.051024205982685089,0.076099999248981476
3348,1.6740000,0.051198709756135941,0.076300002634525299
3349,1.6745000,0.051382884383201599,0.076399996876716614
3350,1.6750000,0.051575161516666412,0.076600000262260437
3351,1.6755000,0.051775045692920685,0.076700001955032349
3352,1.6760000,0.051981423050165176,0.07680000364780426
3353,1.6765000,0.052193455398082733,0.076999999582767487
3354,1.6770000,0.052411522716283798,0.077100001275539398
3355,1.6775000,0.052636358886957169,0.077299997210502625
3356,1.6780000,0.052869398146867752,0.077399998903274536
3357,1.6785000,0.053109779953956604,0.077500000596046448
3358,1.6790000,0.053355030715465546,0.077600002288818359
3359,1.6795000,0.053605332970619202,0.077799998223781586
3360,1.6800000,0.053859882056713104,0.077899999916553497
3361,1.6805000,0.054116722196340561,0.078000001609325409
3362,1.6810000,0.054377079010009766,0.078100003302097321
3363,1.6815000,0.05464152991771698,0.078199997544288635
3364,1.6820000,0.054908435791730881,0.078299999237060547
3365,1.6825000,0.055177368223667145,0.078400000929832458
3366,1.6830000,0.055449746549129486,0.07850000262260437
3367,1.6835000,0.055726341903209686,0.07850000262260437
3368,1.6840000,0.05600515753030777,0.078599996864795685
3369,1.6845000,0.056284356862306595,0.078699998557567596
3370,1.6850000,0.056564975529909134,0.078699998557567596
3371,1.6855000,0.056848213076591492,0.078800000250339508
3372,1.6860000,0.057133417576551437,0.07890000194311142
3373,1.6865000,0.057420097291469574,0.07890000194311142
3374,1.6870000,0.057707794010639191,0.07890000194311142
3375,1.6875000,0.0579955093562603,0.079000003635883331
3376,1.6880000,0.05828351154923439,0.079000003635883331
3377,1.6885000,0.058573275804519653,0.079099997878074646
3378,1.6890000,0.058866459876298904,0.079099997878074646
3379,1.6895000,0.05916425958275795,0.079199999570846558
3380,1.6900000,0.059466276317834854,0.079199999570846558
3381,1.6905000,0.059771358966827393,0.079199999570846558
3382,1.6910000,0.060078445822000504,0.079300001263618469
3383,1.6915000,0.060384418815374374,0.079300001263618469
3384,1.6920000,0.060685895383358002,0.079400002956390381
3385,1.6925000,0.060983084142208099,0.079499997198581696
3386,1.6930000,0.061278600245714188,0.079499997198581696
3387,1.6935000,0.061575207859277725,0.079599998891353607
3388,1.6940000,0.061873152852058411,0.079700000584125519
3389,1.6945000,0.062170512974262238,0.07980000227689743
3390,1.6950000,0.06246664747595787,0.079899996519088745
3391,1.6955000,0.062760248780250549,0.079999998211860657
3392,1.6960000,0.063048385083675385,0.080099999904632568
3393,1.6965000,0.06332772970199585,0.08020000159740448
3394,1.6970000,0.063596285879611969,0.080399997532367706
3395,1.6975000,0.063856109976768494,0.080499999225139618
3396,1.6980000,0.064109057188034058,0.08060000091791153
3397,1.6985000,0.064354829490184784,0.080799996852874756
3398,1.6990000,0.064593829214572906,0.080899998545646667
3399,1.6995000,0.064824812114238739,0.081100001931190491
3400,1.7000000,0.065044902265071869,0.081299997866153717
3401,1.7005000,0.065252333879470825,0.08150000125169754
3402,1.7010000,0.065447434782981873,0.081600002944469452
3403,1.7015000,0.065632238984107971,0.081799998879432678
3404,1.7020000,0.065807759761810303,0.082000002264976501
3405,1.7025000,0.065975397825241089,0.082199998199939728
3406,1.7030000,0.06613747775554657,0.082299999892711639
3407,1.7035000,0.066292524337768555,0.082500003278255463
3408,1.7040000,0.066437765955924988,0.082699999213218689
3409,1.7045000,0.066573455929756165,0.082800000905990601
3410,1.7050000,0.066702939569950104,0.082999996840953827
3411,1.7055000,0.06682925671339035,0.083099998533725739
3412,1.7060000,0.066952630877494812,0.083300001919269562
3413,1.7065000,0.067075207829475403,0.083400003612041473
3414,1.7070000,0.067199118435382843,0.083499997854232788
3415,1.7075000,0.067321695387363434,0.0835999995470047
3416,1.7080000,0.067438393831253052,0.083700001239776611
3417,1.7085000,0.067547515034675598,0.083700001239776611
3418,1.7090000,0.067652337253093719,0.083800002932548523
3419,1.7095000,0.067756347358226776,0.083800002932548523
3420,1.7100000,0.067860312759876251,0.083800002932548523
3421,1.7105000,0.067966841161251068,0.083800002932548523
3422,1.7110000,0.068077810108661652,0.083800002932548523
3423,1.7115000,0.068189218640327454,0.083800002932548523
3424,1.7120000,0.068297162652015686,0.083700001239776611
3425,1.7125000,0.068403623998165131,0.0835999995470047
3426,1.7130000,0.068512961268424988,0.083499997854232788
3427,1.7135000,0.068626753985881805,0.083400003612041473
3428,1.7140000,0.068744033575057983,0.08320000022649765
3429,1.7145000,0.068865500390529633,0.083099998533725739
3430,1.7150000,0.068991474807262421,0.082900002598762512
3431,1.7155000,0.069118991494178772,0.082699999213218689
3432,1.7160000,0.069247543811798096,0.082500003278255463
3433,1.7165000,0.069380372762680054,0.082299999892711639
3434,1.7170000,0.069519482553005219,0.082099996507167816
3435,1.7175000,0.069664157927036285,0.081799998879432678
3436,1.7180000,0.069813236594200134,0.081600002944469452
3437,1.7185000,0.069966748356819153,0.081299997866153717
3438,1.7190000,0.070122547447681427,0.081100001931190491
3439,1.7195000,0.070277772843837738,0.080799996852874756
3440,1.7200000,0.070431925356388092,0.08060000091791153
3441,1.7205000,0.070583291351795197,0.080300003290176392
3442,1.7210000,0.070730492472648621,0.080099999904632568
3443,1.7215000,0.070874974131584167,0.079899996519088745
3444,1.7220000,0.071017555892467499,0.079700000584125519
3445,1.7225000,0.071157217025756836,0.079400002956390381
3446,1.7230000,0.071292072534561157,0.079199999570846558
3447,1.7235000,0.071421615779399872,0.079099997878074646
3448,1.7240000,0.071547165513038635,0.07890000194311142
3449,1.7245000,0.071666322648525238,0.078800000250339508
3450,1.7250000,0.071778319776058197,0.078599996864795685
3451,1.7255000,0.071887016296386719,0.07850000262260437
3452,1.7260000,0.071991153061389923,0.07850000262260437
3453,1.7265000,0.072087511420249939,0.078400000929832458
3454,1.7270000,0.072175592184066772,0.078400000929832458
3455,1.7275000,0.072256468236446381,0.078400000929832458
3456,1.7280000,0.072331696748733521,0.078400000929832458
3457,1.7285000,0.07239830493927002,0.078400000929832458
3458,1.7290000,0.072454549372196198,0.07850000262260437
3459,1.7295000,0.072502471506595612,0.078599996864795685
3460,1.7300000,0.072539739310741425,0.078699998557567596
3461,1.7305000,0.072565421462059021,0.078800000250339508
3462,1.7310000,0.072583161294460297,0.079000003635883331
3463,1.7315000,0.072595074772834778,0.079199999570846558
3464,1.7320000,0.072602234780788422,0.079400002956390381
3465,1.7325000,0.072603687644004822,0.079599998891353607
3466,1.7330000,0.072598859667778015,0.07980000227689743
3467,1.7335000,0.072589665651321411,0.080099999904632568
3468,1.7340000,0.072576269507408142,0.080399997532367706
3469,1.7345000,0.072559766471385956,0.08060000091791153
3470,1.7350000,0.072542138397693634,0.080899998545646667
3471,1.7355000,0.072523333132266998,0.081200003623962402
3472,1.7360000,0.072503790259361267,0.081600002944469452
3473,1.7365000,0.072481222450733185,0.08190000057220459
3474,1.7370000,0.072453007102012634,0.082199998199939728
3475,1.7375000,0.072421923279762268,0.082500003278255463
3476,1.7380000,0.072391577064990997,0.082800000905990601
3477,1.7385000,0.07236674427986145,0.08320000022649765
3478,1.7390000,0.072350598871707916,0.083499997854232788
3479,1.7395000,0.072341978549957275,0.083800002932548523
3480,1.7400000,0.072339475154876709,0.084200002253055573
3481,1.7405000,0.072339415550231934,0.08449999988079071
3482,1.7410000,0.072341524064540863,0.084799997508525848
3483,1.7415000,0.072353348135948181,0.085100002586841583
3484,1.7420000,0.072378627955913544,0.085500001907348633
3485,1.7425000,0.072417415678501129,0.085799999535083771
3486,1.7430000,0.072472549974918365,0.086099997162818909
3487,1.7435000,0.072544857859611511,0.086400002241134644
3488,1.7440000,0.072633147239685059,0.086800001561641693
3489,1.7445000,0.072738371789455414,0.087099999189376831
3490,1.7450000,0.072864063084125519,0.087399996817111969
3491,1.7455000,0.07301388680934906,0.087800003588199615
3492,1.7460000,0.07318674772977829,0.088100001215934753
3493,1.7465000,0.073381595313549042,0.088399998843669891
3494,1.7470000,0.073602482676506042,0.088799998164176941
3495,1.7475000,0.073852047324180603,0.08919999748468399
3496,1.7480000,0.074128538370132446,0.08959999680519104
3497,1.7485000,0.07442958652973175,0.090000003576278687
3498,1.7490000,0.074756965041160583,0.090400002896785736
3499,1.7495000,0.075114749372005463,0.090800002217292786
3500,1.7500000,0.07550523430109024,0.091300003230571747
3501,1.7505000,0.075930893421173096,0.091799996793270111
3502,1.7510000,0.076392821967601776,0.092299997806549072
3503,1.7515000,0.076890379190444946,0.092900000512599945
3504,1.7520000,0.077423617243766785,0.093500003218650818
3505,1.7525000,0.077992342412471771,0.094099998474121094
3506,1.7530000,0.078598164021968842,0.094700001180171967
3507,1.7535000,0.079245984554290771,0.095399998128414154
3508,1.7540000,0.079942852258682251,0.096199996769428253
3509,1.7545000,0.080695785582065582,0.096900001168251038
3510,1.7550000,0.081506215035915375,0.097699999809265137
3511,1.7555000,0.082370869815349579,0.098600000143051147
3512,1.7560000,0.083282768726348877,0.099500000476837158
3513,1.7565000,0.084234438836574554,0.10040000081062317
3514,1.7570000,0.08522450178861618,0.10130000114440918
3515,1.7575000,0.086252681910991669,0.10239999741315842
3516,1.7580000,0.08731977641582489,0.10339999943971634
3517,1.7585000,0.088430985808372498,0.10450000315904617
3518,1.7590000,0.089590400457382202,0.10559999942779541
3519,1.7595000,0.09079471230506897,0.10679999738931656
3520,1.7600000,0.092040263116359711,0.1080000028014183
3521,1.7605000,0.093328379094600677,0.10930000245571136
3522,1.7610000,0.094656489789485931,0.11060000211000443
3523,1.7615000,0.096018999814987183,0.11190000176429749
3524,1.7620000,0.09741479903459549,0.11330000311136246
3525,1.7625000,0.09884905070066452,0.11469999700784683
3526,1.7630000,0.10032334178686142,0.1160999983549118
3527,1.7635000,0.10183027386665344,0.11760000139474869
3528,1.7640000,0.10336435586214066,0.11909999698400497
3529,1.7645000,0.10492407530546188,0.12070000171661377
3530,1.7650000,0.10650771856307983,0.12229999899864197
3531,1.7655000,0.10811147838830948,0.12389999628067017
3532,1.7660000,0.10973184555768967,0.12549999356269836
3533,1.7665000,0.11136990040540695,0.12720000743865967
3534,1.7670000,0.11302637308835983,0.12890000641345978
3535,1.7675000,0.11469767987728119,0.13060000538825989
3536,1.7680000,0.11638283729553223,0.13240000605583191
3537,1.7685000,0.11808750778436661,0.13420000672340393
3538,1.7690000,0.11981750279664993,0.13600000739097595
3539,1.7695000,0.12157230824232101,0.13789999485015869
3540,1.7700000,0.12334811687469482,0.13979999721050262
3541,1.7705000,0.12514391541481018,0.14169999957084656
3542,1.7710000,0.12695743143558502,0.14360000193119049
3543,1.7715000,0.12878373265266418,0.14560000598430634
3544,1.7720000,0.1306212842464447,0.1476999968290329
3545,1.7725000,0.13247212767601013,0.14970000088214874
3546,1.7730000,0.13433688879013062,0.1518000066280365
3547,1.7735000,0.13621421158313751,0.15399999916553497
3548,1.7740000,0.13810405135154724,0.15620000660419464
3549,1.7745000,0.14000724256038666,0.15839999914169312
3550,1.7750000,0.14192409813404083,0.1606999933719635
3551,1.7755000,0.14385439455509186,0.16300000250339508
3552,1.7760000,0.14579470455646515,0.16539999842643738
3553,1.7765000,0.1477385014295578,0.16779999434947968
3554,1.7770000,0.14967954158782959,0.17030000686645508
3555,1.7775000,0.1516142338514328,0.1729000061750412
3556,1.7780000,0.15354079008102417,0.17550000548362732
3557,1.7785000,0.1554597020149231,0.17810000479221344
3558,1.7790000,0.15737509727478027,0.18080000579357147
3559,1.7795000,0.15929065644741058,0.18359999358654022
3560,1.7800000,0.16120642423629761,0.18649999797344208
3561,1.7805000,0.16312217712402344,0.18940000236034393
3562,1.7810000,0.16503506898880005,0.19230000674724579
3563,1.7815000,0.16693836450576782,0.19539999961853027
3564,1.7820000,0.16883081197738647,0.19850000739097595
3565,1.7825000,0.17071545124053955,0.20160000026226044
3566,1.7830000,0.17259477078914642,0.20479999482631683
3567,1.7835000,0.17447212338447571,0.20810000598430634
3568,1.7840000,0.1763489693403244,0.21150000393390656
3569,1.7845000,0.17822761833667755,0.21490000188350677
3570,1.7850000,0.18011422455310822,0.21840000152587891
3571,1.7855000,0.1820095032453537,0.22190000116825104
3572,1.7860000,0.18391001224517822,0.22550000250339508
3573,1.7865000,0.18581658601760864,0.22910000383853912
3574,1.7870000,0.18773072957992554,0.23280000686645508
3575,1.7875000,0.1896539181470871,0.23649999499320984
3576,1.7880000,0.19158841669559479,0.24019999802112579
3577,1.7885000,0.19353549182415009,0.24400000274181366
3578,1.7890000,0.19549986720085144,0.24779999256134033
3579,1.7895000,0.19748520851135254,0.2517000138759613
3580,1.7900000,0.19948749244213104,0.25560000538825989
3581,1.7905000,0.20150503516197205,0.25949999690055847
3582,1.7910000,0.20354019105434418,0.26339998841285706
3583,1.7915000,0.20559091866016388,0.26730000972747803
3584,1.7920000,0.20765663683414459,0.27120000123977661
3585,1.7925000,0.20974220335483551,0.2750999927520752
3586,1.7930000,0.21185056865215302,0.27889999747276306
3587,1.7935000,0.21398334205150604,0.28279998898506165
3588,1.7940000,0.21614448726177216,0.28659999370574951
3589,1.7945000,0.21833647787570953,0.29039999842643738
3590,1.7950000,0.22055807709693909,0.29420000314712524
3591,1.7955000,0.22280475497245789,0.29789999127388
3592,1.7960000,0.22507241368293762,0.30149999260902405
3593,1.7965000,0.22736532986164093,0.30509999394416809
3594,1.7970000,0.22969086468219757,0.30869999527931213
3595,1.7975000,0.23204906284809113,0.31209999322891235
3596,1.7980000,0.23443505167961121,0.31549999117851257
3597,1.7985000,0.23684640228748322,0.31869998574256897
3598,1.7990000,0.23928436636924744,0.32190001010894775
3599,1.7995000,0.24174715578556061,0.32499998807907104
3600,1.8000000,0.2442258894443512,0.32800000905990601
3601,1.8005000,0.24671261012554169,0.33079999685287476
3602,1.8010000,0.24920812249183655,0.33349999785423279
3603,1.8015000,0.25171399116516113,0.33619999885559082
3604,1.8020000,0.25422632694244385,0.33860000967979431
3605,1.8025000,0.25674009323120117,0.34099999070167542
3606,1.8030000,0.25925356149673462,0.34310001134872437
3607,1.8035000,0.26176407933235168,0.34520000219345093
3608,1.8040000,0.26426273584365845,0.34709998965263367
3609,1.8045000,0.26674047112464905,0.34880000352859497
3610,1.8050000,0.26918911933898926,0.35040000081062317
3611,1.8055000,0.2715991735458374,0.35179999470710754
3612,1.8060000,0.27396446466445923,0.3529999852180481
3613,1.8065000,0.27628093957901001,0.35400000214576721
3614,1.8070000,0.27854436635971069,0.35490000247955322
3615,1.8075000,0.280752032995224,0.35559999942779541
3616,1.8080000,0.2829013466835022,0.35609999299049377
3617,1.8085000,0.28498715162277222,0.3564000129699707
3618,1.8090000,0.28700226545333862,0.35649999976158142
3619,1.8095000,0.28893923759460449,0.3564000129699707
3620,1.8100000,0.29079142212867737,0.35609999299049377
3621,1.8105000,0.29255446791648865,0.35559999942779541
3622,1.8110000,0.29422646760940552,0.35490000247955322
3623,1.8115000,0.29580444097518921,0.35400000214576721
3624,1.8120000,0.29728502035140991,0.35289999842643738
3625,1.8125000,0.29866907000541687,0.35159999132156372
3626,1.8130000,0.29995587468147278,0.34999999403953552
3627,1.8135000,0.30114066600799561,0.34830000996589661
3628,1.8140000,0.3022209107875824,0.34630000591278076
3629,1.8145000,0.30319339036941528,0.34409999847412109
3630,1.8150000,0.30405449867248535,0.3416999876499176
3631,1.8155000,0.30480200052261353,0.33910000324249268
3632,1.8160000,0.30543056130409241,0.33619999885559082
3633,1.8165000,0.30593681335449219,0.33320000767707825
3634,1.8170000,0.30632314085960388,0.32989999651908875
3635,1.8175000,0.306589275598526,0.32640001177787781
3636,1.8180000,0.30673199892044067,0.32269999384880066
3637,1.8185000,0.30675071477890015,0.31880000233650208
3638,1.8190000,0.30664521455764771,0.31470000743865967
3639,1.8195000,0.30641040205955505,0.31029999256134033
3640,1.8200000,0.30603557825088501,0.30579999089241028
3641,1.8205000,0.30551040172576904,0.3010999858379364
3642,1.8210000,0.30483323335647583,0.29620000720024109
3643,1.8215000,0.30400550365447998,0.29109999537467957
3644,1.8220000,0.30302628874778748,0.28580000996589661
3645,1.8225000,0.30189782381057739,0.28029999136924744
3646,1.8230000,0.30062207579612732,0.27469998598098755
3647,1.8235000,0.29919615387916565,0.26890000700950623
3648,1.8240000,0.29761147499084473,0.26289999485015869
3649,1.8245000,0.29585990309715271,0.25679999589920044
3650,1.8250000,0.29394567012786865,0.25049999356269836
3651,1.8255000,0.29187658429145813,0.24410000443458557
3652,1.8260000,0.289652019739151,0.23759999871253967
3653,1.8265000,0.2872697114944458,0.23090000450611115
3654,1.8270000,0.28473180532455444,0.22409999370574951
3655,1.8275000,0.28204312920570374,0.21719999611377716
3656,1.8280000,0.27921029925346375,0.2101999968290329
3657,1.8285000,0.27623963356018066,0.20319999754428864
3658,1.8290000,0.27313655614852905,0.19599999487400055
3659,1.8295000,0.2699064314365387,0.18870000541210175
3660,1.8300000,0.26655113697052002,0.18140000104904175
3661,1.8305000,0.26307255029678345,0.17409999668598175
3662,1.8310000,0.25947305560112,0.16670000553131104
3663,1.8315000,0.25575685501098633,0.15919999778270721
3664,1.8320000,0.25193288922309875,0.1518000066280365
3665,1.8325000,0.24800689518451691,0.14429999887943268
3666,1.8330000,0.24398159980773926,0.13670000433921814
3667,1.8335000,0.23986341059207916,0.12919999659061432
3668,1.8340000,0.23565693199634552,0.12169999629259109
3669,1.8345000,0.23135975003242493,0.11420000344514847
3670,1.8350000,0.22697070240974426,0.10679999738931656
3671,1.8355000,0.22249661386013031,0.099299997091293335
3672,1.8360000,0.21794083714485168,0.091899998486042023
3673,1.8365000,0.21329961717128754,0.084600001573562622
3674,1.8370000,0.20857524871826172,0.077299997210502625
3675,1.8375000,0.20377211272716522,0.070100001990795135
3676,1.8380000,0.1988929808139801,0.06289999932050705
3677,1.8385000,0.19394375383853912,0.055900000035762787
3678,1.8390000,0.18892842531204224,0.048900000751018524
3679,1.8395000,0.1838500052690506,0.041999999433755875
3680,1.8400000,0.17871241271495819,0.035199999809265137
3681,1.8405000,0.17351865768432617,0.028500000014901161
3682,1.8410000,0.16827292740345001,0.021900000050663948
3683,1.8415000,0.1629738062620163,0.015399999916553497
3684,1.8420000,0.15762016177177429,0.009100000374019146
3685,1.8425000,0.15222370624542236,0.002899999963119626
3686,1.8430000,0.14679634571075439,-0.0031999999191612005
3687,1.8435000,0.14134055376052856,-0.0092000002041459084
3688,1.8440000,0.13586096465587616,-0.014999999664723873
3689,1.8445000,0.13036356866359711,-0.020600000396370888
3690,1.8450000,0.12484800815582275,-0.026100000366568565
3691,1.8455000,0.11931571364402771,-0.031500000506639481
3692,1.8460000,0.11377137899398804,-0.036699999123811722
3693,1.8465000,0.10822071880102158,-0.041700001806020737
3694,1.8470000,0.10267065465450287,-0.046599999070167542
3695,1.8475000,0.097126536071300507,-0.051399998366832733
3696,1.8480000,0.091593451797962189,-0.055900000035762787
3697,1.8485000,0.086076445877552032,-0.060400001704692841
3698,1.8490000,0.08057817816734314,-0.064599998295307159
3699,1.8495000,0.075101666152477264,-0.068700000643730164
3700,1.8500000,0.06965307891368866,-0.072599999606609344
3701,1.8505000,0.064240306615829468,-0.076399996876716614
3702,1.8510000,0.058868817985057831,-0.079999998211860657
3703,1.8515000,0.053541935980319977,-0.083499997854232788
3704,1.8520000,0.048265889286994934,-0.086800001561641693
3705,1.8525000,0.043048977851867676,-0.089900001883506775
3706,1.8530000,0.037895258516073227,-0.093000002205371857
3707,1.8535000,0.03280499204993248,-0.095799997448921204
3708,1.8540000,0.027781292796134949,-0.098600000143051147
3709,1.8545000,0.022827807813882828,-0.10109999775886536
3710,1.8550000,0.017946667969226837,-0.10360000282526016
3711,1.8555000,0.013141870498657227,-0.10589999705553055
3712,1.8560000,0.0084184855222702026,-0.10809999704360962
3713,1.8565000,0.0037814658135175705,-0.11020000278949738
3714,1.8570000,-0.00076768733561038971,-0.11219999939203262
3715,1.8575000,-0.0052300086244940758,-0.11410000175237656
3716,1.8580000,-0.0096053890883922577,-0.11580000072717667
3717,1.8585000,-0.013894195668399334,-0.11749999970197678
3718,1.8590000,-0.018097624182701111,-0.11900000274181366
3719,1.8595000,-0.022217109799385071,-0.12049999833106995
3720,1.8600000,-0.02625228650867939,-0.12189999967813492
3721,1.8605000,-0.030201315879821777,-0.12309999763965607
3722,1.8610000,-0.034063044935464859,-0.12430000305175781
3723,1.8615000,-0.037836577743291855,-0.12549999356269836
3724,1.8620000,-0.041522402316331863,-0.12649999558925629
3725,1.8625000,-0.045121859759092331,-0.12749999761581421
3726,1.8630000,-0.048635382205247879,-0.12839999794960022
3727,1.8635000,-0.052065197378396988,-0.12929999828338623
3728,1.8640000,-0.055417750030755997,-0.13009999692440033
3729,1.8645000,-0.058699451386928558,-0.13079999387264252
3730,1.8650000,-0.061911951750516891,-0.1315000057220459
3731,1.8655000,-0.065053679049015045,-0.13210000097751617
3732,1.8660000,-0.068124160170555115,-0.13269999623298645
3733,1.8665000,-0.071123741567134857,-0.13320000469684601
3734,1.8670000,-0.074051305651664734,-0.13369999825954437
3735,1.8675000,-0.076905727386474609,-0.13410000503063202
3736,1.8680000,-0.079690828919410706,-0.13449999690055847
3737,1.8685000,-0.082414314150810242,-0.13490000367164612
3738,1.8690000,-0.085078395903110504,-0.13510000705718994
3739,1.8695000,-0.08768133819103241,-0.13539999723434448
3740,1.8700000,-0.090224191546440125,-0.13560000061988831
3741,1.8705000,-0.092707745730876923,-0.13570000231266022
3742,1.8710000,-0.09513111412525177,-0.13580000400543213
3743,1.8715000,-0.097491934895515442,-0.13580000400543213
3744,1.8720000,-0.099788166582584381,-0.13580000400543213
3745,1.8725000,-0.10202167928218842,-0.13580000400543213
3746,1.8730000,-0.10419467091560364,-0.13560000061988831
3747,1.8735000,-0.10630837082862854,-0.13549999892711639
3748,1.8740000,-0.10836464166641235,-0.13529999554157257
3749,1.8745000,-0.11036406457424164,-0.13500000536441803
3750,1.8750000,-0.11230621486902237,-0.13470000028610229
3751,1.8755000,-0.11418976634740829,-0.13429999351501465
3752,1.8760000,-0.11601395159959793,-0.1339000016450882
3753,1.8765000,-0.11778111010789871,-0.13349999487400055
3754,1.8770000,-0.1194927841424942,-0.13289999961853027
3755,1.8775000,-0.12114875763654709,-0.13240000605583191
3756,1.8780000,-0.12275020778179169,-0.13179999589920044
3757,1.8785000,-0.12429869920015335,-0.13109999895095825
3758,1.8790000,-0.12579482793807983,-0.13040000200271606
3759,1.8795000,-0.12723752856254578,-0.12970000505447388
3760,1.8800000,-0.12862738966941833,-0.12890000641345978
3761,1.8805000,-0.12996956706047058,-0.12800000607967377
3762,1.8810000,-0.13126638531684875,-0.12720000743865967
3763,1.8815000,-0.13251608610153198,-0.12630000710487366
3764,1.8820000,-0.1337190568447113,-0.12530000507831573
3765,1.8825000,-0.13487643003463745,-0.12430000305175781
3766,1.8830000,-0.13598714768886566,-0.12330000102519989
3767,1.8835000,-0.13705025613307953,-0.12229999899864197
3768,1.8840000,-0.13806752860546112,-0.12129999697208405
3769,1.8845000,-0.13904106616973877,-0.12020000070333481
3770,1.8850000,-0.1399705559015274,-0.11919999867677689
3771,1.8855000,-0.1408553421497345,-0.11810000240802765
3772,1.8860000,-0.14169609546661377,-0.11699999868869781
3773,1.8865000,-0.14249330759048462,-0.11590000241994858
3774,1.8870000,-0.1432458758354187,-0.11479999870061874
3775,1.8875000,-0.14395329356193542,-0.11379999667406082
3776,1.8880000,-0.14461751282215118,-0.11270000040531158
3777,1.8885000,-0.14524050056934357,-0.11159999668598175
3778,1.8890000,-0.14582313597202301,-0.11060000211000443
3779,1.8895000,-0.14636620879173279,-0.1096000000834465
3780,1.8900000,-0.14687082171440125,-0.10859999805688858
3781,1.8905000,-0.14733706414699554,-0.10760000348091125
3782,1.8910000,-0.14776366949081421,-0.10670000314712524
3783,1.8915000,-0.14815056324005127,-0.10580000281333923
3784,1.8920000,-0.14849847555160522,-0.10490000247955322
3785,1.8925000,-0.1488080769777298,-0.10400000214576721
3786,1.8930000,-0.14908039569854736,-0.10320000350475311
3787,1.8935000,-0.14931599795818329,-0.10249999910593033
3788,1.8940000,-0.14951474964618683,-0.10170000046491623
3789,1.8945000,-0.14967674016952515,-0.10109999775886536
3790,1.8950000,-0.14980199933052063,-0.10040000081062317
3791,1.8955000,-0.14988982677459717,-0.099799998104572296
3792,1.8960000,-0.14994318783283234,-0.099299997091293335
3793,1.8965000,-0.14996683597564697,-0.098800003528594971
3794,1.8970000,-0.14996233582496643,-0.09830000251531601
3795,1.8975000,-0.14993058145046234,-0.097800001502037048
3796,1.8980000,-0.14987160265445709,-0.097499996423721313
3797,1.8985000,-0.14978283643722534,-0.097099997103214264
3798,1.8990000,-0.14966122806072235,-0.096799999475479126
3799,1.8995000,-0.1495063304901123,-0.096500001847743988
3800,1.9000000,-0.14932210743427277,-0.096199996769428253
3801,1.9005000,-0.14911340177059174,-0.096000000834465027
3802,1.9010000,-0.14888057112693787,-0.095799997448921204
3803,1.9015000,-0.14862348139286041,-0.095600001513957977
3804,1.9020000,-0.14834386110305786,-0.095399998128414154
3805,1.9025000,-0.1480400562286377,-0.095200002193450928
3806,1.9030000,-0.14770814776420593,-0.095100000500679016
3807,1.9035000,-0.1473483145236969,-0.094899997115135193
3808,1.9040000,-0.14696496725082397,-0.094800002872943878
3809,1.9045000,-0.14656001329421997,-0.094599999487400055
3810,1.9050000,-0.1461319774389267,-0.094499997794628143
3811,1.9055000,-0.14568069577217102,-0.094300001859664917
3812,1.9060000,-0.14520682394504547,-0.094099998474121094
3813,1.9065000,-0.14470911026000977,-0.093800000846385956
3814,1.9070000,-0.14418748021125793,-0.093599997460842133
3815,1.9075000,-0.14364615082740784,-0.093299999833106995
3816,1.9080000,-0.143088698387146,-0.092900000512599945
3817,1.9085000,-0.1425141841173172,-0.092600002884864807
3818,1.9090000,-0.14191874861717224,-0.092100001871585846
3819,1.9095000,-0.14129938185214996,-0.091600000858306885
3820,1.9100000,-0.14065568149089813,-0.091099999845027924
3821,1.9105000,-0.13998892903327942,-0.090499997138977051
3822,1.9110000,-0.13930197060108185,-0.089800000190734863
3823,1.9115000,-0.13859675824642181,-0.089100003242492676
3824,1.9120000,-0.13787074387073517,-0.08829999715089798
3825,1.9125000,-0.13711908459663391,-0.087399996817111969
3826,1.9130000,-0.1363384872674942,-0.086499996483325958
3827,1.9135000,-0.13552680611610413,-0.085400000214576721
3828,1.9140000,-0.13468293845653534,-0.084299996495246887
3829,1.9145000,-0.13380759954452515,-0.083099998533725739
3830,1.9150000,-0.13290239870548248,-0.08190000057220459
3831,1.9155000,-0.13196843862533569,-0.080499999225139618
3832,1.9160000,-0.13100259006023407,-0.079099997878074646
3833,1.9165000,-0.12999743223190308,-0.077600002288818359
3834,1.9170000,-0.12895029783248901,-0.075999997556209564
3835,1.9175000,-0.12786450982093811,-0.074400000274181366
3836,1.9180000,-0.1267412006855011,-0.072599999606609344
3837,1.9185000,-0.1255786269903183,-0.070900000631809235
3838,1.9190000,-0.12437515705823898,-0.068999998271465302
3839,1.9195000,-0.1231304332613945,-0.067100003361701965
3840,1.9200000,-0.12184425443410873,-0.065200001001358032
3841,1.9205000,-0.12051530927419662,-0.063199996948242188
3842,1.9210000,-0.11914482712745667,-0.06120000034570694
3843,1.9215000,-0.11773509532213211,-0.059200000017881393
3844,1.9220000,-0.11628662794828415,-0.057199999690055847
3845,1.9225000,-0.11479992419481277,-0.055100001394748688
3846,1.9230000,-0.11327536404132843,-0.05299999937415123
3847,1.9235000,-0.11171307414770126,-0.050999999046325684
3848,1.9240000,-0.11011315882205963,-0.048999998718500137
3849,1.9245000,-0.10847583413124084,-0.046999998390674591
3850,1.9250000,-0.10680229961872101,-0.045099999755620956
3851,1.9255000,-0.10509612411260605,-0.043200001120567322
3852,1.9260000,-0.10336146503686905,-0.041299998760223389
3853,1.9265000,-0.10159943252801895,-0.039599999785423279
3854,1.9270000,-0.099810346961021423,-0.037900000810623169
3855,1.9275000,-0.097996845841407776,-0.036299999803304672
3856,1.9280000,-0.096158050000667572,-0.0348999984562397
3857,1.9285000,-0.0942879319190979,-0.033500000834465027
3858,1.9290000,-0.092386841773986816,-0.03229999914765358
3859,1.9295000,-0.090463511645793915,-0.031300000846385956
3860,1.9300000,-0.088525637984275818,-0.030300000682473183
3861,1.9305000,-0.086576744914054871,-0.029500000178813934
3862,1.9310000,-0.084619186818599701,-0.028899999335408211
3863,1.9315000,-0.082657814025878906,-0.028500000014901161
3864,1.9320000,-0.08069908618927002,-0.028200000524520874
3865,1.9325000,-0.078747302293777466,-0.028100000694394112
3866,1.9330000,-0.076808765530586243,-0.028200000524520874
3867,1.9335000,-0.074893556535243988,-0.028400000184774399
3868,1.9340000,-0.073007412254810333,-0.028799999505281448
3869,1.9345000,-0.071152076125144958,-0.029400000348687172
3870,1.9350000,-0.069330751895904541,-0.03020000085234642
3871,1.9355000,-0.06754843145608902,-0.031199999153614044
3872,1.9360000,-0.065811760723590851,-0.03229999914765358
3873,1.9365000,-0.064125806093215942,-0.03359999880194664
3874,1.9370000,-0.062493033707141876,-0.035000000149011612
3875,1.9375000,-0.060916047543287277,-0.036600001156330109
3876,1.9380000,-0.059397879987955093,-0.038300000131130219
3877,1.9385000,-0.057941608130931854,-0.04010000079870224
3878,1.9390000,-0.056548770517110825,-0.041999999433755875
3879,1.9395000,-0.055221948772668839,-0.043900001794099808
3880,1.9400000,-0.053967706859111786,-0.045899998396635056
3881,1.9405000,-0.052788425236940384,-0.047899998724460602
3882,1.9410000,-0.051680166274309158,-0.05000000074505806
3883,1.9415000,-0.050640635192394257,-0.051899999380111694
3884,1.9420000,-0.049669001251459122,-0.053899999707937241
3885,1.9425000,-0.048762176185846329,-0.055700000375509262
3886,1.9430000,-0.047915700823068619,-0.057399999350309372
3887,1.9435000,-0.047127958387136459,-0.059000000357627869
3888,1.9440000,-0.046398058533668518,-0.060400001704692841
3889,1.9445000,-0.045721631497144699,-0.061500001698732376
3890,1.9450000,-0.045093201100826263,-0.062399998307228088
3891,1.9455000,-0.044506989419460297,-0.06289999932050705
3892,1.9460000,-0.043954234570264816,-0.063100002706050873
3893,1.9465000,-0.04342292994260788,-0.06289999932050705
3894,1.9470000,-0.042903419584035873,-0.062300000339746475
3895,1.9475000,-0.042391210794448853,-0.06120000034570694
3896,1.9480000,-0.04187440499663353,-0.05950000137090683
3897,1.9485000,-0.041334759443998337,-0.057399999350309372
3898,1.9490000,-0.040759291499853134,-0.054600000381469727
3899,1.9495000,-0.040128741413354874,-0.051100000739097595
3900,1.9500000,-0.039419211447238922,-0.046999998390674591
3901,1.9505000,-0.038610965013504028,-0.042100001126527786
3902,1.9510000,-0.0376850925385952,-0.036499999463558197
3903,1.9515000,-0.036626216024160385,-0.030099999159574509
3904,1.9520000,-0.035414587706327438,-0.022800000384449959
3905,1.9525000,-0.034022722393274307,-0.014700000174343586
3906,1.9530000,-0.032425723969936371,-0.00559999980032444
3907,1.9535000,-0.030594512820243835,0.0043000001460313797
3908,1.9540000,-0.028497455641627312,0.015200000256299973
3909,1.9545000,-0.026113005355000496,0.027100000530481339
3910,1.9550000,-0.023425048217177391,0.039900001138448715
3911,1.9555000,-0.020417304709553719,0.053800001740455627
3912,1.9560000,-0.017072673887014389,0.068700000643730164
3913,1.9565000,-0.013366682454943657,0.08449999988079071
3914,1.9570000,-0.0092707220464944839,0.10140000283718109
3915,1.9575000,-0.0047638276591897011,0.1193000003695488
3916,1.9580000,0.00017178803682327271,0.13819999992847443
3917,1.9585000,0.0055600092746317387,0.15809999406337738
3918,1.9590000,0.011432193219661713,0.17890000343322754
3919,1.9595000,0.017808236181735992,0.20059999823570251
3920,1.9600000,0.024706210941076279,0.22329999506473541
3921,1.9605000,0.032162129878997803,0.2468000054359436
3922,1.9610000,0.040200557559728622,0.27110001444816589
3923,1.9615000,0.048832297325134277,0.29629999399185181
3924,1.9620000,0.058072332292795181,0.32210001349449158
3925,1.9625000,0.067936010658740997,0.34860000014305115
3926,1.9630000,0.078431949019432068,0.37569999694824219
3927,1.9635000,0.089566223323345184,0.40329998731613159
3928,1.9640000,0.10135141015052795,0.43140000104904175
3929,1.9645000,0.11379680037498474,0.45980000495910645
3930,1.9650000,0.12690719962120056,0.48849999904632568
3931,1.9655000,0.14068116247653961,0.51749998331069946
3932,1.9660000,0.15510651469230652,0.54650002717971802
3933,1.9665000,0.1701713502407074,0.5755000114440918
3934,1.9670000,0.18586555123329163,0.60449999570846558
3935,1.9675000,0.20217670500278473,0.63319998979568481
3936,1.9680000,0.2190893143415451,0.66170001029968262
3937,1.9685000,0.23659104108810425,0.68970000743865967
3938,1.9690000,0.25466477870941162,0.71719998121261597
3939,1.9695000,0.27327722311019897,0.74409997463226318
3940,1.9700000,0.29239147901535034,0.77020001411437988
3941,1.9705000,0.31197798252105713,0.79549998044967651
3942,1.9710000,0.3320033848285675,0.81980001926422119
3943,1.9715000,0.3524259626865387,0.84310001134872437
3944,1.9720000,0.37319689989089966,0.86510002613067627
3945,1.9725000,0.39425608515739441,0.88580000400543213
3946,1.9730000,0.41555383801460266,0.90509998798370361
3947,1.9735000,0.43704795837402344,0.92299997806549072
3948,1.9740000,0.45867279171943665,0.93910002708435059
3949,1.9745000,0.48035529255867004,0.95359998941421509
3950,1.9750000,0.50204133987426758,0.96630001068115234
3951,1.9755000,0.52367901802062988,0.97710001468658447
3952,1.9760000,0.54519331455230713,0.98589998483657837
3953,1.9765000,0.56649470329284668,0.99269998073577881
3954,1.9770000,0.58750492334365845,0.99730002880096436
3955,1.9775000,0.60816127061843872,0.99980002641677856
3956,1.9780000,0.62839591503143311,1
3957,1.9785000,0.64812672138214111,0.99790000915527344
3958,1.9790000,0.66727685928344727,0.99360001087188721
3959,1.9795000,0.68577772378921509,0.98680001497268677
3960,1.9800000,0.70354783535003662,0.97769999504089355
3961,1.9805000,0.72050553560256958,0.96619999408721924
3962,1.9810000,0.7365720272064209,0.95230001211166382
3963,1.9815000,0.75165623426437378,0.93599998950958252
3964,1.9820000,0.76567476987838745,0.91729998588562012
3965,1.9825000,0.77856349945068359,0.89630001783370972
3966,1.9830000,0.79025942087173462,0.87300002574920654
3967,1.9835000,0.80069440603256226,0.84729999303817749
3968,1.9840000,0.80980759859085083,0.81950002908706665
3969,1.9845000,0.81754273176193237,0.78939998149871826
3970,1.9850000,0.82385009527206421,0.75730001926422119
3971,1.9855000,0.82868689298629761,0.72310000658035278
3972,1.9860000,0.83200854063034058,0.68690001964569092
3973,1.9865000,0.8337634801864624,0.64899998903274536
3974,1.9870000,0.83389854431152344,0.60920000076293945
3975,1.9875000,0.83238691091537476,0.56790000200271606
3976,1.9880000,0.82921409606933594,0.52499997615814209
3977,1.9885000,0.82436180114746094,0.48059999942779541
3978,1.9890000,0.81781429052352905,0.43500000238418579
3979,1.9895000,0.80954980850219727,0.38830000162124634
3980,1.9900000,0.79955071210861206,0.34049999713897705
3981,1.9905000,0.78782188892364502,0.29190000891685486
3982,1.9910000,0.77437746524810791,0.24250000715255737
3983,1.9915000,0.7592354416847229,0.19259999692440033
3984,1.9920000,0.74241542816162109,0.14219999313354492
3985,1.9925000,0.72392618656158447,0.091499999165534973
3986,1.9930000,0.70378017425537109,0.040699999779462814
3987,1.9935000,0.68200856447219849,-0.010099999606609344
3988,1.9940000,0.65865540504455566,-0.060699999332427979
3989,1.9945000,0.63376826047897339,-0.11100000143051147
3990,1.9950000,0.60740202665328979,-0.16089999675750732
3991,1.9955000,0.57961630821228027,-0.21009999513626099
3992,1.9960000,0.55047309398651123,-0.25850000977516174
3993,1.9965000,0.52003484964370728,-0.30610001087188721
3994,1.9970000,0.48836427927017212,-0.35260000824928284
3995,1.9975000,0.45554670691490173,-0.39800000190734863
3996,1.9980000,0.42166963219642639,-0.44209998846054077
3997,1.9985000,0.38680055737495422,-0.48469999432563782
3998,1.9990000,0.35102540254592896,-0.52590000629425049
3999,1.9995000,0.31444928050041199,-0.56540000438690186
4000,2.0000000,0.27716749906539917,-0.60320001840591431
4001,2.0005000,0.23927193880081177,-0.63910001516342163
4002,2.0010000,0.20086047053337097,-0.67309999465942383
4003,2.0015000,0.16203509271144867,-0.70509999990463257
4004,2.0020000,0.12289579212665558,-0.73509997129440308
4005,2.0025000,0.083538800477981567,-0.76289999485015869
4006,2.0030000,0.044058926403522491,-0.78850001096725464
4007,2.0035000,0.0045555680990219116,-0.81190001964569092
4008,2.0040000,-0.034873902797698975,-0.83300000429153442
4009,2.0045000,-0.074129566550254822,-0.85180002450942993
4010,2.0050000,-0.11309769749641418,-0.86830002069473267
4011,2.0055000,-0.15167731046676636,-0.88239997625350952
4012,2.0060000,-0.18978437781333923,-0.89420002698898315
4013,2.0065000,-0.2273230254650116,-0.90369999408721924
4014,2.0070000,-0.26418551802635193,-0.91079998016357422
4015,2.0075000,-0.30026942491531372,-0.9156000018119812
4016,2.0080000,-0.33549419045448303,-0.91809999942779541
4017,2.0085000,-0.36979907751083374,-0.91839998960494995
4018,2.0090000,-0.40311971306800842,-0.91649997234344482
4019,2.0095000,-0.43538209795951843,-0.9124000072479248
4020,2.0100000,-0.46650204062461853,-0.90630000829696655
4021,2.0105000,-0.49639913439750671,-0.89800000190734863
4022,2.0110000,-0.52500629425048828,-0.88789999485015869
4023,2.0115000,-0.55225765705108643,-0.87580001354217529
4024,2.0120000,-0.5780985951423645,-0.8618999719619751
4025,2.0125000,-0.6024901270866394,-0.84619998931884766
4026,2.0130000,-0.62539446353912354,-0.82889997959136963
4027,2.0135000,-0.64676743745803833,-0.8101000189781189
4028,2.0140000,-0.66656559705734253,-0.78979998826980591
4029,2.0145000,-0.68475967645645142,-0.76810002326965332
4030,2.0150000,-0.70133233070373535,-0.74519997835159302
4031,2.0155000,-0.71626400947570801,-0.72109997272491455
4032,2.0160000,-0.72952926158905029,-0.69599997997283936
4033,2.0165000,-0.74110984802246094,-0.66990000009536743
4034,2.0170000,-0.75100404024124146,-0.64289999008178711
4035,2.0175000,-0.75922346115112305,-0.6151999831199646
4036,2.0180000,-0.76577746868133545,-0.58689999580383301
4037,2.0185000,-0.77067744731903076,-0.55800002813339233
4038,2.0190000,-0.77394318580627441,-0.52869999408721924
4039,2.0195000,-0.77558994293212891,-0.49909999966621399
4040,2.0200000,-0.77565085887908936,-0.46930000185966492
4041,2.0205000,-0.7741813063621521,-0.43939998745918274
4042,2.0210000,-0.7712218165397644,-0.40939998626708984
4043,2.0215000,-0.76680916547775269,-0.37950000166893005
4044,2.0220000,-0.76099008321762085,-0.34970000386238098
4045,2.0225000,-0.75379800796508789,-0.32019999623298645
4046,2.0230000,-0.74526149034500122,-0.29100000858306885
4047,2.0235000,-0.73542392253875732,-0.2621999979019165
4048,2.0240000,-0.72434240579605103,-0.23389999568462372
4049,2.0245000,-0.71207189559936523,-0.20610000193119049
4050,2.0250000,-0.69866424798965454,-0.17900000512599945
4051,2.0255000,-0.68418288230895996,-0.15250000357627869
4052,2.0260000,-0.6686970591545105,-0.12669999897480011
4053,2.0265000,-0.65227317810058594,-0.10170000046491623
4054,2.0270000,-0.6349824070930481,-0.077600002288818359
4055,2.0275000,-0.616904616355896,-0.05429999902844429
4056,2.0280000,-0.59811872243881226,-0.03189999982714653
4057,2.0285000,-0.57868832349777222,-0.010499999858438969
4058,2.0290000,-0.55866479873657227,0.0099999997764825821
4059,2.0295000,-0.53811126947402954,0.029600000008940697
4060,2.0300000,-0.51709908246994019,0.048099998384714127
4061,2.0305000,-0.49569565057754517,0.065600000321865082
4062,2.0310000,-0.47396746277809143,0.082099996507167816
4063,2.0315000,-0.45197603106498718,0.097599998116493225
4064,2.0320000,-0.42978420853614807,0.11209999769926071
4065,2.0325000,-0.40745827555656433,0.12549999356269836
4066,2.0330000,-0.38506332039833069,0.1379999965429306
4067,2.0335000,-0.36266064643859863,0.14949999749660492
4068,2.0340000,-0.34030261635780334,0.15999999642372131
4069,2.0345000,-0.3180406391620636,0.1695999950170517
4070,2.0350000,-0.29592981934547424,0.17820000648498535
4071,2.0355000,-0.27402383089065552,0.18600000441074371
4072,2.0360000,-0.2523670494556427,0.19280000030994415
4073,2.0365000,-0.23099419474601746,0.1988999992609024
4074,2.0370000,-0.20994211733341217,0.20409999787807465
4075,2.0375000,-0.18924809992313385,0.20849999785423279
4076,2.0380000,-0.16894906759262085,0.21220000088214874
4077,2.0385000,-0.14908544719219208,0.21520000696182251
4078,2.0390000,-0.12969520688056946,0.21760000288486481
4079,2.0395000,-0.11080978810787201,0.21930000185966492
4080,2.0400000,-0.092453643679618835,0.22040000557899475
4081,2.0405000,-0.074650123715400696,0.22100000083446503
4082,2.0410000,-0.057427734136581421,0.22110000252723694
4083,2.0415000,-0.040810354053974152,0.22069999575614929
4084,2.0420000,-0.024810098111629486,0.21979999542236328
4085,2.0425000,-0.0094406120479106903,0.21860000491142273
4086,2.0430000,0.005280250683426857,0.21699999272823334
4087,2.0435000,0.019343353807926178,0.21520000696182251
4088,2.0440000,0.032747365534305573,0.21299999952316284
4089,2.0445000,0.045489735901355743,0.21060000360012054
4090,2.0450000,0.057563029229640961,0.20800000429153442
4091,2.0455000,0.068964272737503052,0.20520000159740448
4092,2.0460000,0.079703345894813538,0.20219999551773071
4093,2.0465000,0.089791543781757355,0.19920000433921814
4094,2.0470000,0.099233336746692657,0.19609999656677246
4095,2.0475000,0.1080324724316597,0.19290000200271606
4096,2.0480000,0.1161976233124733,0.18970000743865967
4097,2.0485000,0.12373925745487213,0.18639999628067017
4098,2.0490000,0.13066749274730682,0.18320000171661377
4099,2.0495000,0.13699442148208618,0.18009999394416809
4100,2.0500000,0.14273799955844879,0.17689999938011169
4101,2.0505000,0.14791950583457947,0.17389999330043793
4102,2.0510000,0.15255667269229889,0.17090000212192535
4103,2.0515000,0.15666769444942474,0.16809999942779541
4104,2.0520000,0.16027726233005524,0.16529999673366547
4105,2.0525000,0.16340957581996918,0.16269999742507935
4106,2.0530000,0.16608479619026184,0.16019999980926514
4107,2.0535000,0.16832652688026428,0.15790000557899475
4108,2.0540000,0.17016054689884186,0.15569999814033508
4109,2.0545000,0.17161138355731964,0.15369999408721924
4110,2.0550000,0.17270393669605255,0.1518000066280365
4111,2.0555000,0.17346428334712982,0.1500999927520752
4112,2.0560000,0.17391619086265564,0.148499995470047
4113,2.0565000,0.17408137023448944,0.14710000157356262
4114,2.0570000,0.17398196458816528,0.14579999446868896
4115,2.0575000,0.17364366352558136,0.14480000734329224
4116,2.0580000,0.17309385538101196,0.14380000531673431
4117,2.0585000,0.17235037684440613,0.14300000667572021
4118,2.0590000,0.17142492532730103,0.14239999651908875
4119,2.0595000,0.17033454775810242,0.14190000295639038
4120,2.0600000,0.16910256445407867,0.14159999787807465
4121,2.0605000,0.16775672137737274,0.14129999279975891
4122,2.0610000,0.16632284224033356,0.14120000600814819
4123,2.0615000,0.16481964290142059,0.14120000600814819
4124,2.0620000,0.16326043009757996,0.14139999449253082
4125,2.0625000,0.16165784001350403,0.14159999787807465
4126,2.0630000,0.16002477705478668,0.14190000295639038
4127,2.0635000,0.15837159752845764,0.14229999482631683
4128,2.0640000,0.15671591460704803,0.14280000329017639
4129,2.0645000,0.15508045256137848,0.14339999854564667
4130,2.0650000,0.15348190069198608,0.14409999549388885
4131,2.0655000,0.15192969143390656,0.14480000734329224
4132,2.0660000,0.15042823553085327,0.14550000429153442
4133,2.0665000,0.14898234605789185,0.14630000293254852
4134,2.0670000,0.14759472012519836,0.14710000157356262
4135,2.0675000,0.14626693725585938,0.14800000190734863
4136,2.0680000,0.14500170946121216,0.14890000224113464
4137,2.0685000,0.14379934966564178,0.14990000426769257
4138,2.0690000,0.14266195893287659,0.15080000460147858
4139,2.0695000,0.1415945291519165,0.1518000066280365
4140,2.0700000,0.14059779047966003,0.15270000696182251
4141,2.0705000,0.13967184722423553,0.15369999408721924
4142,2.0710000,0.138819620013237,0.15469999611377716
4143,2.0715000,0.13804195821285248,0.15569999814033508
4144,2.0720000,0.13734497129917145,0.15659999847412109
4145,2.0725000,0.13673785328865051,0.15760000050067902
4146,2.0730000,0.13622283935546875,0.15850000083446503
4147,2.0735000,0.13579830527305603,0.15950000286102295
4148,2.0740000,0.13546028733253479,0.16040000319480896
4149,2.0745000,0.1352044939994812,0.16130000352859497
4150,2.0750000,0.1350262463092804,0.16220000386238098
4151,2.0755000,0.13492009043693542,0.16310000419616699
4152,2.0760000,0.13488522171974182,0.164000004529953
4153,2.0765000,0.1349257230758667,0.16490000486373901
4154,2.0770000,0.13504430651664734,0.16570000350475311
4155,2.0775000,0.13523697853088379,0.16650000214576721
4156,2.0780000,0.13549566268920898,0.16740000247955322
4157,2.0785000,0.13581302762031555,0.16820000112056732
4158,2.0790000,0.13618418574333191,0.16899999976158142
4159,2.0795000,0.13660930097103119,0.16969999670982361
4160,2.0800000,0.13708701729774475,0.17049999535083771
4161,2.0805000,0.13760446012020111,0.17129999399185181
4162,2.0810000,0.13814961910247803,0.17200000584125519
4163,2.0815000,0.13872042298316956,0.17270000278949738
4164,2.0820000,0.13931398093700409,0.17350000143051147
4165,2.0825000,0.13992704451084137,0.17419999837875366
4166,2.0830000,0.14055867493152618,0.17489999532699585
4167,2.0835000,0.14120467007160187,0.17569999396800995
4168,2.0840000,0.14185267686843872,0.17640000581741333
4169,2.0845000,0.14248453080654144,0.17710000276565552
4170,2.0850000,0.14308753609657288,0.17779999971389771
4171,2.0855000,0.14365921914577484,0.1785999983549118
4172,2.0860000,0.14420092105865479,0.17929999530315399
4173,2.0865000,0.14471155405044556,0.18000000715255737
4174,2.0870000,0.14518725872039795,0.18080000579357147
4175,2.0875000,0.14562292397022247,0.18150000274181366
4176,2.0880000,0.14601579308509827,0.18230000138282776
4177,2.0885000,0.14636464416980743,0.18299999833106995
4178,2.0890000,0.14666558802127838,0.18379999697208405
4179,2.0895000,0.14691561460494995,0.18449999392032623
4180,2.0900000,0.14711737632751465,0.18529999256134033
4181,2.0905000,0.14727194607257843,0.18610000610351562
4182,2.0910000,0.1473766416311264,0.18690000474452972
4183,2.0915000,0.14743244647979736,0.18770000338554382
4184,2.0920000,0.14744332432746887,0.18850000202655792
4185,2.0925000,0.14741799235343933,0.18930000066757202
4186,2.0930000,0.1473630964756012,0.19009999930858612
4187,2.0935000,0.14727789163589478,0.19089999794960022
4188,2.0940000,0.14716766774654388,0.19179999828338623
4189,2.0945000,0.14703670144081116,0.19259999692440033
4190,2.0950000,0.14687956869602203,0.19349999725818634
4191,2.0955000,0.14669929444789886,0.19429999589920044
4192,2.0960000,0.14650517702102661,0.19519999623298645
4193,2.0965000,0.14629670977592468,0.19599999487400055
4194,2.0970000,0.14606715738773346,0.19689999520778656
4195,2.0975000,0.14581146836280823,0.19779999554157257
4196,2.0980000,0.14552946388721466,0.19869999587535858
4197,2.0985000,0.14522653818130493,0.19959999620914459
4198,2.0990000,0.14490914344787598,0.2004999965429306
4199,2.0995000,0.14458000659942627,0.20139999687671661
4200,2.1000000,0.14423833787441254,0.20229999721050262
4201,2.1005000,0.14387963712215424,0.20329999923706055
4202,2.1010000,0.14349973201751709,0.20419999957084656
4203,2.1015000,0.14310018718242645,0.20509999990463257
4204,2.1020000,0.14268866181373596,0.20610000193119049
4205,2.1025000,0.14226742088794708,0.2070000022649765
4206,2.1030000,0.1418328732252121,0.20800000429153442
4207,2.1035000,0.14138710498809814,0.20890000462532043
4208,2.1040000,0.14093156158924103,0.20990000665187836
4209,2.1045000,0.14046642184257507,0.21080000698566437
4210,2.1050000,0.13999362289905548,0.2117999941110611
4211,2.1055000,0.13951432704925537,0.21269999444484711
4212,2.1060000,0.13903401792049408,0.21369999647140503
4213,2.1065000,0.13855703175067902,0.21469999849796295
4214,2.1070000,0.1380818784236908,0.21559999883174896
4215,2.1075000,0.13760928809642792,0.21660000085830688
4216,2.1080000,0.13714198768138885,0.2175000011920929
4217,2.1085000,0.13668018579483032,0.21850000321865082
4218,2.1090000,0.13622090220451355,0.21940000355243683
4219,2.1095000,0.13576206564903259,0.22040000557899475
4220,2.1100000,0.13530817627906799,0.22130000591278076
4221,2.1105000,0.13486382365226746,0.22229999303817749
4222,2.1110000,0.13442873954772949,0.2231999933719635
4223,2.1115000,0.13400563597679138,0.22419999539852142
4224,2.1120000,0.13360288739204407,0.22509999573230743
4225,2.1125000,0.13322383165359497,0.22599999606609344
4226,2.1130000,0.13286131620407104,0.22689999639987946
4227,2.1135000,0.1325078159570694,0.22779999673366547
4228,2.1140000,0.13216359913349152,0.22869999706745148
4229,2.1145000,0.13183516263961792,0.22959999740123749
4230,2.1150000,0.13152492046356201,0.2304999977350235
4231,2.1155000,0.13123360276222229,0.2312999963760376
4232,2.1160000,0.13096749782562256,0.23219999670982361
4233,2.1165000,0.13073143362998962,0.23309999704360962
4234,2.1170000,0.13052496314048767,0.23389999568462372
4235,2.1175000,0.13034382462501526,0.23479999601840973
4236,2.1180000,0.13018763065338135,0.23559999465942383
4237,2.1185000,0.13005787134170532,0.23639999330043793
4238,2.1190000,0.12994864583015442,0.23720000684261322
4239,2.1195000,0.12985742092132568,0.23800000548362732
4240,2.1200000,0.12979009747505188,0.23890000581741333
4241,2.1205000,0.12975104153156281,0.23970000445842743
4242,2.1210000,0.12974169850349426,0.24050000309944153
4243,2.1215000,0.1297619491815567,0.24130000174045563
4244,2.1220000,0.12980830669403076,0.24210000038146973
4245,2.1225000,0.12987625598907471,0.24289999902248383
4246,2.1230000,0.12996593117713928,0.24379999935626984
4247,2.1235000,0.13007912039756775,0.24459999799728394
4248,2.1240000,0.13021820783615112,0.24539999663829803
4249,2.1245000,0.13039188086986542,0.24629999697208405
4250,2.1250000,0.13060596585273743,0.24719999730587006
4251,2.1255000,0.13085614144802094,0.24799999594688416
4252,2.1260000,0.1311366856098175,0.24889999628067017
4253,2.1265000,0.1314462423324585,0.24989999830722809
4254,2.1270000,0.13178464770317078,0.25080001354217529
4255,2.1275000,0.13215053081512451,0.25180000066757202
4256,2.1280000,0.13254202902317047,0.25279998779296875
4257,2.1285000,0.1329571008682251,0.25380000472068787
4258,2.1290000,0.13339096307754517,0.25479999184608459
4259,2.1295000,0.13383939862251282,0.25589999556541443
4260,2.1300000,0.13430200517177582,0.25699999928474426
4261,2.1305000,0.13477648794651031,0.2581000030040741
4262,2.1310000,0.13526085019111633,0.25929999351501465
4263,2.1315000,0.13575801253318787,0.26050001382827759
4264,2.1320000,0.1362743079662323,0.26170000433921814
4265,2.1325000,0.1368165910243988,0.26289999485015869
4266,2.1330000,0.13738398253917694,0.26420000195503235
4267,2.1335000,0.13797029852867126,0.26550000905990601
4268,2.1340000,0.13857316970825195,0.26690000295639038
4269,2.1345000,0.13919073343276978,0.26820001006126404
4270,2.1350000,0.13982124626636505,0.26960000395774841
4271,2.1355000,0.14046339690685272,0.27110001444816589
4272,2.1360000,0.1411140114068985,0.27250000834465027
4273,2.1365000,0.14177002012729645,0.27399998903274536
4274,2.1370000,0.14242592453956604,0.27549999952316284
4275,2.1375000,0.14307498931884766,0.27700001001358032
4276,2.1380000,0.14371688663959503,0.27849999070167542
4277,2.1385000,0.14435561001300812,0.2800000011920929
4278,2.1390000,0.14499416947364807,0.28150001168251038
4279,2.1395000,0.14563471078872681,0.28299999237060547
4280,2.1400000,0.14627541601657867,0.28459998965263367
4281,2.1405000,0.14691299200057983,0.28610000014305115
4282,2.1410000,0.14754851162433624,0.28760001063346863
4283,2.1415000,0.14818115532398224,0.28909999132156372
4284,2.1420000,0.1488104909658432,0.2906000018119812
4285,2.1425000,0.14943827688694,0.29210001230239868
4286,2.1430000,0.15006281435489655,0.29359999299049377
4287,2.1435000,0.15068723261356354,0.29499998688697815
4288,2.1440000,0.1513192355632782,0.29649999737739563
4289,2.1445000,0.15196208655834198,0.29789999127388
4290,2.1450000,0.15261982381343842,0.29919999837875366
4291,2.1455000,0.15329745411872864,0.30050000548362732
4292,2.1460000,0.15399479866027832,0.30180001258850098
4293,2.1465000,0.15471215546131134,0.30309998989105225
4294,2.1470000,0.15545128285884857,0.30430001020431519
4295,2.1475000,0.15621219575405121,0.30550000071525574
4296,2.1480000,0.15699203312397003,0.30660000443458557
4297,2.1485000,0.15778635442256927,0.30770000815391541
4298,2.1490000,0.15859311819076538,0.30869999527931213
4299,2.1495000,0.15941101312637329,0.30970001220703125
4300,2.1500000,0.16024035215377808,0.31069999933242798
4301,2.1505000,0.16108496487140656,0.31159999966621399
4302,2.1510000,0.16194769740104675,0.3125
4303,2.1515000,0.16282756626605988,0.31330001354217529
4304,2.1520000,0.16372334957122803,0.3140999972820282
4305,2.1525000,0.16463688015937805,0.31479999423027039
4306,2.1530000,0.16556982696056366,0.31549999117851257
4307,2.1535000,0.16652321815490723,0.31619998812675476
4308,2.1540000,0.16749665141105652,0.31679999828338623
4309,2.1545000,0.16848643124103546,0.3174000084400177
4310,2.1550000,0.16949170827865601,0.31799998879432678
4311,2.1555000,0.17051076889038086,0.31850001215934753
4312,2.1560000,0.1715436726808548,0.31909999251365662
4313,2.1565000,0.17260272800922394,0.31959998607635498
4314,2.1570000,0.17369943857192993,0.32010000944137573
4315,2.1575000,0.17483550310134888,0.3206000030040741
4316,2.1580000,0.17600944638252258,0.32100000977516174
4317,2.1585000,0.17721955478191376,0.32150000333786011
4318,2.1590000,0.17846250534057617,0.32199999690055847
4319,2.1595000,0.17973719537258148,0.32249999046325684
4320,2.1600000,0.18104241788387299,0.32300001382827759
4321,2.1605000,0.182374507188797,0.32350000739097595
4322,2.1610000,0.18373703956604004,0.32400000095367432
4323,2.1615000,0.18513232469558716,0.32460001111030579
4324,2.1620000,0.18655312061309814,0.32519999146461487
4325,2.1625000,0.18799634277820587,0.32580000162124634
4326,2.1630000,0.18946653604507446,0.32649999856948853
4327,2.1635000,0.19096484780311584,0.32710000872612
4328,2.1640000,0.19248709082603455,0.3278999924659729
4329,2.1645000,0.19403089582920074,0.32870000600814819
4330,2.1650000,0.19559513032436371,0.3294999897480011
4331,2.1655000,0.1971794068813324,0.33039999008178711
4332,2.1660000,0.19878466427326202,0.33129999041557312
4333,2.1665000,0.2004113644361496,0.33230000734329224
4334,2.1670000,0.20205865800380707,0.33340001106262207
4335,2.1675000,0.2037232369184494,0.3345000147819519
4336,2.1680000,0.20540623366832733,0.33570000529289246
4337,2.1685000,0.20711459219455719,0.33700001239776611
4338,2.1690000,0.20885191857814789,0.33829998970031738
4339,2.1695000,0.21061576902866364,0.33970001339912415
4340,2.1700000,0.21240217983722687,0.34119999408721924
4341,2.1705000,0.2142096608877182,0.34270000457763672
4342,2.1710000,0.21603821218013763,0.34430000185966492
4343,2.1715000,0.21788883209228516,0.34599998593330383
4344,2.1720000,0.21976858377456665,0.34769999980926514
4345,2.1725000,0.22168421745300293,0.34950000047683716
4346,2.1730000,0.22363340854644775,0.3513999879360199
4347,2.1735000,0.22561316192150116,0.35339999198913574
4348,2.1740000,0.22762215137481689,0.35539999604225159
4349,2.1745000,0.22965607047080994,0.35740000009536743
4350,2.1750000,0.23171053826808929,0.3596000075340271
4351,2.1755000,0.23378632962703705,0.36179998517036438
4352,2.1760000,0.23589202761650085,0.36399999260902405
4353,2.1765000,0.23803706467151642,0.36629998683929443
4354,2.1770000,0.24022537469863892,0.36860001087188721
4355,2.1775000,0.24245555698871613,0.37099999189376831
4356,2.1780000,0.24472314119338989,0.37349998950958252
4357,2.1785000,0.24702644348144531,0.37590000033378601
4358,2.1790000,0.24936105310916901,0.37850001454353333
4359,2.1795000,0.25171977281570435,0.38100001215934753
4360,2.1800000,0.25410908460617065,0.38359999656677246
4361,2.1805000,0.25653922557830811,0.38620001077651978
4362,2.1810000,0.25900989770889282,0.38890001177787781
4363,2.1815000,0.26151692867279053,0.39149999618530273
4364,2.1820000,0.26405569911003113,0.39419999718666077
4365,2.1825000,0.26662558317184448,0.3970000147819519
4366,2.1830000,0.26922431588172913,0.39969998598098755
4367,2.1835000,0.27184653282165527,0.40250000357627869
4368,2.1840000,0.27449524402618408,0.40520000457763672
4369,2.1845000,0.27717462182044983,0.40799999237060547
4370,2.1850000,0.27988123893737793,0.41080000996589661
4371,2.1855000,0.28261077404022217,0.41359999775886536
4372,2.1860000,0.2853626012802124,0.41639998555183411
4373,2.1865000,0.28813359141349792,0.41920000314712524
4374,2.1870000,0.29091635346412659,0.42199999094009399
4375,2.1875000,0.29370623826980591,0.42489999532699585
4376,2.1880000,0.29650324583053589,0.42770001292228699
4377,2.1885000,0.29931053519248962,0.43050000071525574
4378,2.1890000,0.30213457345962524,0.43340000510215759
4379,2.1895000,0.30497756600379944,0.43619999289512634
4380,2.1900000,0.30783683061599731,0.43900001049041748
4381,2.1905000,0.31071168184280396,0.44190001487731934
4382,2.1910000,0.31360200047492981,0.44470000267028809
4383,2.1915000,0.31650608777999878,0.44749999046325684
4384,2.1920000,0.31942445039749146,0.45039999485015869
4385,2.1925000,0.32235857844352722,0.45320001244544983
4386,2.1930000,0.32530477643013,0.45600000023841858
4387,2.1935000,0.32825946807861328,0.45890000462532043
4388,2.1940000,0.33122429251670837,0.46169999241828918
4389,2.1945000,0.3342030942440033,0.46450001001358032
4390,2.1950000,0.33719909191131592,0.46729999780654907
4391,2.1955000,0.34021049737930298,0.47020000219345093
4392,2.1960000,0.34322795271873474,0.47299998998641968
4393,2.1965000,0.34623968601226807,0.47580000758171082
4394,2.1970000,0.34923788905143738,0.47859999537467957
4395,2.1975000,0.35222145915031433,0.4814000129699707
4396,2.1980000,0.35519528388977051,0.48420000076293945
4397,2.1985000,0.35816448926925659,0.4869999885559082
4398,2.1990000,0.36112970113754272,0.48980000615119934
4399,2.1995000,0.36408936977386475,0.49259999394416809
4400,2.2000000,0.36703887581825256,0.49540001153945923
4401,2.2005000,0.36997342109680176,0.49819999933242798
4402,2.2010000,0.37289324402809143,0.50089997053146362
4403,2.2015000,0.37579986453056335,0.50370001792907715
4404,2.2020000,0.37869325280189514,0.50639998912811279
4405,2.2025000,0.38157513737678528,0.50910001993179321
4406,2.2030000,0.38444933295249939,0.51179999113082886
4407,2.2035000,0.38731542229652405,0.51450002193450928
4408,2.2040000,0.39017641544342041,0.51719999313354492
4409,2.2045000,0.39304214715957642,0.51990002393722534
4410,2.2050000,0.39591720700263977,0.52249997854232788
4411,2.2055000,0.39880076050758362,0.5252000093460083
4412,2.2060000,0.4016907811164856,0.52780002355575562
4413,2.2065000,0.40458419919013977,0.53030002117156982
4414,2.2070000,0.40748059749603271,0.53289997577667236
4415,2.2075000,0.41038230061531067,0.53539997339248657
4416,2.2080000,0.41329947113990784,0.53789997100830078
4417,2.2085000,0.41624835133552551,0.54040002822875977
4418,2.2090000,0.4192301332950592,0.54280000925064087
4419,2.2095000,0.42223533987998962,0.54519999027252197
4420,2.2100000,0.42525720596313477,0.54759997129440308
4421,2.2105000,0.42829102277755737,0.55000001192092896
4422,2.2110000,0.43133926391601562,0.55229997634887695
4423,2.2115000,0.43440547585487366,0.55449998378753662
4424,2.2120000,0.43748244643211365,0.55680000782012939
4425,2.2125000,0.44055852293968201,0.55900001525878906
4426,2.2130000,0.44362863898277283,0.56110000610351562
4427,2.2135000,0.44668930768966675,0.56319999694824219
4428,2.2140000,0.44973388314247131,0.56529998779296875
4429,2.2145000,0.45275717973709106,0.56730002164840698
4430,2.2150000,0.45576015114784241,0.56929999589920044
4431,2.2155000,0.45874404907226562,0.57130002975463867
4432,2.2160000,0.46169966459274292,0.57319998741149902
4433,2.2165000,0.46461758017539978,0.57499998807907104
4434,2.2170000,0.46749374270439148,0.57679998874664307
4435,2.2175000,0.4703240692615509,0.57859998941421509
4436,2.2180000,0.47310775518417358,0.580299973487854
4437,2.2185000,0.47584140300750732,0.58190000057220459
4438,2.2190000,0.47852033376693726,0.58350002765655518
4439,2.2195000,0.48114785552024841,0.58509999513626099
4440,2.2200000,0.48372593522071838,0.58660000562667847
4441,2.2205000,0.48625022172927856,0.58810001611709595
4442,2.2210000,0.48871749639511108,0.58950001001358032
4443,2.2215000,0.49112814664840698,0.5909000039100647
4444,2.2220000,0.49348461627960205,0.59219998121261597
4445,2.2225000,0.4957832396030426,0.59340000152587891
4446,2.2230000,0.49801850318908691,0.59469997882843018
4447,2.2235000,0.50019371509552002,0.59579998254776001
4448,2.2240000,0.50231575965881348,0.59689998626708984
4449,2.2245000,0.50438821315765381,0.59799998998641968
4450,2.2250000,0.50641226768493652,0.59899997711181641
4451,2.2255000,0.50839197635650635,0.60000002384185791
4452,2.2260000,0.51032829284667969,0.60089999437332153
4453,2.2265000,0.51221466064453125,0.60180002450942993
4454,2.2270000,0.5140453577041626,0.60259997844696045
4455,2.2275000,0.51582026481628418,0.60329997539520264
4456,2.2280000,0.51754176616668701,0.60409998893737793
4457,2.2285000,0.51921534538269043,0.60470002889633179
4458,2.2290000,0.52084392309188843,0.60530000925064087
4459,2.2295000,0.522422194480896,0.60589998960494995
4460,2.2300000,0.5239487886428833,0.6064000129699707
4461,2.2305000,0.52542412281036377,0.60680001974105835
4462,2.2310000,0.52684664726257324,0.607200026512146
4463,2.2315000,0.52821886539459229,0.60759997367858887
4464,2.2320000,0.5295405387878418,0.60790002346038818
4465,2.2325000,0.53081405162811279,0.60809999704360962
4466,2.2330000,0.53204190731048584,0.60829997062683105
4467,2.2335000,0.53321921825408936,0.60839998722076416
4468,2.2340000,0.53434693813323975,0.60839998722076416
4469,2.2345000,0.53542959690093994,0.60839998722076416
4470,2.2350000,0.53646785020828247,0.60829997062683105
4471,2.2355000,0.53746253252029419,0.60809999704360962
4472,2.2360000,0.538410484790802,0.60790002346038818
4473,2.2365000,0.5393068790435791,0.60759997367858887
4474,2.2370000,0.54015100002288818,0.607200026512146
4475,2.2375000,0.54094195365905762,0.60670000314712524
4476,2.2380000,0.54168027639389038,0.60610002279281616
4477,2.2385000,0.54236721992492676,0.6054999828338623
4478,2.2390000,0.54300087690353394,0.60470002889633179
4479,2.2395000,0.54358088970184326,0.60390001535415649
4480,2.2400000,0.54410374164581299,0.6029999852180481
4481,2.2405000,0.54456043243408203,0.60189998149871826
4482,2.2410000,0.54495108127593994,0.60079997777938843
4483,2.2415000,0.54527997970581055,0.59950000047683716
4484,2.2420000,0.54554367065429688,0.59810000658035278
4485,2.2425000,0.54573768377304077,0.5965999960899353
4486,2.2430000,0.5458608865737915,0.59490001201629639
4487,2.2435000,0.54591405391693115,0.59310001134872437
4488,2.2440000,0.54588556289672852,0.59119999408721924
4489,2.2445000,0.54575192928314209,0.58910000324249268
4490,2.2450000,0.54550361633300781,0.58689999580383301
4491,2.2455000,0.54514086246490479,0.5845000147819519
4492,2.2460000,0.54466152191162109,0.58190000057220459
4493,2.2465000,0.5440673828125,0.57920002937316895
4494,2.2470000,0.54335951805114746,0.57630002498626709
4495,2.2475000,0.54253900051116943,0.57319998741149902
4496,2.2480000,0.54160422086715698,0.56989997625350952
4497,2.2485000,0.54054808616638184,0.56639999151229858
4498,2.2490000,0.5393681526184082,0.56279999017715454
4499,2.2495000,0.53805822134017944,0.55889999866485596
4500,2.2500000,0.53661245107650757,0.55479997396469116
4501,2.2505000,0.53503537178039551,0.55049997568130493
4502,2.2510000,0.53332704305648804,0.54600000381469727
4503,2.2515000,0.53148174285888672,0.54119998216629028
4504,2.2520000,0.52949345111846924,0.53630000352859497
4505,2.2525000,0.52735930681228638,0.53100001811981201
4506,2.2530000,0.52508646249771118,0.52560001611709595
4507,2.2535000,0.52268350124359131,0.51990002393722534
4508,2.2540000,0.52014660835266113,0.51399999856948853
4509,2.2545000,0.51746648550033569,0.50779998302459717
4510,2.2550000,0.51464128494262695,0.50129997730255127
4511,2.2555000,0.51167070865631104,0.49459999799728394
4512,2.2560000,0.50855386257171631,0.48769998550415039
4513,2.2565000,0.50529623031616211,0.48050001263618469
4514,2.2570000,0.50190222263336182,0.47299998998641968
4515,2.2575000,0.49837037920951843,0.46520000696182251
4516,2.2580000,0.49469652771949768,0.45719999074935913
4517,2.2585000,0.4908733069896698,0.44900000095367432
4518,2.2590000,0.48689883947372437,0.44040000438690186
4519,2.2595000,0.48277768492698669,0.43160000443458557
4520,2.2600000,0.47851589322090149,0.42260000109672546
4521,2.2605000,0.47411441802978516,0.41319999098777771
4522,2.2610000,0.46956178545951843,0.40369999408721924
4523,2.2615000,0.46485036611557007,0.39379999041557312
4524,2.2620000,0.45997816324234009,0.38370001316070557
4525,2.2625000,0.45494058728218079,0.3734000027179718
4526,2.2630000,0.44973781704902649,0.3628000020980835
4527,2.2635000,0.44437095522880554,0.35190001130104065
4528,2.2640000,0.43883588910102844,0.34079998731613159
4529,2.2645000,0.43312573432922363,0.3294999897480011
4530,2.2650000,0.4272351861000061,0.31799998879432678
4531,2.2655000,0.42116934061050415,0.30619999766349792
4532,2.2660000,0.41493231058120728,0.29420000314712524
4533,2.2665000,0.40851345658302307,0.28200000524520874
4534,2.2670000,0.4019087553024292,0.26960000395774841
4535,2.2675000,0.3951244056224823,0.25699999928474426
4536,2.2680000,0.38816171884536743,0.2442999929189682
4537,2.2685000,0.38102787733078003,0.2312999963760376
4538,2.2690000,0.37373515963554382,0.21819999814033508
4539,2.2695000,0.36628705263137817,0.20489999651908875
4540,2.2700000,0.3586793839931488,0.19140000641345978
4541,2.2705000,0.3508988618850708,0.17779999971389771
4542,2.2710000,0.34292584657669067,0.16410000622272491
4543,2.2715000,0.33475577831268311,0.15019999444484711
4544,2.2720000,0.32640033960342407,0.13629999756813049
4545,2.2725000,0.31788340210914612,0.12219999730587006
4546,2.2730000,0.30922660231590271,0.1080000028014183
4547,2.2735000,0.30043035745620728,0.093800000846385956
4548,2.2740000,0.29148954153060913,0.079499997198581696
4549,2.2745000,0.28240072727203369,0.065099999308586121
4550,2.2750000,0.27316507697105408,0.050700001418590546
4551,2.2755000,0.26378613710403442,0.036200001835823059
4552,2.2760000,0.2542477548122406,0.021700000390410423
4553,2.2765000,0.24452053010463715,0.0071999998763203621
4554,2.2770000,0.23459675908088684,-0.0073000001721084118
4555,2.2775000,0.22449056804180145,-0.021800000220537186
4556,2.2780000,0.2142149806022644,-0.036299999803304672
4557,2.2785000,0.20378516614437103,-0.050799999386072159
4558,2.2790000,0.19321779906749725,-0.065300002694129944
4559,2.2795000,0.18252113461494446,-0.079700000584125519
4560,2.2800000,0.1716935932636261,-0.093999996781349182
4561,2.2805000,0.16073381900787354,-0.10830000042915344
4562,2.2810000,0.14965356886386871,-0.12250000238418579
4563,2.2815000,0.13846401870250702,-0.13660000264644623
4564,2.2820000,0.12716731429100037,-0.15060000121593475
4565,2.2825000,0.11576740443706512,-0.16449999809265137
4566,2.2830000,0.10427437722682953,-0.17829999327659607
4567,2.2835000,0.092694342136383057,-0.19200000166893005
4568,2.2840000,0.081024952232837677,-0.20559999346733093
4569,2.2845000,0.069271013140678406,-0.21899999678134918
4570,2.2850000,0.057440325617790222,-0.23229999840259552
4571,2.2855000,0.045544154942035675,-0.24539999663829803
4572,2.2860000,0.033601582050323486,-0.25839999318122864
4573,2.2865000,0.021621964871883392,-0.27120000123977661
4574,2.2870000,0.0096133649349212646,-0.28380000591278076
4575,2.2875000,-0.0024205949157476425,-0.29629999399185181
4576,2.2880000,-0.014482120983302593,-0.30849999189376831
4577,2.2885000,-0.026560412719845772,-0.3206000030040741
4578,2.2890000,-0.038646712899208069,-0.33250001072883606
4579,2.2895000,-0.050733465701341629,-0.34419998526573181
4580,2.2900000,-0.062805019319057465,-0.35569998621940613
4581,2.2905000,-0.074849098920822144,-0.36700001358985901
4582,2.2910000,-0.086857825517654419,-0.37810000777244568
4583,2.2915000,-0.098823145031929016,-0.38899999856948853
4584,2.2920000,-0.11072561144828796,-0.39969998598098755
4585,2.2925000,-0.12254121899604797,-0.41019999980926514
4586,2.2930000,-0.13426096737384796,-0.4203999936580658
4587,2.2935000,-0.14587920904159546,-0.43050000071525574
4588,2.2940000,-0.15738947689533234,-0.44029998779296875
4589,2.2945000,-0.16879278421401978,-0.44990000128746033
4590,2.2950000,-0.18008649349212646,-0.45930001139640808
4591,2.2955000,-0.19125774502754211,-0.46849998831748962
4592,2.2960000,-0.20228567719459534,-0.47740000486373901
4593,2.2965000,-0.21315537393093109,-0.4862000048160553
4594,2.2970000,-0.22386913001537323,-0.49470001459121704
4595,2.2975000,-0.23442646861076355,-0.50300002098083496
4596,2.2980000,-0.24482139945030212,-0.51120001077651978
4597,2.2985000,-0.25505435466766357,-0.51910001039505005
4598,2.2990000,-0.26512625813484192,-0.52679997682571411
4599,2.2995000,-0.2750362753868103,-0.53430002927780151
4600,2.3000000,-0.28476807475090027,-0.54159998893737793
4601,2.3005000,-0.29429852962493896,-0.54869997501373291
4602,2.3010000,-0.30362126231193542,-0.55570000410079956
4603,2.3015000,-0.31273522973060608,-0.56239998340606689
4604,2.3020000,-0.3216380774974823,-0.5690000057220459
4605,2.3025000,-0.3303300142288208,-0.57529997825622559
4606,2.3030000,-0.33881434798240662,-0.58160001039505005
4607,2.3035000,-0.34709405899047852,-0.5875999927520752
4608,2.3040000,-0.35516032576560974,-0.59350001811981201
4609,2.3045000,-0.36300179362297058,-0.59920001029968262
4610,2.3050000,-0.37062394618988037,-0.60470002889633179
4611,2.3055000,-0.37803581357002258,-0.61009997129440308
4612,2.3060000,-0.38523444533348083,-0.61529999971389771
4613,2.3065000,-0.39221882820129395,-0.62040001153945923
4614,2.3070000,-0.39899531006813049,-0.62540000677108765
4615,2.3075000,-0.40556985139846802,-0.63020002841949463
4616,2.3080000,-0.4119490385055542,-0.63489997386932373
4617,2.3085000,-0.41813933849334717,-0.63950002193450928
4618,2.3090000,-0.42414629459381104,-0.64389997720718384
4619,2.3095000,-0.42997598648071289,-0.64829999208450317
4620,2.3100000,-0.43563041090965271,-0.6524999737739563
4621,2.3105000,-0.44110751152038574,-0.65659999847412109
4622,2.3110000,-0.44640886783599854,-0.66060000658035278
4623,2.3115000,-0.45153751969337463,-0.66439998149871826
4624,2.3120000,-0.45649701356887817,-0.66820001602172852
4625,2.3125000,-0.46129405498504639,-0.67189997434616089
4626,2.3130000,-0.46593406796455383,-0.67549997568130493
4627,2.3135000,-0.47042185068130493,-0.67900002002716064
4628,2.3140000,-0.47476452589035034,-0.68239998817443848
4629,2.3145000,-0.47896793484687805,-0.68569999933242798
4630,2.3150000,-0.48303541541099548,-0.68889999389648438
4631,2.3155000,-0.48696804046630859,-0.69199997186660767
4632,2.3160000,-0.49076616764068604,-0.69510000944137573
4633,2.3165000,-0.49443021416664124,-0.69800001382827759
4634,2.3170000,-0.49795737862586975,-0.70090001821517944
4635,2.3175000,-0.50134468078613281,-0.70370000600814819
4636,2.3180000,-0.50459504127502441,-0.70639997720718384
4637,2.3185000,-0.50771170854568481,-0.70910000801086426
4638,2.3190000,-0.51069456338882446,-0.71160000562667847
4639,2.3195000,-0.5135461688041687,-0.71410000324249268
4640,2.3200000,-0.51628106832504272,-0.71649998426437378
4641,2.3205000,-0.51891982555389404,-0.71880000829696655
4642,2.3210000,-0.52147001028060913,-0.72100001573562622
4643,2.3215000,-0.52393037080764771,-0.72320002317428589
4644,2.3220000,-0.52630007266998291,-0.72519999742507935
4645,2.3225000,-0.52858054637908936,-0.7271999716758728
4646,2.3230000,-0.53076767921447754,-0.72909998893737793
4647,2.3235000,-0.53285491466522217,-0.73089998960494995
4648,2.3240000,-0.53484213352203369,-0.73259997367858887
4649,2.3245000,-0.53672444820404053,-0.73420000076293945
4650,2.3250000,-0.53849035501480103,-0.73580002784729004
4651,2.3255000,-0.54013240337371826,-0.73720002174377441
4652,2.3260000,-0.54165744781494141,-0.73860001564025879
4653,2.3265000,-0.54307883977890015,-0.73989999294281006
4654,2.3270000,-0.54439830780029297,-0.74099999666213989
4655,2.3275000,-0.54560768604278564,-0.74210000038146973
4656,2.3280000,-0.54670751094818115,-0.74309998750686646
4657,2.3285000,-0.5477064847946167,-0.74400001764297485
4658,2.3290000,-0.54860901832580566,-0.74479997158050537
4659,2.3295000,-0.54941612482070923,-0.74550002813339233
4660,2.3300000,-0.55012869834899902,-0.74610000848770142
4661,2.3305000,-0.55075234174728394,-0.7466999888420105
4662,2.3310000,-0.55129176378250122,-0.74709999561309814
4663,2.3315000,-0.5517457127571106,-0.74739998579025269
4664,2.3320000,-0.55211901664733887,-0.74769997596740723
4665,2.3325000,-0.55241739749908447,-0.74779999256134033
4666,2.3330000,-0.55264145135879517,-0.74790000915527344
4667,2.3335000,-0.55279284715652466,-0.74790000915527344
4668,2.3340000,-0.55287086963653564,-0.74779999256134033
4669,2.3345000,-0.55286538600921631,-0.7476000189781189
4670,2.3350000,-0.55277013778686523,-0.74730002880096436
4671,2.3355000,-0.55259788036346436,-0.74699997901916504
4672,2.3360000,-0.55235564708709717,-0.74650001525878906
4673,2.3365000,-0.55204170942306519,-0.74599999189376831
4674,2.3370000,-0.55166786909103394,-0.74540001153945923
4675,2.3375000,-0.55124074220657349,-0.74479997158050537
4676,2.3380000,-0.55075103044509888,-0.74409997463226318
4677,2.3385000,-0.55019348859786987,-0.74330002069473267
4678,2.3390000,-0.54957079887390137,-0.74239999055862427
4679,2.3395000,-0.54888516664505005,-0.74140000343322754
4680,2.3400000,-0.54813677072525024,-0.74049997329711914
4681,2.3405000,-0.54732644557952881,-0.73940002918243408
4682,2.3410000,-0.54645705223083496,-0.73830002546310425
4683,2.3415000,-0.54553091526031494,-0.73710000514984131
4684,2.3420000,-0.54455053806304932,-0.73589998483657837
4685,2.3425000,-0.54351305961608887,-0.7346000075340271
4686,2.3430000,-0.54241621494293213,-0.73329997062683105
4687,2.3435000,-0.5412672758102417,-0.73199999332427979
4688,2.3440000,-0.54006588459014893,-0.7304999828338623
4689,2.3445000,-0.53880822658538818,-0.72909998893737793
4690,2.3450000,-0.53750300407409668,-0.72759997844696045
4691,2.3455000,-0.53615951538085938,-0.72610002756118774
4692,2.3460000,-0.53478515148162842,-0.72460001707077026
4693,2.3465000,-0.5333864688873291,-0.72299998998641968
4694,2.3470000,-0.53196609020233154,-0.72140002250671387
4695,2.3475000,-0.53052675724029541,-0.71969997882843018
4696,2.3480000,-0.52907639741897583,-0.71799999475479126
4697,2.3485000,-0.52762925624847412,-0.71640002727508545
4698,2.3490000,-0.52619457244873047,-0.71460002660751343
4699,2.3495000,-0.52477550506591797,-0.71289998292922974
4700,2.3500000,-0.52337515354156494,-0.71109998226165771
4701,2.3505000,-0.5219886302947998,-0.7093999981880188
4702,2.3510000,-0.52060765027999878,-0.70759999752044678
4703,2.3515000,-0.51922869682312012,-0.70579999685287476
4704,2.3520000,-0.51784420013427734,-0.70389997959136963
4705,2.3525000,-0.51644915342330933,-0.70209997892379761
4706,2.3530000,-0.51504480838775635,-0.70029997825622559
4707,2.3535000,-0.51362890005111694,-0.69840002059936523
4708,2.3540000,-0.51220351457595825,-0.69650000333786011
4709,2.3545000,-0.51076984405517578,-0.69459998607635498
4710,2.3550000,-0.50931912660598755,-0.69270002841949463
4711,2.3555000,-0.50784510374069214,-0.6908000111579895
4712,2.3560000,-0.50635218620300293,-0.68889999389648438
4713,2.3565000,-0.50485736131668091,-0.68699997663497925
4714,2.3570000,-0.50336849689483643,-0.68500000238418579
4715,2.3575000,-0.50187718868255615,-0.68309998512268066
4716,2.3580000,-0.50038421154022217,-0.68110001087188721
4717,2.3585000,-0.49889224767684937,-0.67919999361038208
4718,2.3590000,-0.49739310145378113,-0.67720001935958862
4719,2.3595000,-0.49588224291801453,-0.67519998550415039
4720,2.3600000,-0.49436372518539429,-0.67320001125335693
4721,2.3605000,-0.49284416437149048,-0.6711999773979187
4722,2.3610000,-0.49132451415061951,-0.66920000314712524
4723,2.3615000,-0.48980274796485901,-0.66720002889633179
4724,2.3620000,-0.48828205466270447,-0.66509997844696045
4725,2.3625000,-0.48675811290740967,-0.66310000419616699
4726,2.3630000,-0.48522406816482544,-0.66100001335144043
4727,2.3635000,-0.4836881160736084,-0.6589999794960022
4728,2.3640000,-0.48216867446899414,-0.65689998865127563
4729,2.3645000,-0.48068535327911377,-0.65479999780654907
4730,2.3650000,-0.4792444109916687,-0.65270000696182251
4731,2.3655000,-0.47783872485160828,-0.65060001611709595
4732,2.3660000,-0.47646138072013855,-0.64850002527236938
4733,2.3665000,-0.47510308027267456,-0.64630001783370972
4734,2.3670000,-0.47375550866127014,-0.64420002698898315
4735,2.3675000,-0.47241348028182983,-0.64200001955032349
4736,2.3680000,-0.47106993198394775,-0.63990002870559692
4737,2.3685000,-0.46972310543060303,-0.63770002126693726
4738,2.3690000,-0.4683745801448822,-0.63550001382827759
4739,2.3695000,-0.46701684594154358,-0.63330000638961792
4740,2.3700000,-0.46564340591430664,-0.63099998235702515
4741,2.3705000,-0.46425625681877136,-0.62879997491836548
4742,2.3710000,-0.46285596489906311,-0.62650001049041748
4743,2.3715000,-0.46143877506256104,-0.62430000305175781
4744,2.3720000,-0.46000018715858459,-0.62199997901916504
4745,2.3725000,-0.45854166150093079,-0.61970001459121704
4746,2.3730000,-0.45706269145011902,-0.61739999055862427
4747,2.3735000,-0.45555266737937927,-0.61510002613067627
4748,2.3740000,-0.45400547981262207,-0.61269998550415039
4749,2.3745000,-0.45242217183113098,-0.61040002107620239
4750,2.3750000,-0.4508061408996582,-0.60799998044967651
4751,2.3755000,-0.44916555285453796,-0.60559999942779541
4752,2.3760000,-0.44751021265983582,-0.60329997539520264
4753,2.3765000,-0.44584771990776062,-0.60079997777938843
4754,2.3770000,-0.44417893886566162,-0.59839999675750732
4755,2.3775000,-0.44250044226646423,-0.59600001573562622
4756,2.3780000,-0.44080916047096252,-0.59350001811981201
4757,2.3785000,-0.43910080194473267,-0.5910000205039978
4758,2.3790000,-0.43737518787384033,-0.58850002288818359
4759,2.3795000,-0.43563753366470337,-0.58600002527236938
4760,2.3800000,-0.43389305472373962,-0.58350002765655518
4761,2.3805000,-0.4321417510509491,-0.58090001344680786
4762,2.3810000,-0.43037906289100647,-0.57840001583099365
4763,2.3815000,-0.42860347032546997,-0.57580000162124634
4764,2.3820000,-0.42681431770324707,-0.57309997081756592
4765,2.3825000,-0.42500931024551392,-0.57050001621246338
4766,2.3830000,-0.42319211363792419,-0.56790000200271606
4767,2.3835000,-0.42137181758880615,-0.56519997119903564
4768,2.3840000,-0.41955479979515076,-0.5625
4769,2.3845000,-0.41773983836174011,-0.55980002880096436
4770,2.3850000,-0.415922611951828,-0.55699998140335083
4771,2.3855000,-0.41410049796104431,-0.55430001020431519
4772,2.3860000,-0.41226819157600403,-0.55150002241134644
4773,2.3865000,-0.41042384505271912,-0.54869997501373291
4774,2.3870000,-0.40857285261154175,-0.54589998722076416
4775,2.3875000,-0.40671953558921814,-0.54309999942779541
4776,2.3880000,-0.40487194061279297,-0.54030001163482666
4777,2.3885000,-0.40303739905357361,-0.5374000072479248
4778,2.3890000,-0.40121343731880188,-0.53450000286102295
4779,2.3895000,-0.39939635992050171,-0.5317000150680542
4780,2.3900000,-0.39758411049842834,-0.52880001068115234
4781,2.3905000,-0.39577692747116089,-0.52590000629425049
4782,2.3910000,-0.39397817850112915,-0.52300000190734863
4783,2.3915000,-0.39218899607658386,-0.52009999752044678
4784,2.3920000,-0.39041033387184143,-0.51719999313354492
4785,2.3925000,-0.38864406943321228,-0.51429998874664307
4786,2.3930000,-0.38688796758651733,-0.51139998435974121
4787,2.3935000,-0.38514310121536255,-0.50849997997283936
4788,2.3940000,-0.38341197371482849,-0.5055999755859375
4789,2.3945000,-0.38169121742248535,-0.50269997119903564
4790,2.3950000,-0.3799784779548645,-0.49979999661445618
4791,2.3955000,-0.37827420234680176,-0.49700000882148743
4792,2.3960000,-0.3765789270401001,-0.49419999122619629
4793,2.3965000,-0.37488767504692078,-0.49140000343322754
4794,2.3970000,-0.37318873405456543,-0.4885999858379364
4795,2.3975000,-0.37147772312164307,-0.48579999804496765
4796,2.3980000,-0.36976298689842224,-0.48309999704360962
4797,2.3985000,-0.36805182695388794,-0.48039999604225159
4798,2.3990000,-0.3663439154624939,-0.47780001163482666
4799,2.3995000,-0.36463746428489685,-0.47519999742507935
4800,2.4000000,-0.36293822526931763,-0.47260001301765442
4801,2.4005000,-0.36125326156616211,-0.47009998559951782
4802,2.4010000,-0.35958006978034973,-0.46759998798370361
4803,2.4015000,-0.3579174280166626,-0.4650999903678894
4804,2.4020000,-0.35626837611198425,-0.4627000093460083
4805,2.4025000,-0.35463494062423706,-0.46039998531341553
4806,2.4030000,-0.35301634669303894,-0.45809999108314514
4807,2.4035000,-0.35140955448150635,-0.45590001344680786
4808,2.4040000,-0.3498157262802124,-0.45370000600814819
4809,2.4045000,-0.34823378920555115,-0.45149999856948853
4810,2.4050000,-0.34665727615356445,-0.44940000772476196
4811,2.4055000,-0.3450864851474762,-0.44740000367164612
4812,2.4060000,-0.34352764487266541,-0.44539999961853027
4813,2.4065000,-0.34198424220085144,-0.44339999556541443
4814,2.4070000,-0.34045320749282837,-0.44159999489784241
4815,2.4075000,-0.33893024921417236,-0.43970000743865967
4816,2.4080000,-0.33742204308509827,-0.43790000677108765
4817,2.4085000,-0.33593311905860901,-0.43619999289512634
4818,2.4090000,-0.33445781469345093,-0.43450000882148743
4819,2.4095000,-0.3329964280128479,-0.43279999494552612
4820,2.4100000,-0.33155155181884766,-0.43119999766349792
4821,2.4105000,-0.33012408018112183,-0.42960000038146973
4822,2.4110000,-0.32871425151824951,-0.42809998989105225
4823,2.4115000,-0.32731914520263672,-0.42649999260902405
4824,2.4120000,-0.32593587040901184,-0.42509999871253967
4825,2.4125000,-0.32455891370773315,-0.42359998822212219
4826,2.4130000,-0.32318365573883057,-0.42219999432563782
4827,2.4135000,-0.32181262969970703,-0.42080000042915344
4828,2.4140000,-0.32044899463653564,-0.41949999332427979
4829,2.4145000,-0.31909382343292236,-0.41809999942779541
4830,2.4150000,-0.31774851679801941,-0.41679999232292175
4831,2.4155000,-0.31641417741775513,-0.4154999852180481
4832,2.4160000,-0.31509742140769958,-0.41420000791549683
4833,2.4165000,-0.31380817294120789,-0.41290000081062317
4834,2.4170000,-0.31254979968070984,-0.41159999370574951
4835,2.4175000,-0.31132051348686218,-0.41040000319480896
4836,2.4180000,-0.31011679768562317,-0.4090999960899353
4837,2.4185000,-0.3089374303817749,-0.40790000557899475
4838,2.4190000,-0.30778178572654724,-0.40659999847412109
4839,2.4195000,-0.30664718151092529,-0.40540000796318054
4840,2.4200000,-0.30553907155990601,-0.40410000085830688
4841,2.4205000,-0.30446773767471313,-0.40290001034736633
4842,2.4210000,-0.30343422293663025,-0.40160000324249268
4843,2.4215000,-0.30243569612503052,-0.40040001273155212
4844,2.4220000,-0.30147284269332886,-0.39910000562667847
4845,2.4225000,-0.30054479837417603,-0.39779999852180481
4846,2.4230000,-0.29964697360992432,-0.39649999141693115
4847,2.4235000,-0.29877480864524841,-0.39520001411437988
4848,2.4240000,-0.2979244589805603,-0.39390000700950623
4849,2.4245000,-0.29709377884864807,-0.39259999990463257
4850,2.4250000,-0.29628026485443115,-0.39129999279975891
4851,2.4255000,-0.295480877161026,-0.38999998569488525
4852,2.4260000,-0.29469797015190125,-0.38859999179840088
4853,2.4265000,-0.29393264651298523,-0.38730001449584961
4854,2.4270000,-0.29317975044250488,-0.38589999079704285
4855,2.4275000,-0.2924366295337677,-0.38449999690055847
4856,2.4280000,-0.29170060157775879,-0.3831000030040741
4857,2.4285000,-0.29096478223800659,-0.38170000910758972
4858,2.4290000,-0.29022607207298279,-0.38029998540878296
4859,2.4295000,-0.2894863486289978,-0.37889999151229858
4860,2.4300000,-0.28874844312667847,-0.37740001082420349
4861,2.4305000,-0.2880128026008606,-0.37599998712539673
4862,2.4310000,-0.28727337718009949,-0.37450000643730164
4863,2.4315000,-0.28652635216712952,-0.37310001254081726
4864,2.4320000,-0.28577208518981934,-0.37160000205039978
4865,2.4325000,-0.28500595688819885,-0.3700999915599823
4866,2.4330000,-0.28422656655311584,-0.36860001087188721
4867,2.4335000,-0.2834395170211792,-0.36710000038146973
4868,2.4340000,-0.28264749050140381,-0.36559998989105225
4869,2.4345000,-0.28184601664543152,-0.36410000920295715
4870,2.4350000,-0.28102847933769226,-0.36259999871253967
4871,2.4355000,-0.2801969051361084,-0.36100000143051147
4872,2.4360000,-0.2793598473072052,-0.35949999094009399
4873,2.4365000,-0.27852171659469604,-0.3580000102519989
4874,2.4370000,-0.27768346667289734,-0.3564000129699707
4875,2.4375000,-0.27684497833251953,-0.35490000247955322
4876,2.4380000,-0.27600479125976562,-0.35339999198913574
4877,2.4385000,-0.27516269683837891,-0.35179999470710754
4878,2.4390000,-0.27431783080101013,-0.35030001401901245
4879,2.4395000,-0.27346757054328918,-0.34869998693466187
4880,2.4400000,-0.27260705828666687,-0.34720000624656677
4881,2.4405000,-0.27172845602035522,-0.34560000896453857
4882,2.4410000,-0.27082857489585876,-0.34409999847412109
4883,2.4415000,-0.26990851759910583,-0.34259998798370361
4884,2.4420000,-0.26896914839744568,-0.34099999070167542
4885,2.4425000,-0.26801282167434692,-0.33950001001358032
4886,2.4430000,-0.26704204082489014,-0.33799999952316284
4887,2.4435000,-0.26605761051177979,-0.33640000224113464
4888,2.4440000,-0.26505774259567261,-0.33489999175071716
4889,2.4445000,-0.26403918862342834,-0.33340001106262207
4890,2.4450000,-0.26300013065338135,-0.33180001378059387
4891,2.4455000,-0.26194089651107788,-0.33030000329017639
4892,2.4460000,-0.26086586713790894,-0.32879999279975891
4893,2.4465000,-0.25978147983551025,-0.32719999551773071
4894,2.4470000,-0.25868967175483704,-0.32570001482963562
4895,2.4475000,-0.25758838653564453,-0.32420000433921814
4896,2.4480000,-0.25647628307342529,-0.32260000705718994
4897,2.4485000,-0.25535359978675842,-0.32109999656677246
4898,2.4490000,-0.25422090291976929,-0.31959998607635498
4899,2.4495000,-0.25308021903038025,-0.31799998879432678
4900,2.4500000,-0.25193476676940918,-0.31650000810623169
4901,2.4505000,-0.2507859468460083,-0.31499999761581421
4902,2.4510000,-0.24963288009166718,-0.31340000033378601
4903,2.4515000,-0.24847514927387238,-0.31189998984336853
4904,2.4520000,-0.24731259047985077,-0.31029999256134033
4905,2.4525000,-0.24614249169826508,-0.30880001187324524
4906,2.4530000,-0.24496454000473022,-0.30720001459121704
4907,2.4535000,-0.24378284811973572,-0.30559998750686646
4908,2.4540000,-0.24260057508945465,-0.30410000681877136
4909,2.4545000,-0.24141831696033478,-0.30250000953674316
4910,2.4550000,-0.2402368038892746,-0.30090001225471497
4911,2.4555000,-0.23905916512012482,-0.29929998517036438
4912,2.4560000,-0.23788689076900482,-0.29769998788833618
4913,2.4565000,-0.23671767115592957,-0.29609999060630798
4914,2.4570000,-0.23555000126361847,-0.29449999332427979
4915,2.4575000,-0.23438464105129242,-0.29289999604225159
4916,2.4580000,-0.23322272300720215,-0.29129999876022339
4917,2.4585000,-0.23206529021263123,-0.28970000147819519
4918,2.4590000,-0.2309144139289856,-0.28810000419616699
4919,2.4595000,-0.22977237403392792,-0.28650000691413879
4920,2.4600000,-0.2286432683467865,-0.2849000096321106
4921,2.4605000,-0.22753223776817322,-0.2833000123500824
4922,2.4610000,-0.22643890976905823,-0.28169998526573181
4923,2.4615000,-0.22536154091358185,-0.28009998798370361
4924,2.4620000,-0.22429944574832916,-0.27849999070167542
4925,2.4625000,-0.22325082123279572,-0.27700001001358032
4926,2.4630000,-0.22221440076828003,-0.27540001273155212
4927,2.4635000,-0.22118781507015228,-0.27390000224113464
4928,2.4640000,-0.22016887366771698,-0.27239999175071716
4929,2.4645000,-0.21915708482265472,-0.27090001106262207
4930,2.4650000,-0.21815246343612671,-0.26940000057220459
4931,2.4655000,-0.21715615689754486,-0.26789999008178711
4932,2.4660000,-0.21617034077644348,-0.26649999618530273
4933,2.4665000,-0.21519629657268524,-0.26499998569488525
4934,2.4670000,-0.21423107385635376,-0.26370000839233398
4935,2.4675000,-0.21327121555805206,-0.26230001449584961
4936,2.4680000,-0.2123168408870697,-0.26100000739097595
4937,2.4685000,-0.21136590838432312,-0.25970000028610229
4938,2.4690000,-0.21041476726531982,-0.25839999318122864
4939,2.4695000,-0.20946384966373444,-0.25720000267028809
4940,2.4700000,-0.20851646363735199,-0.25600001215934753
4941,2.4705000,-0.20757550001144409,-0.25479999184608459
4942,2.4710000,-0.20663842558860779,-0.25369998812675476
4943,2.4715000,-0.20570081472396851,-0.25260001420974731
4944,2.4720000,-0.20476451516151428,-0.2515999972820282
4945,2.4725000,-0.20383203029632568,-0.25060001015663147
4946,2.4730000,-0.20290358364582062,-0.24959999322891235
4947,2.4735000,-0.20197969675064087,-0.24869999289512634
4948,2.4740000,-0.20106041431427002,-0.24779999256134033
4949,2.4745000,-0.20014658570289612,-0.24699999392032623
4950,2.4750000,-0.19923776388168335,-0.24619999527931213
4951,2.4755000,-0.19833146035671234,-0.24539999663829803
4952,2.4760000,-0.19742836058139801,-0.24469999969005585
4953,2.4765000,-0.19653019309043884,-0.24400000274181366
4954,2.4770000,-0.19563549757003784,-0.24339999258518219
4955,2.4775000,-0.19474360346794128,-0.24279999732971191
4956,2.4780000,-0.19385688006877899,-0.24220000207424164
4957,2.4785000,-0.19297659397125244,-0.24160000681877136
4958,2.4790000,-0.1921001523733139,-0.2410999983549118
4959,2.4795000,-0.19122450053691864,-0.24060000479221344
4960,2.4800000,-0.19034986197948456,-0.24019999802112579
4961,2.4805000,-0.18947675824165344,-0.23970000445842743
4962,2.4810000,-0.18860289454460144,-0.23929999768733978
4963,2.4815000,-0.18772582709789276,-0.23890000581741333
4964,2.4820000,-0.18684682250022888,-0.23849999904632568
4965,2.4825000,-0.18596991896629333,-0.23810000717639923
4966,2.4830000,-0.18509633839130402,-0.23770000040531158
4967,2.4835000,-0.18422386050224304,-0.23729999363422394
4968,2.4840000,-0.18335077166557312,-0.2370000034570694
4969,2.4845000,-0.18247684836387634,-0.23659999668598175
4970,2.4850000,-0.18160261213779449,-0.2362000048160553
4971,2.4855000,-0.18072837591171265,-0.23579999804496765
4972,2.4860000,-0.17985394597053528,-0.2354000061750412
4973,2.4865000,-0.17898057401180267,-0.23499999940395355
4974,2.4870000,-0.17810931801795959,-0.23459999263286591
4975,2.4875000,-0.17723789811134338,-0.23409999907016754
4976,2.4880000,-0.17636334896087646,-0.23370000720024109
4977,2.4885000,-0.1754855215549469,-0.23319999873638153
4978,2.4890000,-0.17460536956787109,-0.23260000348091125
4979,2.4895000,-0.17372344434261322,-0.2320999950170517
4980,2.4900000,-0.17284068465232849,-0.23149999976158142
4981,2.4905000,-0.17195868492126465,-0.23080000281333923
4982,2.4910000,-0.17107847332954407,-0.23019999265670776
4983,2.4915000,-0.1701991856098175,-0.22949999570846558
4984,2.4920000,-0.16931970417499542,-0.22869999706745148
4985,2.4925000,-0.1684412807226181,-0.22789999842643738
4986,2.4930000,-0.1675664484500885,-0.22709999978542328
4987,2.4935000,-0.16669632494449615,-0.22619999945163727
4988,2.4940000,-0.1658303290605545,-0.22529999911785126
4989,2.4945000,-0.16496872901916504,-0.22429999709129333
4990,2.4950000,-0.16411085426807404,-0.22329999506473541
4991,2.4955000,-0.16325381398200989,-0.22220000624656677
4992,2.4960000,-0.16239824891090393,-0.22110000252723694
4993,2.4965000,-0.16154837608337402,-0.21989999711513519
4994,2.4970000,-0.16070626676082611,-0.21870000660419464
4995,2.4975000,-0.15987171232700348,-0.2175000011920929
4996,2.4980000,-0.15904292464256287,-0.21619999408721924
4997,2.4985000,-0.1582186222076416,-0.21480000019073486
4998,2.4990000,-0.15739932656288147,-0.21340000629425049
4999,2.4995000,-0.15658420324325562,-0.21199999749660492
5000,2.5000000,-0.15577208995819092,-0.21050000190734863
5001,2.5005000,-0.15496373176574707,-0.20900000631809235
5002,2.5010000,-0.15416064858436584,-0.20749999582767487
5003,2.5015000,-0.15336284041404724,-0.20589999854564667
5004,2.5020000,-0.15256971120834351,-0.20430000126361847
5005,2.5025000,-0.15178230404853821,-0.20270000398159027
5006,2.5030000,-0.15099960565567017,-0.20100000500679016
5007,2.5035000,-0.15021823346614838,-0.19939999282360077
5008,2.5040000,-0.14943878352642059,-0.19769999384880066
5009,2.5045000,-0.14866499602794647,-0.19599999487400055
5010,2.5050000,-0.14789874851703644,-0.19419999420642853
5011,2.5055000,-0.14713940024375916,-0.19249999523162842
5012,2.5060000,-0.14638765156269073,-0.19079999625682831
5013,2.5065000,-0.14564327895641327,-0.18899999558925629
5014,2.5070000,-0.14490248262882233,-0.18729999661445618
5015,2.5075000,-0.14416389167308807,-0.18559999763965607
5016,2.5080000,-0.1434333324432373,-0.18379999697208405
5017,2.5085000,-0.14271964132785797,-0.18209999799728394
5018,2.5090000,-0.14202626049518585,-0.18039999902248383
5019,2.5095000,-0.14135214686393738,-0.17870000004768372
5020,2.5100000,-0.1406969428062439,-0.17700000107288361
5021,2.5105000,-0.1400599330663681,-0.1753000020980835
5022,2.5110000,-0.13943794369697571,-0.17360000312328339
5023,2.5115000,-0.13882789015769958,-0.17200000584125519
5024,2.5120000,-0.13823121786117554,-0.1703999936580658
5025,2.5125000,-0.13765104115009308,-0.1687999963760376
5026,2.5130000,-0.13708677887916565,-0.1671999990940094
5027,2.5135000,-0.13653647899627686,-0.16570000350475311
5028,2.5140000,-0.1359979659318924,-0.16419999301433563
5029,2.5145000,-0.13546884059906006,-0.16269999742507935
5030,2.5150000,-0.13494649529457092,-0.16120000183582306
5031,2.5155000,-0.13442763686180115,-0.15979999303817749
5032,2.5160000,-0.1339104175567627,-0.15839999914169312
5033,2.5165000,-0.13339385390281677,-0.15700000524520874
5034,2.5170000,-0.13287657499313354,-0.15569999814033508
5035,2.5175000,-0.13235798478126526,-0.15440000593662262
5036,2.5180000,-0.13183733820915222,-0.15309999883174896
5037,2.5185000,-0.131313756108284,-0.1518000066280365
5038,2.5190000,-0.13078731298446655,-0.15060000121593475
5039,2.5195000,-0.13025638461112976,-0.14939999580383301
5040,2.5200000,-0.12971845269203186,-0.14830000698566437
5041,2.5205000,-0.12917432188987732,-0.14710000157356262
5042,2.5210000,-0.12862557172775269,-0.14599999785423279
5043,2.5215000,-0.12807241082191467,-0.14499999582767487
5044,2.5220000,-0.12751513719558716,-0.14390000700950623
5045,2.5225000,-0.12695366144180298,-0.1429000049829483
5046,2.5230000,-0.12638840079307556,-0.14190000295639038
5047,2.5235000,-0.12581932544708252,-0.14090000092983246
5048,2.5240000,-0.12524580955505371,-0.13989999890327454
5049,2.5245000,-0.1246696412563324,-0.13899999856948853
5050,2.5250000,-0.12409326434135437,-0.13809999823570251
5051,2.5255000,-0.12351670116186142,-0.1371999979019165
5052,2.5260000,-0.12293991446495056,-0.13629999756813049
5053,2.5265000,-0.12236412614583969,-0.13549999892711639
5054,2.5270000,-0.12178919464349747,-0.13459999859333038
5055,2.5275000,-0.12121443450450897,-0.13379999995231628
5056,2.5280000,-0.12063939124345779,-0.13300000131130219
5057,2.5285000,-0.12006380409002304,-0.13220000267028809
5058,2.5290000,-0.11948902904987335,-0.13140000402927399
5059,2.5295000,-0.11891678720712662,-0.1307000070810318
5060,2.5300000,-0.11834865808486938,-0.12989999353885651
5061,2.5305000,-0.11778387427330017,-0.12919999659061432
5062,2.5310000,-0.11722046136856079,-0.12839999794960022
5063,2.5315000,-0.11665987968444824,-0.12770000100135803
5064,2.5320000,-0.11610273271799088,-0.12700000405311584
5065,2.5325000,-0.11554751545190811,-0.12630000710487366
5066,2.5330000,-0.11499518901109695,-0.12559999525547028
5067,2.5335000,-0.11444816738367081,-0.12489999830722809
5068,2.5340000,-0.11390701681375504,-0.1242000013589859
5069,2.5345000,-0.1133691594004631,-0.12359999865293503
5070,2.5350000,-0.1128334179520607,-0.12290000170469284
5071,2.5355000,-0.11230187118053436,-0.12219999730587006
5072,2.5360000,-0.11177445948123932,-0.12150000035762787
5073,2.5365000,-0.11124983429908752,-0.120899997651577
5074,2.5370000,-0.11072883009910583,-0.12020000070333481
5075,2.5375000,-0.11021310836076736,-0.11959999799728394
5076,2.5380000,-0.10970309376716614,-0.11890000104904175
5077,2.5385000,-0.10919593274593353,-0.11819999665021896
5078,2.5390000,-0.10868966579437256,-0.11760000139474869
5079,2.5395000,-0.10818636417388916,-0.1168999969959259
5080,2.5400000,-0.10768605768680573,-0.11620000004768372
5081,2.5405000,-0.10718601197004318,-0.11559999734163284
5082,2.5410000,-0.10668597370386124,-0.11490000039339066
5083,2.5415000,-0.10618686676025391,-0.11420000344514847
5084,2.5420000,-0.10568743944168091,-0.11349999904632568
5085,2.5425000,-0.10518545657396317,-0.1128000020980835
5086,2.5430000,-0.10467985272407532,-0.11219999939203262
5087,2.5435000,-0.10417131334543228,-0.11150000244379044
5088,2.5440000,-0.10366038978099823,-0.11069999635219574
5089,2.5445000,-0.10314656049013138,-0.10999999940395355
5090,2.5450000,-0.10262930393218994,-0.10930000245571136
5091,2.5455000,-0.10210766643285751,-0.10859999805688858
5092,2.5460000,-0.10158146172761917,-0.10779999941587448
5093,2.5465000,-0.10105089098215103,-0.10710000246763229
5094,2.5470000,-0.10051646083593369,-0.1062999963760376
5095,2.5475000,-0.09997965395450592,-0.10559999942779541
5096,2.5480000,-0.099440522491931915,-0.10480000078678131
5097,2.5485000,-0.098899543285369873,-0.10400000214576721
5098,2.5490000,-0.098357141017913818,-0.10320000350475311
5099,2.5495000,-0.097811788320541382,-0.10239999741315842
5100,2.5500000,-0.097263388335704803,-0.10159999877214432
5101,2.5505000,-0.0967121422290802,-0.10080000013113022
5102,2.5510000,-0.096158392727375031,-0.10000000149011612
5103,2.5515000,-0.095603048801422119,-0.09920000284910202
5104,2.5520000,-0.095045760273933411,-0.09830000251531601
5105,2.5525000,-0.09448908269405365,-0.097499996423721313
5106,2.5530000,-0.093934938311576843,-0.0966000035405159
5107,2.5535000,-0.093381695449352264,-0.095799997448921204
5108,2.5540000,-0.092830546200275421,-0.094899997115135193
5109,2.5545000,-0.09228283166885376,-0.093999996781349182
5110,2.5550000,-0.091738186776638031,-0.093199998140335083
5111,2.5555000,-0.091195903718471527,-0.092299997806549072
5112,2.5560000,-0.090655215084552765,-0.091399997472763062
5113,2.5565000,-0.090119674801826477,-0.090499997138977051
5114,2.5570000,-0.089592330157756805,-0.08959999680519104
5115,2.5575000,-0.08907105028629303,-0.088699996471405029
5116,2.5580000,-0.088553987443447113,-0.087800003588199615
5117,2.5585000,-0.088041067123413086,-0.086900003254413605
5118,2.5590000,-0.087532348930835724,-0.086000002920627594
5119,2.5595000,-0.087027959525585175,-0.085100002586841583
5120,2.5600000,-0.08652786910533905,-0.084200002253055573
5121,2.5605000,-0.086031749844551086,-0.083300001919269562
5122,2.5610000,-0.085538163781166077,-0.082400001585483551
5123,2.5615000,-0.085045866668224335,-0.08150000125169754
5124,2.5620000,-0.084555186331272125,-0.08060000091791153
5125,2.5625000,-0.084066711366176605,-0.079599998891353607
5126,2.5630000,-0.08358127623796463,-0.078699998557567596
5127,2.5635000,-0.083098888397216797,-0.077799998223781586
5128,2.5640000,-0.082617715001106262,-0.076899997889995575
5129,2.5645000,-0.082136042416095734,-0.075999997556209564
5130,2.5650000,-0.081652820110321045,-0.075099997222423553
5131,2.5655000,-0.081168167293071747,-0.074100002646446228
5132,2.5660000,-0.080683395266532898,-0.073200002312660217
5133,2.5665000,-0.080198809504508972,-0.072300001978874207
5134,2.5670000,-0.079713664948940277,-0.071400001645088196
5135,2.5675000,-0.079226762056350708,-0.070500001311302185
5136,2.5680000,-0.07873670756816864,-0.069499999284744263
5137,2.5685000,-0.078244008123874664,-0.068599998950958252
5138,2.5690000,-0.077749893069267273,-0.067699998617172241
5139,2.5695000,-0.0772542804479599,-0.066699996590614319
5140,2.5700000,-0.076757088303565979,-0.065800003707408905
5141,2.5705000,-0.076258108019828796,-0.064800001680850983
5142,2.5710000,-0.075756832957267761,-0.063900001347064972
5143,2.5715000,-0.075251981616020203,-0.06289999932050705
5144,2.5720000,-0.074741721153259277,-0.061999998986721039
5145,2.5725000,-0.074227213859558105,-0.061000000685453415
5146,2.5730000,-0.073711395263671875,-0.060100000351667404
5147,2.5735000,-0.073195531964302063,-0.059099998325109482
5148,2.5740000,-0.072678960859775543,-0.058100000023841858
5149,2.5745000,-0.072159938514232635,-0.057100001722574234
5150,2.5750000,-0.071637518703937531,-0.056099999696016312
5151,2.5755000,-0.071110442280769348,-0.055100001394748688
5152,2.5760000,-0.070576846599578857,-0.054099999368190765
5153,2.5765000,-0.070036932826042175,-0.053100001066923141
5154,2.5770000,-0.069491975009441376,-0.052099999040365219
5155,2.5775000,-0.068943247199058533,-0.051100000739097595
5156,2.5780000,-0.068391606211662292,-0.050099998712539673
5157,2.5785000,-0.067836105823516846,-0.048999998718500137
5158,2.5790000,-0.06727658212184906,-0.048000000417232513
5159,2.5795000,-0.066713154315948486,-0.046999998390674591
5160,2.5800000,-0.066143989562988281,-0.045899998396635056
5161,2.5805000,-0.065568223595619202,-0.044900000095367432
5162,2.5810000,-0.064986631274223328,-0.043800000101327896
5163,2.5815000,-0.06440097838640213,-0.042800001800060272
5164,2.5820000,-0.063812226057052612,-0.041700001806020737
5165,2.5825000,-0.063218884170055389,-0.040699999779462814
5166,2.5830000,-0.062619701027870178,-0.039599999785423279
5167,2.5835000,-0.062013588845729828,-0.038600001484155655
5168,2.5840000,-0.061399243772029877,-0.037599999457597733
5169,2.5845000,-0.060777444392442703,-0.036499999463558197
5170,2.5850000,-0.060149174183607101,-0.035500001162290573
5171,2.5855000,-0.059516016393899918,-0.034400001168251038
5172,2.5860000,-0.058879856020212173,-0.033399999141693115
5173,2.5865000,-0.058239709585905075,-0.032400000840425491
5174,2.5870000,-0.057593744248151779,-0.031399998813867569
5175,2.5875000,-0.056940201669931412,-0.030400000512599945
5176,2.5880000,-0.056280426681041718,-0.029400000348687172
5177,2.5885000,-0.055619958788156509,-0.028400000184774399
5178,2.5890000,-0.054961662739515305,-0.027400000020861626
5179,2.5895000,-0.054306376725435257,-0.026399999856948853
5180,2.5900000,-0.053655128926038742,-0.025499999523162842
5181,2.5905000,-0.053006552159786224,-0.024499999359250069
5182,2.5910000,-0.052358448505401611,-0.023600000888109207
5183,2.5915000,-0.051709849387407303,-0.022700000554323196
5184,2.5920000,-0.051062643527984619,-0.021800000220537186
5185,2.5925000,-0.050420358777046204,-0.020899999886751175
5186,2.5930000,-0.049783725291490555,-0.019999999552965164
5187,2.5935000,-0.049152661114931107,-0.019099999219179153
5188,2.5940000,-0.048527617007493973,-0.018200000748038292
5189,2.5945000,-0.047906655818223953,-0.017400000244379044
5190,2.5950000,-0.047288130968809128,-0.016599999740719795
5191,2.5955000,-0.04667261615395546,-0.015799999237060547
5192,2.5960000,-0.04606189951300621,-0.014999999664723873
5193,2.5965000,-0.045457843691110611,-0.014200000092387199
5194,2.5970000,-0.044861484318971634,-0.013399999588727951
5195,2.5975000,-0.044273905456066132,-0.012600000016391277
5196,2.5980000,-0.043694309890270233,-0.011900000274181366
5197,2.5985000,-0.043119639158248901,-0.01119999960064888
5198,2.5990000,-0.042549118399620056,-0.010400000028312206
5199,2.5995000,-0.041984278708696365,-0.0097000002861022949
5200,2.6000000,-0.041425488889217377,-0.008999999612569809
5201,2.6005000,-0.040872525423765182,-0.0082999998703598976
5202,2.6010000,-0.040325433015823364,-0.0076999999582767487
5203,2.6015000,-0.039784155786037445,-0.0070000002160668373
5204,2.6020000,-0.039248403161764145,-0.0063000000081956387
5205,2.6025000,-0.038716576993465424,-0.0057000000961124897
5206,2.6030000,-0.038187090307474136,-0.004999999888241291
5207,2.6035000,-0.037659808993339539,-0.0043999999761581421
5208,2.6040000,-0.037136241793632507,-0.0038000000640749931
5209,2.6045000,-0.036619756370782852,-0.0031999999191612005
5210,2.6050000,-0.036111064255237579,-0.0024999999441206455
5211,2.6055000,-0.035607811063528061,-0.0019000000320374966
5212,2.6060000,-0.035109259188175201,-0.0013000000035390258
5213,2.6065000,-0.034613687545061111,-0.000699999975040555
5214,2.6070000,-0.034117788076400757,-9.9999997473787516e-05
5215,2.6075000,-0.033620882779359818,0.00050000002374872565
5216,2.6080000,-0.033123768866062164,0.0010000000474974513
5217,2.6085000,-0.032627813518047333,0.0015999999595806003
5218,2.6090000,-0.032133322209119797,0.002199999988079071
5219,2.6095000,-0.031638886779546738,0.0027000000700354576
5220,2.6100000,-0.031143838539719582,0.0032999999821186066
5221,2.6105000,-0.030646473169326782,0.0038999998942017555
5222,2.6110000,-0.030144674703478813,0.0043999999761581421
5223,2.6115000,-0.02963862381875515,0.0049000000581145287
5224,2.6120000,-0.029130138456821442,0.0054999999701976776
5225,2.6125000,-0.028621694073081017,0.0060000000521540642
5226,2.6130000,-0.028114253655076027,0.0065000001341104507
5227,2.6135000,-0.02760741300880909,0.0070000002160668373
5228,2.6140000,-0.027100326493382454,0.0074999998323619366
5229,2.6145000,-0.026591002941131592,0.0080000003799796104
5230,2.6150000,-0.026078401133418083,0.008500000461935997
5231,2.6155000,-0.025563258677721024,0.0088999997824430466
5232,2.6160000,-0.025047926232218742,0.0093999998643994331
5233,2.6165000,-0.024535389617085457,0.0098000001162290573
5234,2.6170000,-0.024026401340961456,0.010300000198185444
5235,2.6175000,-0.023520961403846741,0.010700000450015068
5236,2.6180000,-0.023019516840577126,0.011099999770522118
5237,2.6185000,-0.022519979625940323,0.011500000022351742
5238,2.6190000,-0.022019771859049797,0.011800000444054604
5239,2.6195000,-0.021519431844353676,0.012199999764561653
5240,2.6200000,-0.021022355183959007,0.012500000186264515
5241,2.6205000,-0.020531820133328438,0.012900000438094139
5242,2.6210000,-0.020047986879944801,0.013199999928474426
5243,2.6215000,-0.019569991156458855,0.013500000350177288
5244,2.6220000,-0.019097739830613136,0.013799999840557575
5245,2.6225000,-0.018630107864737511,0.014100000262260437
5246,2.6230000,-0.018164826557040215,0.014399999752640724
5247,2.6235000,-0.017701849341392517,0.014600000344216824
5248,2.6240000,-0.017242418602108955,0.014899999834597111
5249,2.6245000,-0.016785554587841034,0.015200000256299973
5250,2.6250000,-0.016330799087882042,0.015399999916553497
5251,2.6255000,-0.01587894931435585,0.015699999406933784
5252,2.6260000,-0.015429508872330189,0.015900000929832458
5253,2.6265000,-0.014981185086071491,0.016200000420212746
5254,2.6270000,-0.014532820321619511,0.01640000008046627
5255,2.6275000,-0.0140850730240345,0.016699999570846558
5256,2.6280000,-0.013640083372592926,0.017000000923871994
5257,2.6285000,-0.013199387118220329,0.017300000414252281
5258,2.6290000,-0.012764371931552887,0.017599999904632568
5259,2.6295000,-0.012335391715168953,0.017899999395012856
5260,2.6300000,-0.011910612694919109,0.018200000748038292
5261,2.6305000,-0.011489426717162132,0.018500000238418579
5262,2.6310000,-0.011072807013988495,0.018899999558925629
5263,2.6315000,-0.010660034604370594,0.019300000742077827
5264,2.6320000,-0.01024988479912281,0.019700000062584877
5265,2.6325000,-0.0098426491022109985,0.020099999383091927
5266,2.6330000,-0.0094402488321065903,0.020600000396370888
5267,2.6335000,-0.0090438947081565857,0.0210999995470047
5268,2.6340000,-0.0086531154811382294,0.021600000560283661
5269,2.6345000,-0.008267916738986969,0.022199999541044235
5270,2.6350000,-0.0078882863745093346,0.022800000384449959
5271,2.6355000,-0.0075134355574846268,0.023399999365210533
5272,2.6360000,-0.0071422997862100601,0.024100000038743019
5273,2.6365000,-0.0067738811485469341,0.024700000882148743
5274,2.6370000,-0.0064082732424139977,0.025499999523162842
5275,2.6375000,-0.0060457605868577957,0.026200000196695328
5276,2.6380000,-0.0056867212988436222,0.027000000700354576
5277,2.6385000,-0.0053315549157559872,0.027799999341368675
5278,2.6390000,-0.0049787578172981739,0.028699999675154686
5279,2.6395000,-0.004626772366464138,0.029500000178813934
5280,2.6400000,-0.0042753997258841991,0.030400000512599945
5281,2.6405000,-0.0039246310479938984,0.031399998813867569
5282,2.6410000,-0.0035739908926188946,0.03229999914765358
5283,2.6415000,-0.0032233297824859619,0.033300001174211502
5284,2.6420000,-0.0028737829998135567,0.034299999475479126
5285,2.6425000,-0.002525984076783061,0.035300001502037048
5286,2.6430000,-0.0021783981937915087,0.036400001496076584
5287,2.6435000,-0.0018289303407073021,0.037399999797344208
5288,2.6440000,-0.001477051991969347,0.038499999791383743
5289,2.6445000,-0.001122982706874609,0.039599999785423279
5290,2.6450000,-0.00076669780537486076,0.040600001811981201
5291,2.6455000,-0.00040894979611039162,0.041700001806020737
5292,2.6460000,-5.1001552492380142e-05,0.042800001800060272
5293,2.6465000,0.00030774186598137021,0.043900001794099808
5294,2.6470000,0.00066891754977405071,0.045000001788139343
5295,2.6475000,0.001033128472045064,0.046000000089406967
5296,2.6480000,0.0014004907570779324,0.047100000083446503
5297,2.6485000,0.0017712131375446916,0.048099998384714127
5298,2.6490000,0.0021457804832607508,0.049199998378753662
5299,2.6495000,0.0025247423909604549,0.050200000405311584
5300,2.6500000,0.0029076854698359966,0.051199998706579208
5301,2.6505000,0.0032935179769992828,0.052200000733137131
5302,2.6510000,0.0036821593530476093,0.053100001066923141
5303,2.6515000,0.0040744533762335777,0.054099999368190765
5304,2.6520000,0.0044708154164254665,0.054999999701976776
5305,2.6525000,0.0048701111227273941,0.055900000035762787
5306,2.6530000,0.0052706957794725895,0.056699998676776886
5307,2.6535000,0.0056722736917436123,0.057500001043081284
5308,2.6540000,0.006074155680835247,0.058299999684095383
5309,2.6545000,0.0064746541902422905,0.059099998325109482
5310,2.6550000,0.0068732202053070068,0.059799998998641968
5311,2.6555000,0.0072707142680883408,0.060600001364946365
5312,2.6560000,0.0076684104278683662,0.06120000034570694
5313,2.6565000,0.0080656297504901886,0.061900001019239426
5314,2.6570000,0.0084612863138318062,0.0625
5315,2.6575000,0.0088559286668896675,0.063100002706050873
5316,2.6580000,0.0092491786926984787,0.063600003719329834
5317,2.6585000,0.0096402764320373535,0.064099997282028198
5318,2.6590000,0.01002946775406599,0.064599998295307159
5319,2.6595000,0.010417427867650986,0.065099999308586121
5320,2.6600000,0.010805573314428329,0.06549999862909317
5321,2.6605000,0.01119497325271368,0.06589999794960022
5322,2.6610000,0.011585294269025326,0.066299997270107269
5323,2.6615000,0.011976332403719425,0.066600002348423004
5324,2.6620000,0.012367446906864643,0.066899999976158142
5325,2.6625000,0.012757577002048492,0.06719999760389328
5326,2.6630000,0.013146619312465191,0.067500002682209015
5327,2.6635000,0.013535345904529095,0.067699998617172241
5328,2.6640000,0.01392537634819746,0.068000003695487976
5329,2.6645000,0.01431724987924099,0.068199999630451202
5330,2.6650000,0.014710881747305393,0.068400003015995026
5331,2.6655000,0.015106170438230038,0.06849999725818634
5332,2.6660000,0.01550078671425581,0.068700000643730164
5333,2.6665000,0.015893779695034027,0.068800002336502075
5334,2.6670000,0.016287067905068398,0.06889999657869339
5335,2.6675000,0.016681347042322159,0.069099999964237213
5336,2.6680000,0.017076548188924789,0.069099999964237213
5337,2.6685000,0.017472442239522934,0.069200001657009125
5338,2.6690000,0.017869101837277412,0.069300003349781036
5339,2.6695000,0.018267640843987465,0.069399997591972351
5340,2.6700000,0.018667746335268021,0.069399997591972351
5341,2.6705000,0.019069325178861618,0.069499999284744263
5342,2.6710000,0.019474389031529427,0.069499999284744263
5343,2.6715000,0.019884008914232254,0.069499999284744263
5344,2.6720000,0.020297728478908539,0.069600000977516174
5345,2.6725000,0.020713742822408676,0.069600000977516174
5346,2.6730000,0.021130455657839775,0.069600000977516174
5347,2.6735000,0.021547911688685417,0.069600000977516174
5348,2.6740000,0.021965848281979561,0.069600000977516174
5349,2.6745000,0.022385040298104286,0.069600000977516174
5350,2.6750000,0.022807717323303223,0.069600000977516174
5351,2.6755000,0.023235667496919632,0.069600000977516174
5352,2.6760000,0.023668598383665085,0.069600000977516174
5353,2.6765000,0.024102138355374336,0.069600000977516174
5354,2.6770000,0.024532344192266464,0.069600000977516174
5355,2.6775000,0.024960048496723175,0.069600000977516174
5356,2.6780000,0.025386877357959747,0.069600000977516174
5357,2.6785000,0.025812964886426926,0.069600000977516174
5358,2.6790000,0.026238908991217613,0.069600000977516174
5359,2.6795000,0.026666263118386269,0.069600000977516174
5360,2.6800000,0.027096468955278397,0.069700002670288086
5361,2.6805000,0.027528436854481697,0.069700002670288086
5362,2.6810000,0.027959464117884636,0.069700002670288086
5363,2.6815000,0.028389330953359604,0.069700002670288086
5364,2.6820000,0.028817782178521156,0.069799996912479401
5365,2.6825000,0.029243947938084602,0.069799996912479401
5366,2.6830000,0.029670754447579384,0.069899998605251312
5367,2.6835000,0.030101524665951729,0.070000000298023224
5368,2.6840000,0.030539024621248245,0.070100001990795135
5369,2.6845000,0.030986631289124489,0.070200003683567047
5370,2.6850000,0.031444132328033447,0.070299997925758362
5371,2.6855000,0.031911447644233704,0.070399999618530273
5372,2.6860000,0.032389253377914429,0.070600003004074097
5373,2.6865000,0.032875433564186096,0.070699997246265411
5374,2.6870000,0.03336932510137558,0.070900000631809235
5375,2.6875000,0.033872377127408981,0.071099996566772461
5376,2.6880000,0.034385539591312408,0.071299999952316284
5377,2.6885000,0.034907516092061996,0.071599997580051422
5378,2.6890000,0.035435657948255539,0.071800000965595245
5379,2.6895000,0.03596893697977066,0.072099998593330383
5380,2.6900000,0.036505516618490219,0.072400003671646118
5381,2.6905000,0.037041913717985153,0.072700001299381256
5382,2.6910000,0.037576813250780106,0.073100000619888306
5383,2.6915000,0.038110841065645218,0.073399998247623444
5384,2.6920000,0.03864419087767601,0.073799997568130493
5385,2.6925000,0.039175935089588165,0.074299998581409454
5386,2.6930000,0.039704687893390656,0.074699997901916504
5387,2.6935000,0.040229737758636475,0.075199998915195465
5388,2.6940000,0.040749907493591309,0.075599998235702515
5389,2.6945000,0.041263360530138016,0.076200000941753387
5390,2.6950000,0.041769303381443024,0.076700001955032349
5391,2.6955000,0.042267538607120514,0.07720000296831131
5392,2.6960000,0.042759295552968979,0.077799998223781586
5393,2.6965000,0.043248184025287628,0.078400000929832458
5394,2.6970000,0.043737120926380157,0.079000003635883331
5395,2.6975000,0.044225245714187622,0.079700000584125519
5396,2.6980000,0.044709425419569016,0.080300003290176392
5397,2.6985000,0.045188210904598236,0.081000000238418579
5398,2.6990000,0.045662779361009598,0.081699997186660767
5399,2.6995000,0.046133704483509064,0.082400001585483551
5400,2.7000000,0.046599805355072021,0.083099998533725739
5401,2.7005000,0.047061335295438766,0.083800002932548523
5402,2.7010000,0.047519434243440628,0.084600001573562622
5403,2.7015000,0.047974284738302231,0.08529999852180481
5404,2.7020000,0.048425618559122086,0.086000002920627594
5405,2.7025000,0.048872038722038269,0.086800001561641693
5406,2.7030000,0.049314547330141068,0.087499998509883881
5407,2.7035000,0.049755159765481949,0.08829999715089798
5408,2.7040000,0.050190713256597519,0.089000001549720764
5409,2.7045000,0.05061635747551918,0.089800000190734863
5410,2.7050000,0.051030278205871582,0.090499997138977051
5411,2.7055000,0.051433566957712173,0.091200001537799835
5412,2.7060000,0.051827799528837204,0.091899998486042023
5413,2.7065000,0.052213020622730255,0.092600002884864807
5414,2.7070000,0.052590098232030869,0.093299999833106995
5415,2.7075000,0.052959967404603958,0.093999996781349182
5416,2.7080000,0.053321518003940582,0.094599999487400055
5417,2.7085000,0.053673435002565384,0.095200002193450928
5418,2.7090000,0.054014332592487335,0.095799997448921204
5419,2.7095000,0.054344858974218369,0.096400000154972076
5420,2.7100000,0.054666884243488312,0.096900001168251038
5421,2.7105000,0.054980382323265076,0.097400002181529999
5422,2.7110000,0.055285938084125519,0.09790000319480896
5423,2.7115000,0.055584240704774857,0.09830000251531601
5424,2.7120000,0.055876787751913071,0.098800003528594971
5425,2.7125000,0.056166484951972961,0.099100001156330109
5426,2.7130000,0.056453492492437363,0.099500000476837158
5427,2.7135000,0.056737352162599564,0.099799998104572296
5428,2.7140000,0.057018738240003586,0.10000000149011612
5429,2.7145000,0.057297620922327042,0.10019999742507935
5430,2.7150000,0.057573042809963226,0.10040000081062317
5431,2.7155000,0.057844702154397964,0.1005999967455864
5432,2.7160000,0.058114387094974518,0.1005999967455864
5433,2.7165000,0.058384105563163757,0.10069999843835831
5434,2.7170000,0.0586545430123806,0.10069999843835831
5435,2.7175000,0.058924585580825806,0.10069999843835831
5436,2.7180000,0.059193264693021774,0.1005999967455864
5437,2.7185000,0.059461794793605804,0.10050000250339508
5438,2.7190000,0.059730302542448044,0.10040000081062317
5439,2.7195000,0.059996999800205231,0.10019999742507935
5440,2.7200000,0.060261961072683334,0.10000000149011612
5441,2.7205000,0.060527268797159195,0.099699996411800385
5442,2.7210000,0.06079363077878952,0.099399998784065247
5443,2.7215000,0.061059817671775818,0.099100001156330109
5444,2.7220000,0.061325099319219589,0.098800003528594971
5445,2.7225000,0.061589937657117844,0.098399996757507324
5446,2.7230000,0.061853308230638504,0.097999997437000275
5447,2.7235000,0.062112778425216675,0.097499996423721313
5448,2.7240000,0.062370084226131439,0.097099997103214264
5449,2.7245000,0.062630906701087952,0.0966000035405159
5450,2.7250000,0.062897279858589172,0.096100002527236938
5451,2.7255000,0.063165932893753052,0.095499999821186066
5452,2.7260000,0.063434317708015442,0.094999998807907104
5453,2.7265000,0.063702970743179321,0.094499997794628143
5454,2.7270000,0.063971728086471558,0.093900002539157867
5455,2.7275000,0.064239293336868286,0.093299999833106995
5456,2.7280000,0.064504250884056091,0.092699997127056122
5457,2.7285000,0.064764887094497681,0.092200003564357758
5458,2.7290000,0.065020456910133362,0.091600000858306885
5459,2.7295000,0.065270587801933289,0.090999998152256012
5460,2.7300000,0.065515279769897461,0.090400002896785736
5461,2.7305000,0.065755762159824371,0.089900001883506775
5462,2.7310000,0.065993733704090118,0.089299999177455902
5463,2.7315000,0.06622893363237381,0.088799998164176941
5464,2.7320000,0.066458851099014282,0.08829999715089798
5465,2.7325000,0.066681936383247375,0.087800003588199615
5466,2.7330000,0.06689751148223877,0.087300002574920654
5467,2.7335000,0.06710582971572876,0.086800001561641693
5468,2.7340000,0.067309468984603882,0.086400002241134644
5469,2.7345000,0.06751115620136261,0.086000002920627594
5470,2.7350000,0.067712277173995972,0.085600003600120544
5471,2.7355000,0.067912787199020386,0.085199996829032898
5472,2.7360000,0.068109989166259766,0.08489999920129776
5473,2.7365000,0.068299718201160431,0.084600001573562622
5474,2.7370000,0.068480364978313446,0.084399998188018799
5475,2.7375000,0.068652912974357605,0.084200002253055573
5476,2.7380000,0.068820655345916748,0.083999998867511749
5477,2.7385000,0.068987362086772919,0.083899997174739838
5478,2.7390000,0.069152608513832092,0.083800002932548523
5479,2.7395000,0.069314323365688324,0.083800002932548523
5480,2.7400000,0.069471821188926697,0.083800002932548523
5481,2.7405000,0.069625042378902435,0.083800002932548523
5482,2.7410000,0.069773919880390167,0.083899997174739838
5483,2.7415000,0.069917745888233185,0.083999998867511749
5484,2.7420000,0.070058293640613556,0.084200002253055573
5485,2.7425000,0.070198275148868561,0.084399998188018799
5486,2.7430000,0.070336036384105682,0.084700003266334534
5487,2.7435000,0.07046932727098465,0.085000000894069672
5488,2.7440000,0.070598192512989044,0.085400000214576721
5489,2.7445000,0.070722900331020355,0.085699997842311859
5490,2.7450000,0.070843823254108429,0.08619999885559082
5491,2.7455000,0.070961691439151764,0.08659999817609787
5492,2.7460000,0.071078605949878693,0.087200000882148743
5493,2.7465000,0.071196727454662323,0.087700001895427704
5494,2.7470000,0.071315139532089233,0.08829999715089798
5495,2.7475000,0.071432195603847504,0.088899999856948853
5496,2.7480000,0.071547366678714752,0.089500002562999725
5497,2.7485000,0.071660131216049194,0.090199999511241913
5498,2.7490000,0.071769773960113525,0.0908999964594841
5499,2.7495000,0.071876615285873413,0.091600000858306885
5500,2.7500000,0.071983270347118378,0.092299997806549072
5501,2.7505000,0.072090581059455872,0.093000002205371857
5502,2.7510000,0.072197422385215759,0.093800000846385956
5503,2.7515000,0.072303615510463715,0.094599999487400055
5504,2.7520000,0.072408966720104218,0.095399998128414154
5505,2.7525000,0.072514660656452179,0.096100002527236938
5506,2.7530000,0.072622954845428467,0.096900001168251038
5507,2.7535000,0.072734370827674866,0.097699999809265137
5508,2.7540000,0.072848699986934662,0.098499998450279236
5509,2.7545000,0.072965145111083984,0.099299997091293335
5510,2.7550000,0.073082037270069122,0.10010000318288803
5511,2.7555000,0.073198601603507996,0.10080000013113022
5512,2.7560000,0.073315717279911041,0.10159999877214432
5513,2.7565000,0.073435135185718536,0.1023000031709671
5514,2.7570000,0.073557548224925995,0.10300000011920929
5515,2.7575000,0.073682717978954315,0.10369999706745148
5516,2.7580000,0.073811337351799011,0.10440000146627426
5517,2.7585000,0.073944114148616791,0.10509999841451645
5518,2.7590000,0.074079573154449463,0.10570000112056732
5519,2.7595000,0.074216492474079132,0.1062999963760376
5520,2.7600000,0.074355058372020721,0.10689999908208847
5521,2.7605000,0.074494302272796631,0.10740000009536743
5522,2.7610000,0.074634142220020294,0.1080000028014183
5523,2.7615000,0.074776120483875275,0.10840000212192535
5524,2.7620000,0.074920043349266052,0.10890000313520432
5525,2.7625000,0.075064495205879211,0.10930000245571136
5526,2.7630000,0.075208276510238647,0.10970000177621841
5527,2.7635000,0.075351208448410034,0.11010000109672546
5528,2.7640000,0.075493946671485901,0.1103999987244606
5529,2.7645000,0.075636826455593109,0.11069999635219574
5530,2.7650000,0.075781218707561493,0.11100000143051147
5531,2.7655000,0.075929321348667145,0.1111999973654747
5532,2.7660000,0.076081007719039917,0.11140000075101852
5533,2.7665000,0.076233938336372375,0.11159999668598175
5534,2.7670000,0.076387874782085419,0.11180000007152557
5535,2.7675000,0.076544046401977539,0.11190000176429749
5536,2.7680000,0.076703675091266632,0.1120000034570694
5537,2.7685000,0.076869696378707886,0.11209999769926071
5538,2.7690000,0.077044226229190826,0.11209999769926071
5539,2.7695000,0.077227286994457245,0.11209999769926071
5540,2.7700000,0.077416151762008667,0.11209999769926071
5541,2.7705000,0.077606365084648132,0.11209999769926071
5542,2.7710000,0.077796600759029388,0.11209999769926071
5543,2.7715000,0.077986568212509155,0.11209999769926071
5544,2.7720000,0.078175157308578491,0.1120000034570694
5545,2.7725000,0.078363291919231415,0.1120000034570694
5546,2.7730000,0.078553095459938049,0.11190000176429749
5547,2.7735000,0.078745849430561066,0.11180000007152557
5548,2.7740000,0.078940063714981079,0.11180000007152557
5549,2.7745000,0.079131685197353363,0.11169999837875366
5550,2.7750000,0.079319991171360016,0.11159999668598175
5551,2.7755000,0.079505652189254761,0.11150000244379044
5552,2.7760000,0.079688437283039093,0.11150000244379044
5553,2.7765000,0.079869195818901062,0.11140000075101852
5554,2.7770000,0.080048203468322754,0.11129999905824661
5555,2.7775000,0.080225639045238495,0.11129999905824661
5556,2.7780000,0.080400928854942322,0.1111999973654747
5557,2.7785000,0.080573849380016327,0.1111999973654747
5558,2.7790000,0.08074544370174408,0.1111999973654747
5559,2.7795000,0.080916315317153931,0.1111999973654747
5560,2.7800000,0.08108607679605484,0.1111999973654747
5561,2.7805000,0.081253178417682648,0.1111999973654747
5562,2.7810000,0.081416130065917969,0.1111999973654747
5563,2.7815000,0.081574790179729462,0.11129999905824661
5564,2.7820000,0.081730872392654419,0.11129999905824661
5565,2.7825000,0.081884227693080902,0.11140000075101852
5566,2.7830000,0.082031078636646271,0.11150000244379044
5567,2.7835000,0.082169219851493835,0.11159999668598175
5568,2.7840000,0.082298852503299713,0.11169999837875366
5569,2.7845000,0.082421235740184784,0.11190000176429749
5570,2.7850000,0.082537233829498291,0.1120000034570694
5571,2.7855000,0.082646116614341736,0.11219999939203262
5572,2.7860000,0.082748927175998688,0.11230000108480453
5573,2.7865000,0.08284682035446167,0.11249999701976776
5574,2.7870000,0.082937389612197876,0.11270000040531158
5575,2.7875000,0.083018913865089417,0.11289999634027481
5576,2.7880000,0.083092324435710907,0.11299999803304672
5577,2.7885000,0.083158224821090698,0.11320000141859055
5578,2.7890000,0.083216510713100433,0.11349999904632568
5579,2.7895000,0.083267956972122192,0.11370000243186951
5580,2.7900000,0.083313964307308197,0.11389999836683273
5581,2.7905000,0.083355434238910675,0.11410000175237656
5582,2.7910000,0.083393968641757965,0.11429999768733978
5583,2.7915000,0.083430163562297821,0.11450000107288361
5584,2.7920000,0.083463162183761597,0.11469999700784683
5585,2.7925000,0.083492062985897064,0.11490000039339066
5586,2.7930000,0.083515584468841553,0.11509999632835388
5587,2.7935000,0.083534233272075653,0.11519999802112579
5588,2.7940000,0.083548896014690399,0.11540000140666962
5589,2.7945000,0.083559408783912659,0.11559999734163284
5590,2.7950000,0.083566725254058838,0.11569999903440475
5591,2.7955000,0.083573497831821442,0.11590000241994858
5592,2.7960000,0.083581730723381042,0.11599999666213989
5593,2.7965000,0.083589285612106323,0.1160999983549118
5594,2.7970000,0.083592638373374939,0.11630000174045563
5595,2.7975000,0.083591297268867493,0.11640000343322754
5596,2.7980000,0.083585463464260101,0.11649999767541885
5597,2.7985000,0.083573095500469208,0.11649999767541885
5598,2.7990000,0.08355383574962616,0.11659999936819077
5599,2.7995000,0.083532035350799561,0.11670000106096268
5600,2.8000000,0.08351319283246994,0.11670000106096268
5601,2.8005000,0.083500199019908905,0.11680000275373459
5602,2.8010000,0.083492860198020935,0.11680000275373459
5603,2.8015000,0.083490923047065735,0.1168999969959259
5604,2.8020000,0.083494745194911957,0.1168999969959259
5605,2.8025000,0.083502985537052155,0.1168999969959259
5606,2.8030000,0.083512924611568451,0.1168999969959259
5607,2.8035000,0.083525054156780243,0.1168999969959259
5608,2.8040000,0.083543211221694946,0.1168999969959259
5609,2.8045000,0.08356870710849762,0.1168999969959259
5610,2.8050000,0.083600200712680817,0.1168999969959259
5611,2.8055000,0.083637766540050507,0.1168999969959259
5612,2.8060000,0.083681195974349976,0.1168999969959259
5613,2.8065000,0.083727829158306122,0.1168999969959259
5614,2.8070000,0.083776220679283142,0.1168999969959259
5615,2.8075000,0.083827346563339233,0.1168999969959259
5616,2.8080000,0.083882585167884827,0.11680000275373459
5617,2.8085000,0.083941981196403503,0.11680000275373459
5618,2.8090000,0.084004051983356476,0.11680000275373459
5619,2.8095000,0.084068551659584045,0.11680000275373459
5620,2.8100000,0.084135286509990692,0.11680000275373459
5621,2.8105000,0.084201529622077942,0.1168999969959259
5622,2.8110000,0.084265716373920441,0.1168999969959259
5623,2.8115000,0.084328778088092804,0.1168999969959259
5624,2.8120000,0.084388792514801025,0.1168999969959259
5625,2.8125000,0.084441743791103363,0.11699999868869781
5626,2.8130000,0.084486521780490875,0.11699999868869781
5627,2.8135000,0.084523670375347137,0.11710000038146973
5628,2.8140000,0.084553107619285583,0.11710000038146973
5629,2.8145000,0.084572315216064453,0.11720000207424164
5630,2.8150000,0.084578320384025574,0.11729999631643295
5631,2.8155000,0.084572590887546539,0.11729999631643295
5632,2.8160000,0.084558695554733276,0.11739999800920486
5633,2.8165000,0.084536224603652954,0.11749999970197678
5634,2.8170000,0.0845046266913414,0.11760000139474869
5635,2.8175000,0.084467336535453796,0.1177000030875206
5636,2.8180000,0.084425091743469238,0.11779999732971191
5637,2.8185000,0.084374599158763885,0.11789999902248383
5638,2.8190000,0.084314018487930298,0.11800000071525574
5639,2.8195000,0.084246024489402771,0.11810000240802765
5640,2.8200000,0.084174275398254395,0.11819999665021896
5641,2.8205000,0.084098421037197113,0.11829999834299088
5642,2.8210000,0.084018304944038391,0.1185000017285347
5643,2.8215000,0.083935216069221497,0.11860000342130661
5644,2.8220000,0.083848699927330017,0.11869999766349792
5645,2.8225000,0.083759546279907227,0.11879999935626984
5646,2.8230000,0.083669811487197876,0.11890000104904175
5647,2.8235000,0.083580546081066132,0.11900000274181366
5648,2.8240000,0.083492808043956757,0.11909999698400497
5649,2.8245000,0.083406820893287659,0.11909999698400497
5650,2.8250000,0.083323210477828979,0.11919999867677689
5651,2.8255000,0.083242520689964294,0.1193000003695488
5652,2.8260000,0.083163313567638397,0.1193000003695488
5653,2.8265000,0.08308633416891098,0.1193000003695488
5654,2.8270000,0.083013288676738739,0.11940000206232071
5655,2.8275000,0.082944139838218689,0.11940000206232071
5656,2.8280000,0.082879394292831421,0.11940000206232071
5657,2.8285000,0.082818992435932159,0.1193000003695488
5658,2.8290000,0.082762852311134338,0.1193000003695488
5659,2.8295000,0.082711987197399139,0.11919999867677689
5660,2.8300000,0.082665152847766876,0.11909999698400497
5661,2.8305000,0.082619898021221161,0.11900000274181366
5662,2.8310000,0.082575999200344086,0.11890000104904175
5663,2.8315000,0.082533039152622223,0.11869999766349792
5664,2.8320000,0.082491293549537659,0.11860000342130661
5665,2.8325000,0.082452341914176941,0.11840000003576279
5666,2.8330000,0.082414790987968445,0.11810000240802765
5667,2.8335000,0.082377754151821136,0.11789999902248383
5668,2.8340000,0.082341350615024567,0.11760000139474869
5669,2.8345000,0.082304134964942932,0.11729999631643295
5670,2.8350000,0.08226553350687027,0.11699999868869781
5671,2.8355000,0.0822257399559021,0.11670000106096268
5672,2.8360000,0.082185536623001099,0.11630000174045563
5673,2.8365000,0.08214481920003891,0.11590000241994858
5674,2.8370000,0.082100145518779755,0.11550000309944153
5675,2.8375000,0.082049734890460968,0.11509999632835388
5676,2.8380000,0.081994280219078064,0.11460000276565552
5677,2.8385000,0.081932514905929565,0.11420000344514847
5678,2.8390000,0.081863097846508026,0.11370000243186951
5679,2.8395000,0.081786200404167175,0.11320000141859055
5680,2.8400000,0.081703566014766693,0.11259999871253967
5681,2.8405000,0.081617563962936401,0.11209999769926071
5682,2.8410000,0.081529229879379272,0.11150000244379044
5683,2.8415000,0.081438250839710236,0.11100000143051147
5684,2.8420000,0.081343553960323334,0.1103999987244606
5685,2.8425000,0.081243202090263367,0.10980000346899033
5686,2.8430000,0.081135906279087067,0.10920000076293945
5687,2.8435000,0.08102407306432724,0.10869999974966049
5688,2.8440000,0.080910272896289825,0.10809999704360962
5689,2.8445000,0.080793894827365875,0.10750000178813934
5690,2.8450000,0.080675721168518066,0.10689999908208847
5691,2.8455000,0.08055558055639267,0.1062999963760376
5692,2.8460000,0.080430589616298676,0.10580000281333923
5693,2.8465000,0.080299727618694305,0.10520000010728836
5694,2.8470000,0.080163873732089996,0.1046999990940094
5695,2.8475000,0.08002568781375885,0.10409999638795853
5696,2.8480000,0.079888857901096344,0.10360000282526016
5697,2.8485000,0.079754479229450226,0.10320000350475311
5698,2.8490000,0.079622447490692139,0.10270000249147415
5699,2.8495000,0.079493463039398193,0.1023000031709671
5700,2.8500000,0.079367697238922119,0.10189999639987946
5701,2.8505000,0.079244472086429596,0.10149999707937241
5702,2.8510000,0.079121902585029602,0.10119999945163727
5703,2.8515000,0.079000264406204224,0.10090000182390213
5704,2.8520000,0.078882917761802673,0.10069999843835831
5705,2.8525000,0.078773751854896545,0.10050000250339508
5706,2.8530000,0.078675046563148499,0.10029999911785126
5707,2.8535000,0.078586973249912262,0.10019999742507935
5708,2.8540000,0.078511111438274384,0.10019999742507935
5709,2.8545000,0.078449010848999023,0.10019999742507935
5710,2.8550000,0.078398898243904114,0.10019999742507935
5711,2.8555000,0.078357703983783722,0.10040000081062317
5712,2.8560000,0.078324489295482635,0.10050000250339508
5713,2.8565000,0.078301429748535156,0.10069999843835831
5714,2.8570000,0.078292310237884521,0.10100000351667404
5715,2.8575000,0.078300885856151581,0.10140000283718109
5716,2.8580000,0.07832789421081543,0.10180000215768814
5717,2.8585000,0.078372016549110413,0.10220000147819519
5718,2.8590000,0.078435510396957397,0.10279999673366547
5719,2.8595000,0.078521519899368286,0.10329999774694443
5720,2.8600000,0.078629910945892334,0.10400000214576721
5721,2.8605000,0.07876037061214447,0.1046999990940094
5722,2.8610000,0.07891344279050827,0.1054999977350235
5723,2.8615000,0.079090431332588196,0.1062999963760376
5724,2.8620000,0.079293757677078247,0.10710000246763229
5725,2.8625000,0.079525329172611237,0.10809999704360962
5726,2.8630000,0.079785630106925964,0.10899999737739563
5727,2.8635000,0.080074042081832886,0.11010000109672546
5728,2.8640000,0.080389522016048431,0.1111999973654747
5729,2.8645000,0.080730341374874115,0.11230000108480453
5730,2.8650000,0.081097185611724854,0.11339999735355377
5731,2.8655000,0.081491127610206604,0.11460000276565552
5732,2.8660000,0.08191390335559845,0.11590000241994858
5733,2.8665000,0.082373291254043579,0.11720000207424164
5734,2.8670000,0.082872450351715088,0.1185000017285347
5735,2.8675000,0.083408571779727936,0.11980000138282776
5736,2.8680000,0.08398224413394928,0.12120000272989273
5737,2.8685000,0.084593936800956726,0.12259999662637711
5738,2.8690000,0.085243582725524902,0.12399999797344208
5739,2.8695000,0.085933201014995575,0.12540000677108765
5740,2.8700000,0.086667522788047791,0.12680000066757202
5741,2.8705000,0.087452240288257599,0.1281999945640564
5742,2.8710000,0.088285364210605621,0.12970000505447388
5743,2.8715000,0.089161291718482971,0.13109999895095825
5744,2.8720000,0.090080522000789642,0.13249999284744263
5745,2.8725000,0.09104311466217041,0.1339000016450882
5746,2.8730000,0.092046245932579041,0.13529999554157257
5747,2.8735000,0.093088865280151367,0.13670000433921814
5748,2.8740000,0.094171389937400818,0.13809999823570251
5749,2.8745000,0.09529423713684082,0.13950000703334808
5750,2.8750000,0.096453800797462463,0.14079999923706055
5751,2.8755000,0.09764573723077774,0.1421000063419342
5752,2.8760000,0.098871588706970215,0.14339999854564667
5753,2.8765000,0.10013549774885178,0.14470000565052032
5754,2.8770000,0.1014384850859642,0.14589999616146088
5755,2.8775000,0.10277801007032394,0.14710000157356262
5756,2.8780000,0.10415282845497131,0.14830000698566437
5757,2.8785000,0.10556221008300781,0.14939999580383301
5758,2.8790000,0.1070033386349678,0.15049999952316284
5759,2.8795000,0.10847298800945282,0.15150000154972076
5760,2.8800000,0.10996626317501068,0.1526000052690506
5761,2.8805000,0.11148032546043396,0.15360000729560852
5762,2.8810000,0.11301789432764053,0.15449999272823334
5763,2.8815000,0.11457916349172592,0.15549999475479126
5764,2.8820000,0.11615995317697525,0.15639999508857727
5765,2.8825000,0.11775749921798706,0.15719999372959137
5766,2.8830000,0.1193697452545166,0.15809999406337738
5767,2.8835000,0.12099616229534149,0.15889999270439148
5768,2.8840000,0.12263591587543488,0.15970000624656677
5769,2.8845000,0.12428952008485794,0.16050000488758087
5770,2.8850000,0.12596181035041809,0.16130000352859497
5771,2.8855000,0.12765000760555267,0.16210000216960907
5772,2.8860000,0.12934648990631104,0.16279999911785126
5773,2.8865000,0.1310478150844574,0.16359999775886536
5774,2.8870000,0.13275080919265747,0.16439999639987946
5775,2.8875000,0.13445477187633514,0.16509999334812164
5776,2.8880000,0.13616344332695007,0.16590000689029694
5777,2.8885000,0.13788115978240967,0.16670000553131104
5778,2.8890000,0.13961037993431091,0.16750000417232513
5779,2.8895000,0.14134901762008667,0.16840000450611115
5780,2.8900000,0.14309301972389221,0.16920000314712524
5781,2.8905000,0.14484201371669769,0.17010000348091125
5782,2.8910000,0.14659321308135986,0.17110000550746918
5783,2.8915000,0.14834249019622803,0.17209999263286591
5784,2.8920000,0.15008945763111115,0.17309999465942383
5785,2.8925000,0.15183153748512268,0.17419999837875366
5786,2.8930000,0.15356378257274628,0.1753000020980835
5787,2.8935000,0.1552804708480835,0.17649999260902405
5788,2.8940000,0.15698146820068359,0.17769999802112579
5789,2.8945000,0.15867020189762115,0.17900000512599945
5790,2.8950000,0.16034555435180664,0.18039999902248383
5791,2.8955000,0.16200968623161316,0.18189999461174011
5792,2.8960000,0.16366805136203766,0.18340000510215759
5793,2.8965000,0.16532072424888611,0.18500000238418579
5794,2.8970000,0.166966512799263,0.1867000013589859
5795,2.8975000,0.16860844194889069,0.18850000202655792
5796,2.8980000,0.17025049030780792,0.19030000269412994
5797,2.8985000,0.17189393937587738,0.19230000674724579
5798,2.8990000,0.17353597283363342,0.19429999589920044
5799,2.8995000,0.1751740425825119,0.1964000016450882
5800,2.9000000,0.17680789530277252,0.19859999418258667
5801,2.9005000,0.17843863368034363,0.20080000162124634
5802,2.9010000,0.18007093667984009,0.20319999754428864
5803,2.9015000,0.18171000480651855,0.20559999346733093
5804,2.9020000,0.18336056172847748,0.20810000598430634
5805,2.9025000,0.18502789735794067,0.21070000529289246
5806,2.9030000,0.18671315908432007,0.21340000629425049
5807,2.9035000,0.18841356039047241,0.21610000729560852
5808,2.9040000,0.19013071060180664,0.21889999508857727
5809,2.9045000,0.19186809659004211,0.22169999778270721
5810,2.9050000,0.19362588226795197,0.22470000386238098
5811,2.9055000,0.19540517032146454,0.22759999334812164
5812,2.9060000,0.19720634818077087,0.23070000112056732
5813,2.9065000,0.19903330504894257,0.23370000720024109
5814,2.9070000,0.20088919997215271,0.23680000007152557
5815,2.9075000,0.20276890695095062,0.23999999463558197
5816,2.9080000,0.20466694235801697,0.24310000240802765
5817,2.9085000,0.20657758414745331,0.24629999697208405
5818,2.9090000,0.20849896967411041,0.24950000643730164
5819,2.9095000,0.21043504774570465,0.25270000100135803
5820,2.9100000,0.21238602697849274,0.25589999556541443
5821,2.9105000,0.21435032784938812,0.25909999012947083
5822,2.9110000,0.21632470190525055,0.26230001449584961
5823,2.9115000,0.21830269694328308,0.26550000905990601
5824,2.9120000,0.2202775627374649,0.2685999870300293
5825,2.9125000,0.22224231064319611,0.27160000801086426
5826,2.9130000,0.22419244050979614,0.27459999918937683
5827,2.9135000,0.2261289656162262,0.2775999903678894
5828,2.9140000,0.22805584967136383,0.28049999475479126
5829,2.9145000,0.22997185587882996,0.2833000123500824
5830,2.9150000,0.23186776041984558,0.28600001335144043
5831,2.9155000,0.23373667895793915,0.28859999775886536
5832,2.9160000,0.23558138310909271,0.29109999537467957
5833,2.9165000,0.23740698397159576,0.29350000619888306
5834,2.9170000,0.23921327292919159,0.29580000042915344
5835,2.9175000,0.24100068211555481,0.29789999127388
5836,2.9180000,0.24277369678020477,0.29989999532699585
5837,2.9185000,0.24452941119670868,0.30180001258850098
5838,2.9190000,0.24625445902347565,0.30349999666213989
5839,2.9195000,0.24793699383735657,0.30500000715255737
5840,2.9200000,0.24957118928432465,0.30640000104904175
5841,2.9205000,0.2511516809463501,0.3075999915599823
5842,2.9210000,0.25267553329467773,0.30860000848770142
5843,2.9215000,0.25414454936981201,0.30939999222755432
5844,2.9220000,0.25556138157844543,0.31009998917579651
5845,2.9225000,0.25692605972290039,0.31049999594688416
5846,2.9230000,0.25823250412940979,0.3107999861240387
5847,2.9235000,0.25947102904319763,0.3107999861240387
5848,2.9240000,0.26063203811645508,0.31060001254081726
5849,2.9245000,0.26170742511749268,0.31020000576972961
5850,2.9250000,0.26269745826721191,0.30959999561309814
5851,2.9255000,0.26360869407653809,0.30880001187324524
5852,2.9260000,0.26444485783576965,0.30770000815391541
5853,2.9265000,0.26520460844039917,0.30649998784065247
5854,2.9270000,0.26587986946105957,0.30500000715255737
5855,2.9275000,0.26646199822425842,0.30329999327659607
5856,2.9280000,0.26694232225418091,0.30129998922348022
5857,2.9285000,0.26731219887733459,0.29919999837875366
5858,2.9290000,0.26757234334945679,0.29679998755455017
5859,2.9295000,0.26772782206535339,0.29420000314712524
5860,2.9300000,0.26778054237365723,0.29139998555183411
5861,2.9305000,0.26773291826248169,0.28839999437332153
5862,2.9310000,0.2675841748714447,0.28519999980926514
5863,2.9315000,0.26732775568962097,0.28180000185966492
5864,2.9320000,0.2669563889503479,0.27820000052452087
5865,2.9325000,0.26646095514297485,0.27430000901222229
5866,2.9330000,0.26583600044250488,0.2703000009059906
5867,2.9335000,0.26508605480194092,0.26609998941421509
5868,2.9340000,0.26421695947647095,0.26179999113082886
5869,2.9345000,0.26323145627975464,0.25720000267028809
5870,2.9350000,0.26212924718856812,0.25249999761581421
5871,2.9355000,0.26090532541275024,0.24770000576972961
5872,2.9360000,0.25955849885940552,0.24259999394416809
5873,2.9365000,0.25809088349342346,0.23749999701976776
5874,2.9370000,0.25649979710578918,0.23219999670982361
5875,2.9375000,0.25478470325469971,0.22669999301433563
5876,2.9380000,0.25294685363769531,0.22120000422000885
5877,2.9385000,0.25098341703414917,0.21549999713897705
5878,2.9390000,0.24889470636844635,0.20980000495910645
5879,2.9395000,0.24668484926223755,0.20389999449253082
5880,2.9400000,0.24435728788375854,0.19789999723434448
5881,2.9405000,0.2419138103723526,0.19189999997615814
5882,2.9410000,0.23935408890247345,0.18580000102519989
5883,2.9415000,0.23667775094509125,0.17960000038146973
5884,2.9420000,0.23388609290122986,0.17339999973773956
5885,2.9425000,0.23098525404930115,0.16709999740123749
5886,2.9430000,0.22798265516757965,0.16079999506473541
5887,2.9435000,0.22488129138946533,0.15449999272823334
5888,2.9440000,0.22167782485485077,0.14810000360012054
5889,2.9445000,0.21836565434932709,0.14169999957084656
5890,2.9450000,0.21494361758232117,0.13529999554157257
5891,2.9455000,0.21141651272773743,0.12890000641345978
5892,2.9460000,0.20779244601726532,0.12250000238418579
5893,2.9465000,0.20407873392105103,0.1160999983549118
5894,2.9470000,0.2002740204334259,0.10980000346899033
5895,2.9475000,0.19637398421764374,0.10350000113248825
5896,2.9480000,0.19237901270389557,0.097199998795986176
5897,2.9485000,0.18829338252544403,0.0908999964594841
5898,2.9490000,0.18412160873413086,0.084700003266334534
5899,2.9495000,0.17986865341663361,0.07850000262260437
5900,2.9500000,0.17554080486297607,0.072400003671646118
5901,2.9505000,0.17114417254924774,0.066399998962879181
5902,2.9510000,0.16668610274791718,0.060400001704692841
5903,2.9515000,0.16217119991779327,0.054499998688697815
5904,2.9520000,0.15759971737861633,0.048599999397993088
5905,2.9525000,0.15297442674636841,0.042899999767541885
5906,2.9530000,0.1483001708984375,0.037200000137090683
5907,2.9535000,0.14357812702655792,0.031599998474121094
5908,2.9540000,0.13881324231624603,0.026100000366568565
5909,2.9545000,0.13401375710964203,0.02070000022649765
5910,2.9550000,0.12918415665626526,0.015300000086426735
5911,2.9555000,0.12432765960693359,0.010099999606609344
5912,2.9560000,0.11944729834794998,0.004999999888241291
5913,2.9565000,0.11454588174819946,-0
5914,2.9570000,0.10962826758623123,-0.0049000000581145287
5915,2.9575000,0.10470156371593475,-0.0097000002861022949
5916,2.9580000,0.099771402776241302,-0.014399999752640724
5917,2.9585000,0.094843894243240356,-0.018999999389052391
5918,2.9590000,0.089922703802585602,-0.023499999195337296
5919,2.9595000,0.085008963942527771,-0.027899999171495438
5920,2.9600000,0.080106869339942932,-0.032200001180171967
5921,2.9605000,0.075216732919216156,-0.036299999803304672
5922,2.9610000,0.070337437093257904,-0.040399998426437378
5923,2.9615000,0.065473109483718872,-0.044300001114606857
5924,2.9620000,0.06062866747379303,-0.048200000077486038
5925,2.9625000,0.055809393525123596,-0.051899999380111694
5926,2.9630000,0.051019620150327682,-0.055500000715255737
5927,2.9635000,0.046261563897132874,-0.059099998325109482
5928,2.9640000,0.04154030978679657,-0.0625
5929,2.9645000,0.036863859742879868,-0.065800003707408905
5930,2.9650000,0.032236009836196899,-0.068999998271465302
5931,2.9655000,0.027655426412820816,-0.072099998593330383
5932,2.9660000,0.023124206811189651,-0.075199998915195465
5933,2.9665000,0.018646728247404099,-0.078100003302097321
5934,2.9670000,0.014224184677004814,-0.081000000238418579
5935,2.9675000,0.0098573826253414154,-0.083700001239776611
5936,2.9680000,0.0055513205006718636,-0.086400002241134644
5937,2.9685000,0.0013147909194231033,-0.089000001549720764
5938,2.9690000,-0.0028486386872828007,-0.091499999165534973
5939,2.9695000,-0.006940559484064579,-0.093999996781349182
5940,2.9700000,-0.010962747968733311,-0.096400000154972076
5941,2.9705000,-0.01491717342287302,-0.098700001835823059
5942,2.9710000,-0.018803905695676804,-0.10100000351667404
5943,2.9715000,-0.022621020674705505,-0.10320000350475311
5944,2.9720000,-0.026365067809820175,-0.10530000180006027
5945,2.9725000,-0.030034346505999565,-0.10740000009536743
5946,2.9730000,-0.033631026744842529,-0.10949999839067459
5947,2.9735000,-0.037157785147428513,-0.11150000244379044
5948,2.9740000,-0.040615029633045197,-0.11339999735355377
5949,2.9745000,-0.044000212103128433,-0.11540000140666962
5950,2.9750000,-0.04730939120054245,-0.11720000207424164
5951,2.9755000,-0.050540700554847717,-0.11909999698400497
5952,2.9760000,-0.053698502480983734,-0.120899997651577
5953,2.9765000,-0.056790638715028763,-0.12269999831914902
5954,2.9770000,-0.05982043594121933,-0.12449999898672104
5955,2.9775000,-0.062788896262645721,-0.12620000541210175
5956,2.9780000,-0.065696872770786285,-0.12790000438690186
5957,2.9785000,-0.068541482090950012,-0.12960000336170197
5958,2.9790000,-0.071318984031677246,-0.13130000233650208
5959,2.9795000,-0.074028998613357544,-0.13289999961853027
5960,2.9800000,-0.0766749307513237,-0.13449999690055847
5961,2.9805000,-0.079260095953941345,-0.13609999418258667
5962,2.9810000,-0.081785932183265686,-0.13770000636577606
5963,2.9815000,-0.0842546746134758,-0.13930000364780426
5964,2.9820000,-0.086667977273464203,-0.14079999923706055
5965,2.9825000,-0.089024558663368225,-0.14229999482631683
5966,2.9830000,-0.091323249042034149,-0.1437000036239624
5967,2.9835000,-0.093564338982105255,-0.14519999921321869
5968,2.9840000,-0.095747895538806915,-0.14659999310970306
5969,2.9845000,-0.09787365049123764,-0.14790000021457672
5970,2.9850000,-0.099941425025463104,-0.1492999941110611
5971,2.9855000,-0.10195300728082657,-0.15060000121593475
5972,2.9860000,-0.10391105711460114,-0.1518000066280365
5973,2.9865000,-0.10581499338150024,-0.15299999713897705
5974,2.9870000,-0.10766464471817017,-0.1542000025510788
5975,2.9875000,-0.10946335643529892,-0.15530000627040863
5976,2.9880000,-0.1112121045589447,-0.15639999508857727
5977,2.9885000,-0.11290742456912994,-0.15739999711513519
5978,2.9890000,-0.11454729735851288,-0.1582999974489212
5979,2.9895000,-0.11613336950540543,-0.15919999778270721
5980,2.9900000,-0.11766646057367325,-0.15999999642372131
5981,2.9905000,-0.11914655566215515,-0.16079999506473541
5982,2.9910000,-0.12057501822710037,-0.16140000522136688
5983,2.9915000,-0.12195325642824173,-0.16210000216960907
5984,2.9920000,-0.1232837438583374,-0.16259999573230743
5985,2.9925000,-0.12456812709569931,-0.16310000419616699
5986,2.9930000,-0.12580597400665283,-0.16339999437332153
5987,2.9935000,-0.12699681520462036,-0.16380000114440918
5988,2.9940000,-0.12813994288444519,-0.164000004529953
5989,2.9945000,-0.1292358934879303,-0.16410000622272491
5990,2.9950000,-0.13028587400913239,-0.16419999301433563
5991,2.9955000,-0.13129127025604248,-0.16419999301433563
5992,2.9960000,-0.13225327432155609,-0.16410000622272491
5993,2.9965000,-0.13317188620567322,-0.16390000283718109
5994,2.9970000,-0.1340472549200058,-0.16369999945163727
5995,2.9975000,-0.1348804235458374,-0.16339999437332153
5996,2.9980000,-0.13567234575748444,-0.16300000250339508
5997,2.9985000,-0.13642197847366333,-0.16249999403953552
5998,2.9990000,-0.13712947070598602,-0.16200000047683716
5999,2.9995000,-0.13779714703559875,-0.16130000352859497
6000,3.0000000,-0.13842567801475525,-0.1606999933719635
6001,3.0005000,-0.13901501893997192,-0.1598999947309494
6002,3.0010000,-0.139565110206604,-0.1590999960899353
6003,3.0015000,-0.1400769054889679,-0.15819999575614929
6004,3.0020000,-0.14055316150188446,-0.15729999542236328
6005,3.0025000,-0.14099524915218353,-0.15639999508857727
6006,3.0030000,-0.14140389859676361,-0.15539999306201935
6007,3.0035000,-0.14177921414375305,-0.15430000424385071
6008,3.0040000,-0.14212355017662048,-0.15320000052452087
6009,3.0045000,-0.14244283735752106,-0.15209999680519104
6010,3.0050000,-0.14273853600025177,-0.15099999308586121
6011,3.0055000,-0.14300994575023651,-0.14980000257492065
6012,3.0060000,-0.14325889945030212,-0.14859999716281891
6013,3.0065000,-0.14348548650741577,-0.14740000665187836
6014,3.0070000,-0.14368820190429688,-0.14620000123977661
6015,3.0075000,-0.14386741816997528,-0.14499999582767487
6016,3.0080000,-0.14402323961257935,-0.14380000531673431
6017,3.0085000,-0.14415366947650909,-0.14259999990463257
6018,3.0090000,-0.1442568451166153,-0.14139999449253082
6019,3.0095000,-0.14433246850967407,-0.14020000398159027
6020,3.0100000,-0.14438243210315704,-0.13910000026226044
6021,3.0105000,-0.144407719373703,-0.1379999965429306
6022,3.0110000,-0.14440649747848511,-0.13680000603199005
6023,3.0115000,-0.14437520503997803,-0.13580000400543213
6024,3.0120000,-0.14431387186050415,-0.13470000028610229
6025,3.0125000,-0.14422807097434998,-0.13369999825954437
6026,3.0130000,-0.14411938190460205,-0.13279999792575836
6027,3.0135000,-0.14398615062236786,-0.13179999589920044
6028,3.0140000,-0.14382968842983246,-0.13089999556541443
6029,3.0145000,-0.14365182816982269,-0.13009999692440033
6030,3.0150000,-0.14345088601112366,-0.12929999828338623
6031,3.0155000,-0.14322203397750854,-0.12860000133514404
6032,3.0160000,-0.14296567440032959,-0.12790000438690186
6033,3.0165000,-0.14268872141838074,-0.12720000743865967
6034,3.0170000,-0.14239552617073059,-0.1265999972820282
6035,3.0175000,-0.14208659529685974,-0.12600000202655792
6036,3.0180000,-0.14176245033740997,-0.12549999356269836
6037,3.0185000,-0.14142274856567383,-0.125
6038,3.0190000,-0.14106592535972595,-0.12460000067949295
6039,3.0195000,-0.14069102704524994,-0.1242000013589859
6040,3.0200000,-0.14029788970947266,-0.12380000203847885
6041,3.0205000,-0.13988678157329559,-0.12349999696016312
6042,3.0210000,-0.13945752382278442,-0.12319999933242798
6043,3.0215000,-0.13900990784168243,-0.12290000170469284
6044,3.0220000,-0.13854436576366425,-0.12269999831914902
6045,3.0225000,-0.13806279003620148,-0.12240000069141388
6046,3.0230000,-0.13756665587425232,-0.12219999730587006
6047,3.0235000,-0.13705642521381378,-0.12200000137090683
6048,3.0240000,-0.13653244078159332,-0.12169999629259109
6049,3.0245000,-0.13599370419979095,-0.12150000035762787
6050,3.0250000,-0.13543933629989624,-0.12129999697208405
6051,3.0255000,-0.1348663866519928,-0.12110000103712082
6052,3.0260000,-0.13427168130874634,-0.12080000340938568
6053,3.0265000,-0.13365800678730011,-0.12060000002384186
6054,3.0270000,-0.13302969932556152,-0.12030000239610672
6055,3.0275000,-0.13238532841205597,-0.11999999731779099
6056,3.0280000,-0.13171835243701935,-0.11959999799728394
6057,3.0285000,-0.13102295994758606,-0.11919999867677689
6058,3.0290000,-0.13029719889163971,-0.11879999935626984
6059,3.0295000,-0.12954072654247284,-0.11829999834299088
6060,3.0300000,-0.12875288724899292,-0.11779999732971191
6061,3.0305000,-0.1279347687959671,-0.11720000207424164
6062,3.0310000,-0.1270887553691864,-0.11659999936819077
6063,3.0315000,-0.12621477246284485,-0.11590000241994858
6064,3.0320000,-0.12530815601348877,-0.11509999632835388
6065,3.0325000,-0.12436363846063614,-0.11429999768733978
6066,3.0330000,-0.12338247150182724,-0.11349999904632568
6067,3.0335000,-0.12236937880516052,-0.11249999701976776
6068,3.0340000,-0.12132521718740463,-0.11159999668598175
6069,3.0345000,-0.12024792283773422,-0.11050000041723251
6070,3.0350000,-0.11913809925317764,-0.10939999669790268
6071,3.0355000,-0.11799562722444534,-0.10819999873638153
6072,3.0360000,-0.1168140321969986,-0.10700000077486038
6073,3.0365000,-0.1155865341424942,-0.10580000281333923
6074,3.0370000,-0.1143120750784874,-0.10440000146627426
6075,3.0375000,-0.11299318820238113,-0.1031000018119812
6076,3.0380000,-0.11163188517093658,-0.10170000046491623
6077,3.0385000,-0.11022982746362686,-0.10029999911785126
6078,3.0390000,-0.10878878831863403,-0.098800003528594971
6079,3.0395000,-0.10730887949466705,-0.097300000488758087
6080,3.0400000,-0.10578689724206924,-0.095799997448921204
6081,3.0405000,-0.10421966016292572,-0.094300001859664917
6082,3.0410000,-0.10261020064353943,-0.092799998819828033
6083,3.0415000,-0.10096470266580582,-0.091300003230571747
6084,3.0420000,-0.099288545548915863,-0.089800000190734863
6085,3.0425000,-0.09758555144071579,-0.08829999715089798
6086,3.0430000,-0.095857627689838409,-0.086900003254413605
6087,3.0435000,-0.09410809725522995,-0.085400000214576721
6088,3.0440000,-0.092339679598808289,-0.084100000560283661
6089,3.0445000,-0.090554006397724152,-0.082800000905990601
6090,3.0450000,-0.088756993412971497,-0.08150000125169754
6091,3.0455000,-0.086955435574054718,-0.080300003290176392
6092,3.0460000,-0.085152126848697662,-0.079199999570846558
6093,3.0465000,-0.083348505198955536,-0.078199997544288635
6094,3.0470000,-0.081546857953071594,-0.07720000296831131
6095,3.0475000,-0.079750776290893555,-0.076300002634525299
6096,3.0480000,-0.077963858842849731,-0.075599998235702515
6097,3.0485000,-0.076188765466213226,-0.074900001287460327
6098,3.0490000,-0.07443179190158844,-0.074400000274181366
6099,3.0495000,-0.072700195014476776,-0.073899999260902405
6100,3.0500000,-0.070996351540088654,-0.073600001633167267
6101,3.0505000,-0.069322764873504639,-0.073299996554851532
6102,3.0510000,-0.067684061825275421,-0.073200002312660217
6103,3.0515000,-0.066084451973438263,-0.073200002312660217
6104,3.0520000,-0.064527526497840881,-0.073200002312660217
6105,3.0525000,-0.063015945255756378,-0.073399998247623444
6106,3.0530000,-0.061551287770271301,-0.073700003325939178
6107,3.0535000,-0.060136541724205017,-0.074000000953674316
6108,3.0540000,-0.058776352554559708,-0.074400000274181366
6109,3.0545000,-0.057472474873065948,-0.074900001287460327
6110,3.0550000,-0.056223075836896896,-0.075400002300739288
6111,3.0555000,-0.055029015988111496,-0.075999997556209564
6112,3.0560000,-0.053891621530056,-0.076499998569488525
6113,3.0565000,-0.05280676856637001,-0.077100001275539398
6114,3.0570000,-0.051770694553852081,-0.077600002288818359
6115,3.0575000,-0.050782561302185059,-0.078100003302097321
6116,3.0580000,-0.049842406064271927,-0.078599996864795685
6117,3.0585000,-0.04894985631108284,-0.07890000194311142
6118,3.0590000,-0.048102416098117828,-0.079099997878074646
6119,3.0595000,-0.047298140823841095,-0.079199999570846558
6120,3.0600000,-0.046537909656763077,-0.079099997878074646
6121,3.0605000,-0.045822259038686752,-0.078800000250339508
6122,3.0610000,-0.045147385448217392,-0.078199997544288635
6123,3.0615000,-0.044505644589662552,-0.077399998903274536
6124,3.0620000,-0.043886318802833557,-0.076300002634525299
6125,3.0625000,-0.043280530720949173,-0.074799999594688416
6126,3.0630000,-0.042687851935625076,-0.072899997234344482
6127,3.0635000,-0.042104009538888931,-0.070699997246265411
6128,3.0640000,-0.041511092334985733,-0.068000003695487976
6129,3.0645000,-0.04088979959487915,-0.064699999988079071
6130,3.0650000,-0.040223892778158188,-0.061000000685453415
6131,3.0655000,-0.039498567581176758,-0.056699998676776886
6132,3.0660000,-0.038702193647623062,-0.051800001412630081
6133,3.0665000,-0.037819124758243561,-0.046199999749660492
6134,3.0670000,-0.03683127835392952,-0.039999999105930328
6135,3.0675000,-0.035720530897378922,-0.033100001513957977
6136,3.0680000,-0.034464169293642044,-0.025399999693036079
6137,3.0685000,-0.033036518841981888,-0.017000000923871994
6138,3.0690000,-0.031408552080392838,-0.007799999788403511
6139,3.0695000,-0.02954501286149025,0.0023000000510364771
6140,3.0700000,-0.02741694264113903,0.013100000098347664
6141,3.0705000,-0.025006882846355438,0.024900000542402267
6142,3.0710000,-0.022294709458947182,0.037500001490116119
6143,3.0715000,-0.019257413223385811,0.050999999046325684
6144,3.0720000,-0.015865413472056389,0.065399996936321259
6145,3.0725000,-0.012083133682608604,0.080700002610683441
6146,3.0730000,-0.0078864153474569321,0.097000002861022949
6147,3.0735000,-0.0032546985894441605,0.11410000175237656
6148,3.0740000,0.0018426366150379181,0.13210000097751617
6149,3.0745000,0.0074294554069638252,0.15099999308586121
6150,3.0750000,0.013525426387786865,0.17080000042915344
6151,3.0755000,0.020151305943727493,0.19140000641345978
6152,3.0760000,0.027326256036758423,0.21279999613761902
6153,3.0765000,0.03507387638092041,0.23489999771118164
6154,3.0770000,0.043407611548900604,0.25789999961853027
6155,3.0775000,0.05233672633767128,0.28150001168251038
6156,3.0780000,0.061877571046352386,0.30570000410079956
6157,3.0785000,0.072047151625156403,0.33059999346733093
6158,3.0790000,0.082859575748443604,0.35589998960494995
6159,3.0795000,0.094327583909034729,0.38179999589920044
6160,3.0800000,0.10645780712366104,0.40799999237060547
6161,3.0805000,0.11923407763242722,0.43450000882148743
6162,3.0810000,0.13263936340808868,0.46129998564720154
6163,3.0815000,0.14667803049087524,0.48820000886917114
6164,3.0820000,0.16134682297706604,0.51510000228881836
6165,3.0825000,0.17662996053695679,0.54210001230239868
6166,3.0830000,0.19251883029937744,0.56889998912811279
6167,3.0835000,0.20900920033454895,0.59539997577667236
6168,3.0840000,0.2260938435792923,0.6216999888420105
6169,3.0845000,0.24374966323375702,0.64749997854232788
6170,3.0850000,0.26193732023239136,0.67269998788833618
6171,3.0855000,0.28062307834625244,0.69739997386932373
6172,3.0860000,0.29977792501449585,0.72119998931884766
6173,3.0865000,0.31936535239219666,0.74419999122619629
6174,3.0870000,0.33934146165847778,0.76620000600814819
6175,3.0875000,0.35966417193412781,0.78710001707077026
6176,3.0880000,0.38028979301452637,0.80680000782012939
6177,3.0885000,0.40115240216255188,0.82529997825622559
6178,3.0890000,0.42218083143234253,0.84229999780654907
6179,3.0895000,0.44332325458526611,0.85790002346038818
6180,3.0900000,0.46452316641807556,0.8718000054359436
6181,3.0905000,0.4857151210308075,0.88410001993179321
6182,3.0910000,0.5068436861038208,0.89459997415542603
6183,3.0915000,0.52784395217895508,0.90319997072219849
6184,3.0920000,0.54864323139190674,0.9099000096321106
6185,3.0925000,0.56917428970336914,0.91460001468658447
6186,3.0930000,0.58936166763305664,0.91720002889633179
6187,3.0935000,0.60913699865341187,0.91769999265670776
6188,3.0940000,0.62844604253768921,0.91610002517700195
6189,3.0945000,0.64721786975860596,0.91219997406005859
6190,3.0950000,0.66536498069763184,0.90600001811981201
6191,3.0955000,0.68280899524688721,0.89759999513626099
6192,3.0960000,0.69947677850723267,0.88690000772476196
6193,3.0965000,0.71529281139373779,0.87389999628067017
6194,3.0970000,0.73017501831054688,0.85860002040863037
6195,3.0975000,0.74403780698776245,0.8410000205039978
6196,3.0980000,0.75681817531585693,0.82109999656677246
6197,3.0985000,0.76846462488174438,0.79900002479553223
6198,3.0990000,0.77891796827316284,0.77460002899169922
6199,3.0995000,0.78811806440353394,0.74809998273849487
6200,3.1000000,0.79599326848983765,0.71950000524520874
6201,3.1005000,0.8024604320526123,0.68879997730255127
6202,3.1010000,0.80746114253997803,0.65609997510910034
6203,3.1015000,0.81096053123474121,0.62159997224807739
6204,3.1020000,0.81292670965194702,0.58520001173019409
6205,3.1025000,0.81332415342330933,0.5471000075340271
6206,3.1030000,0.81211745738983154,0.50739997625350952
6207,3.1035000,0.80929219722747803,0.46619999408721924
6208,3.1040000,0.80484449863433838,0.42359998822212219
6209,3.1045000,0.79877108335494995,0.37970000505447388
6210,3.1050000,0.79106384515762329,0.33469998836517334
6211,3.1055000,0.78171020746231079,0.28870001435279846
6212,3.1060000,0.77070480585098267,0.24169999361038208
6213,3.1065000,0.75804311037063599,0.19410000741481781
6214,3.1070000,0.74372845888137817,0.14589999616146088
6215,3.1075000,0.72777503728866577,0.097199998795986176
6216,3.1080000,0.71018379926681519,0.048099998384714127
6217,3.1085000,0.69094783067703247,-0.0010000000474974513
6218,3.1090000,0.67007988691329956,-0.050200000405311584
6219,3.1095000,0.64761734008789062,-0.099299997091293335
6220,3.1100000,0.62361341714859009,-0.14800000190734863
6221,3.1105000,0.59811216592788696,-0.1964000016450882
6222,3.1110000,0.57115274667739868,-0.24420000612735748
6223,3.1115000,0.54279512166976929,-0.29129999876022339
6224,3.1120000,0.51311105489730835,-0.33750000596046448
6225,3.1125000,0.48216912150382996,-0.38280001282691956
6226,3.1130000,0.45004168152809143,-0.42699998617172241
6227,3.1135000,0.41681438684463501,-0.46990001201629639
6228,3.1140000,0.38257071375846863,-0.51160001754760742
6229,3.1145000,0.3473871648311615,-0.55169999599456787
6230,3.1150000,0.31135454773902893,-0.59030002355575562
6231,3.1155000,0.27457424998283386,-0.62730002403259277
6232,3.1160000,0.23714154958724976,-0.66250002384185791
6233,3.1165000,0.19915321469306946,-0.69580000638961792
6234,3.1170000,0.16071313619613647,-0.72729998826980591
6235,3.1175000,0.12191927433013916,-0.75669997930526733
6236,3.1180000,0.082864761352539062,-0.78420001268386841
6237,3.1185000,0.043646842241287231,-0.80949997901916504
6238,3.1190000,0.00436440110206604,-0.83270001411437988
6239,3.1195000,-0.034874621778726578,-0.85369998216629028
6240,3.1200000,-0.073974765837192535,-0.87250000238418579
6241,3.1205000,-0.11285600811243057,-0.88899999856948853
6242,3.1210000,-0.1514163464307785,-0.90329998731613159
6243,3.1215000,-0.18954885005950928,-0.91540002822875977
6244,3.1220000,-0.22716182470321655,-0.92519998550415039
6245,3.1225000,-0.26416271924972534,-0.93269997835159302
6246,3.1230000,-0.3004499077796936,-0.93809998035430908
6247,3.1235000,-0.33592498302459717,-0.94120001792907715
6248,3.1240000,-0.37049403786659241,-0.94220000505447388
6249,3.1245000,-0.40405750274658203,-0.94110000133514404
6250,3.1250000,-0.43652555346488953,-0.93790000677108765
6251,3.1255000,-0.46782568097114563,-0.93260002136230469
6252,3.1260000,-0.49788808822631836,-0.9254000186920166
6253,3.1265000,-0.52664506435394287,-0.91629999876022339
6254,3.1270000,-0.55403351783752441,-0.90539997816085815
6255,3.1275000,-0.57998836040496826,-0.89270001649856567
6256,3.1280000,-0.60445135831832886,-0.8783000111579895
6257,3.1285000,-0.62737756967544556,-0.86239999532699585
6258,3.1290000,-0.64872217178344727,-0.84490001201629639
6259,3.1295000,-0.66843974590301514,-0.82599997520446777
6260,3.1300000,-0.68650513887405396,-0.80570000410079956
6261,3.1305000,-0.70291042327880859,-0.78420001268386841
6262,3.1310000,-0.71764177083969116,-0.76160001754760742
6263,3.1315000,-0.73068296909332275,-0.7379000186920166
6264,3.1320000,-0.74203264713287354,-0.71329998970031738
6265,3.1325000,-0.75170433521270752,-0.68779999017715454
6266,3.1330000,-0.75970935821533203,-0.66159999370574951
6267,3.1335000,-0.7660529613494873,-0.6348000168800354
6268,3.1340000,-0.77074074745178223,-0.60729998350143433
6269,3.1345000,-0.77378827333450317,-0.57950001955032349
6270,3.1350000,-0.77522814273834229,-0.55119997262954712
6271,3.1355000,-0.77509528398513794,-0.5228000283241272
6272,3.1360000,-0.77341371774673462,-0.49410000443458557
6273,3.1365000,-0.77020907402038574,-0.46540001034736633
6274,3.1370000,-0.76552653312683105,-0.43659999966621399
6275,3.1375000,-0.75941962003707886,-0.40799999237060547
6276,3.1380000,-0.75193220376968384,-0.37950000166893005
6277,3.1385000,-0.74310582876205444,-0.35130000114440918
6278,3.1390000,-0.73298603296279907,-0.32339999079704285
6279,3.1395000,-0.72162085771560669,-0.29589998722076416
6280,3.1400000,-0.70907282829284668,-0.26890000700950623
6281,3.1405000,-0.69541239738464355,-0.24240000545978546
6282,3.1410000,-0.6807062029838562,-0.21649999916553497
6283,3.1415000,-0.66502368450164795,-0.19120000302791595
6284,3.1420000,-0.64842617511749268,-0.16660000383853912
6285,3.1425000,-0.63096857070922852,-0.14280000329017639
6286,3.1430000,-0.61272287368774414,-0.11969999969005585
6287,3.1435000,-0.59376972913742065,-0.097400002181529999
6288,3.1440000,-0.57418668270111084,-0.075999997556209564
6289,3.1445000,-0.55404889583587646,-0.055399999022483826
6290,3.1450000,-0.53342562913894653,-0.035700000822544098
6291,3.1455000,-0.51238715648651123,-0.017000000923871994
6292,3.1460000,-0.49100393056869507,0.00089999998454004526
6293,3.1465000,-0.46933770179748535,0.017799999564886093
6294,3.1470000,-0.4474463164806366,0.033799998462200165
6295,3.1475000,-0.42539459466934204,0.048799999058246613
6296,3.1480000,-0.40324828028678894,0.06289999932050705
6297,3.1485000,-0.38106748461723328,0.076099999248981476
6298,3.1490000,-0.35891613364219666,0.088399998843669891
6299,3.1495000,-0.3368586003780365,0.099699996411800385
6300,3.1500000,-0.31494495272636414,0.11020000278949738
6301,3.1505000,-0.29322081804275513,0.11980000138282776
6302,3.1510000,-0.27174085378646851,0.12849999964237213
6303,3.1515000,-0.25055778026580811,0.1363999992609024
6304,3.1520000,-0.2297038733959198,0.14350000023841858
6305,3.1525000,-0.20920069515705109,0.14980000257492065
6306,3.1530000,-0.18908466398715973,0.15530000627040863
6307,3.1535000,-0.16939824819564819,0.16019999980926514
6308,3.1540000,-0.15018011629581451,0.16429999470710754
6309,3.1545000,-0.1314627081155777,0.16779999434947968
6310,3.1550000,-0.11327044665813446,0.17069999873638153
6311,3.1555000,-0.095625050365924835,0.1729000061750412
6312,3.1560000,-0.07854115217924118,0.17470000684261322
6313,3.1565000,-0.062027685344219208,0.17589999735355377
6314,3.1570000,-0.046102002263069153,0.17659999430179596
6315,3.1575000,-0.030787382274866104,0.17679999768733978
6316,3.1580000,-0.016095701605081558,0.17669999599456787
6317,3.1585000,-0.0020346641540527344,0.17620000243186951
6318,3.1590000,0.011382981203496456,0.1753000020980835
6319,3.1595000,0.024147143587470055,0.17409999668598175
6320,3.1600000,0.036257021129131317,0.17270000278949738
6321,3.1605000,0.047720670700073242,0.17100000381469727
6322,3.1610000,0.058543380349874496,0.16910000145435333
6323,3.1615000,0.068727076053619385,0.16699999570846558
6324,3.1620000,0.078278809785842896,0.16470000147819519
6325,3.1625000,0.087208785116672516,0.16230000555515289
6326,3.1630000,0.095525585114955902,0.15979999303817749
6327,3.1635000,0.10323430597782135,0.15729999542236328
6328,3.1640000,0.11033780127763748,0.15459999442100525
6329,3.1645000,0.1168418675661087,0.15199999511241913
6330,3.1650000,0.12275931239128113,0.1492999941110611
6331,3.1655000,0.1281048059463501,0.14669999480247498
6332,3.1660000,0.13289362192153931,0.14399999380111694
6333,3.1665000,0.13714665174484253,0.14149999618530273
6334,3.1670000,0.14088699221611023,0.13889999687671661
6335,3.1675000,0.1441328376531601,0.13650000095367432
6336,3.1680000,0.1469055712223053,0.13410000503063202
6337,3.1685000,0.14923940598964691,0.13189999759197235
6338,3.1690000,0.15116535127162933,0.12970000505447388
6339,3.1695000,0.15270502865314484,0.12770000100135803
6340,3.1700000,0.15388096868991852,0.1257999986410141
6341,3.1705000,0.15471729636192322,0.12399999797344208
6342,3.1710000,0.15523812174797058,0.12229999899864197
6343,3.1715000,0.15546312928199768,0.12080000340938568
6344,3.1720000,0.15541215240955353,0.11949999630451202
6345,3.1725000,0.15511177480220795,0.11819999665021896
6346,3.1730000,0.15458518266677856,0.11710000038146973
6347,3.1735000,0.15385332703590393,0.11620000004768372
6348,3.1740000,0.15294121205806732,0.11540000140666962
6349,3.1745000,0.15187028050422668,0.11479999870061874
6350,3.1750000,0.1506577730178833,0.11420000344514847
6351,3.1755000,0.14932096004486084,0.11389999836683273
6352,3.1760000,0.14788420498371124,0.1136000007390976
6353,3.1765000,0.14637371897697449,0.11349999904632568
6354,3.1770000,0.14480932056903839,0.11349999904632568
6355,3.1775000,0.14320671558380127,0.1136000007390976
6356,3.1780000,0.14157366752624512,0.11379999667406082
6357,3.1785000,0.13991917669773102,0.11420000344514847
6358,3.1790000,0.13825559616088867,0.11460000276565552
6359,3.1795000,0.13659335672855377,0.11509999632835388
6360,3.1800000,0.13494235277175903,0.11580000072717667
6361,3.1805000,0.13331039249897003,0.11649999767541885
6362,3.1810000,0.1317065954208374,0.11720000207424164
6363,3.1815000,0.13013489544391632,0.11810000240802765
6364,3.1820000,0.12859639525413513,0.11900000274181366
6365,3.1825000,0.12710070610046387,0.11990000307559967
6366,3.1830000,0.12566056847572327,0.120899997651577
6367,3.1835000,0.12428267300128937,0.12189999967813492
6368,3.1840000,0.12296818941831589,0.12300000339746475
6369,3.1845000,0.12172017991542816,0.12409999966621399
6370,3.1850000,0.12054349482059479,0.12520000338554382
6371,3.1855000,0.11944158375263214,0.12630000710487366
6372,3.1860000,0.11841875314712524,0.12749999761581421
6373,3.1865000,0.11748042702674866,0.12860000133514404
6374,3.1870000,0.11662875860929489,0.12980000674724579
6375,3.1875000,0.1158648282289505,0.13089999556541443
6376,3.1880000,0.1151907667517662,0.13210000097751617
6377,3.1885000,0.11460701376199722,0.13320000469684601
6378,3.1890000,0.1141093373298645,0.13429999351501465
6379,3.1895000,0.11369156837463379,0.13539999723434448
6380,3.1900000,0.11335525661706924,0.1363999992609024
6381,3.1905000,0.11310339719057083,0.13750000298023224
6382,3.1910000,0.112936832010746,0.13850000500679016
6383,3.1915000,0.11285839229822159,0.13940000534057617
6384,3.1920000,0.11287184059619904,0.14040000736713409
6385,3.1925000,0.11298190802335739,0.14129999279975891
6386,3.1930000,0.11318910121917725,0.14219999313354492
6387,3.1935000,0.11348798871040344,0.14300000667572021
6388,3.1940000,0.11387134343385696,0.14380000531673431
6389,3.1945000,0.11433307826519012,0.14460000395774841
6390,3.1950000,0.11486811190843582,0.14540000259876251
6391,3.1955000,0.11546958982944489,0.1460999995470047
6392,3.1960000,0.11612920463085175,0.14679999649524689
6393,3.1965000,0.11683768779039383,0.14740000665187836
6394,3.1970000,0.1175861731171608,0.14800000190734863
6395,3.1975000,0.11836701631546021,0.14859999716281891
6396,3.1980000,0.1191750094294548,0.14910000562667847
6397,3.1985000,0.12000580877065659,0.14970000088214874
6398,3.1990000,0.12085333466529846,0.15019999444484711
6399,3.1995000,0.12171636521816254,0.15060000121593475
6400,3.2000000,0.12260472774505615,0.15109999477863312
6401,3.2005000,0.12353038787841797,0.15150000154972076
6402,3.2010000,0.12449078261852264,0.15189999341964722
6403,3.2015000,0.12547427415847778,0.15230000019073486
6404,3.2020000,0.12647548317909241,0.15270000696182251
6405,3.2025000,0.1274893581867218,0.15309999883174896
6406,3.2030000,0.12850427627563477,0.15350000560283661
6407,3.2035000,0.12951147556304932,0.15379999577999115
6408,3.2040000,0.13050845265388489,0.1542000025510788
6409,3.2045000,0.13149386644363403,0.15449999272823334
6410,3.2050000,0.13246314227581024,0.15489999949932098
6411,3.2055000,0.1334102600812912,0.15520000457763672
6412,3.2060000,0.13433384895324707,0.15549999475479126
6413,3.2065000,0.1352277547121048,0.15590000152587891
6414,3.2070000,0.13608101010322571,0.15620000660419464
6415,3.2075000,0.13689221441745758,0.15659999847412109
6416,3.2080000,0.13766434788703918,0.15700000524520874
6417,3.2085000,0.1383967399597168,0.15729999542236328
6418,3.2090000,0.1390855461359024,0.15770000219345093
6419,3.2095000,0.13972781598567963,0.15809999406337738
6420,3.2100000,0.1403236985206604,0.15850000083446503
6421,3.2105000,0.14087258279323578,0.15889999270439148
6422,3.2110000,0.14137381315231323,0.15929999947547913
6423,3.2115000,0.14182727038860321,0.15979999303817749
6424,3.2120000,0.14223788678646088,0.16019999980926514
6425,3.2125000,0.14261786639690399,0.1606999933719635
6426,3.2130000,0.14296987652778625,0.16120000183582306
6427,3.2135000,0.143288254737854,0.16169999539852142
6428,3.2140000,0.14357393980026245,0.16220000386238098
6429,3.2145000,0.14382995665073395,0.16269999742507935
6430,3.2150000,0.14405553042888641,0.16329999268054962
6431,3.2155000,0.14424978196620941,0.16380000114440918
6432,3.2160000,0.14440707862377167,0.16439999639987946
6433,3.2165000,0.1445169597864151,0.16500000655651093
6434,3.2170000,0.14457577466964722,0.1656000018119812
6435,3.2175000,0.14458537101745605,0.16619999706745148
6436,3.2180000,0.14454899728298187,0.16689999401569366
6437,3.2185000,0.14446640014648438,0.16760000586509705
6438,3.2190000,0.14433927834033966,0.16830000281333923
6439,3.2195000,0.1441771537065506,0.16899999976158142
6440,3.2200000,0.14398574829101562,0.16969999670982361
6441,3.2205000,0.14376461505889893,0.1703999936580658
6442,3.2210000,0.14351218938827515,0.17120000720024109
6443,3.2215000,0.143228679895401,0.17200000584125519
6444,3.2220000,0.14292041957378387,0.17280000448226929
6445,3.2225000,0.14259646832942963,0.17360000312328339
6446,3.2230000,0.14225934445858002,0.17440000176429749
6447,3.2235000,0.14191025495529175,0.1753000020980835
6448,3.2240000,0.14155584573745728,0.1761000007390976
6449,3.2245000,0.14119873940944672,0.17700000107288361
6450,3.2250000,0.14083385467529297,0.17790000140666962
6451,3.2255000,0.14046004414558411,0.17880000174045563
6452,3.2260000,0.14008373022079468,0.17980000376701355
6453,3.2265000,0.13970930874347687,0.18070000410079956
6454,3.2270000,0.13933654129505157,0.18170000612735748
6455,3.2275000,0.1389680802822113,0.18260000646114349
6456,3.2280000,0.1386096179485321,0.18359999358654022
6457,3.2285000,0.13826380670070648,0.18459999561309814
6458,3.2290000,0.13792689144611359,0.18559999763965607
6459,3.2295000,0.13759398460388184,0.18659999966621399
6460,3.2300000,0.13726978003978729,0.18760000169277191
6461,3.2305000,0.13696102797985077,0.18870000541210175
6462,3.2310000,0.13666236400604248,0.18970000743865967
6463,3.2315000,0.13637077808380127,0.1906999945640564
6464,3.2320000,0.13609424233436584,0.19179999828338623
6465,3.2325000,0.13583604991436005,0.19280000030994415
6466,3.2330000,0.13559605181217194,0.19380000233650208
6467,3.2335000,0.13537499308586121,0.19490000605583191
6468,3.2340000,0.13517388701438904,0.19589999318122864
6469,3.2345000,0.13499161601066589,0.19689999520778656
6470,3.2350000,0.13482193648815155,0.19789999723434448
6471,3.2355000,0.13466614484786987,0.1988999992609024
6472,3.2360000,0.13452938199043274,0.19990000128746033
6473,3.2365000,0.13441005349159241,0.20090000331401825
6474,3.2370000,0.13430686295032501,0.20190000534057617
6475,3.2375000,0.13421925902366638,0.20280000567436218
6476,3.2380000,0.13414613902568817,0.20379999279975891
6477,3.2385000,0.134087935090065,0.20469999313354492
6478,3.2390000,0.1340479701757431,0.20559999346733093
6479,3.2395000,0.13402828574180603,0.20649999380111694
6480,3.2400000,0.13402861356735229,0.20739999413490295
6481,3.2405000,0.13405251502990723,0.20819999277591705
6482,3.2410000,0.13409930467605591,0.20909999310970306
6483,3.2415000,0.13416150212287903,0.20990000665187836
6484,3.2420000,0.13423559069633484,0.21060000360012054
6485,3.2425000,0.1343219131231308,0.21140000224113464
6486,3.2430000,0.1344248354434967,0.21209999918937683
6487,3.2435000,0.13454677164554596,0.21279999613761902
6488,3.2440000,0.13468204438686371,0.21349999308586121
6489,3.2445000,0.13482770323753357,0.21420000493526459
6490,3.2450000,0.13498085737228394,0.21480000019073486
6491,3.2455000,0.13513603806495667,0.21539999544620514
6492,3.2460000,0.1352924108505249,0.21600000560283661
6493,3.2465000,0.13545218110084534,0.21660000085830688
6494,3.2470000,0.13561990857124329,0.21709999442100525
6495,3.2475000,0.13579839468002319,0.21760000288486481
6496,3.2480000,0.13598881661891937,0.21809999644756317
6497,3.2485000,0.13619554042816162,0.21860000491142273
6498,3.2490000,0.13642106950283051,0.21909999847412109
6499,3.2495000,0.13666321337223053,0.21950000524520874
6500,3.2500000,0.13691627979278564,0.2199999988079071
6501,3.2505000,0.13717655837535858,0.22040000557899475
6502,3.2510000,0.13744381070137024,0.2207999974489212
6503,3.2515000,0.13771557807922363,0.22120000422000885
6504,3.2520000,0.13799431920051575,0.2215999960899353
6505,3.2525000,0.13829110562801361,0.22190000116825104
6506,3.2530000,0.13861048221588135,0.22229999303817749
6507,3.2535000,0.13894762098789215,0.22269999980926514
6508,3.2540000,0.13930016756057739,0.22310000658035278
6509,3.2545000,0.1396699845790863,0.22339999675750732
6510,3.2550000,0.14005960524082184,0.22380000352859497
6511,3.2555000,0.14046870172023773,0.22419999539852142
6512,3.2560000,0.14089684188365936,0.22460000216960907
6513,3.2565000,0.14134407043457031,0.22499999403953552
6514,3.2570000,0.14180704951286316,0.22550000250339508
6515,3.2575000,0.14228235185146332,0.22589999437332153
6516,3.2580000,0.14276731014251709,0.22640000283718109
6517,3.2585000,0.14325803518295288,0.22689999639987946
6518,3.2590000,0.14375320076942444,0.22750000655651093
6519,3.2595000,0.14425589144229889,0.22800000011920929
6520,3.2600000,0.14476871490478516,0.22859999537467957
6521,3.2605000,0.14529609680175781,0.22920000553131104
6522,3.2610000,0.14584527909755707,0.22990000247955322
6523,3.2615000,0.14641714096069336,0.23059999942779541
6524,3.2620000,0.1470092236995697,0.2312999963760376
6525,3.2625000,0.14762367308139801,0.2320999950170517
6526,3.2630000,0.14825817942619324,0.2328999936580658
6527,3.2635000,0.1489107757806778,0.23379999399185181
6528,3.2640000,0.14958612620830536,0.23469999432563782
6529,3.2645000,0.15028589963912964,0.23569999635219574
6530,3.2650000,0.15100826323032379,0.23669999837875366
6531,3.2655000,0.15174977481365204,0.23770000040531158
6532,3.2660000,0.15250770747661591,0.23880000412464142
6533,3.2665000,0.15328335762023926,0.23999999463558197
6534,3.2670000,0.15407922863960266,0.24120000004768372
6535,3.2675000,0.1548926830291748,0.24240000545978546
6536,3.2680000,0.15572093427181244,0.24369999766349792
6537,3.2685000,0.15656809508800507,0.24510000646114349
6538,3.2690000,0.15743859112262726,0.24650000035762787
6539,3.2695000,0.1583314836025238,0.24789999425411224
6540,3.2700000,0.15924355387687683,0.24940000474452972
6541,3.2705000,0.16017617285251617,0.25099998712539673
6542,3.2710000,0.16113261878490448,0.25260001420974731
6543,3.2715000,0.16211147606372833,0.25420001149177551
6544,3.2720000,0.16310968995094299,0.25589999556541443
6545,3.2725000,0.16413013637065887,0.25769999623298645
6546,3.2730000,0.16517895460128784,0.25940001010894775
6547,3.2735000,0.16625475883483887,0.26129999756813049
6548,3.2740000,0.16735352575778961,0.26309999823570251
6549,3.2745000,0.16847565770149231,0.26499998569488525
6550,3.2750000,0.16962027549743652,0.2669999897480011
6551,3.2755000,0.17078433930873871,0.26899999380111694
6552,3.2760000,0.17196618020534515,0.27099999785423279
6553,3.2765000,0.17316800355911255,0.27300000190734863
6554,3.2770000,0.17439724504947662,0.2750999927520752
6555,3.2775000,0.17565442621707916,0.27720001339912415
6556,3.2780000,0.17693361639976501,0.27930000424385071
6557,3.2785000,0.17823682725429535,0.28150001168251038
6558,3.2790000,0.17956632375717163,0.28369998931884766
6559,3.2795000,0.18091896176338196,0.28589999675750732
6560,3.2800000,0.18229439854621887,0.28810000419616699
6561,3.2805000,0.18369711935520172,0.29030001163482666
6562,3.2810000,0.18513092398643494,0.29260000586509705
6563,3.2815000,0.18659606575965881,0.29490000009536743
6564,3.2820000,0.18809100985527039,0.2971000075340271
6565,3.2825000,0.18961517512798309,0.29940000176429749
6566,3.2830000,0.19116759300231934,0.30169999599456787
6567,3.2835000,0.19274003803730011,0.30399999022483826
6568,3.2840000,0.19433210790157318,0.30630001425743103
6569,3.2845000,0.19595862925052643,0.30860000848770142
6570,3.2850000,0.19762641191482544,0.31099998950958252
6571,3.2855000,0.19933433830738068,0.31330001354217529
6572,3.2860000,0.20108242332935333,0.31560000777244568
6573,3.2865000,0.202869713306427,0.31790000200271606
6574,3.2870000,0.20469596982002258,0.32019999623298645
6575,3.2875000,0.20655573904514313,0.32249999046325684
6576,3.2880000,0.20844651758670807,0.32480001449584961
6577,3.2885000,0.2103763073682785,0.32710000872612
6578,3.2890000,0.21234749257564545,0.32940000295639038
6579,3.2895000,0.21435581147670746,0.33160001039505005
6580,3.2900000,0.21639792621135712,0.33390000462532043
6581,3.2905000,0.21847061812877655,0.33619999885559082
6582,3.2910000,0.22057175636291504,0.33840000629425049
6583,3.2915000,0.22269807755947113,0.34070000052452087
6584,3.2920000,0.22484712302684784,0.34290000796318054
6585,3.2925000,0.227023646235466,0.34509998559951782
6586,3.2930000,0.22923427820205688,0.34729999303817749
6587,3.2935000,0.23147940635681152,0.34959998726844788
6588,3.2940000,0.23375582695007324,0.35179999470710754
6589,3.2945000,0.23606179654598236,0.35400000214576721
6590,3.2950000,0.23839230835437775,0.35620000958442688
6591,3.2955000,0.24074088037014008,0.35839998722076416
6592,3.2960000,0.24311311542987823,0.36059999465942383
6593,3.2965000,0.24552144110202789,0.3628000020980835
6594,3.2970000,0.24797047674655914,0.36500000953674316
6595,3.2975000,0.25045552849769592,0.36719998717308044
6596,3.2980000,0.25297015905380249,0.36939999461174011
6597,3.2985000,0.25551456212997437,0.37160000205039978
6598,3.2990000,0.25808945298194885,0.37389999628067017
6599,3.2995000,0.26068943738937378,0.37610000371932983
6600,3.3000000,0.26330876350402832,0.37839999794960022
6601,3.3005000,0.2659461498260498,0.38069999217987061
6602,3.3010000,0.26860231161117554,0.38299998641014099
6603,3.3015000,0.27127307653427124,0.38530001044273376
6604,3.3020000,0.27395337820053101,0.38760000467300415
6605,3.3025000,0.27664086222648621,0.38999998569488525
6606,3.3030000,0.2793353796005249,0.39239999651908875
6607,3.3035000,0.28203985095024109,0.39480000734329224
6608,3.3040000,0.28475379943847656,0.39719998836517334
6609,3.3045000,0.28747335076332092,0.39969998598098755
6610,3.3050000,0.29019832611083984,0.40220001339912415
6611,3.3055000,0.29292958974838257,0.40479999780654907
6612,3.3060000,0.29566562175750732,0.40729999542236328
6613,3.3065000,0.29840269684791565,0.4099000096321106
6614,3.3070000,0.3011404275894165,0.41260001063346863
6615,3.3075000,0.30388566851615906,0.41530001163482666
6616,3.3080000,0.30664417147636414,0.41800001263618469
6617,3.3085000,0.30941802263259888,0.42070001363754272
6618,3.3090000,0.31220650672912598,0.42350000143051147
6619,3.3095000,0.31500837206840515,0.42640000581741333
6620,3.3100000,0.31782594323158264,0.42919999361038208
6621,3.3105000,0.32065930962562561,0.43209999799728394
6622,3.3110000,0.32350620627403259,0.43509998917579651
6623,3.3115000,0.32636883854866028,0.43799999356269836
6624,3.3120000,0.3292483389377594,0.44100001454353333
6625,3.3125000,0.33213919401168823,0.44409999251365662
6626,3.3130000,0.33503508567810059,0.44720000028610229
6627,3.3135000,0.33793115615844727,0.45030000805854797
6628,3.3140000,0.34082517027854919,0.45339998602867126
6629,3.3145000,0.34371915459632874,0.45649999380111694
6630,3.3150000,0.34661740064620972,0.45969998836517334
6631,3.3155000,0.34952521324157715,0.46290001273155212
6632,3.3160000,0.35244247317314148,0.46610000729560852
6633,3.3165000,0.3553696870803833,0.46939998865127563
6634,3.3170000,0.35831478238105774,0.47260001301765442
6635,3.3175000,0.36128053069114685,0.47589999437332153
6636,3.3180000,0.36426299810409546,0.47909998893737793
6637,3.3185000,0.36725735664367676,0.48240000009536743
6638,3.3190000,0.37026104331016541,0.48570001125335693
6639,3.3195000,0.37327098846435547,0.48890000581741333
6640,3.3200000,0.37628093361854553,0.49219998717308044
6641,3.3205000,0.37928622961044312,0.49549999833106995
6642,3.3210000,0.38228142261505127,0.49869999289512634
6643,3.3215000,0.38526430726051331,0.50199997425079346
6644,3.3220000,0.38823837041854858,0.50520002841949463
6645,3.3225000,0.39120370149612427,0.50840002298355103
6646,3.3230000,0.39416149258613586,0.51160001754760742
6647,3.3235000,0.39711335301399231,0.51480001211166382
6648,3.3240000,0.40005952119827271,0.51789999008178711
6649,3.3245000,0.40300539135932922,0.52100002765655518
6650,3.3250000,0.40595093369483948,0.52410000562667847
6651,3.3255000,0.40888842940330505,0.52710002660751343
6652,3.3260000,0.41181460022926331,0.53009998798370361
6653,3.3265000,0.41473034024238586,0.53299999237060547
6654,3.3270000,0.41763612627983093,0.53589999675750732
6655,3.3275000,0.4205322265625,0.53880000114440918
6656,3.3280000,0.42341801524162292,0.54159998893737793
6657,3.3285000,0.42629379034042358,0.54439997673034668
6658,3.3290000,0.42915678024291992,0.5471000075340271
6659,3.3295000,0.43199798464775085,0.54970002174377441
6660,3.3300000,0.4348151683807373,0.55229997634887695
6661,3.3305000,0.43761241436004639,0.55489999055862427
6662,3.3310000,0.44038850069046021,0.55739998817443848
6663,3.3315000,0.44313767552375793,0.55980002880096436
6664,3.3320000,0.44585570693016052,0.56220000982284546
6665,3.3325000,0.44854217767715454,0.56449997425079346
6666,3.3330000,0.45119628310203552,0.56679999828338623
6667,3.3335000,0.45381522178649902,0.5690000057220459
6668,3.3340000,0.45640134811401367,0.57109999656677246
6669,3.3345000,0.45895665884017944,0.57319998741149902
6670,3.3350000,0.46147465705871582,0.57520002126693726
6671,3.3355000,0.46395209431648254,0.57709997892379761
6672,3.3360000,0.46639928221702576,0.57899999618530273
6673,3.3365000,0.46882641315460205,0.58079999685287476
6674,3.3370000,0.47123387455940247,0.58259999752044678
6675,3.3375000,0.47361913323402405,0.58429998159408569
6676,3.3380000,0.47598180174827576,0.58600002527236938
6677,3.3385000,0.47832399606704712,0.5875999927520752
6678,3.3390000,0.48064270615577698,0.58910000324249268
6679,3.3395000,0.48293522000312805,0.59060001373291016
6680,3.3400000,0.4852026104927063,0.59210002422332764
6681,3.3405000,0.4874420166015625,0.59350001811981201
6682,3.3410000,0.48965054750442505,0.59479999542236328
6683,3.3415000,0.49182835221290588,0.59609997272491455
6684,3.3420000,0.49397608637809753,0.59729999303817749
6685,3.3425000,0.49608880281448364,0.59850001335144043
6686,3.3430000,0.49815952777862549,0.59969997406005859
6687,3.3435000,0.50018882751464844,0.60079997777938843
6688,3.3440000,0.5021817684173584,0.60180002450942993
6689,3.3445000,0.5041428804397583,0.60280001163482666
6690,3.3450000,0.50607204437255859,0.60379999876022339
6691,3.3455000,0.50796389579772949,0.60470002889633179
6692,3.3460000,0.5098191499710083,0.60559999942779541
6693,3.3465000,0.51164066791534424,0.6064000129699707
6694,3.3470000,0.51342570781707764,0.607200026512146
6695,3.3475000,0.51517510414123535,0.60790002346038818
6696,3.3480000,0.51688861846923828,0.60860002040863037
6697,3.3485000,0.51856100559234619,0.60920000076293945
6698,3.3490000,0.52018952369689941,0.60979998111724854
6699,3.3495000,0.52177214622497559,0.61040002107620239
6700,3.3500000,0.5233079195022583,0.61089998483657837
6701,3.3505000,0.52479696273803711,0.61129999160766602
6702,3.3510000,0.52623802423477173,0.61169999837875366
6703,3.3515000,0.52763199806213379,0.6119999885559082
6704,3.3520000,0.52898216247558594,0.61220002174377441
6705,3.3525000,0.53029203414916992,0.61239999532699585
6706,3.3530000,0.53156429529190063,0.61250001192092896
6707,3.3535000,0.53279906511306763,0.61260002851486206
6708,3.3540000,0.53399711847305298,0.61260002851486206
6709,3.3545000,0.53515744209289551,0.61250001192092896
6710,3.3550000,0.53627133369445801,0.61229997873306274
6711,3.3555000,0.537334144115448,0.6119999885559082
6712,3.3560000,0.53834021091461182,0.61159998178482056
6713,3.3565000,0.53927814960479736,0.61119997501373291
6714,3.3570000,0.5401461124420166,0.61059999465942383
6715,3.3575000,0.5409432053565979,0.60989999771118164
6716,3.3580000,0.54166603088378906,0.60920000076293945
6717,3.3585000,0.54231148958206177,0.60829997062683105
6718,3.3590000,0.54287207126617432,0.607200026512146
6719,3.3595000,0.5433502197265625,0.60610002279281616
6720,3.3600000,0.54374778270721436,0.60479998588562012
6721,3.3605000,0.54404902458190918,0.60339999198913574
6722,3.3610000,0.54424667358398438,0.60180002450942993
6723,3.3615000,0.54434287548065186,0.60009998083114624
6724,3.3620000,0.54433238506317139,0.59820002317428589
6725,3.3625000,0.54421103000640869,0.59619998931884766
6726,3.3630000,0.54397809505462646,0.59399998188018799
6727,3.3635000,0.54363453388214111,0.59160000085830688
6728,3.3640000,0.54318028688430786,0.58910000324249268
6729,3.3645000,0.54261243343353271,0.58630001544952393
6730,3.3650000,0.54193085432052612,0.58340001106262207
6731,3.3655000,0.54113292694091797,0.580299973487854
6732,3.3660000,0.54021167755126953,0.57700002193450928
6733,3.3665000,0.53916275501251221,0.57349997758865356
6734,3.3670000,0.53798329830169678,0.56970000267028809
6735,3.3675000,0.53666830062866211,0.5658000111579895
6736,3.3680000,0.53520917892456055,0.56160002946853638
6737,3.3685000,0.53360182046890259,0.55720001459121704
6738,3.3690000,0.53184974193572998,0.55260002613067627
6739,3.3695000,0.52995574474334717,0.54780000448226929
6740,3.3700000,0.5279192328453064,0.54269999265670776
6741,3.3705000,0.52573466300964355,0.5374000072479248
6742,3.3710000,0.52339303493499756,0.53179997205734253
6743,3.3715000,0.52088660001754761,0.52600002288818359
6744,3.3720000,0.51820969581604004,0.51990002393722534
6745,3.3725000,0.51535940170288086,0.51359999179840088
6746,3.3730000,0.51233398914337158,0.50700002908706665
6747,3.3735000,0.509132981300354,0.50019997358322144
6748,3.3740000,0.50575661659240723,0.49309998750686646
6749,3.3745000,0.50219738483428955,0.48570001125335693
6750,3.3750000,0.49844637513160706,0.4781000018119812
6751,3.3755000,0.49450871348381042,0.47020000219345093
6752,3.3760000,0.49038615822792053,0.46209999918937683
6753,3.3765000,0.48606136441230774,0.45370000600814819
6754,3.3770000,0.48152107000350952,0.44499999284744263
6755,3.3775000,0.47676289081573486,0.43610000610351562
6756,3.3780000,0.47178736329078674,0.42689999938011169
6757,3.3785000,0.4665970504283905,0.41749998927116394
6758,3.3790000,0.46119219064712524,0.40779998898506165
6759,3.3795000,0.45557910203933716,0.39789998531341553
6760,3.3800000,0.44976800680160522,0.38769999146461487
6761,3.3805000,0.44376456737518311,0.37729999423027039
6762,3.3810000,0.43757545948028564,0.36660000681877136
6763,3.3815000,0.43120497465133667,0.35569998621940613
6764,3.3820000,0.4246501624584198,0.34459999203681946
6765,3.3825000,0.41790425777435303,0.33320000767707825
6766,3.3830000,0.41096973419189453,0.32170000672340393
6767,3.3835000,0.40385019779205322,0.30989998579025269
6768,3.3840000,0.39653211832046509,0.29800000786781311
6769,3.3845000,0.38900047540664673,0.28580000996589661
6770,3.3850000,0.38126015663146973,0.27340000867843628
6771,3.3855000,0.37332290410995483,0.26089999079704285
6772,3.3860000,0.36518856883049011,0.24819999933242798
6773,3.3865000,0.35685864090919495,0.2354000061750412
6774,3.3870000,0.3483392596244812,0.2223999947309494
6775,3.3875000,0.33963406085968018,0.20919999480247498
6776,3.3880000,0.33075490593910217,0.19589999318122864
6777,3.3885000,0.3217180073261261,0.18250000476837158
6778,3.3890000,0.31253424286842346,0.16899999976158142
6779,3.3895000,0.30321314930915833,0.15539999306201935
6780,3.3900000,0.29375916719436646,0.14169999957084656
6781,3.3905000,0.28417152166366577,0.12790000438690186
6782,3.3910000,0.27445352077484131,0.11400000005960464
6783,3.3915000,0.26460301876068115,0.10000000149011612
6784,3.3920000,0.25461435317993164,0.086099997162818909
6785,3.3925000,0.24449603259563446,0.071999996900558472
6786,3.3930000,0.23426106572151184,0.057999998331069946
6787,3.3935000,0.22391000390052795,0.043900001794099808
6788,3.3940000,0.21344323456287384,0.029799999669194221
6789,3.3945000,0.20287290215492249,0.015699999406933784
6790,3.3950000,0.19220764935016632,0.0015999999595806003
6791,3.3955000,0.18144921958446503,-0.012500000186264515
6792,3.3960000,0.17059671878814697,-0.026499999687075615
6793,3.3965000,0.1596493273973465,-0.040600001811981201
6794,3.3970000,0.14861059188842773,-0.054499998688697815
6795,3.3975000,0.13748453557491302,-0.068400003015995026
6796,3.3980000,0.12627685070037842,-0.082299999892711639
6797,3.3985000,0.11499097943305969,-0.096100002527236938
6798,3.3990000,0.10362773388624191,-0.10980000346899033
6799,3.3995000,0.092187151312828064,-0.1234000027179718
6800,3.4000000,0.080674193799495697,-0.13699999451637268
6801,3.4005000,0.069105654954910278,-0.15039999783039093
6802,3.4010000,0.057489320635795593,-0.16380000114440918
6803,3.4015000,0.045827962458133698,-0.17700000107288361
6804,3.4020000,0.034134730696678162,-0.19009999930858612
6805,3.4025000,0.02241823822259903,-0.20309999585151672
6806,3.4030000,0.010678496211767197,-0.21600000560283661
6807,3.4035000,-0.0010913144797086716,-0.22879999876022339
6808,3.4040000,-0.012891829945147038,-0.24140000343322754
6809,3.4045000,-0.024712150916457176,-0.25389999151229858
6810,3.4050000,-0.036548301577568054,-0.26620000600814819
6811,3.4055000,-0.048396050930023193,-0.2784000039100647
6812,3.4060000,-0.060239393264055252,-0.29039999842643738
6813,3.4065000,-0.072063654661178589,-0.30230000615119934
6814,3.4070000,-0.083864703774452209,-0.31400001049041748
6815,3.4075000,-0.095645025372505188,-0.32559999823570251
6816,3.4080000,-0.10739519447088242,-0.33700001239776611
6817,3.4085000,-0.11909304559230804,-0.3481999933719635
6818,3.4090000,-0.13072609901428223,-0.35929998755455017
6819,3.4095000,-0.1422853022813797,-0.37020000815391541
6820,3.4100000,-0.15376144647598267,-0.38089999556541443
6821,3.4105000,-0.1651483029127121,-0.39149999618530273
6822,3.4110000,-0.17643715441226959,-0.40189999341964722
6823,3.4115000,-0.18762397766113281,-0.41209998726844788
6824,3.4120000,-0.19870026409626007,-0.4221000075340271
6825,3.4125000,-0.20964907109737396,-0.43200001120567322
6826,3.4130000,-0.22046069800853729,-0.44159999489784241
6827,3.4135000,-0.23113323748111725,-0.45109999179840088
6828,3.4140000,-0.24166864156723022,-0.46039998531341553
6829,3.4145000,-0.25206619501113892,-0.46950000524520874
6830,3.4150000,-0.2623177170753479,-0.47839999198913574
6831,3.4155000,-0.27241796255111694,-0.48710000514984131
6832,3.4160000,-0.28236794471740723,-0.49570000171661377
6833,3.4165000,-0.29216885566711426,-0.50400000810623169
6834,3.4170000,-0.30181789398193359,-0.5121999979019165
6835,3.4175000,-0.31131404638290405,-0.52009999752044678
6836,3.4180000,-0.32065987586975098,-0.52789998054504395
6837,3.4185000,-0.32984998822212219,-0.53539997339248657
6838,3.4190000,-0.33887773752212524,-0.54280000925064087
6839,3.4195000,-0.34774535894393921,-0.54989999532699585
6840,3.4200000,-0.35645192861557007,-0.5569000244140625
6841,3.4205000,-0.36498767137527466,-0.56360000371932983
6842,3.4210000,-0.37334522604942322,-0.57020002603530884
6843,3.4215000,-0.38152909278869629,-0.57649999856948853
6844,3.4220000,-0.38954260945320129,-0.58270001411437988
6845,3.4225000,-0.39737656712532043,-0.58859997987747192
6846,3.4230000,-0.40502744913101196,-0.59439998865127563
6847,3.4235000,-0.41249909996986389,-0.5999000072479248
6848,3.4240000,-0.41979461908340454,-0.60519999265670776
6849,3.4245000,-0.42692139744758606,-0.61040002107620239
6850,3.4250000,-0.43388012051582336,-0.61529999971389771
6851,3.4255000,-0.44066843390464783,-0.62000000476837158
6852,3.4260000,-0.4472942054271698,-0.62449997663497925
6853,3.4265000,-0.45375838875770569,-0.62889999151229858
6854,3.4270000,-0.46005034446716309,-0.63300001621246338
6855,3.4275000,-0.46616184711456299,-0.63690000772476196
6856,3.4280000,-0.4720977246761322,-0.64069998264312744
6857,3.4285000,-0.47787484526634216,-0.64420002698898315
6858,3.4290000,-0.48350337147712708,-0.64759999513626099
6859,3.4295000,-0.488984614610672,-0.65079998970031738
6860,3.4300000,-0.49431931972503662,-0.65380001068115234
6861,3.4305000,-0.49950605630874634,-0.65659999847412109
6862,3.4310000,-0.50454354286193848,-0.65920001268386841
6863,3.4315000,-0.50943094491958618,-0.66159999370574951
6864,3.4320000,-0.51415812969207764,-0.66390001773834229
6865,3.4325000,-0.51871341466903687,-0.66600000858306885
6866,3.4330000,-0.52309638261795044,-0.6679999828338623
6867,3.4335000,-0.5273095965385437,-0.66979998350143433
6868,3.4340000,-0.53135323524475098,-0.67140001058578491
6869,3.4345000,-0.53522574901580811,-0.67290002107620239
6870,3.4350000,-0.53892809152603149,-0.67430001497268677
6871,3.4355000,-0.54246550798416138,-0.67549997568130493
6872,3.4360000,-0.54583686590194702,-0.67650002241134644
6873,3.4365000,-0.54903513193130493,-0.67750000953674316
6874,3.4370000,-0.55205881595611572,-0.67830002307891846
6875,3.4375000,-0.5549091100692749,-0.67900002002716064
6876,3.4380000,-0.55758905410766602,-0.67960000038146973
6877,3.4385000,-0.56010448932647705,-0.68010002374649048
6878,3.4390000,-0.56246209144592285,-0.68049997091293335
6879,3.4395000,-0.56467050313949585,-0.68070000410079956
6880,3.4400000,-0.56673973798751831,-0.680899977684021
6881,3.4405000,-0.56868410110473633,-0.68110001087188721
6882,3.4410000,-0.57051277160644531,-0.68110001087188721
6883,3.4415000,-0.57221966981887817,-0.68110001087188721
6884,3.4420000,-0.57380187511444092,-0.6809999942779541
6885,3.4425000,-0.57526993751525879,-0.68080002069473267
6886,3.4430000,-0.57663100957870483,-0.68059998750686646
6887,3.4435000,-0.57788491249084473,-0.68029999732971191
6888,3.4440000,-0.57903903722763062,-0.68000000715255737
6889,3.4445000,-0.58010405302047729,-0.67960000038146973
6890,3.4450000,-0.58108192682266235,-0.67919999361038208
6891,3.4455000,-0.58197081089019775,-0.67879998683929443
6892,3.4460000,-0.58277541399002075,-0.67830002307891846
6893,3.4465000,-0.58350348472595215,-0.67790001630783081
6894,3.4470000,-0.58415776491165161,-0.67729997634887695
6895,3.4475000,-0.58473759889602661,-0.67680001258850098
6896,3.4480000,-0.58524352312088013,-0.67619997262954712
6897,3.4485000,-0.58567458391189575,-0.67570000886917114
6898,3.4490000,-0.58603209257125854,-0.67510002851486206
6899,3.4495000,-0.58632338047027588,-0.6744999885559082
6900,3.4500000,-0.58655059337615967,-0.67390000820159912
6901,3.4505000,-0.58671265840530396,-0.67330002784729004
6902,3.4510000,-0.58681398630142212,-0.67269998788833618
6903,3.4515000,-0.58685892820358276,-0.6721000075340271
6904,3.4520000,-0.58684182167053223,-0.67140001058578491
6905,3.4525000,-0.58675158023834229,-0.67079997062683105
6906,3.4530000,-0.58658814430236816,-0.67009997367858887
6907,3.4535000,-0.58636093139648438,-0.66949999332427979
6908,3.4540000,-0.58607590198516846,-0.6687999963760376
6909,3.4545000,-0.58573383092880249,-0.66820001602172852
6910,3.4550000,-0.58533591032028198,-0.66750001907348633
6911,3.4555000,-0.58488529920578003,-0.66680002212524414
6912,3.4560000,-0.58437848091125488,-0.66610002517700195
6913,3.4565000,-0.58380836248397827,-0.6654999852180481
6914,3.4570000,-0.58317446708679199,-0.6646999716758728
6915,3.4575000,-0.58248037099838257,-0.66399997472763062
6916,3.4580000,-0.58173269033432007,-0.66329997777938843
6917,3.4585000,-0.5809364914894104,-0.66250002384185791
6918,3.4590000,-0.58009445667266846,-0.66170001029968262
6919,3.4595000,-0.57921129465103149,-0.66089999675750732
6920,3.4600000,-0.57827955484390259,-0.66009998321533203
6921,3.4605000,-0.57728713750839233,-0.65920001268386841
6922,3.4610000,-0.57623547315597534,-0.65829998254776001
6923,3.4615000,-0.57513147592544556,-0.65740001201629639
6924,3.4620000,-0.57398146390914917,-0.65640002489089966
6925,3.4625000,-0.57278817892074585,-0.65539997816085815
6926,3.4630000,-0.57155317068099976,-0.65429997444152832
6927,3.4635000,-0.57028341293334961,-0.65329998731613159
6928,3.4640000,-0.5689847469329834,-0.65210002660751343
6929,3.4645000,-0.56765931844711304,-0.65090000629425049
6930,3.4650000,-0.5663105845451355,-0.64969998598098755
6931,3.4655000,-0.56494247913360596,-0.64840000867843628
6932,3.4660000,-0.56355726718902588,-0.64709997177124023
6933,3.4665000,-0.56215661764144897,-0.64569997787475586
6934,3.4670000,-0.56073951721191406,-0.64420002698898315
6935,3.4675000,-0.55930715799331665,-0.64270001649856567
6936,3.4680000,-0.55786430835723877,-0.64109998941421509
6937,3.4685000,-0.55641400814056396,-0.63950002193450928
6938,3.4690000,-0.55495691299438477,-0.63779997825622559
6939,3.4695000,-0.55349212884902954,-0.63599997758865356
6940,3.4700000,-0.55202090740203857,-0.63419997692108154
6941,3.4705000,-0.55054497718811035,-0.63230001926422119
6942,3.4710000,-0.54906237125396729,-0.63029998540878296
6943,3.4715000,-0.5475659966468811,-0.6283000111579895
6944,3.4720000,-0.54605096578598022,-0.62620002031326294
6945,3.4725000,-0.54452401399612427,-0.62410002946853638
6946,3.4730000,-0.54299205541610718,-0.62190002202987671
6947,3.4735000,-0.54145479202270508,-0.61970001459121704
6948,3.4740000,-0.53990793228149414,-0.61729997396469116
6949,3.4745000,-0.53834962844848633,-0.61500000953674316
6950,3.4750000,-0.53678107261657715,-0.61260002851486206
6951,3.4755000,-0.53519803285598755,-0.61009997129440308
6952,3.4760000,-0.53359150886535645,-0.60759997367858887
6953,3.4765000,-0.53195178508758545,-0.60509997606277466
6954,3.4770000,-0.53027629852294922,-0.60250002145767212
6955,3.4775000,-0.52857029438018799,-0.5999000072479248
6956,3.4780000,-0.52683520317077637,-0.59719997644424438
6957,3.4785000,-0.52506637573242188,-0.59450000524520874
6958,3.4790000,-0.52326083183288574,-0.59179997444152832
6959,3.4795000,-0.52142190933227539,-0.58910000324249268
6960,3.4800000,-0.51955950260162354,-0.58639997243881226
6961,3.4805000,-0.51768326759338379,-0.58359998464584351
6962,3.4810000,-0.51579511165618896,-0.58090001344680786
6963,3.4815000,-0.51389360427856445,-0.57810002565383911
6964,3.4820000,-0.51197493076324463,-0.57529997825622559
6965,3.4825000,-0.51003825664520264,-0.57260000705718994
6966,3.4830000,-0.50808823108673096,-0.56989997625350952
6967,3.4835000,-0.50612294673919678,-0.56709998846054077
6968,3.4840000,-0.50414359569549561,-0.56440001726150513
6969,3.4845000,-0.50215888023376465,-0.56169998645782471
6970,3.4850000,-0.50016999244689941,-0.55900001525878906
6971,3.4855000,-0.49817553162574768,-0.55640000104904175
6972,3.4860000,-0.49617883563041687,-0.55379998683929443
6973,3.4865000,-0.49417954683303833,-0.55119997262954712
6974,3.4870000,-0.49217206239700317,-0.54869997501373291
6975,3.4875000,-0.49015355110168457,-0.5461999773979187
6976,3.4880000,-0.48812973499298096,-0.54369997978210449
6977,3.4885000,-0.48611050844192505,-0.54129999876022339
6978,3.4890000,-0.48410123586654663,-0.53890001773834229
6979,3.4895000,-0.48210242390632629,-0.53659999370574951
6980,3.4900000,-0.48011231422424316,-0.53430002927780151
6981,3.4905000,-0.47812888026237488,-0.53200000524520874
6982,3.4910000,-0.47614902257919312,-0.52979999780654907
6983,3.4915000,-0.47416839003562927,-0.52770000696182251
6984,3.4920000,-0.47218647599220276,-0.52549999952316284
6985,3.4925000,-0.47020766139030457,-0.52350002527236938
6986,3.4930000,-0.4682355523109436,-0.52139997482299805
6987,3.4935000,-0.46626996994018555,-0.5195000171661377
6988,3.4940000,-0.46430981159210205,-0.51749998331069946
6989,3.4945000,-0.46235331892967224,-0.51560002565383911
6990,3.4950000,-0.46039620041847229,-0.51370000839233398
6991,3.4955000,-0.45843428373336792,-0.51190000772476196
6992,3.4960000,-0.45646458864212036,-0.50999999046325684
6993,3.4965000,-0.45448660850524902,-0.50830000638961792
6994,3.4970000,-0.45250251889228821,-0.5065000057220459
6995,3.4975000,-0.45051008462905884,-0.50470000505447388
6996,3.4980000,-0.44850492477416992,-0.50300002098083496
6997,3.4985000,-0.44648796319961548,-0.50129997730255127
6998,3.4990000,-0.44446274638175964,-0.49959999322891235
6999,3.4995000,-0.4424305260181427,-0.49790000915527344
7000,3.5000000,-0.44038864970207214,-0.49619999527931213
7001,3.5005000,-0.43833282589912415,-0.49450001120567322
7002,3.5010000,-0.43626198172569275,-0.49279999732971191
7003,3.5015000,-0.43417653441429138,-0.491100013256073
7004,3.5020000,-0.43207678198814392,-0.48939999938011169
7005,3.5025000,-0.42996618151664734,-0.48769998550415039
7006,3.5030000,-0.42784786224365234,-0.48590001463890076
7007,3.5035000,-0.42572113871574402,-0.48420000076293945
7008,3.5040000,-0.42359289526939392,-0.48240000009536743
7009,3.5045000,-0.42147409915924072,-0.48059999942779541
7010,3.5050000,-0.41936296224594116,-0.47870001196861267
7011,3.5055000,-0.41725340485572815,-0.47690001130104065
7012,3.5060000,-0.41514626145362854,-0.47499999403953552
7013,3.5065000,-0.4130437970161438,-0.47299998998641968
7014,3.5070000,-0.41094574332237244,-0.47099998593330383
7015,3.5075000,-0.40885481238365173,-0.46900001168251038
7016,3.5080000,-0.40678441524505615,-0.46700000762939453
7017,3.5085000,-0.40474745631217957,-0.46489998698234558
7018,3.5090000,-0.40273994207382202,-0.46279999613761902
7019,3.5095000,-0.40075445175170898,-0.46059998869895935
7020,3.5100000,-0.39879029989242554,-0.45840001106262207
7021,3.5105000,-0.39684736728668213,-0.4560999870300293
7022,3.5110000,-0.39492440223693848,-0.45379999279975891
7023,3.5115000,-0.39301815629005432,-0.45149999856948853
7024,3.5120000,-0.39113134145736694,-0.44909998774528503
7025,3.5125000,-0.38926991820335388,-0.44670000672340393
7026,3.5130000,-0.38743007183074951,-0.44420000910758972
7027,3.5135000,-0.3856060802936554,-0.44170001149177551
7028,3.5140000,-0.38379877805709839,-0.4392000138759613
7029,3.5145000,-0.38200730085372925,-0.43669998645782471
7030,3.5150000,-0.38022831082344055,-0.43410000205039978
7031,3.5155000,-0.37846162915229797,-0.43149998784065247
7032,3.5160000,-0.37671029567718506,-0.42890000343322754
7033,3.5165000,-0.37497517466545105,-0.42620000243186951
7034,3.5170000,-0.37325465679168701,-0.42350000143051147
7035,3.5175000,-0.37154754996299744,-0.42080000042915344
7036,3.5180000,-0.36985287070274353,-0.41819998621940613
7037,3.5185000,-0.36817288398742676,-0.41539999842643738
7038,3.5190000,-0.36650753021240234,-0.41269999742507935
7039,3.5195000,-0.36485189199447632,-0.40999999642372131
7040,3.5200000,-0.36320188641548157,-0.40729999542236328
7041,3.5205000,-0.36155110597610474,-0.40459999442100525
7042,3.5210000,-0.35989570617675781,-0.40189999341964722
7043,3.5215000,-0.35823780298233032,-0.39919999241828918
7044,3.5220000,-0.3565804660320282,-0.39649999141693115
7045,3.5225000,-0.35492786765098572,-0.39390000700950623
7046,3.5230000,-0.35328254103660583,-0.39120000600814819
7047,3.5235000,-0.35164546966552734,-0.38859999179840088
7048,3.5240000,-0.35002011060714722,-0.38600000739097595
7049,3.5245000,-0.34840840101242065,-0.38339999318122864
7050,3.5250000,-0.34680828452110291,-0.38089999556541443
7051,3.5255000,-0.34521615505218506,-0.37839999794960022
7052,3.5260000,-0.34363079071044922,-0.37590000033378601
7053,3.5265000,-0.34205770492553711,-0.37349998950958252
7054,3.5270000,-0.3405001163482666,-0.37110000848770142
7055,3.5275000,-0.33895429968833923,-0.36869999766349792
7056,3.5280000,-0.33742231130599976,-0.36629998683929443
7057,3.5285000,-0.33590945601463318,-0.36410000920295715
7058,3.5290000,-0.33441606163978577,-0.36179998517036438
7059,3.5295000,-0.33294036984443665,-0.3596000075340271
7060,3.5300000,-0.33147966861724854,-0.35740000009536743
7061,3.5305000,-0.33003196120262146,-0.35530000925064087
7062,3.5310000,-0.32859519124031067,-0.35319998860359192
7063,3.5315000,-0.32716953754425049,-0.35120001435279846
7064,3.5320000,-0.32576173543930054,-0.34909999370574951
7065,3.5325000,-0.32437554001808167,-0.34720000624656677
7066,3.5330000,-0.32300698757171631,-0.34520000219345093
7067,3.5335000,-0.32164996862411499,-0.34340000152587891
7068,3.5340000,-0.32030236721038818,-0.34150001406669617
7069,3.5345000,-0.31896638870239258,-0.33970001339912415
7070,3.5350000,-0.31764185428619385,-0.33790001273155212
7071,3.5355000,-0.31632533669471741,-0.33619999885559082
7072,3.5360000,-0.31501060724258423,-0.3343999981880188
7073,3.5365000,-0.3136884868144989,-0.3328000009059906
7074,3.5370000,-0.31235423684120178,-0.3310999870300293
7075,3.5375000,-0.31100958585739136,-0.3294999897480011
7076,3.5380000,-0.30965596437454224,-0.3278999924659729
7077,3.5385000,-0.30829474329948425,-0.3262999951839447
7078,3.5390000,-0.3069286048412323,-0.3246999979019165
7079,3.5395000,-0.3055604100227356,-0.32319998741149902
7080,3.5400000,-0.30419087409973145,-0.32170000672340393
7081,3.5405000,-0.30281803011894226,-0.32019999623298645
7082,3.5410000,-0.30144089460372925,-0.31869998574256897
7083,3.5415000,-0.30005842447280884,-0.31729999184608459
7084,3.5420000,-0.29866945743560791,-0.31589999794960022
7085,3.5425000,-0.29727530479431152,-0.31439998745918274
7086,3.5430000,-0.29587858915328979,-0.31299999356269836
7087,3.5435000,-0.29448223114013672,-0.31159999966621399
7088,3.5440000,-0.29308468103408813,-0.31020000576972961
7089,3.5445000,-0.29167932271957397,-0.30880001187324524
7090,3.5450000,-0.290265291929245,-0.30739998817443848
7091,3.5455000,-0.2888484001159668,-0.30610001087188721
7092,3.5460000,-0.28743109107017517,-0.30469998717308044
7093,3.5465000,-0.28601324558258057,-0.30329999327659607
7094,3.5470000,-0.28459540009498596,-0.30199998617172241
7095,3.5475000,-0.28317978978157043,-0.30059999227523804
7096,3.5480000,-0.2817729115486145,-0.29929998517036438
7097,3.5485000,-0.28037998080253601,-0.29789999127388
7098,3.5490000,-0.27900353074073792,-0.29660001397132874
7099,3.5495000,-0.2776465117931366,-0.29530000686645508
7100,3.5500000,-0.2763083279132843,-0.2939000129699707
7101,3.5505000,-0.27498620748519897,-0.29260000586509705
7102,3.5510000,-0.27367964386940002,-0.29129999876022339
7103,3.5515000,-0.27238604426383972,-0.28990000486373901
7104,3.5520000,-0.27109956741333008,-0.28859999775886536
7105,3.5525000,-0.26981556415557861,-0.2872999906539917
7106,3.5530000,-0.26853317022323608,-0.28600001335144043
7107,3.5535000,-0.2672538161277771,-0.28459998965263367
7108,3.5540000,-0.26597952842712402,-0.2833000123500824
7109,3.5545000,-0.2647131085395813,-0.28200000524520874
7110,3.5550000,-0.26345473527908325,-0.28069999814033508
7111,3.5555000,-0.26220148801803589,-0.27939999103546143
7112,3.5560000,-0.26094996929168701,-0.27810001373291016
7113,3.5565000,-0.2596966028213501,-0.2768000066280365
7114,3.5570000,-0.25843900442123413,-0.27549999952316284
7115,3.5575000,-0.25717639923095703,-0.27419999241828918
7116,3.5580000,-0.25591093301773071,-0.27289998531341553
7117,3.5585000,-0.25464588403701782,-0.27169999480247498
7118,3.5590000,-0.25338190793991089,-0.27039998769760132
7119,3.5595000,-0.25211828947067261,-0.26919999718666077
7120,3.5600000,-0.25085094571113586,-0.26789999008178711
7121,3.5605000,-0.24957194924354553,-0.26669999957084656
7122,3.5610000,-0.24827860295772552,-0.26550000905990601
7123,3.5615000,-0.24697446823120117,-0.26429998874664307
7124,3.5620000,-0.24566426873207092,-0.26309999823570251
7125,3.5625000,-0.24435369670391083,-0.26190000772476196
7126,3.5630000,-0.24304647743701935,-0.26080000400543213
7127,3.5635000,-0.24174277484416962,-0.25960001349449158
7128,3.5640000,-0.24044963717460632,-0.25850000977516174
7129,3.5645000,-0.23918139934539795,-0.25740000605583191
7130,3.5650000,-0.23794606328010559,-0.25630000233650208
7131,3.5655000,-0.23674438893795013,-0.25519999861717224
7132,3.5660000,-0.23557646572589874,-0.25420001149177551
7133,3.5665000,-0.2344418466091156,-0.2531999945640564
7134,3.5670000,-0.23333682119846344,-0.25220000743865967
7135,3.5675000,-0.23225681483745575,-0.25119999051094055
7136,3.5680000,-0.23119999468326569,-0.25020000338554382
7137,3.5685000,-0.23016674816608429,-0.24930000305175781
7138,3.5690000,-0.22915741801261902,-0.2484000027179718
7139,3.5695000,-0.22817032039165497,-0.24750000238418579
7140,3.5700000,-0.22720330953598022,-0.24660000205039978
7141,3.5705000,-0.22625572979450226,-0.24580000340938568
7142,3.5710000,-0.22532887756824493,-0.24500000476837158
7143,3.5715000,-0.22442497313022614,-0.24420000612735748
7144,3.5720000,-0.22354653477668762,-0.2434999942779541
7145,3.5725000,-0.22269618511199951,-0.24279999732971191
7146,3.5730000,-0.2218744158744812,-0.24210000038146973
7147,3.5735000,-0.22107833623886108,-0.24140000343322754
7148,3.5740000,-0.22030375897884369,-0.24079999327659607
7149,3.5745000,-0.21954691410064697,-0.24019999802112579
7150,3.5750000,-0.2188066840171814,-0.23960000276565552
7151,3.5755000,-0.21808505058288574,-0.23909999430179596
7152,3.5760000,-0.21738100051879883,-0.2386000007390976
7153,3.5765000,-0.21668986976146698,-0.23810000717639923
7154,3.5770000,-0.21600869297981262,-0.23759999871253967
7155,3.5775000,-0.21533648669719696,-0.23720000684261322
7156,3.5780000,-0.21467255055904388,-0.23680000007152557
7157,3.5785000,-0.2140151709318161,-0.23639999330043793
7158,3.5790000,-0.21336181461811066,-0.23600000143051147
7159,3.5795000,-0.21271048486232758,-0.23569999635219574
7160,3.5800000,-0.21205970644950867,-0.2354000061750412
7161,3.5805000,-0.21140876412391663,-0.23510000109672546
7162,3.5810000,-0.21075734496116638,-0.23479999601840973
7163,3.5815000,-0.21010500192642212,-0.23459999263286591
7164,3.5820000,-0.20945344865322113,-0.23440000414848328
7165,3.5825000,-0.20880284905433655,-0.23409999907016754
7166,3.5830000,-0.20814821124076843,-0.23399999737739563
7167,3.5835000,-0.2074858695268631,-0.23379999399185181
7168,3.5840000,-0.20681130886077881,-0.23360000550746918
7169,3.5845000,-0.20611785352230072,-0.23350000381469727
7170,3.5850000,-0.20540341734886169,-0.23330000042915344
7171,3.5855000,-0.20466950535774231,-0.23319999873638153
7172,3.5860000,-0.20391961932182312,-0.23309999704360962
7173,3.5865000,-0.20315709710121155,-0.23299999535083771
7174,3.5870000,-0.20238059759140015,-0.23280000686645508
7175,3.5875000,-0.20158830285072327,-0.23270000517368317
7176,3.5880000,-0.20078043639659882,-0.23260000348091125
7177,3.5885000,-0.19995704293251038,-0.23250000178813934
7178,3.5890000,-0.19911941885948181,-0.23240000009536743
7179,3.5895000,-0.19826792180538177,-0.23229999840259552
7180,3.5900000,-0.19740375876426697,-0.23219999670982361
7181,3.5905000,-0.19652961194515228,-0.23199999332427979
7182,3.5910000,-0.19564467668533325,-0.23190000653266907
7183,3.5915000,-0.19474801421165466,-0.23170000314712524
7184,3.5920000,-0.19383955001831055,-0.23160000145435333
7185,3.5925000,-0.19291761517524719,-0.23139999806880951
7186,3.5930000,-0.19198121130466461,-0.23119999468326569
7187,3.5935000,-0.19103139638900757,-0.23100000619888306
7188,3.5940000,-0.19007183611392975,-0.23080000281333923
7189,3.5945000,-0.18910562992095947,-0.2304999977350235
7190,3.5950000,-0.18813137710094452,-0.23019999265670776
7191,3.5955000,-0.1871473491191864,-0.22990000247955322
7192,3.5960000,-0.18615445494651794,-0.22959999740123749
7193,3.5965000,-0.18515379726886749,-0.22930000722408295
7194,3.5970000,-0.18414561450481415,-0.2289000004529953
7195,3.5975000,-0.18312959372997284,-0.22849999368190765
7196,3.5980000,-0.18210868537425995,-0.2281000018119812
7197,3.5985000,-0.18108817934989929,-0.22769999504089355
7198,3.5990000,-0.18006885051727295,-0.22720000147819519
7199,3.5995000,-0.17904959619045258,-0.22669999301433563
7200,3.6000000,-0.17802982032299042,-0.22619999945163727
7201,3.6005000,-0.17700795829296112,-0.22560000419616699
7202,3.6010000,-0.1759839653968811,-0.22499999403953552
7203,3.6015000,-0.17495749890804291,-0.22439999878406525
7204,3.6020000,-0.17392943799495697,-0.22380000352859497
7205,3.6025000,-0.17290489375591278,-0.22310000658035278
7206,3.6030000,-0.17188586294651031,-0.22249999642372131
7207,3.6035000,-0.17086949944496155,-0.22169999778270721
7208,3.6040000,-0.16985654830932617,-0.22100000083446503
7209,3.6045000,-0.16885139048099518,-0.22020000219345093
7210,3.6050000,-0.16785642504692078,-0.21940000355243683
7211,3.6055000,-0.16687145829200745,-0.21860000491142273
7212,3.6060000,-0.16589613258838654,-0.21780000627040863
7213,3.6065000,-0.1649310290813446,-0.21690000593662262
7214,3.6070000,-0.16397520899772644,-0.21610000729560852
7215,3.6075000,-0.16302753984928131,-0.21520000696182251
7216,3.6080000,-0.16208851337432861,-0.2143000066280365
7217,3.6085000,-0.16115760803222656,-0.21330000460147858
7218,3.6090000,-0.16023463010787964,-0.21240000426769257
7219,3.6095000,-0.15932083129882812,-0.21140000224113464
7220,3.6100000,-0.15841659903526306,-0.21050000190734863
7221,3.6105000,-0.15752166509628296,-0.20949999988079071
7222,3.6110000,-0.1566358208656311,-0.20849999785423279
7223,3.6115000,-0.15575917065143585,-0.20749999582767487
7224,3.6120000,-0.15489409863948822,-0.20649999380111694
7225,3.6125000,-0.15404340624809265,-0.20550000667572021
7226,3.6130000,-0.15320733189582825,-0.20450000464916229
7227,3.6135000,-0.15238526463508606,-0.20360000431537628
7228,3.6140000,-0.15157689154148102,-0.20260000228881836
7229,3.6145000,-0.15078163146972656,-0.20160000026226044
7230,3.6150000,-0.14999747276306152,-0.20059999823570251
7231,3.6155000,-0.14922304451465607,-0.19959999620914459
7232,3.6160000,-0.148458331823349,-0.19869999587535858
7233,3.6165000,-0.14770208299160004,-0.19769999384880066
7234,3.6170000,-0.1469530314207077,-0.19679999351501465
7235,3.6175000,-0.14621061086654663,-0.19580000638961792
7236,3.6180000,-0.1454748660326004,-0.19490000605583191
7237,3.6185000,-0.14474599063396454,-0.1940000057220459
7238,3.6190000,-0.14402240514755249,-0.1932000070810318
7239,3.6195000,-0.14330330491065979,-0.19230000674724579
7240,3.6200000,-0.14259205758571625,-0.1914999932050705
7241,3.6205000,-0.14189323782920837,-0.1906999945640564
7242,3.6210000,-0.14120772480964661,-0.1898999959230423
7243,3.6215000,-0.14053329825401306,-0.1890999972820282
7244,3.6220000,-0.1398693323135376,-0.18840000033378601
7245,3.6225000,-0.13921622931957245,-0.18760000169277191
7246,3.6230000,-0.13857276737689972,-0.18690000474452972
7247,3.6235000,-0.13793870806694031,-0.18629999458789825
7248,3.6240000,-0.13731783628463745,-0.18559999763965607
7249,3.6245000,-0.13671572506427765,-0.18500000238418579
7250,3.6250000,-0.13613414764404297,-0.18440000712871552
7251,3.6255000,-0.13557016849517822,-0.18389999866485596
7252,3.6260000,-0.13502216339111328,-0.18330000340938568
7253,3.6265000,-0.1344907134771347,-0.18279999494552612
7254,3.6270000,-0.13397365808486938,-0.18240000307559967
7255,3.6275000,-0.13346931338310242,-0.18189999461174011
7256,3.6280000,-0.13297882676124573,-0.18150000274181366
7257,3.6285000,-0.13250273466110229,-0.18109999597072601
7258,3.6290000,-0.13203981518745422,-0.18080000579357147
7259,3.6295000,-0.13158787786960602,-0.18039999902248383
7260,3.6300000,-0.13114553689956665,-0.18009999394416809
7261,3.6305000,-0.13071155548095703,-0.17980000376701355
7262,3.6310000,-0.13028338551521301,-0.17960000038146973
7263,3.6315000,-0.12985855340957642,-0.17929999530315399
7264,3.6320000,-0.12943828105926514,-0.17910000681877136
7265,3.6325000,-0.12902607023715973,-0.17900000512599945
7266,3.6330000,-0.12862181663513184,-0.17880000174045563
7267,3.6335000,-0.12822225689888,-0.17870000004768372
7268,3.6340000,-0.12782414257526398,-0.1785999983549118
7269,3.6345000,-0.1274256706237793,-0.17849999666213989
7270,3.6350000,-0.12702575325965881,-0.17839999496936798
7271,3.6355000,-0.12662264704704285,-0.17839999496936798
7272,3.6360000,-0.12621407210826874,-0.17829999327659607
7273,3.6365000,-0.12579810619354248,-0.17829999327659607
7274,3.6370000,-0.12537409365177155,-0.17829999327659607
7275,3.6375000,-0.12494218349456787,-0.17829999327659607
7276,3.6380000,-0.12450310587882996,-0.17839999496936798
7277,3.6385000,-0.12405741959810257,-0.17839999496936798
7278,3.6390000,-0.12360406666994095,-0.17849999666213989
7279,3.6395000,-0.1231413409113884,-0.17849999666213989
7280,3.6400000,-0.12266964465379715,-0.1785999983549118
7281,3.6405000,-0.12218960374593735,-0.17870000004768372
7282,3.6410000,-0.12170186638832092,-0.17870000004768372
7283,3.6415000,-0.12120801955461502,-0.17880000174045563
7284,3.6420000,-0.12070769071578979,-0.17880000174045563
7285,3.6425000,-0.12020102143287659,-0.17890000343322754
7286,3.6430000,-0.11969029903411865,-0.17890000343322754
7287,3.6435000,-0.1191764697432518,-0.17890000343322754
7288,3.6440000,-0.11866071820259094,-0.17900000512599945
7289,3.6445000,-0.11814519017934799,-0.17890000343322754
7290,3.6450000,-0.11763069778680801,-0.17890000343322754
7291,3.6455000,-0.11711848527193069,-0.17890000343322754
7292,3.6460000,-0.116609126329422,-0.17880000174045563
7293,3.6465000,-0.11610223352909088,-0.17870000004768372
7294,3.6470000,-0.11559881269931793,-0.17849999666213989
7295,3.6475000,-0.11509951204061508,-0.17829999327659607
7296,3.6480000,-0.11460480093955994,-0.17810000479221344
7297,3.6485000,-0.11411584913730621,-0.17790000140666962
7298,3.6490000,-0.11363359540700912,-0.17749999463558197
7299,3.6495000,-0.11315975338220596,-0.17720000445842743
7300,3.6500000,-0.11269538849592209,-0.17679999768733978
7301,3.6505000,-0.11223886162042618,-0.17630000412464142
7302,3.6510000,-0.11178945004940033,-0.17579999566078186
7303,3.6515000,-0.11134821176528931,-0.17520000040531158
7304,3.6520000,-0.11091427505016327,-0.17460000514984131
7305,3.6525000,-0.11048673093318939,-0.17380000650882721
7306,3.6530000,-0.11006557196378708,-0.17309999465942383
7307,3.6535000,-0.10965069383382797,-0.17219999432563782
7308,3.6540000,-0.10924224555492401,-0.17129999399185181
7309,3.6545000,-0.10883963108062744,-0.1703999936580658
7310,3.6550000,-0.10844257473945618,-0.16930000483989716
7311,3.6555000,-0.108050636947155,-0.16820000112056732
7312,3.6560000,-0.10766205191612244,-0.16699999570846558
7313,3.6565000,-0.10727410763502121,-0.16580000519752502
7314,3.6570000,-0.10688468813896179,-0.16439999639987946
7315,3.6575000,-0.10649371892213821,-0.16310000419616699
7316,3.6580000,-0.10610140860080719,-0.16159999370574951
7317,3.6585000,-0.10570789873600006,-0.16009999811649323
7318,3.6590000,-0.1053139865398407,-0.15850000083446503
7319,3.6595000,-0.10491935908794403,-0.15680000185966492
7320,3.6600000,-0.1045244038105011,-0.15510000288486481
7321,3.6605000,-0.10413017868995667,-0.1534000039100647
7322,3.6610000,-0.10373535007238388,-0.15150000154972076
7323,3.6615000,-0.10333824157714844,-0.14970000088214874
7324,3.6620000,-0.10293755680322647,-0.14779999852180481
7325,3.6625000,-0.10253341495990753,-0.14579999446868896
7326,3.6630000,-0.10212846845388412,-0.14380000531673431
7327,3.6635000,-0.10172364860773087,-0.14169999957084656
7328,3.6640000,-0.10131961852312088,-0.13969999551773071
7329,3.6645000,-0.10091889649629593,-0.13760000467300415
7330,3.6650000,-0.10051997005939484,-0.13549999892711639
7331,3.6655000,-0.1001192182302475,-0.13330000638961792
7332,3.6660000,-0.099715061485767365,-0.13120000064373016
7333,3.6665000,-0.099306710064411163,-0.1289999932050705
7334,3.6670000,-0.09889540821313858,-0.12690000236034393
7335,3.6675000,-0.098480567336082458,-0.12470000237226486
7336,3.6680000,-0.098056674003601074,-0.12250000238418579
7337,3.6685000,-0.097620837390422821,-0.12039999663829803
7338,3.6690000,-0.097172394394874573,-0.11829999834299088
7339,3.6695000,-0.096708305180072784,-0.11620000004768372
7340,3.6700000,-0.096227377653121948,-0.11410000175237656
7341,3.6705000,-0.095730781555175781,-0.11209999769926071
7342,3.6710000,-0.095219172537326813,-0.10999999940395355
7343,3.6715000,-0.09469190239906311,-0.10809999704360962
7344,3.6720000,-0.094148993492126465,-0.10610000044107437
7345,3.6725000,-0.093592673540115356,-0.10429999977350235
7346,3.6730000,-0.093024179339408875,-0.10239999741315842
7347,3.6735000,-0.092442892491817474,-0.10069999843835831
7348,3.6740000,-0.091848410665988922,-0.098999999463558197
7349,3.6745000,-0.091240972280502319,-0.097300000488758087
7350,3.6750000,-0.090621627867221832,-0.095700003206729889
7351,3.6755000,-0.089992381632328033,-0.094200000166893005
7352,3.6760000,-0.089354418218135834,-0.092699997127056122
7353,3.6765000,-0.08870813250541687,-0.091300003230571747
7354,3.6770000,-0.088053636252880096,-0.090000003576278687
7355,3.6775000,-0.087389849126338959,-0.088799998164176941
7356,3.6780000,-0.086716398596763611,-0.087600000202655792
7357,3.6785000,-0.086034446954727173,-0.086499996483325958
7358,3.6790000,-0.085345350205898285,-0.085500001907348633
7359,3.6795000,-0.084650903940200806,-0.08449999988079071
7360,3.6800000,-0.083953775465488434,-0.083700001239776611
7361,3.6805000,-0.083257488906383514,-0.082900002598762512
7362,3.6810000,-0.082563534379005432,-0.082099996507167816
7363,3.6815000,-0.081869035959243774,-0.081399999558925629
7364,3.6820000,-0.081172332167625427,-0.080799996852874756
7365,3.6825000,-0.080474182963371277,-0.080300003290176392
7366,3.6830000,-0.079774685204029083,-0.07980000227689743
7367,3.6835000,-0.079073816537857056,-0.079400002956390381
7368,3.6840000,-0.078370563685894012,-0.079000003635883331
7369,3.6845000,-0.077665753662586212,-0.078699998557567596
7370,3.6850000,-0.076961778104305267,-0.078400000929832458
7371,3.6855000,-0.07625831663608551,-0.078199997544288635
7372,3.6860000,-0.075554244220256805,-0.078000001609325409
7373,3.6865000,-0.074848689138889313,-0.077899999916553497
7374,3.6870000,-0.074140332639217377,-0.077799998223781586
7375,3.6875000,-0.073428139090538025,-0.077699996531009674
7376,3.6880000,-0.072712346911430359,-0.077600002288818359
7377,3.6885000,-0.071996144950389862,-0.077600002288818359
7378,3.6890000,-0.071282558143138885,-0.077600002288818359
7379,3.6895000,-0.070571728050708771,-0.077600002288818359
7380,3.6900000,-0.069862522184848785,-0.077500000596046448
7381,3.6905000,-0.069153465330600739,-0.077500000596046448
7382,3.6910000,-0.068444550037384033,-0.077500000596046448
7383,3.6915000,-0.067734964191913605,-0.077500000596046448
7384,3.6920000,-0.067023180425167084,-0.077500000596046448
7385,3.6925000,-0.066311508417129517,-0.077399998903274536
7386,3.6930000,-0.065602928400039673,-0.077399998903274536
7387,3.6935000,-0.064899004995822906,-0.077299997210502625
7388,3.6940000,-0.064199641346931458,-0.07720000296831131
7389,3.6945000,-0.0635032057762146,-0.076999999582767487
7390,3.6950000,-0.062810763716697693,-0.076899997889995575
7391,3.6955000,-0.062123041599988937,-0.076700001955032349
7392,3.6960000,-0.061437565833330154,-0.076399996876716614
7393,3.6965000,-0.060754545032978058,-0.076099999248981476
7394,3.6970000,-0.060076151043176651,-0.075800001621246338
7395,3.6975000,-0.059401907026767731,-0.075400002300739288
7396,3.6980000,-0.058730762451887131,-0.075000002980232239
7397,3.6985000,-0.05806322768330574,-0.074500001966953278
7398,3.6990000,-0.057400308549404144,-0.074000000953674316
7399,3.6995000,-0.056740451604127884,-0.073399998247623444
7400,3.7000000,-0.05608188733458519,-0.072800002992153168
7401,3.7005000,-0.055426731705665588,-0.072099998593330383
7402,3.7010000,-0.054777253419160843,-0.071400001645088196
7403,3.7015000,-0.0541338250041008,-0.070699997246265411
7404,3.7020000,-0.053496308624744415,-0.069899998605251312
7405,3.7025000,-0.052865233272314072,-0.068999998271465302
7406,3.7030000,-0.052239764481782913,-0.068099997937679291
7407,3.7035000,-0.051616288721561432,-0.06719999760389328
7408,3.7040000,-0.050995226949453354,-0.066200003027915955
7409,3.7045000,-0.050380889326334,-0.065200001001358032
7410,3.7050000,-0.049774132668972015,-0.064099997282028198
7411,3.7055000,-0.049174398183822632,-0.063100002706050873
7412,3.7060000,-0.048582080751657486,-0.061999998986721039
7413,3.7065000,-0.047996826469898224,-0.06080000102519989
7414,3.7070000,-0.047417297959327698,-0.059700001031160355
7415,3.7075000,-0.046841919422149658,-0.058499999344348907
7416,3.7080000,-0.046272996813058853,-0.057300001382827759
7417,3.7085000,-0.045715667307376862,-0.056200001388788223
7418,3.7090000,-0.045171253383159637,-0.054999999701976776
7419,3.7095000,-0.044638935476541519,-0.053800001740455627
7420,3.7100000,-0.04411817342042923,-0.05260000005364418
7421,3.7105000,-0.043607883155345917,-0.051399998366832733
7422,3.7110000,-0.043106872588396072,-0.050200000405311584
7423,3.7115000,-0.042613938450813293,-0.049100000411272049
7424,3.7120000,-0.042130157351493835,-0.048000000417232513
7425,3.7125000,-0.041657362133264542,-0.046799998730421066
7426,3.7130000,-0.041194971650838852,-0.045800000429153442
7427,3.7135000,-0.040742062032222748,-0.044700000435113907
7428,3.7140000,-0.04029739648103714,-0.043699998408555984
7429,3.7145000,-0.039859067648649216,-0.042700000107288361
7430,3.7150000,-0.039425693452358246,-0.041700001806020737
7431,3.7155000,-0.038997404277324677,-0.040800001472234726
7432,3.7160000,-0.038576364517211914,-0.039999999105930328
7433,3.7165000,-0.038164276629686356,-0.039099998772144318
7434,3.7170000,-0.037760820239782333,-0.03840000182390213
7435,3.7175000,-0.037364654242992401,-0.037700001150369644
7436,3.7180000,-0.036974135786294937,-0.037000000476837158
7437,3.7185000,-0.036586835980415344,-0.036400001496076584
7438,3.7190000,-0.036200456321239471,-0.035799998790025711
7439,3.7195000,-0.035814106464385986,-0.035300001502037048
7440,3.7200000,-0.035428080707788467,-0.034800000488758087
7441,3.7205000,-0.035043299198150635,-0.034400001168251038
7442,3.7210000,-0.034659329801797867,-0.034099999815225601
7443,3.7215000,-0.034274406731128693,-0.033799998462200165
7444,3.7220000,-0.033887255936861038,-0.033500000834465027
7445,3.7225000,-0.033496133983135223,-0.033300001174211502
7446,3.7230000,-0.033099144697189331,-0.03319999948143959
7447,3.7235000,-0.032694801688194275,-0.033100001513957977
7448,3.7240000,-0.032282799482345581,-0.032999999821186066
7449,3.7245000,-0.031864799559116364,-0.032900001853704453
7450,3.7250000,-0.031441159546375275,-0.032900001853704453
7451,3.7255000,-0.03101017139852047,-0.032999999821186066
7452,3.7260000,-0.030570529401302338,-0.032999999821186066
7453,3.7265000,-0.03012213297188282,-0.033100001513957977
7454,3.7270000,-0.029664989560842514,-0.033300001174211502
7455,3.7275000,-0.029198769479990005,-0.033399999141693115
7456,3.7280000,-0.028723457828164101,-0.033500000834465027
7457,3.7285000,-0.028238896280527115,-0.033700000494718552
7458,3.7290000,-0.027745723724365234,-0.033799998462200165
7459,3.7295000,-0.027244843542575836,-0.034000001847743988
7460,3.7300000,-0.026735259220004082,-0.034200001507997513
7461,3.7305000,-0.026216836646199226,-0.034299999475479126
7462,3.7310000,-0.025691024959087372,-0.034499999135732651
7463,3.7315000,-0.02515861764550209,-0.034600000828504562
7464,3.7320000,-0.024619374424219131,-0.034699998795986176
7465,3.7325000,-0.02407124824821949,-0.034800000488758087
7466,3.7330000,-0.023513166233897209,-0.0348999984562397
7467,3.7335000,-0.022945502772927284,-0.0348999984562397
7468,3.7340000,-0.022367876023054123,-0.0348999984562397
7469,3.7345000,-0.021781440824270248,-0.0348999984562397
7470,3.7350000,-0.021188240498304367,-0.034800000488758087
7471,3.7355000,-0.020589517429471016,-0.034699998795986176
7472,3.7360000,-0.019984696060419083,-0.034499999135732651
7473,3.7365000,-0.019371272996068001,-0.034299999475479126
7474,3.7370000,-0.018748950213193893,-0.034000001847743988
7475,3.7375000,-0.018117988482117653,-0.033700000494718552
7476,3.7380000,-0.017478136345744133,-0.033399999141693115
7477,3.7385000,-0.016831599175930023,-0.032999999821186066
7478,3.7390000,-0.016180511564016342,-0.032499998807907104
7479,3.7395000,-0.015525862574577332,-0.032000001519918442
7480,3.7400000,-0.0148672079667449,-0.031399998813867569
7481,3.7405000,-0.014202305115759373,-0.030700000002980232
7482,3.7410000,-0.01353042759001255,-0.030099999159574509
7483,3.7415000,-0.012852361425757408,-0.02930000051856041
7484,3.7420000,-0.012168834917247295,-0.028500000014901161
7485,3.7425000,-0.011481413617730141,-0.027699999511241913
7486,3.7430000,-0.01079134363681078,-0.026799999177455902
7487,3.7435000,-0.010099312290549278,-0.025900000706315041
7488,3.7440000,-0.0094054434448480606,-0.024900000542402267
7489,3.7445000,-0.0087090181186795235,-0.023900000378489494
7490,3.7450000,-0.0080112433061003685,-0.022800000384449959
7491,3.7455000,-0.0073135355487465858,-0.021700000390410423
7492,3.7460000,-0.0066163777373731136,-0.020600000396370888
7493,3.7465000,-0.0059217228554189205,-0.01940000057220459
7494,3.7470000,-0.0052307364530861378,-0.018300000578165054
7495,3.7475000,-0.0045437454245984554,-0.017100000753998756
7496,3.7480000,-0.0038620056584477425,-0.015900000929832458
7497,3.7485000,-0.0031867995858192444,-0.014600000344216824
7498,3.7490000,-0.0025196066126227379,-0.013399999588727951
7499,3.7495000,-0.0018610609695315361,-0.012199999764561653
7500,3.7500000,-0.0012114574201405048,-0.010900000110268593
7501,3.7505000,-0.00057201250456273556,-0.0097000002861022949
7502,3.7510000,5.7314522564411163e-05,-0.008500000461935997
7503,3.7515000,0.00067637953907251358,-0.0073000001721084118
7504,3.7520000,0.0012840173440054059,-0.0060999998822808266
7505,3.7525000,0.0018810182809829712,-0.0049000000581145287
7506,3.7530000,0.0024683387018740177,-0.0038000000640749931
7507,3.7535000,0.0030459819827228785,-0.0027000000700354576
7508,3.7540000,0.0036139762960374355,-0.0015999999595806003
7509,3.7545000,0.004171889740973711,-0.00050000002374872565
7510,3.7550000,0.0047205956652760506,0.00050000002374872565
7511,3.7555000,0.0052607357501983643,0.001500000013038516
7512,3.7560000,0.0057914499193429947,0.0024000001139938831
7513,3.7565000,0.0063127712346613407,0.0032999999821186066
7514,3.7570000,0.0068248412571847439,0.00419999985024333
7515,3.7575000,0.0073287468403577805,0.004999999888241291
7516,3.7580000,0.0078258141875267029,0.0057000000961124897
7517,3.7585000,0.0083161350339651108,0.0065000001341104507
7518,3.7590000,0.008801070973277092,0.0071000000461935997
7519,3.7595000,0.0092815356329083443,0.007799999788403511
7520,3.7600000,0.0097568007186055183,0.0082999998703598976
7521,3.7605000,0.010225799866020679,0.0088999997824430466
7522,3.7610000,0.010687100701034069,0.0093000000342726707
7523,3.7615000,0.011140805669128895,0.0098000001162290573
7524,3.7620000,0.011588613502681255,0.010200000368058681
7525,3.7625000,0.012031815946102142,0.010499999858438969
7526,3.7630000,0.012471124529838562,0.010900000110268593
7527,3.7635000,0.012906782329082489,0.01119999960064888
7528,3.7640000,0.013339096680283546,0.011400000192224979
7529,3.7645000,0.013768590055406094,0.011699999682605267
7530,3.7650000,0.014196008443832397,0.011900000274181366
7531,3.7655000,0.01462269201874733,0.012000000104308128
7532,3.7660000,0.015049200505018234,0.012199999764561653
7533,3.7665000,0.015475427731871605,0.012400000356137753
7534,3.7670000,0.015902183949947357,0.012500000186264515
7535,3.7675000,0.016330130398273468,0.012600000016391277
7536,3.7680000,0.016758924350142479,0.01269999984651804
7537,3.7685000,0.017188157886266708,0.012900000438094139
7538,3.7690000,0.017617996782064438,0.013000000268220901
7539,3.7695000,0.018049411475658417,0.013100000098347664
7540,3.7700000,0.018483193591237068,0.013299999758601189
7541,3.7705000,0.018919186666607857,0.013399999588727951
7542,3.7710000,0.019357508048415184,0.01360000018030405
7543,3.7715000,0.01979876309633255,0.013799999840557575
7544,3.7720000,0.020243365317583084,0.014000000432133675
7545,3.7725000,0.02069135382771492,0.014299999922513962
7546,3.7730000,0.021142004057765007,0.014600000344216824
7547,3.7735000,0.02159518375992775,0.014899999834597111
7548,3.7740000,0.022051552310585976,0.015200000256299973
7549,3.7745000,0.022511430084705353,0.015599999576807022
7550,3.7750000,0.022975681349635124,0.016000000759959221
7551,3.7755000,0.023444304242730141,0.01640000008046627
7552,3.7760000,0.023916812613606453,0.016899999231100082
7553,3.7765000,0.024394463747739792,0.017400000244379044
7554,3.7770000,0.024877220392227173,0.017999999225139618
7555,3.7775000,0.02536340244114399,0.018600000068545341
7556,3.7780000,0.02585272304713726,0.019200000911951065
7557,3.7785000,0.02634618803858757,0.019799999892711639
7558,3.7790000,0.026844020932912827,0.020500000566244125
7559,3.7795000,0.027344997972249985,0.021299999207258224
7560,3.7800000,0.027848970144987106,0.02199999988079071
7561,3.7805000,0.028356876224279404,0.022800000384449959
7562,3.7810000,0.028867840766906738,0.023600000888109207
7563,3.7815000,0.029380533844232559,0.024399999529123306
7564,3.7820000,0.029895003885030746,0.025299999862909317
7565,3.7825000,0.030412150546908379,0.026100000366568565
7566,3.7830000,0.030932668596506119,0.027000000700354576
7567,3.7835000,0.031455382704734802,0.027899999171495438
7568,3.7840000,0.03197898343205452,0.028699999675154686
7569,3.7845000,0.032503120601177216,0.029600000008940697
7570,3.7850000,0.033026795834302902,0.030500000342726707
7571,3.7855000,0.033548768609762192,0.031399998813867569
7572,3.7860000,0.034068234264850616,0.032200001180171967
7573,3.7865000,0.034585289657115936,0.033100001513957977
7574,3.7870000,0.035100631415843964,0.033900000154972076
7575,3.7875000,0.035614170134067535,0.034800000488758087
7576,3.7880000,0.036126244813203812,0.035500001162290573
7577,3.7885000,0.036636330187320709,0.036299999803304672
7578,3.7890000,0.037141934037208557,0.037099998444318771
7579,3.7895000,0.037643216550350189,0.037799999117851257
7580,3.7900000,0.038141187280416489,0.038499999791383743
7581,3.7905000,0.03863559290766716,0.039099998772144318
7582,3.7910000,0.039127640426158905,0.03970000147819519
7583,3.7915000,0.039618071168661118,0.040300000458955765
7584,3.7920000,0.040106497704982758,0.040800001472234726
7585,3.7925000,0.040591802448034286,0.041299998760223389
7586,3.7930000,0.041072137653827667,0.041700001806020737
7587,3.7935000,0.041546128690242767,0.042100001126527786
7588,3.7940000,0.042012810707092285,0.042500000447034836
7589,3.7945000,0.04247322678565979,0.042800001800060272
7590,3.7950000,0.042929012328386307,0.04309999942779541
7591,3.7955000,0.043379366397857666,0.043400000780820847
7592,3.7960000,0.043822269886732101,0.043600000441074371
7593,3.7965000,0.044255323708057404,0.043699998408555984
7594,3.7970000,0.044677302241325378,0.043900001794099808
7595,3.7975000,0.045088328421115875,0.043999999761581421
7596,3.7980000,0.045488148927688599,0.043999999761581421
7597,3.7985000,0.045877944678068161,0.044100001454353333
7598,3.7990000,0.046260900795459747,0.044100001454353333
7599,3.7995000,0.04663810133934021,0.043999999761581421
7600,3.8000000,0.047006312757730484,0.043999999761581421
7601,3.8005000,0.047363121062517166,0.043900001794099808
7602,3.8010000,0.047709338366985321,0.043900001794099808
7603,3.8015000,0.048043884336948395,0.043800000101327896
7604,3.8020000,0.048366133123636246,0.043699998408555984
7605,3.8025000,0.048678752034902573,0.043600000441074371
7606,3.8030000,0.048983599990606308,0.043400000780820847
7607,3.8035000,0.049281090497970581,0.043299999088048935
7608,3.8040000,0.049570407718420029,0.043200001120567322
7609,3.8045000,0.049851343035697937,0.04309999942779541
7610,3.8050000,0.050125323235988617,0.042899999767541885
7611,3.8055000,0.050392679870128632,0.042800001800060272
7612,3.8060000,0.050653040409088135,0.042700000107288361
7613,3.8065000,0.050906635820865631,0.042599998414516449
7614,3.8070000,0.05115518718957901,0.042599998414516449
7615,3.8075000,0.051400665193796158,0.042500000447034836
7616,3.8080000,0.051641196012496948,0.042399998754262924
7617,3.8085000,0.051874421536922455,0.042399998754262924
7618,3.8090000,0.052100963890552521,0.042399998754262924
7619,3.8095000,0.052321527153253555,0.042399998754262924
7620,3.8100000,0.052537128329277039,0.042399998754262924
7621,3.8105000,0.05274958536028862,0.042500000447034836
7622,3.8110000,0.052960682660341263,0.042500000447034836
7623,3.8115000,0.05317104235291481,0.042599998414516449
7624,3.8120000,0.053379792720079422,0.042700000107288361
7625,3.8125000,0.053587067872285843,0.042899999767541885
7626,3.8130000,0.053793046623468399,0.043000001460313797
7627,3.8135000,0.053997088223695755,0.043200001120567322
7628,3.8140000,0.054199982434511185,0.043400000780820847
7629,3.8145000,0.054402556270360947,0.043600000441074371
7630,3.8150000,0.054606009274721146,0.043800000101327896
7631,3.8155000,0.054811809211969376,0.044100001454353333
7632,3.8160000,0.055018920451402664,0.04439999908208847
7633,3.8165000,0.055225551128387451,0.044599998742341995
7634,3.8170000,0.055429223924875259,0.044900000095367432
7635,3.8175000,0.055627860128879547,0.045299999415874481
7636,3.8180000,0.05582302063703537,0.045600000768899918
7637,3.8185000,0.056017741560935974,0.045899998396635056
7638,3.8190000,0.0562148317694664,0.046300001442432404
7639,3.8195000,0.056414920836687088,0.046700000762939453
7640,3.8200000,0.056615415960550308,0.046999998390674591
7641,3.8205000,0.056813668459653854,0.047400001436471939
7642,3.8210000,0.057007964700460434,0.047800000756978989
7643,3.8215000,0.057198464870452881,0.048200000077486038
7644,3.8220000,0.05738796666264534,0.048599999397993088
7645,3.8225000,0.057579677551984787,0.048999998718500137
7646,3.8230000,0.057775888592004776,0.049300000071525574
7647,3.8235000,0.057976987212896347,0.049699999392032623
7648,3.8240000,0.05818089097738266,0.050099998712539673
7649,3.8245000,0.058385256677865982,0.050500001758337021
7650,3.8250000,0.058588273823261261,0.05090000107884407
7651,3.8255000,0.058789491653442383,0.051199998706579208
7652,3.8260000,0.05899149551987648,0.051600001752376556
7653,3.8265000,0.059198543429374695,0.051899999380111694
7654,3.8270000,0.059413447976112366,0.052299998700618744
7655,3.8275000,0.059634514153003693,0.05260000005364418
7656,3.8280000,0.059859130531549454,0.052900001406669617
7657,3.8285000,0.060086186975240707,0.053300000727176666
7658,3.8290000,0.060314293950796127,0.053599998354911804
7659,3.8295000,0.060544122010469437,0.053800001740455627
7660,3.8300000,0.060776811093091965,0.054099999368190765
7661,3.8305000,0.061014279723167419,0.054400000721216202
7662,3.8310000,0.061260301619768143,0.054600000381469727
7663,3.8315000,0.061514690518379211,0.054900001734495163
7664,3.8320000,0.061773471534252167,0.055100001394748688
7665,3.8325000,0.062032062560319901,0.055300001055002213
7666,3.8330000,0.062287405133247375,0.055500000715255737
7667,3.8335000,0.062539681792259216,0.055700000375509262
7668,3.8340000,0.062790036201477051,0.055799998342990875
7669,3.8345000,0.06304149329662323,0.056000001728534698
7670,3.8350000,0.063297927379608154,0.056099999696016312
7671,3.8355000,0.063558749854564667,0.056299999356269836
7672,3.8360000,0.063821643590927124,0.056400001049041748
7673,3.8365000,0.064085409045219421,0.056499999016523361
7674,3.8370000,0.064349383115768433,0.056600000709295273
7675,3.8375000,0.064613565802574158,0.056600000709295273
7676,3.8380000,0.06487775593996048,0.056699998676776886
7677,3.8385000,0.065142959356307983,0.056800000369548798
7678,3.8390000,0.065410077571868896,0.056800000369548798
7679,3.8395000,0.065678074955940247,0.056899998337030411
7680,3.8400000,0.065944850444793701,0.056899998337030411
7681,3.8405000,0.066207095980644226,0.056899998337030411
7682,3.8410000,0.066463127732276917,0.056899998337030411
7683,3.8415000,0.066713184118270874,0.056899998337030411
7684,3.8420000,0.066957913339138031,0.056899998337030411
7685,3.8425000,0.067198701202869415,0.056899998337030411
7686,3.8430000,0.067434579133987427,0.056899998337030411
7687,3.8435000,0.067664042115211487,0.056899998337030411
7688,3.8440000,0.067887797951698303,0.056899998337030411
7689,3.8445000,0.068105578422546387,0.056899998337030411
7690,3.8450000,0.068316712975502014,0.056899998337030411
7691,3.8455000,0.068522632122039795,0.056899998337030411
7692,3.8460000,0.068725824356079102,0.056899998337030411
7693,3.8465000,0.068927660584449768,0.056800000369548798
7694,3.8470000,0.069126501679420471,0.056800000369548798
7695,3.8475000,0.069320909678936005,0.056800000369548798
7696,3.8480000,0.069512724876403809,0.056800000369548798
7697,3.8485000,0.069702856242656708,0.056800000369548798
7698,3.8490000,0.069889955222606659,0.056800000369548798
7699,3.8495000,0.070072710514068604,0.056800000369548798
7700,3.8500000,0.070250645279884338,0.056800000369548798
7701,3.8505000,0.070425383746623993,0.056899998337030411
7702,3.8510000,0.07059912383556366,0.056899998337030411
7703,3.8515000,0.070773482322692871,0.056899998337030411
7704,3.8520000,0.07095026969909668,0.057000000029802322
7705,3.8525000,0.071128174662590027,0.057000000029802322
7706,3.8530000,0.071304731070995331,0.057100001722574234
7707,3.8535000,0.071481332182884216,0.057199999690055847
7708,3.8540000,0.071659490466117859,0.057199999690055847
7709,3.8545000,0.071839258074760437,0.057300001382827759
7710,3.8550000,0.072021543979644775,0.057500001043081284
7711,3.8555000,0.072207987308502197,0.057599999010562897
7712,3.8560000,0.072399146854877472,0.057700000703334808
7713,3.8565000,0.072591930627822876,0.057900000363588333
7714,3.8570000,0.072783350944519043,0.057999998331069946
7715,3.8575000,0.072973243892192841,0.05820000171661377
7716,3.8580000,0.073162108659744263,0.058400001376867294
7717,3.8585000,0.073351100087165833,0.058699999004602432
7718,3.8590000,0.073539949953556061,0.058899998664855957
7719,3.8595000,0.07372758537530899,0.059200000017881393
7720,3.8600000,0.073913589119911194,0.059399999678134918
7721,3.8605000,0.074095949530601501,0.059700001031160355
7722,3.8610000,0.074273206293582916,0.059999998658895493
7723,3.8615000,0.074447348713874817,0.060400001704692841
7724,3.8620000,0.074621342122554779,0.060699999332427979
7725,3.8625000,0.074797168374061584,0.061099998652935028
7726,3.8630000,0.074975110590457916,0.061500001698732376
7727,3.8635000,0.075153440237045288,0.061999998986721039
7728,3.8640000,0.075330160558223724,0.062399998307228088
7729,3.8645000,0.075503282248973846,0.06289999932050705
7730,3.8650000,0.075671091675758362,0.063400000333786011
7731,3.8655000,0.075834393501281738,0.063900001347064972
7732,3.8660000,0.075996249914169312,0.064400002360343933
7733,3.8665000,0.076160013675689697,0.064999997615814209
7734,3.8670000,0.07632717490196228,0.065600000321865082
7735,3.8675000,0.076496340334415436,0.066200003027915955
7736,3.8680000,0.076664455235004425,0.06679999828338623
7737,3.8685000,0.076828055083751678,0.067400000989437103
7738,3.8690000,0.076985597610473633,0.068099997937679291
7739,3.8695000,0.077138163149356842,0.068800002336502075
7740,3.8700000,0.077288240194320679,0.069499999284744263
7741,3.8705000,0.077438496053218842,0.070200003683567047
7742,3.8710000,0.077589422464370728,0.070900000631809235
7743,3.8715000,0.07773994654417038,0.071699999272823334
7744,3.8720000,0.077889189124107361,0.072400003671646118
7745,3.8725000,0.078036047518253326,0.073200002312660217
7746,3.8730000,0.078179493546485901,0.073899999260902405
7747,3.8735000,0.07831987738609314,0.074699997901916504
7748,3.8740000,0.078458726406097412,0.075499996542930603
7749,3.8745000,0.078597120940685272,0.076200000941753387
7750,3.8750000,0.078734345734119415,0.076999999582767487
7751,3.8755000,0.0788683220744133,0.077799998223781586
7752,3.8760000,0.078998386859893799,0.078599996864795685
7753,3.8765000,0.079124979674816132,0.079300001263618469
7754,3.8770000,0.079247511923313141,0.080099999904632568
7755,3.8775000,0.07936684787273407,0.080799996852874756
7756,3.8780000,0.07948487251996994,0.08150000125169754
7757,3.8785000,0.07960154116153717,0.082199998199939728
7758,3.8790000,0.079715311527252197,0.082900002598762512
7759,3.8795000,0.079824723303318024,0.0835999995470047
7760,3.8800000,0.079930797219276428,0.084299996495246887
7761,3.8805000,0.080034933984279633,0.08489999920129776
7762,3.8810000,0.080136790871620178,0.085500001907348633
7763,3.8815000,0.08023717999458313,0.086099997162818909
7764,3.8820000,0.080336473882198334,0.086699999868869781
7765,3.8825000,0.080433271825313568,0.087200000882148743
7766,3.8830000,0.080527544021606445,0.087700001895427704
7767,3.8835000,0.080619163811206818,0.088200002908706665
7768,3.8840000,0.080707907676696777,0.088699996471405029
7769,3.8845000,0.080794543027877808,0.089100003242492676
7770,3.8850000,0.080878779292106628,0.089500002562999725
7771,3.8855000,0.080961473286151886,0.089900001883506775
7772,3.8860000,0.081043712794780731,0.090300001204013824
7773,3.8865000,0.081124670803546906,0.090599998831748962
7774,3.8870000,0.081204280257225037,0.0908999964594841
7775,3.8875000,0.081283308565616608,0.091200001537799835
7776,3.8880000,0.081362918019294739,0.091499999165534973
7777,3.8885000,0.08144330233335495,0.091799996793270111
7778,3.8890000,0.081523358821868896,0.092000000178813934
7779,3.8895000,0.081603817641735077,0.092200003564357758
7780,3.8900000,0.081685662269592285,0.092399999499320984
7781,3.8905000,0.081768892705440521,0.092600002884864807
7782,3.8910000,0.081855110824108124,0.092799998819828033
7783,3.8915000,0.081945016980171204,0.093000002205371857
7784,3.8920000,0.082036450505256653,0.093199998140335083
7785,3.8925000,0.082127004861831665,0.093299999833106995
7786,3.8930000,0.082216136157512665,0.093500003218650818
7787,3.8935000,0.082304857671260834,0.093699999153614044
7788,3.8940000,0.082392312586307526,0.093900002539157867
7789,3.8945000,0.082478299736976624,0.093999996781349182
7790,3.8950000,0.08256559818983078,0.094200000166893005
7791,3.8955000,0.082655720412731171,0.094400003552436829
7792,3.8960000,0.082747526466846466,0.094599999487400055
7793,3.8965000,0.082838520407676697,0.094800002872943878
7794,3.8970000,0.082928188145160675,0.094999998807907104
7795,3.8975000,0.08301813155412674,0.095200002193450928
7796,3.8980000,0.083107717335224152,0.095499999821186066
7797,3.8985000,0.08319537341594696,0.095700003206729889
7798,3.8990000,0.083282917737960815,0.096000000834465027
7799,3.8995000,0.083372786641120911,0.096299998462200165
7800,3.9000000,0.083464294672012329,0.096500001847743988
7801,3.9005000,0.083555527031421661,0.096900001168251038
7802,3.9010000,0.083646096289157867,0.097199998795986176
7803,3.9015000,0.083736732602119446,0.097499996423721313
7804,3.9020000,0.0838283970952034,0.09790000319480896
7805,3.9025000,0.083921127021312714,0.09830000251531601
7806,3.9030000,0.08401431143283844,0.098700001835823059
7807,3.9035000,0.084108717739582062,0.099100001156330109
7808,3.9040000,0.084205031394958496,0.099500000476837158
7809,3.9045000,0.084304496645927429,0.099899999797344208
7810,3.9050000,0.084408722817897797,0.10040000081062317
7811,3.9055000,0.084517352283000946,0.10080000013113022
7812,3.9060000,0.084630601108074188,0.10130000114440918
7813,3.9065000,0.084748260676860809,0.10180000215768814
7814,3.9070000,0.084869280457496643,0.1023000031709671
7815,3.9075000,0.084994226694107056,0.10279999673366547
7816,3.9080000,0.085120625793933868,0.10329999774694443
7817,3.9085000,0.085245296359062195,0.10379999876022339
7818,3.9090000,0.08536895364522934,0.10440000146627426
7819,3.9095000,0.085491977632045746,0.10490000247955322
7820,3.9100000,0.085615798830986023,0.1054999977350235
7821,3.9105000,0.085741139948368073,0.10599999874830246
7822,3.9110000,0.085865497589111328,0.10660000145435333
7823,3.9115000,0.085988730192184448,0.10710000246763229
7824,3.9120000,0.086111053824424744,0.10769999772310257
7825,3.9125000,0.08623272180557251,0.10819999873638153
7826,3.9130000,0.086356274783611298,0.1088000014424324
7827,3.9135000,0.086482644081115723,0.10939999669790268
7828,3.9140000,0.086612716317176819,0.10989999771118164
7829,3.9145000,0.086744964122772217,0.11050000041723251
7830,3.9150000,0.086874715983867645,0.11100000143051147
7831,3.9155000,0.08700251579284668,0.11159999668598175
7832,3.9160000,0.087131068110466003,0.11209999769926071
7833,3.9165000,0.087260469794273376,0.11270000040531158
7834,3.9170000,0.087390758097171783,0.11320000141859055
7835,3.9175000,0.087521865963935852,0.11379999667406082
7836,3.9180000,0.087654903531074524,0.11429999768733978
7837,3.9185000,0.087790235877037048,0.11479999870061874
7838,3.9190000,0.087924972176551819,0.11540000140666962
7839,3.9195000,0.088058322668075562,0.11590000241994858
7840,3.9200000,0.088190577924251556,0.11640000343322754
7841,3.9205000,0.088319815695285797,0.1168999969959259
7842,3.9210000,0.088444985449314117,0.11739999800920486
7843,3.9215000,0.088566899299621582,0.11789999902248383
7844,3.9220000,0.088687114417552948,0.11840000003576279
7845,3.9225000,0.088804483413696289,0.11890000104904175
7846,3.9230000,0.088915549218654633,0.11940000206232071
7847,3.9235000,0.089020736515522003,0.11990000307559967
7848,3.9240000,0.089121058583259583,0.12039999663829803
7849,3.9245000,0.089214228093624115,0.12080000340938568
7850,3.9250000,0.089298814535140991,0.12129999697208405
7851,3.9255000,0.089376486837863922,0.12179999798536301
7852,3.9260000,0.089450560510158539,0.12219999730587006
7853,3.9265000,0.08952031284570694,0.12269999831914902
7854,3.9270000,0.089582145214080811,0.12319999933242798
7855,3.9275000,0.08963688462972641,0.12359999865293503
7856,3.9280000,0.089685723185539246,0.12409999966621399
7857,3.9285000,0.089728996157646179,0.12449999898672104
7858,3.9290000,0.089769661426544189,0.125
7859,3.9295000,0.089810304343700409,0.12540000677108765
7860,3.9300000,0.089852020144462585,0.12590000033378601
7861,3.9305000,0.08989165723323822,0.12630000710487366
7862,3.9310000,0.089924976229667664,0.12680000066757202
7863,3.9315000,0.089953556656837463,0.12720000743865967
7864,3.9320000,0.089977674186229706,0.12759999930858612
7865,3.9325000,0.089995197951793671,0.12809999287128448
7866,3.9330000,0.090008072555065155,0.12849999964237213
7867,3.9335000,0.090018346905708313,0.1289999932050705
7868,3.9340000,0.090027578175067902,0.12939999997615814
7869,3.9345000,0.090034693479537964,0.12980000674724579
7870,3.9350000,0.090037532150745392,0.13019999861717224
7871,3.9355000,0.090038605034351349,0.1307000070810318
7872,3.9360000,0.090036317706108093,0.13109999895095825
7873,3.9365000,0.090027622878551483,0.1315000057220459
7874,3.9370000,0.09001518040895462,0.13189999759197235
7875,3.9375000,0.08999992161989212,0.13230000436306
7876,3.9380000,0.089983716607093811,0.13269999623298645
7877,3.9385000,0.08996850997209549,0.13300000131130219
7878,3.9390000,0.08995356410741806,0.13339999318122864
7879,3.9395000,0.089941211044788361,0.13379999995231628
7880,3.9400000,0.089927248656749725,0.13410000503063202
7881,3.9405000,0.089903190732002258,0.13439999520778656
7882,3.9410000,0.089868374168872833,0.13470000028610229
7883,3.9415000,0.089825212955474854,0.13500000536441803
7884,3.9420000,0.089779280126094818,0.13529999554157257
7885,3.9425000,0.089734472334384918,0.13560000061988831
7886,3.9430000,0.089688882231712341,0.13580000400543213
7887,3.9435000,0.089642815291881561,0.13600000739097595
7888,3.9440000,0.089595653116703033,0.13619999587535858
7889,3.9445000,0.089546427130699158,0.1363999992609024
7890,3.9450000,0.089497052133083344,0.13650000095367432
7891,3.9455000,0.089450076222419739,0.13670000433921814
7892,3.9460000,0.089411281049251556,0.13680000603199005
7893,3.9465000,0.089382544159889221,0.13689999282360077
7894,3.9470000,0.089361153542995453,0.13689999282360077
7895,3.9475000,0.089348264038562775,0.13699999451637268
7896,3.9480000,0.089343540370464325,0.13699999451637268
7897,3.9485000,0.089345023036003113,0.13699999451637268
7898,3.9490000,0.089354246854782104,0.13699999451637268
7899,3.9495000,0.089375361800193787,0.13689999282360077
7900,3.9500000,0.089414045214653015,0.13689999282360077
7901,3.9505000,0.089470081031322479,0.13680000603199005
7902,3.9510000,0.089538604021072388,0.13670000433921814
7903,3.9515000,0.08961881697177887,0.13650000095367432
7904,3.9520000,0.08971095085144043,0.1363999992609024
7905,3.9525000,0.089817717671394348,0.13629999756813049
7906,3.9530000,0.089943483471870422,0.13609999418258667
7907,3.9535000,0.090088509023189545,0.13590000569820404
7908,3.9540000,0.090254589915275574,0.13570000231266022
7909,3.9545000,0.090443067252635956,0.13549999892711639
7910,3.9550000,0.090650863945484161,0.13529999554157257
7911,3.9555000,0.090875662863254547,0.13510000705718994
7912,3.9560000,0.091116622090339661,0.13490000367164612
7913,3.9565000,0.091374874114990234,0.13470000028610229
7914,3.9570000,0.091652147471904755,0.13449999690055847
7915,3.9575000,0.091947995126247406,0.13429999351501465
7916,3.9580000,0.092264160513877869,0.13410000503063202
7917,3.9585000,0.092603631317615509,0.1339000016450882
7918,3.9590000,0.092964120209217072,0.13369999825954437
7919,3.9595000,0.093342788517475128,0.13349999487400055
7920,3.9600000,0.093739531934261322,0.13339999318122864
7921,3.9605000,0.094154186546802521,0.13330000638961792
7922,3.9610000,0.094586879014968872,0.1331000030040741
7923,3.9615000,0.095036603510379791,0.1331000030040741
7924,3.9620000,0.095502689480781555,0.13300000131130219
7925,3.9625000,0.095985144376754761,0.13300000131130219
7926,3.9630000,0.096484929323196411,0.13289999961853027
7927,3.9635000,0.097005277872085571,0.13300000131130219
7928,3.9640000,0.097544535994529724,0.13300000131130219
7929,3.9645000,0.098097674548625946,0.1331000030040741
7930,3.9650000,0.098664566874504089,0.13320000469684601
7931,3.9655000,0.099245414137840271,0.13339999318122864
7932,3.9660000,0.099839203059673309,0.13349999487400055
7933,3.9665000,0.10044639557600021,0.13379999995231628
7934,3.9670000,0.10106975585222244,0.13400000333786011
7935,3.9675000,0.10171353071928024,0.13429999351501465
7936,3.9680000,0.10237795859575272,0.13459999859333038
7937,3.9685000,0.10306311398744583,0.13500000536441803
7938,3.9690000,0.10377064347267151,0.13539999723434448
7939,3.9695000,0.10449852049350739,0.13590000569820404
7940,3.9700000,0.10524595528841019,0.13629999756813049
7941,3.9705000,0.10601397603750229,0.13689999282360077
7942,3.9710000,0.10680489242076874,0.13740000128746033
7943,3.9715000,0.10762297362089157,0.1379999965429306
7944,3.9720000,0.10846877098083496,0.13860000669956207
7945,3.9725000,0.10934456437826157,0.13930000364780426
7946,3.9730000,0.11025293171405792,0.13989999890327454
7947,3.9735000,0.11118940263986588,0.14059999585151672
7948,3.9740000,0.11215098202228546,0.14139999449253082
7949,3.9745000,0.11314013600349426,0.14219999313354492
7950,3.9750000,0.1141597107052803,0.1429000049829483
7951,3.9755000,0.11520875245332718,0.14380000531673431
7952,3.9760000,0.11628373712301254,0.14460000395774841
7953,3.9765000,0.11738498508930206,0.14540000259876251
7954,3.9770000,0.11851299554109573,0.14630000293254852
7955,3.9775000,0.11966510117053986,0.14720000326633453
7956,3.9780000,0.1208401694893837,0.14810000360012054
7957,3.9785000,0.12203611433506012,0.14900000393390656
7958,3.9790000,0.12325026839971542,0.14990000426769257
7959,3.9795000,0.12448319047689438,0.15080000460147858
7960,3.9800000,0.12573441863059998,0.15170000493526459
7961,3.9805000,0.12700048089027405,0.1526000052690506
7962,3.9810000,0.12828044593334198,0.15360000729560852
7963,3.9815000,0.1295744776725769,0.15449999272823334
7964,3.9820000,0.13088023662567139,0.15539999306201935
7965,3.9825000,0.13219501078128815,0.15629999339580536
7966,3.9830000,0.13351528346538544,0.15719999372959137
7967,3.9835000,0.1348380446434021,0.15800000727176666
7968,3.9840000,0.13616025447845459,0.15889999270439148
7969,3.9845000,0.13747811317443848,0.15970000624656677
7970,3.9850000,0.13879263401031494,0.16050000488758087
7971,3.9855000,0.14010682702064514,0.16130000352859497
7972,3.9860000,0.14141771197319031,0.16210000216960907
7973,3.9865000,0.14271838963031769,0.16279999911785126
7974,3.9870000,0.14400307834148407,0.16349999606609344
7975,3.9875000,0.14527204632759094,0.16419999301433563
7976,3.9880000,0.14652587473392487,0.1648000031709671
7977,3.9885000,0.14776095747947693,0.16539999842643738
7978,3.9890000,0.14898101985454559,0.16599999368190765
7979,3.9895000,0.15019188821315765,0.16650000214576721
7980,3.9900000,0.15139217674732208,0.16699999570846558
7981,3.9905000,0.15257582068443298,0.16740000247955322
7982,3.9910000,0.15373598039150238,0.16779999434947968
7983,3.9915000,0.15487213432788849,0.16820000112056732
7984,3.9920000,0.15598918497562408,0.16850000619888306
7985,3.9925000,0.15708568692207336,0.16869999468326569
7986,3.9930000,0.1581498384475708,0.16889999806880951
7987,3.9935000,0.15917010605335236,0.16910000145435333
7988,3.9940000,0.16014134883880615,0.16930000483989716
7989,3.9945000,0.16106446087360382,0.16930000483989716
7990,3.9950000,0.16193500161170959,0.16940000653266907
7991,3.9955000,0.16274717450141907,0.16940000653266907
7992,3.9960000,0.16352233290672302,0.16930000483989716
7993,3.9965000,0.16428938508033752,0.16930000483989716
7994,3.9970000,0.16505497694015503,0.16920000314712524
7995,3.9975000,0.16581223905086517,0.16899999976158142
7996,3.9980000,0.16655135154724121,0.1687999963760376
7997,3.9985000,0.16727183759212494,0.16859999299049377
7998,3.9990000,0.16797710955142975,0.16840000450611115
7999,3.9995000,0.16866485774517059,0.16809999942779541
