sample_index,time_seconds,measured_ecg,predicted_ecg
0,0.0000000,6.3202605815604329e-05,0.013899999670684338
1,0.0005000,0.00029943330446258187,0.0096000004559755325
2,0.0010000,0.00073303701356053352,0.0052999998442828655
3,0.0015000,0.0013299733400344849,0.0010000000474974513
4,0.0020000,0.0020542615093290806,-0.0032999999821186066
5,0.0025000,0.0028661817777901888,-0.0076000001281499863
6,0.0030000,0.0037372363731265068,-0.011900000274181366
7,0.0035000,0.0046371137723326683,-0.016300000250339508
8,0.0040000,0.0055304262787103653,-0.020600000396370888
9,0.0045000,0.0063810292631387711,-0.024900000542402267
10,0.0050000,0.0071673854254186153,-0.029200000688433647
11,0.0055000,0.0078806448727846146,-0.033500000834465027
12,0.0060000,0.0085068494081497192,-0.037700001150369644
13,0.0065000,0.0090302843600511551,-0.041999999433755875
14,0.0070000,0.0094425845891237259,-0.046199999749660492
15,0.0075000,0.0097421808168292046,-0.050400000065565109
16,0.0080000,0.0099391145631670952,-0.054499998688697815
17,0.0085000,0.01004791259765625,-0.058699999004602432
18,0.0090000,0.01006405521184206,-0.062700003385543823
19,0.0095000,0.0099801449105143547,-0.06679999828338623
20,0.0100000,0.0097974464297294617,-0.070699997246265411
21,0.0105000,0.0095128566026687622,-0.074600003659725189
22,0.0110000,0.0091152181848883629,-0.07850000262260437
23,0.0115000,0.0085930218920111656,-0.082299999892711639
24,0.0120000,0.0079473666846752167,-0.085900001227855682
25,0.0125000,0.0071806926280260086,-0.08959999680519104
26,0.0130000,0.0062896371819078922,-0.093099996447563171
27,0.0135000,0.0052726338617503643,-0.096500001847743988
28,0.0140000,0.0041308170184493065,-0.099899999797344208
29,0.0145000,0.0028713741339743137,-0.1031000018119812
30,0.0150000,0.0015008877962827682,-0.1062999963760376
31,0.0155000,2.1575950086116791e-05,-0.10930000245571136
32,0.0160000,-0.0015634503215551376,-0.11219999939203262
33,0.0165000,-0.0032514459453523159,-0.11500000208616257
34,0.0170000,-0.0050414698198437691,-0.1177000030875206
35,0.0175000,-0.0069334874860942364,-0.12030000239610672
36,0.0180000,-0.0089216567575931549,-0.12280000001192093
37,0.0185000,-0.010998355224728584,-0.12510000169277191
38,0.0190000,-0.013159791938960552,-0.12729999423027039
39,0.0195000,-0.015399865806102753,-0.12939999997615814
40,0.0200000,-0.017715085297822952,-0.13140000402927399
41,0.0205000,-0.020105961710214615,-0.13330000638961792
42,0.0210000,-0.022567801177501678,-0.13500000536441803
43,0.0215000,-0.025090534240007401,-0.13660000264644623
44,0.0220000,-0.027667053043842316,-0.13809999823570251
45,0.0225000,-0.030295794829726219,-0.13950000703334808
46,0.0230000,-0.032972052693367004,-0.14069999754428864
47,0.0235000,-0.03568870946764946,-0.14180000126361847
48,0.0240000,-0.038448303937911987,-0.1429000049829483
49,0.0245000,-0.041255287826061249,-0.14380000531673431
50,0.0250000,-0.044103633612394333,-0.14460000395774841
51,0.0255000,-0.046981971710920334,-0.1453000009059906
52,0.0260000,-0.049880467355251312,-0.14589999616146088
53,0.0265000,-0.05279560387134552,-0.14640000462532043
54,0.0270000,-0.055724851787090302,-0.14679999649524689
55,0.0275000,-0.058660615235567093,-0.14710000157356262
56,0.0280000,-0.061593160033226013,-0.14740000665187836
57,0.0285000,-0.064511686563491821,-0.14749999344348907
58,0.0290000,-0.067406713962554932,-0.14759999513626099
59,0.0295000,-0.070272482931613922,-0.14759999513626099
60,0.0300000,-0.07310708612203598,-0.14749999344348907
61,0.0305000,-0.075907595455646515,-0.14740000665187836
62,0.0310000,-0.07866707444190979,-0.14720000326633453
63,0.0315000,-0.081380456686019897,-0.1468999981880188
64,0.0320000,-0.084044747054576874,-0.14659999310970306
65,0.0325000,-0.086656413972377777,-0.14630000293254852
66,0.0330000,-0.089210882782936096,-0.14589999616146088
67,0.0335000,-0.09170280396938324,-0.14540000259876251
68,0.0340000,-0.094131931662559509,-0.14489999413490295
69,0.0345000,-0.096498399972915649,-0.14440000057220459
70,0.0350000,-0.098796360194683075,-0.14380000531673431
71,0.0355000,-0.1010223776102066,-0.14319999516010284
72,0.0360000,-0.10317932069301605,-0.14259999990463257
73,0.0365000,-0.10527029633522034,-0.14190000295639038
74,0.0370000,-0.10729394108057022,-0.14129999279975891
75,0.0375000,-0.10924717783927917,-0.14059999585151672
76,0.0380000,-0.11112990230321884,-0.13979999721050262
77,0.0385000,-0.11294234544038773,-0.13910000026226044
78,0.0390000,-0.11468314379453659,-0.13840000331401825
79,0.0395000,-0.11635276675224304,-0.13760000467300415
80,0.0400000,-0.11795574426651001,-0.13680000603199005
81,0.0405000,-0.11949885636568069,-0.13600000739097595
82,0.0410000,-0.12098503112792969,-0.13519999384880066
83,0.0415000,-0.12241378426551819,-0.13439999520778656
84,0.0420000,-0.12378388643264771,-0.13359999656677246
85,0.0425000,-0.12509438395500183,-0.13269999623298645
86,0.0430000,-0.12634557485580444,-0.13189999759197235
87,0.0435000,-0.12753808498382568,-0.13099999725818634
88,0.0440000,-0.12867605686187744,-0.13019999861717224
89,0.0445000,-0.12976479530334473,-0.12929999828338623
90,0.0450000,-0.13080547749996185,-0.12839999794960022
91,0.0455000,-0.13179560005664825,-0.12749999761581421
92,0.0460000,-0.13273215293884277,-0.1265999972820282
93,0.0465000,-0.13361471891403198,-0.12569999694824219
94,0.0470000,-0.13444322347640991,-0.12479999661445618
95,0.0475000,-0.13521718978881836,-0.12389999628067017
96,0.0480000,-0.13593824207782745,-0.12300000339746475
97,0.0485000,-0.13661125302314758,-0.12200000137090683
98,0.0490000,-0.13724122941493988,-0.12099999934434891
99,0.0495000,-0.137827068567276,-0.1200999990105629
100,0.0500000,-0.13836574554443359,-0.11909999698400497
101,0.0505000,-0.1388576328754425,-0.11810000240802765
102,0.0510000,-0.13930264115333557,-0.11710000038146973
103,0.0515000,-0.1396992951631546,-0.1160999983549118
104,0.0520000,-0.14004486799240112,-0.11509999632835388
105,0.0525000,-0.14033731818199158,-0.11400000005960464
106,0.0530000,-0.14058151841163635,-0.11299999803304672
107,0.0535000,-0.14078320562839508,-0.11190000176429749
108,0.0540000,-0.14094240963459015,-0.11079999804496765
109,0.0545000,-0.14106038212776184,-0.10970000177621841
110,0.0550000,-0.14114080369472504,-0.10869999974966049
111,0.0555000,-0.14118465781211853,-0.10750000178813934
112,0.0560000,-0.14118582010269165,-0.10639999806880951
113,0.0565000,-0.14113731682300568,-0.10530000180006027
114,0.0570000,-0.14104312658309937,-0.10419999808073044
115,0.0575000,-0.14090761542320251,-0.10300000011920929
116,0.0580000,-0.140731081366539,-0.10189999639987946
117,0.0585000,-0.14051887392997742,-0.10069999843835831
118,0.0590000,-0.14027421176433563,-0.099500000476837158
119,0.0595000,-0.13999663293361664,-0.098399996757507324
120,0.0600000,-0.13968530297279358,-0.097199998795986176
121,0.0605000,-0.13933686912059784,-0.096000000834465027
122,0.0610000,-0.13895049691200256,-0.094800002872943878
123,0.0615000,-0.13852682709693909,-0.093599997460842133
124,0.0620000,-0.13806682825088501,-0.092399999499320984
125,0.0625000,-0.13757580518722534,-0.091200001537799835
126,0.0630000,-0.13705775141716003,-0.090000003576278687
127,0.0635000,-0.13651345670223236,-0.088799998164176941
128,0.0640000,-0.13594436645507812,-0.087600000202655792
129,0.0645000,-0.13535219430923462,-0.086400002241134644
130,0.0650000,-0.13473837077617645,-0.085199996829032898
131,0.0655000,-0.13410294055938721,-0.083999998867511749
132,0.0660000,-0.13344642519950867,-0.082900002598762512
133,0.0665000,-0.13277077674865723,-0.081699997186660767
134,0.0670000,-0.13207784295082092,-0.080499999225139618
135,0.0675000,-0.13136792182922363,-0.079300001263618469
136,0.0680000,-0.13064178824424744,-0.078100003302097321
137,0.0685000,-0.12990425527095795,-0.076899997889995575
138,0.0690000,-0.12915821373462677,-0.075699999928474426
139,0.0695000,-0.12840363383293152,-0.074600003659725189
140,0.0700000,-0.12763965129852295,-0.073399998247623444
141,0.0705000,-0.12686282396316528,-0.072200000286102295
142,0.0710000,-0.12607213854789734,-0.071000002324581146
143,0.0715000,-0.12526983022689819,-0.069899998605251312
144,0.0720000,-0.1244557648897171,-0.068700000643730164
145,0.0725000,-0.12362819164991379,-0.067500002682209015
146,0.0730000,-0.12278520315885544,-0.066299997270107269
147,0.0735000,-0.12192452698945999,-0.065200001001358032
148,0.0740000,-0.12104568630456924,-0.064000003039836884
149,0.0745000,-0.12014909833669662,-0.062799997627735138
150,0.0750000,-0.11923563480377197,-0.061700001358985901
151,0.0755000,-0.11830750852823257,-0.060499999672174454
152,0.0760000,-0.11736062914133072,-0.059300001710653305
153,0.0765000,-0.11638202518224716,-0.058100000023841858
154,0.0770000,-0.11536253988742828,-0.056899998337030411
155,0.0775000,-0.11430023610591888,-0.055700000375509262
156,0.0780000,-0.11319969594478607,-0.054600000381469727
157,0.0785000,-0.11206747591495514,-0.053399998694658279
158,0.0790000,-0.11090589314699173,-0.052200000733137131
159,0.0795000,-0.10971947014331818,-0.050999999046325684
160,0.0800000,-0.10851235687732697,-0.049699999392032623
161,0.0805000,-0.1072840616106987,-0.048500001430511475
162,0.0810000,-0.10603342950344086,-0.047299999743700027
163,0.0815000,-0.10475969314575195,-0.046100001782178879
164,0.0820000,-0.10346446186304092,-0.044900000095367432
165,0.0825000,-0.10215138643980026,-0.043600000441074371
166,0.0830000,-0.10082224756479263,-0.042399998754262924
167,0.0835000,-0.099478960037231445,-0.041200000792741776
168,0.0840000,-0.098119795322418213,-0.039900001138448715
169,0.0845000,-0.096737779676914215,-0.038699999451637268
170,0.0850000,-0.095330163836479187,-0.037500001490116119
171,0.0855000,-0.093896359205245972,-0.036299999803304672
172,0.0860000,-0.092437587678432465,-0.035000000149011612
173,0.0865000,-0.090958781540393829,-0.033799998462200165
174,0.0870000,-0.089461416006088257,-0.032600000500679016
175,0.0875000,-0.087944835424423218,-0.031399998813867569
176,0.0880000,-0.086410962045192719,-0.03020000085234642
177,0.0885000,-0.084861613810062408,-0.028999999165534973
178,0.0890000,-0.083296336233615875,-0.027899999171495438
179,0.0895000,-0.081713713705539703,-0.02669999934732914
180,0.0900000,-0.080115586519241333,-0.025599999353289604
181,0.0905000,-0.078507646918296814,-0.024499999359250069
182,0.0910000,-0.076892450451850891,-0.023399999365210533
183,0.0915000,-0.075271658599376678,-0.022299999371170998
184,0.0920000,-0.073649749159812927,-0.021299999207258224
185,0.0925000,-0.072028905153274536,-0.020300000905990601
186,0.0930000,-0.070408158004283905,-0.01940000057220459
187,0.0935000,-0.068786293268203735,-0.018400000408291817
188,0.0940000,-0.067164018750190735,-0.017599999904632568
189,0.0945000,-0.065544262528419495,-0.016699999570846558
190,0.0950000,-0.063927948474884033,-0.015900000929832458
191,0.0955000,-0.062314789742231369,-0.015200000256299973
192,0.0960000,-0.060706660151481628,-0.014499999582767487
193,0.0965000,-0.059104591608047485,-0.013799999840557575
194,0.0970000,-0.057508833706378937,-0.013199999928474426
195,0.0975000,-0.05591987818479538,-0.012600000016391277
196,0.0980000,-0.054339136928319931,-0.012099999934434891
197,0.0985000,-0.052771288901567459,-0.011599999852478504
198,0.0990000,-0.051219020038843155,-0.01119999960064888
199,0.0995000,-0.049682818353176117,-0.010900000110268593
200,0.1000000,-0.0481698177754879,-0.010499999858438969
201,0.1005000,-0.046688985079526901,-0.010200000368058681
202,0.1010000,-0.045244753360748291,-0.0099999997764825821
203,0.1015000,-0.043838676065206528,-0.0098000001162290573
204,0.1020000,-0.042468857020139694,-0.0096000004559755325
205,0.1025000,-0.041135381907224655,-0.0093999998643994331
206,0.1030000,-0.039840549230575562,-0.0093000000342726707
207,0.1035000,-0.03858330100774765,-0.009100000374019146
208,0.1040000,-0.037359293550252914,-0.008999999612569809
209,0.1045000,-0.036161128431558609,-0.0087999999523162842
210,0.1050000,-0.03498542308807373,-0.0086000002920627594
211,0.1055000,-0.033835973590612411,-0.00839999970048666
212,0.1060000,-0.032714717090129852,-0.0081000002101063728
213,0.1065000,-0.031620942056179047,-0.007799999788403511
214,0.1070000,-0.030557014048099518,-0.0074000000022351742
215,0.1075000,-0.029524695128202438,-0.0068999999202787876
216,0.1080000,-0.02852274477481842,-0.0062000001780688763
217,0.1085000,-0.027546713128685951,-0.0054999999701976776
218,0.1090000,-0.026590237393975258,-0.0046000001020729542
219,0.1095000,-0.02565414272248745,-0.0035000001080334187
220,0.1100000,-0.02474115788936615,-0.002199999988079071
221,0.1105000,-0.023850308731198311,-0.000699999975040555
222,0.1110000,-0.022984188050031662,0.0010999999940395355
223,0.1115000,-0.022143496200442314,0.0031000000890344381
224,0.1120000,-0.021323069930076599,0.0054999999701976776
225,0.1125000,-0.020516484975814819,0.0081000002101063728
226,0.1130000,-0.019715983420610428,0.011099999770522118
227,0.1135000,-0.018917141482234001,0.014499999582767487
228,0.1140000,-0.018120121210813522,0.018300000578165054
229,0.1145000,-0.017322372645139694,0.022500000894069672
230,0.1150000,-0.016520421952009201,0.027200000360608101
231,0.1155000,-0.015709834173321724,0.03229999914765358
232,0.1160000,-0.014891362749040127,0.037999998778104782
233,0.1165000,-0.014072001911699772,0.044199999421834946
234,0.1170000,-0.013245204463601112,0.05090000107884407
235,0.1175000,-0.012399931438267231,0.05820000171661377
236,0.1180000,-0.011531100608408451,0.066100001335144043
237,0.1185000,-0.010626065544784069,0.074699997901916504
238,0.1190000,-0.009671475738286972,0.083899997174739838
239,0.1195000,-0.0086610633879899979,0.093699999153614044
240,0.1200000,-0.0075806407257914543,0.10419999808073044
241,0.1205000,-0.0064041810110211372,0.11529999971389771
242,0.1210000,-0.0051131988875567913,0.12720000743865967
243,0.1215000,-0.0036966255865991116,0.13969999551773071
244,0.1220000,-0.0021394090726971626,0.15299999713897705
245,0.1225000,-0.00042714737355709076,0.16689999401569366
246,0.1230000,0.0014565763995051384,0.18150000274181366
247,0.1235000,0.0035292496904730797,0.19670000672340393
248,0.1240000,0.0058105979114770889,0.21269999444484711
249,0.1245000,0.0083242887631058693,0.22920000553131104
250,0.1250000,0.011087115854024887,0.24639999866485596
251,0.1255000,0.01411406509578228,0.26420000195503235
252,0.1260000,0.017424609512090683,0.2824999988079071
253,0.1265000,0.02103961817920208,0.30140000581741333
254,0.1270000,0.024979248642921448,0.32080000638961792
255,0.1275000,0.029253898188471794,0.34060001373291016
256,0.1280000,0.033866014331579208,0.36079999804496765
257,0.1285000,0.038825653493404388,0.38130000233650208
258,0.1290000,0.044155996292829514,0.40220001339912415
259,0.1295000,0.049879312515258789,0.42329999804496765
260,0.1300000,0.056007206439971924,0.44459998607635498
261,0.1305000,0.062556132674217224,0.4659000039100647
262,0.1310000,0.069540441036224365,0.48730000853538513
263,0.1315000,0.07696177065372467,0.50870001316070557
264,0.1320000,0.084828704595565796,0.52990001440048218
265,0.1325000,0.093156181275844574,0.55099999904632568
266,0.1330000,0.10195595771074295,0.57169997692108154
267,0.1335000,0.11123783886432648,0.59210002422332764
268,0.1340000,0.12100382149219513,0.61210000514984131
269,0.1345000,0.1312500536441803,0.6315000057220459
270,0.1350000,0.14197766780853271,0.65030002593994141
271,0.1355000,0.1531854122877121,0.66839998960494995
272,0.1360000,0.16488561034202576,0.68569999933242798
273,0.1365000,0.17711184918880463,0.70209997892379761
274,0.1370000,0.18986795842647552,0.71749997138977051
275,0.1375000,0.203129842877388,0.73180001974105835
276,0.1380000,0.21687988936901093,0.74500000476837158
277,0.1385000,0.23111023008823395,0.75700002908706665
278,0.1390000,0.2458091527223587,0.76759999990463257
279,0.1395000,0.2609439492225647,0.77689999341964722
280,0.1400000,0.27648156881332397,0.78469997644424438
281,0.1405000,0.29239830374717712,0.79100000858306885
282,0.1410000,0.30865922570228577,0.79570001363754272
283,0.1415000,0.3252144455909729,0.79869997501373291
284,0.1420000,0.34200996160507202,0.80000001192092896
285,0.1425000,0.35899761319160461,0.7994999885559082
286,0.1430000,0.37613627314567566,0.79720002412796021
287,0.1435000,0.39338535070419312,0.79309999942779541
288,0.1440000,0.41068768501281738,0.78710001707077026
289,0.1445000,0.42797365784645081,0.77920001745223999
290,0.1450000,0.44518321752548218,0.76940000057220459
291,0.1455000,0.46225789189338684,0.75760000944137573
292,0.1460000,0.47913596034049988,0.74390000104904175
293,0.1465000,0.49575299024581909,0.72829997539520264
294,0.1470000,0.51203906536102295,0.71069997549057007
295,0.1475000,0.52792644500732422,0.69120001792907715
296,0.1480000,0.54333692789077759,0.66979998350143433
297,0.1485000,0.55818331241607666,0.64660000801086426
298,0.1490000,0.57239413261413574,0.62159997224807739
299,0.1495000,0.58590877056121826,0.59479999542236328
300,0.1500000,0.59866166114807129,0.56629997491836548
301,0.1505000,0.61058223247528076,0.53619998693466187
302,0.1510000,0.62160462141036987,0.50449997186660767
303,0.1515000,0.6316685676574707,0.47119998931884766
304,0.1520000,0.6407315731048584,0.43659999966621399
305,0.1525000,0.64876383543014526,0.40059998631477356
306,0.1530000,0.65571892261505127,0.36340001225471497
307,0.1535000,0.66154569387435913,0.32499998807907104
308,0.1540000,0.66620206832885742,0.28560000658035278
309,0.1545000,0.66964995861053467,0.24519999325275421
310,0.1550000,0.67183732986450195,0.20409999787807465
311,0.1555000,0.67270427942276001,0.16220000386238098
312,0.1560000,0.67221218347549438,0.11969999969005585
313,0.1565000,0.67033284902572632,0.076700001955032349
314,0.1570000,0.66702502965927124,0.033399999141693115
315,0.1575000,0.66225290298461914,-0.010099999606609344
316,0.1580000,0.65601456165313721,-0.053800001740455627
317,0.1585000,0.64831161499023438,-0.097400002181529999
318,0.1590000,0.63911980390548706,-0.14090000092983246
319,0.1595000,0.62841427326202393,-0.18420000374317169
320,0.1600000,0.61618942022323608,-0.22699999809265137
321,0.1605000,0.60245287418365479,-0.26940000057220459
322,0.1610000,0.58721798658370972,-0.31110000610351562
323,0.1615000,0.57049041986465454,-0.35210001468658447
324,0.1620000,0.55228662490844727,-0.39219999313354492
325,0.1625000,0.53264427185058594,-0.43130001425743103
326,0.1630000,0.51160162687301636,-0.46939998865127563
327,0.1635000,0.48919785022735596,-0.50629997253417969
328,0.1640000,0.46549332141876221,-0.54199999570846558
329,0.1645000,0.44056954979896545,-0.57630002498626709
330,0.1650000,0.41449323296546936,-0.60909998416900635
331,0.1655000,0.38732355833053589,-0.64050000905990601
332,0.1660000,0.35911840200424194,-0.67019999027252197
333,0.1665000,0.32992708683013916,-0.69819998741149902
334,0.1670000,0.29981771111488342,-0.72450000047683716
335,0.1675000,0.26886332035064697,-0.74910002946853638
336,0.1680000,0.23713275790214539,-0.77179998159408569
337,0.1685000,0.20471623539924622,-0.79259997606277466
338,0.1690000,0.1717064380645752,-0.81139999628067017
339,0.1695000,0.13818030059337616,-0.82840001583099365
340,0.1700000,0.10421767830848694,-0.8432999849319458
341,0.1705000,0.069900259375572205,-0.8562999963760376
342,0.1710000,0.035301819443702698,-0.86720001697540283
343,0.1715000,0.00049861520528793335,-0.87620002031326294
344,0.1720000,-0.034410525113344193,-0.88309997320175171
345,0.1725000,-0.06931082159280777,-0.8881000280380249
346,0.1730000,-0.10410740971565247,-0.89099997282028198
347,0.1735000,-0.1387227475643158,-0.89209997653961182
348,0.1740000,-0.17307662963867188,-0.89109998941421509
349,0.1745000,-0.20709505677223206,-0.88830000162124634
350,0.1750000,-0.24070771038532257,-0.88370001316070557
351,0.1755000,-0.27384284138679504,-0.87720000743865967
352,0.1760000,-0.30643361806869507,-0.86900001764297485
353,0.1765000,-0.33840829133987427,-0.85900002717971802
354,0.1770000,-0.3696952760219574,-0.8474000096321106
355,0.1775000,-0.40022957324981689,-0.83420002460479736
356,0.1780000,-0.42994195222854614,-0.81950002908706665
357,0.1785000,-0.45876240730285645,-0.80339998006820679
358,0.1790000,-0.48662114143371582,-0.78579998016357422
359,0.1795000,-0.51345747709274292,-0.76690000295639038
360,0.1800000,-0.53921937942504883,-0.74690002202987671
361,0.1805000,-0.56383287906646729,-0.72560000419616699
362,0.1810000,-0.58722972869873047,-0.70329999923706055
363,0.1815000,-0.60938143730163574,-0.68000000715255737
364,0.1820000,-0.63025093078613281,-0.6557999849319458
365,0.1825000,-0.64979368448257446,-0.63080000877380371
366,0.1830000,-0.66798382997512817,-0.60509997606277466
367,0.1835000,-0.68478703498840332,-0.57870000600814819
368,0.1840000,-0.70018351078033447,-0.55180001258850098
369,0.1845000,-0.71417564153671265,-0.52439999580383301
370,0.1850000,-0.72674936056137085,-0.49660000205039978
371,0.1855000,-0.73788297176361084,-0.46849998831748962
372,0.1860000,-0.74756330251693726,-0.44020000100135803
373,0.1865000,-0.7557869553565979,-0.41170001029968262
374,0.1870000,-0.76254987716674805,-0.38319998979568481
375,0.1875000,-0.76784586906433105,-0.3546999990940094
376,0.1880000,-0.77168458700180054,-0.3262999951839447
377,0.1885000,-0.77408963441848755,-0.29800000786781311
378,0.1890000,-0.775077223777771,-0.27000001072883606
379,0.1895000,-0.77465176582336426,-0.24230000376701355
380,0.1900000,-0.7728266716003418,-0.21500000357627869
381,0.1905000,-0.76962417364120483,-0.18809999525547028
382,0.1910000,-0.76507741212844849,-0.16159999370574951
383,0.1915000,-0.75923323631286621,-0.13570000231266022
384,0.1920000,-0.75213027000427246,-0.1103999987244606
385,0.1925000,-0.74381536245346069,-0.085699997842311859
386,0.1930000,-0.7343478798866272,-0.061700001358985901
387,0.1935000,-0.72376394271850586,-0.03840000182390213
388,0.1940000,-0.7120964527130127,-0.015799999237060547
389,0.1945000,-0.69940006732940674,0.0060000000521540642
390,0.1950000,-0.68572866916656494,0.027000000700354576
391,0.1955000,-0.67113655805587769,0.047100000083446503
392,0.1960000,-0.65567684173583984,0.066399998962879181
393,0.1965000,-0.63937872648239136,0.08489999920129776
394,0.1970000,-0.62227535247802734,0.10249999910593033
395,0.1975000,-0.60442590713500977,0.11919999867677689
396,0.1980000,-0.58590054512023926,0.13500000536441803
397,0.1985000,-0.5667649507522583,0.14990000426769257
398,0.1990000,-0.54707378149032593,0.16390000283718109
399,0.1995000,-0.52688044309616089,0.17710000276565552
400,0.2000000,-0.50623375177383423,0.18930000066757202
401,0.2005000,-0.48518958687782288,0.20069999992847443
402,0.2010000,-0.46381714940071106,0.21130000054836273
403,0.2015000,-0.44216731190681458,0.22100000083446503
404,0.2020000,-0.42028027772903442,0.22990000247955322
405,0.2025000,-0.39821147918701172,0.23800000548362732
406,0.2030000,-0.3760208785533905,0.24529999494552612
407,0.2035000,-0.35376045107841492,0.25189998745918274
408,0.2040000,-0.33147874474525452,0.25780001282691956
409,0.2045000,-0.3092309832572937,0.26289999485015869
410,0.2050000,-0.28707480430603027,0.26739999651908875
411,0.2055000,-0.26506340503692627,0.27129998803138733
412,0.2060000,-0.24324563145637512,0.27450001239776611
413,0.2065000,-0.22166766226291656,0.27720001339912415
414,0.2070000,-0.20036773383617401,0.27930000424385071
415,0.2075000,-0.17938163876533508,0.28090000152587891
416,0.2080000,-0.15875229239463806,0.28200000524520874
417,0.2085000,-0.13850654661655426,0.28270000219345093
418,0.2090000,-0.11865909397602081,0.28290000557899475
419,0.2095000,-0.099239245057106018,0.28279998898506165
420,0.2100000,-0.080284103751182556,0.28229999542236328
421,0.2105000,-0.061824433505535126,0.28150001168251038
422,0.2110000,-0.043893769383430481,0.28049999475479126
423,0.2115000,-0.026519883424043655,0.27910000085830688
424,0.2120000,-0.0097184069454669952,0.2775999903678894
425,0.2125000,0.0064919143915176392,0.27579998970031738
426,0.2130000,0.022099070250988007,0.27390000224113464
427,0.2135000,0.037093266844749451,0.27180001139640808
428,0.2140000,0.051461093127727509,0.26960000395774841
429,0.2145000,0.065199173986911774,0.26730000972747803
430,0.2150000,0.078310184180736542,0.26489999890327454
431,0.2155000,0.090788714587688446,0.26249998807907104
432,0.2160000,0.10262487083673477,0.26010000705718994
433,0.2165000,0.11382067948579788,0.25760000944137573
434,0.2170000,0.12438109517097473,0.25519999861717224
435,0.2175000,0.13431236147880554,0.25270000100135803
436,0.2180000,0.14362642168998718,0.25029999017715454
437,0.2185000,0.15232554078102112,0.24799999594688416
438,0.2190000,0.1604103147983551,0.24570000171661377
439,0.2195000,0.16788984835147858,0.24359999597072601
440,0.2200000,0.1747809499502182,0.24150000512599945
441,0.2205000,0.18111135065555573,0.23939999938011169
442,0.2210000,0.18690375983715057,0.23749999701976776
443,0.2215000,0.19217123091220856,0.23569999635219574
444,0.2220000,0.19693276286125183,0.23399999737739563
445,0.2225000,0.20120967924594879,0.23250000178813934
446,0.2230000,0.20501361787319183,0.23100000619888306
447,0.2235000,0.20835202932357788,0.2296999990940094
448,0.2240000,0.21123796701431274,0.22849999368190765
449,0.2245000,0.21368725597858429,0.22740000486373901
450,0.2250000,0.21572126448154449,0.22640000283718109
451,0.2255000,0.21736517548561096,0.22560000419616699
452,0.2260000,0.21863730251789093,0.22480000555515289
453,0.2265000,0.21955941617488861,0.22419999539852142
454,0.2270000,0.22015964984893799,0.22370000183582306
455,0.2275000,0.22045817971229553,0.22329999506473541
456,0.2280000,0.22046852111816406,0.22300000488758087
457,0.2285000,0.22020550072193146,0.22269999980926514
458,0.2290000,0.21969221532344818,0.22259999811649323
459,0.2295000,0.21895812451839447,0.22259999811649323
460,0.2300000,0.21802513301372528,0.22259999811649323
461,0.2305000,0.21691204607486725,0.22269999980926514
462,0.2310000,0.2156393826007843,0.22280000150203705
463,0.2315000,0.21422006189823151,0.22310000658035278
464,0.2320000,0.21266880631446838,0.22329999506473541
465,0.2325000,0.21100971102714539,0.22360000014305115
466,0.2330000,0.20926634967327118,0.22400000691413879
467,0.2335000,0.2074621319770813,0.22439999878406525
468,0.2340000,0.205616295337677,0.22480000555515289
469,0.2345000,0.20374013483524323,0.22519999742507935
470,0.2350000,0.20184361934661865,0.2257000058889389
471,0.2355000,0.19993577897548676,0.22609999775886536
472,0.2360000,0.19803260266780853,0.22660000622272491
473,0.2365000,0.19615985453128815,0.22699999809265137
474,0.2370000,0.19433307647705078,0.22750000655651093
475,0.2375000,0.19255481660366058,0.22789999842643738
476,0.2380000,0.19083347916603088,0.22840000689029694
477,0.2385000,0.18918073177337646,0.22879999876022339
478,0.2390000,0.1875966489315033,0.22920000553131104
479,0.2395000,0.18608063459396362,0.22949999570846558
480,0.2400000,0.18463999032974243,0.22980000078678131
481,0.2405000,0.18327769637107849,0.23010000586509705
482,0.2410000,0.18199487030506134,0.23039999604225159
483,0.2415000,0.18079353868961334,0.23059999942779541
484,0.2420000,0.17967058718204498,0.23080000281333923
485,0.2425000,0.1786288321018219,0.23100000619888306
486,0.2430000,0.17767906188964844,0.23109999299049377
487,0.2435000,0.17682425677776337,0.23119999468326569
488,0.2440000,0.17606489360332489,0.23119999468326569
489,0.2445000,0.17540475726127625,0.23119999468326569
490,0.2450000,0.17484426498413086,0.23119999468326569
491,0.2455000,0.17438012361526489,0.23109999299049377
492,0.2460000,0.17400753498077393,0.23100000619888306
493,0.2465000,0.17372784018516541,0.23080000281333923
494,0.2470000,0.17354421317577362,0.23059999942779541
495,0.2475000,0.17344643175601959,0.23039999604225159
496,0.2480000,0.17342139780521393,0.23010000586509705
497,0.2485000,0.17346532642841339,0.22980000078678131
498,0.2490000,0.173577681183815,0.22939999401569366
499,0.2495000,0.17375700175762177,0.22900000214576721
500,0.2500000,0.17399846017360687,0.22859999537467957
501,0.2505000,0.17429859936237335,0.22820000350475311
502,0.2510000,0.17465764284133911,0.22769999504089355
503,0.2515000,0.17506930232048035,0.22720000147819519
504,0.2520000,0.17552389204502106,0.22669999301433563
505,0.2525000,0.17601262032985687,0.22619999945163727
506,0.2530000,0.17652572691440582,0.22560000419616699
507,0.2535000,0.17705975472927094,0.22509999573230743
508,0.2540000,0.17761203646659851,0.22450000047683716
509,0.2545000,0.17817384004592896,0.22390000522136688
510,0.2550000,0.17873837053775787,0.22329999506473541
511,0.2555000,0.17930087447166443,0.22269999980926514
512,0.2560000,0.17986102402210236,0.22210000455379486
513,0.2565000,0.18042688071727753,0.22149999439716339
514,0.2570000,0.18099874258041382,0.22089999914169312
515,0.2575000,0.1815640926361084,0.22030000388622284
516,0.2580000,0.18211421370506287,0.21969999372959137
517,0.2585000,0.18265067040920258,0.21909999847412109
518,0.2590000,0.18317286670207977,0.21860000491142273
519,0.2595000,0.18366995453834534,0.21799999475479126
520,0.2600000,0.1841406524181366,0.21739999949932098
521,0.2605000,0.1845976859331131,0.21690000593662262
522,0.2610000,0.18504300713539124,0.21639999747276306
523,0.2615000,0.18546862900257111,0.2159000039100647
524,0.2620000,0.18587207794189453,0.21539999544620514
525,0.2625000,0.18625332415103912,0.21490000188350677
526,0.2630000,0.18660512566566467,0.21439999341964722
527,0.2635000,0.18691645562648773,0.21400000154972076
528,0.2640000,0.18718631565570831,0.21359999477863312
529,0.2645000,0.18742826581001282,0.21320000290870667
530,0.2650000,0.18765339255332947,0.21279999613761902
531,0.2655000,0.1878550797700882,0.21240000426769257
532,0.2660000,0.18802522122859955,0.21209999918937683
533,0.2665000,0.18816347420215607,0.2117999941110611
534,0.2670000,0.18826961517333984,0.21150000393390656
535,0.2675000,0.18834228813648224,0.21119999885559082
536,0.2680000,0.1883830726146698,0.210999995470047
537,0.2685000,0.1884026974439621,0.21070000529289246
538,0.2690000,0.18840287625789642,0.21060000360012054
539,0.2695000,0.1883714348077774,0.21040000021457672
540,0.2700000,0.18830859661102295,0.2101999968290329
541,0.2705000,0.18822571635246277,0.21009999513626099
542,0.2710000,0.18813014030456543,0.20999999344348907
543,0.2715000,0.18802514672279358,0.20990000665187836
544,0.2720000,0.1879202276468277,0.20980000495910645
545,0.2725000,0.18783348798751831,0.20980000495910645
546,0.2730000,0.18777212500572205,0.20970000326633453
547,0.2735000,0.18772979080677032,0.20970000326633453
548,0.2740000,0.18770316243171692,0.20970000326633453
549,0.2745000,0.18769671022891998,0.20980000495910645
550,0.2750000,0.18771888315677643,0.20980000495910645
551,0.2755000,0.18777072429656982,0.20990000665187836
552,0.2760000,0.18784481287002563,0.20999999344348907
553,0.2765000,0.18793827295303345,0.21009999513626099
554,0.2770000,0.18805521726608276,0.2101999968290329
555,0.2775000,0.1881963312625885,0.21029999852180481
556,0.2780000,0.18835541605949402,0.21040000021457672
557,0.2785000,0.1885308176279068,0.21060000360012054
558,0.2790000,0.18872746825218201,0.21080000698566437
559,0.2795000,0.18895082175731659,0.21089999377727509
560,0.2800000,0.18920525908470154,0.21109999716281891
561,0.2805000,0.18949399888515472,0.21130000054836273
562,0.2810000,0.18981952965259552,0.21150000393390656
563,0.2815000,0.19017897546291351,0.2117999941110611
564,0.2820000,0.19056737422943115,0.21199999749660492
565,0.2825000,0.19098427891731262,0.21220000088214874
566,0.2830000,0.19143037497997284,0.21250000596046448
567,0.2835000,0.19190379977226257,0.21269999444484711
568,0.2840000,0.19240155816078186,0.21299999952316284
569,0.2845000,0.19291846454143524,0.21320000290870667
570,0.2850000,0.19344866275787354,0.21349999308586121
571,0.2855000,0.19398921728134155,0.21379999816417694
572,0.2860000,0.19453844428062439,0.21400000154972076
573,0.2865000,0.19509318470954895,0.2143000066280365
574,0.2870000,0.19564923644065857,0.21459999680519104
575,0.2875000,0.19620783627033234,0.21490000188350677
576,0.2880000,0.19676445424556732,0.2151000052690506
577,0.2885000,0.19730550050735474,0.21539999544620514
578,0.2890000,0.19783096015453339,0.21570000052452087
579,0.2895000,0.19834698736667633,0.21600000560283661
580,0.2900000,0.19884932041168213,0.21619999408721924
581,0.2905000,0.19933022558689117,0.21649999916553497
582,0.2910000,0.19978930056095123,0.21680000424385071
583,0.2915000,0.20023436844348907,0.21699999272823334
584,0.2920000,0.20066431164741516,0.21729999780654907
585,0.2925000,0.20107406377792358,0.21760000288486481
586,0.2930000,0.20146936178207397,0.21780000627040863
587,0.2935000,0.20185808837413788,0.21799999475479126
588,0.2940000,0.2022421658039093,0.21829999983310699
589,0.2945000,0.20261338353157043,0.21850000321865082
590,0.2950000,0.20296601951122284,0.21870000660419464
591,0.2955000,0.20330238342285156,0.21899999678134918
592,0.2960000,0.20362137258052826,0.21920000016689301
593,0.2965000,0.2039276659488678,0.21940000355243683
594,0.2970000,0.20423267781734467,0.21950000524520874
595,0.2975000,0.20453850924968719,0.21969999372959137
596,0.2980000,0.20484077930450439,0.21989999711513519
597,0.2985000,0.20513606071472168,0.2199999988079071
598,0.2990000,0.20542331039905548,0.22020000219345093
599,0.2995000,0.20570474863052368,0.22030000388622284
600,0.3000000,0.20598110556602478,0.22040000557899475
601,0.3005000,0.20625317096710205,0.22059999406337738
602,0.3010000,0.20652170479297638,0.22069999575614929
603,0.3015000,0.20678514242172241,0.22069999575614929
604,0.3020000,0.20704852044582367,0.2207999974489212
605,0.3025000,0.2073138952255249,0.22089999914169312
606,0.3030000,0.20757527649402618,0.22089999914169312
607,0.3035000,0.20783109962940216,0.22100000083446503
608,0.3040000,0.20808175206184387,0.22100000083446503
609,0.3045000,0.20833003520965576,0.22100000083446503
610,0.3050000,0.20857833325862885,0.22100000083446503
611,0.3055000,0.20882852375507355,0.22100000083446503
612,0.3060000,0.20908397436141968,0.22089999914169312
613,0.3065000,0.20934218168258667,0.22089999914169312
614,0.3070000,0.20960608124732971,0.22089999914169312
615,0.3075000,0.20988334715366364,0.2207999974489212
616,0.3080000,0.21017313003540039,0.22069999575614929
617,0.3085000,0.21047885715961456,0.22069999575614929
618,0.3090000,0.21080979704856873,0.22059999406337738
619,0.3095000,0.2111690491437912,0.22050000727176666
620,0.3100000,0.21155640482902527,0.22040000557899475
621,0.3105000,0.21197047829627991,0.22030000388622284
622,0.3110000,0.21241363883018494,0.22020000219345093
623,0.3115000,0.21289043128490448,0.22010000050067902
624,0.3120000,0.21339188516139984,0.2199999988079071
625,0.3125000,0.21390546858310699,0.21979999542236328
626,0.3130000,0.21443331241607666,0.21969999372959137
627,0.3135000,0.21498136222362518,0.21960000693798065
628,0.3140000,0.21554972231388092,0.21950000524520874
629,0.3145000,0.21613995730876923,0.21940000355243683
630,0.3150000,0.21675673127174377,0.21930000185966492
631,0.3155000,0.21740087866783142,0.21920000016689301
632,0.3160000,0.21806888282299042,0.21909999847412109
633,0.3165000,0.21875312924385071,0.21899999678134918
634,0.3170000,0.21944598853588104,0.21899999678134918
635,0.3175000,0.22014717757701874,0.21889999508857727
636,0.3180000,0.22086051106452942,0.21889999508857727
637,0.3185000,0.22158917784690857,0.21889999508857727
638,0.3190000,0.22233244776725769,0.21889999508857727
639,0.3195000,0.22308936715126038,0.21889999508857727
640,0.3200000,0.22386091947555542,0.21889999508857727
641,0.3205000,0.22464488446712494,0.21899999678134918
642,0.3210000,0.22544007003307343,0.21909999847412109
643,0.3215000,0.22625114023685455,0.21920000016689301
644,0.3220000,0.22708131372928619,0.21940000355243683
645,0.3225000,0.22792848944664001,0.21960000693798065
646,0.3230000,0.22879332304000854,0.21979999542236328
647,0.3235000,0.22967718541622162,0.22010000050067902
648,0.3240000,0.23057012259960175,0.22040000557899475
649,0.3245000,0.23145686089992523,0.22069999575614929
650,0.3250000,0.23233281075954437,0.22110000252723694
651,0.3255000,0.23320397734642029,0.2215999960899353
652,0.3260000,0.23407602310180664,0.22210000455379486
653,0.3265000,0.23494887351989746,0.22259999811649323
654,0.3270000,0.23582528531551361,0.2231999933719635
655,0.3275000,0.23671376705169678,0.22380000352859497
656,0.3280000,0.23761147260665894,0.22460000216960907
657,0.3285000,0.23850595951080322,0.22529999911785126
658,0.3290000,0.23939603567123413,0.22619999945163727
659,0.3295000,0.2402893602848053,0.22709999978542328
660,0.3300000,0.24118989706039429,0.2281000018119812
661,0.3305000,0.24209761619567871,0.22910000383853912
662,0.3310000,0.24301658570766449,0.23019999265670776
663,0.3315000,0.2439538836479187,0.23139999806880951
664,0.3320000,0.24490861594676971,0.23270000517368317
665,0.3325000,0.24587219953536987,0.23399999737739563
666,0.3330000,0.24683487415313721,0.2354000061750412
667,0.3335000,0.24779359996318817,0.23690000176429749
668,0.3340000,0.24875639379024506,0.23849999904632568
669,0.3345000,0.24973490834236145,0.24019999802112579
670,0.3350000,0.25073277950286865,0.2418999969959259
671,0.3355000,0.25174733996391296,0.24379999935626984
672,0.3360000,0.25278592109680176,0.24570000171661377
673,0.3365000,0.25385642051696777,0.24770000576972961
674,0.3370000,0.25495028495788574,0.24969999492168427
675,0.3375000,0.25605756044387817,0.25189998745918274
676,0.3380000,0.25718533992767334,0.25409999489784241
677,0.3385000,0.25834530591964722,0.2565000057220459
678,0.3390000,0.25953328609466553,0.25879999995231628
679,0.3395000,0.26074337959289551,0.26129999756813049
680,0.3400000,0.26198011636734009,0.26390001177787781
681,0.3405000,0.2632485032081604,0.26649999618530273
682,0.3410000,0.26454436779022217,0.26919999718666077
683,0.3415000,0.26585745811462402,0.2718999981880188
684,0.3420000,0.26719138026237488,0.27469998598098755
685,0.3425000,0.26855763792991638,0.2775999903678894
686,0.3430000,0.26995429396629333,0.28060001134872437
687,0.3435000,0.27137714624404907,0.28360000252723694
688,0.3440000,0.27283602952957153,0.28670001029968262
689,0.3445000,0.274344801902771,0.28979998826980591
690,0.3450000,0.27590572834014893,0.29289999604225159
691,0.3455000,0.27751311659812927,0.29609999060630798
692,0.3460000,0.27916052937507629,0.29940000176429749
693,0.3465000,0.2808469831943512,0.30270001292228699
694,0.3470000,0.2825770378112793,0.3059999942779541
695,0.3475000,0.28435057401657104,0.30939999222755432
696,0.3480000,0.28616371750831604,0.31279999017715454
697,0.3485000,0.2880139946937561,0.31619998812675476
698,0.3490000,0.28990200161933899,0.31959998607635498
699,0.3495000,0.29182887077331543,0.32310000061988831
700,0.3500000,0.29379048943519592,0.32649999856948853
701,0.3505000,0.29578426480293274,0.33000001311302185
702,0.3510000,0.29781243205070496,0.33349999785423279
703,0.3515000,0.29987379908561707,0.33700001239776611
704,0.3520000,0.30196639895439148,0.34049999713897705
705,0.3525000,0.30409461259841919,0.34389999508857727
706,0.3530000,0.30626451969146729,0.3474000096321106
707,0.3535000,0.30847761034965515,0.35089999437332153
708,0.3540000,0.31073087453842163,0.35429999232292175
709,0.3545000,0.31302157044410706,0.35780000686645508
710,0.3550000,0.31534603238105774,0.3612000048160553
711,0.3555000,0.31769904494285583,0.36460000276565552
712,0.3560000,0.32007905840873718,0.36800000071525574
713,0.3565000,0.32248950004577637,0.37130001187324524
714,0.3570000,0.32493716478347778,0.37470000982284546
715,0.3575000,0.32742315530776978,0.37799999117851257
716,0.3580000,0.3299427330493927,0.38119998574256897
717,0.3585000,0.33249866962432861,0.38449999690055847
718,0.3590000,0.33509421348571777,0.38769999146461487
719,0.3595000,0.3377240002155304,0.39089998602867126
720,0.3600000,0.34038734436035156,0.39399999380111694
721,0.3605000,0.34309110045433044,0.39710000157356262
722,0.3610000,0.34584492444992065,0.4002000093460083
723,0.3615000,0.34865462779998779,0.40320000052452087
724,0.3620000,0.35151809453964233,0.40619999170303345
725,0.3625000,0.35443708300590515,0.40920001268386841
726,0.3630000,0.35740900039672852,0.41220000386238098
727,0.3635000,0.36042788624763489,0.41510000824928284
728,0.3640000,0.36349514126777649,0.41789999604225159
729,0.3645000,0.36661192774772644,0.42080000042915344
730,0.3650000,0.36978486180305481,0.42359998822212219
731,0.3655000,0.37302345037460327,0.42640000581741333
732,0.3660000,0.37633055448532104,0.42919999361038208
733,0.3665000,0.3797055184841156,0.43200001120567322
734,0.3670000,0.38314327597618103,0.43470001220703125
735,0.3675000,0.38663855195045471,0.43740001320838928
736,0.3680000,0.39020088315010071,0.44010001420974731
737,0.3685000,0.39384728670120239,0.44279998540878296
738,0.3690000,0.39758327603340149,0.44549998641014099
739,0.3695000,0.40140697360038757,0.44819998741149902
740,0.3700000,0.4053175151348114,0.45089998841285706
741,0.3705000,0.40931293368339539,0.45350000262260437
742,0.3710000,0.41338810324668884,0.4562000036239624
743,0.3715000,0.41753825545310974,0.45879998803138733
744,0.3720000,0.42176014184951782,0.46149998903274536
745,0.3725000,0.42604565620422363,0.46410000324249268
746,0.3730000,0.43038478493690491,0.46680000424385071
747,0.3735000,0.43477445840835571,0.46950000524520874
748,0.3740000,0.43921217322349548,0.47220000624656677
749,0.3745000,0.44369256496429443,0.4749000072479248
750,0.3750000,0.44821110367774963,0.47760000824928284
751,0.3755000,0.45276340842247009,0.48030000925064087
752,0.3760000,0.45733559131622314,0.4830000102519989
753,0.3765000,0.46189805865287781,0.48579999804496765
754,0.3770000,0.46643063426017761,0.48849999904632568
755,0.3775000,0.47093683481216431,0.49129998683929443
756,0.3780000,0.47542029619216919,0.49410000443458557
757,0.3785000,0.47987794876098633,0.49689999222755432
758,0.3790000,0.48431143164634705,0.49979999661445618
759,0.3795000,0.48872026801109314,0.50260001420974731
760,0.3800000,0.49310141801834106,0.50550001859664917
761,0.3805000,0.49744921922683716,0.50840002298355103
762,0.3810000,0.50175553560256958,0.51130002737045288
763,0.3815000,0.5060265064239502,0.51419997215270996
764,0.3820000,0.51027059555053711,0.51719999313354492
765,0.3825000,0.51448720693588257,0.52009999752044678
766,0.3830000,0.51867717504501343,0.52310001850128174
767,0.3835000,0.52283847332000732,0.52600002288818359
768,0.3840000,0.52696681022644043,0.52899998426437378
769,0.3845000,0.53105998039245605,0.53200000524520874
770,0.3850000,0.5351186990737915,0.5350000262260437
771,0.3855000,0.53914403915405273,0.53799998760223389
772,0.3860000,0.54313009977340698,0.54100000858306885
773,0.3865000,0.54707419872283936,0.54400002956390381
774,0.3870000,0.55098235607147217,0.54699999094009399
775,0.3875000,0.55485391616821289,0.55000001192092896
776,0.3880000,0.55867964029312134,0.55299997329711914
777,0.3885000,0.56245797872543335,0.5559999942779541
778,0.3890000,0.56618857383728027,0.55889999866485596
779,0.3895000,0.5698627233505249,0.56190001964569092
780,0.3900000,0.57347273826599121,0.56480002403259277
781,0.3905000,0.57701367139816284,0.56770002841949463
782,0.3910000,0.58048528432846069,0.57059997320175171
783,0.3915000,0.58388727903366089,0.57349997758865356
784,0.3920000,0.58720600605010986,0.57630002498626709
785,0.3925000,0.59042531251907349,0.57910001277923584
786,0.3930000,0.59354227781295776,0.58179998397827148
787,0.3935000,0.59655767679214478,0.5845000147819519
788,0.3940000,0.59947019815444946,0.58719998598098755
789,0.3945000,0.60227864980697632,0.58980000019073486
790,0.3950000,0.60498315095901489,0.59240001440048218
791,0.3955000,0.60758823156356812,0.59490001201629639
792,0.3960000,0.61009520292282104,0.59729999303817749
793,0.3965000,0.61249881982803345,0.59969997406005859
794,0.3970000,0.61479628086090088,0.60199999809265137
795,0.3975000,0.61699080467224121,0.60430002212524414
796,0.3980000,0.61908501386642456,0.6064000129699707
797,0.3985000,0.62107706069946289,0.60850000381469727
798,0.3990000,0.6229674220085144,0.61049997806549072
799,0.3995000,0.62476181983947754,0.61239999532699585
800,0.4000000,0.6264769434928894,0.61419999599456787
801,0.4005000,0.62813520431518555,0.61589998006820679
802,0.4010000,0.62974417209625244,0.61750000715255737
803,0.4015000,0.63130152225494385,0.61900001764297485
804,0.4020000,0.63280576467514038,0.62040001153945923
805,0.4025000,0.63426303863525391,0.62159997224807739
806,0.4030000,0.63568472862243652,0.62279999256134033
807,0.4035000,0.63707125186920166,0.62379997968673706
808,0.4040000,0.63841134309768677,0.62470000982284546
809,0.4045000,0.63969093561172485,0.62540000677108765
810,0.4050000,0.64090657234191895,0.62599998712539673
811,0.4055000,0.6420636773109436,0.62650001049041748
812,0.4060000,0.64316797256469727,0.62680000066757202
813,0.4065000,0.64422965049743652,0.62699997425079346
814,0.4070000,0.64525753259658813,0.62690001726150513
815,0.4075000,0.64625990390777588,0.62680000066757202
816,0.4080000,0.64724040031433105,0.62639999389648438
817,0.4085000,0.64819604158401489,0.62589997053146362
818,0.4090000,0.64912873506546021,0.62519997358322144
819,0.4095000,0.65003734827041626,0.62430000305175781
820,0.4100000,0.65092229843139648,0.62319999933242798
821,0.4105000,0.65178316831588745,0.62199997901916504
822,0.4110000,0.65261203050613403,0.62050002813339233
823,0.4115000,0.6534082293510437,0.61890000104904175
824,0.4120000,0.65417957305908203,0.61699998378753662
825,0.4125000,0.65493619441986084,0.61489999294281006
826,0.4130000,0.65568035840988159,0.61260002851486206
827,0.4135000,0.65640842914581299,0.61009997129440308
828,0.4140000,0.65712034702301025,0.60740000009536743
829,0.4145000,0.65781217813491821,0.60439997911453247
830,0.4150000,0.65847790241241455,0.60130000114440918
831,0.4155000,0.65911328792572021,0.59789997339248657
832,0.4160000,0.65971851348876953,0.5942000150680542
833,0.4165000,0.66030371189117432,0.59030002355575562
834,0.4170000,0.6608741283416748,0.58619999885559082
835,0.4175000,0.66142481565475464,0.58190000057220459
836,0.4180000,0.66194701194763184,0.57730001211166382
837,0.4185000,0.66242736577987671,0.57249999046325684
838,0.4190000,0.66285347938537598,0.56739997863769531
839,0.4195000,0.66321361064910889,0.56209999322891235
840,0.4200000,0.66349893808364868,0.55650001764297485
841,0.4205000,0.66371268033981323,0.55070000886917114
842,0.4210000,0.6638529896736145,0.54460000991821289
843,0.4215000,0.66390424966812134,0.53829997777938843
844,0.4220000,0.66384994983673096,0.5317000150680542
845,0.4225000,0.66367232799530029,0.52490001916885376
846,0.4230000,0.66335380077362061,0.517799973487854
847,0.4235000,0.66289025545120239,0.51050001382827759
848,0.4240000,0.66227817535400391,0.50300002098083496
849,0.4245000,0.66149729490280151,0.4950999915599823
850,0.4250000,0.66053181886672974,0.48710000514984131
851,0.4255000,0.65937572717666626,0.47879999876022339
852,0.4260000,0.65801608562469482,0.47029998898506165
853,0.4265000,0.65643614530563354,0.46149998903274536
854,0.4270000,0.65462660789489746,0.45249998569488525
855,0.4275000,0.65258508920669556,0.44319999217987061
856,0.4280000,0.65031594038009644,0.43380001187324524
857,0.4285000,0.64783519506454468,0.42399999499320984
858,0.4290000,0.64515554904937744,0.41409999132156372
859,0.4295000,0.64227265119552612,0.40400001406669617
860,0.4300000,0.63916885852813721,0.3935999870300293
861,0.4305000,0.63582736253738403,0.38299998641014099
862,0.4310000,0.63224309682846069,0.37229999899864197
863,0.4315000,0.62841755151748657,0.36129999160766602
864,0.4320000,0.62433797121047974,0.35010001063346863
865,0.4325000,0.61998975276947021,0.33869999647140503
866,0.4330000,0.61537402868270874,0.32719999551773071
867,0.4335000,0.61048752069473267,0.31540000438690186
868,0.4340000,0.60531651973724365,0.30349999666213989
869,0.4345000,0.59984380006790161,0.29150000214576721
870,0.4350000,0.59406882524490356,0.2791999876499176
871,0.4355000,0.58800488710403442,0.26690000295639038
872,0.4360000,0.58166491985321045,0.25429999828338623
873,0.4365000,0.57507604360580444,0.24169999361038208
874,0.4370000,0.56825423240661621,0.2289000004529953
875,0.4375000,0.56118685007095337,0.2159000039100647
876,0.4380000,0.55386346578598022,0.20290000736713409
877,0.4385000,0.54628133773803711,0.18979999423027039
878,0.4390000,0.53843599557876587,0.17649999260902405
879,0.4395000,0.53033018112182617,0.1632000058889389
880,0.4400000,0.52197003364562988,0.14980000257492065
881,0.4405000,0.51334750652313232,0.13629999756813049
882,0.4410000,0.5044482946395874,0.12269999831914902
883,0.4415000,0.49527531862258911,0.10909999907016754
884,0.4420000,0.4858376681804657,0.095399998128414154
885,0.4425000,0.4761376678943634,0.081699997186660767
886,0.4430000,0.46619018912315369,0.068000003695487976
887,0.4435000,0.45600578188896179,0.054200001060962677
888,0.4440000,0.44557115435600281,0.040399998426437378
889,0.4445000,0.43487223982810974,0.026599999517202377
890,0.4450000,0.42391654849052429,0.012799999676644802
891,0.4455000,0.41272467374801636,-0.0010000000474974513
892,0.4460000,0.40130174160003662,-0.014700000174343586
893,0.4465000,0.38964524865150452,-0.028400000184774399
894,0.4470000,0.37777125835418701,-0.042100001126527786
895,0.4475000,0.36569839715957642,-0.055799998342990875
896,0.4480000,0.35342687368392944,-0.069300003349781036
897,0.4485000,0.34095153212547302,-0.082900002598762512
898,0.4490000,0.32826435565948486,-0.096299998462200165
899,0.4495000,0.31536060571670532,-0.10970000177621841
900,0.4500000,0.30224937200546265,-0.12290000170469284
901,0.4505000,0.28894683718681335,-0.13609999418258667
902,0.4510000,0.27547270059585571,-0.14920000731945038
903,0.4515000,0.2618330717086792,-0.16210000216960907
904,0.4520000,0.24801817536354065,-0.17499999701976776
905,0.4525000,0.23403102159500122,-0.18770000338554382
906,0.4530000,0.21988612413406372,-0.20020000636577606
907,0.4535000,0.20559693872928619,-0.2125999927520752
908,0.4540000,0.19117887318134308,-0.2249000072479248
909,0.4545000,0.1766459047794342,-0.2370000034570694
910,0.4550000,0.16200992465019226,-0.24889999628067017
911,0.4555000,0.14728045463562012,-0.26069998741149902
912,0.4560000,0.13245940208435059,-0.27230000495910645
913,0.4565000,0.11753997206687927,-0.28369998931884766
914,0.4570000,0.10251882672309875,-0.29490000009536743
915,0.4575000,0.087403938174247742,-0.30590000748634338
916,0.4580000,0.072209805250167847,-0.31670001149177551
917,0.4585000,0.056953892111778259,-0.32730001211166382
918,0.4590000,0.041653990745544434,-0.3377000093460083
919,0.4595000,0.026313021779060364,-0.34779998660087585
920,0.4600000,0.010934703052043915,-0.35780000686645508
921,0.4605000,-0.0044595468789339066,-0.36750000715255737
922,0.4610000,-0.019851149991154671,-0.37700000405311584
923,0.4615000,-0.035223148763179779,-0.38629999756813049
924,0.4620000,-0.050558514893054962,-0.3953000009059906
925,0.4625000,-0.06583954393863678,-0.40410000085830688
926,0.4630000,-0.081049561500549316,-0.41269999742507935
927,0.4635000,-0.096180148422718048,-0.42109999060630798
928,0.4640000,-0.11121551692485809,-0.42919999361038208
929,0.4645000,-0.12613594532012939,-0.43700000643730164
930,0.4650000,-0.14093658328056335,-0.44470000267028809
931,0.4655000,-0.15562008321285248,-0.45210000872612
932,0.4660000,-0.17018021643161774,-0.45919999480247498
933,0.4665000,-0.18460507690906525,-0.46619999408721924
934,0.4670000,-0.19889138638973236,-0.47279998660087585
935,0.4675000,-0.21303918957710266,-0.47929999232292175
936,0.4680000,-0.22703348100185394,-0.48550000786781311
937,0.4685000,-0.24085377156734467,-0.49160000681877136
938,0.4690000,-0.25448724627494812,-0.49729999899864197
939,0.4695000,-0.26792424917221069,-0.50290000438690186
940,0.4700000,-0.28116530179977417,-0.50819998979568481
941,0.4705000,-0.29421103000640869,-0.51340001821517944
942,0.4710000,-0.30706077814102173,-0.51829999685287476
943,0.4715000,-0.31971985101699829,-0.52300000190734863
944,0.4720000,-0.33216896653175354,-0.5274999737739563
945,0.4725000,-0.34436583518981934,-0.53179997205734253
946,0.4730000,-0.35628411173820496,-0.53600001335144043
947,0.4735000,-0.36792069673538208,-0.53990000486373901
948,0.4740000,-0.37928417325019836,-0.54369997978210449
949,0.4745000,-0.39039131999015808,-0.54720002412796021
950,0.4750000,-0.4012565016746521,-0.55059999227523804
951,0.4755000,-0.41187474131584167,-0.55390000343322754
952,0.4760000,-0.4222463071346283,-0.55699998140335083
953,0.4765000,-0.43239536881446838,-0.55989998579025269
954,0.4770000,-0.44233414530754089,-0.56269997358322144
955,0.4775000,-0.45205509662628174,-0.56529998779296875
956,0.4780000,-0.46155458688735962,-0.56779998540878296
957,0.4785000,-0.47083300352096558,-0.57020002603530884
958,0.4790000,-0.4798906147480011,-0.57249999046325684
959,0.4795000,-0.48872488737106323,-0.5745999813079834
960,0.4800000,-0.49731940031051636,-0.57669997215270996
961,0.4805000,-0.50566041469573975,-0.57859998941421509
962,0.4810000,-0.51375150680541992,-0.58039999008178711
963,0.4815000,-0.52159309387207031,-0.58219999074935913
964,0.4820000,-0.52918106317520142,-0.58389997482299805
965,0.4825000,-0.53652024269104004,-0.58539998531341553
966,0.4830000,-0.5436244010925293,-0.58700001239776611
967,0.4835000,-0.55049824714660645,-0.58840000629425049
968,0.4840000,-0.5571436882019043,-0.58980000019073486
969,0.4845000,-0.56358009576797485,-0.59109997749328613
970,0.4850000,-0.56982594728469849,-0.59240001440048218
971,0.4855000,-0.57589048147201538,-0.59369999170303345
972,0.4860000,-0.58177655935287476,-0.59490001201629639
973,0.4865000,-0.58747667074203491,-0.59609997272491455
974,0.4870000,-0.5929875373840332,-0.59719997644424438
975,0.4875000,-0.59831398725509644,-0.59829998016357422
976,0.4880000,-0.60345226526260376,-0.59939998388290405
977,0.4885000,-0.60839921236038208,-0.60049998760223389
978,0.4890000,-0.61316728591918945,-0.60149997472763062
979,0.4895000,-0.61776590347290039,-0.60250002145767212
980,0.4900000,-0.62219172716140747,-0.60350000858306885
981,0.4905000,-0.62643969058990479,-0.60460001230239868
982,0.4910000,-0.63050878047943115,-0.60559999942779541
983,0.4915000,-0.63440138101577759,-0.60650002956390381
984,0.4920000,-0.63811606168746948,-0.60750001668930054
985,0.4925000,-0.64164692163467407,-0.60850000381469727
986,0.4930000,-0.64499211311340332,-0.60949999094009399
987,0.4935000,-0.64815664291381836,-0.61040002107620239
988,0.4940000,-0.65114480257034302,-0.61140000820159912
989,0.4945000,-0.65396010875701904,-0.61239999532699585
990,0.4950000,-0.65661430358886719,-0.61330002546310425
991,0.4955000,-0.65911567211151123,-0.61430001258850098
992,0.4960000,-0.66147053241729736,-0.6151999831199646
993,0.4965000,-0.66369503736495972,-0.616100013256073
994,0.4970000,-0.66579926013946533,-0.61710000038146973
995,0.4975000,-0.6677863597869873,-0.61799997091293335
996,0.4980000,-0.66965693235397339,-0.61890000104904175
997,0.4985000,-0.67141455411911011,-0.61979997158050537
998,0.4990000,-0.67306745052337646,-0.62059998512268066
999,0.4995000,-0.67461866140365601,-0.62150001525878906
1000,0.5000000,-0.67605465650558472,-0.62230002880096436
1001,0.5005000,-0.67735034227371216,-0.62309998273849487
1002,0.5010000,-0.6785016655921936,-0.62389999628067017
1003,0.5015000,-0.6795189380645752,-0.62459999322891235
1004,0.5020000,-0.68040382862091064,-0.62540000677108765
1005,0.5025000,-0.68115919828414917,-0.62599998712539673
1006,0.5030000,-0.68179470300674438,-0.62669998407363892
1007,0.5035000,-0.68231725692749023,-0.62730002403259277
1008,0.5040000,-0.68273109197616577,-0.62790000438690186
1009,0.5045000,-0.68305379152297974,-0.62840002775192261
1010,0.5050000,-0.68330687284469604,-0.62889999151229858
1011,0.5055000,-0.68349796533584595,-0.62929999828338623
1012,0.5060000,-0.68362313508987427,-0.62970000505447388
1013,0.5065000,-0.68368077278137207,-0.63010001182556152
1014,0.5070000,-0.68367451429367065,-0.63040000200271606
1015,0.5075000,-0.68360430002212524,-0.6305999755859375
1016,0.5080000,-0.68346500396728516,-0.63069999217987061
1017,0.5085000,-0.68325155973434448,-0.63090002536773682
1018,0.5090000,-0.68296456336975098,-0.63090002536773682
1019,0.5095000,-0.68260586261749268,-0.63090002536773682
1020,0.5100000,-0.68218261003494263,-0.63080000877380371
1021,0.5105000,-0.6817055344581604,-0.63069999217987061
1022,0.5110000,-0.68117588758468628,-0.63050001859664917
1023,0.5115000,-0.68059563636779785,-0.63020002841949463
1024,0.5120000,-0.67996549606323242,-0.62980002164840698
1025,0.5125000,-0.67927414178848267,-0.62940001487731934
1026,0.5130000,-0.67851716279983521,-0.62889999151229858
1027,0.5135000,-0.67770421504974365,-0.62840002775192261
1028,0.5140000,-0.67684352397918701,-0.62779998779296875
1029,0.5145000,-0.6759377121925354,-0.62709999084472656
1030,0.5150000,-0.67498743534088135,-0.62629997730255127
1031,0.5155000,-0.67399781942367554,-0.62550002336502075
1032,0.5160000,-0.67297780513763428,-0.62459999322891235
1033,0.5165000,-0.67192888259887695,-0.62360000610351562
1034,0.5170000,-0.67085039615631104,-0.62250000238418579
1035,0.5175000,-0.66974806785583496,-0.62139999866485596
1036,0.5180000,-0.66862541437149048,-0.62029999494552612
1037,0.5185000,-0.66747868061065674,-0.61900001764297485
1038,0.5190000,-0.66630387306213379,-0.61769998073577881
1039,0.5195000,-0.66509991884231567,-0.61640000343322754
1040,0.5200000,-0.66386371850967407,-0.61489999294281006
1041,0.5205000,-0.66258901357650757,-0.61349999904632568
1042,0.5210000,-0.66127496957778931,-0.6118999719619751
1043,0.5215000,-0.65992963314056396,-0.61030000448226929
1044,0.5220000,-0.65855574607849121,-0.6086999773979187
1045,0.5225000,-0.65714722871780396,-0.60699999332427979
1046,0.5230000,-0.65570598840713501,-0.60519999265670776
1047,0.5235000,-0.65423679351806641,-0.60350000858306885
1048,0.5240000,-0.65273559093475342,-0.60159999132156372
1049,0.5245000,-0.6512000560760498,-0.59969997406005859
1050,0.5250000,-0.64964199066162109,-0.59780001640319824
1051,0.5255000,-0.64807635545730591,-0.59579998254776001
1052,0.5260000,-0.64650970697402954,-0.59380000829696655
1053,0.5265000,-0.64493852853775024,-0.59179997444152832
1054,0.5270000,-0.6433558464050293,-0.58969998359680176
1055,0.5275000,-0.64176309108734131,-0.5875999927520752
1056,0.5280000,-0.64015412330627441,-0.58550000190734863
1057,0.5285000,-0.63851350545883179,-0.58329999446868896
1058,0.5290000,-0.63684117794036865,-0.5810999870300293
1059,0.5295000,-0.63514125347137451,-0.57889997959136963
1060,0.5300000,-0.63341408967971802,-0.57669997215270996
1061,0.5305000,-0.63166642189025879,-0.57440000772476196
1062,0.5310000,-0.62990212440490723,-0.57209998369216919
1063,0.5315000,-0.62812149524688721,-0.56980001926422119
1064,0.5320000,-0.62632936239242554,-0.56749999523162842
1065,0.5325000,-0.6245272159576416,-0.56519997119903564
1066,0.5330000,-0.62271672487258911,-0.56279999017715454
1067,0.5335000,-0.62090086936950684,-0.56040000915527344
1068,0.5340000,-0.61907696723937988,-0.55809998512268066
1069,0.5345000,-0.61724257469177246,-0.55570000410079956
1070,0.5350000,-0.61539590358734131,-0.55330002307891846
1071,0.5355000,-0.61353570222854614,-0.55080002546310425
1072,0.5360000,-0.61166584491729736,-0.54839998483657837
1073,0.5365000,-0.60979592800140381,-0.54600000381469727
1074,0.5370000,-0.60793262720108032,-0.54350000619888306
1075,0.5375000,-0.60607290267944336,-0.54110002517700195
1076,0.5380000,-0.60420989990234375,-0.53860002756118774
1077,0.5385000,-0.60234260559082031,-0.53619998693466187
1078,0.5390000,-0.60046917200088501,-0.53369998931884766
1079,0.5395000,-0.59858566522598267,-0.53119999170303345
1080,0.5400000,-0.59669703245162964,-0.52880001068115234
1081,0.5405000,-0.59480935335159302,-0.52630001306533813
1082,0.5410000,-0.59292161464691162,-0.52380001544952393
1083,0.5415000,-0.5910300612449646,-0.52130001783370972
1084,0.5420000,-0.58913320302963257,-0.51889997720718384
1085,0.5425000,-0.58722972869873047,-0.51639997959136963
1086,0.5430000,-0.58531606197357178,-0.51389998197555542
1087,0.5435000,-0.58339047431945801,-0.51139998435974121
1088,0.5440000,-0.5814555287361145,-0.50900000333786011
1089,0.5445000,-0.57951200008392334,-0.5065000057220459
1090,0.5450000,-0.57755690813064575,-0.50400000810623169
1091,0.5455000,-0.57559001445770264,-0.50160002708435059
1092,0.5460000,-0.5736081600189209,-0.49909999966621399
1093,0.5465000,-0.57160693407058716,-0.4966999888420105
1094,0.5470000,-0.5695873498916626,-0.49419999122619629
1095,0.5475000,-0.56754773855209351,-0.49180001020431519
1096,0.5480000,-0.56549149751663208,-0.48939999938011169
1097,0.5485000,-0.56343299150466919,-0.4869999885559082
1098,0.5490000,-0.56138128042221069,-0.4846000075340271
1099,0.5495000,-0.55933469533920288,-0.48219999670982361
1100,0.5500000,-0.55728369951248169,-0.47979998588562012
1101,0.5505000,-0.55522114038467407,-0.47749999165534973
1102,0.5510000,-0.55315190553665161,-0.47510001063346863
1103,0.5515000,-0.55108100175857544,-0.47279998660087585
1104,0.5520000,-0.54901593923568726,-0.47049999237060547
1105,0.5525000,-0.5469745397567749,-0.46819999814033508
1106,0.5530000,-0.54496878385543823,-0.4659000039100647
1107,0.5535000,-0.54299509525299072,-0.46369999647140503
1108,0.5540000,-0.54104131460189819,-0.46149998903274536
1109,0.5545000,-0.53909993171691895,-0.45930001139640808
1110,0.5550000,-0.53717458248138428,-0.45710000395774841
1111,0.5555000,-0.53526794910430908,-0.45489999651908875
1112,0.5560000,-0.53336513042449951,-0.45280000567436218
1113,0.5565000,-0.53144365549087524,-0.45070001482963562
1114,0.5570000,-0.52949774265289307,-0.44859999418258667
1115,0.5575000,-0.52753567695617676,-0.44650000333786011
1116,0.5580000,-0.52555954456329346,-0.44449999928474426
1117,0.5585000,-0.52356433868408203,-0.44249999523162842
1118,0.5590000,-0.52154767513275146,-0.44049999117851257
1119,0.5595000,-0.51950919628143311,-0.43849998712539673
1120,0.5600000,-0.51744675636291504,-0.43659999966621399
1121,0.5605000,-0.51535391807556152,-0.43459999561309814
1122,0.5610000,-0.51322519779205322,-0.43279999494552612
1123,0.5615000,-0.5110621452331543,-0.43090000748634338
1124,0.5620000,-0.50886988639831543,-0.42899999022483826
1125,0.5625000,-0.50664961338043213,-0.42719998955726624
1126,0.5630000,-0.50439894199371338,-0.42539998888969421
1127,0.5635000,-0.50211793184280396,-0.42359998822212219
1128,0.5640000,-0.49980136752128601,-0.42190000414848328
1129,0.5645000,-0.49743452668190002,-0.42010000348091125
1130,0.5650000,-0.49501290917396545,-0.41839998960494995
1131,0.5655000,-0.49254733324050903,-0.41670000553131104
1132,0.5660000,-0.49004510045051575,-0.41499999165534973
1133,0.5665000,-0.48750969767570496,-0.41330000758171082
1134,0.5670000,-0.48494696617126465,-0.41159999370574951
1135,0.5675000,-0.48236331343650818,-0.4099000096321106
1136,0.5680000,-0.47976624965667725,-0.40819999575614929
1137,0.5685000,-0.47716021537780762,-0.40659999847412109
1138,0.5690000,-0.47454971075057983,-0.40490001440048218
1139,0.5695000,-0.47193986177444458,-0.40329998731613159
1140,0.5700000,-0.46933186054229736,-0.40160000324249268
1141,0.5705000,-0.46672528982162476,-0.40000000596046448
1142,0.5710000,-0.46412062644958496,-0.39829999208450317
1143,0.5715000,-0.46152490377426147,-0.39669999480247498
1144,0.5720000,-0.45894166827201843,-0.39500001072883606
1145,0.5725000,-0.45636814832687378,-0.39340001344680786
1146,0.5730000,-0.45380589365959167,-0.39169999957084656
1147,0.5735000,-0.45125514268875122,-0.38999998569488525
1148,0.5740000,-0.44871589541435242,-0.38839998841285706
1149,0.5745000,-0.44619032740592957,-0.38670000433921814
1150,0.5750000,-0.44367873668670654,-0.38499999046325684
1151,0.5755000,-0.44118362665176392,-0.38330000638961792
1152,0.5760000,-0.43871104717254639,-0.3815000057220459
1153,0.5765000,-0.43626755475997925,-0.37979999184608459
1154,0.5770000,-0.43385782837867737,-0.37810000777244568
1155,0.5775000,-0.43147990107536316,-0.37630000710487366
1156,0.5780000,-0.42913034558296204,-0.37450000643730164
1157,0.5785000,-0.42680901288986206,-0.37279999256134033
1158,0.5790000,-0.42451503872871399,-0.37099999189376831
1159,0.5795000,-0.42224875092506409,-0.36919999122619629
1160,0.5800000,-0.42000940442085266,-0.36739999055862427
1161,0.5805000,-0.41779524087905884,-0.36550000309944153
1162,0.5810000,-0.41561079025268555,-0.36370000243186951
1163,0.5815000,-0.41345983743667603,-0.36190000176429749
1164,0.5820000,-0.41133713722229004,-0.36000001430511475
1165,0.5825000,-0.40923753380775452,-0.35820001363754272
1166,0.5830000,-0.40716299414634705,-0.3562999963760376
1167,0.5835000,-0.4051145613193512,-0.35440000891685486
1168,0.5840000,-0.40308505296707153,-0.35260000824928284
1169,0.5845000,-0.40106558799743652,-0.35069999098777771
1170,0.5850000,-0.39905115962028503,-0.34880000352859497
1171,0.5855000,-0.39703896641731262,-0.34700000286102295
1172,0.5860000,-0.395030677318573,-0.34509998559951782
1173,0.5865000,-0.3930298388004303,-0.34319999814033508
1174,0.5870000,-0.39103794097900391,-0.34139999747276306
1175,0.5875000,-0.38905611634254456,-0.33950001001358032
1176,0.5880000,-0.38708233833312988,-0.3377000093460083
1177,0.5885000,-0.38511064648628235,-0.33590000867843628
1178,0.5890000,-0.38313978910446167,-0.33399999141693115
1179,0.5895000,-0.38117346167564392,-0.33219999074935913
1180,0.5900000,-0.37921380996704102,-0.33039999008178711
1181,0.5905000,-0.37726366519927979,-0.32870000600814819
1182,0.5910000,-0.37532642483711243,-0.32690000534057617
1183,0.5915000,-0.37340408563613892,-0.32519999146461487
1184,0.5920000,-0.37149882316589355,-0.32339999079704285
1185,0.5925000,-0.36961054801940918,-0.32170000672340393
1186,0.5930000,-0.36773756146430969,-0.31999999284744263
1187,0.5935000,-0.36588409543037415,-0.31839999556541443
1188,0.5940000,-0.36405593156814575,-0.31670001149177551
1189,0.5945000,-0.36225152015686035,-0.31510001420974731
1190,0.5950000,-0.36047038435935974,-0.31349998712539673
1191,0.5955000,-0.35871562361717224,-0.31189998984336853
1192,0.5960000,-0.3569892942905426,-0.31040000915527344
1193,0.5965000,-0.35529577732086182,-0.30880001187324524
1194,0.5970000,-0.35363706946372986,-0.30730000138282776
1195,0.5975000,-0.35201263427734375,-0.30590000748634338
1196,0.5980000,-0.35042259097099304,-0.3043999969959259
1197,0.5985000,-0.34886258840560913,-0.30300000309944153
1198,0.5990000,-0.34733113646507263,-0.30160000920295715
1199,0.5995000,-0.34583103656768799,-0.30019998550415039
1200,0.6000000,-0.34435638785362244,-0.29879999160766602
1201,0.6005000,-0.34289839863777161,-0.29750001430511475
1202,0.6010000,-0.34145662188529968,-0.29620000720024109
1203,0.6015000,-0.34003162384033203,-0.29490000009536743
1204,0.6020000,-0.3386206328868866,-0.29359999299049377
1205,0.6025000,-0.3372197151184082,-0.29240000247955322
1206,0.6030000,-0.33582630753517151,-0.29120001196861267
1207,0.6035000,-0.33443999290466309,-0.28990000486373901
1208,0.6040000,-0.33305376768112183,-0.28880000114440918
1209,0.6045000,-0.33165746927261353,-0.28760001063346863
1210,0.6050000,-0.33024933934211731,-0.28639999032020569
1211,0.6055000,-0.32883042097091675,-0.28529998660087585
1212,0.6060000,-0.32739898562431335,-0.28420001268386841
1213,0.6065000,-0.32595357298851013,-0.28310000896453857
1214,0.6070000,-0.32449725270271301,-0.28200000524520874
1215,0.6075000,-0.3230355978012085,-0.28090000152587891
1216,0.6080000,-0.32156786322593689,-0.27990001440048218
1217,0.6085000,-0.320090651512146,-0.27880001068115234
1218,0.6090000,-0.31860318779945374,-0.27779999375343323
1219,0.6095000,-0.31710410118103027,-0.2768000066280365
1220,0.6100000,-0.31559264659881592,-0.27579998970031738
1221,0.6105000,-0.31406977772712708,-0.27480000257492065
1222,0.6110000,-0.31253686547279358,-0.27379998564720154
1223,0.6115000,-0.31099635362625122,-0.27289998531341553
1224,0.6120000,-0.30944782495498657,-0.2718999981880188
1225,0.6125000,-0.30788812041282654,-0.27099999785423279
1226,0.6130000,-0.30631518363952637,-0.27009999752044678
1227,0.6135000,-0.30472961068153381,-0.26919999718666077
1228,0.6140000,-0.30313470959663391,-0.26829999685287476
1229,0.6145000,-0.30152815580368042,-0.26739999651908875
1230,0.6150000,-0.29990825057029724,-0.26649999618530273
1231,0.6155000,-0.2982819676399231,-0.26570001244544983
1232,0.6160000,-0.29665011167526245,-0.26489999890327454
1233,0.6165000,-0.29500812292098999,-0.26409998536109924
1234,0.6170000,-0.29335659742355347,-0.26330000162124634
1235,0.6175000,-0.2916991114616394,-0.26249998807907104
1236,0.6180000,-0.29004055261611938,-0.26179999113082886
1237,0.6185000,-0.28838175535202026,-0.26100000739097595
1238,0.6190000,-0.28672167658805847,-0.26030001044273376
1239,0.6195000,-0.28506472706794739,-0.25960001349449158
1240,0.6200000,-0.28341060876846313,-0.25900000333786011
1241,0.6205000,-0.28175681829452515,-0.25830000638961792
1242,0.6210000,-0.28010991215705872,-0.25769999623298645
1243,0.6215000,-0.2784782350063324,-0.25709998607635498
1244,0.6220000,-0.2768656313419342,-0.25659999251365662
1245,0.6225000,-0.27526992559432983,-0.25600001215934753
1246,0.6230000,-0.273689866065979,-0.25549998879432678
1247,0.6235000,-0.27212819457054138,-0.25499999523162842
1248,0.6240000,-0.2705819308757782,-0.25459998846054077
1249,0.6245000,-0.26905035972595215,-0.25420001149177551
1250,0.6250000,-0.26753753423690796,-0.25380000472068787
1251,0.6255000,-0.26604422926902771,-0.25339999794960022
1252,0.6260000,-0.26457411050796509,-0.25299999117851257
1253,0.6265000,-0.26312714815139771,-0.25270000100135803
1254,0.6270000,-0.26169884204864502,-0.25240001082420349
1255,0.6275000,-0.26028594374656677,-0.25220000743865967
1256,0.6280000,-0.25888639688491821,-0.25189998745918274
1257,0.6285000,-0.25750690698623657,-0.2517000138759613
1258,0.6290000,-0.25615406036376953,-0.25150001049041748
1259,0.6295000,-0.25483253598213196,-0.25139999389648438
1260,0.6300000,-0.25354874134063721,-0.25119999051094055
1261,0.6305000,-0.25229734182357788,-0.25110000371932983
1262,0.6310000,-0.25106960535049438,-0.25099998712539673
1263,0.6315000,-0.24986711144447327,-0.25090000033378601
1264,0.6320000,-0.24869149923324585,-0.25090000033378601
1265,0.6325000,-0.24753998219966888,-0.25080001354217529
1266,0.6330000,-0.24640998244285583,-0.25080001354217529
1267,0.6335000,-0.24530145525932312,-0.25080001354217529
1268,0.6340000,-0.24421662092208862,-0.25080001354217529
1269,0.6345000,-0.24315440654754639,-0.25080001354217529
1270,0.6350000,-0.24211147427558899,-0.25080001354217529
1271,0.6355000,-0.24108590185642242,-0.25090000033378601
1272,0.6360000,-0.24007974565029144,-0.25090000033378601
1273,0.6365000,-0.23910149931907654,-0.25099998712539673
1274,0.6370000,-0.23815502226352692,-0.25099998712539673
1275,0.6375000,-0.23723730444908142,-0.25110000371932983
1276,0.6380000,-0.23634867370128632,-0.25119999051094055
1277,0.6385000,-0.23548978567123413,-0.25119999051094055
1278,0.6390000,-0.23465429246425629,-0.25130000710487366
1279,0.6395000,-0.23383380472660065,-0.25139999389648438
1280,0.6400000,-0.23303072154521942,-0.25139999389648438
1281,0.6405000,-0.23225469887256622,-0.25150001049041748
1282,0.6410000,-0.23150593042373657,-0.2515999972820282
1283,0.6415000,-0.23077939450740814,-0.2515999972820282
1284,0.6420000,-0.23007616400718689,-0.2517000138759613
1285,0.6425000,-0.22939671576023102,-0.2517000138759613
1286,0.6430000,-0.22873528301715851,-0.2517000138759613
1287,0.6435000,-0.22808451950550079,-0.25180000066757202
1288,0.6440000,-0.22743862867355347,-0.25180000066757202
1289,0.6445000,-0.22679482400417328,-0.25180000066757202
1290,0.6450000,-0.22615312039852142,-0.25180000066757202
1291,0.6455000,-0.22551427781581879,-0.25180000066757202
1292,0.6460000,-0.2248825877904892,-0.25180000066757202
1293,0.6465000,-0.22426170110702515,-0.2517000138759613
1294,0.6470000,-0.22364583611488342,-0.2517000138759613
1295,0.6475000,-0.22302809357643127,-0.2517000138759613
1296,0.6480000,-0.22241203486919403,-0.2515999972820282
1297,0.6485000,-0.22180299460887909,-0.2515999972820282
1298,0.6490000,-0.2211996465921402,-0.25150001049041748
1299,0.6495000,-0.22060179710388184,-0.25139999389648438
1300,0.6500000,-0.22001518309116364,-0.25139999389648438
1301,0.6505000,-0.21944525837898254,-0.25130000710487366
1302,0.6510000,-0.2188873291015625,-0.25119999051094055
1303,0.6515000,-0.21833142638206482,-0.25110000371932983
1304,0.6520000,-0.21777389943599701,-0.25110000371932983
1305,0.6525000,-0.2172105461359024,-0.25099998712539673
1306,0.6530000,-0.21663591265678406,-0.25090000033378601
1307,0.6535000,-0.21605060994625092,-0.25080001354217529
1308,0.6540000,-0.21545915305614471,-0.25069999694824219
1309,0.6545000,-0.21486535668373108,-0.25069999694824219
1310,0.6550000,-0.21426816284656525,-0.25060001015663147
1311,0.6555000,-0.21366384625434875,-0.25049999356269836
1312,0.6560000,-0.21305301785469055,-0.25049999356269836
1313,0.6565000,-0.21243752539157867,-0.25040000677108765
1314,0.6570000,-0.21181531250476837,-0.25040000677108765
1315,0.6575000,-0.21118581295013428,-0.25040000677108765
1316,0.6580000,-0.21055124700069427,-0.25029999017715454
1317,0.6585000,-0.20991285145282745,-0.25029999017715454
1318,0.6590000,-0.20927129685878754,-0.25029999017715454
1319,0.6595000,-0.20862528681755066,-0.25029999017715454
1320,0.6600000,-0.20797450840473175,-0.25029999017715454
1321,0.6605000,-0.20732221007347107,-0.25040000677108765
1322,0.6610000,-0.20667010545730591,-0.25040000677108765
1323,0.6615000,-0.20601834356784821,-0.25049999356269836
1324,0.6620000,-0.20536805689334869,-0.25049999356269836
1325,0.6625000,-0.20471857488155365,-0.25060001015663147
1326,0.6630000,-0.20406787097454071,-0.25069999694824219
1327,0.6635000,-0.20341520011425018,-0.25080001354217529
1328,0.6640000,-0.20275378227233887,-0.25090000033378601
1329,0.6645000,-0.20207351446151733,-0.25099998712539673
1330,0.6650000,-0.20137310028076172,-0.25119999051094055
1331,0.6655000,-0.20065394043922424,-0.25130000710487366
1332,0.6660000,-0.19991639256477356,-0.25150001049041748
1333,0.6665000,-0.19916495680809021,-0.2515999972820282
1334,0.6670000,-0.19840148091316223,-0.25180000066757202
1335,0.6675000,-0.19762009382247925,-0.25189998745918274
1336,0.6680000,-0.19682133197784424,-0.25209999084472656
1337,0.6685000,-0.19601598381996155,-0.25229999423027039
1338,0.6690000,-0.1952093243598938,-0.25240001082420349
1339,0.6695000,-0.19440072774887085,-0.25260001420974731
1340,0.6700000,-0.19358906149864197,-0.25270000100135803
1341,0.6705000,-0.19277393817901611,-0.25290000438690186
1342,0.6710000,-0.19195730984210968,-0.25310000777244568
1343,0.6715000,-0.19113634526729584,-0.2531999945640564
1344,0.6720000,-0.19031013548374176,-0.2533000111579895
1345,0.6725000,-0.1894887387752533,-0.25339999794960022
1346,0.6730000,-0.18867690861225128,-0.25360000133514404
1347,0.6735000,-0.18787111341953278,-0.25369998812675476
1348,0.6740000,-0.18706920742988586,-0.25369998812675476
1349,0.6745000,-0.18627007305622101,-0.25380000472068787
1350,0.6750000,-0.1854734867811203,-0.25380000472068787
1351,0.6755000,-0.18467780947685242,-0.25389999151229858
1352,0.6760000,-0.18388178944587708,-0.25389999151229858
1353,0.6765000,-0.18308547139167786,-0.25389999151229858
1354,0.6770000,-0.18228615820407867,-0.25380000472068787
1355,0.6775000,-0.18148097395896912,-0.25380000472068787
1356,0.6780000,-0.18066932260990143,-0.25369998812675476
1357,0.6785000,-0.17985285818576813,-0.25350001454353333
1358,0.6790000,-0.17903600633144379,-0.25339999794960022
1359,0.6795000,-0.17822206020355225,-0.2531999945640564
1360,0.6800000,-0.17740757763385773,-0.25299999117851257
1361,0.6805000,-0.1765848845243454,-0.25279998779296875
1362,0.6810000,-0.1757509857416153,-0.25249999761581421
1363,0.6815000,-0.17490555346012115,-0.25220000743865967
1364,0.6820000,-0.17404744029045105,-0.25189998745918274
1365,0.6825000,-0.17318212985992432,-0.2515999972820282
1366,0.6830000,-0.17232033610343933,-0.25119999051094055
1367,0.6835000,-0.17146588861942291,-0.25080001354217529
1368,0.6840000,-0.17061902582645416,-0.25029999017715454
1369,0.6845000,-0.16978371143341064,-0.24979999661445618
1370,0.6850000,-0.16896140575408936,-0.24930000305175781
1371,0.6855000,-0.16814911365509033,-0.24879999458789825
1372,0.6860000,-0.1673419177532196,-0.24819999933242798
1373,0.6865000,-0.16654077172279358,-0.2476000040769577
1374,0.6870000,-0.16575466096401215,-0.24699999392032623
1375,0.6875000,-0.16498798131942749,-0.24629999697208405
1376,0.6880000,-0.16424199938774109,-0.24570000171661377
1377,0.6885000,-0.16352091729640961,-0.24500000476837158
1378,0.6890000,-0.16282318532466888,-0.24420000612735748
1379,0.6895000,-0.16214118897914886,-0.2434999942779541
1380,0.6900000,-0.16147005558013916,-0.24269999563694
1381,0.6905000,-0.1608087569475174,-0.2418999969959259
1382,0.6910000,-0.16015943884849548,-0.24099999666213989
1383,0.6915000,-0.159525066614151,-0.24019999802112579
1384,0.6920000,-0.15890038013458252,-0.23929999768733978
1385,0.6925000,-0.15827667713165283,-0.23839999735355377
1386,0.6930000,-0.15765027701854706,-0.23749999701976776
1387,0.6935000,-0.15701693296432495,-0.23659999668598175
1388,0.6940000,-0.15637427568435669,-0.23559999465942383
1389,0.6945000,-0.1557234525680542,-0.23469999432563782
1390,0.6950000,-0.15506529808044434,-0.23370000720024109
1391,0.6955000,-0.15439987182617188,-0.23270000517368317
1392,0.6960000,-0.1537257581949234,-0.23170000314712524
1393,0.6965000,-0.15304267406463623,-0.23070000112056732
1394,0.6970000,-0.15234860777854919,-0.2296999990940094
1395,0.6975000,-0.15164007246494293,-0.22869999706745148
1396,0.6980000,-0.15091873705387115,-0.22769999504089355
1397,0.6985000,-0.15018673241138458,-0.22660000622272491
1398,0.6990000,-0.14944525063037872,-0.22560000419616699
1399,0.6995000,-0.14869549870491028,-0.22450000047683716
1400,0.7000000,-0.1479366272687912,-0.22349999845027924
1401,0.7005000,-0.14717003703117371,-0.2223999947309494
1402,0.7010000,-0.14639800786972046,-0.22139999270439148
1403,0.7015000,-0.14562030136585236,-0.22030000388622284
1404,0.7020000,-0.14483614265918732,-0.21930000185966492
1405,0.7025000,-0.14404506981372833,-0.21829999983310699
1406,0.7030000,-0.14324840903282166,-0.21719999611377716
1407,0.7035000,-0.14244891703128815,-0.21619999408721924
1408,0.7040000,-0.14164796471595764,-0.21520000696182251
1409,0.7045000,-0.14084549248218536,-0.21410000324249268
1410,0.7050000,-0.14003987610340118,-0.21310000121593475
1411,0.7055000,-0.13922916352748871,-0.21209999918937683
1412,0.7060000,-0.13841408491134644,-0.21109999716281891
1413,0.7065000,-0.13759590685367584,-0.21009999513626099
1414,0.7070000,-0.13677524030208588,-0.20909999310970306
1415,0.7075000,-0.13595382869243622,-0.20819999277591705
1416,0.7080000,-0.13513725996017456,-0.20720000565052032
1417,0.7085000,-0.13433036208152771,-0.20630000531673431
1418,0.7090000,-0.13353031873703003,-0.20530000329017639
1419,0.7095000,-0.13273456692695618,-0.20440000295639038
1420,0.7100000,-0.13194566965103149,-0.20350000262260437
1421,0.7105000,-0.13116395473480225,-0.20260000228881836
1422,0.7110000,-0.13038654625415802,-0.20170000195503235
1423,0.7115000,-0.12961304187774658,-0.20080000162124634
1424,0.7120000,-0.1288486123085022,-0.19990000128746033
1425,0.7125000,-0.12809848785400391,-0.19910000264644623
1426,0.7130000,-0.12735846638679504,-0.19820000231266022
1427,0.7135000,-0.12662249803543091,-0.19740000367164612
1428,0.7140000,-0.12589365243911743,-0.19660000503063202
1429,0.7145000,-0.12517544627189636,-0.19570000469684601
1430,0.7150000,-0.12446513772010803,-0.19490000605583191
1431,0.7155000,-0.1237604171037674,-0.19410000741481781
1432,0.7160000,-0.1230645477771759,-0.19329999387264252
1433,0.7165000,-0.12238013744354248,-0.19249999523162842
1434,0.7170000,-0.12170211970806122,-0.19169999659061432
1435,0.7175000,-0.12102685868740082,-0.19089999794960022
1436,0.7180000,-0.12035885453224182,-0.19009999930858612
1437,0.7185000,-0.11970130354166031,-0.18940000236034393
1438,0.7190000,-0.11904995888471603,-0.18860000371932983
1439,0.7195000,-0.11840074509382248,-0.18780000507831573
1440,0.7200000,-0.1177552118897438,-0.18700000643730164
1441,0.7205000,-0.11711280047893524,-0.18619999289512634
1442,0.7210000,-0.11646817624568939,-0.18539999425411224
1443,0.7215000,-0.11582020670175552,-0.18459999561309814
1444,0.7220000,-0.11517350375652313,-0.18379999697208405
1445,0.7225000,-0.11453008651733398,-0.18299999833106995
1446,0.7230000,-0.11388512700796127,-0.18219999969005585
1447,0.7235000,-0.1132335364818573,-0.18140000104904175
1448,0.7240000,-0.1125764474272728,-0.18060000240802765
1449,0.7245000,-0.11191514134407043,-0.17980000376701355
1450,0.7250000,-0.11124780029058456,-0.17900000512599945
1451,0.7255000,-0.1105751097202301,-0.17820000648498535
1452,0.7260000,-0.10989988595247269,-0.17730000615119934
1453,0.7265000,-0.10922296345233917,-0.17649999260902405
1454,0.7270000,-0.10854185372591019,-0.17560000717639923
1455,0.7275000,-0.1078537330031395,-0.17479999363422394
1456,0.7280000,-0.10716230422258377,-0.17389999330043793
1457,0.7285000,-0.1064729169011116,-0.17309999465942383
1458,0.7290000,-0.10578322410583496,-0.17219999432563782
1459,0.7295000,-0.10509024560451508,-0.17129999399185181
1460,0.7300000,-0.10439595580101013,-0.1703999936580658
1461,0.7305000,-0.1037006750702858,-0.16949999332427979
1462,0.7310000,-0.10300184786319733,-0.16869999468326569
1463,0.7315000,-0.10229899734258652,-0.16779999434947968
1464,0.7320000,-0.10159613192081451,-0.16689999401569366
1465,0.7325000,-0.10089511424303055,-0.16599999368190765
1466,0.7330000,-0.10019122064113617,-0.16509999334812164
1467,0.7335000,-0.099482208490371704,-0.16419999301433563
1468,0.7340000,-0.098769798874855042,-0.16329999268054962
1469,0.7345000,-0.098053790628910065,-0.1624000072479248
1470,0.7350000,-0.097332939505577087,-0.16150000691413879
1471,0.7355000,-0.096607066690921783,-0.1606999933719635
1472,0.7360000,-0.095881618559360504,-0.15979999303817749
1473,0.7365000,-0.095164678990840912,-0.15889999270439148
1474,0.7370000,-0.094456680119037628,-0.15800000727176666
1475,0.7375000,-0.093755826354026794,-0.15719999372959137
1476,0.7380000,-0.093063220381736755,-0.15629999339580536
1477,0.7385000,-0.092376954853534698,-0.15539999306201935
1478,0.7390000,-0.091693766415119171,-0.15459999442100525
1479,0.7395000,-0.091012947261333466,-0.15369999408721924
1480,0.7400000,-0.090339392423629761,-0.15289999544620514
1481,0.7405000,-0.089680053293704987,-0.15199999511241913
1482,0.7410000,-0.089035816490650177,-0.15119999647140503
1483,0.7415000,-0.088404685258865356,-0.15039999783039093
1484,0.7420000,-0.087783925235271454,-0.14949999749660492
1485,0.7425000,-0.087170824408531189,-0.14869999885559082
1486,0.7430000,-0.086564436554908752,-0.14790000021457672
1487,0.7435000,-0.085963882505893707,-0.14710000157356262
1488,0.7440000,-0.085368096828460693,-0.14620000123977661
1489,0.7445000,-0.08477446436882019,-0.14540000259876251
1490,0.7450000,-0.084182053804397583,-0.14460000395774841
1491,0.7455000,-0.083592437207698822,-0.1437000036239624
1492,0.7460000,-0.083004631102085114,-0.1429000049829483
1493,0.7465000,-0.082416355609893799,-0.1421000063419342
1494,0.7470000,-0.081826202571392059,-0.14120000600814819
1495,0.7475000,-0.081231288611888885,-0.14040000736713409
1496,0.7480000,-0.080631807446479797,-0.13950000703334808
1497,0.7485000,-0.080033533275127411,-0.13860000669956207
1498,0.7490000,-0.079439453780651093,-0.13770000636577606
1499,0.7495000,-0.078849248588085175,-0.13680000603199005
1500,0.7500000,-0.078262127935886383,-0.13590000569820404
1501,0.7505000,-0.077676944434642792,-0.13500000536441803
1502,0.7510000,-0.077093526721000671,-0.13400000333786011
1503,0.7515000,-0.076510928571224213,-0.1331000030040741
1504,0.7520000,-0.0759257972240448,-0.13210000097751617
1505,0.7525000,-0.075335636734962463,-0.13109999895095825
1506,0.7530000,-0.074739716947078705,-0.12999999523162842
1507,0.7535000,-0.074137583374977112,-0.1289999932050705
1508,0.7540000,-0.073529422283172607,-0.12790000438690186
1509,0.7545000,-0.072915151715278625,-0.12680000066757202
1510,0.7550000,-0.072296656668186188,-0.12559999525547028
1511,0.7555000,-0.071676366031169891,-0.12449999898672104
1512,0.7560000,-0.071054615080356598,-0.12330000102519989
1513,0.7565000,-0.070432461798191071,-0.12210000306367874
1514,0.7570000,-0.069810383021831512,-0.12080000340938568
1515,0.7575000,-0.06918741762638092,-0.11949999630451202
1516,0.7580000,-0.068563073873519897,-0.11819999665021896
1517,0.7585000,-0.067937441170215607,-0.1168999969959259
1518,0.7590000,-0.067310608923435211,-0.11550000309944153
1519,0.7595000,-0.06668400764465332,-0.11410000175237656
1520,0.7600000,-0.066061176359653473,-0.11270000040531158
1521,0.7605000,-0.06544320285320282,-0.1111999973654747
1522,0.7610000,-0.06482793390750885,-0.10970000177621841
1523,0.7615000,-0.064213573932647705,-0.10819999873638153
1524,0.7620000,-0.063599333167076111,-0.10670000314712524
1525,0.7625000,-0.062985137104988098,-0.10520000010728836
1526,0.7630000,-0.062370676547288895,-0.10360000282526016
1527,0.7635000,-0.061754424124956131,-0.10199999809265137
1528,0.7640000,-0.061137281358242035,-0.10040000081062317
1529,0.7645000,-0.060521610081195831,-0.098700001835823059
1530,0.7650000,-0.059907633811235428,-0.097099997103214264
1531,0.7655000,-0.059294596314430237,-0.095399998128414154
1532,0.7660000,-0.058682918548583984,-0.093699999153614044
1533,0.7665000,-0.058075182139873505,-0.092000000178813934
1534,0.7670000,-0.057471230626106262,-0.090300001204013824
1535,0.7675000,-0.056868977844715118,-0.088600002229213715
1536,0.7680000,-0.056266501545906067,-0.086900003254413605
1537,0.7685000,-0.055659711360931396,-0.085199996829032898
1538,0.7690000,-0.055046409368515015,-0.083499997854232788
1539,0.7695000,-0.054427303373813629,-0.081799998879432678
1540,0.7700000,-0.053804345428943634,-0.080099999904632568
1541,0.7705000,-0.05318031832575798,-0.078400000929832458
1542,0.7710000,-0.052555441856384277,-0.07680000364780426
1543,0.7715000,-0.051928240805864334,-0.075099997222423553
1544,0.7720000,-0.051299039274454117,-0.073499999940395355
1545,0.7725000,-0.050670549273490906,-0.071800000965595245
1546,0.7730000,-0.050044115632772446,-0.070200003683567047
1547,0.7735000,-0.04941757395863533,-0.068599998950958252
1548,0.7740000,-0.048790622502565384,-0.067100003361701965
1549,0.7745000,-0.04816567525267601,-0.065600000321865082
1550,0.7750000,-0.047542795538902283,-0.064099997282028198
1551,0.7755000,-0.046919219195842743,-0.062600001692771912
1552,0.7760000,-0.046293776482343674,-0.06120000034570694
1553,0.7765000,-0.045668572187423706,-0.059799998998641968
1554,0.7770000,-0.045045103877782822,-0.058400001376867294
1555,0.7775000,-0.04442189633846283,-0.057100001722574234
1556,0.7780000,-0.043798517435789108,-0.055799998342990875
1557,0.7785000,-0.04317668080329895,-0.054600000381469727
1558,0.7790000,-0.042555596679449081,-0.053399998694658279
1559,0.7795000,-0.041931908577680588,-0.052299998700618744
1560,0.7800000,-0.04130413755774498,-0.051199998706579208
1561,0.7805000,-0.040674317628145218,-0.050099998712539673
1562,0.7810000,-0.040043745189905167,-0.049100000411272049
1563,0.7815000,-0.039410859346389771,-0.048099998384714127
1564,0.7820000,-0.038775552064180374,-0.047200001776218414
1565,0.7825000,-0.038138996809720993,-0.046300001442432404
1566,0.7830000,-0.037501152604818344,-0.045499999076128006
1567,0.7835000,-0.036861736327409744,-0.044700000435113907
1568,0.7840000,-0.036220915615558624,-0.043999999761581421
1569,0.7845000,-0.035581011325120926,-0.043299999088048935
1570,0.7850000,-0.034943822771310806,-0.042599998414516449
1571,0.7855000,-0.034309200942516327,-0.041999999433755875
1572,0.7860000,-0.033677075058221817,-0.0414000004529953
1573,0.7865000,-0.03304552286863327,-0.040800001472234726
1574,0.7870000,-0.03241303563117981,-0.040300000458955765
1575,0.7875000,-0.031780488789081573,-0.039799999445676804
1576,0.7880000,-0.03114829957485199,-0.039299998432397842
1577,0.7885000,-0.03051728755235672,-0.038899999111890793
1578,0.7890000,-0.029888404533267021,-0.038499999791383743
1579,0.7895000,-0.02926214225590229,-0.038100000470876694
1580,0.7900000,-0.028639130294322968,-0.037700001150369644
1581,0.7905000,-0.02801801823079586,-0.037300001829862595
1582,0.7910000,-0.027398454025387764,-0.037000000476837158
1583,0.7915000,-0.026781290769577026,-0.036600001156330109
1584,0.7920000,-0.026165032759308815,-0.036299999803304672
1585,0.7925000,-0.025549471378326416,-0.035999998450279236
1586,0.7930000,-0.024936465546488762,-0.035599999129772186
1587,0.7935000,-0.024327471852302551,-0.035300001502037048
1588,0.7940000,-0.023722073063254356,-0.035000000149011612
1589,0.7945000,-0.023117758333683014,-0.034600000828504562
1590,0.7950000,-0.022513827309012413,-0.034299999475479126
1591,0.7955000,-0.02191171795129776,-0.033900000154972076
1592,0.7960000,-0.021309535950422287,-0.033500000834465027
1593,0.7965000,-0.020704004913568497,-0.033100001513957977
1594,0.7970000,-0.020096505060791969,-0.032699998468160629
1595,0.7975000,-0.019488554447889328,-0.032200001180171967
1596,0.7980000,-0.018878048285841942,-0.031800001859664917
1597,0.7985000,-0.018263408914208412,-0.031300000846385956
1598,0.7990000,-0.017646227031946182,-0.030700000002980232
1599,0.7995000,-0.017028134316205978,-0.03020000085234642
1600,0.8000000,-0.016409844160079956,-0.029600000008940697
1601,0.8005000,-0.0157940573990345,-0.028999999165534973
1602,0.8010000,-0.015183079987764359,-0.028300000354647636
1603,0.8015000,-0.014576049521565437,-0.02759999968111515
1604,0.8020000,-0.013970864005386829,-0.026900000870227814
1605,0.8025000,-0.013366465456783772,-0.026100000366568565
1606,0.8030000,-0.012763401493430138,-0.025299999862909317
1607,0.8035000,-0.012162476778030396,-0.024499999359250069
1608,0.8040000,-0.011564764194190502,-0.023600000888109207
1609,0.8045000,-0.010971897281706333,-0.022600000724196434
1610,0.8050000,-0.010384497232735157,-0.021700000390410423
1611,0.8055000,-0.0098012704402208328,-0.02070000022649765
1612,0.8060000,-0.0092198671773076057,-0.019600000232458115
1613,0.8065000,-0.0086393142119050026,-0.018500000238418579
1614,0.8070000,-0.0080602262169122696,-0.017400000244379044
1615,0.8075000,-0.0074830502271652222,-0.016200000420212746
1616,0.8080000,-0.0069076241925358772,-0.014999999664723873
1617,0.8085000,-0.0063326531089842319,-0.013799999840557575
1618,0.8090000,-0.0057568573392927647,-0.012500000186264515
1619,0.8095000,-0.0051799481734633446,-0.011099999770522118
1620,0.8100000,-0.0046012443490326405,-0.0098000001162290573
1621,0.8105000,-0.0040203952230513096,-0.00839999970048666
1622,0.8110000,-0.0034370487555861473,-0.0068999999202787876
1623,0.8115000,-0.0028501641936600208,-0.0054999999701976776
1624,0.8120000,-0.0022622204851359129,-0.0040000001899898052
1625,0.8125000,-0.0016798321157693863,-0.0024000001139938831
1626,0.8130000,-0.0011057516094297171,-0.00089999998454004526
1627,0.8135000,-0.00053689279593527317,0.000699999975040555
1628,0.8140000,2.8283800929784775e-05,0.0023000000510364771
1629,0.8145000,0.00058906851336359978,0.0040000001899898052
1630,0.8150000,0.0011474021011963487,0.00559999980032444
1631,0.8155000,0.0017051220638677478,0.0073000001721084118
1632,0.8160000,0.0022602754179388285,0.008999999612569809
1633,0.8165000,0.002810322679579258,0.010700000450015068
1634,0.8170000,0.0033554830588400364,0.012500000186264515
1635,0.8175000,0.0038972331676632166,0.014200000092387199
1636,0.8180000,0.0044356081634759903,0.016000000759959221
1637,0.8185000,0.0049713561311364174,0.017799999564886093
1638,0.8190000,0.0055062128230929375,0.019500000402331352
1639,0.8195000,0.0060397605411708355,0.021299999207258224
1640,0.8200000,0.0065700095146894455,0.023099999874830246
1641,0.8205000,0.0070945308543741703,0.024900000542402267
1642,0.8210000,0.0076116104610264301,0.02669999934732914
1643,0.8215000,0.0081217465922236443,0.028500000014901161
1644,0.8220000,0.008626474067568779,0.030300000682473183
1645,0.8225000,0.0091282892972230911,0.032099999487400055
1646,0.8230000,0.0096292290836572647,0.033900000154972076
1647,0.8235000,0.010128946043550968,0.035700000822544098
1648,0.8240000,0.010623667389154434,0.037399999797344208
1649,0.8245000,0.011106140911579132,0.039200000464916229
1650,0.8250000,0.011572697199881077,0.040899999439716339
1651,0.8255000,0.012024920433759689,0.042599998414516449
1652,0.8260000,0.012464394792914391,0.044300001114606857
1653,0.8265000,0.012893038801848888,0.046000000089406967
1654,0.8270000,0.013314494863152504,0.047699999064207077
1655,0.8275000,0.013731080107390881,0.049300000071525574
1656,0.8280000,0.014142740517854691,0.050999999046325684
1657,0.8285000,0.014548959210515022,0.05260000005364418
1658,0.8290000,0.014948941767215729,0.054099999368190765
1659,0.8295000,0.015341495163738728,0.055700000375509262
1660,0.8300000,0.015726063400506973,0.057199999690055847
1661,0.8305000,0.016106203198432922,0.058699999004602432
1662,0.8310000,0.016488183289766312,0.060100000351667404
1663,0.8315000,0.016874933615326881,0.061599999666213989
1664,0.8320000,0.01726602204144001,0.06289999932050705
1665,0.8325000,0.017659159377217293,0.064300000667572021
1666,0.8330000,0.018052589148283005,0.065600000321865082
1667,0.8335000,0.018446227535605431,0.066899999976158142
1668,0.8340000,0.018840190023183823,0.068199999630451202
1669,0.8345000,0.019236775115132332,0.069399997591972351
1670,0.8350000,0.019639311358332634,0.070600003004074097
1671,0.8355000,0.020049195736646652,0.071800000965595245
1672,0.8360000,0.020466875284910202,0.072899997234344482
1673,0.8365000,0.020891470834612846,0.074000000953674316
1674,0.8370000,0.021320775151252747,0.075099997222423553
1675,0.8375000,0.021753765642642975,0.076099999248981476
1676,0.8380000,0.022190624848008156,0.077100001275539398
1677,0.8385000,0.022633051499724388,0.078000001609325409
1678,0.8390000,0.023083120584487915,0.079000003635883331
1679,0.8395000,0.023541320115327835,0.07980000227689743
1680,0.8400000,0.024006975814700127,0.080700002610683441
1681,0.8405000,0.024476321414113045,0.08150000125169754
1682,0.8410000,0.024945622310042381,0.082299999892711639
1683,0.8415000,0.02541627548635006,0.083099998533725739
1684,0.8420000,0.025888698175549507,0.083800002932548523
1685,0.8425000,0.026361029595136642,0.084600001573562622
1686,0.8430000,0.026834579184651375,0.08529999852180481
1687,0.8435000,0.027310693636536598,0.085900001227855682
1688,0.8440000,0.027789311483502388,0.086499996483325958
1689,0.8445000,0.028269995003938675,0.087200000882148743
1690,0.8450000,0.02875121682882309,0.087700001895427704
1691,0.8455000,0.029233261942863464,0.08829999715089798
1692,0.8460000,0.029715871438384056,0.088899999856948853
1693,0.8465000,0.030197679996490479,0.089400000870227814
1694,0.8470000,0.030681265518069267,0.089900001883506775
1695,0.8475000,0.031167387962341309,0.090400002896785736
1696,0.8480000,0.031653925776481628,0.0908999964594841
1697,0.8485000,0.032140195369720459,0.091300003230571747
1698,0.8490000,0.032623842358589172,0.091799996793270111
1699,0.8495000,0.033104892820119858,0.092200003564357758
1700,0.8500000,0.033586591482162476,0.092600002884864807
1701,0.8505000,0.034069634974002838,0.093099996447563171
1702,0.8510000,0.034554611891508102,0.093500003218650818
1703,0.8515000,0.03504122793674469,0.093900002539157867
1704,0.8520000,0.035528611391782761,0.094300001859664917
1705,0.8525000,0.036016114056110382,0.094599999487400055
1706,0.8530000,0.036499790847301483,0.094999998807907104
1707,0.8535000,0.036979667842388153,0.095399998128414154
1708,0.8540000,0.037459269165992737,0.095799997448921204
1709,0.8545000,0.037939585745334625,0.096100002527236938
1710,0.8550000,0.038422256708145142,0.096500001847743988
1711,0.8555000,0.038906257599592209,0.096900001168251038
1712,0.8560000,0.03938678652048111,0.097300000488758087
1713,0.8565000,0.039858829230070114,0.097699999809265137
1714,0.8570000,0.04032013937830925,0.097999997437000275
1715,0.8575000,0.040774248540401459,0.098399996757507324
1716,0.8580000,0.041224587708711624,0.098800003528594971
1717,0.8585000,0.041670240461826324,0.09920000284910202
1718,0.8590000,0.042110927402973175,0.09960000216960907
1719,0.8595000,0.04254777729511261,0.10000000149011612
1720,0.8600000,0.042977094650268555,0.10050000250339508
1721,0.8605000,0.043390002101659775,0.10090000182390213
1722,0.8610000,0.043782610446214676,0.10130000114440918
1723,0.8615000,0.044158801436424255,0.10180000215768814
1724,0.8620000,0.044522501528263092,0.10220000147819519
1725,0.8625000,0.044874858111143112,0.10270000249147415
1726,0.8630000,0.045216638594865799,0.1031000018119812
1727,0.8635000,0.045548796653747559,0.10360000282526016
1728,0.8640000,0.045869164168834686,0.10409999638795853
1729,0.8645000,0.046172883361577988,0.10459999740123749
1730,0.8650000,0.046460084617137909,0.10509999841451645
1731,0.8655000,0.046736650168895721,0.10559999942779541
1732,0.8660000,0.04700767993927002,0.10610000044107437
1733,0.8665000,0.047274645417928696,0.10660000145435333
1734,0.8670000,0.047537222504615784,0.10719999670982361
1735,0.8675000,0.047794707119464874,0.10769999772310257
1736,0.8680000,0.048046592622995377,0.10819999873638153
1737,0.8685000,0.048294950276613235,0.1088000014424324
1738,0.8690000,0.048542637377977371,0.10930000245571136
1739,0.8695000,0.048790872097015381,0.10980000346899033
1740,0.8700000,0.049041133373975754,0.1103999987244606
1741,0.8705000,0.049293797463178635,0.11089999973773956
1742,0.8710000,0.049547858536243439,0.11150000244379044
1743,0.8715000,0.049802914261817932,0.1120000034570694
1744,0.8720000,0.05005737766623497,0.11259999871253967
1745,0.8725000,0.050310555845499039,0.11309999972581863
1746,0.8730000,0.05056443065404892,0.1136000007390976
1747,0.8735000,0.050819776952266693,0.11410000175237656
1748,0.8740000,0.051077019423246384,0.11469999700784683
1749,0.8745000,0.051337350159883499,0.11519999802112579
1750,0.8750000,0.051600411534309387,0.11569999903440475
1751,0.8755000,0.051864970475435257,0.11620000004768372
1752,0.8760000,0.052129838615655899,0.11670000106096268
1753,0.8765000,0.05239727720618248,0.11720000207424164
1754,0.8770000,0.052671194076538086,0.1177000030875206
1755,0.8775000,0.052950475364923477,0.11810000240802765
1756,0.8780000,0.05323418602347374,0.11860000342130661
1757,0.8785000,0.053523432463407516,0.11909999698400497
1758,0.8790000,0.053815934807062149,0.11949999630451202
1759,0.8795000,0.054109286516904831,0.11999999731779099
1760,0.8800000,0.054403819143772125,0.12039999663829803
1761,0.8805000,0.0547008216381073,0.12080000340938568
1762,0.8810000,0.055000670254230499,0.12129999697208405
1763,0.8815000,0.055302828550338745,0.12169999629259109
1764,0.8820000,0.055607538670301437,0.12210000306367874
1765,0.8825000,0.055915385484695435,0.12250000238418579
1766,0.8830000,0.056226141750812531,0.12300000339746475
1767,0.8835000,0.056538760662078857,0.1234000027179718
1768,0.8840000,0.056853178888559341,0.12380000203847885
1769,0.8845000,0.057169508188962936,0.1242000013589859
1770,0.8850000,0.057485669851303101,0.12470000237226486
1771,0.8855000,0.057800300419330597,0.12510000169277191
1772,0.8860000,0.058115009218454361,0.12549999356269836
1773,0.8865000,0.058431226760149002,0.12600000202655792
1774,0.8870000,0.058749489486217499,0.12649999558925629
1775,0.8875000,0.059070471674203873,0.12690000236034393
1776,0.8880000,0.059395648539066315,0.1273999959230423
1777,0.8885000,0.059725865721702576,0.12790000438690186
1778,0.8890000,0.060058202594518661,0.12849999964237213
1779,0.8895000,0.060391560196876526,0.1289999932050705
1780,0.8900000,0.060729090124368668,0.12950000166893005
1781,0.8905000,0.061073146760463715,0.13009999692440033
1782,0.8910000,0.061423704028129578,0.1307000070810318
1783,0.8915000,0.061778474599123001,0.13130000233650208
1784,0.8920000,0.062135305255651474,0.13199999928474426
1785,0.8925000,0.062493111938238144,0.13259999454021454
1786,0.8930000,0.062849700450897217,0.13330000638961792
1787,0.8935000,0.063205122947692871,0.13400000333786011
1788,0.8940000,0.063562199473381042,0.13470000028610229
1789,0.8945000,0.06392081081867218,0.13549999892711639
1790,0.8950000,0.064279362559318542,0.13629999756813049
1791,0.8955000,0.064635768532752991,0.13709999620914459
1792,0.8960000,0.064988881349563599,0.13789999485015869
1793,0.8965000,0.065340518951416016,0.13869999349117279
1794,0.8970000,0.065691620111465454,0.1395999938249588
1795,0.8975000,0.066042043268680573,0.14049999415874481
1796,0.8980000,0.066392280161380768,0.14129999279975891
1797,0.8985000,0.066741399466991425,0.14229999482631683
1798,0.8990000,0.067086309194564819,0.14319999516010284
1799,0.8995000,0.06742413341999054,0.14409999549388885
1800,0.9000000,0.067753985524177551,0.14509999752044678
1801,0.9005000,0.068076677620410919,0.1460999995470047
1802,0.9010000,0.068393334746360779,0.14699999988079071
1803,0.9015000,0.068704329431056976,0.14800000190734863
1804,0.9020000,0.069009624421596527,0.14900000393390656
1805,0.9025000,0.069310255348682404,0.15000000596046448
1806,0.9030000,0.069606371223926544,0.15099999308586121
1807,0.9035000,0.069897279143333435,0.15199999511241913
1808,0.9040000,0.070183314383029938,0.15289999544620514
1809,0.9045000,0.070463657379150391,0.15389999747276306
1810,0.9050000,0.070737883448600769,0.15489999949932098
1811,0.9055000,0.071008533239364624,0.15590000152587891
1812,0.9060000,0.071277201175689697,0.15680000185966492
1813,0.9065000,0.07154516875743866,0.15770000219345093
1814,0.9070000,0.07181355357170105,0.15860000252723694
1815,0.9075000,0.07207980751991272,0.15950000286102295
1816,0.9080000,0.072341389954090118,0.16040000319480896
1817,0.9085000,0.072598084807395935,0.16120000183582306
1818,0.9090000,0.072849750518798828,0.16200000047683716
1819,0.9095000,0.073096007108688354,0.16279999911785126
1820,0.9100000,0.073336631059646606,0.16359999775886536
1821,0.9105000,0.073572494089603424,0.16429999470710754
1822,0.9110000,0.073804512619972229,0.16500000655651093
1823,0.9115000,0.074031256139278412,0.1656000018119812
1824,0.9120000,0.074252530932426453,0.16619999706745148
1825,0.9125000,0.074470333755016327,0.16680000722408295
1826,0.9130000,0.07468588650226593,0.16730000078678131
1827,0.9135000,0.074900321662425995,0.16779999434947968
1828,0.9140000,0.075113333761692047,0.16820000112056732
1829,0.9145000,0.075324177742004395,0.16859999299049377
1830,0.9150000,0.075533680617809296,0.16889999806880951
1831,0.9155000,0.075741194188594818,0.16920000314712524
1832,0.9160000,0.075945422053337097,0.16949999332427979
1833,0.9165000,0.076145641505718231,0.16969999670982361
1834,0.9170000,0.076341435313224792,0.16979999840259552
1835,0.9175000,0.076533816754817963,0.17000000178813934
1836,0.9180000,0.076723493635654449,0.17000000178813934
1837,0.9185000,0.076910987496376038,0.17000000178813934
1838,0.9190000,0.077097319066524506,0.17000000178813934
1839,0.9195000,0.077282242476940155,0.16990000009536743
1840,0.9200000,0.077464237809181213,0.16979999840259552
1841,0.9205000,0.077640272676944733,0.1695999950170517
1842,0.9210000,0.077807605266571045,0.16940000653266907
1843,0.9215000,0.077967830002307892,0.16920000314712524
1844,0.9220000,0.078122295439243317,0.16889999806880951
1845,0.9225000,0.078270576894283295,0.16859999299049377
1846,0.9230000,0.078414015471935272,0.16820000112056732
1847,0.9235000,0.078552484512329102,0.16779999434947968
1848,0.9240000,0.078684262931346893,0.16740000247955322
1849,0.9245000,0.078808106482028961,0.16699999570846558
1850,0.9250000,0.078923739492893219,0.16650000214576721
1851,0.9255000,0.079032242298126221,0.16599999368190765
1852,0.9260000,0.079135015606880188,0.16550000011920929
1853,0.9265000,0.079232990741729736,0.16490000486373901
1854,0.9270000,0.079326540231704712,0.16439999639987946
1855,0.9275000,0.079415075480937958,0.16380000114440918
1856,0.9280000,0.079496666789054871,0.1632000058889389
1857,0.9285000,0.079569891095161438,0.16259999573230743
1858,0.9290000,0.079635411500930786,0.16200000047683716
1859,0.9295000,0.079693876206874847,0.16140000522136688
1860,0.9300000,0.079745233058929443,0.16079999506473541
1861,0.9305000,0.079791240394115448,0.16019999980926514
1862,0.9310000,0.079834550619125366,0.15960000455379486
1863,0.9315000,0.079875931143760681,0.15899999439716339
1864,0.9320000,0.07991509884595871,0.15839999914169312
1865,0.9325000,0.079951010644435883,0.15790000557899475
1866,0.9330000,0.07998211681842804,0.15729999542236328
1867,0.9335000,0.080007880926132202,0.15670000016689301
1868,0.9340000,0.080027073621749878,0.15620000660419464
1869,0.9345000,0.080041736364364624,0.15569999814033508
1870,0.9350000,0.080057315528392792,0.15520000457763672
1871,0.9355000,0.080075018107891083,0.15469999611377716
1872,0.9360000,0.080094464123249054,0.1542000025510788
1873,0.9365000,0.080114744603633881,0.15379999577999115
1874,0.9370000,0.080133929848670959,0.1534000039100647
1875,0.9375000,0.080151334404945374,0.15299999713897705
1876,0.9380000,0.080166757106781006,0.1526000052690506
1877,0.9385000,0.080183997750282288,0.15230000019073486
1878,0.9390000,0.080207236111164093,0.15199999511241913
1879,0.9395000,0.080236591398715973,0.15170000493526459
1880,0.9400000,0.080273173749446869,0.15150000154972076
1881,0.9405000,0.08031897246837616,0.15119999647140503
1882,0.9410000,0.080375097692012787,0.15109999477863312
1883,0.9415000,0.080441199243068695,0.15090000629425049
1884,0.9420000,0.080515608191490173,0.15080000460147858
1885,0.9425000,0.080599106848239899,0.15070000290870667
1886,0.9430000,0.080691665410995483,0.15060000121593475
1887,0.9435000,0.080789297819137573,0.15060000121593475
1888,0.9440000,0.080890223383903503,0.15060000121593475
1889,0.9445000,0.080997109413146973,0.15060000121593475
1890,0.9450000,0.081113375723361969,0.15060000121593475
1891,0.9455000,0.081239201128482819,0.15070000290870667
1892,0.9460000,0.081372566521167755,0.15080000460147858
1893,0.9465000,0.081512615084648132,0.15099999308586121
1894,0.9470000,0.081658072769641876,0.15109999477863312
1895,0.9475000,0.081807009875774384,0.15129999816417694
1896,0.9480000,0.081958591938018799,0.15150000154972076
1897,0.9485000,0.082113228738307953,0.1518000066280365
1898,0.9490000,0.082270503044128418,0.15209999680519104
1899,0.9495000,0.082429982721805573,0.15230000019073486
1900,0.9500000,0.082593359053134918,0.15270000696182251
1901,0.9505000,0.08276088535785675,0.15299999713897705
1902,0.9510000,0.082931205630302429,0.1534000039100647
1903,0.9515000,0.08310168981552124,0.15369999408721924
1904,0.9520000,0.08327087014913559,0.15410000085830688
1905,0.9525000,0.083442039787769318,0.15459999442100525
1906,0.9530000,0.083616942167282104,0.1550000011920929
1907,0.9535000,0.083794958889484406,0.15549999475479126
1908,0.9540000,0.083977304399013519,0.15590000152587891
1909,0.9545000,0.084163501858711243,0.15639999508857727
1910,0.9550000,0.084351174533367157,0.15690000355243683
1911,0.9555000,0.084539204835891724,0.15739999711513519
1912,0.9560000,0.084729135036468506,0.15800000727176666
1913,0.9565000,0.084924444556236267,0.15850000083446503
1914,0.9570000,0.08512580394744873,0.1590999960899353
1915,0.9575000,0.085331238806247711,0.15970000624656677
1916,0.9580000,0.085539877414703369,0.16019999980926514
1917,0.9585000,0.085749886929988861,0.16079999506473541
1918,0.9590000,0.08595845103263855,0.16140000522136688
1919,0.9595000,0.086164265871047974,0.16210000216960907
1920,0.9600000,0.086366072297096252,0.16269999742507935
1921,0.9605000,0.086563900113105774,0.16329999268054962
1922,0.9610000,0.086760558187961578,0.16390000283718109
1923,0.9615000,0.086956821382045746,0.16459999978542328
1924,0.9620000,0.087149620056152344,0.16519999504089355
1925,0.9625000,0.087336577475070953,0.16590000689029694
1926,0.9630000,0.08751678466796875,0.16650000214576721
1927,0.9635000,0.087690487504005432,0.1671999990940094
1928,0.9640000,0.08785741776227951,0.16779999434947968
1929,0.9645000,0.088014706969261169,0.16850000619888306
1930,0.9650000,0.088162638247013092,0.16910000145435333
1931,0.9655000,0.088303200900554657,0.16979999840259552
1932,0.9660000,0.088434405624866486,0.1703999936580658
1933,0.9665000,0.088555082678794861,0.17110000550746918
1934,0.9670000,0.088666729629039764,0.17170000076293945
1935,0.9675000,0.088771112263202667,0.17229999601840973
1936,0.9680000,0.088867887854576111,0.17299999296665192
1937,0.9685000,0.088954262435436249,0.17360000312328339
1938,0.9690000,0.08903079479932785,0.17419999837875366
1939,0.9695000,0.08909914642572403,0.17479999363422394
1940,0.9700000,0.089157544076442719,0.17540000379085541
1941,0.9705000,0.089206308126449585,0.17599999904632568
1942,0.9710000,0.089248202741146088,0.17649999260902405
1943,0.9715000,0.089284524321556091,0.17710000276565552
1944,0.9720000,0.08931586891412735,0.17759999632835388
1945,0.9725000,0.089341580867767334,0.17820000648498535
1946,0.9730000,0.089361578226089478,0.17870000004768372
1947,0.9735000,0.089376546442508698,0.17919999361038208
1948,0.9740000,0.089386060833930969,0.17970000207424164
1949,0.9745000,0.089391514658927917,0.18009999394416809
1950,0.9750000,0.089395053684711456,0.18050000071525574
1951,0.9755000,0.089398652315139771,0.1809999942779541
1952,0.9760000,0.089401863515377045,0.18140000104904175
1953,0.9765000,0.089400827884674072,0.18170000612735748
1954,0.9770000,0.089394949376583099,0.18209999799728394
1955,0.9775000,0.089386127889156342,0.18240000307559967
1956,0.9780000,0.089374430477619171,0.18269999325275421
1957,0.9785000,0.089361295104026794,0.18299999833106995
1958,0.9790000,0.089349515736103058,0.18330000340938568
1959,0.9795000,0.089340724050998688,0.1835000067949295
1960,0.9800000,0.089334867894649506,0.18369999527931213
1961,0.9805000,0.089329585433006287,0.18389999866485596
1962,0.9810000,0.089323520660400391,0.18400000035762787
1963,0.9815000,0.089316830039024353,0.18420000374317169
1964,0.9820000,0.089308746159076691,0.1843000054359436
1965,0.9825000,0.08930041640996933,0.1843000054359436
1966,0.9830000,0.089294612407684326,0.18440000712871552
1967,0.9835000,0.089292176067829132,0.18440000712871552
1968,0.9840000,0.089290499687194824,0.18440000712871552
1969,0.9845000,0.089284889400005341,0.18440000712871552
1970,0.9850000,0.089274801313877106,0.1843000054359436
1971,0.9855000,0.089261218905448914,0.18420000374317169
1972,0.9860000,0.089243851602077484,0.18410000205039978
1973,0.9865000,0.089225508272647858,0.18389999866485596
1974,0.9870000,0.089209415018558502,0.18379999697208405
1975,0.9875000,0.089196734130382538,0.1835000067949295
1976,0.9880000,0.089186161756515503,0.18330000340938568
1977,0.9885000,0.089174658060073853,0.18310000002384186
1978,0.9890000,0.089161910116672516,0.18279999494552612
1979,0.9895000,0.089149065315723419,0.18250000476837158
1980,0.9900000,0.089136309921741486,0.18209999799728394
1981,0.9905000,0.089124463498592377,0.1817999929189682
1982,0.9910000,0.089114941656589508,0.18140000104904175
1983,0.9915000,0.08910796046257019,0.1809999942779541
1984,0.9920000,0.08910030871629715,0.18050000071525574
1985,0.9925000,0.089089445769786835,0.18009999394416809
1986,0.9930000,0.089076466858386993,0.17960000038146973
1987,0.9935000,0.089061610400676727,0.17910000681877136
1988,0.9940000,0.089044630527496338,0.1785999983549118
1989,0.9945000,0.089025527238845825,0.17810000479221344
1990,0.9950000,0.089004717767238617,0.17749999463558197
1991,0.9955000,0.088984131813049316,0.17700000107288361
1992,0.9960000,0.088965550065040588,0.17640000581741333
1993,0.9965000,0.088952265679836273,0.17579999566078186
1994,0.9970000,0.088948316872119904,0.17520000040531158
1995,0.9975000,0.088953837752342224,0.1745000034570694
1996,0.9980000,0.088965721428394318,0.17389999330043793
1997,0.9985000,0.088982075452804565,0.17329999804496765
1998,0.9990000,0.089004941284656525,0.17260000109672546
1999,0.9995000,0.089035890996456146,0.17200000584125519
2000,1.0000000,0.089073605835437775,0.17129999399185181
2001,1.0005000,0.089118637144565582,0.17059999704360962
2002,1.0010000,0.08917323499917984,0.16990000009536743
2003,1.0015000,0.089237019419670105,0.16930000483989716
2004,1.0020000,0.089308016002178192,0.16859999299049377
2005,1.0025000,0.089385315775871277,0.16789999604225159
2006,1.0030000,0.089468084275722504,0.1671999990940094
2007,1.0035000,0.089556440711021423,0.16650000214576721
2008,1.0040000,0.089650608599185944,0.16590000689029694
2009,1.0045000,0.089749149978160858,0.16519999504089355
2010,1.0050000,0.089852295815944672,0.16449999809265137
2011,1.0055000,0.089960895478725433,0.16390000283718109
2012,1.0060000,0.090075135231018066,0.1632000058889389
2013,1.0065000,0.090196177363395691,0.16249999403953552
2014,1.0070000,0.090322986245155334,0.16189999878406525
2015,1.0075000,0.090453557670116425,0.16130000352859497
2016,1.0080000,0.09058651328086853,0.16060000658035278
2017,1.0085000,0.09072016179561615,0.15999999642372131
2018,1.0090000,0.090854816138744354,0.15940000116825104
2019,1.0095000,0.090991809964179993,0.15880000591278076
2020,1.0100000,0.091133192181587219,0.15819999575614929
2021,1.0105000,0.0912800133228302,0.15760000050067902
2022,1.0110000,0.091429486870765686,0.15700000524520874
2023,1.0115000,0.09157901257276535,0.15649999678134918
2024,1.0120000,0.09172743558883667,0.15590000152587891
2025,1.0125000,0.091873794794082642,0.15539999306201935
2026,1.0130000,0.092017590999603271,0.15489999949932098
2027,1.0135000,0.092157423496246338,0.15440000593662262
2028,1.0140000,0.092293046414852142,0.15389999747276306
2029,1.0145000,0.092426486313343048,0.1534000039100647
2030,1.0150000,0.092559024691581726,0.15289999544620514
2031,1.0155000,0.092688165605068207,0.15240000188350677
2032,1.0160000,0.092811644077301025,0.15199999511241913
2033,1.0165000,0.092932581901550293,0.15150000154972076
2034,1.0170000,0.093052797019481659,0.15109999477863312
2035,1.0175000,0.093169167637825012,0.15060000121593475
2036,1.0180000,0.09328114241361618,0.15019999444484711
2037,1.0185000,0.093390718102455139,0.14980000257492065
2038,1.0190000,0.093496352434158325,0.14939999580383301
2039,1.0195000,0.093595519661903381,0.14900000393390656
2040,1.0200000,0.093687660992145538,0.14859999716281891
2041,1.0205000,0.093775011599063873,0.14820000529289246
2042,1.0210000,0.09385845810174942,0.14790000021457672
2043,1.0215000,0.093934476375579834,0.14749999344348907
2044,1.0220000,0.094003766775131226,0.14710000157356262
2045,1.0225000,0.094067677855491638,0.14679999649524689
2046,1.0230000,0.09412066638469696,0.14640000462532043
2047,1.0235000,0.094159632921218872,0.1460999995470047
2048,1.0240000,0.094186030328273773,0.14579999446868896
2049,1.0245000,0.094201855361461639,0.14550000429153442
2050,1.0250000,0.094208613038063049,0.14509999752044678
2051,1.0255000,0.094204723834991455,0.14480000734329224
2052,1.0260000,0.094188585877418518,0.1445000022649765
2053,1.0265000,0.094159290194511414,0.14419999718666077
2054,1.0270000,0.094115562736988068,0.14399999380111694
2055,1.0275000,0.094058886170387268,0.1437000036239624
2056,1.0280000,0.093990877270698547,0.14339999854564667
2057,1.0285000,0.093909598886966705,0.14319999516010284
2058,1.0290000,0.093813717365264893,0.14300000667572021
2059,1.0295000,0.093703746795654297,0.14280000329017639
2060,1.0300000,0.093578070402145386,0.14259999990463257
2061,1.0305000,0.093435496091842651,0.14239999651908875
2062,1.0310000,0.093279041349887848,0.14219999313354492
2063,1.0315000,0.093111075460910797,0.1421000063419342
2064,1.0320000,0.092932030558586121,0.14200000464916229
2065,1.0325000,0.092743322253227234,0.14190000295639038
2066,1.0330000,0.092546053230762482,0.14180000126361847
2067,1.0335000,0.092341847717761993,0.14180000126361847
2068,1.0340000,0.092132322490215302,0.14180000126361847
2069,1.0345000,0.091917216777801514,0.14180000126361847
2070,1.0350000,0.091696806252002716,0.14190000295639038
2071,1.0355000,0.091474197804927826,0.14200000464916229
2072,1.0360000,0.091252446174621582,0.1421000063419342
2073,1.0365000,0.09103122353553772,0.14229999482631683
2074,1.0370000,0.090809240937232971,0.14259999990463257
2075,1.0375000,0.09058757871389389,0.14280000329017639
2076,1.0380000,0.09036988765001297,0.14319999516010284
2077,1.0385000,0.09015943855047226,0.14350000023841858
2078,1.0390000,0.089957080781459808,0.14399999380111694
2079,1.0395000,0.089764200150966644,0.14440000057220459
2080,1.0400000,0.089582361280918121,0.14499999582767487
2081,1.0405000,0.089410826563835144,0.14560000598430634
2082,1.0410000,0.089248403906822205,0.14620000123977661
2083,1.0415000,0.089095279574394226,0.1468999981880188
2084,1.0420000,0.088956259191036224,0.1476999968290329
2085,1.0425000,0.088838055729866028,0.148499995470047
2086,1.0430000,0.088742777705192566,0.14939999580383301
2087,1.0435000,0.088671416044235229,0.15039999783039093
2088,1.0440000,0.088623173534870148,0.15150000154972076
2089,1.0445000,0.088592097163200378,0.1526000052690506
2090,1.0450000,0.0885743647813797,0.15369999408721924
2091,1.0455000,0.08857031911611557,0.1550000011920929
2092,1.0460000,0.08858625590801239,0.15629999339580536
2093,1.0465000,0.088630832731723785,0.15760000050067902
2094,1.0470000,0.088702566921710968,0.1590999960899353
2095,1.0475000,0.088798031210899353,0.16060000658035278
2096,1.0480000,0.088922075927257538,0.16210000216960907
2097,1.0485000,0.089079998433589935,0.16380000114440918
2098,1.0490000,0.08927290141582489,0.16550000011920929
2099,1.0495000,0.089499093592166901,0.1671999990940094
2100,1.0500000,0.089760787785053253,0.16910000145435333
2101,1.0505000,0.090063869953155518,0.17090000212192535
2102,1.0510000,0.090408213436603546,0.1729000061750412
2103,1.0515000,0.090791471302509308,0.17489999532699585
2104,1.0520000,0.091213569045066833,0.17700000107288361
2105,1.0525000,0.09167896956205368,0.17910000681877136
2106,1.0530000,0.092193283140659332,0.18119999766349792
2107,1.0535000,0.092752307653427124,0.18340000510215759
2108,1.0540000,0.093353897333145142,0.18569999933242798
2109,1.0545000,0.093999996781349182,0.18799999356269836
2110,1.0550000,0.094686195254325867,0.19030000269412994
2111,1.0555000,0.095412179827690125,0.19269999861717224
2112,1.0560000,0.096180953085422516,0.19509999454021454
2113,1.0565000,0.09699510782957077,0.19750000536441803
2114,1.0570000,0.097859084606170654,0.20000000298023224
2115,1.0575000,0.098772004246711731,0.20250000059604645
2116,1.0580000,0.099731810390949249,0.20499999821186066
2117,1.0585000,0.10073890537023544,0.20749999582767487
2118,1.0590000,0.10178975015878677,0.21009999513626099
2119,1.0595000,0.10288421809673309,0.21269999444484711
2120,1.0600000,0.10402799397706985,0.21520000696182251
2121,1.0605000,0.10522593557834625,0.21780000627040863
2122,1.0610000,0.1064784899353981,0.22040000557899475
2123,1.0615000,0.10778102278709412,0.22290000319480896
2124,1.0620000,0.10913150757551193,0.22550000250339508
2125,1.0625000,0.11053026467561722,0.2281000018119812
2126,1.0630000,0.11197516322135925,0.23059999942779541
2127,1.0635000,0.11346579343080521,0.23319999873638153
2128,1.0640000,0.11500560492277145,0.23569999635219574
2129,1.0645000,0.11659645289182663,0.23819999396800995
2130,1.0650000,0.11823433637619019,0.24070000648498535
2131,1.0655000,0.11991548538208008,0.24320000410079956
2132,1.0660000,0.12164022028446198,0.24560000002384186
2133,1.0665000,0.12340638786554337,0.24799999594688416
2134,1.0670000,0.12520986795425415,0.25040000677108765
2135,1.0675000,0.12704642117023468,0.25270000100135803
2136,1.0680000,0.12890824675559998,0.25499999523162842
2137,1.0685000,0.13078650832176208,0.2572999894618988
2138,1.0690000,0.13267713785171509,0.25960001349449158
2139,1.0695000,0.13457711040973663,0.26179999113082886
2140,1.0700000,0.13648185133934021,0.26390001177787781
2141,1.0705000,0.13839080929756165,0.26600000262260437
2142,1.0710000,0.14030227065086365,0.26809999346733093
2143,1.0715000,0.14220978319644928,0.27020001411437988
2144,1.0720000,0.1441066563129425,0.27219998836517334
2145,1.0725000,0.14598587155342102,0.27410000562667847
2146,1.0730000,0.14784605801105499,0.27610000967979431
2147,1.0735000,0.14968942105770111,0.27799999713897705
2148,1.0740000,0.15151563286781311,0.27979999780654907
2149,1.0745000,0.15332582592964172,0.28159999847412109
2150,1.0750000,0.15511855483055115,0.28339999914169312
2151,1.0755000,0.1568889319896698,0.28510001301765442
2152,1.0760000,0.15863293409347534,0.28679999709129333
2153,1.0765000,0.16034616529941559,0.28839999437332153
2154,1.0770000,0.16202530264854431,0.28999999165534973
2155,1.0775000,0.16367214918136597,0.29159998893737793
2156,1.0780000,0.16529197990894318,0.29319998621940613
2157,1.0785000,0.16688777506351471,0.29469999670982361
2158,1.0790000,0.16845838725566864,0.29620000720024109
2159,1.0795000,0.17000211775302887,0.29760000109672546
2160,1.0800000,0.17152173817157745,0.29899999499320984
2161,1.0805000,0.17301999032497406,0.30039998888969421
2162,1.0810000,0.17449194192886353,0.30180001258850098
2163,1.0815000,0.17593403160572052,0.30309998989105225
2164,1.0820000,0.17735394835472107,0.3043999969959259
2165,1.0825000,0.17875871062278748,0.30570000410079956
2166,1.0830000,0.1801445335149765,0.30689999461174011
2167,1.0835000,0.18150737881660461,0.30809998512268066
2168,1.0840000,0.18285165727138519,0.3093000054359436
2169,1.0845000,0.18418191373348236,0.31049999594688416
2170,1.0850000,0.18549206852912903,0.31159999966621399
2171,1.0855000,0.18677747249603271,0.31270000338554382
2172,1.0860000,0.18804715573787689,0.31380000710487366
2173,1.0865000,0.18930885195732117,0.31479999423027039
2174,1.0870000,0.19055832922458649,0.31589999794960022
2175,1.0875000,0.19179107248783112,0.31679999828338623
2176,1.0880000,0.19300855696201324,0.31779998540878296
2177,1.0885000,0.19421051442623138,0.31869998574256897
2178,1.0890000,0.19539298117160797,0.31959998607635498
2179,1.0895000,0.19655638933181763,0.32039999961853027
2180,1.0900000,0.19770684838294983,0.32120001316070557
2181,1.0905000,0.19884879887104034,0.32190001010894775
2182,1.0910000,0.19998215138912201,0.32260000705718994
2183,1.0915000,0.2011055052280426,0.32319998741149902
2184,1.0920000,0.20221702754497528,0.32379999756813049
2185,1.0925000,0.2033105343580246,0.32429999113082886
2186,1.0930000,0.20437800884246826,0.32480001449584961
2187,1.0935000,0.20542016625404358,0.32510000467300415
2188,1.0940000,0.20644702017307281,0.32539999485015869
2189,1.0945000,0.20746135711669922,0.32570001482963562
2190,1.0950000,0.20846036076545715,0.32580000162124634
2191,1.0955000,0.20944640040397644,0.32580000162124634
2192,1.0960000,0.21041874587535858,0.32580000162124634
2193,1.0965000,0.21137528121471405,0.32570001482963562
2194,1.0970000,0.21231542527675629,0.32539999485015869
2195,1.0975000,0.21323718130588531,0.32510000467300415
2196,1.0980000,0.21414640545845032,0.3246999979019165
2197,1.0985000,0.21504880487918854,0.32409998774528503
2198,1.0990000,0.21594209969043732,0.32339999079704285
2199,1.0995000,0.21682488918304443,0.32260000705718994
2200,1.1000000,0.21769171953201294,0.32170000672340393
2201,1.1005000,0.21853604912757874,0.32069998979568481
2202,1.1010000,0.21935667097568512,0.31949999928474426
2203,1.1015000,0.2201516330242157,0.31830000877380371
2204,1.1020000,0.22092166543006897,0.31679999828338623
2205,1.1025000,0.22167101502418518,0.31529998779296875
2206,1.1030000,0.22240245342254639,0.31360000371932983
2207,1.1035000,0.22311539947986603,0.31180000305175781
2208,1.1040000,0.2238004058599472,0.30989998579025269
2209,1.1045000,0.22444738447666168,0.30779999494552612
2210,1.1050000,0.22505658864974976,0.30559998750686646
2211,1.1055000,0.22563017904758453,0.30329999327659607
2212,1.1060000,0.22616498172283173,0.30090001225471497
2213,1.1065000,0.22666184604167938,0.29829999804496765
2214,1.1070000,0.22712670266628265,0.29559999704360962
2215,1.1075000,0.22755680978298187,0.29280000925064087
2216,1.1080000,0.22794270515441895,0.28990000486373901
2217,1.1085000,0.22827817499637604,0.28690001368522644
2218,1.1090000,0.22856050729751587,0.28369998931884766
2219,1.1095000,0.22878967225551605,0.28049999475479126
2220,1.1100000,0.22896511852741241,0.27720001339912415
2221,1.1105000,0.22908663749694824,0.27369999885559082
2222,1.1110000,0.22915300726890564,0.27020001411437988
2223,1.1115000,0.2291579395532608,0.26660001277923584
2224,1.1120000,0.22909761965274811,0.26289999485015869
2225,1.1125000,0.22897432744503021,0.25920000672340393
2226,1.1130000,0.22879204154014587,0.25540000200271606
2227,1.1135000,0.22855105996131897,0.25150001049041748
2228,1.1140000,0.22825160622596741,0.24750000238418579
2229,1.1145000,0.22789508104324341,0.2434999942779541
2230,1.1150000,0.22747208178043365,0.23950000107288361
2231,1.1155000,0.22697161138057709,0.2354000061750412
2232,1.1160000,0.22639429569244385,0.23119999468326569
2233,1.1165000,0.22575025260448456,0.22709999978542328
2234,1.1170000,0.22504372894763947,0.22290000319480896
2235,1.1175000,0.2242627888917923,0.21860000491142273
2236,1.1180000,0.22340600192546844,0.21439999341964722
2237,1.1185000,0.2224818617105484,0.21009999513626099
2238,1.1190000,0.22148539125919342,0.20579999685287476
2239,1.1195000,0.22041146457195282,0.20149999856948853
2240,1.1200000,0.21926003694534302,0.19709999859333038
2241,1.1205000,0.21802583336830139,0.19280000030994415
2242,1.1210000,0.21670171618461609,0.18840000033378601
2243,1.1215000,0.21528410911560059,0.18410000205039978
2244,1.1220000,0.21377354860305786,0.17970000207424164
2245,1.1225000,0.21217209100723267,0.1753000020980835
2246,1.1230000,0.21048218011856079,0.17100000381469727
2247,1.1235000,0.20870755612850189,0.16660000383853912
2248,1.1240000,0.20685064792633057,0.16220000386238098
2249,1.1245000,0.20491103827953339,0.15780000388622284
2250,1.1250000,0.20288944244384766,0.1534000039100647
2251,1.1255000,0.20078708231449127,0.14900000393390656
2252,1.1260000,0.19860243797302246,0.14460000395774841
2253,1.1265000,0.19633375108242035,0.14020000398159027
2254,1.1270000,0.19398412108421326,0.13570000231266022
2255,1.1275000,0.19155615568161011,0.13130000233650208
2256,1.1280000,0.18904192745685577,0.12680000066757202
2257,1.1285000,0.18642634153366089,0.12240000069141388
2258,1.1290000,0.18370665609836578,0.11789999902248383
2259,1.1295000,0.18089482188224792,0.11339999735355377
2260,1.1300000,0.17799581587314606,0.10890000313520432
2261,1.1305000,0.17500415444374084,0.10429999977350235
2262,1.1310000,0.17191514372825623,0.099799998104572296
2263,1.1315000,0.16872711479663849,0.095200002193450928
2264,1.1320000,0.16545151174068451,0.090599998831748962
2265,1.1325000,0.16210727393627167,0.086000002920627594
2266,1.1330000,0.15869991481304169,0.081299997866153717
2267,1.1335000,0.15523377060890198,0.076700001955032349
2268,1.1340000,0.15171298384666443,0.071999996900558472
2269,1.1345000,0.14813598990440369,0.06719999760389328
2270,1.1350000,0.14450494945049286,0.0625
2271,1.1355000,0.1408238559961319,0.057700000703334808
2272,1.1360000,0.13710114359855652,0.052900001406669617
2273,1.1365000,0.13334672152996063,0.048099998384714127
2274,1.1370000,0.12956133484840393,0.043299999088048935
2275,1.1375000,0.12574300169944763,0.03840000182390213
2276,1.1380000,0.12189372628927231,0.033500000834465027
2277,1.1385000,0.1180141419172287,0.028599999845027924
2278,1.1390000,0.11410275101661682,0.02370000071823597
2279,1.1395000,0.11015701293945312,0.018799999728798866
2280,1.1400000,0.10617171227931976,0.013899999670684338
2281,1.1405000,0.10214205831289291,0.008999999612569809
2282,1.1410000,0.098069056868553162,0.0041000000201165676
2283,1.1415000,0.093955941498279572,-0.00079999997979030013
2284,1.1420000,0.08980695903301239,-0.0057000000961124897
2285,1.1425000,0.085628822445869446,-0.010599999688565731
2286,1.1430000,0.081424102187156677,-0.015399999916553497
2287,1.1435000,0.077192455530166626,-0.020300000905990601
2288,1.1440000,0.072931505739688873,-0.025100000202655792
2289,1.1445000,0.068634070456027985,-0.029799999669194221
2290,1.1450000,0.064296908676624298,-0.034600000828504562
2291,1.1455000,0.059925779700279236,-0.039200000464916229
2292,1.1460000,0.055529467761516571,-0.043800000101327896
2293,1.1465000,0.051117517054080963,-0.048399999737739563
2294,1.1470000,0.046698734164237976,-0.052900001406669617
2295,1.1475000,0.042277932167053223,-0.057300001382827759
2296,1.1480000,0.037857118993997574,-0.061599999666213989
2297,1.1485000,0.033436961472034454,-0.06589999794960022
2298,1.1490000,0.029018539935350418,-0.070100001990795135
2299,1.1495000,0.024605598300695419,-0.074100002646446228
2300,1.1500000,0.020205151289701462,-0.078100003302097321
2301,1.1505000,0.015824366360902786,-0.082000002264976501
2302,1.1510000,0.011468365788459778,-0.085799999535083771
2303,1.1515000,0.0071427710354328156,-0.089400000870227814
2304,1.1520000,0.0028505679219961166,-0.093000002205371857
2305,1.1525000,-0.0014079376123845577,-0.096400000154972076
2306,1.1530000,-0.0056280246935784817,-0.099699996411800385
2307,1.1535000,-0.0098043698817491531,-0.10289999842643738
2308,1.1540000,-0.01393528375774622,-0.10589999705553055
2309,1.1545000,-0.018018770962953568,-0.1088000014424324
2310,1.1550000,-0.022049747407436371,-0.11159999668598175
2311,1.1555000,-0.026018897071480751,-0.11429999768733978
2312,1.1560000,-0.029917554929852486,-0.11680000275373459
2313,1.1565000,-0.033743914216756821,-0.11919999867677689
2314,1.1570000,-0.037497267127037048,-0.12139999866485596
2315,1.1575000,-0.041175477206707001,-0.12349999696016312
2316,1.1580000,-0.044777780771255493,-0.12540000677108765
2317,1.1585000,-0.048303473740816116,-0.12729999423027039
2318,1.1590000,-0.051751196384429932,-0.12890000641345978
2319,1.1595000,-0.055115923285484314,-0.13050000369548798
2320,1.1600000,-0.058391794562339783,-0.13189999759197235
2321,1.1605000,-0.061578083783388138,-0.13320000469684601
2322,1.1610000,-0.064675092697143555,-0.13429999351501465
2323,1.1615000,-0.067681595683097839,-0.13529999554157257
2324,1.1620000,-0.070598535239696503,-0.13609999418258667
2325,1.1625000,-0.073428288102149963,-0.13689999282360077
2326,1.1630000,-0.076172709465026855,-0.13750000298023224
2327,1.1635000,-0.07882998138666153,-0.1379999965429306
2328,1.1640000,-0.081396333873271942,-0.13830000162124634
2329,1.1645000,-0.083873666822910309,-0.13860000669956207
2330,1.1650000,-0.086265392601490021,-0.13869999349117279
2331,1.1655000,-0.088571846485137939,-0.13869999349117279
2332,1.1660000,-0.09079480916261673,-0.13860000669956207
2333,1.1665000,-0.092939019203186035,-0.13840000331401825
2334,1.1670000,-0.095007628202438354,-0.13809999823570251
2335,1.1675000,-0.097000166773796082,-0.13770000636577606
2336,1.1680000,-0.098914571106433868,-0.1371999979019165
2337,1.1685000,-0.10074634104967117,-0.13670000433921814
2338,1.1690000,-0.10249264538288116,-0.13600000739097595
2339,1.1695000,-0.10415788739919662,-0.13519999384880066
2340,1.1700000,-0.10574881732463837,-0.13439999520778656
2341,1.1705000,-0.10726752877235413,-0.13349999487400055
2342,1.1710000,-0.10871345549821854,-0.13259999454021454
2343,1.1715000,-0.11008897423744202,-0.1315000057220459
2344,1.1720000,-0.11139687150716782,-0.13040000200271606
2345,1.1725000,-0.11263668537139893,-0.12929999828338623
2346,1.1730000,-0.11380909383296967,-0.12809999287128448
2347,1.1735000,-0.11491653323173523,-0.12690000236034393
2348,1.1740000,-0.11596035957336426,-0.12559999525547028
2349,1.1745000,-0.11694083362817764,-0.12430000305175781
2350,1.1750000,-0.11785892397165298,-0.12300000339746475
2351,1.1755000,-0.11871789395809174,-0.12160000205039978
2352,1.1760000,-0.11952009797096252,-0.12030000239610672
2353,1.1765000,-0.12026526778936386,-0.11890000104904175
2354,1.1770000,-0.12095245718955994,-0.11749999970197678
2355,1.1775000,-0.12158277630805969,-0.1160999983549118
2356,1.1780000,-0.12215805053710938,-0.11469999700784683
2357,1.1785000,-0.12267765402793884,-0.11330000311136246
2358,1.1790000,-0.12314024567604065,-0.11190000176429749
2359,1.1795000,-0.12354625761508942,-0.11050000041723251
2360,1.1800000,-0.12389844655990601,-0.10909999907016754
2361,1.1805000,-0.12419962137937546,-0.10779999941587448
2362,1.1810000,-0.12445086240768433,-0.10649999976158142
2363,1.1815000,-0.12465478479862213,-0.10520000010728836
2364,1.1820000,-0.12481577694416046,-0.1039000004529953
2365,1.1825000,-0.12493572384119034,-0.10270000249147415
2366,1.1830000,-0.12501497566699982,-0.10149999707937241
2367,1.1835000,-0.12505453824996948,-0.10040000081062317
2368,1.1840000,-0.1250573992729187,-0.099299997091293335
2369,1.1845000,-0.12502646446228027,-0.098200000822544098
2370,1.1850000,-0.12496031075716019,-0.097199998795986176
2371,1.1855000,-0.12486067414283752,-0.096199996769428253
2372,1.1860000,-0.12473282963037491,-0.095299996435642242
2373,1.1865000,-0.12457731366157532,-0.094400003552436829
2374,1.1870000,-0.12439201772212982,-0.093599997460842133
2375,1.1875000,-0.12417682260274887,-0.092900000512599945
2376,1.1880000,-0.12393289804458618,-0.092200003564357758
2377,1.1885000,-0.12365675717592239,-0.091499999165534973
2378,1.1890000,-0.12334449589252472,-0.0908999964594841
2379,1.1895000,-0.12299946695566177,-0.090400002896785736
2380,1.1900000,-0.12262631952762604,-0.089900001883506775
2381,1.1905000,-0.1222277358174324,-0.089500002562999725
2382,1.1910000,-0.12180598080158234,-0.089100003242492676
2383,1.1915000,-0.1213625892996788,-0.088799998164176941
2384,1.1920000,-0.12090224772691727,-0.088500000536441803
2385,1.1925000,-0.12043096870183945,-0.08829999715089798
2386,1.1930000,-0.11995120346546173,-0.088100001215934753
2387,1.1935000,-0.11946455389261246,-0.087999999523162842
2388,1.1940000,-0.11897405236959457,-0.08789999783039093
2389,1.1945000,-0.11848233640193939,-0.087800003588199615
2390,1.1950000,-0.11798958480358124,-0.087800003588199615
2391,1.1955000,-0.11749421060085297,-0.087800003588199615
2392,1.1960000,-0.11700043827295303,-0.08789999783039093
2393,1.1965000,-0.11651816219091415,-0.08789999783039093
2394,1.1970000,-0.11605043709278107,-0.087999999523162842
2395,1.1975000,-0.11559504270553589,-0.088100001215934753
2396,1.1980000,-0.11515136063098907,-0.08829999715089798
2397,1.1985000,-0.11471915245056152,-0.088399998843669891
2398,1.1990000,-0.11429692059755325,-0.088600002229213715
2399,1.1995000,-0.11388220638036728,-0.088799998164176941
2400,1.2000000,-0.11347652971744537,-0.088899999856948853
2401,1.2005000,-0.11308612674474716,-0.089100003242492676
2402,1.2010000,-0.11271160840988159,-0.089299999177455902
2403,1.2015000,-0.1123480349779129,-0.089400000870227814
2404,1.2020000,-0.11199500411748886,-0.08959999680519104
2405,1.2025000,-0.11165153235197067,-0.089699998497962952
2406,1.2030000,-0.1113133579492569,-0.089800000190734863
2407,1.2035000,-0.11097722500562668,-0.089900001883506775
2408,1.2040000,-0.11064141243696213,-0.089900001883506775
2409,1.2045000,-0.11030624061822891,-0.090000003576278687
2410,1.2050000,-0.10997039824724197,-0.090000003576278687
2411,1.2055000,-0.10963228344917297,-0.089900001883506775
2412,1.2060000,-0.10929256677627563,-0.089900001883506775
2413,1.2065000,-0.10895027965307236,-0.089699998497962952
2414,1.2070000,-0.10860371589660645,-0.08959999680519104
2415,1.2075000,-0.10825313627719879,-0.089299999177455902
2416,1.2080000,-0.10789179056882858,-0.089100003242492676
2417,1.2085000,-0.10750549286603928,-0.088799998164176941
2418,1.2090000,-0.1070864126086235,-0.088399998843669891
2419,1.2095000,-0.10663508623838425,-0.087999999523162842
2420,1.2100000,-0.10615579783916473,-0.087499998509883881
2421,1.2105000,-0.10565026104450226,-0.086900003254413605
2422,1.2110000,-0.10511881858110428,-0.086300000548362732
2423,1.2115000,-0.10456476360559464,-0.085600003600120544
2424,1.2120000,-0.10398951917886734,-0.08489999920129776
2425,1.2125000,-0.10339391231536865,-0.084100000560283661
2426,1.2130000,-0.10277790576219559,-0.08320000022649765
2427,1.2135000,-0.10214053094387054,-0.082299999892711639
2428,1.2140000,-0.10148391872644424,-0.081299997866153717
2429,1.2145000,-0.10080840438604355,-0.08020000159740448
2430,1.2150000,-0.10011253505945206,-0.079099997878074646
2431,1.2155000,-0.099395118653774261,-0.077899999916553497
2432,1.2160000,-0.098653033375740051,-0.076700001955032349
2433,1.2165000,-0.097883842885494232,-0.075400002300739288
2434,1.2170000,-0.097087591886520386,-0.074000000953674316
2435,1.2175000,-0.096267476677894592,-0.072599999606609344
2436,1.2180000,-0.095424555242061615,-0.071099996566772461
2437,1.2185000,-0.094555631279945374,-0.069600000977516174
2438,1.2190000,-0.093659721314907074,-0.068000003695487976
2439,1.2195000,-0.092735856771469116,-0.066399998962879181
2440,1.2200000,-0.091781139373779297,-0.064699999988079071
2441,1.2205000,-0.090794146060943604,-0.063000001013278961
2442,1.2210000,-0.089776061475276947,-0.06120000034570694
2443,1.2215000,-0.088730551302433014,-0.05950000137090683
2444,1.2220000,-0.08766048401594162,-0.057700000703334808
2445,1.2225000,-0.086566194891929626,-0.055799998342990875
2446,1.2230000,-0.085447736084461212,-0.054000001400709152
2447,1.2235000,-0.084306120872497559,-0.052099999040365219
2448,1.2240000,-0.083138853311538696,-0.050200000405311584
2449,1.2245000,-0.081940159201622009,-0.048399999737739563
2450,1.2250000,-0.080711394548416138,-0.046500001102685928
2451,1.2255000,-0.079459801316261292,-0.044599998742341995
2452,1.2260000,-0.07818961888551712,-0.042700000107288361
2453,1.2265000,-0.076899789273738861,-0.040899999439716339
2454,1.2270000,-0.075588561594486237,-0.039099998772144318
2455,1.2275000,-0.074258305132389069,-0.037300001829862595
2456,1.2280000,-0.072910204529762268,-0.035500001162290573
2457,1.2285000,-0.071544013917446136,-0.033799998462200165
2458,1.2290000,-0.070164479315280914,-0.032099999487400055
2459,1.2295000,-0.068778097629547119,-0.030500000342726707
2460,1.2300000,-0.067387349903583527,-0.028899999335408211
2461,1.2305000,-0.065991245210170746,-0.027300000190734863
2462,1.2310000,-0.064590491354465485,-0.025900000706315041
2463,1.2315000,-0.063188828527927399,-0.024499999359250069
2464,1.2320000,-0.061785362660884857,-0.023099999874830246
2465,1.2325000,-0.060374334454536438,-0.021800000220537186
2466,1.2330000,-0.058957397937774658,-0.020600000396370888
2467,1.2335000,-0.057542815804481506,-0.019500000402331352
2468,1.2340000,-0.056134693324565887,-0.018500000238418579
2469,1.2345000,-0.054733797907829285,-0.017500000074505806
2470,1.2350000,-0.053343124687671661,-0.016599999740719795
2471,1.2355000,-0.051965788006782532,-0.015699999406933784
2472,1.2360000,-0.050601448863744736,-0.014999999664723873
2473,1.2365000,-0.049249682575464249,-0.014299999922513962
2474,1.2370000,-0.047915242612361908,-0.013700000010430813
2475,1.2375000,-0.046607587486505508,-0.013100000098347664
2476,1.2380000,-0.045332640409469604,-0.012600000016391277
2477,1.2385000,-0.04409325122833252,-0.012099999934434891
2478,1.2390000,-0.042895626276731491,-0.011699999682605267
2479,1.2395000,-0.041745971888303757,-0.011300000362098217
2480,1.2400000,-0.040651056915521622,-0.010900000110268593
2481,1.2405000,-0.039617002010345459,-0.010499999858438969
2482,1.2410000,-0.038644839078187943,-0.010099999606609344
2483,1.2415000,-0.037736263126134872,-0.0097000002861022949
2484,1.2420000,-0.036895278841257095,-0.0092000002041459084
2485,1.2425000,-0.036122892051935196,-0.0087000001221895218
2486,1.2430000,-0.035418294370174408,-0.0081000002101063728
2487,1.2435000,-0.034782860428094864,-0.0074000000022351742
2488,1.2440000,-0.034218747168779373,-0.0065999999642372131
2489,1.2445000,-0.033724818378686905,-0.0057000000961124897
2490,1.2450000,-0.033295042812824249,-0.0046000001020729542
2491,1.2455000,-0.032924257218837738,-0.0032999999821186066
2492,1.2460000,-0.032609038054943085,-0.0017999999690800905
2493,1.2465000,-0.032342948019504547,-9.9999997473787516e-05
2494,1.2470000,-0.032121986150741577,0.0020000000949949026
2495,1.2475000,-0.031942367553710938,0.0043000001460313797
2496,1.2480000,-0.031792733818292618,0.0068999999202787876
2497,1.2485000,-0.031661234796047211,0.0098999999463558197
2498,1.2490000,-0.031534884124994278,0.013299999758601189
2499,1.2495000,-0.031401097774505615,0.017100000753998756
2500,1.2500000,-0.031252846121788025,0.021299999207258224
2501,1.2505000,-0.031075458973646164,0.026100000366568565
2502,1.2510000,-0.030853921547532082,0.031300000846385956
2503,1.2515000,-0.03058088943362236,0.037099998444318771
2504,1.2520000,-0.030243391171097755,0.04349999874830246
2505,1.2525000,-0.029823785647749901,0.050500001758337021
2506,1.2530000,-0.029302218928933144,0.057999998331069946
2507,1.2535000,-0.028654318302869797,0.066299997270107269
2508,1.2540000,-0.027856983244419098,0.075199998915195465
2509,1.2545000,-0.02688777819275856,0.084799997508525848
2510,1.2550000,-0.025724247097969055,0.095200002193450928
2511,1.2555000,-0.024342440068721771,0.1062999963760376
2512,1.2560000,-0.02271583117544651,0.11810000240802765
2513,1.2565000,-0.020825967192649841,0.1307000070810318
2514,1.2570000,-0.018655568361282349,0.14409999549388885
2515,1.2575000,-0.016178939491510391,0.1582999974489212
2516,1.2580000,-0.013362517580389977,0.17329999804496765
2517,1.2585000,-0.010179193690419197,0.18899999558925629
2518,1.2590000,-0.0066194683313369751,0.20559999346733093
2519,1.2595000,-0.002666594460606575,0.22290000319480896
2520,1.2600000,0.0016945302486419678,0.24089999496936798
2521,1.2605000,0.0064642275683581829,0.25970000028610229
2522,1.2610000,0.011656727641820908,0.2791999876499176
2523,1.2615000,0.017290590330958366,0.29940000176429749
2524,1.2620000,0.023384587839245796,0.32019999623298645
2525,1.2625000,0.029962645843625069,0.3416999876499176
2526,1.2630000,0.037038691341876984,0.36370000243186951
2527,1.2635000,0.044626738876104355,0.38629999756813049
2528,1.2640000,0.052727296948432922,0.40929999947547913
2529,1.2645000,0.061326947063207626,0.43279999494552612
2530,1.2650000,0.070430412888526917,0.45649999380111694
2531,1.2655000,0.080045469105243683,0.48059999942779541
2532,1.2660000,0.090169712901115417,0.50489997863769531
2533,1.2665000,0.10080499202013016,0.52929997444152832
2534,1.2670000,0.1119622066617012,0.55379998683929443
2535,1.2675000,0.12364489585161209,0.57819998264312744
2536,1.2680000,0.13586345314979553,0.60250002145767212
2537,1.2685000,0.14865230023860931,0.62660002708435059
2538,1.2690000,0.16203318536281586,0.65030002593994141
2539,1.2695000,0.17600226402282715,0.67369997501373291
2540,1.2700000,0.19053910672664642,0.69660001993179321
2541,1.2705000,0.20562011003494263,0.71880000829696655
2542,1.2710000,0.22122947871685028,0.74040001630783081
2543,1.2715000,0.23734648525714874,0.76109999418258667
2544,1.2720000,0.25393179059028625,0.78090000152587891
2545,1.2725000,0.27093285322189331,0.79970002174377441
2546,1.2730000,0.28829461336135864,0.81739997863769531
2547,1.2735000,0.30596902966499329,0.83380001783370972
2548,1.2740000,0.32391524314880371,0.84890002012252808
2549,1.2745000,0.34209179878234863,0.86260002851486206
2550,1.2750000,0.3604680597782135,0.87470000982284546
2551,1.2755000,0.37900626659393311,0.88529998064041138
2552,1.2760000,0.39764803647994995,0.89410001039505005
2553,1.2765000,0.41634482145309448,0.90119999647140503
2554,1.2770000,0.43503904342651367,0.90640002489089966
2555,1.2775000,0.45365157723426819,0.90969997644424438
2556,1.2780000,0.47211417555809021,0.91089999675750732
2557,1.2785000,0.49036848545074463,0.91009998321533203
2558,1.2790000,0.50836145877838135,0.90719997882843018
2559,1.2795000,0.52604281902313232,0.90219998359680176
2560,1.2800000,0.54335248470306396,0.89490002393722534
2561,1.2805000,0.5602271556854248,0.88539999723434448
2562,1.2810000,0.57659733295440674,0.87370002269744873
2563,1.2815000,0.5923883318901062,0.85970002412796021
2564,1.2820000,0.6075289249420166,0.84340000152587891
2565,1.2825000,0.62194889783859253,0.82489997148513794
2566,1.2830000,0.63558942079544067,0.80409997701644897
2567,1.2835000,0.64839112758636475,0.78109997510910034
2568,1.2840000,0.66028273105621338,0.75580000877380371
2569,1.2845000,0.67119365930557251,0.72850000858306885
2570,1.2850000,0.68106967210769653,0.69900000095367432
2571,1.2855000,0.68985772132873535,0.66740000247955322
2572,1.2860000,0.6974906325340271,0.633899986743927
2573,1.2865000,0.70390802621841431,0.59850001335144043
2574,1.2870000,0.70904982089996338,0.56129997968673706
2575,1.2875000,0.7128484845161438,0.52230000495910645
2576,1.2880000,0.71527194976806641,0.48170000314712524
2577,1.2885000,0.71633315086364746,0.43950000405311584
2578,1.2890000,0.71601790189743042,0.39599999785423279
2579,1.2895000,0.71428054571151733,0.35109999775886536
2580,1.2900000,0.71108728647232056,0.30509999394416809
2581,1.2905000,0.70640170574188232,0.25799998641014099
2582,1.2910000,0.70018154382705688,0.21009999513626099
2583,1.2915000,0.69238907098770142,0.16130000352859497
2584,1.2920000,0.68300354480743408,0.1120000034570694
2585,1.2925000,0.67203158140182495,0.062199998646974564
2586,1.2930000,0.65947902202606201,0.012000000104308128
2587,1.2935000,0.64534157514572144,-0.038300000131130219
2588,1.2940000,0.62961679697036743,-0.088699996471405029
2589,1.2945000,0.6123044490814209,-0.13899999856948853
2590,1.2950000,0.59343558549880981,-0.18899999558925629
2591,1.2955000,0.57306075096130371,-0.23849999904632568
2592,1.2960000,0.55121606588363647,-0.28749999403953552
2593,1.2965000,0.52794533967971802,-0.33579999208450317
2594,1.2970000,0.50329959392547607,-0.38330000638961792
2595,1.2975000,0.47732710838317871,-0.42980000376701355
2596,1.2980000,0.45008328557014465,-0.47510001063346863
2597,1.2985000,0.42162695527076721,-0.51920002698898315
2598,1.2990000,0.39201024174690247,-0.56199997663497925
2599,1.2995000,0.36129152774810791,-0.60320001840591431
2600,1.3000000,0.32953321933746338,-0.642799973487854
2601,1.3005000,0.29678356647491455,-0.68080002069473267
2602,1.3010000,0.26311001181602478,-0.71689999103546143
2603,1.3015000,0.22859999537467957,-0.75120002031326294
2604,1.3020000,0.19334007799625397,-0.78339999914169312
2605,1.3025000,0.1574370265007019,-0.81360000371932983
2606,1.3030000,0.12100385129451752,-0.84170001745223999
2607,1.3035000,0.084126219153404236,-0.86760002374649048
2608,1.3040000,0.046873092651367188,-0.8913000226020813
2609,1.3045000,0.0093366280198097229,-0.91269999742507935
2610,1.3050000,-0.02836589515209198,-0.93180000782012939
2611,1.3055000,-0.066123999655246735,-0.94849997758865356
2612,1.3060000,-0.10382914543151855,-0.96289998292922974
2613,1.3065000,-0.14137589931488037,-0.97500002384185791
2614,1.3070000,-0.17867007851600647,-0.9846000075340271
2615,1.3075000,-0.21560284495353699,-0.99199998378753662
2616,1.3080000,-0.25208184123039246,-0.99690002202987671
2617,1.3085000,-0.28804510831832886,-0.99959999322891235
2618,1.3090000,-0.32341396808624268,-1
2619,1.3095000,-0.3580954372882843,-0.99809998273849487
2620,1.3100000,-0.39199024438858032,-0.99409997463226318
2621,1.3105000,-0.42499545216560364,-0.9879000186920166
2622,1.3110000,-0.45700842142105103,-0.97960001230239868
2623,1.3115000,-0.48794069886207581,-0.96929997205734253
2624,1.3120000,-0.51772028207778931,-0.9570000171661377
2625,1.3125000,-0.54626226425170898,-0.94279998540878296
2626,1.3130000,-0.57348275184631348,-0.92690002918243408
2627,1.3135000,-0.59931647777557373,-0.90920001268386841
2628,1.3140000,-0.62370365858078003,-0.88990002870559692
2629,1.3145000,-0.64659059047698975,-0.86909997463226318
2630,1.3150000,-0.66792804002761841,-0.84680002927780151
2631,1.3155000,-0.68766945600509644,-0.82319998741149902
2632,1.3160000,-0.70579159259796143,-0.79830002784729004
2633,1.3165000,-0.72228157520294189,-0.77230000495910645
2634,1.3170000,-0.73710638284683228,-0.74529999494552612
2635,1.3175000,-0.7502409815788269,-0.71740001440048218
2636,1.3180000,-0.76168853044509888,-0.68860000371932983
2637,1.3185000,-0.77145600318908691,-0.6590999960899353
2638,1.3190000,-0.77954238653182983,-0.62900000810623169
2639,1.3195000,-0.78594285249710083,-0.59829998016357422
2640,1.3200000,-0.79067617654800415,-0.56730002164840698
2641,1.3205000,-0.79378622770309448,-0.53600001335144043
2642,1.3210000,-0.79530954360961914,-0.50440001487731934
2643,1.3215000,-0.79526865482330322,-0.47279998660087585
2644,1.3220000,-0.79367822408676147,-0.44110000133514404
2645,1.3225000,-0.79055768251419067,-0.40950000286102295
2646,1.3230000,-0.7859342098236084,-0.37810000777244568
2647,1.3235000,-0.77985018491744995,-0.34689998626708984
2648,1.3240000,-0.77235317230224609,-0.31610000133514404
2649,1.3245000,-0.76348268985748291,-0.2856999933719635
2650,1.3250000,-0.75328898429870605,-0.25580000877380371
2651,1.3255000,-0.74182748794555664,-0.22640000283718109
2652,1.3260000,-0.72915369272232056,-0.19769999384880066
2653,1.3265000,-0.71532905101776123,-0.1695999950170517
2654,1.3270000,-0.70040750503540039,-0.14229999482631683
2655,1.3275000,-0.68443840742111206,-0.11580000072717667
2656,1.3280000,-0.66749703884124756,-0.090199999511241913
2657,1.3285000,-0.64967280626296997,-0.065399996936321259
2658,1.3290000,-0.63103234767913818,-0.041499998420476913
2659,1.3295000,-0.61163640022277832,-0.018600000068545341
2660,1.3300000,-0.5915520191192627,0.0032999999821186066
2661,1.3305000,-0.57084989547729492,0.024199999868869781
2662,1.3310000,-0.5496058464050293,0.044100001454353333
2663,1.3315000,-0.52789157629013062,0.06289999932050705
2664,1.3320000,-0.50576329231262207,0.080700002610683441
2665,1.3325000,-0.48326638340950012,0.097400002181529999
2666,1.3330000,-0.46046227216720581,0.11309999972581863
2667,1.3335000,-0.43742659687995911,0.12780000269412994
2668,1.3340000,-0.41423329710960388,0.14139999449253082
2669,1.3345000,-0.39094692468643188,0.15399999916553497
2670,1.3350000,-0.36762461066246033,0.16550000011920929
2671,1.3355000,-0.34433048963546753,0.1761000007390976
2672,1.3360000,-0.32112580537796021,0.18569999933242798
2673,1.3365000,-0.29805481433868408,0.19429999589920044
2674,1.3370000,-0.2751656174659729,0.20200000703334808
2675,1.3375000,-0.25251749157905579,0.20890000462532043
2676,1.3380000,-0.23016199469566345,0.21480000019073486
2677,1.3385000,-0.20814535021781921,0.21989999711513519
2678,1.3390000,-0.18651808798313141,0.22429999709129333
2679,1.3395000,-0.16531598567962646,0.22779999673366547
2680,1.3400000,-0.14455991983413696,0.23070000112056732
2681,1.3405000,-0.12427785992622375,0.23280000686645508
2682,1.3410000,-0.10450533032417297,0.23440000414848328
2683,1.3415000,-0.085274733603000641,0.23530000448226929
2684,1.3420000,-0.066610336303710938,0.23559999465942383
2685,1.3425000,-0.048529364168643951,0.23549999296665192
2686,1.3430000,-0.031045529991388321,0.23479999601840973
2687,1.3435000,-0.014169774949550629,0.23370000720024109
2688,1.3440000,0.0020818691700696945,0.23219999670982361
2689,1.3445000,0.017686618492007256,0.23039999604225159
2690,1.3450000,0.032628346234560013,0.22820000350475311
2691,1.3455000,0.046898610889911652,0.2257000058889389
2692,1.3460000,0.060495756566524506,0.22300000488758087
2693,1.3465000,0.073421984910964966,0.22010000050067902
2694,1.3470000,0.085674896836280823,0.21690000593662262
2695,1.3475000,0.097256496548652649,0.21369999647140503
2696,1.3480000,0.1081855371594429,0.21029999852180481
2697,1.3485000,0.11848267912864685,0.20679999887943268
2698,1.3490000,0.12815997004508972,0.20329999923706055
2699,1.3495000,0.1372244656085968,0.1996999979019165
2700,1.3500000,0.14567582309246063,0.19619999825954437
2701,1.3505000,0.1535172164440155,0.19259999692440033
2702,1.3510000,0.16076536476612091,0.1890999972820282
2703,1.3515000,0.16743768751621246,0.18569999933242798
2704,1.3520000,0.17355230450630188,0.18230000138282776
2705,1.3525000,0.17913377285003662,0.17900000512599945
2706,1.3530000,0.18420018255710602,0.17579999566078186
2707,1.3535000,0.18877245485782623,0.17280000448226929
2708,1.3540000,0.1928730309009552,0.16990000009536743
2709,1.3545000,0.1965077668428421,0.16709999740123749
2710,1.3550000,0.19968880712985992,0.16449999809265137
2711,1.3555000,0.20244158804416656,0.16200000047683716
2712,1.3560000,0.20478962361812592,0.15970000624656677
2713,1.3565000,0.20676009356975555,0.15760000050067902
2714,1.3570000,0.20837877690792084,0.15559999644756317
2715,1.3575000,0.20966336131095886,0.15379999577999115
2716,1.3580000,0.21062685549259186,0.15219999849796295
2717,1.3585000,0.21128639578819275,0.15080000460147858
2718,1.3590000,0.2116638720035553,0.14949999749660492
2719,1.3595000,0.21177351474761963,0.14839999377727509
2720,1.3600000,0.21162611246109009,0.14749999344348907
2721,1.3605000,0.21123416721820831,0.14669999480247498
2722,1.3610000,0.2106175571680069,0.14599999785423279
2723,1.3615000,0.20980177819728851,0.14560000598430634
2724,1.3620000,0.20880310237407684,0.14519999921321869
2725,1.3625000,0.20763549208641052,0.14499999582767487
2726,1.3630000,0.20631745457649231,0.14489999413490295
2727,1.3635000,0.20486705005168915,0.14499999582767487
2728,1.3640000,0.20330581068992615,0.14509999752044678
2729,1.3645000,0.20165903866291046,0.14540000259876251
2730,1.3650000,0.19994805753231049,0.14569999277591705
2731,1.3655000,0.19818651676177979,0.14620000123977661
2732,1.3660000,0.19638240337371826,0.14669999480247498
2733,1.3665000,0.19454513490200043,0.14730000495910645
2734,1.3670000,0.19268785417079926,0.14790000021457672
2735,1.3675000,0.19082063436508179,0.14859999716281891
2736,1.3680000,0.18895693123340607,0.14939999580383301
2737,1.3685000,0.18711626529693604,0.15019999444484711
2738,1.3690000,0.18531039357185364,0.15099999308586121
2739,1.3695000,0.18354366719722748,0.1518000066280365
2740,1.3700000,0.18181660771369934,0.15270000696182251
2741,1.3705000,0.18013258278369904,0.15350000560283661
2742,1.3710000,0.17849956452846527,0.15440000593662262
2743,1.3715000,0.17691908776760101,0.15530000627040863
2744,1.3720000,0.17539791762828827,0.15610000491142273
2745,1.3725000,0.17394892871379852,0.15700000524520874
2746,1.3730000,0.17257705330848694,0.15780000388622284
2747,1.3735000,0.17128631472587585,0.15860000252723694
2748,1.3740000,0.17007960379123688,0.15940000116825104
2749,1.3745000,0.16895587742328644,0.16009999811649323
2750,1.3750000,0.16791391372680664,0.16079999506473541
2751,1.3755000,0.16695536673069,0.16150000691413879
2752,1.3760000,0.16607536375522614,0.16210000216960907
2753,1.3765000,0.16525912284851074,0.16269999742507935
2754,1.3770000,0.16450279951095581,0.16329999268054962
2755,1.3775000,0.1638132780790329,0.16380000114440918
2756,1.3780000,0.16319428384304047,0.16419999301433563
2757,1.3785000,0.16264240443706512,0.16459999978542328
2758,1.3790000,0.16214832663536072,0.16500000655651093
2759,1.3795000,0.16171379387378693,0.16529999673366547
2760,1.3800000,0.16135214269161224,0.1656000018119812
2761,1.3805000,0.16106170415878296,0.16580000519752502
2762,1.3810000,0.16083620488643646,0.16599999368190765
2763,1.3815000,0.16067664325237274,0.16619999706745148
2764,1.3820000,0.16057558357715607,0.16629999876022339
2765,1.3825000,0.16052575409412384,0.16629999876022339
2766,1.3830000,0.160523921251297,0.1664000004529953
2767,1.3835000,0.16057038307189941,0.16629999876022339
2768,1.3840000,0.16066202521324158,0.16629999876022339
2769,1.3845000,0.16078178584575653,0.16619999706745148
2770,1.3850000,0.16092324256896973,0.16609999537467957
2771,1.3855000,0.16109336912631989,0.16590000689029694
2772,1.3860000,0.16129139065742493,0.16570000350475311
2773,1.3865000,0.16151031851768494,0.16550000011920929
2774,1.3870000,0.16174519062042236,0.16529999673366547
2775,1.3875000,0.1619943231344223,0.16509999334812164
2776,1.3880000,0.16225007176399231,0.1648000031709671
2777,1.3885000,0.16249930858612061,0.16449999809265137
2778,1.3890000,0.16274017095565796,0.16419999301433563
2779,1.3895000,0.16297566890716553,0.16390000283718109
2780,1.3900000,0.16319771111011505,0.16359999775886536
2781,1.3905000,0.16340184211730957,0.16329999268054962
2782,1.3910000,0.16359466314315796,0.16290000081062317
2783,1.3915000,0.16377663612365723,0.16259999573230743
2784,1.3920000,0.16394366323947906,0.16230000555515289
2785,1.3925000,0.16409647464752197,0.16189999878406525
2786,1.3930000,0.16423752903938293,0.16159999370574951
2787,1.3935000,0.16436593234539032,0.16130000352859497
2788,1.3940000,0.16447298228740692,0.16099999845027924
2789,1.3945000,0.16455888748168945,0.16060000658035278
2790,1.3950000,0.1646338552236557,0.16030000150203705
2791,1.3955000,0.16469636559486389,0.15999999642372131
2792,1.3960000,0.16474978625774384,0.15979999303817749
2793,1.3965000,0.16480782628059387,0.15950000286102295
2794,1.3970000,0.16487468779087067,0.15919999778270721
2795,1.3975000,0.16494813561439514,0.15889999270439148
2796,1.3980000,0.16502164304256439,0.15870000422000885
2797,1.3985000,0.16509060561656952,0.15850000083446503
2798,1.3990000,0.16515724360942841,0.15819999575614929
2799,1.3995000,0.16522002220153809,0.15800000727176666
2800,1.4000000,0.16527770459651947,0.15780000388622284
2801,1.4005000,0.16533516347408295,0.15760000050067902
2802,1.4010000,0.16539549827575684,0.15739999711513519
2803,1.4015000,0.16545736789703369,0.15729999542236328
2804,1.4020000,0.16551525890827179,0.15710000693798065
2805,1.4025000,0.16555507481098175,0.15700000524520874
2806,1.4030000,0.16556714475154877,0.15680000185966492
2807,1.4035000,0.16555467247962952,0.15670000016689301
2808,1.4040000,0.16552090644836426,0.15659999847412109
2809,1.4045000,0.16547127068042755,0.15639999508857727
2810,1.4050000,0.16540852189064026,0.15629999339580536
2811,1.4055000,0.16533064842224121,0.15620000660419464
2812,1.4060000,0.16524006426334381,0.15610000491142273
2813,1.4065000,0.16513727605342865,0.15600000321865082
2814,1.4070000,0.1650252491235733,0.15600000321865082
2815,1.4075000,0.1649107038974762,0.15590000152587891
2816,1.4080000,0.16479396820068359,0.15579999983310699
2817,1.4085000,0.16467207670211792,0.15569999814033508
2818,1.4090000,0.16454499959945679,0.15569999814033508
2819,1.4095000,0.16441270709037781,0.15559999644756317
2820,1.4100000,0.16427679359912872,0.15559999644756317
2821,1.4105000,0.16414110362529755,0.15549999475479126
2822,1.4110000,0.16400504112243652,0.15549999475479126
2823,1.4115000,0.16387353837490082,0.15539999306201935
2824,1.4120000,0.16374753415584564,0.15539999306201935
2825,1.4125000,0.16360987722873688,0.15530000627040863
2826,1.4130000,0.16344989836215973,0.15530000627040863
2827,1.4135000,0.16326965391635895,0.15530000627040863
2828,1.4140000,0.16307634115219116,0.15520000457763672
2829,1.4145000,0.16288214921951294,0.15520000457763672
2830,1.4150000,0.16269542276859283,0.15520000457763672
2831,1.4155000,0.16251975297927856,0.15510000288486481
2832,1.4160000,0.16235871613025665,0.15510000288486481
2833,1.4165000,0.16221432387828827,0.15510000288486481
2834,1.4170000,0.16208447515964508,0.15510000288486481
2835,1.4175000,0.16196580231189728,0.15510000288486481
2836,1.4180000,0.16185732185840607,0.15510000288486481
2837,1.4185000,0.16176076233386993,0.15510000288486481
2838,1.4190000,0.16167537868022919,0.15510000288486481
2839,1.4195000,0.16159918904304504,0.15510000288486481
2840,1.4200000,0.16153806447982788,0.15520000457763672
2841,1.4205000,0.16149908304214478,0.15520000457763672
2842,1.4210000,0.1614825427532196,0.15520000457763672
2843,1.4215000,0.16148854792118073,0.15530000627040863
2844,1.4220000,0.16151633858680725,0.15530000627040863
2845,1.4225000,0.16156065464019775,0.15539999306201935
2846,1.4230000,0.16161631047725677,0.15539999306201935
2847,1.4235000,0.16167613863945007,0.15549999475479126
2848,1.4240000,0.16173392534255981,0.15559999644756317
2849,1.4245000,0.16179104149341583,0.15569999814033508
2850,1.4250000,0.16185043752193451,0.15579999983310699
2851,1.4255000,0.16191381216049194,0.15590000152587891
2852,1.4260000,0.16198152303695679,0.15600000321865082
2853,1.4265000,0.16205021739006042,0.15610000491142273
2854,1.4270000,0.16211730241775513,0.15629999339580536
2855,1.4275000,0.16218675673007965,0.15639999508857727
2856,1.4280000,0.1622593104839325,0.15659999847412109
2857,1.4285000,0.16232888400554657,0.15670000016689301
2858,1.4290000,0.16239555180072784,0.15690000355243683
2859,1.4295000,0.16246075928211212,0.15710000693798065
2860,1.4300000,0.16252203285694122,0.15729999542236328
2861,1.4305000,0.16257919371128082,0.15739999711513519
2862,1.4310000,0.16263692080974579,0.15760000050067902
2863,1.4315000,0.16269697248935699,0.15790000557899475
2864,1.4320000,0.16275353729724884,0.15809999406337738
2865,1.4325000,0.16280356049537659,0.1582999974489212
2866,1.4330000,0.16284725069999695,0.15850000083446503
2867,1.4335000,0.16288298368453979,0.15880000591278076
2868,1.4340000,0.16290579736232758,0.15899999439716339
2869,1.4345000,0.16291914880275726,0.15929999947547913
2870,1.4350000,0.16293646395206451,0.15950000286102295
2871,1.4355000,0.16295801103115082,0.15979999303817749
2872,1.4360000,0.16297192871570587,0.16009999811649323
2873,1.4365000,0.16297464072704315,0.16040000319480896
2874,1.4370000,0.16297130286693573,0.1606999933719635
2875,1.4375000,0.1629616767168045,0.16089999675750732
2876,1.4380000,0.16294416785240173,0.16120000183582306
2877,1.4385000,0.16292516887187958,0.16150000691413879
2878,1.4390000,0.1629093736410141,0.16189999878406525
2879,1.4395000,0.16289705038070679,0.16220000386238098
2880,1.4400000,0.16289101541042328,0.16249999403953552
2881,1.4405000,0.16289503872394562,0.16279999911785126
2882,1.4410000,0.16291080415248871,0.1632000058889389
2883,1.4415000,0.1629355251789093,0.16349999606609344
2884,1.4420000,0.16296704113483429,0.16390000283718109
2885,1.4425000,0.16301204264163971,0.16419999301433563
2886,1.4430000,0.16307464241981506,0.16459999978542328
2887,1.4435000,0.16314913332462311,0.16500000655651093
2888,1.4440000,0.16323749721050262,0.16539999842643738
2889,1.4445000,0.16334380209445953,0.16580000519752502
2890,1.4450000,0.16346484422683716,0.16619999706745148
2891,1.4455000,0.16360358893871307,0.16660000383853912
2892,1.4460000,0.16377079486846924,0.16699999570846558
2893,1.4465000,0.16397342085838318,0.16750000417232513
2894,1.4470000,0.16420759260654449,0.16789999604225159
2895,1.4475000,0.1644681990146637,0.16840000450611115
2896,1.4480000,0.16475445032119751,0.16889999806880951
2897,1.4485000,0.16506838798522949,0.16940000653266907
2898,1.4490000,0.16541270911693573,0.17000000178813934
2899,1.4495000,0.16578730940818787,0.17049999535083771
2900,1.4500000,0.16619484126567841,0.17110000550746918
2901,1.4505000,0.16664120554924011,0.17170000076293945
2902,1.4510000,0.16712416708469391,0.17239999771118164
2903,1.4515000,0.16763712465763092,0.17299999296665192
2904,1.4520000,0.16818793118000031,0.1737000048160553
2905,1.4525000,0.16878698766231537,0.17440000176429749
2906,1.4530000,0.16943158209323883,0.17509999871253967
2907,1.4535000,0.17012138664722443,0.17589999735355377
2908,1.4540000,0.17085452377796173,0.17669999599456787
2909,1.4545000,0.17162893712520599,0.17749999463558197
2910,1.4550000,0.17245002090930939,0.17839999496936798
2911,1.4555000,0.17330954968929291,0.17929999530315399
2912,1.4560000,0.17419742047786713,0.18029999732971191
2913,1.4565000,0.17511568963527679,0.18119999766349792
2914,1.4570000,0.17606571316719055,0.18219999969005585
2915,1.4575000,0.17705141007900238,0.18330000340938568
2916,1.4580000,0.17807342112064362,0.18440000712871552
2917,1.4585000,0.17912515997886658,0.18549999594688416
2918,1.4590000,0.18020409345626831,0.1867000013589859
2919,1.4595000,0.18131181597709656,0.18790000677108765
2920,1.4600000,0.18245190382003784,0.1890999972820282
2921,1.4605000,0.18362408876419067,0.19040000438690186
2922,1.4610000,0.18482790887355804,0.19179999828338623
2923,1.4615000,0.18606974184513092,0.1932000070810318
2924,1.4620000,0.18735224008560181,0.19460000097751617
2925,1.4625000,0.1886766254901886,0.19609999656677246
2926,1.4630000,0.19003954529762268,0.19760000705718994
2927,1.4635000,0.19143091142177582,0.19920000433921814
2928,1.4640000,0.19284729659557343,0.20080000162124634
2929,1.4645000,0.19428403675556183,0.20239999890327454
2930,1.4650000,0.19573509693145752,0.20409999787807465
2931,1.4655000,0.19720247387886047,0.20589999854564667
2932,1.4660000,0.19868674874305725,0.20769999921321869
2933,1.4665000,0.20018894970417023,0.20949999988079071
2934,1.4670000,0.20170967280864716,0.21140000224113464
2935,1.4675000,0.20324297249317169,0.21330000460147858
2936,1.4680000,0.2047840803861618,0.21529999375343323
2937,1.4685000,0.20632600784301758,0.21729999780654907
2938,1.4690000,0.20785827934741974,0.21930000185966492
2939,1.4695000,0.20937779545783997,0.22139999270439148
2940,1.4700000,0.2108912318944931,0.22360000014305115
2941,1.4705000,0.21240687370300293,0.2257000058889389
2942,1.4710000,0.2139255702495575,0.22800000011920929
2943,1.4715000,0.21544225513935089,0.23019999265670776
2944,1.4720000,0.21695782244205475,0.23250000178813934
2945,1.4725000,0.21847741305828094,0.23479999601840973
2946,1.4730000,0.22000217437744141,0.23720000684261322
2947,1.4735000,0.22153007984161377,0.23960000276565552
2948,1.4740000,0.2230585515499115,0.24199999868869781
2949,1.4745000,0.22458504140377045,0.24439999461174011
2950,1.4750000,0.22610938549041748,0.24690000712871552
2951,1.4755000,0.22763805091381073,0.24940000474452972
2952,1.4760000,0.22917595505714417,0.25200000405311584
2953,1.4765000,0.23072116076946259,0.25450000166893005
2954,1.4770000,0.2322729229927063,0.25709998607635498
2955,1.4775000,0.23383191227912903,0.25970000028610229
2956,1.4780000,0.23539747297763824,0.26230001449584961
2957,1.4785000,0.23696951568126678,0.26499998569488525
2958,1.4790000,0.23854805529117584,0.26769998669624329
2959,1.4795000,0.24013778567314148,0.2703000009059906
2960,1.4800000,0.24174055457115173,0.27300000190734863
2961,1.4805000,0.24334694445133209,0.27579998970031738
2962,1.4810000,0.24495665729045868,0.27849999070167542
2963,1.4815000,0.24657902121543884,0.28119999170303345
2964,1.4820000,0.24821518361568451,0.28400000929832458
2965,1.4825000,0.24986109137535095,0.28679999709129333
2966,1.4830000,0.25151851773262024,0.28949999809265137
2967,1.4835000,0.25319480895996094,0.29229998588562012
2968,1.4840000,0.25489133596420288,0.29510000348091125
2969,1.4845000,0.25660648941993713,0.29789999127388
2970,1.4850000,0.25834566354751587,0.30070000886917114
2971,1.4855000,0.26011425256729126,0.30349999666213989
2972,1.4860000,0.26190876960754395,0.30630001425743103
2973,1.4865000,0.26372399926185608,0.30910000205039978
2974,1.4870000,0.26556283235549927,0.31200000643730164
2975,1.4875000,0.26743125915527344,0.31479999423027039
2976,1.4880000,0.26932579278945923,0.31760001182556152
2977,1.4885000,0.27123796939849854,0.32039999961853027
2978,1.4890000,0.27317008376121521,0.32330000400543213
2979,1.4895000,0.27512729167938232,0.32609999179840088
2980,1.4900000,0.27710685133934021,0.32890000939369202
2981,1.4905000,0.27910640835762024,0.33180001378059387
2982,1.4910000,0.28112342953681946,0.33460000157356262
2983,1.4915000,0.28315833210945129,0.33739998936653137
2984,1.4920000,0.2852189838886261,0.34020000696182251
2985,1.4925000,0.28731012344360352,0.34310001134872437
2986,1.4930000,0.28942915797233582,0.34589999914169312
2987,1.4935000,0.29157042503356934,0.34869998693466187
2988,1.4940000,0.29373487830162048,0.35159999132156372
2989,1.4945000,0.29592743515968323,0.35440000891685486
2990,1.4950000,0.29814711213111877,0.35719999670982361
2991,1.4955000,0.30039265751838684,0.36000001430511475
2992,1.4960000,0.30266442894935608,0.36289998888969421
2993,1.4965000,0.30496025085449219,0.36570000648498535
2994,1.4970000,0.30727812647819519,0.3684999942779541
2995,1.4975000,0.30961716175079346,0.37139999866485596
2996,1.4980000,0.31197819113731384,0.37419998645782471
2997,1.4985000,0.31436416506767273,0.37700000405311584
2998,1.4990000,0.31677794456481934,0.3799000084400177
2999,1.4995000,0.3192216157913208,0.38269999623298645
3000,1.5000000,0.32170000672340393,0.38550001382827759
3001,1.5005000,0.32421907782554626,0.38839998841285706
3002,1.5010000,0.32678449153900146,0.39120000600814819
3003,1.5015000,0.32940119504928589,0.39410001039505005
3004,1.5020000,0.33206847310066223,0.3968999981880188
3005,1.5025000,0.33478167653083801,0.39980000257492065
3006,1.5030000,0.33753558993339539,0.4025999903678894
3007,1.5035000,0.34032934904098511,0.40549999475479126
3008,1.5040000,0.34316346049308777,0.4083000123500824
3009,1.5045000,0.34602895379066467,0.41119998693466187
3010,1.5050000,0.34891662001609802,0.41409999132156372
3011,1.5055000,0.35182756185531616,0.41690000891685486
3012,1.5060000,0.35476252436637878,0.41980001330375671
3013,1.5065000,0.35772141814231873,0.42269998788833618
3014,1.5070000,0.36070796847343445,0.42559999227523804
3015,1.5075000,0.36372062563896179,0.42840000987052917
3016,1.5080000,0.36675763130187988,0.43130001425743103
3017,1.5085000,0.36982619762420654,0.4341999888420105
3018,1.5090000,0.37293121218681335,0.43709999322891235
3019,1.5095000,0.37606987357139587,0.43999999761581421
3020,1.5100000,0.37924134731292725,0.44290000200271606
3021,1.5105000,0.38244569301605225,0.44569998979568481
3022,1.5110000,0.38568073511123657,0.44859999418258667
3023,1.5115000,0.38894623517990112,0.45149999856948853
3024,1.5120000,0.39224720001220703,0.45440000295639038
3025,1.5125000,0.39559346437454224,0.45730000734329224
3026,1.5130000,0.39898782968521118,0.46020001173019409
3027,1.5135000,0.40242353081703186,0.46309998631477356
3028,1.5140000,0.40589779615402222,0.46599999070167542
3029,1.5145000,0.40941193699836731,0.46880000829696655
3030,1.5150000,0.41296353936195374,0.47170001268386841
3031,1.5155000,0.41654762625694275,0.47459998726844788
3032,1.5160000,0.42016065120697021,0.47749999165534973
3033,1.5165000,0.42380428314208984,0.48030000925064087
3034,1.5170000,0.42748028039932251,0.48320001363754272
3035,1.5175000,0.43118935823440552,0.48609998822212219
3036,1.5180000,0.43493208289146423,0.48890000581741333
3037,1.5185000,0.43870407342910767,0.49180001020431519
3038,1.5190000,0.44249776005744934,0.49459999799728394
3039,1.5195000,0.44630002975463867,0.49750000238418579
3040,1.5200000,0.45009773969650269,0.50029999017715454
3041,1.5205000,0.45388588309288025,0.50309997797012329
3042,1.5210000,0.45766627788543701,0.50590002536773682
3043,1.5215000,0.46144488453865051,0.50870001316070557
3044,1.5220000,0.46522164344787598,0.51150000095367432
3045,1.5225000,0.46898967027664185,0.51429998874664307
3046,1.5230000,0.47274509072303772,0.51709997653961182
3047,1.5235000,0.4764900803565979,0.51980000734329224
3048,1.5240000,0.48023304343223572,0.52249997854232788
3049,1.5245000,0.48398464918136597,0.52530002593994141
3050,1.5250000,0.48774683475494385,0.52799999713897705
3051,1.5255000,0.49151250720024109,0.53070002794265747
3052,1.5260000,0.49527716636657715,0.53329998254776001
3053,1.5265000,0.49903887510299683,0.53600001335144043
3054,1.5270000,0.50279581546783447,0.53860002756118774
3055,1.5275000,0.50654780864715576,0.54119998216629028
3056,1.5280000,0.51029014587402344,0.5437999963760376
3057,1.5285000,0.51401573419570923,0.54629999399185181
3058,1.5290000,0.51772201061248779,0.54879999160766602
3059,1.5295000,0.52140635251998901,0.55129998922348022
3060,1.5300000,0.52506411075592041,0.55369997024536133
3061,1.5305000,0.52869462966918945,0.55610001087188721
3062,1.5310000,0.53230100870132446,0.55849999189376831
3063,1.5315000,0.53587990999221802,0.56080001592636108
3064,1.5320000,0.53943067789077759,0.56309998035430908
3065,1.5325000,0.54296529293060303,0.56540000438690186
3066,1.5330000,0.54649651050567627,0.56760001182556152
3067,1.5335000,0.55003118515014648,0.56970000267028809
3068,1.5340000,0.55356705188751221,0.57179999351501465
3069,1.5345000,0.55709892511367798,0.57380002737045288
3070,1.5350000,0.56062537431716919,0.57580000162124634
3071,1.5355000,0.56414759159088135,0.57760000228881836
3072,1.5360000,0.56767278909683228,0.57950001955032349
3073,1.5365000,0.57121604681015015,0.5812000036239624
3074,1.5370000,0.57478594779968262,0.58289998769760132
3075,1.5375000,0.57837885618209839,0.5845000147819519
3076,1.5380000,0.58199304342269897,0.58600002527236938
3077,1.5385000,0.58562630414962769,0.58740001916885376
3078,1.5390000,0.58927273750305176,0.58869999647140503
3079,1.5395000,0.59292829036712646,0.58990001678466797
3080,1.5400000,0.59657078981399536,0.59109997749328613
3081,1.5405000,0.60017132759094238,0.59210002422332764
3082,1.5410000,0.60372930765151978,0.59299999475479126
3083,1.5415000,0.60725009441375732,0.59380000829696655
3084,1.5420000,0.61072999238967896,0.59439998865127563
3085,1.5425000,0.61416530609130859,0.59490001201629639
3086,1.5430000,0.61755627393722534,0.59530001878738403
3087,1.5435000,0.62090831995010376,0.59560000896453857
3088,1.5440000,0.6242106556892395,0.59570002555847168
3089,1.5445000,0.62744313478469849,0.59570002555847168
3090,1.5450000,0.63059818744659424,0.59549999237060547
3091,1.5455000,0.63366574048995972,0.59509998559951782
3092,1.5460000,0.63663619756698608,0.59460002183914185
3093,1.5465000,0.63951212167739868,0.59390002489089966
3094,1.5470000,0.64229738712310791,0.59299999475479126
3095,1.5475000,0.6449926495552063,0.59200000762939453
3096,1.5480000,0.64758968353271484,0.59069997072219849
3097,1.5485000,0.65007627010345459,0.58929997682571411
3098,1.5490000,0.65244978666305542,0.5877000093460083
3099,1.5495000,0.65470939874649048,0.58579999208450317
3100,1.5500000,0.65685302019119263,0.58380001783370972
3101,1.5505000,0.65887981653213501,0.58149999380111694
3102,1.5510000,0.66078948974609375,0.57899999618530273
3103,1.5515000,0.66258418560028076,0.57630002498626709
3104,1.5520000,0.66426646709442139,0.57340002059936523
3105,1.5525000,0.66583883762359619,0.57020002603530884
3106,1.5530000,0.66729950904846191,0.56679999828338623
3107,1.5535000,0.66863799095153809,0.56319999694824219
3108,1.5540000,0.66984981298446655,0.5593000054359436
3109,1.5545000,0.67094194889068604,0.55510002374649048
3110,1.5550000,0.67191767692565918,0.55070000886917114
3111,1.5555000,0.67277044057846069,0.54610002040863037
3112,1.5560000,0.67347830533981323,0.54119998216629028
3113,1.5565000,0.67400962114334106,0.53600001335144043
3114,1.5570000,0.67435497045516968,0.53060001134872437
3115,1.5575000,0.67451614141464233,0.52490001916885376
3116,1.5580000,0.6744842529296875,0.51899999380111694
3117,1.5585000,0.67426103353500366,0.51279997825622559
3118,1.5590000,0.67385393381118774,0.50629997253417969
3119,1.5595000,0.67326134443283081,0.49950000643730164
3120,1.5600000,0.67247068881988525,0.49250000715255737
3121,1.5605000,0.67145824432373047,0.48530000448226929
3122,1.5610000,0.67021000385284424,0.47769999504089355
3123,1.5615000,0.66872531175613403,0.46990001201629639
3124,1.5620000,0.66699731349945068,0.46189999580383301
3125,1.5625000,0.66501939296722412,0.45359998941421509
3126,1.5630000,0.66279745101928711,0.44499999284744263
3127,1.5635000,0.66033339500427246,0.43619999289512634
3128,1.5640000,0.65761977434158325,0.42710000276565552
3129,1.5645000,0.6546512246131897,0.41780000925064087
3130,1.5650000,0.65142178535461426,0.4083000123500824
3131,1.5655000,0.64792513847351074,0.398499995470047
3132,1.5660000,0.64415854215621948,0.38850000500679016
3133,1.5665000,0.64012354612350464,0.3781999945640564
3134,1.5670000,0.63582289218902588,0.3677000105381012
3135,1.5675000,0.63125813007354736,0.35699999332427979
3136,1.5680000,0.62641608715057373,0.34610000252723694
3137,1.5685000,0.62126684188842773,0.33500000834465027
3138,1.5690000,0.61579358577728271,0.32370001077651978
3139,1.5695000,0.60999274253845215,0.31220000982284546
3140,1.5700000,0.60386282205581665,0.30050000548362732
3141,1.5705000,0.59740233421325684,0.28859999775886536
3142,1.5710000,0.59060585498809814,0.27660000324249268
3143,1.5715000,0.58347028493881226,0.26429998874664307
3144,1.5720000,0.57599055767059326,0.25200000405311584
3145,1.5725000,0.56815999746322632,0.23939999938011169
3146,1.5730000,0.55997270345687866,0.22669999301433563
3147,1.5735000,0.55142039060592651,0.21389999985694885
3148,1.5740000,0.54250627756118774,0.20100000500679016
3149,1.5745000,0.53324401378631592,0.18790000677108765
3150,1.5750000,0.52363604307174683,0.17470000684261322
3151,1.5755000,0.5136791467666626,0.16140000522136688
3152,1.5760000,0.50338232517242432,0.14790000021457672
3153,1.5765000,0.49275851249694824,0.13439999520778656
3154,1.5770000,0.48182985186576843,0.12080000340938568
3155,1.5775000,0.47061216831207275,0.10719999670982361
3156,1.5780000,0.45908927917480469,0.093400001525878906
3157,1.5785000,0.44725248217582703,0.079599998891353607
3158,1.5790000,0.43511763215065002,0.065700002014636993
3159,1.5795000,0.42270159721374512,0.051800001412630081
3160,1.5800000,0.40999653935432434,0.037799999117851257
3161,1.5805000,0.39696598052978516,0.023900000378489494
3162,1.5810000,0.38359454274177551,0.0098000001162290573
3163,1.5815000,0.36989641189575195,-0.00419999985024333
3164,1.5820000,0.35588261485099792,-0.018200000748038292
3165,1.5825000,0.3415641188621521,-0.03229999914765358
3166,1.5830000,0.32694953680038452,-0.046300001442432404
3167,1.5835000,0.31205347180366516,-0.060400001704692841
3168,1.5840000,0.2969059944152832,-0.074400000274181366
3169,1.5845000,0.28152391314506531,-0.08829999715089798
3170,1.5850000,0.26590564846992493,-0.1023000031709671
3171,1.5855000,0.25005263090133667,-0.1160999983549118
3172,1.5860000,0.23398545384407043,-0.12999999523162842
3173,1.5865000,0.21772715449333191,-0.1437000036239624
3174,1.5870000,0.20128205418586731,-0.15739999711513519
3175,1.5875000,0.18465159833431244,-0.17100000381469727
3176,1.5880000,0.16783614456653595,-0.18459999561309814
3177,1.5885000,0.15083323419094086,-0.19799999892711639
3178,1.5890000,0.13364620506763458,-0.21130000054836273
3179,1.5895000,0.11629259586334229,-0.22450000047683716
3180,1.5900000,0.098804816603660583,-0.23759999871253967
3181,1.5905000,0.081201806664466858,-0.25060001015663147
3182,1.5910000,0.063495345413684845,-0.26339998841285706
3183,1.5915000,0.045700669288635254,-0.27610000967979431
3184,1.5920000,0.02782757580280304,-0.28859999775886536
3185,1.5925000,0.0098982788622379303,-0.30099999904632568
3186,1.5930000,-0.0080625955015420914,-0.31319999694824219
3187,1.5935000,-0.026037689298391342,-0.32519999146461487
3188,1.5940000,-0.043999761343002319,-0.33709999918937683
3189,1.5945000,-0.061925604939460754,-0.34880000352859497
3190,1.5950000,-0.079813875257968903,-0.36019998788833618
3191,1.5955000,-0.097656711935997009,-0.37149998545646667
3192,1.5960000,-0.1154094859957695,-0.38260000944137573
3193,1.5965000,-0.1330229640007019,-0.39340001344680786
3194,1.5970000,-0.15048345923423767,-0.40400001406669617
3195,1.5975000,-0.16778564453125,-0.41449999809265137
3196,1.5980000,-0.18491698801517487,-0.42460000514984131
3197,1.5985000,-0.2018718421459198,-0.43459999561309814
3198,1.5990000,-0.21864692866802216,-0.44429999589920044
3199,1.5995000,-0.23523736000061035,-0.45379999279975891
3200,1.6000000,-0.25162896513938904,-0.46299999952316284
3201,1.6005000,-0.26781147718429565,-0.47200000286102295
3202,1.6010000,-0.28378641605377197,-0.48069998621940613
3203,1.6015000,-0.29955336451530457,-0.48919999599456787
3204,1.6020000,-0.31511077284812927,-0.49739998579025269
3205,1.6025000,-0.33045056462287903,-0.50540000200271606
3206,1.6030000,-0.34556061029434204,-0.5131000280380249
3207,1.6035000,-0.36043459177017212,-0.52060002088546753
3208,1.6040000,-0.37506210803985596,-0.52780002355575562
3209,1.6045000,-0.38943132758140564,-0.53479999303817749
3210,1.6050000,-0.40353992581367493,-0.54149997234344482
3211,1.6055000,-0.41738694906234741,-0.54790002107620239
3212,1.6060000,-0.43097281455993652,-0.55409997701644897
3213,1.6065000,-0.44429889321327209,-0.5601000189781189
3214,1.6070000,-0.45736116170883179,-0.5658000111579895
3215,1.6075000,-0.47016078233718872,-0.57130002975463867
3216,1.6080000,-0.48270365595817566,-0.57649999856948853
3217,1.6085000,-0.49498447775840759,-0.58149999380111694
3218,1.6090000,-0.50699478387832642,-0.58630001544952393
3219,1.6095000,-0.51873326301574707,-0.5909000039100647
3220,1.6100000,-0.53020477294921875,-0.59520000219345093
3221,1.6105000,-0.54141080379486084,-0.59939998388290405
3222,1.6110000,-0.5523453950881958,-0.60329997539520264
3223,1.6115000,-0.56301158666610718,-0.60710000991821289
3224,1.6120000,-0.57340431213378906,-0.61059999465942383
3225,1.6125000,-0.58350217342376709,-0.61400002241134644
3226,1.6130000,-0.5932929515838623,-0.61720001697540283
3227,1.6135000,-0.60277324914932251,-0.62019997835159302
3228,1.6140000,-0.61194562911987305,-0.62309998273849487
3229,1.6145000,-0.62080937623977661,-0.62580001354217529
3230,1.6150000,-0.62935733795166016,-0.62840002775192261
3231,1.6155000,-0.63758599758148193,-0.63080000877380371
3232,1.6160000,-0.64549368619918823,-0.63309997320175171
3233,1.6165000,-0.65308636426925659,-0.63520002365112305
3234,1.6170000,-0.66037243604660034,-0.6371999979019165
3235,1.6175000,-0.66735386848449707,-0.63919997215270996
3236,1.6180000,-0.67403537034988403,-0.64099997282028198
3237,1.6185000,-0.68042033910751343,-0.64270001649856567
3238,1.6190000,-0.68651026487350464,-0.64429998397827148
3239,1.6195000,-0.69231337308883667,-0.64579999446868896
3240,1.6200000,-0.6978190541267395,-0.64719998836517334
3241,1.6205000,-0.70300358533859253,-0.64850002527236938
3242,1.6210000,-0.70786535739898682,-0.64980000257492065
3243,1.6215000,-0.71241563558578491,-0.65100002288818359
3244,1.6220000,-0.7166677713394165,-0.65210002660751343
3245,1.6225000,-0.72063314914703369,-0.65319997072219849
3246,1.6230000,-0.72431772947311401,-0.65420001745223999
3247,1.6235000,-0.72772836685180664,-0.65509998798370361
3248,1.6240000,-0.73088055849075317,-0.65600001811981201
3249,1.6245000,-0.73380142450332642,-0.65679997205734253
3250,1.6250000,-0.73651158809661865,-0.65750002861022949
3251,1.6255000,-0.73902291059494019,-0.65820002555847168
3252,1.6260000,-0.74134236574172974,-0.65890002250671387
3253,1.6265000,-0.74346292018890381,-0.65950000286102295
3254,1.6270000,-0.74538606405258179,-0.66009998321533203
3255,1.6275000,-0.74713385105133057,-0.66060000658035278
3256,1.6280000,-0.74871140718460083,-0.66109997034072876
3257,1.6285000,-0.75010979175567627,-0.66149997711181641
3258,1.6290000,-0.75134009122848511,-0.66189998388290405
3259,1.6295000,-0.75241631269454956,-0.6622999906539917
3260,1.6300000,-0.75334465503692627,-0.66259998083114624
3261,1.6305000,-0.75413298606872559,-0.66280001401901245
3262,1.6310000,-0.75478965044021606,-0.66299998760223389
3263,1.6315000,-0.75532251596450806,-0.6632000207901001
3264,1.6320000,-0.75574058294296265,-0.66329997777938843
3265,1.6325000,-0.75605678558349609,-0.66339999437332153
3266,1.6330000,-0.75627684593200684,-0.66339999437332153
3267,1.6335000,-0.75639784336090088,-0.66339999437332153
3268,1.6340000,-0.7564200758934021,-0.66329997777938843
3269,1.6345000,-0.75634646415710449,-0.6632000207901001
3270,1.6350000,-0.75617939233779907,-0.66310000419616699
3271,1.6355000,-0.75592505931854248,-0.66289997100830078
3272,1.6360000,-0.75559103488922119,-0.66259998083114624
3273,1.6365000,-0.75518518686294556,-0.6622999906539917
3274,1.6370000,-0.7547149658203125,-0.66200000047683716
3275,1.6375000,-0.75418210029602051,-0.66159999370574951
3276,1.6380000,-0.75358819961547852,-0.66119998693466187
3277,1.6385000,-0.75294029712677002,-0.66070002317428589
3278,1.6390000,-0.75224494934082031,-0.66019999980926514
3279,1.6395000,-0.75150352716445923,-0.65969997644424438
3280,1.6400000,-0.75071781873703003,-0.6590999960899353
3281,1.6405000,-0.7498968243598938,-0.65850001573562622
3282,1.6410000,-0.74904978275299072,-0.65780001878738403
3283,1.6415000,-0.7481798529624939,-0.65710002183914185
3284,1.6420000,-0.74728798866271973,-0.65630000829696655
3285,1.6425000,-0.74637150764465332,-0.65549999475479126
3286,1.6430000,-0.74542605876922607,-0.65469998121261597
3287,1.6435000,-0.74445128440856934,-0.65390002727508545
3288,1.6440000,-0.74345636367797852,-0.65299999713897705
3289,1.6445000,-0.74245220422744751,-0.65210002660751343
3290,1.6450000,-0.74144095182418823,-0.65119999647140503
3291,1.6455000,-0.74042618274688721,-0.6502000093460083
3292,1.6460000,-0.73941117525100708,-0.64920002222061157
3293,1.6465000,-0.73839104175567627,-0.64819997549057007
3294,1.6470000,-0.73736298084259033,-0.64719998836517334
3295,1.6475000,-0.73633265495300293,-0.64620000123977661
3296,1.6480000,-0.73530101776123047,-0.64509999752044678
3297,1.6485000,-0.73426085710525513,-0.64399999380111694
3298,1.6490000,-0.73320651054382324,-0.64300000667572021
3299,1.6495000,-0.73213469982147217,-0.64190000295639038
3300,1.6500000,-0.73104912042617798,-0.64069998264312744
3301,1.6505000,-0.7299569845199585,-0.63959997892379761
3302,1.6510000,-0.72885674238204956,-0.63849997520446777
3303,1.6515000,-0.72774475812911987,-0.63739997148513794
3304,1.6520000,-0.72661751508712769,-0.63620001077651978
3305,1.6525000,-0.72547042369842529,-0.63510000705718994
3306,1.6530000,-0.72430086135864258,-0.633899986743927
3307,1.6535000,-0.72310739755630493,-0.63279998302459717
3308,1.6540000,-0.7218971848487854,-0.631600022315979
3309,1.6545000,-0.72067719697952271,-0.63050001859664917
3310,1.6550000,-0.71944272518157959,-0.62929999828338623
3311,1.6555000,-0.71819055080413818,-0.62809997797012329
3312,1.6560000,-0.71691638231277466,-0.62690001726150513
3313,1.6565000,-0.71560335159301758,-0.62569999694824219
3314,1.6570000,-0.71424150466918945,-0.62449997663497925
3315,1.6575000,-0.71283382177352905,-0.62330001592636108
3316,1.6580000,-0.71138495206832886,-0.62209999561309814
3317,1.6585000,-0.70989841222763062,-0.62089997529983521
3318,1.6590000,-0.70837306976318359,-0.61970001459121704
3319,1.6595000,-0.70680922269821167,-0.618399977684021
3320,1.6600000,-0.7052161693572998,-0.61710000038146973
3321,1.6605000,-0.70359992980957031,-0.61580002307891846
3322,1.6610000,-0.70195555686950684,-0.61449998617172241
3323,1.6615000,-0.7002834677696228,-0.61320000886917114
3324,1.6620000,-0.69859105348587036,-0.61180001497268677
3325,1.6625000,-0.69688183069229126,-0.61049997806549072
3326,1.6630000,-0.69515049457550049,-0.60909998416900635
3327,1.6635000,-0.69338935613632202,-0.60759997367858887
3328,1.6640000,-0.69159561395645142,-0.60610002279281616
3329,1.6645000,-0.68976527452468872,-0.60460001230239868
3330,1.6650000,-0.68789768218994141,-0.6031000018119812
3331,1.6655000,-0.68599820137023926,-0.60149997472763062
3332,1.6660000,-0.68407034873962402,-0.5999000072479248
3333,1.6665000,-0.68211239576339722,-0.59820002317428589
3334,1.6670000,-0.68011748790740967,-0.5964999794960022
3335,1.6675000,-0.67808640003204346,-0.59469997882843018
3336,1.6680000,-0.6760222315788269,-0.59289997816085815
3337,1.6685000,-0.67391574382781982,-0.59109997749328613
3338,1.6690000,-0.6717645525932312,-0.58920001983642578
3339,1.6695000,-0.66957920789718628,-0.58719998598098755
3340,1.6700000,-0.66736352443695068,-0.58520001173019409
3341,1.6705000,-0.66511279344558716,-0.58310002088546753
3342,1.6710000,-0.66282492876052856,-0.58099997043609619
3343,1.6715000,-0.66050297021865845,-0.57889997959136963
3344,1.6720000,-0.6581571102142334,-0.57660001516342163
3345,1.6725000,-0.65579468011856079,-0.57440000772476196
3346,1.6730000,-0.65341269969940186,-0.57209998369216919
3347,1.6735000,-0.65101271867752075,-0.56970000267028809
3348,1.6740000,-0.64860254526138306,-0.56730002164840698
3349,1.6745000,-0.64618617296218872,-0.56480002403259277
3350,1.6750000,-0.64376330375671387,-0.56230002641677856
3351,1.6755000,-0.64133316278457642,-0.55980002880096436
3352,1.6760000,-0.63890838623046875,-0.55720001459121704
3353,1.6765000,-0.63651001453399658,-0.55460000038146973
3354,1.6770000,-0.6341434121131897,-0.55190002918243408
3355,1.6775000,-0.63180363178253174,-0.54919999837875366
3356,1.6780000,-0.62949049472808838,-0.54650002717971802
3357,1.6785000,-0.62721031904220581,-0.5437999963760376
3358,1.6790000,-0.62496441602706909,-0.54100000858306885
3359,1.6795000,-0.62274646759033203,-0.5382000207901001
3360,1.6800000,-0.62055343389511108,-0.53539997339248657
3361,1.6805000,-0.6183815598487854,-0.53250002861022949
3362,1.6810000,-0.6162266731262207,-0.52969998121261597
3363,1.6815000,-0.61408752202987671,-0.52679997682571411
3364,1.6820000,-0.61196243762969971,-0.52399998903274536
3365,1.6825000,-0.60985016822814941,-0.52109998464584351
3366,1.6830000,-0.60775047540664673,-0.51819998025894165
3367,1.6835000,-0.60566794872283936,-0.5153999924659729
3368,1.6840000,-0.60361254215240479,-0.51249998807907104
3369,1.6845000,-0.6015896201133728,-0.50970000028610229
3370,1.6850000,-0.59959894418716431,-0.50690001249313354
3371,1.6855000,-0.59764117002487183,-0.50410002470016479
3372,1.6860000,-0.5957111120223999,-0.50129997730255127
3373,1.6865000,-0.59379720687866211,-0.49849998950958252
3374,1.6870000,-0.59189337491989136,-0.49579998850822449
3375,1.6875000,-0.58999902009963989,-0.49309998750686646
3376,1.6880000,-0.58811646699905396,-0.49039998650550842
3377,1.6885000,-0.58625257015228271,-0.48769998550415039
3378,1.6890000,-0.58441239595413208,-0.48510000109672546
3379,1.6895000,-0.58258974552154541,-0.48249998688697815
3380,1.6900000,-0.58077377080917358,-0.47999998927116394
3381,1.6905000,-0.57895660400390625,-0.47749999165534973
3382,1.6910000,-0.57713210582733154,-0.47499999403953552
3383,1.6915000,-0.57529854774475098,-0.47260001301765442
3384,1.6920000,-0.57344967126846313,-0.47020000219345093
3385,1.6925000,-0.57157391309738159,-0.46790000796318054
3386,1.6930000,-0.56966829299926758,-0.46560001373291016
3387,1.6935000,-0.56773513555526733,-0.46329998970031738
3388,1.6940000,-0.56577420234680176,-0.4611000120639801
3389,1.6945000,-0.56378465890884399,-0.45899999141693115
3390,1.6950000,-0.56176912784576416,-0.45680001378059387
3391,1.6955000,-0.55972784757614136,-0.45480000972747803
3392,1.6960000,-0.5576598048210144,-0.45269998908042908
3393,1.6965000,-0.55557060241699219,-0.45070001482963562
3394,1.6970000,-0.55346971750259399,-0.44870001077651978
3395,1.6975000,-0.55136674642562866,-0.44679999351501465
3396,1.6980000,-0.54926192760467529,-0.44490000605583191
3397,1.6985000,-0.54715186357498169,-0.44299998879432678
3398,1.6990000,-0.54504120349884033,-0.44119998812675476
3399,1.6995000,-0.54293274879455566,-0.43939998745918274
3400,1.7000000,-0.54082298278808594,-0.43759998679161072
3401,1.7005000,-0.5387120246887207,-0.4359000027179718
3402,1.7010000,-0.5366053581237793,-0.4341999888420105
3403,1.7015000,-0.53450471162796021,-0.43250000476837158
3404,1.7020000,-0.53240633010864258,-0.43079999089241028
3405,1.7025000,-0.53030622005462646,-0.42919999361038208
3406,1.7030000,-0.52820956707000732,-0.42750000953674316
3407,1.7035000,-0.52612411975860596,-0.42590001225471497
3408,1.7040000,-0.52404367923736572,-0.42429998517036438
3409,1.7045000,-0.52195745706558228,-0.42269998788833618
3410,1.7050000,-0.51986527442932129,-0.42109999060630798
3411,1.7055000,-0.51777315139770508,-0.41949999332427979
3412,1.7060000,-0.51568281650543213,-0.41800001263618469
3413,1.7065000,-0.51359069347381592,-0.41639998555183411
3414,1.7070000,-0.51150029897689819,-0.41479998826980591
3415,1.7075000,-0.50942033529281616,-0.41330000758171082
3416,1.7080000,-0.50735032558441162,-0.41170001029968262
3417,1.7085000,-0.50528460741043091,-0.41019999980926514
3418,1.7090000,-0.50322341918945312,-0.40860000252723694
3419,1.7095000,-0.50117230415344238,-0.40709999203681946
3420,1.7100000,-0.49913203716278076,-0.40549999475479126
3421,1.7105000,-0.49709731340408325,-0.40389999747276306
3422,1.7110000,-0.49507012963294983,-0.40239998698234558
3423,1.7115000,-0.49305829405784607,-0.40079998970031738
3424,1.7120000,-0.49105435609817505,-0.39919999241828918
3425,1.7125000,-0.48904216289520264,-0.39759999513626099
3426,1.7130000,-0.48701763153076172,-0.39599999785423279
3427,1.7135000,-0.48498514294624329,-0.39440000057220459
3428,1.7140000,-0.48294970393180847,-0.39280000329017639
3429,1.7145000,-0.48091408610343933,-0.39120000600814819
3430,1.7150000,-0.47888043522834778,-0.38960000872612
3431,1.7155000,-0.47685101628303528,-0.38789999485015869
3432,1.7160000,-0.47481650114059448,-0.38629999756813049
3433,1.7165000,-0.47276315093040466,-0.38460001349449158
3434,1.7170000,-0.47068819403648376,-0.38289999961853027
3435,1.7175000,-0.46859541535377502,-0.38119998574256897
3436,1.7180000,-0.46649262309074402,-0.37950000166893005
3437,1.7185000,-0.46438640356063843,-0.37779998779296875
3438,1.7190000,-0.46228021383285522,-0.37610000371932983
3439,1.7195000,-0.46017283201217651,-0.37439998984336853
3440,1.7200000,-0.45805785059928894,-0.37259998917579651
3441,1.7205000,-0.45593497157096863,-0.37090000510215759
3442,1.7210000,-0.4538109302520752,-0.36910000443458557
3443,1.7215000,-0.45169356465339661,-0.36730000376701355
3444,1.7220000,-0.44958433508872986,-0.36550000309944153
3445,1.7225000,-0.44748100638389587,-0.36370000243186951
3446,1.7230000,-0.44538441300392151,-0.36190000176429749
3447,1.7235000,-0.4432949423789978,-0.36010000109672546
3448,1.7240000,-0.44120603799819946,-0.35820001363754272
3449,1.7245000,-0.4391058087348938,-0.3564000129699707
3450,1.7250000,-0.43699204921722412,-0.35449999570846558
3451,1.7255000,-0.43487215042114258,-0.35260000824928284
3452,1.7260000,-0.43275326490402222,-0.35069999098777771
3453,1.7265000,-0.43063902854919434,-0.34880000352859497
3454,1.7270000,-0.42852762341499329,-0.34689998626708984
3455,1.7275000,-0.42641600966453552,-0.34490001201629639
3456,1.7280000,-0.42429974675178528,-0.34299999475479126
3457,1.7285000,-0.42217281460762024,-0.34110000729560852
3458,1.7290000,-0.42003524303436279,-0.33910000324249268
3459,1.7295000,-0.41789227724075317,-0.33709999918937683
3460,1.7300000,-0.41575068235397339,-0.33520001173019409
3461,1.7305000,-0.41361498832702637,-0.33320000767707825
3462,1.7310000,-0.41148415207862854,-0.3312000036239624
3463,1.7315000,-0.4093584418296814,-0.32919999957084656
3464,1.7320000,-0.40724140405654907,-0.32719999551773071
3465,1.7325000,-0.40513363480567932,-0.32519999146461487
3466,1.7330000,-0.40303584933280945,-0.32319998741149902
3467,1.7335000,-0.40095013380050659,-0.32120001316070557
3468,1.7340000,-0.39887592196464539,-0.31929999589920044
3469,1.7345000,-0.39681309461593628,-0.31729999184608459
3470,1.7350000,-0.39476123452186584,-0.31529998779296875
3471,1.7355000,-0.39272084832191467,-0.31330001354217529
3472,1.7360000,-0.39068657159805298,-0.31130000948905945
3473,1.7365000,-0.38864630460739136,-0.3093000054359436
3474,1.7370000,-0.38659840822219849,-0.30739998817443848
3475,1.7375000,-0.38454627990722656,-0.30540001392364502
3476,1.7380000,-0.38249030709266663,-0.30349999666213989
3477,1.7385000,-0.38043105602264404,-0.30149999260902405
3478,1.7390000,-0.37836989760398865,-0.29960000514984131
3479,1.7395000,-0.37631011009216309,-0.29769998788833618
3480,1.7400000,-0.37424835562705994,-0.29580000042915344
3481,1.7405000,-0.37217861413955688,-0.29399999976158142
3482,1.7410000,-0.37010374665260315,-0.29210001230239868
3483,1.7415000,-0.36802688241004944,-0.29030001163482666
3484,1.7420000,-0.3659476637840271,-0.28850001096725464
3485,1.7425000,-0.36386749148368835,-0.28670001029968262
3486,1.7430000,-0.36179041862487793,-0.2849000096321106
3487,1.7435000,-0.35972025990486145,-0.28319999575614929
3488,1.7440000,-0.35765069723129272,-0.28150001168251038
3489,1.7445000,-0.35557129979133606,-0.27979999780654907
3490,1.7450000,-0.35348081588745117,-0.27810001373291016
3491,1.7455000,-0.35138207674026489,-0.27649998664855957
3492,1.7460000,-0.34927904605865479,-0.27489998936653137
3493,1.7465000,-0.34717604517936707,-0.27329999208450317
3494,1.7470000,-0.34507685899734497,-0.27180001139640808
3495,1.7475000,-0.34298759698867798,-0.2703000009059906
3496,1.7480000,-0.34091317653656006,-0.26879999041557312
3497,1.7485000,-0.33885470032691956,-0.26739999651908875
3498,1.7490000,-0.33681389689445496,-0.26589998602867126
3499,1.7495000,-0.33479374647140503,-0.26449999213218689
3500,1.7500000,-0.33279523253440857,-0.26320001482963562
3501,1.7505000,-0.33081936836242676,-0.26179999113082886
3502,1.7510000,-0.32886472344398499,-0.26050001382827759
3503,1.7515000,-0.32692906260490417,-0.25929999351501465
3504,1.7520000,-0.32500839233398438,-0.25799998641014099
3505,1.7525000,-0.32309389114379883,-0.25679999589920044
3506,1.7530000,-0.32118216156959534,-0.25560000538825989
3507,1.7535000,-0.3192761242389679,-0.25440001487731934
3508,1.7540000,-0.3173794150352478,-0.2533000111579895
3509,1.7545000,-0.31549331545829773,-0.25209999084472656
3510,1.7550000,-0.31361746788024902,-0.25099998712539673
3511,1.7555000,-0.31175240874290466,-0.24989999830722809
3512,1.7560000,-0.30989572405815125,-0.24889999628067017
3513,1.7565000,-0.30804643034934998,-0.24779999256134033
3514,1.7570000,-0.30620893836021423,-0.24670000374317169
3515,1.7575000,-0.30438601970672607,-0.24570000171661377
3516,1.7580000,-0.30257788300514221,-0.24469999969005585
3517,1.7585000,-0.30078458786010742,-0.24369999766349792
3518,1.7590000,-0.29900738596916199,-0.24269999563694
3519,1.7595000,-0.29724717140197754,-0.24169999361038208
3520,1.7600000,-0.2955041229724884,-0.24070000648498535
3521,1.7605000,-0.29378241300582886,-0.23970000445842743
3522,1.7610000,-0.29208511114120483,-0.23870000243186951
3523,1.7615000,-0.29041355848312378,-0.23770000040531158
3524,1.7620000,-0.28876805305480957,-0.23680000007152557
3525,1.7625000,-0.28714510798454285,-0.23579999804496765
3526,1.7630000,-0.28554561734199524,-0.23479999601840973
3527,1.7635000,-0.28397271037101746,-0.23379999399185181
3528,1.7640000,-0.28242361545562744,-0.23280000686645508
3529,1.7645000,-0.28089576959609985,-0.23180000483989716
3530,1.7650000,-0.27939090132713318,-0.23080000281333923
3531,1.7655000,-0.27791157364845276,-0.2296999990940094
3532,1.7660000,-0.27645736932754517,-0.22869999706745148
3533,1.7665000,-0.27502539753913879,-0.22769999504089355
3534,1.7670000,-0.27361544966697693,-0.22660000622272491
3535,1.7675000,-0.27222812175750732,-0.22550000250339508
3536,1.7680000,-0.27085950970649719,-0.22450000047683716
3537,1.7685000,-0.26950478553771973,-0.22339999675750732
3538,1.7690000,-0.26816222071647644,-0.22229999303817749
3539,1.7695000,-0.26683288812637329,-0.22120000422000885
3540,1.7700000,-0.26551905274391174,-0.22010000050067902
3541,1.7705000,-0.26421931385993958,-0.21899999678134918
3542,1.7710000,-0.26293104887008667,-0.21780000627040863
3543,1.7715000,-0.26165401935577393,-0.2167000025510788
3544,1.7720000,-0.26038664579391479,-0.21559999883174896
3545,1.7725000,-0.25912687182426453,-0.21439999341964722
3546,1.7730000,-0.2578742504119873,-0.21330000460147858
3547,1.7735000,-0.25662922859191895,-0.21209999918937683
3548,1.7740000,-0.25539237260818481,-0.21089999377727509
3549,1.7745000,-0.25416162610054016,-0.20970000326633453
3550,1.7750000,-0.25293460488319397,-0.2085999995470047
3551,1.7755000,-0.25171232223510742,-0.20739999413490295
3552,1.7760000,-0.25049659609794617,-0.2062000036239624
3553,1.7765000,-0.24928827583789825,-0.20499999821186066
3554,1.7770000,-0.24808706343173981,-0.20389999449253082
3555,1.7775000,-0.24689313769340515,-0.20270000398159027
3556,1.7780000,-0.24570861458778381,-0.20149999856948853
3557,1.7785000,-0.24453400075435638,-0.20039999485015869
3558,1.7790000,-0.24336658418178558,-0.19920000433921814
3559,1.7795000,-0.24220405519008636,-0.19810000061988831
3560,1.7800000,-0.24104590713977814,-0.19689999520778656
3561,1.7805000,-0.23989112675189972,-0.19580000638961792
3562,1.7810000,-0.2387375682592392,-0.19470000267028809
3563,1.7815000,-0.23758625984191895,-0.19359999895095825
3564,1.7820000,-0.23644249141216278,-0.19249999523162842
3565,1.7825000,-0.2353082150220871,-0.19140000641345978
3566,1.7830000,-0.23418043553829193,-0.19030000269412994
3567,1.7835000,-0.23305699229240417,-0.18919999897480011
3568,1.7840000,-0.2319408506155014,-0.18819999694824219
3569,1.7845000,-0.23083893954753876,-0.18719999492168427
3570,1.7850000,-0.22975440323352814,-0.18619999289512634
3571,1.7855000,-0.2286870926618576,-0.18520000576972961
3572,1.7860000,-0.22763924300670624,-0.18420000374317169
3573,1.7865000,-0.22661148011684418,-0.18330000340938568
3574,1.7870000,-0.22560176253318787,-0.18230000138282776
3575,1.7875000,-0.22460602223873138,-0.18140000104904175
3576,1.7880000,-0.22361789643764496,-0.18060000240802765
3577,1.7885000,-0.22263398766517639,-0.17970000207424164
3578,1.7890000,-0.22165441513061523,-0.17890000343322754
3579,1.7895000,-0.22068186104297638,-0.17810000479221344
3580,1.7900000,-0.21971991658210754,-0.17730000615119934
3581,1.7905000,-0.21876847743988037,-0.17659999430179596
3582,1.7910000,-0.21782571077346802,-0.17589999735355377
3583,1.7915000,-0.21688832342624664,-0.17520000040531158
3584,1.7920000,-0.21595443785190582,-0.1745000034570694
3585,1.7925000,-0.2150270938873291,-0.17389999330043793
3586,1.7930000,-0.21410846710205078,-0.17329999804496765
3587,1.7935000,-0.21320164203643799,-0.17270000278949738
3588,1.7940000,-0.21231132745742798,-0.17219999432563782
3589,1.7945000,-0.21143651008605957,-0.17170000076293945
3590,1.7950000,-0.21057374775409698,-0.17120000720024109
3591,1.7955000,-0.20972007513046265,-0.17069999873638153
3592,1.7960000,-0.20886799693107605,-0.17030000686645508
3593,1.7965000,-0.20800894498825073,-0.17000000178813934
3594,1.7970000,-0.20714065432548523,-0.1695999950170517
3595,1.7975000,-0.2062666267156601,-0.16930000483989716
3596,1.7980000,-0.20538964867591858,-0.16899999976158142
3597,1.7985000,-0.2045103907585144,-0.16869999468326569
3598,1.7990000,-0.20363068580627441,-0.16850000619888306
3599,1.7995000,-0.20275001227855682,-0.16830000281333923
3600,1.8000000,-0.20186787843704224,-0.16809999942779541
3601,1.8005000,-0.20098964869976044,-0.16789999604225159
3602,1.8010000,-0.20011989772319794,-0.16779999434947968
3603,1.8015000,-0.19926001131534576,-0.16769999265670776
3604,1.8020000,-0.19841043651103973,-0.16760000586509705
3605,1.8025000,-0.19757156074047089,-0.16750000417232513
3606,1.8030000,-0.19674533605575562,-0.16750000417232513
3607,1.8035000,-0.19593015313148499,-0.16740000247955322
3608,1.8040000,-0.19512225687503815,-0.16740000247955322
3609,1.8045000,-0.19432260096073151,-0.16740000247955322
3610,1.8050000,-0.19353297352790833,-0.16740000247955322
3611,1.8055000,-0.19275346398353577,-0.16730000078678131
3612,1.8060000,-0.19198256731033325,-0.16740000247955322
3613,1.8065000,-0.19121949374675751,-0.16740000247955322
3614,1.8070000,-0.19046716392040253,-0.16740000247955322
3615,1.8075000,-0.18972612917423248,-0.16740000247955322
3616,1.8080000,-0.18899612128734589,-0.16730000078678131
3617,1.8085000,-0.18828018009662628,-0.16730000078678131
3618,1.8090000,-0.18757845461368561,-0.16730000078678131
3619,1.8095000,-0.18688774108886719,-0.16730000078678131
3620,1.8100000,-0.18620575964450836,-0.1671999990940094
3621,1.8105000,-0.18553268909454346,-0.16709999740123749
3622,1.8110000,-0.18487022817134857,-0.16699999570846558
3623,1.8115000,-0.18421517312526703,-0.16689999401569366
3624,1.8120000,-0.18356242775917053,-0.16680000722408295
3625,1.8125000,-0.18291376531124115,-0.16660000383853912
3626,1.8130000,-0.18227145075798035,-0.1664000004529953
3627,1.8135000,-0.18163461983203888,-0.16609999537467957
3628,1.8140000,-0.18100300431251526,-0.16590000689029694
3629,1.8145000,-0.18037611246109009,-0.1656000018119812
3630,1.8150000,-0.17975582182407379,-0.16519999504089355
3631,1.8155000,-0.17914412915706635,-0.1648000031709671
3632,1.8160000,-0.1785348653793335,-0.16439999639987946
3633,1.8165000,-0.17791834473609924,-0.16390000283718109
3634,1.8170000,-0.177291139960289,-0.16339999437332153
3635,1.8175000,-0.17665523290634155,-0.16279999911785126
3636,1.8180000,-0.17601218819618225,-0.16220000386238098
3637,1.8185000,-0.1753598153591156,-0.16159999370574951
3638,1.8190000,-0.1746985912322998,-0.16089999675750732
3639,1.8195000,-0.17403218150138855,-0.16009999811649323
3640,1.8200000,-0.17335854470729828,-0.15929999947547913
3641,1.8205000,-0.17267422378063202,-0.15850000083446503
3642,1.8210000,-0.17197857797145844,-0.15760000050067902
3643,1.8215000,-0.1712706983089447,-0.15670000016689301
3644,1.8220000,-0.17054934799671173,-0.15569999814033508
3645,1.8225000,-0.16981510818004608,-0.15469999611377716
3646,1.8230000,-0.16907294094562531,-0.15369999408721924
3647,1.8235000,-0.16832719743251801,-0.1526000052690506
3648,1.8240000,-0.16757407784461975,-0.15150000154972076
3649,1.8245000,-0.1668066680431366,-0.15029999613761902
3650,1.8250000,-0.16602465510368347,-0.14910000562667847
3651,1.8255000,-0.1652304083108902,-0.14790000021457672
3652,1.8260000,-0.16442343592643738,-0.14669999480247498
3653,1.8265000,-0.16360516846179962,-0.14540000259876251
3654,1.8270000,-0.16278032958507538,-0.14419999718666077
3655,1.8275000,-0.1619524210691452,-0.1429000049829483
3656,1.8280000,-0.1611219197511673,-0.14159999787807465
3657,1.8285000,-0.1602884829044342,-0.14030000567436218
3658,1.8290000,-0.15945261716842651,-0.13899999856948853
3659,1.8295000,-0.15861468017101288,-0.13760000467300415
3660,1.8300000,-0.15777565538883209,-0.13629999756813049
3661,1.8305000,-0.15693856775760651,-0.13500000536441803
3662,1.8310000,-0.15610674023628235,-0.13369999825954437
3663,1.8315000,-0.15528064966201782,-0.13240000605583191
3664,1.8320000,-0.15445800125598907,-0.13109999895095825
3665,1.8325000,-0.15363575518131256,-0.12989999353885651
3666,1.8330000,-0.15281301736831665,-0.12860000133514404
3667,1.8335000,-0.15199163556098938,-0.1273999959230423
3668,1.8340000,-0.15117217600345612,-0.12620000541210175
3669,1.8345000,-0.15035749971866608,-0.12510000169277191
3670,1.8350000,-0.14955270290374756,-0.12399999797344208
3671,1.8355000,-0.14875859022140503,-0.12290000170469284
3672,1.8360000,-0.14796952903270721,-0.12179999798536301
3673,1.8365000,-0.1471741795539856,-0.12080000340938568
3674,1.8370000,-0.14636693894863129,-0.11980000138282776
3675,1.8375000,-0.14555028080940247,-0.11890000104904175
3676,1.8380000,-0.14472648501396179,-0.11800000071525574
3677,1.8385000,-0.14389839768409729,-0.11720000207424164
3678,1.8390000,-0.14306835830211639,-0.11640000343322754
3679,1.8395000,-0.14223623275756836,-0.11559999734163284
3680,1.8400000,-0.14140085875988007,-0.11490000039339066
3681,1.8405000,-0.14055995643138885,-0.11429999768733978
3682,1.8410000,-0.13971184194087982,-0.11370000243186951
3683,1.8415000,-0.13885577023029327,-0.11309999972581863
3684,1.8420000,-0.13799150288105011,-0.11259999871253967
3685,1.8425000,-0.13712136447429657,-0.11209999769926071
3686,1.8430000,-0.13624727725982666,-0.11169999837875366
3687,1.8435000,-0.13536831736564636,-0.11129999905824661
3688,1.8440000,-0.13448573648929596,-0.11100000143051147
3689,1.8445000,-0.13360273838043213,-0.11069999635219574
3690,1.8450000,-0.13272002339363098,-0.1103999987244606
3691,1.8455000,-0.13183584809303284,-0.11020000278949738
3692,1.8460000,-0.13094952702522278,-0.10999999940395355
3693,1.8465000,-0.13006278872489929,-0.10980000346899033
3694,1.8470000,-0.12917602062225342,-0.10970000177621841
3695,1.8475000,-0.12828853726387024,-0.1096000000834465
3696,1.8480000,-0.12740209698677063,-0.10949999839067459
3697,1.8485000,-0.12651875615119934,-0.10939999669790268
3698,1.8490000,-0.12563838064670563,-0.10930000245571136
3699,1.8495000,-0.12475990504026413,-0.10920000076293945
3700,1.8500000,-0.1238836944103241,-0.10920000076293945
3701,1.8505000,-0.1230110228061676,-0.10909999907016754
3702,1.8510000,-0.12214183807373047,-0.10909999907016754
3703,1.8515000,-0.12127567082643509,-0.10909999907016754
3704,1.8520000,-0.12041303515434265,-0.10899999737739563
3705,1.8525000,-0.11955440789461136,-0.10890000313520432
3706,1.8530000,-0.11870011687278748,-0.10890000313520432
3707,1.8535000,-0.11784989386796951,-0.1088000014424324
3708,1.8540000,-0.11700202524662018,-0.10869999974966049
3709,1.8545000,-0.11615601181983948,-0.10859999805688858
3710,1.8550000,-0.11531250178813934,-0.10840000212192535
3711,1.8555000,-0.11447140574455261,-0.10830000042915344
3712,1.8560000,-0.11363387852907181,-0.10809999704360962
3713,1.8565000,-0.11280000954866409,-0.10779999941587448
3714,1.8570000,-0.11196765303611755,-0.10760000348091125
3715,1.8575000,-0.11113648116588593,-0.10729999840259552
3716,1.8580000,-0.11030676960945129,-0.10700000077486038
3717,1.8585000,-0.10947699844837189,-0.10670000314712524
3718,1.8590000,-0.1086452305316925,-0.1062999963760376
3719,1.8595000,-0.10781260579824448,-0.10589999705553055
3720,1.8600000,-0.10698124021291733,-0.10540000349283218
3721,1.8605000,-0.10614844411611557,-0.10490000247955322
3722,1.8610000,-0.10531210154294968,-0.10440000146627426
3723,1.8615000,-0.10447315871715546,-0.1039000004529953
3724,1.8620000,-0.1036296933889389,-0.10329999774694443
3725,1.8625000,-0.10277959704399109,-0.10270000249147415
3726,1.8630000,-0.10192443430423737,-0.10209999978542328
3727,1.8635000,-0.1010657325387001,-0.10140000283718109
3728,1.8640000,-0.10020250082015991,-0.10069999843835831
3729,1.8645000,-0.099332921206951141,-0.10000000149011612
3730,1.8650000,-0.098457001149654388,-0.09920000284910202
3731,1.8655000,-0.09757668524980545,-0.098399996757507324
3732,1.8660000,-0.096692688763141632,-0.097599998116493225
3733,1.8665000,-0.095804311335086823,-0.096799999475479126
3734,1.8670000,-0.094913028180599213,-0.096000000834465027
3735,1.8675000,-0.09402165561914444,-0.095100000500679016
3736,1.8680000,-0.093132361769676208,-0.094200000166893005
3737,1.8685000,-0.092248067259788513,-0.093400001525878906
3738,1.8690000,-0.091372236609458923,-0.092500001192092896
3739,1.8695000,-0.090506523847579956,-0.091600000858306885
3740,1.8700000,-0.089647844433784485,-0.090700000524520874
3741,1.8705000,-0.088794134557247162,-0.089699998497962952
3742,1.8710000,-0.087947927415370941,-0.088799998164176941
3743,1.8715000,-0.087109550833702087,-0.08789999783039093
3744,1.8720000,-0.086277909576892853,-0.086999997496604919
3745,1.8725000,-0.085454210638999939,-0.086099997162818909
3746,1.8730000,-0.084639795124530792,-0.085199996829032898
3747,1.8735000,-0.083833463490009308,-0.084299996495246887
3748,1.8740000,-0.083031482994556427,-0.083400003612041473
3749,1.8745000,-0.082230545580387115,-0.082500003278255463
3750,1.8750000,-0.081431053578853607,-0.081600002944469452
3751,1.8755000,-0.080634810030460358,-0.080700002610683441
3752,1.8760000,-0.079841598868370056,-0.07980000227689743
3753,1.8765000,-0.079053349792957306,-0.07890000194311142
3754,1.8770000,-0.0782732293009758,-0.078100003302097321
3755,1.8775000,-0.0774993896484375,-0.07720000296831131
3756,1.8780000,-0.076726682484149933,-0.076300002634525299
3757,1.8785000,-0.075954027473926544,-0.075499996542930603
3758,1.8790000,-0.075184836983680725,-0.074699997901916504
3759,1.8795000,-0.074418678879737854,-0.073799997568130493
3760,1.8800000,-0.073654845356941223,-0.072999998927116394
3761,1.8805000,-0.072899468243122101,-0.072200000286102295
3762,1.8810000,-0.072156555950641632,-0.071299999952316284
3763,1.8815000,-0.071421720087528229,-0.070500001311302185
3764,1.8820000,-0.070690974593162537,-0.069700002670288086
3765,1.8825000,-0.069966129958629608,-0.06889999657869339
3766,1.8830000,-0.06924864649772644,-0.068000003695487976
3767,1.8835000,-0.068536639213562012,-0.06719999760389328
3768,1.8840000,-0.067831657826900482,-0.066399998962879181
3769,1.8845000,-0.067141339182853699,-0.06549999862909317
3770,1.8850000,-0.066470488905906677,-0.064599998295307159
3771,1.8855000,-0.065815836191177368,-0.06379999965429306
3772,1.8860000,-0.065172597765922546,-0.06289999932050705
3773,1.8865000,-0.064540781080722809,-0.061999998986721039
3774,1.8870000,-0.063920557498931885,-0.061099998652935028
3775,1.8875000,-0.063308484852313995,-0.060199998319149017
3776,1.8880000,-0.062704041600227356,-0.059300001710653305
3777,1.8885000,-0.062112569808959961,-0.058299999684095383
3778,1.8890000,-0.061537619680166245,-0.057399999350309372
3779,1.8895000,-0.060976732522249222,-0.056400001049041748
3780,1.8900000,-0.060426495969295502,-0.055399999022483826
3781,1.8905000,-0.059886481612920761,-0.054400000721216202
3782,1.8910000,-0.059356529265642166,-0.053300000727176666
3783,1.8915000,-0.058835078030824661,-0.052299998700618744
3784,1.8920000,-0.058321092277765274,-0.051199998706579208
3785,1.8925000,-0.057814978063106537,-0.050099998712539673
3786,1.8930000,-0.057317674160003662,-0.048999998718500137
3787,1.8935000,-0.056828256696462631,-0.047899998724460602
3788,1.8940000,-0.056344758719205856,-0.046799998730421066
3789,1.8945000,-0.05586734414100647,-0.045600000768899918
3790,1.8950000,-0.055397190153598785,-0.044500000774860382
3791,1.8955000,-0.054933354258537292,-0.043299999088048935
3792,1.8960000,-0.054473642259836197,-0.042199999094009399
3793,1.8965000,-0.054016940295696259,-0.041000001132488251
3794,1.8970000,-0.053563028573989868,-0.039799999445676804
3795,1.8975000,-0.053110908716917038,-0.038600001484155655
3796,1.8980000,-0.052659455686807632,-0.037500001490116119
3797,1.8985000,-0.052209801971912384,-0.036299999803304672
3798,1.8990000,-0.051762629300355911,-0.035100001841783524
3799,1.8995000,-0.051314964890480042,-0.033900000154972076
3800,1.9000000,-0.050863925367593765,-0.032800000160932541
3801,1.9005000,-0.050409715622663498,-0.031599998474121094
3802,1.9010000,-0.049954041838645935,-0.030500000342726707
3803,1.9015000,-0.049497939646244049,-0.02930000051856041
3804,1.9020000,-0.049040582031011581,-0.028200000524520874
3805,1.9025000,-0.048581443727016449,-0.027100000530481339
3806,1.9030000,-0.048120640218257904,-0.026100000366568565
3807,1.9035000,-0.047655995935201645,-0.02500000037252903
3808,1.9040000,-0.047188270837068558,-0.024000000208616257
3809,1.9045000,-0.046722404658794403,-0.023000000044703484
3810,1.9050000,-0.046260617673397064,-0.02199999988079071
3811,1.9055000,-0.04580317810177803,-0.0210999995470047
3812,1.9060000,-0.045349933207035065,-0.020199999213218689
3813,1.9065000,-0.044900480657815933,-0.019300000742077827
3814,1.9070000,-0.044453956186771393,-0.018400000408291817
3815,1.9075000,-0.044007971882820129,-0.017599999904632568
3816,1.9080000,-0.043561965227127075,-0.01679999940097332
3817,1.9085000,-0.043116789311170578,-0.016100000590085983
3818,1.9090000,-0.042671121656894684,-0.015300000086426735
3819,1.9095000,-0.042222712188959122,-0.014600000344216824
3820,1.9100000,-0.041770689189434052,-0.014000000432133675
3821,1.9105000,-0.041315779089927673,-0.013299999758601189
3822,1.9110000,-0.040856651961803436,-0.01269999984651804
3823,1.9115000,-0.040390249341726303,-0.012199999764561653
3824,1.9120000,-0.039916321635246277,-0.011599999852478504
3825,1.9125000,-0.039435382932424545,-0.011099999770522118
3826,1.9130000,-0.038946028798818588,-0.010599999688565731
3827,1.9135000,-0.038445260375738144,-0.010200000368058681
3828,1.9140000,-0.037931103259325027,-0.0097000002861022949
3829,1.9145000,-0.037405148148536682,-0.0093000000342726707
3830,1.9150000,-0.036867666989564896,-0.0088999997824430466
3831,1.9155000,-0.036316338926553726,-0.0086000002920627594
3832,1.9160000,-0.035748206079006195,-0.0082000000402331352
3833,1.9165000,-0.035159643739461899,-0.0078999996185302734
3834,1.9170000,-0.034549646079540253,-0.0076000001281499863
3835,1.9175000,-0.033917699009180069,-0.0071999998763203621
3836,1.9180000,-0.033264234662055969,-0.0070000002160668373
3837,1.9185000,-0.032592814415693283,-0.0066999997943639755
3838,1.9190000,-0.031905069947242737,-0.006399999838322401
3839,1.9195000,-0.03120003268122673,-0.0060999998822808266
3840,1.9200000,-0.030478611588478088,-0.0057999999262392521
3841,1.9205000,-0.029744969680905342,-0.00559999980032444
3842,1.9210000,-0.02900281548500061,-0.0052999998442828655
3843,1.9215000,-0.028251880779862404,-0.004999999888241291
3844,1.9220000,-0.027491478249430656,-0.0046999999321997166
3845,1.9225000,-0.026724129915237427,-0.0043999999761581421
3846,1.9230000,-0.025951240211725235,-0.0041000000201165676
3847,1.9235000,-0.025171652436256409,-0.0038000000640749931
3848,1.9240000,-0.024386730045080185,-0.0035000001080334187
3849,1.9245000,-0.023599835112690926,-0.0031999999191612005
3850,1.9250000,-0.022811224684119225,-0.002899999963119626
3851,1.9255000,-0.022018888965249062,-0.0024999999441206455
3852,1.9260000,-0.021223349496722221,-0.002199999988079071
3853,1.9265000,-0.020427163690328598,-0.0017999999690800905
3854,1.9270000,-0.019630687311291695,-0.00139999995008111
3855,1.9275000,-0.018832452595233917,-0.0010000000474974513
3856,1.9280000,-0.018033621832728386,-0.00060000002849847078
3857,1.9285000,-0.017237789928913116,-0.00019999999494757503
3858,1.9290000,-0.016446676105260849,0.00030000001424923539
3859,1.9295000,-0.015660226345062256,0.000699999975040555
3860,1.9300000,-0.014877236448228359,0.0012000000569969416
3861,1.9305000,-0.014096162281930447,0.0017000000225380063
3862,1.9310000,-0.013317239470779896,0.002199999988079071
3863,1.9315000,-0.01254226453602314,0.00279999990016222
3864,1.9320000,-0.011773972772061825,0.0032999999821186066
3865,1.9325000,-0.011015232652425766,0.0038999998942017555
3866,1.9330000,-0.010267768055200577,0.0043999999761581421
3867,1.9335000,-0.0095314346253871918,0.004999999888241291
3868,1.9340000,-0.0088038118556141853,0.00559999980032444
3869,1.9345000,-0.008082270622253418,0.0062000001780688763
3870,1.9350000,-0.007367781363427639,0.0068000000901520252
3871,1.9355000,-0.0066630044020712376,0.0074999998323619366
3872,1.9360000,-0.0059694349765777588,0.0081000002101063728
3873,1.9365000,-0.0052880160510540009,0.0087999999523162842
3874,1.9370000,-0.0046192021109163761,0.0093999998643994331
3875,1.9375000,-0.0039624595083296299,0.010099999606609344
3876,1.9380000,-0.0033157709985971451,0.010700000450015068
3877,1.9385000,-0.0026767870876938105,0.011400000192224979
3878,1.9390000,-0.0020461147651076317,0.012000000104308128
3879,1.9395000,-0.0014266713988035917,0.01269999984651804
3880,1.9400000,-0.00082013173960149288,0.013299999758601189
3881,1.9405000,-0.0002266918309032917,0.014000000432133675
3882,1.9410000,0.00035480526275932789,0.014600000344216824
3883,1.9415000,0.00092548481188714504,0.015300000086426735
3884,1.9420000,0.0014858762733638287,0.015900000929832458
3885,1.9425000,0.0020377300679683685,0.016499999910593033
3886,1.9430000,0.0025807106867432594,0.017100000753998756
3887,1.9435000,0.0031123117078095675,0.017699999734759331
3888,1.9440000,0.0036332285962998867,0.018300000578165054
3889,1.9445000,0.0041457582265138626,0.018899999558925629
3890,1.9450000,0.0046514552086591721,0.01940000057220459
3891,1.9455000,0.0051508028991520405,0.019999999552965164
3892,1.9460000,0.0056435214355587959,0.020500000566244125
3893,1.9465000,0.0061300718225538731,0.020999999716877937
3894,1.9470000,0.0066095138899981976,0.021500000730156898
3895,1.9475000,0.0070802336558699608,0.021900000050663948
3896,1.9480000,0.0075438083149492741,0.02239999920129776
3897,1.9485000,0.008002283051609993,0.022800000384449959
3898,1.9490000,0.0084568001329898834,0.023199999704957008
3899,1.9495000,0.0089093148708343506,0.023499999195337296
3900,1.9500000,0.0093595432117581367,0.023900000378489494
3901,1.9505000,0.0098058274015784264,0.024199999868869781
3902,1.9510000,0.010248139500617981,0.024499999359250069
3903,1.9515000,0.010687140747904778,0.024800000712275505
3904,1.9520000,0.01112383883446455,0.02500000037252903
3905,1.9525000,0.011558249592781067,0.025200000032782555
3906,1.9530000,0.011990772560238838,0.025399999693036079
3907,1.9535000,0.012424840591847897,0.025599999353289604
3908,1.9540000,0.01286154892295599,0.025699999183416367
3909,1.9545000,0.013299079611897469,0.025900000706315041
3910,1.9550000,0.013738070614635944,0.026000000536441803
3911,1.9555000,0.014179199002683163,0.026000000536441803
3912,1.9560000,0.014621351845562458,0.026100000366568565
3913,1.9565000,0.015063104219734669,0.026100000366568565
3914,1.9570000,0.015502754598855972,0.026200000196695328
3915,1.9575000,0.015941023826599121,0.026200000196695328
3916,1.9580000,0.016379706561565399,0.026200000196695328
3917,1.9585000,0.016819285228848457,0.026100000366568565
3918,1.9590000,0.017260717228055,0.026100000366568565
3919,1.9595000,0.01770373247563839,0.026000000536441803
3920,1.9600000,0.018145745620131493,0.026000000536441803
3921,1.9605000,0.018583089113235474,0.025900000706315041
3922,1.9610000,0.019012954086065292,0.025800000876188278
3923,1.9615000,0.019436238333582878,0.025699999183416367
3924,1.9620000,0.01985463872551918,0.025699999183416367
3925,1.9625000,0.02026943676173687,0.025599999353289604
3926,1.9630000,0.020682498812675476,0.025499999523162842
3927,1.9635000,0.021092534065246582,0.025399999693036079
3928,1.9640000,0.0214987862855196,0.025299999862909317
3929,1.9645000,0.021902717649936676,0.025200000032782555
3930,1.9650000,0.022304482758045197,0.025200000032782555
3931,1.9655000,0.022704446688294411,0.025100000202655792
3932,1.9660000,0.023102007806301117,0.02500000037252903
3933,1.9665000,0.023498453199863434,0.02500000037252903
3934,1.9670000,0.023898046463727951,0.02500000037252903
3935,1.9675000,0.024300098419189453,0.02500000037252903
3936,1.9680000,0.024702737107872963,0.024900000542402267
3937,1.9685000,0.025107374414801598,0.02500000037252903
3938,1.9690000,0.025514602661132812,0.02500000037252903
3939,1.9695000,0.025924406945705414,0.02500000037252903
3940,1.9700000,0.026336140930652618,0.025100000202655792
3941,1.9705000,0.026750665158033371,0.025200000032782555
3942,1.9710000,0.027171934023499489,0.025299999862909317
3943,1.9715000,0.027600949630141258,0.025399999693036079
3944,1.9720000,0.028034266084432602,0.025499999523162842
3945,1.9725000,0.028469853103160858,0.025699999183416367
3946,1.9730000,0.028908222913742065,0.025900000706315041
3947,1.9735000,0.029348660260438919,0.026100000366568565
3948,1.9740000,0.029789438471198082,0.02630000002682209
3949,1.9745000,0.03023134358227253,0.026499999687075615
3950,1.9750000,0.030677948147058487,0.026799999177455902
3951,1.9755000,0.031131183728575706,0.027000000700354576
3952,1.9760000,0.0315900519490242,0.027300000190734863
3953,1.9765000,0.032054003328084946,0.02759999968111515
3954,1.9770000,0.032521292567253113,0.027899999171495438
3955,1.9775000,0.032988324761390686,0.028300000354647636
3956,1.9780000,0.033453598618507385,0.028599999845027924
3957,1.9785000,0.033919200301170349,0.028999999165534973
3958,1.9790000,0.034388788044452667,0.02930000051856041
3959,1.9795000,0.034863267093896866,0.029699999839067459
3960,1.9800000,0.035340745002031326,0.030099999159574509
3961,1.9805000,0.035820759832859039,0.030500000342726707
3962,1.9810000,0.036303844302892685,0.030899999663233757
3963,1.9815000,0.036788523197174072,0.031300000846385956
3964,1.9820000,0.037272311747074127,0.031700000166893005
3965,1.9825000,0.037754412740468979,0.032099999487400055
3966,1.9830000,0.038236774504184723,0.032600000500679016
3967,1.9835000,0.038720645010471344,0.032999999821186066
3968,1.9840000,0.039204727858304977,0.033399999141693115
3969,1.9845000,0.03968772292137146,0.033799998462200165
3970,1.9850000,0.040169745683670044,0.034200001507997513
3971,1.9855000,0.040651760995388031,0.034600000828504562
3972,1.9860000,0.041132882237434387,0.035000000149011612
3973,1.9865000,0.041611198335886002,0.035399999469518661
3974,1.9870000,0.042087055742740631,0.035700000822544098
3975,1.9875000,0.042560052126646042,0.036100000143051147
3976,1.9880000,0.043028350919485092,0.036400001496076584
3977,1.9885000,0.043492577970027924,0.036800000816583633
3978,1.9890000,0.04395400732755661,0.037099998444318771
3979,1.9895000,0.044413227587938309,0.037399999797344208
3980,1.9900000,0.044869203120470047,0.037700001150369644
3981,1.9905000,0.045319035649299622,0.037999998778104782
3982,1.9910000,0.045763585716485977,0.038300000131130219
3983,1.9915000,0.046204105019569397,0.038499999791383743
3984,1.9920000,0.046638663858175278,0.038699999451637268
3985,1.9925000,0.047068241983652115,0.039000000804662704
3986,1.9930000,0.047495272010564804,0.039200000464916229
3987,1.9935000,0.047920171171426773,0.039299998432397842
3988,1.9940000,0.04834149032831192,0.039500001817941666
3989,1.9945000,0.048757027834653854,0.03970000147819519
3990,1.9950000,0.049166616052389145,0.039799999445676804
3991,1.9955000,0.04957050085067749,0.039900001138448715
3992,1.9960000,0.049966916441917419,0.039999999105930328
3993,1.9965000,0.050355076789855957,0.04010000079870224
3994,1.9970000,0.050736386328935623,0.04010000079870224
3995,1.9975000,0.051111619919538498,0.040199998766183853
3996,1.9980000,0.051480196416378021,0.040199998766183853
3997,1.9985000,0.051842190325260162,0.040199998766183853
3998,1.9990000,0.052199520170688629,0.040199998766183853
3999,1.9995000,0.052552048116922379,0.040199998766183853
4000,2.0000000,0.052895486354827881,0.040199998766183853
4001,2.0005000,0.053226716816425323,0.040199998766183853
4002,2.0010000,0.053546983748674393,0.040199998766183853
4003,2.0015000,0.053859159350395203,0.04010000079870224
4004,2.0020000,0.054165106266736984,0.039999999105930328
4005,2.0025000,0.054466467350721359,0.039999999105930328
4006,2.0030000,0.054764784872531891,0.039900001138448715
4007,2.0035000,0.055059067904949188,0.039799999445676804
4008,2.0040000,0.055346112698316574,0.039799999445676804
4009,2.0045000,0.055623460561037064,0.03970000147819519
4010,2.0050000,0.05589178204536438,0.039599999785423279
4011,2.0055000,0.056153096258640289,0.039500001817941666
4012,2.0060000,0.056409500539302826,0.039400000125169754
4013,2.0065000,0.056664217263460159,0.039400000125169754
4014,2.0070000,0.056918662041425705,0.039299998432397842
4015,2.0075000,0.057171039283275604,0.039200000464916229
4016,2.0080000,0.057416927069425583,0.039200000464916229
4017,2.0085000,0.057652916759252548,0.039099998772144318
4018,2.0090000,0.057882305234670639,0.039099998772144318
4019,2.0095000,0.058108717203140259,0.039000000804662704
4020,2.0100000,0.058332089334726334,0.039000000804662704
4021,2.0105000,0.058553297072649002,0.039000000804662704
4022,2.0110000,0.058771789073944092,0.039000000804662704
4023,2.0115000,0.058986585587263107,0.039099998772144318
4024,2.0120000,0.059196766465902328,0.039099998772144318
4025,2.0125000,0.059402499347925186,0.039200000464916229
4026,2.0130000,0.059607721865177155,0.039299998432397842
4027,2.0135000,0.059810925275087357,0.039400000125169754
4028,2.0140000,0.060008715838193893,0.039500001817941666
4029,2.0145000,0.06020238995552063,0.03970000147819519
4030,2.0150000,0.060389529913663864,0.039900001138448715
4031,2.0155000,0.060568574815988541,0.04010000079870224
4032,2.0160000,0.060740433633327484,0.040300000458955765
4033,2.0165000,0.060904756188392639,0.040600001811981201
4034,2.0170000,0.061063665896654129,0.040899999439716339
4035,2.0175000,0.061216473579406738,0.041200000792741776
4036,2.0180000,0.061362184584140778,0.041499998420476913
4037,2.0185000,0.061503145843744278,0.041900001466274261
4038,2.0190000,0.061637721955776215,0.042300000786781311
4039,2.0195000,0.061763547360897064,0.042700000107288361
4040,2.0200000,0.061881721019744873,0.04309999942779541
4041,2.0205000,0.061994418501853943,0.043600000441074371
4042,2.0210000,0.062103148549795151,0.044100001454353333
4043,2.0215000,0.062208201736211777,0.044599998742341995
4044,2.0220000,0.062310438603162766,0.045099999755620956
4045,2.0225000,0.062410220503807068,0.045699998736381531
4046,2.0230000,0.06250588595867157,0.046300001442432404
4047,2.0235000,0.062597379088401794,0.046900000423192978
4048,2.0240000,0.062687501311302185,0.047499999403953552
4049,2.0245000,0.062779434025287628,0.048099998384714127
4050,2.0250000,0.062875255942344666,0.048700001090764999
4051,2.0255000,0.062974661588668823,0.049300000071525574
4052,2.0260000,0.063075944781303406,0.05000000074505806
4053,2.0265000,0.063177108764648438,0.050599999725818634
4054,2.0270000,0.0632781982421875,0.05130000039935112
4055,2.0275000,0.063382074236869812,0.051899999380111694
4056,2.0280000,0.063491873443126678,0.05260000005364418
4057,2.0285000,0.06361166387796402,0.053199999034404755
4058,2.0290000,0.063743427395820618,0.053899999707937241
4059,2.0295000,0.06388583779335022,0.054499998688697815
4060,2.0300000,0.064037531614303589,0.055199999362230301
4061,2.0305000,0.064197257161140442,0.055799998342990875
4062,2.0310000,0.064365535974502563,0.056400001049041748
4063,2.0315000,0.064542777836322784,0.057000000029802322
4064,2.0320000,0.064727246761322021,0.057599999010562897
4065,2.0325000,0.064919270575046539,0.058100000023841858
4066,2.0330000,0.065118603408336639,0.058699999004602432
4067,2.0335000,0.065323933959007263,0.059200000017881393
4068,2.0340000,0.065537065267562866,0.059700001031160355
4069,2.0345000,0.065758600831031799,0.060199998319149017
4070,2.0350000,0.065985724329948425,0.060600001364946365
4071,2.0355000,0.066215261816978455,0.061099998652935028
4072,2.0360000,0.066447995603084564,0.061500001698732376
4073,2.0365000,0.066688500344753265,0.061900001019239426
4074,2.0370000,0.066936478018760681,0.062199998646974564
4075,2.0375000,0.0671892911195755,0.062600001692771912
4076,2.0380000,0.067449375987052917,0.06289999932050705
4077,2.0385000,0.06771744042634964,0.063199996948242188
4078,2.0390000,0.06798950582742691,0.063400000333786011
4079,2.0395000,0.068263247609138489,0.063699997961521149
4080,2.0400000,0.068542420864105225,0.063900001347064972
4081,2.0405000,0.068830877542495728,0.064099997282028198
4082,2.0410000,0.069125846028327942,0.064300000667572021
4083,2.0415000,0.069423660635948181,0.064400002360343933
4084,2.0420000,0.06972561776638031,0.064499996602535248
4085,2.0425000,0.070032365620136261,0.064699999988079071
4086,2.0430000,0.07034098356962204,0.064800001680850983
4087,2.0435000,0.070653565227985382,0.064800001680850983
4088,2.0440000,0.070974484086036682,0.064900003373622894
4089,2.0445000,0.07129940390586853,0.064999997615814209
4090,2.0450000,0.071621641516685486,0.064999997615814209
4091,2.0455000,0.07193843275308609,0.064999997615814209
4092,2.0460000,0.072249718010425568,0.065099999308586121
4093,2.0465000,0.072557419538497925,0.065099999308586121
4094,2.0470000,0.072860643267631531,0.065099999308586121
4095,2.0475000,0.073159880936145782,0.065099999308586121
4096,2.0480000,0.073457933962345123,0.065099999308586121
4097,2.0485000,0.073753006756305695,0.065099999308586121
4098,2.0490000,0.074041165411472321,0.065099999308586121
4099,2.0495000,0.074318841099739075,0.065099999308586121
4100,2.0500000,0.074586294591426849,0.065099999308586121
4101,2.0505000,0.074848107993602753,0.065099999308586121
4102,2.0510000,0.075105011463165283,0.064999997615814209
4103,2.0515000,0.075355924665927887,0.065099999308586121
4104,2.0520000,0.075603209435939789,0.065099999308586121
4105,2.0525000,0.075846724212169647,0.065099999308586121
4106,2.0530000,0.076082527637481689,0.065099999308586121
4107,2.0535000,0.076308809220790863,0.065099999308586121
4108,2.0540000,0.076526232063770294,0.065099999308586121
4109,2.0545000,0.076737493276596069,0.065200001001358032
4110,2.0550000,0.07694476842880249,0.065200001001358032
4111,2.0555000,0.077148295938968658,0.065300002694129944
4112,2.0560000,0.077349252998828888,0.065300002694129944
4113,2.0565000,0.077546454966068268,0.065399996936321259
4114,2.0570000,0.077734455466270447,0.06549999862909317
4115,2.0575000,0.077912047505378723,0.065600000321865082
4116,2.0580000,0.078083530068397522,0.065700002014636993
4117,2.0585000,0.078252322971820831,0.065800003707408905
4118,2.0590000,0.078420795500278473,0.06589999794960022
4119,2.0595000,0.078588806092739105,0.066100001335144043
4120,2.0600000,0.078754045069217682,0.066200003027915955
4121,2.0605000,0.078915223479270935,0.066399998962879181
4122,2.0610000,0.079070068895816803,0.066500000655651093
4123,2.0615000,0.07921600341796875,0.066699996590614319
4124,2.0620000,0.079355321824550629,0.066899999976158142
4125,2.0625000,0.079492509365081787,0.067100003361701965
4126,2.0630000,0.079628914594650269,0.067299999296665192
4127,2.0635000,0.079763740301132202,0.067500002682209015
4128,2.0640000,0.079896710813045502,0.067699998617172241
4129,2.0645000,0.08002779632806778,0.067900002002716064
4130,2.0650000,0.080153331160545349,0.068199999630451202
4131,2.0655000,0.080270282924175262,0.068400003015995026
4132,2.0660000,0.080382250249385834,0.068700000643730164
4133,2.0665000,0.080494895577430725,0.06889999657869339
4134,2.0670000,0.080612882971763611,0.069200001657009125
4135,2.0675000,0.080736227333545685,0.069499999284744263
4136,2.0680000,0.080860279500484467,0.069700002670288086
4137,2.0685000,0.080981209874153137,0.070000000298023224
4138,2.0690000,0.081094555556774139,0.070299997925758362
4139,2.0695000,0.081196479499340057,0.070600003004074097
4140,2.0700000,0.081288903951644897,0.070900000631809235
4141,2.0705000,0.081377431750297546,0.071199998259544373
4142,2.0710000,0.081467024981975555,0.071500003337860107
4143,2.0715000,0.081559434533119202,0.071800000965595245
4144,2.0720000,0.081654667854309082,0.072099998593330383
4145,2.0725000,0.081749878823757172,0.072499997913837433
4146,2.0730000,0.081839367747306824,0.072800002992153168
4147,2.0735000,0.08192155510187149,0.073100000619888306
4148,2.0740000,0.081998184323310852,0.073499999940395355
4149,2.0745000,0.082072712481021881,0.073799997568130493
4150,2.0750000,0.082150310277938843,0.074199996888637543
4151,2.0755000,0.082232683897018433,0.074500001966953278
4152,2.0760000,0.082319237291812897,0.074900001287460327
4153,2.0765000,0.082407347857952118,0.075199998915195465
4154,2.0770000,0.082492023706436157,0.075599998235702515
4155,2.0775000,0.082572877407073975,0.07590000331401825
4156,2.0780000,0.08265327662229538,0.076300002634525299
4157,2.0785000,0.082735702395439148,0.076600000262260437
4158,2.0790000,0.08282104879617691,0.076999999582767487
4159,2.0795000,0.082907430827617645,0.077399998903274536
4160,2.0800000,0.082992471754550934,0.077699996531009674
4161,2.0805000,0.083074316382408142,0.078100003302097321
4162,2.0810000,0.083150111138820648,0.07850000262260437
4163,2.0815000,0.08321845531463623,0.07890000194311142
4164,2.0820000,0.083280928432941437,0.079199999570846558
4165,2.0825000,0.083341740071773529,0.079599998891353607
4166,2.0830000,0.083403833210468292,0.079999998211860657
4167,2.0835000,0.083464816212654114,0.080300003290176392
4168,2.0840000,0.083522915840148926,0.080700002610683441
4169,2.0845000,0.083580665290355682,0.081100001931190491
4170,2.0850000,0.083637215197086334,0.081399999558925629
4171,2.0855000,0.083687685430049896,0.081799998879432678
4172,2.0860000,0.083731368184089661,0.082199998199939728
4173,2.0865000,0.083774134516716003,0.082500003278255463
4174,2.0870000,0.0838208869099617,0.082900002598762512
4175,2.0875000,0.083869501948356628,0.08320000022649765
4176,2.0880000,0.083918251097202301,0.0835999995470047
4177,2.0885000,0.083969466388225555,0.083899997174739838
4178,2.0890000,0.084020845592021942,0.084200002253055573
4179,2.0895000,0.084067359566688538,0.084600001573562622
4180,2.0900000,0.084109514951705933,0.08489999920129776
4181,2.0905000,0.084154285490512848,0.085199996829032898
4182,2.0910000,0.084207922220230103,0.085500001907348633
4183,2.0915000,0.084267407655715942,0.085799999535083771
4184,2.0920000,0.084326580166816711,0.086099997162818909
4185,2.0925000,0.084383830428123474,0.086400002241134644
4186,2.0930000,0.084438584744930267,0.086699999868869781
4187,2.0935000,0.084489397704601288,0.086999997496604919
4188,2.0940000,0.084536112844944,0.087300002574920654
4189,2.0945000,0.084583081305027008,0.087600000202655792
4190,2.0950000,0.084636799991130829,0.087800003588199615
4191,2.0955000,0.084696419537067413,0.088100001215934753
4192,2.0960000,0.084757201373577118,0.08829999715089798
4193,2.0965000,0.084818132221698761,0.088600002229213715
4194,2.0970000,0.084877945482730865,0.088799998164176941
4195,2.0975000,0.084933876991271973,0.089000001549720764
4196,2.0980000,0.08498556911945343,0.08919999748468399
4197,2.0985000,0.08503732830286026,0.089400000870227814
4198,2.0990000,0.085095703601837158,0.08959999680519104
4199,2.0995000,0.085161231458187103,0.089800000190734863
4200,2.1000000,0.085232533514499664,0.090000003576278687
4201,2.1005000,0.085312888026237488,0.090199999511241913
4202,2.1010000,0.085401155054569244,0.090400002896785736
4203,2.1015000,0.085492759943008423,0.090499997138977051
4204,2.1020000,0.085586413741111755,0.090700000524520874
4205,2.1025000,0.085683628916740417,0.0908999964594841
4206,2.1030000,0.085789389908313751,0.090999998152256012
4207,2.1035000,0.085905961692333221,0.091200001537799835
4208,2.1040000,0.086031697690486908,0.091300003230571747
4209,2.1045000,0.086164616048336029,0.091499999165534973
4210,2.1050000,0.086300045251846313,0.091600000858306885
4211,2.1055000,0.086434595286846161,0.091700002551078796
4212,2.1060000,0.086567699909210205,0.091899998486042023
4213,2.1065000,0.086701065301895142,0.092000000178813934
4214,2.1070000,0.086839169263839722,0.092200003564357758
4215,2.1075000,0.086983725428581238,0.092299997806549072
4216,2.1080000,0.087136432528495789,0.092399999499320984
4217,2.1085000,0.087300039827823639,0.092600002884864807
4218,2.1090000,0.087471917271614075,0.092699997127056122
4219,2.1095000,0.087648056447505951,0.092900000512599945
4220,2.1100000,0.087826929986476898,0.093000002205371857
4221,2.1105000,0.088009744882583618,0.093199998140335083
4222,2.1110000,0.088199295103549957,0.093299999833106995
4223,2.1115000,0.088396109640598297,0.093500003218650818
4224,2.1120000,0.088598161935806274,0.093699999153614044
4225,2.1125000,0.088802315294742584,0.093800000846385956
4226,2.1130000,0.089006602764129639,0.093999996781349182
4227,2.1135000,0.089207269251346588,0.094200000166893005
4228,2.1140000,0.089401140809059143,0.094400003552436829
4229,2.1145000,0.089590959250926971,0.094599999487400055
4230,2.1150000,0.089775979518890381,0.094800002872943878
4231,2.1155000,0.089953429996967316,0.095100000500679016
4232,2.1160000,0.090124711394309998,0.095299996435642242
4233,2.1165000,0.090289033949375153,0.095499999821186066
4234,2.1170000,0.090443633496761322,0.095700003206729889
4235,2.1175000,0.090585105121135712,0.096000000834465027
4236,2.1180000,0.090712487697601318,0.096199996769428253
4237,2.1185000,0.09083230048418045,0.096500001847743988
4238,2.1190000,0.090948574244976044,0.096799999475479126
4239,2.1195000,0.091057412326335907,0.097000002861022949
4240,2.1200000,0.091154426336288452,0.097300000488758087
4241,2.1205000,0.091234870254993439,0.097599998116493225
4242,2.1210000,0.091294519603252411,0.097800001502037048
4243,2.1215000,0.091333024203777313,0.098099999129772186
4244,2.1220000,0.09135301411151886,0.098399996757507324
4245,2.1225000,0.09136238694190979,0.098600000143051147
4246,2.1230000,0.091368779540061951,0.098899997770786285
4247,2.1235000,0.091370642185211182,0.09920000284910202
4248,2.1240000,0.091362930834293365,0.099399998784065247
4249,2.1245000,0.091340728104114532,0.099699996411800385
4250,2.1250000,0.091300211846828461,0.099899999797344208
4251,2.1255000,0.091240420937538147,0.10010000318288803
4252,2.1260000,0.091162689030170441,0.10040000081062317
4253,2.1265000,0.091074839234352112,0.1005999967455864
4254,2.1270000,0.090986914932727814,0.10080000013113022
4255,2.1275000,0.090899191796779633,0.10100000351667404
4256,2.1280000,0.090805649757385254,0.10109999775886536
4257,2.1285000,0.09070451557636261,0.10130000114440918
4258,2.1290000,0.09059818834066391,0.10149999707937241
4259,2.1295000,0.090486958622932434,0.10159999877214432
4260,2.1300000,0.090370431542396545,0.10170000046491623
4261,2.1305000,0.090254776179790497,0.10180000215768814
4262,2.1310000,0.09014437347650528,0.10189999639987946
4263,2.1315000,0.09003429114818573,0.10189999639987946
4264,2.1320000,0.089922532439231873,0.10199999809265137
4265,2.1325000,0.08981507271528244,0.10199999809265137
4266,2.1330000,0.089716441929340363,0.10199999809265137
4267,2.1335000,0.089625582098960876,0.10199999809265137
4268,2.1340000,0.089540861546993256,0.10199999809265137
4269,2.1345000,0.089466050267219543,0.10189999639987946
4270,2.1350000,0.089406296610832214,0.10180000215768814
4271,2.1355000,0.08935854583978653,0.10180000215768814
4272,2.1360000,0.08931770920753479,0.10170000046491623
4273,2.1365000,0.089285522699356079,0.10159999877214432
4274,2.1370000,0.089263133704662323,0.10140000283718109
4275,2.1375000,0.089248798787593842,0.10130000114440918
4276,2.1380000,0.089241981506347656,0.10119999945163727
4277,2.1385000,0.089245013892650604,0.10100000351667404
4278,2.1390000,0.089264273643493652,0.10090000182390213
4279,2.1395000,0.089302144944667816,0.10069999843835831
4280,2.1400000,0.089353471994400024,0.10050000250339508
4281,2.1405000,0.089414313435554504,0.10040000081062317
4282,2.1410000,0.089486025273799896,0.10019999742507935
4283,2.1415000,0.089568935334682465,0.10000000149011612
4284,2.1420000,0.089659526944160461,0.099899999797344208
4285,2.1425000,0.089757189154624939,0.099699996411800385
4286,2.1430000,0.089866906404495239,0.099500000476837158
4287,2.1435000,0.089992254972457886,0.099399998784065247
4288,2.1440000,0.090131834149360657,0.099299997091293335
4289,2.1445000,0.090285345911979675,0.099100001156330109
4290,2.1450000,0.090454608201980591,0.098999999463558197
4291,2.1455000,0.090635374188423157,0.098899997770786285
4292,2.1460000,0.090821094810962677,0.098800003528594971
4293,2.1465000,0.091012492775917053,0.098800003528594971
4294,2.1470000,0.091210290789604187,0.098700001835823059
4295,2.1475000,0.091411493718624115,0.098700001835823059
4296,2.1480000,0.091613329946994781,0.098700001835823059
4297,2.1485000,0.091815419495105743,0.098700001835823059
4298,2.1490000,0.092019081115722656,0.098700001835823059
4299,2.1495000,0.092220157384872437,0.098800003528594971
4300,2.1500000,0.092414140701293945,0.098899997770786285
4301,2.1505000,0.092605739831924438,0.098999999463558197
4302,2.1510000,0.09279787540435791,0.099100001156330109
4303,2.1515000,0.09298224002122879,0.09920000284910202
4304,2.1520000,0.093154892325401306,0.099399998784065247
4305,2.1525000,0.093320414423942566,0.099500000476837158
4306,2.1530000,0.093479856848716736,0.099699996411800385
4307,2.1535000,0.093629948794841766,0.099899999797344208
4308,2.1540000,0.093769282102584839,0.10010000318288803
4309,2.1545000,0.093907065689563751,0.10040000081062317
4310,2.1550000,0.094053253531455994,0.1005999967455864
4311,2.1555000,0.094203107059001923,0.10090000182390213
4312,2.1560000,0.094349123537540436,0.10119999945163727
4313,2.1565000,0.094490639865398407,0.10140000283718109
4314,2.1570000,0.094627305865287781,0.10170000046491623
4315,2.1575000,0.094758011400699615,0.10199999809265137
4316,2.1580000,0.094882398843765259,0.1023000031709671
4317,2.1585000,0.095005802810192108,0.10260000079870224
4318,2.1590000,0.095135487616062164,0.10279999673366547
4319,2.1595000,0.095265045762062073,0.1031000018119812
4320,2.1600000,0.095384277403354645,0.10339999943971634
4321,2.1605000,0.095492951571941376,0.10369999706745148
4322,2.1610000,0.095591843128204346,0.1039000004529953
4323,2.1615000,0.095679424703121185,0.10409999638795853
4324,2.1620000,0.09575323760509491,0.10440000146627426
4325,2.1625000,0.095814533531665802,0.10459999740123749
4326,2.1630000,0.095866039395332336,0.10480000078678131
4327,2.1635000,0.095900624990463257,0.10490000247955322
4328,2.1640000,0.095910876989364624,0.10509999841451645
4329,2.1645000,0.095900051295757294,0.10520000010728836
4330,2.1650000,0.095871724188327789,0.10530000180006027
4331,2.1655000,0.095824077725410461,0.10540000349283218
4332,2.1660000,0.095755733549594879,0.1054999977350235
4333,2.1665000,0.095668897032737732,0.1054999977350235
4334,2.1670000,0.095564782619476318,0.10559999942779541
4335,2.1675000,0.095441058278083801,0.10559999942779541
4336,2.1680000,0.095295824110507965,0.1054999977350235
4337,2.1685000,0.095127388834953308,0.1054999977350235
4338,2.1690000,0.094934456050395966,0.10540000349283218
4339,2.1695000,0.094717033207416534,0.10540000349283218
4340,2.1700000,0.094474062323570251,0.10530000180006027
4341,2.1705000,0.094208307564258575,0.10509999841451645
4342,2.1710000,0.093926593661308289,0.10499999672174454
4343,2.1715000,0.093630090355873108,0.10490000247955322
4344,2.1720000,0.093317829072475433,0.1046999990940094
4345,2.1725000,0.092987053096294403,0.10450000315904617
4346,2.1730000,0.092632956802845001,0.10440000146627426
4347,2.1735000,0.092257402837276459,0.10419999808073044
4348,2.1740000,0.091860935091972351,0.10400000214576721
4349,2.1745000,0.091442801058292389,0.10379999876022339
4350,2.1750000,0.09101327508687973,0.10360000282526016
4351,2.1755000,0.090581007301807404,0.10339999943971634
4352,2.1760000,0.090146884322166443,0.10320000350475311
4353,2.1765000,0.089709609746932983,0.1031000018119812
4354,2.1770000,0.089268766343593597,0.10289999842643738
4355,2.1775000,0.088830567896366119,0.10279999673366547
4356,2.1780000,0.088398247957229614,0.10260000079870224
4357,2.1785000,0.08797089010477066,0.10249999910593033
4358,2.1790000,0.087553113698959351,0.10239999741315842
4359,2.1795000,0.087151721119880676,0.10239999741315842
4360,2.1800000,0.086769774556159973,0.1023000031709671
4361,2.1805000,0.086403481662273407,0.1023000031709671
4362,2.1810000,0.086047716438770294,0.10239999741315842
4363,2.1815000,0.08570466935634613,0.10249999910593033
4364,2.1820000,0.085377193987369537,0.10260000079870224
4365,2.1825000,0.085064604878425598,0.10270000249147415
4366,2.1830000,0.084769845008850098,0.10289999842643738
4367,2.1835000,0.084496445953845978,0.10320000350475311
4368,2.1840000,0.084242008626461029,0.10350000113248825
4369,2.1845000,0.0840006023645401,0.10379999876022339
4370,2.1850000,0.083769559860229492,0.10419999808073044
4371,2.1855000,0.083548031747341156,0.1046999990940094
4372,2.1860000,0.083335906267166138,0.10520000010728836
4373,2.1865000,0.083140917122364044,0.10570000112056732
4374,2.1870000,0.082969151437282562,0.10639999806880951
4375,2.1875000,0.082820706069469452,0.10710000246763229
4376,2.1880000,0.082696393132209778,0.10779999941587448
4377,2.1885000,0.082594037055969238,0.10859999805688858
4378,2.1890000,0.082514509558677673,0.10949999839067459
4379,2.1895000,0.082459568977355957,0.1103999987244606
4380,2.1900000,0.08242516964673996,0.11150000244379044
4381,2.1905000,0.082416348159313202,0.11249999701976776
4382,2.1910000,0.082444094121456146,0.11370000243186951
4383,2.1915000,0.082510009407997131,0.11490000039339066
4384,2.1920000,0.082612961530685425,0.1160999983549118
4385,2.1925000,0.082758493721485138,0.11739999800920486
4386,2.1930000,0.082953177392482758,0.11879999935626984
4387,2.1935000,0.083194755017757416,0.12030000239610672
4388,2.1940000,0.083478979766368866,0.12179999798536301
4389,2.1945000,0.083811372518539429,0.1234000027179718
4390,2.1950000,0.084202125668525696,0.125
4391,2.1955000,0.084655836224555969,0.12669999897480011
4392,2.1960000,0.085168913006782532,0.12839999794960022
4393,2.1965000,0.085736334323883057,0.13019999861717224
4394,2.1970000,0.086357451975345612,0.13199999928474426
4395,2.1975000,0.087032884359359741,0.1339000016450882
4396,2.1980000,0.087764225900173187,0.13590000569820404
4397,2.1985000,0.088549554347991943,0.13779999315738678
4398,2.1990000,0.089388392865657806,0.13979999721050262
4399,2.1995000,0.0902862548828125,0.14190000295639038
4400,2.2000000,0.091239593923091888,0.14399999380111694
4401,2.2005000,0.092243276536464691,0.1460999995470047
4402,2.2010000,0.093297041952610016,0.14830000698566437
4403,2.2015000,0.094399712979793549,0.15049999952316284
4404,2.2020000,0.095555692911148071,0.15270000696182251
4405,2.2025000,0.096761688590049744,0.15489999949932098
4406,2.2030000,0.098007455468177795,0.15710000693798065
4407,2.2035000,0.09929724782705307,0.15940000116825104
4408,2.2040000,0.10063754022121429,0.16169999539852142
4409,2.2045000,0.1020328551530838,0.164000004529953
4410,2.2050000,0.10348862409591675,0.16629999876022339
4411,2.2055000,0.10500141978263855,0.16859999299049377
4412,2.2060000,0.10656669735908508,0.17090000212192535
4413,2.2065000,0.10818306356668472,0.17319999635219574
4414,2.2070000,0.10985102504491806,0.17550000548362732
4415,2.2075000,0.11157382279634476,0.17779999971389771
4416,2.2080000,0.11334942281246185,0.18009999394416809
4417,2.2085000,0.1151701956987381,0.18240000307559967
4418,2.2090000,0.1170320063829422,0.18469999730587006
4419,2.2095000,0.11893556267023087,0.18690000474452972
4420,2.2100000,0.12088139355182648,0.18919999897480011
4421,2.2105000,0.12286623567342758,0.19140000641345978
4422,2.2110000,0.12488323450088501,0.19370000064373016
4423,2.2115000,0.1269247829914093,0.19589999318122864
4424,2.2120000,0.1289859414100647,0.19810000061988831
4425,2.2125000,0.13106170296669006,0.20029999315738678
4426,2.2130000,0.13315126299858093,0.20239999890327454
4427,2.2135000,0.1352594792842865,0.2046000063419342
4428,2.2140000,0.13738252222537994,0.20669999718666077
4429,2.2145000,0.1395118236541748,0.20880000293254852
4430,2.2150000,0.14164002239704132,0.21089999377727509
4431,2.2155000,0.14375752210617065,0.21289999783039093
4432,2.2160000,0.14586023986339569,0.21500000357627869
4433,2.2165000,0.14794754981994629,0.21699999272823334
4434,2.2170000,0.15002043545246124,0.21899999678134918
4435,2.2175000,0.15208148956298828,0.22089999914169312
4436,2.2180000,0.154123455286026,0.22290000319480896
4437,2.2185000,0.15613706409931183,0.22480000555515289
4438,2.2190000,0.15812267363071442,0.22669999301433563
4439,2.2195000,0.16008082032203674,0.22859999537467957
4440,2.2200000,0.16199968755245209,0.2304999977350235
4441,2.2205000,0.16386140882968903,0.23229999840259552
4442,2.2210000,0.16566057503223419,0.23409999907016754
4443,2.2215000,0.16740132868289948,0.23589999973773956
4444,2.2220000,0.16908666491508484,0.23770000040531158
4445,2.2225000,0.17072483897209167,0.23950000107288361
4446,2.2230000,0.17232617735862732,0.24120000004768372
4447,2.2235000,0.17388340830802917,0.24289999902248383
4448,2.2240000,0.1753847599029541,0.24459999799728394
4449,2.2245000,0.1768360435962677,0.24629999697208405
4450,2.2250000,0.17824470996856689,0.24789999425411224
4451,2.2255000,0.17961022257804871,0.24950000643730164
4452,2.2260000,0.18094062805175781,0.25110000371932983
4453,2.2265000,0.18225203454494476,0.25260001420974731
4454,2.2270000,0.18355125188827515,0.25409999489784241
4455,2.2275000,0.18483364582061768,0.25560000538825989
4456,2.2280000,0.18609680235385895,0.25709998607635498
4457,2.2285000,0.18734049797058105,0.25850000977516174
4458,2.2290000,0.18855467438697815,0.25979998707771301
4459,2.2295000,0.18973217904567719,0.26120001077651978
4460,2.2300000,0.1908801943063736,0.26249998807907104
4461,2.2305000,0.19201458990573883,0.26370000839233398
4462,2.2310000,0.19315133988857269,0.26489999890327454
4463,2.2315000,0.19429460167884827,0.26600000262260437
4464,2.2320000,0.19544504582881927,0.2671000063419342
4465,2.2325000,0.19660393893718719,0.26809999346733093
4466,2.2330000,0.19776500761508942,0.26899999380111694
4467,2.2335000,0.1989285945892334,0.26989999413490295
4468,2.2340000,0.20010142028331757,0.27070000767707825
4469,2.2345000,0.20129057765007019,0.27149999141693115
4470,2.2350000,0.20250186324119568,0.27210000157356262
4471,2.2355000,0.2037280946969986,0.27270001173019409
4472,2.2360000,0.20496392250061035,0.27320000529289246
4473,2.2365000,0.20621150732040405,0.27369999885559082
4474,2.2370000,0.20746168494224548,0.27399998903274536
4475,2.2375000,0.20870779454708099,0.27419999241828918
4476,2.2380000,0.20996005833148956,0.27439999580383301
4477,2.2385000,0.21123084425926208,0.27439999580383301
4478,2.2390000,0.21252310276031494,0.27439999580383301
4479,2.2395000,0.21382245421409607,0.27430000901222229
4480,2.2400000,0.21511508524417877,0.27399998903274536
4481,2.2405000,0.21640287339687347,0.2736000120639801
4482,2.2410000,0.21768663823604584,0.27320000529289246
4483,2.2415000,0.21896865963935852,0.27259999513626099
4484,2.2420000,0.22025135159492493,0.2718999981880188
4485,2.2425000,0.2215379923582077,0.27110001444816589
4486,2.2430000,0.22283925116062164,0.27020001411437988
4487,2.2435000,0.224146768450737,0.26910001039505005
4488,2.2440000,0.22544573247432709,0.26789999008178711
4489,2.2445000,0.22673754394054413,0.26660001277923584
4490,2.2450000,0.22802403569221497,0.26519998908042908
4491,2.2455000,0.22930732369422913,0.26370000839233398
4492,2.2460000,0.23058965802192688,0.26199999451637268
4493,2.2465000,0.23187501728534698,0.26019999384880066
4494,2.2470000,0.23316715657711029,0.25830000638961792
4495,2.2475000,0.2344546765089035,0.25630000233650208
4496,2.2480000,0.23571759462356567,0.25409999489784241
4497,2.2485000,0.2369399219751358,0.25180000066757202
4498,2.2490000,0.23812033236026764,0.24940000474452972
4499,2.2495000,0.239266037940979,0.24690000712871552
4500,2.2500000,0.24037271738052368,0.24420000612735748
4501,2.2505000,0.24143750965595245,0.24140000343322754
4502,2.2510000,0.24246382713317871,0.23849999904632568
4503,2.2515000,0.24344979226589203,0.23549999296665192
4504,2.2520000,0.24438145756721497,0.23240000009536743
4505,2.2525000,0.24523435533046722,0.22920000553131104
4506,2.2530000,0.24600139260292053,0.22579999268054962
4507,2.2535000,0.24669367074966431,0.2223999947309494
4508,2.2540000,0.24731536209583282,0.21889999508857727
4509,2.2545000,0.24786059558391571,0.21520000696182251
4510,2.2550000,0.24832130968570709,0.21150000393390656
4511,2.2555000,0.2486947774887085,0.20759999752044678
4512,2.2560000,0.2489829957485199,0.20370000600814819
4513,2.2565000,0.24918970465660095,0.1996999979019165
4514,2.2570000,0.24931934475898743,0.1956000030040741
4515,2.2575000,0.24937424063682556,0.1914999932050705
4516,2.2580000,0.24935360252857208,0.18719999492168427
4517,2.2585000,0.24925142526626587,0.18299999833106995
4518,2.2590000,0.24906034767627716,0.1785999983549118
4519,2.2595000,0.24877549707889557,0.17419999837875366
4520,2.2600000,0.24839384853839874,0.16969999670982361
4521,2.2605000,0.24792398512363434,0.16519999504089355
4522,2.2610000,0.24737530946731567,0.16060000658035278
4523,2.2615000,0.24674078822135925,0.15600000321865082
4524,2.2620000,0.24601821601390839,0.15139999985694885
4525,2.2625000,0.24521537125110626,0.14669999480247498
4526,2.2630000,0.24433068931102753,0.14200000464916229
4527,2.2635000,0.24335220456123352,0.1371999979019165
4528,2.2640000,0.24226418137550354,0.13249999284744263
4529,2.2645000,0.24106165766716003,0.12770000100135803
4530,2.2650000,0.23974891006946564,0.12290000170469284
4531,2.2655000,0.23832108080387115,0.11810000240802765
4532,2.2660000,0.2367742657661438,0.11320000141859055
4533,2.2665000,0.23511488735675812,0.10840000212192535
4534,2.2670000,0.23335094749927521,0.10360000282526016
4535,2.2675000,0.23147974908351898,0.098700001835823059
4536,2.2680000,0.22948724031448364,0.093900002539157867
4537,2.2685000,0.22736647725105286,0.089100003242492676
4538,2.2690000,0.22511783242225647,0.084200002253055573
4539,2.2695000,0.22273933887481689,0.079400002956390381
4540,2.2700000,0.22022585570812225,0.074600003659725189
4541,2.2705000,0.21757631003856659,0.069700002670288086
4542,2.2710000,0.21480843424797058,0.064900003373622894
4543,2.2715000,0.21193814277648926,0.060100000351667404
4544,2.2720000,0.20896092057228088,0.055300001055002213
4545,2.2725000,0.20587421953678131,0.050500001758337021
4546,2.2730000,0.20268864929676056,0.045699998736381531
4547,2.2735000,0.19941571354866028,0.040899999439716339
4548,2.2740000,0.19605265557765961,0.036200001835823059
4549,2.2745000,0.19258904457092285,0.031399998813867569
4550,2.2750000,0.18902523815631866,0.02669999934732914
4551,2.2755000,0.1853635311126709,0.02199999988079071
4552,2.2760000,0.1816142201423645,0.017200000584125519
4553,2.2765000,0.17779996991157532,0.012500000186264515
4554,2.2770000,0.17393332719802856,0.0078999996185302734
4555,2.2775000,0.17002040147781372,0.0031999999191612005
4556,2.2780000,0.16605803370475769,-0.001500000013038516
4557,2.2785000,0.16204358637332916,-0.0060999998822808266
4558,2.2790000,0.15798486769199371,-0.010700000450015068
4559,2.2795000,0.15388026833534241,-0.015300000086426735
4560,2.2800000,0.14972883462905884,-0.019899999722838402
4561,2.2805000,0.14554201066493988,-0.024399999529123306
4562,2.2810000,0.14132553339004517,-0.028899999335408211
4563,2.2815000,0.13708107173442841,-0.033399999141693115
4564,2.2820000,0.1328110545873642,-0.037900000810623169
4565,2.2825000,0.12851281464099884,-0.042300000786781311
4566,2.2830000,0.12418259680271149,-0.046700000762939453
4567,2.2835000,0.1198142021894455,-0.050999999046325684
4568,2.2840000,0.11540944874286652,-0.055300001055002213
4569,2.2845000,0.11098158359527588,-0.059599999338388443
4570,2.2850000,0.10654193162918091,-0.06379999965429306
4571,2.2855000,0.10209339112043381,-0.068000003695487976
4572,2.2860000,0.097631499171257019,-0.072099998593330383
4573,2.2865000,0.093156732618808746,-0.076200000941753387
4574,2.2870000,0.08867374062538147,-0.08020000159740448
4575,2.2875000,0.084181152284145355,-0.084200002253055573
4576,2.2880000,0.079669244587421417,-0.087999999523162842
4577,2.2885000,0.075124911963939667,-0.091899998486042023
4578,2.2890000,0.070545084774494171,-0.095600001513957977
4579,2.2895000,0.065934695303440094,-0.099299997091293335
4580,2.2900000,0.06129804253578186,-0.10289999842643738
4581,2.2905000,0.056644182652235031,-0.10639999806880951
4582,2.2910000,0.051986232399940491,-0.10980000346899033
4583,2.2915000,0.047329522669315338,-0.11309999972581863
4584,2.2920000,0.042672690004110336,-0.11640000343322754
4585,2.2925000,0.038016792386770248,-0.11949999630451202
4586,2.2930000,0.033367116004228592,-0.12259999662637711
4587,2.2935000,0.028733842074871063,-0.12559999525547028
4588,2.2940000,0.02412693202495575,-0.12849999964237213
4589,2.2945000,0.01954944059252739,-0.13120000064373016
4590,2.2950000,0.015004826709628105,-0.1339000016450882
4591,2.2955000,0.010501213371753693,-0.13650000095367432
4592,2.2960000,0.0060445470735430717,-0.13899999856948853
4593,2.2965000,0.0016367463394999504,-0.14129999279975891
4594,2.2970000,-0.0027206295635551214,-0.14360000193119049
4595,2.2975000,-0.0070233503356575966,-0.14569999277591705
4596,2.2980000,-0.011268378235399723,-0.14779999852180481
4597,2.2985000,-0.015456483699381351,-0.14970000088214874
4598,2.2990000,-0.019583243876695633,-0.15160000324249268
4599,2.2995000,-0.0236394964158535,-0.15330000221729279
4600,2.3000000,-0.027624441310763359,-0.15489999949932098
4601,2.3005000,-0.031543135643005371,-0.15649999678134918
4602,2.3010000,-0.035396210849285126,-0.15790000557899475
4603,2.3015000,-0.039181403815746307,-0.15919999778270721
4604,2.3020000,-0.042897399514913559,-0.16050000488758087
4605,2.3025000,-0.046542912721633911,-0.16159999370574951
4606,2.3030000,-0.050113189965486526,-0.16259999573230743
4607,2.3035000,-0.053601715713739395,-0.16359999775886536
4608,2.3040000,-0.057010449469089508,-0.16439999639987946
4609,2.3045000,-0.060348831117153168,-0.16519999504089355
4610,2.3050000,-0.063620097935199738,-0.16580000519752502
4611,2.3055000,-0.066817983984947205,-0.1664000004529953
4612,2.3060000,-0.069937378168106079,-0.16689999401569366
4613,2.3065000,-0.072981618344783783,-0.16730000078678131
4614,2.3070000,-0.075955063104629517,-0.16769999265670776
4615,2.3075000,-0.078856781125068665,-0.1679999977350235
4616,2.3080000,-0.081684522330760956,-0.16820000112056732
4617,2.3085000,-0.084439165890216827,-0.16830000281333923
4618,2.3090000,-0.087123163044452667,-0.16840000450611115
4619,2.3095000,-0.089734658598899841,-0.16840000450611115
4620,2.3100000,-0.092269904911518097,-0.16830000281333923
4621,2.3105000,-0.094730354845523834,-0.16820000112056732
4622,2.3110000,-0.097119428217411041,-0.16809999942779541
4623,2.3115000,-0.099438793957233429,-0.16789999604225159
4624,2.3120000,-0.10169114917516708,-0.16760000586509705
4625,2.3125000,-0.10388036817312241,-0.16730000078678131
4626,2.3130000,-0.10600906610488892,-0.16699999570846558
4627,2.3135000,-0.10807749629020691,-0.16660000383853912
4628,2.3140000,-0.11008521914482117,-0.16609999537467957
4629,2.3145000,-0.11203324049711227,-0.16570000350475311
4630,2.3150000,-0.11392498761415482,-0.16519999504089355
4631,2.3155000,-0.11576370894908905,-0.16470000147819519
4632,2.3160000,-0.11754576116800308,-0.16410000622272491
4633,2.3165000,-0.11926291137933731,-0.16349999606609344
4634,2.3170000,-0.12091552466154099,-0.16290000081062317
4635,2.3175000,-0.12250925600528717,-0.16230000555515289
4636,2.3180000,-0.124042809009552,-0.16169999539852142
4637,2.3185000,-0.12551142275333405,-0.16099999845027924
4638,2.3190000,-0.12691560387611389,-0.16030000150203705
4639,2.3195000,-0.12826085090637207,-0.15960000455379486
4640,2.3200000,-0.12954919040203094,-0.15889999270439148
4641,2.3205000,-0.13078010082244873,-0.15819999575614929
4642,2.3210000,-0.13195738196372986,-0.1574999988079071
4643,2.3215000,-0.13308539986610413,-0.15670000016689301
4644,2.3220000,-0.13416199386119843,-0.15600000321865082
4645,2.3225000,-0.13518035411834717,-0.15520000457763672
4646,2.3230000,-0.13614152371883392,-0.15449999272823334
4647,2.3235000,-0.13705377280712128,-0.15369999408721924
4648,2.3240000,-0.13791784644126892,-0.15289999544620514
4649,2.3245000,-0.1387290358543396,-0.15209999680519104
4650,2.3250000,-0.13948345184326172,-0.15139999985694885
4651,2.3255000,-0.14017882943153381,-0.15060000121593475
4652,2.3260000,-0.14081746339797974,-0.14980000257492065
4653,2.3265000,-0.14140176773071289,-0.14900000393390656
4654,2.3270000,-0.14192990958690643,-0.14820000529289246
4655,2.3275000,-0.14240220189094543,-0.14740000665187836
4656,2.3280000,-0.14282326400279999,-0.14659999310970306
4657,2.3285000,-0.14319409430027008,-0.14579999446868896
4658,2.3290000,-0.14351005852222443,-0.14499999582767487
4659,2.3295000,-0.14377100765705109,-0.14419999718666077
4660,2.3300000,-0.14398300647735596,-0.14339999854564667
4661,2.3305000,-0.14414907991886139,-0.14259999990463257
4662,2.3310000,-0.14426875114440918,-0.14180000126361847
4663,2.3315000,-0.14434173703193665,-0.14100000262260437
4664,2.3320000,-0.14437079429626465,-0.14020000398159027
4665,2.3325000,-0.14436060190200806,-0.13940000534057617
4666,2.3330000,-0.14431089162826538,-0.13860000669956207
4667,2.3335000,-0.14421960711479187,-0.13779999315738678
4668,2.3340000,-0.14408975839614868,-0.13699999451637268
4669,2.3345000,-0.14392513036727905,-0.13619999587535858
4670,2.3350000,-0.14372564852237701,-0.13539999723434448
4671,2.3355000,-0.14349015057086945,-0.13459999859333038
4672,2.3360000,-0.14321817457675934,-0.13379999995231628
4673,2.3365000,-0.14290989935398102,-0.1331000030040741
4674,2.3370000,-0.14256559312343597,-0.13230000436306
4675,2.3375000,-0.1421857625246048,-0.1315000057220459
4676,2.3380000,-0.14177420735359192,-0.1307000070810318
4677,2.3385000,-0.14133580029010773,-0.12989999353885651
4678,2.3390000,-0.140872523188591,-0.12919999659061432
4679,2.3395000,-0.14038313925266266,-0.12839999794960022
4680,2.3400000,-0.13986937701702118,-0.12759999930858612
4681,2.3405000,-0.13933955132961273,-0.12680000066757202
4682,2.3410000,-0.13879896700382233,-0.12610000371932983
4683,2.3415000,-0.13824567198753357,-0.12530000507831573
4684,2.3420000,-0.13767887651920319,-0.12449999898672104
4685,2.3425000,-0.13710135221481323,-0.12380000203847885
4686,2.3430000,-0.1365136057138443,-0.12300000339746475
4687,2.3435000,-0.13591322302818298,-0.12219999730587006
4688,2.3440000,-0.13529869914054871,-0.12139999866485596
4689,2.3445000,-0.13467270135879517,-0.12060000002384186
4690,2.3450000,-0.13403964042663574,-0.11980000138282776
4691,2.3455000,-0.13339784741401672,-0.11900000274181366
4692,2.3460000,-0.13274440169334412,-0.11819999665021896
4693,2.3465000,-0.13207985460758209,-0.11739999800920486
4694,2.3470000,-0.13140504062175751,-0.11659999936819077
4695,2.3475000,-0.13072225451469421,-0.11569999903440475
4696,2.3480000,-0.13003399968147278,-0.11479999870061874
4697,2.3485000,-0.12934485077857971,-0.11400000005960464
4698,2.3490000,-0.12865912914276123,-0.11299999803304672
4699,2.3495000,-0.12797588109970093,-0.11209999769926071
4700,2.3500000,-0.12729489803314209,-0.1111999973654747
4701,2.3505000,-0.12661705911159515,-0.11020000278949738
4702,2.3510000,-0.12593887746334076,-0.10920000076293945
4703,2.3515000,-0.12525835633277893,-0.10809999704360962
4704,2.3520000,-0.1245741993188858,-0.10710000246763229
4705,2.3525000,-0.12388355284929276,-0.10599999874830246
4706,2.3530000,-0.12318502366542816,-0.10480000078678131
4707,2.3535000,-0.12247699499130249,-0.10360000282526016
4708,2.3540000,-0.12176238745450974,-0.10239999741315842
4709,2.3545000,-0.12104574590921402,-0.10109999775886536
4710,2.3550000,-0.1203259602189064,-0.099799998104572296
4711,2.3555000,-0.11960260570049286,-0.098499998450279236
4712,2.3560000,-0.11887657642364502,-0.097099997103214264
4713,2.3565000,-0.11814577877521515,-0.095600001513957977
4714,2.3570000,-0.11740695685148239,-0.094200000166893005
4715,2.3575000,-0.1166582927107811,-0.092600002884864807
4716,2.3580000,-0.11590175330638885,-0.090999998152256012
4717,2.3585000,-0.11513703316450119,-0.089400000870227814
4718,2.3590000,-0.11436043679714203,-0.087700001895427704
4719,2.3595000,-0.11357226222753525,-0.086000002920627594
4720,2.3600000,-0.1127740815281868,-0.084200002253055573
4721,2.3605000,-0.11196573823690414,-0.082400001585483551
4722,2.3610000,-0.11114591360092163,-0.080499999225139618
4723,2.3615000,-0.11031511425971985,-0.078599996864795685
4724,2.3620000,-0.10947274416685104,-0.076600000262260437
4725,2.3625000,-0.10861389338970184,-0.074600003659725189
4726,2.3630000,-0.10773535817861557,-0.072599999606609344
4727,2.3635000,-0.10683523118495941,-0.070500001311302185
4728,2.3640000,-0.105911485850811,-0.068400003015995026
4729,2.3645000,-0.10496062785387039,-0.066299997270107269
4730,2.3650000,-0.10397834330797195,-0.064099997282028198
4731,2.3655000,-0.10296446084976196,-0.061900001019239426
4732,2.3660000,-0.10191936790943146,-0.059799998998641968
4733,2.3665000,-0.10084044188261032,-0.057599999010562897
4734,2.3670000,-0.099724359810352325,-0.055399999022483826
4735,2.3675000,-0.098572239279747009,-0.053199999034404755
4736,2.3680000,-0.097382098436355591,-0.050999999046325684
4737,2.3685000,-0.096144065260887146,-0.048799999058246613
4738,2.3690000,-0.094855077564716339,-0.046700000762939453
4739,2.3695000,-0.093519933521747589,-0.044500000774860382
4740,2.3700000,-0.092144951224327087,-0.042500000447034836
4741,2.3705000,-0.090732976794242859,-0.040399998426437378
4742,2.3710000,-0.089285172522068024,-0.03840000182390213
4743,2.3715000,-0.08780670166015625,-0.036400001496076584
4744,2.3720000,-0.086298227310180664,-0.034499999135732651
4745,2.3725000,-0.084754996001720428,-0.032699998468160629
4746,2.3730000,-0.083178646862506866,-0.030999999493360519
4747,2.3735000,-0.081579789519309998,-0.02930000051856041
4748,2.3740000,-0.079969339072704315,-0.027699999511241913
4749,2.3745000,-0.078350752592086792,-0.026200000196695328
4750,2.3750000,-0.076723620295524597,-0.024700000882148743
4751,2.3755000,-0.075093172490596771,-0.023399999365210533
4752,2.3760000,-0.073467135429382324,-0.022199999541044235
4753,2.3765000,-0.071851663291454315,-0.0210999995470047
4754,2.3770000,-0.070255525410175323,-0.020099999383091927
4755,2.3775000,-0.06868676096200943,-0.019200000911951065
4756,2.3780000,-0.067149214446544647,-0.018400000408291817
4757,2.3785000,-0.065647482872009277,-0.017699999734759331
4758,2.3790000,-0.064186275005340576,-0.017200000584125519
4759,2.3795000,-0.062764450907707214,-0.016699999570846558
4760,2.3800000,-0.061379861086606979,-0.016300000250339508
4761,2.3805000,-0.060034904628992081,-0.016100000590085983
4762,2.3810000,-0.058733455836772919,-0.015900000929832458
4763,2.3815000,-0.057481851428747177,-0.015900000929832458
4764,2.3820000,-0.056285861879587173,-0.015900000929832458
4765,2.3825000,-0.055145591497421265,-0.016000000759959221
4766,2.3830000,-0.054061416536569595,-0.016100000590085983
4767,2.3835000,-0.053035032004117966,-0.016300000250339508
4768,2.3840000,-0.052068021148443222,-0.016599999740719795
4769,2.3845000,-0.051162566989660263,-0.01679999940097332
4770,2.3850000,-0.050318215042352676,-0.017100000753998756
4771,2.3855000,-0.04953843355178833,-0.017300000414252281
4772,2.3860000,-0.048826485872268677,-0.017500000074505806
4773,2.3865000,-0.048177383840084076,-0.017699999734759331
4774,2.3870000,-0.047587893903255463,-0.017799999564886093
4775,2.3875000,-0.047055307775735855,-0.017699999734759331
4776,2.3880000,-0.046577446162700653,-0.017599999904632568
4777,2.3885000,-0.046154562383890152,-0.017300000414252281
4778,2.3890000,-0.045780263841152191,-0.01679999940097332
4779,2.3895000,-0.045449495315551758,-0.016100000590085983
4780,2.3900000,-0.045158460736274719,-0.015200000256299973
4781,2.3905000,-0.04489937424659729,-0.014000000432133675
4782,2.3910000,-0.044669333845376968,-0.012400000356137753
4783,2.3915000,-0.044460713863372803,-0.010599999688565731
4784,2.3920000,-0.044260155409574509,-0.0082999998703598976
4785,2.3925000,-0.044058132916688919,-0.0057000000961124897
4786,2.3930000,-0.043840747326612473,-0.0026000000070780516
4787,2.3935000,-0.043593689799308777,0.0010000000474974513
4788,2.3940000,-0.043309953063726425,0.0051000001840293407
4789,2.3945000,-0.042979557067155838,0.0097000002861022949
4790,2.3950000,-0.042588900774717331,0.014899999834597111
4791,2.3955000,-0.042124003171920776,0.02070000022649765
4792,2.3960000,-0.041567113250494003,0.027200000360608101
4793,2.3965000,-0.040900472551584244,0.034400001168251038
4794,2.3970000,-0.040107320994138718,0.042199999094009399
4795,2.3975000,-0.039172187447547913,0.050799999386072159
4796,2.3980000,-0.038078490644693375,0.060199998319149017
4797,2.3985000,-0.036801733076572418,0.070299997925758362
4798,2.3990000,-0.035315457731485367,0.081299997866153717
4799,2.3995000,-0.033592250198125839,0.093000002205371857
4800,2.4000000,-0.031604088842868805,0.10559999942779541
4801,2.4005000,-0.029328791424632072,0.11900000274181366
4802,2.4010000,-0.026753056794404984,0.13330000638961792
4803,2.4015000,-0.023863160982728004,0.148499995470047
4804,2.4020000,-0.020623957738280296,0.16449999809265137
4805,2.4025000,-0.016999423503875732,0.18129999935626984
4806,2.4030000,-0.01297355443239212,0.19900000095367432
4807,2.4035000,-0.0085257645696401596,0.2175000011920929
4808,2.4040000,-0.0036398479714989662,0.23690000176429749
4809,2.4045000,0.0016802293248474598,0.25699999928474426
4810,2.4050000,0.0074447011575102806,0.27779999375343323
4811,2.4055000,0.013675780035555363,0.29940000176429749
4812,2.4060000,0.020386844873428345,0.32159999012947083
4813,2.4065000,0.027594219893217087,0.34450000524520874
4814,2.4070000,0.03531593456864357,0.36790001392364502
4815,2.4075000,0.0435674749314785,0.39179998636245728
4816,2.4080000,0.052349116653203964,0.41629999876022339
4817,2.4085000,0.061653744429349899,0.44110000133514404
4818,2.4090000,0.071491166949272156,0.46619999408721924
4819,2.4095000,0.081869795918464661,0.49149999022483826
4820,2.4100000,0.09278453141450882,0.51709997653961182
4821,2.4105000,0.10423141717910767,0.54269999265670776
4822,2.4110000,0.11621914803981781,0.56819999217987061
4823,2.4115000,0.12874937057495117,0.59369999170303345
4824,2.4120000,0.1418132483959198,0.61900001764297485
4825,2.4125000,0.15540836751461029,0.64389997720718384
4826,2.4130000,0.16953012347221375,0.66850000619888306
4827,2.4135000,0.18417152762413025,0.69249999523162842
4828,2.4140000,0.19931487739086151,0.7159000039100647
4829,2.4145000,0.2149345874786377,0.73860001564025879
4830,2.4150000,0.23100978136062622,0.76050001382827759
4831,2.4155000,0.24751056730747223,0.78140002489089966
4832,2.4160000,0.26440322399139404,0.80129998922348022
4833,2.4165000,0.28166460990905762,0.81999999284744263
4834,2.4170000,0.29926609992980957,0.83740001916885376
4835,2.4175000,0.31716218590736389,0.85350000858306885
4836,2.4180000,0.33529555797576904,0.86809998750686646
4837,2.4185000,0.35361555218696594,0.88109999895095825
4838,2.4190000,0.3720937967300415,0.89240002632141113
4839,2.4195000,0.39069032669067383,0.90210002660751343
4840,2.4200000,0.40935185551643372,0.90979999303817749
4841,2.4205000,0.42804273962974548,0.91570001840591431
4842,2.4210000,0.44671368598937988,0.91960000991821289
4843,2.4215000,0.46529388427734375,0.92140001058578491
4844,2.4220000,0.48371234536170959,0.92110002040863037
4845,2.4225000,0.50189650058746338,0.91860002279281616
4846,2.4230000,0.51978349685668945,0.91390001773834229
4847,2.4235000,0.53731018304824829,0.90700000524520874
4848,2.4240000,0.55442452430725098,0.8978000283241272
4849,2.4245000,0.57109349966049194,0.88630002737045288
4850,2.4250000,0.58725357055664062,0.87239998579025269
4851,2.4255000,0.60282212495803833,0.8562999963760376
4852,2.4260000,0.61771005392074585,0.83780002593994141
4853,2.4265000,0.63182461261749268,0.81699997186660767
4854,2.4270000,0.64509284496307373,0.79400002956390381
4855,2.4275000,0.65743756294250488,0.76880002021789551
4856,2.4280000,0.66879922151565552,0.74129998683929443
4857,2.4285000,0.6791459321975708,0.71170002222061157
4858,2.4290000,0.68843096494674683,0.68000000715255737
4859,2.4295000,0.69657838344573975,0.64639997482299805
4860,2.4300000,0.70349782705307007,0.61080002784729004
4861,2.4305000,0.70910751819610596,0.57340002059936523
4862,2.4310000,0.71333575248718262,0.53420001268386841
4863,2.4315000,0.71612924337387085,0.49340000748634338
4864,2.4320000,0.71747457981109619,0.45100000500679016
4865,2.4325000,0.7173885703086853,0.40729999542236328
4866,2.4330000,0.7158663272857666,0.36219999194145203
4867,2.4335000,0.7128637433052063,0.31600001454353333
4868,2.4340000,0.70833617448806763,0.26879999041557312
4869,2.4345000,0.70224934816360474,0.22069999575614929
4870,2.4350000,0.69457799196243286,0.17180000245571136
4871,2.4355000,0.68530505895614624,0.12240000069141388
4872,2.4360000,0.67441010475158691,0.072400003671646118
4873,2.4365000,0.66188663244247437,0.022199999541044235
4874,2.4370000,0.64772903919219971,-0.028200000524520874
4875,2.4375000,0.6319282054901123,-0.07850000262260437
4876,2.4380000,0.61448937654495239,-0.12880000472068787
4877,2.4385000,0.59542006254196167,-0.17870000004768372
4878,2.4390000,0.57474672794342041,-0.22820000350475311
4879,2.4395000,0.55250883102416992,-0.27709999680519104
4880,2.4400000,0.52874678373336792,-0.32519999146461487
4881,2.4405000,0.50351744890213013,-0.37250000238418579
4882,2.4410000,0.47688648104667664,-0.4187999963760376
4883,2.4415000,0.44891810417175293,-0.46389999985694885
4884,2.4420000,0.41966724395751953,-0.50770002603530884
4885,2.4425000,0.38919630646705627,-0.55019998550415039
4886,2.4430000,0.35757315158843994,-0.59109997749328613
4887,2.4435000,0.32485651969909668,-0.63040000200271606
4888,2.4440000,0.29112312197685242,-0.6679999828338623
4889,2.4445000,0.25646275281906128,-0.70370000600814819
4890,2.4450000,0.22095751762390137,-0.73750001192092896
4891,2.4455000,0.18469655513763428,-0.76940000057220459
4892,2.4460000,0.14778381586074829,-0.79919999837875366
4893,2.4465000,0.11032792925834656,-0.82679998874664307
4894,2.4470000,0.072436898946762085,-0.85229998826980591
4895,2.4475000,0.034213624894618988,-0.87550002336502075
4896,2.4480000,-0.0042574033141136169,-0.89639997482299805
4897,2.4485000,-0.042894892394542694,-0.91509997844696045
4898,2.4490000,-0.081595882773399353,-0.93140000104904175
4899,2.4495000,-0.12025101482868195,-0.94539999961853027
4900,2.4500000,-0.15875640511512756,-0.9570000171661377
4901,2.4505000,-0.19701005518436432,-0.96630001068115234
4902,2.4510000,-0.23490101099014282,-0.97320002317428589
4903,2.4515000,-0.27230435609817505,-0.97780001163482666
4904,2.4520000,-0.30910396575927734,-0.98009997606277466
4905,2.4525000,-0.34519243240356445,-0.98019999265670776
4906,2.4530000,-0.38046842813491821,-0.9779999852180481
4907,2.4535000,-0.41485214233398438,-0.97369998693466187
4908,2.4540000,-0.44826692342758179,-0.96719998121261597
4909,2.4545000,-0.48062130808830261,-0.95870000123977661
4910,2.4550000,-0.51182007789611816,-0.94819998741149902
4911,2.4555000,-0.5417783260345459,-0.93580001592636108
4912,2.4560000,-0.57043147087097168,-0.92150002717971802
4913,2.4565000,-0.59773147106170654,-0.90539997816085815
4914,2.4570000,-0.62362527847290039,-0.88770002126693726
4915,2.4575000,-0.64805424213409424,-0.868399977684021
4916,2.4580000,-0.67096906900405884,-0.8475000262260437
4917,2.4585000,-0.69232547283172607,-0.82529997825622559
4918,2.4590000,-0.71208274364471436,-0.80169999599456787
4919,2.4595000,-0.73020762205123901,-0.77689999341964722
4920,2.4600000,-0.74668699502944946,-0.75099998712539673
4921,2.4605000,-0.76152747869491577,-0.72409999370574951
4922,2.4610000,-0.77471095323562622,-0.69630002975463867
4923,2.4615000,-0.78620493412017822,-0.66769999265670776
4924,2.4620000,-0.79600745439529419,-0.63840001821517944
4925,2.4625000,-0.80412662029266357,-0.60850000381469727
4926,2.4630000,-0.81056183576583862,-0.57810002565383911
4927,2.4635000,-0.81531846523284912,-0.54720002412796021
4928,2.4640000,-0.81840777397155762,-0.51609998941421509
4929,2.4645000,-0.81984984874725342,-0.48480001091957092
4930,2.4650000,-0.81968206167221069,-0.45339998602867126
4931,2.4655000,-0.81793373823165894,-0.42190000414848328
4932,2.4660000,-0.81462210416793823,-0.39050000905990601
4933,2.4665000,-0.80978107452392578,-0.35929998755455017
4934,2.4670000,-0.80345773696899414,-0.32839998602867126
4935,2.4675000,-0.79570221900939941,-0.29769998788833618
4936,2.4680000,-0.78657758235931396,-0.26739999651908875
4937,2.4685000,-0.77613687515258789,-0.23770000040531158
4938,2.4690000,-0.76440560817718506,-0.20839999616146088
4939,2.4695000,-0.75142544507980347,-0.17980000376701355
4940,2.4700000,-0.73726260662078857,-0.1518000066280365
4941,2.4705000,-0.72198343276977539,-0.12449999898672104
4942,2.4710000,-0.70565837621688843,-0.097999997437000275
4943,2.4715000,-0.68835294246673584,-0.072300001978874207
4944,2.4720000,-0.67013472318649292,-0.047400001436471939
4945,2.4725000,-0.65108782052993774,-0.023399999365210533
4946,2.4730000,-0.63128626346588135,-0.00039999998989515007
4947,2.4735000,-0.61078417301177979,0.021700000390410423
4948,2.4740000,-0.58964699506759644,0.042899999767541885
4949,2.4745000,-0.56795018911361694,0.063000001013278961
4950,2.4750000,-0.54574894905090332,0.082199998199939728
4951,2.4755000,-0.52309674024581909,0.10029999911785126
4952,2.4760000,-0.50006163120269775,0.11749999970197678
4953,2.4765000,-0.47670769691467285,0.13359999656677246
4954,2.4770000,-0.45309850573539734,0.14869999885559082
4955,2.4775000,-0.42930847406387329,0.16279999911785126
4956,2.4780000,-0.40541020035743713,0.17589999735355377
4957,2.4785000,-0.38146102428436279,0.18799999356269836
4958,2.4790000,-0.35751080513000488,0.19920000433921814
4959,2.4795000,-0.33362334966659546,0.2093999981880188
4960,2.4800000,-0.30986103415489197,0.21860000491142273
4961,2.4805000,-0.28625878691673279,0.22699999809265137
4962,2.4810000,-0.26285570859909058,0.23450000584125519
4963,2.4815000,-0.23971357941627502,0.2410999983549118
4964,2.4820000,-0.21689048409461975,0.24690000712871552
4965,2.4825000,-0.19442787766456604,0.25200000405311584
4966,2.4830000,-0.1723693311214447,0.25630000233650208
4967,2.4835000,-0.15076002478599548,0.25990000367164612
4968,2.4840000,-0.12963713705539703,0.26280000805854797
4969,2.4845000,-0.10904495418071747,0.26499998569488525
4970,2.4850000,-0.089024476706981659,0.26669999957084656
4971,2.4855000,-0.06959812343120575,0.26769998669624329
4972,2.4860000,-0.050779141485691071,0.26829999685287476
4973,2.4865000,-0.032582759857177734,0.26829999685287476
4974,2.4870000,-0.015029944479465485,0.26800000667572021
4975,2.4875000,0.0018612779676914215,0.26719999313354492
4976,2.4880000,0.018082275986671448,0.26600000262260437
4977,2.4885000,0.033629868179559708,0.26449999213218689
4978,2.4890000,0.048499263823032379,0.26260000467300415
4979,2.4895000,0.062686465680599213,0.26050001382827759
4980,2.4900000,0.076185710728168488,0.25819998979568481
4981,2.4905000,0.088986441493034363,0.25569999217987061
4982,2.4910000,0.10108952969312668,0.25299999117851257
4983,2.4915000,0.11250466108322144,0.25009998679161072
4984,2.4920000,0.12324605137109756,0.24719999730587006
4985,2.4925000,0.1333315372467041,0.24420000612735748
4986,2.4930000,0.14276976883411407,0.2410999983549118
4987,2.4935000,0.15156573057174683,0.23800000548362732
4988,2.4940000,0.15972645580768585,0.23489999771118164
4989,2.4945000,0.16726386547088623,0.23180000483989716
4990,2.4950000,0.17419856786727905,0.22869999706745148
4991,2.4955000,0.18054872751235962,0.2257000058889389
4992,2.4960000,0.18633855879306793,0.22280000150203705
4993,2.4965000,0.19160287082195282,0.21989999711513519
4994,2.4970000,0.19636468589305878,0.21719999611377716
4995,2.4975000,0.20063962042331696,0.21459999680519104
4996,2.4980000,0.20444069802761078,0.21209999918937683
4997,2.4985000,0.20777599513530731,0.20970000326633453
4998,2.4990000,0.21066334843635559,0.20749999582767487
4999,2.4995000,0.2131284773349762,0.2054000049829483
5000,2.5000000,0.21518780291080475,0.20350000262260437
5001,2.5005000,0.21684922277927399,0.20170000195503235
5002,2.5010000,0.21812309324741364,0.20010000467300415
5003,2.5015000,0.21902291476726532,0.19859999418258667
5004,2.5020000,0.21956756711006165,0.19740000367164612
5005,2.5025000,0.21978181600570679,0.19619999825954437
5006,2.5030000,0.21969258785247803,0.19529999792575836
5007,2.5035000,0.21932089328765869,0.19449999928474426
5008,2.5040000,0.21868157386779785,0.19380000233650208
5009,2.5045000,0.21779768168926239,0.19329999387264252
5010,2.5050000,0.21670174598693848,0.19290000200271606
5011,2.5055000,0.21541760861873627,0.19269999861717224
5012,2.5060000,0.21395820379257202,0.19259999692440033
5013,2.5065000,0.21234540641307831,0.19269999861717224
5014,2.5070000,0.21060389280319214,0.19280000030994415
5015,2.5075000,0.20874917507171631,0.19310000538825989
5016,2.5080000,0.20680320262908936,0.19339999556541443
5017,2.5085000,0.20479385554790497,0.19390000402927399
5018,2.5090000,0.20273852348327637,0.19439999759197235
5019,2.5095000,0.20065130293369293,0.19509999454021454
5020,2.5100000,0.19854699075222015,0.19580000638961792
5021,2.5105000,0.19643495976924896,0.19650000333786011
5022,2.5110000,0.19432023167610168,0.19730000197887421
5023,2.5115000,0.19220747053623199,0.19820000231266022
5024,2.5120000,0.19011147320270538,0.19910000264644623
5025,2.5125000,0.18805027008056641,0.20000000298023224
5026,2.5130000,0.18603344261646271,0.20090000331401825
5027,2.5135000,0.18406708538532257,0.20190000534057617
5028,2.5140000,0.18215298652648926,0.20280000567436218
5029,2.5145000,0.18028873205184937,0.20379999279975891
5030,2.5150000,0.17847894132137299,0.20469999313354492
5031,2.5155000,0.17673757672309875,0.20569999516010284
5032,2.5160000,0.17507009208202362,0.20659999549388885
5033,2.5165000,0.17347158491611481,0.20749999582767487
5034,2.5170000,0.17194399237632751,0.20829999446868896
5035,2.5175000,0.17049644887447357,0.20919999480247498
5036,2.5180000,0.16913428902626038,0.20999999344348907
5037,2.5185000,0.16785748302936554,0.21070000529289246
5038,2.5190000,0.16666698455810547,0.21140000224113464
5039,2.5195000,0.16556359827518463,0.21209999918937683
5040,2.5200000,0.16454355418682098,0.21269999444484711
5041,2.5205000,0.16359977424144745,0.21320000290870667
5042,2.5210000,0.16273097693920135,0.21369999647140503
5043,2.5215000,0.16194130480289459,0.21420000493526459
5044,2.5220000,0.16123472154140472,0.21459999680519104
5045,2.5225000,0.16060985624790192,0.21490000188350677
5046,2.5230000,0.16005648672580719,0.21520000696182251
5047,2.5235000,0.15957164764404297,0.21539999544620514
5048,2.5240000,0.15915797650814056,0.21559999883174896
5049,2.5245000,0.15880419313907623,0.21570000052452087
5050,2.5250000,0.15850092470645905,0.21570000052452087
5051,2.5255000,0.1582489013671875,0.21570000052452087
5052,2.5260000,0.15804456174373627,0.21570000052452087
5053,2.5265000,0.15788327157497406,0.21559999883174896
5054,2.5270000,0.15776063501834869,0.21539999544620514
5055,2.5275000,0.15767309069633484,0.21520000696182251
5056,2.5280000,0.15761938691139221,0.21500000357627869
5057,2.5285000,0.15759481489658356,0.21469999849796295
5058,2.5290000,0.15759432315826416,0.2143000066280365
5059,2.5295000,0.15761938691139221,0.21400000154972076
5060,2.5300000,0.15766951441764832,0.21359999477863312
5061,2.5305000,0.15773603320121765,0.21320000290870667
5062,2.5310000,0.15781261026859283,0.21269999444484711
5063,2.5315000,0.15789292752742767,0.21220000088214874
5064,2.5320000,0.15797001123428345,0.21170000731945038
5065,2.5325000,0.15804766118526459,0.21119999885559082
5066,2.5330000,0.15813109278678894,0.21060000360012054
5067,2.5335000,0.15821598470211029,0.21009999513626099
5068,2.5340000,0.15829832851886749,0.20949999988079071
5069,2.5345000,0.15838012099266052,0.20890000462532043
5070,2.5350000,0.15845984220504761,0.20829999446868896
5071,2.5355000,0.15853020548820496,0.20769999921321869
5072,2.5360000,0.1585884690284729,0.20710000395774841
5073,2.5365000,0.15864144265651703,0.20649999380111694
5074,2.5370000,0.1586957722902298,0.20589999854564667
5075,2.5375000,0.15874332189559937,0.20530000329017639
5076,2.5380000,0.15877674520015717,0.20469999313354492
5077,2.5385000,0.15880459547042847,0.20409999787807465
5078,2.5390000,0.15883176028728485,0.20350000262260437
5079,2.5395000,0.15885733067989349,0.20299999415874481
5080,2.5400000,0.15888260304927826,0.20239999890327454
5081,2.5405000,0.15890896320343018,0.20190000534057617
5082,2.5410000,0.15894053876399994,0.20139999687671661
5083,2.5415000,0.15897884964942932,0.20090000331401825
5084,2.5420000,0.15901879966259003,0.20039999485015869
5085,2.5425000,0.15905968844890594,0.19990000128746033
5086,2.5430000,0.15910382568836212,0.19949999451637268
5087,2.5435000,0.15914738178253174,0.19900000095367432
5088,2.5440000,0.15918931365013123,0.19859999418258667
5089,2.5445000,0.15923453867435455,0.19830000400543213
5090,2.5450000,0.15928639471530914,0.19789999723434448
5091,2.5455000,0.15934045612812042,0.19760000705718994
5092,2.5460000,0.15938729047775269,0.19720000028610229
5093,2.5465000,0.15942297875881195,0.19689999520778656
5094,2.5470000,0.15944951772689819,0.19670000672340393
5095,2.5475000,0.15946899354457855,0.1964000016450882
5096,2.5480000,0.1594807505607605,0.19619999825954437
5097,2.5485000,0.15948763489723206,0.19599999487400055
5098,2.5490000,0.15949136018753052,0.19580000638961792
5099,2.5495000,0.1594841331243515,0.1956000030040741
5100,2.5500000,0.15946532785892487,0.19539999961853027
5101,2.5505000,0.15944448113441467,0.19529999792575836
5102,2.5510000,0.15942664444446564,0.19519999623298645
5103,2.5515000,0.15941677987575531,0.19509999454021454
5104,2.5520000,0.15941481292247772,0.19499999284744263
5105,2.5525000,0.1594131737947464,0.19490000605583191
5106,2.5530000,0.15940895676612854,0.19480000436306
5107,2.5535000,0.1594000905752182,0.19480000436306
5108,2.5540000,0.15938906371593475,0.19480000436306
5109,2.5545000,0.15938229858875275,0.19470000267028809
5110,2.5550000,0.1593811959028244,0.19470000267028809
5111,2.5555000,0.15939052402973175,0.19470000267028809
5112,2.5560000,0.15941263735294342,0.19470000267028809
5113,2.5565000,0.1594366580247879,0.19470000267028809
5114,2.5570000,0.15945658087730408,0.19480000436306
5115,2.5575000,0.15947338938713074,0.19480000436306
5116,2.5580000,0.15948371589183807,0.19480000436306
5117,2.5585000,0.15948690474033356,0.19490000605583191
5118,2.5590000,0.15948560833930969,0.19490000605583191
5119,2.5595000,0.15949124097824097,0.19499999284744263
5120,2.5600000,0.15951535105705261,0.19499999284744263
5121,2.5605000,0.15954916179180145,0.19509999454021454
5122,2.5610000,0.15958242118358612,0.19519999623298645
5123,2.5615000,0.15961608290672302,0.19519999623298645
5124,2.5620000,0.15965637564659119,0.19529999792575836
5125,2.5625000,0.15970869362354279,0.19539999961853027
5126,2.5630000,0.15976706147193909,0.19550000131130219
5127,2.5635000,0.15982590615749359,0.1956000030040741
5128,2.5640000,0.15988634526729584,0.19570000469684601
5129,2.5645000,0.15994256734848022,0.19580000638961792
5130,2.5650000,0.15998663008213043,0.19589999318122864
5131,2.5655000,0.16002550721168518,0.19599999487400055
5132,2.5660000,0.16007320582866669,0.19609999656677246
5133,2.5665000,0.16012875735759735,0.19619999825954437
5134,2.5670000,0.1601828932762146,0.19629999995231628
5135,2.5675000,0.16023246943950653,0.19650000333786011
5136,2.5680000,0.16027940809726715,0.19660000503063202
5137,2.5685000,0.16032542288303375,0.19670000672340393
5138,2.5690000,0.16036862134933472,0.19689999520778656
5139,2.5695000,0.16041229665279388,0.19699999690055847
5140,2.5700000,0.16046816110610962,0.19720000028610229
5141,2.5705000,0.16054199635982513,0.19730000197887421
5142,2.5710000,0.16062837839126587,0.19750000536441803
5143,2.5715000,0.1607203334569931,0.19769999384880066
5144,2.5720000,0.16081710159778595,0.19789999723434448
5145,2.5725000,0.16092246770858765,0.19810000061988831
5146,2.5730000,0.16103659570217133,0.19830000400543213
5147,2.5735000,0.16115786135196686,0.19850000739097595
5148,2.5740000,0.16128505766391754,0.19869999587535858
5149,2.5745000,0.16141772270202637,0.1988999992609024
5150,2.5750000,0.16156169772148132,0.19910000264644623
5151,2.5755000,0.16172206401824951,0.19939999282360077
5152,2.5760000,0.16189861297607422,0.19959999620914459
5153,2.5765000,0.16208755970001221,0.19990000128746033
5154,2.5770000,0.1622840017080307,0.20010000467300415
5155,2.5775000,0.16248844563961029,0.20039999485015869
5156,2.5780000,0.16270172595977783,0.20069999992847443
5157,2.5785000,0.16292594373226166,0.20100000500679016
5158,2.5790000,0.16316688060760498,0.2012999951839447
5159,2.5795000,0.16342793405056,0.20160000026226044
5160,2.5800000,0.16370488703250885,0.20190000534057617
5161,2.5805000,0.16399271786212921,0.20219999551773071
5162,2.5810000,0.16429199278354645,0.20250000059604645
5163,2.5815000,0.16460001468658447,0.20280000567436218
5164,2.5820000,0.16491389274597168,0.20309999585151672
5165,2.5825000,0.16523739695549011,0.20340000092983246
5166,2.5830000,0.16557647287845612,0.20370000600814819
5167,2.5835000,0.16593016684055328,0.20409999787807465
5168,2.5840000,0.16629202663898468,0.20440000295639038
5169,2.5845000,0.16665080189704895,0.20469999313354492
5170,2.5850000,0.16699516773223877,0.20499999821186066
5171,2.5855000,0.16732954978942871,0.20530000329017639
5172,2.5860000,0.16766580939292908,0.20559999346733093
5173,2.5865000,0.16800928115844727,0.20589999854564667
5174,2.5870000,0.16836036741733551,0.2062000036239624
5175,2.5875000,0.16871479153633118,0.20640000700950623
5176,2.5880000,0.16907529532909393,0.20669999718666077
5177,2.5885000,0.16945186257362366,0.20690000057220459
5178,2.5890000,0.16984577476978302,0.20720000565052032
5179,2.5895000,0.17025876045227051,0.20739999413490295
5180,2.5900000,0.17069751024246216,0.20759999752044678
5181,2.5905000,0.17116694152355194,0.2078000009059906
5182,2.5910000,0.17166861891746521,0.20800000429153442
5183,2.5915000,0.17219853401184082,0.20819999277591705
5184,2.5920000,0.17275360226631165,0.20839999616146088
5185,2.5925000,0.17333653569221497,0.20849999785423279
5186,2.5930000,0.17395064234733582,0.20870000123977661
5187,2.5935000,0.17459650337696075,0.20880000293254852
5188,2.5940000,0.17527276277542114,0.20890000462532043
5189,2.5945000,0.17598278820514679,0.20900000631809235
5190,2.5950000,0.17673346400260925,0.20909999310970306
5191,2.5955000,0.17752721905708313,0.20919999480247498
5192,2.5960000,0.17836347222328186,0.20929999649524689
5193,2.5965000,0.17923986911773682,0.2093999981880188
5194,2.5970000,0.18015040457248688,0.2093999981880188
5195,2.5975000,0.18108893930912018,0.20949999988079071
5196,2.5980000,0.18205313384532928,0.20960000157356262
5197,2.5985000,0.1830422431230545,0.20960000157356262
5198,2.5990000,0.18405948579311371,0.20970000326633453
5199,2.5995000,0.18510572612285614,0.20980000495910645
5200,2.6000000,0.18617212772369385,0.20990000665187836
5201,2.6005000,0.18725003302097321,0.20990000665187836
5202,2.6010000,0.1883365660905838,0.20999999344348907
5203,2.6015000,0.18943513929843903,0.2101999968290329
5204,2.6020000,0.19055277109146118,0.21029999852180481
5205,2.6025000,0.19169005751609802,0.21050000190734863
5206,2.6030000,0.19284400343894958,0.21070000529289246
5207,2.6035000,0.19401414692401886,0.21089999377727509
5208,2.6040000,0.19518807530403137,0.21109999716281891
5209,2.6045000,0.1963459700345993,0.21140000224113464
5210,2.6050000,0.19748446345329285,0.21170000731945038
5211,2.6055000,0.19861330091953278,0.21199999749660492
5212,2.6060000,0.19974102079868317,0.21240000426769257
5213,2.6065000,0.20086728036403656,0.21279999613761902
5214,2.6070000,0.20198871195316315,0.21330000460147858
5215,2.6075000,0.20310473442077637,0.21379999816417694
5216,2.6080000,0.20421019196510315,0.21439999341964722
5217,2.6085000,0.20529825985431671,0.21500000357627869
5218,2.6090000,0.20636345446109772,0.21570000052452087
5219,2.6095000,0.2074064165353775,0.21639999747276306
5220,2.6100000,0.20844011008739471,0.21719999611377716
5221,2.6105000,0.20947504043579102,0.21809999644756317
5222,2.6110000,0.21051114797592163,0.21899999678134918
5223,2.6115000,0.21154358983039856,0.2199999988079071
5224,2.6120000,0.21257402002811432,0.22110000252723694
5225,2.6125000,0.2136111706495285,0.22220000624656677
5226,2.6130000,0.21465310454368591,0.22339999675750732
5227,2.6135000,0.21569515764713287,0.22470000386238098
5228,2.6140000,0.2167448103427887,0.22599999606609344
5229,2.6145000,0.21780689060688019,0.22740000486373901
5230,2.6150000,0.21887937188148499,0.2289000004529953
5231,2.6155000,0.21996131539344788,0.2304999977350235
5232,2.6160000,0.22105884552001953,0.2320999950170517
5233,2.6165000,0.22218160331249237,0.23379999399185181
5234,2.6170000,0.22332900762557983,0.23559999465942383
5235,2.6175000,0.22449614107608795,0.23749999701976776
5236,2.6180000,0.22568407654762268,0.23939999938011169
5237,2.6185000,0.22689814865589142,0.24140000343322754
5238,2.6190000,0.22814264893531799,0.24339999258518219
5239,2.6195000,0.22942234575748444,0.24560000002384186
5240,2.6200000,0.2307356595993042,0.24779999256134033
5241,2.6205000,0.23206715285778046,0.25
5242,2.6210000,0.23340825736522675,0.25240001082420349
5243,2.6215000,0.23476319015026093,0.25479999184608459
5244,2.6220000,0.23613537847995758,0.25720000267028809
5245,2.6225000,0.23752754926681519,0.25970000028610229
5246,2.6230000,0.23894470930099487,0.26230001449584961
5247,2.6235000,0.24039427936077118,0.26489999890327454
5248,2.6240000,0.24188333749771118,0.26759999990463257
5249,2.6245000,0.24341650307178497,0.27039998769760132
5250,2.6250000,0.24499721825122833,0.27309998869895935
5251,2.6255000,0.24662965536117554,0.27599999308586121
5252,2.6260000,0.24831649661064148,0.27889999747276306
5253,2.6265000,0.25006061792373657,0.28180000185966492
5254,2.6270000,0.25186863541603088,0.28479999303817749
5255,2.6275000,0.25374728441238403,0.28780001401901245
5256,2.6280000,0.25569677352905273,0.29089999198913574
5257,2.6285000,0.25770968198776245,0.29399999976158142
5258,2.6290000,0.25978079438209534,0.2971000075340271
5259,2.6295000,0.2619088888168335,0.3003000020980835
5260,2.6300000,0.26408934593200684,0.30349999666213989
5261,2.6305000,0.26632046699523926,0.30680000782012939
5262,2.6310000,0.26860630512237549,0.31009998917579651
5263,2.6315000,0.27094694972038269,0.31340000033378601
5264,2.6320000,0.27334362268447876,0.31679999828338623
5265,2.6325000,0.27580463886260986,0.32019999623298645
5266,2.6330000,0.27833390235900879,0.32359999418258667
5267,2.6335000,0.28092655539512634,0.32699999213218689
5268,2.6340000,0.28357857465744019,0.33050000667572021
5269,2.6345000,0.28628763556480408,0.33399999141693115
5270,2.6350000,0.28904730081558228,0.3375999927520752
5271,2.6355000,0.29185062646865845,0.34110000729560852
5272,2.6360000,0.29469642043113708,0.34470000863075256
5273,2.6365000,0.29758793115615845,0.34839999675750732
5274,2.6370000,0.30052345991134644,0.35199999809265137
5275,2.6375000,0.30349713563919067,0.35569998621940613
5276,2.6380000,0.30650678277015686,0.35940000414848328
5277,2.6385000,0.30954897403717041,0.36309999227523804
5278,2.6390000,0.31261897087097168,0.36680001020431519
5279,2.6395000,0.31571504473686218,0.37059998512268066
5280,2.6400000,0.31883516907691956,0.37430000305175781
5281,2.6405000,0.32197606563568115,0.37810000777244568
5282,2.6410000,0.32513332366943359,0.38190001249313354
5283,2.6415000,0.32830637693405151,0.38569998741149902
5284,2.6420000,0.33150136470794678,0.38949999213218689
5285,2.6425000,0.33472016453742981,0.39329999685287476
5286,2.6430000,0.3379574716091156,0.39710000157356262
5287,2.6435000,0.34121403098106384,0.40099999308586121
5288,2.6440000,0.34449052810668945,0.40479999780654907
5289,2.6445000,0.34777063131332397,0.40860000252723694
5290,2.6450000,0.35103681683540344,0.41249999403953552
5291,2.6455000,0.35428726673126221,0.41629999876022339
5292,2.6460000,0.35752677917480469,0.42010000348091125
5293,2.6465000,0.36075621843338013,0.42390000820159912
5294,2.6470000,0.36397433280944824,0.42770001292228699
5295,2.6475000,0.3671850860118866,0.43149998784065247
5296,2.6480000,0.37039712071418762,0.43520000576972961
5297,2.6485000,0.37361535429954529,0.43889999389648438
5298,2.6490000,0.37683835625648499,0.44269999861717224
5299,2.6495000,0.38006153702735901,0.44629999995231628
5300,2.6500000,0.38328135013580322,0.44999998807907104
5301,2.6505000,0.38649994134902954,0.45359998941421509
5302,2.6510000,0.38972094655036926,0.45719999074935913
5303,2.6515000,0.39294442534446716,0.46079999208450317
5304,2.6520000,0.39617335796356201,0.46439999341964722
5305,2.6525000,0.39942055940628052,0.46790000796318054
5306,2.6530000,0.40269553661346436,0.47130000591278076
5307,2.6535000,0.40599241852760315,0.47470000386238098
5308,2.6540000,0.40930122137069702,0.4781000018119812
5309,2.6545000,0.41262215375900269,0.48149999976158142
5310,2.6550000,0.41595971584320068,0.48480001091957092
5311,2.6555000,0.41931536793708801,0.48800000548362732
5312,2.6560000,0.4226938784122467,0.49120000004768372
5313,2.6565000,0.42609995603561401,0.49439999461174011
5314,2.6570000,0.42953550815582275,0.49750000238418579
5315,2.6575000,0.43299812078475952,0.50059998035430908
5316,2.6580000,0.43648314476013184,0.50360000133514404
5317,2.6585000,0.43999585509300232,0.506600022315979
5318,2.6590000,0.44353756308555603,0.50959998369216919
5319,2.6595000,0.44710284471511841,0.51249998807907104
5320,2.6600000,0.45067721605300903,0.51529997587203979
5321,2.6605000,0.45423838496208191,0.51810002326965332
5322,2.6610000,0.4577842652797699,0.52090001106262207
5323,2.6615000,0.46132168173789978,0.52359998226165771
5324,2.6620000,0.46484789252281189,0.52630001306533813
5325,2.6625000,0.46835750341415405,0.52890002727508545
5326,2.6630000,0.47184997797012329,0.53149998188018799
5327,2.6635000,0.47532501816749573,0.5340999960899353
5328,2.6640000,0.47877427935600281,0.53659999370574951
5329,2.6645000,0.48218917846679688,0.53909999132156372
5330,2.6650000,0.48557230830192566,0.54149997234344482
5331,2.6655000,0.48893162608146667,0.5439000129699707
5332,2.6660000,0.49226740002632141,0.54629999399185181
5333,2.6665000,0.49557524919509888,0.54860001802444458
5334,2.6670000,0.49885571002960205,0.55089998245239258
5335,2.6675000,0.50211584568023682,0.55320000648498535
5336,2.6680000,0.50536620616912842,0.55540001392364502
5337,2.6685000,0.50861430168151855,0.55760002136230469
5338,2.6690000,0.51185965538024902,0.55980002880096436
5339,2.6695000,0.51509523391723633,0.56190001964569092
5340,2.6700000,0.51831889152526855,0.56400001049041748
5341,2.6705000,0.52153682708740234,0.56610000133514404
5342,2.6710000,0.52475380897521973,0.5680999755859375
5343,2.6715000,0.52796661853790283,0.57010000944137573
5344,2.6720000,0.53116858005523682,0.57200002670288086
5345,2.6725000,0.53435647487640381,0.57389998435974121
5346,2.6730000,0.5375295877456665,0.57580000162124634
5347,2.6735000,0.54069101810455322,0.57770001888275146
5348,2.6740000,0.54384398460388184,0.57940000295639038
5349,2.6745000,0.54698336124420166,0.5812000036239624
5350,2.6750000,0.55010533332824707,0.58289998769760132
5351,2.6755000,0.55321252346038818,0.58459997177124023
5352,2.6760000,0.55630820989608765,0.58619999885559082
5353,2.6765000,0.55940264463424683,0.5877000093460083
5354,2.6770000,0.56250846385955811,0.58920001983642578
5355,2.6775000,0.56562685966491699,0.59069997072219849
5356,2.6780000,0.56875330209732056,0.59200000762939453
5357,2.6785000,0.57188159227371216,0.59340000152587891
5358,2.6790000,0.57500451803207397,0.59460002183914185
5359,2.6795000,0.57812583446502686,0.59579998254776001
5360,2.6800000,0.58125442266464233,0.59689998626708984
5361,2.6805000,0.58440017700195312,0.59799998998641968
5362,2.6810000,0.58756989240646362,0.59890002012252808
5363,2.6815000,0.59075748920440674,0.5997999906539917
5364,2.6820000,0.59396117925643921,0.60060000419616699
5365,2.6825000,0.59717804193496704,0.60130000114440918
5366,2.6830000,0.60039675235748291,0.60189998149871826
5367,2.6835000,0.60361176729202271,0.60240000486373901
5368,2.6840000,0.60680866241455078,0.60290002822875977
5369,2.6845000,0.60996508598327637,0.60320001840591431
5370,2.6850000,0.61307084560394287,0.60339999198913574
5371,2.6855000,0.6161225438117981,0.60350000858306885
5372,2.6860000,0.61912047863006592,0.60350000858306885
5373,2.6865000,0.62206387519836426,0.60329997539520264
5374,2.6870000,0.62494903802871704,0.6031000018119812
5375,2.6875000,0.62777531147003174,0.60269999504089355
5376,2.6880000,0.63054186105728149,0.6021999716758728
5377,2.6885000,0.63325190544128418,0.60149997472763062
5378,2.6890000,0.63590431213378906,0.6007000207901001
5379,2.6895000,0.63848268985748291,0.5997999906539917
5380,2.6900000,0.64098089933395386,0.59869998693466187
5381,2.6905000,0.64340108633041382,0.5975000262260437
5382,2.6910000,0.64573103189468384,0.59619998931884766
5383,2.6915000,0.64796030521392822,0.59460002183914185
5384,2.6920000,0.65009611845016479,0.59299999475479126
5385,2.6925000,0.65215837955474854,0.59109997749328613
5386,2.6930000,0.65415620803833008,0.58910000324249268
5387,2.6935000,0.65607661008834839,0.58689999580383301
5388,2.6940000,0.65790647268295288,0.58459997177124023
5389,2.6945000,0.65963602066040039,0.58209997415542603
5390,2.6950000,0.66124892234802246,0.57940000295639038
5391,2.6955000,0.66273576021194458,0.57649999856948853
5392,2.6960000,0.66407692432403564,0.57340002059936523
5393,2.6965000,0.66523945331573486,0.57020002603530884
5394,2.6970000,0.6662171483039856,0.56679999828338623
5395,2.6975000,0.66701537370681763,0.56309998035430908
5396,2.6980000,0.66762971878051758,0.5593000054359436
5397,2.6985000,0.66805356740951538,0.55529999732971191
5398,2.6990000,0.6682855486869812,0.55110001564025879
5399,2.6995000,0.66832858324050903,0.54670000076293945
5400,2.7000000,0.66817128658294678,0.54199999570846558
5401,2.7005000,0.66779673099517822,0.53719997406005859
5402,2.7010000,0.66720336675643921,0.53219997882843018
5403,2.7015000,0.6663893461227417,0.52689999341964722
5404,2.7020000,0.66534662246704102,0.52139997482299805
5405,2.7025000,0.66407907009124756,0.51579999923706055
5406,2.7030000,0.66259473562240601,0.50989997386932373
5407,2.7035000,0.66089004278182983,0.50379997491836548
5408,2.7040000,0.65894144773483276,0.49739998579025269
5409,2.7045000,0.65671604871749878,0.49090000987052917
5410,2.7050000,0.65420061349868774,0.48410001397132874
5411,2.7055000,0.65140092372894287,0.47710001468658447
5412,2.7060000,0.64831840991973877,0.46990001201629639
5413,2.7065000,0.6449505090713501,0.46250000596046448
5414,2.7070000,0.64130550622940063,0.45489999651908875
5415,2.7075000,0.63738805055618286,0.44699999690055847
5416,2.7080000,0.63319885730743408,0.43889999389648438
5417,2.7085000,0.62874370813369751,0.43059998750686646
5418,2.7090000,0.62402248382568359,0.4221000075340271
5419,2.7095000,0.61903059482574463,0.41330000758171082
5420,2.7100000,0.61376452445983887,0.40439999103546143
5421,2.7105000,0.60822582244873047,0.39520001411437988
5422,2.7110000,0.60242003202438354,0.38580000400543213
5423,2.7115000,0.59634703397750854,0.37619999051094055
5424,2.7120000,0.58999925851821899,0.36640000343322754
5425,2.7125000,0.58337223529815674,0.3564000129699707
5426,2.7130000,0.57646644115447998,0.34619998931884766
5427,2.7135000,0.56927251815795898,0.33579999208450317
5428,2.7140000,0.56177997589111328,0.32519999146461487
5429,2.7145000,0.55399656295776367,0.31439998745918274
5430,2.7150000,0.54593682289123535,0.30340000987052917
5431,2.7155000,0.53761041164398193,0.29229998588562012
5432,2.7160000,0.52902060747146606,0.28099998831748962
5433,2.7165000,0.52015554904937744,0.26949998736381531
5434,2.7170000,0.51100456714630127,0.25780001282691956
5435,2.7175000,0.50156879425048828,0.2460000067949295
5436,2.7180000,0.49184525012969971,0.23399999737739563
5437,2.7185000,0.48183932900428772,0.22190000116825104
5438,2.7190000,0.47156098484992981,0.20970000326633453
5439,2.7195000,0.46100825071334839,0.19730000197887421
5440,2.7200000,0.45017638802528381,0.18479999899864197
5441,2.7205000,0.43906289339065552,0.17209999263286591
5442,2.7210000,0.42767590284347534,0.15940000116825104
5443,2.7215000,0.4160296618938446,0.14650000631809235
5444,2.7220000,0.40413269400596619,0.13359999656677246
5445,2.7225000,0.3919842541217804,0.12060000002384186
5446,2.7230000,0.37957996129989624,0.10750000178813934
5447,2.7235000,0.36692124605178833,0.094300001859664917
5448,2.7240000,0.35401293635368347,0.081100001931190491
5449,2.7245000,0.34086444973945618,0.067800000309944153
5450,2.7250000,0.32749560475349426,0.054499998688697815
5451,2.7255000,0.31391635537147522,0.041099999099969864
5452,2.7260000,0.30012813210487366,0.027699999511241913
5453,2.7265000,0.28614628314971924,0.014299999922513962
5454,2.7270000,0.27197915315628052,0.00089999998454004526
5455,2.7275000,0.25762772560119629,-0.012500000186264515
5456,2.7280000,0.2431023120880127,-0.025900000706315041
5457,2.7285000,0.22841474413871765,-0.039200000464916229
5458,2.7290000,0.21357586979866028,-0.05260000005364418
5459,2.7295000,0.19859498739242554,-0.065800003707408905
5460,2.7300000,0.1834854781627655,-0.079099997878074646
5461,2.7305000,0.1682608425617218,-0.092299997806549072
5462,2.7310000,0.15292653441429138,-0.10540000349283218
5463,2.7315000,0.13748441636562347,-0.11840000003576279
5464,2.7320000,0.12195131182670593,-0.13140000402927399
5465,2.7325000,0.1063581109046936,-0.14429999887943268
5466,2.7330000,0.090714812278747559,-0.15700000524520874
5467,2.7335000,0.075026854872703552,-0.16969999670982361
5468,2.7340000,0.059314750134944916,-0.18219999969005585
5469,2.7345000,0.043583303689956665,-0.19460000097751617
5470,2.7350000,0.027828242629766464,-0.20690000057220459
5471,2.7355000,0.012053899466991425,-0.21909999847412109
5472,2.7360000,-0.0037200078368186951,-0.23109999299049377
5473,2.7365000,-0.019463108852505684,-0.24289999902248383
5474,2.7370000,-0.035165898501873016,-0.25459998846054077
5475,2.7375000,-0.050828807055950165,-0.26609998941421509
5476,2.7380000,-0.06644708663225174,-0.27750000357627869
5477,2.7385000,-0.082015767693519592,-0.28870001435279846
5478,2.7390000,-0.097526654601097107,-0.29969999194145203
5479,2.7395000,-0.11296943575143814,-0.31049999594688416
5480,2.7400000,-0.12833164632320404,-0.32120001316070557
5481,2.7405000,-0.14360734820365906,-0.33160001039505005
5482,2.7410000,-0.15879872441291809,-0.34189999103546143
5483,2.7415000,-0.17390429973602295,-0.35190001130104065
5484,2.7420000,-0.18891535699367523,-0.36179998517036438
5485,2.7425000,-0.20381423830986023,-0.37139999866485596
5486,2.7430000,-0.21858283877372742,-0.38089999556541443
5487,2.7435000,-0.2332112193107605,-0.39010000228881836
5488,2.7440000,-0.24767982959747314,-0.39919999241828918
5489,2.7445000,-0.26196563243865967,-0.40799999237060547
5490,2.7450000,-0.27606499195098877,-0.41659998893737793
5491,2.7455000,-0.28998428583145142,-0.42509999871253967
5492,2.7460000,-0.30372262001037598,-0.43329998850822449
5493,2.7465000,-0.31726795434951782,-0.44130000472068787
5494,2.7470000,-0.3306100070476532,-0.44909998774528503
5495,2.7475000,-0.34375089406967163,-0.45660001039505005
5496,2.7480000,-0.35667109489440918,-0.46399998664855957
5497,2.7485000,-0.36932733654975891,-0.47119998931884766
5498,2.7490000,-0.38171088695526123,-0.4781000018119812
5499,2.7495000,-0.39383590221405029,-0.48489999771118164
5500,2.7500000,-0.40570485591888428,-0.49140000343322754
5501,2.7505000,-0.41731518507003784,-0.49779999256134033
5502,2.7510000,-0.42866125702857971,-0.50389999151229858
5503,2.7515000,-0.43974360823631287,-0.50989997386932373
5504,2.7520000,-0.45056018233299255,-0.51560002565383911
5505,2.7525000,-0.46109730005264282,-0.52120000123977661
5506,2.7530000,-0.47135612368583679,-0.52649998664855957
5507,2.7535000,-0.48134860396385193,-0.5317000150680542
5508,2.7540000,-0.491080641746521,-0.53670001029968262
5509,2.7545000,-0.50055623054504395,-0.54149997234344482
5510,2.7550000,-0.50977456569671631,-0.54610002040863037
5511,2.7555000,-0.51872998476028442,-0.55049997568130493
5512,2.7560000,-0.52741879224777222,-0.55470001697540283
5513,2.7565000,-0.53585124015808105,-0.55879998207092285
5514,2.7570000,-0.54404222965240479,-0.56269997358322144
5515,2.7575000,-0.55199348926544189,-0.56639999151229858
5516,2.7580000,-0.5597042441368103,-0.56989997625350952
5517,2.7585000,-0.56717664003372192,-0.57330000400543213
5518,2.7590000,-0.5744088888168335,-0.57649999856948853
5519,2.7595000,-0.58139508962631226,-0.57950001955032349
5520,2.7600000,-0.58812999725341797,-0.58240002393722534
5521,2.7605000,-0.59461784362792969,-0.58509999513626099
5522,2.7610000,-0.60087043046951294,-0.5877000093460083
5523,2.7615000,-0.60689467191696167,-0.5900999903678894
5524,2.7620000,-0.61269575357437134,-0.59229999780654907
5525,2.7625000,-0.61827623844146729,-0.59450000524520874
5526,2.7630000,-0.62363213300704956,-0.5964999794960022
5527,2.7635000,-0.62876629829406738,-0.59829998016357422
5528,2.7640000,-0.63367652893066406,-0.60000002384185791
5529,2.7645000,-0.6383548378944397,-0.60159999132156372
5530,2.7650000,-0.64280170202255249,-0.6031000018119812
5531,2.7655000,-0.6470145583152771,-0.60449999570846558
5532,2.7660000,-0.65099513530731201,-0.60570001602172852
5533,2.7665000,-0.65475428104400635,-0.60689997673034668
5534,2.7670000,-0.65829735994338989,-0.60790002346038818
5535,2.7675000,-0.66162258386611938,-0.60879999399185181
5536,2.7680000,-0.66473120450973511,-0.60970002412796021
5537,2.7685000,-0.66763812303543091,-0.61040002107620239
5538,2.7690000,-0.67036104202270508,-0.61110001802444458
5539,2.7695000,-0.67290991544723511,-0.61169999837875366
5540,2.7700000,-0.67529165744781494,-0.61220002174377441
5541,2.7705000,-0.6775098443031311,-0.61260002851486206
5542,2.7710000,-0.67956483364105225,-0.61299997568130493
5543,2.7715000,-0.68145865201950073,-0.61330002546310425
5544,2.7720000,-0.68319940567016602,-0.61360001564025879
5545,2.7725000,-0.6847994327545166,-0.61379998922348022
5546,2.7730000,-0.68627065420150757,-0.61400002241134644
5547,2.7735000,-0.68762010335922241,-0.61409997940063477
5548,2.7740000,-0.68885082006454468,-0.61419999599456787
5549,2.7745000,-0.68996357917785645,-0.61419999599456787
5550,2.7750000,-0.69095802307128906,-0.61430001258850098
5551,2.7755000,-0.69183957576751709,-0.61430001258850098
5552,2.7760000,-0.69261634349822998,-0.61419999599456787
5553,2.7765000,-0.69329416751861572,-0.61419999599456787
5554,2.7770000,-0.69388198852539062,-0.61419999599456787
5555,2.7775000,-0.69438499212265015,-0.61409997940063477
5556,2.7780000,-0.69480311870574951,-0.61400002241134644
5557,2.7785000,-0.69513869285583496,-0.61390000581741333
5558,2.7790000,-0.6953924298286438,-0.61379998922348022
5559,2.7795000,-0.69556343555450439,-0.61369997262954712
5560,2.7800000,-0.69565975666046143,-0.61360001564025879
5561,2.7805000,-0.69570130109786987,-0.61349999904632568
5562,2.7810000,-0.69570326805114746,-0.61349999904632568
5563,2.7815000,-0.69566559791564941,-0.61339998245239258
5564,2.7820000,-0.69558197259902954,-0.61330002546310425
5565,2.7825000,-0.69545066356658936,-0.61320000886917114
5566,2.7830000,-0.695270836353302,-0.61309999227523804
5567,2.7835000,-0.69503945112228394,-0.61299997568130493
5568,2.7840000,-0.69475364685058594,-0.6129000186920166
5569,2.7845000,-0.69441181421279907,-0.6129000186920166
5570,2.7850000,-0.69401776790618896,-0.6128000020980835
5571,2.7855000,-0.69357556104660034,-0.61269998550415039
5572,2.7860000,-0.6930808424949646,-0.61260002851486206
5573,2.7865000,-0.69253230094909668,-0.61260002851486206
5574,2.7870000,-0.69193488359451294,-0.61250001192092896
5575,2.7875000,-0.69128882884979248,-0.61239999532699585
5576,2.7880000,-0.69059425592422485,-0.61229997873306274
5577,2.7885000,-0.68985390663146973,-0.61220002174377441
5578,2.7890000,-0.68906861543655396,-0.61220002174377441
5579,2.7895000,-0.68823611736297607,-0.61210000514984131
5580,2.7900000,-0.68735569715499878,-0.6118999719619751
5581,2.7905000,-0.6864311695098877,-0.61180001497268677
5582,2.7910000,-0.68546628952026367,-0.61169999837875366
5583,2.7915000,-0.68446099758148193,-0.61150002479553223
5584,2.7920000,-0.68341934680938721,-0.61140000820159912
5585,2.7925000,-0.68235433101654053,-0.61119997501373291
5586,2.7930000,-0.68127447366714478,-0.61100000143051147
5587,2.7935000,-0.68017697334289551,-0.61080002784729004
5588,2.7940000,-0.67905789613723755,-0.61049997806549072
5589,2.7945000,-0.67791527509689331,-0.61030000448226929
5590,2.7950000,-0.676749587059021,-0.61000001430511475
5591,2.7955000,-0.67556196451187134,-0.60970002412796021
5592,2.7960000,-0.67435312271118164,-0.60930001735687256
5593,2.7965000,-0.67312973737716675,-0.60890001058578491
5594,2.7970000,-0.67189812660217285,-0.60850000381469727
5595,2.7975000,-0.67066073417663574,-0.60809999704360962
5596,2.7980000,-0.66941499710083008,-0.60759997367858887
5597,2.7985000,-0.66815334558486938,-0.60710000991821289
5598,2.7990000,-0.6668732762336731,-0.60659998655319214
5599,2.7995000,-0.66557341814041138,-0.60600000619888306
5600,2.8000000,-0.66425496339797974,-0.60540002584457397
5601,2.8005000,-0.6629258394241333,-0.60479998588562012
5602,2.8010000,-0.6615912914276123,-0.60409998893737793
5603,2.8015000,-0.66025280952453613,-0.60339999198913574
5604,2.8020000,-0.65890562534332275,-0.60269999504089355
5605,2.8025000,-0.65754461288452148,-0.60189998149871826
5606,2.8030000,-0.65617179870605469,-0.60110002756118774
5607,2.8035000,-0.65478390455245972,-0.60019999742507935
5608,2.8040000,-0.65338242053985596,-0.59930002689361572
5609,2.8045000,-0.65198129415512085,-0.59839999675750732
5610,2.8050000,-0.65058481693267822,-0.5975000262260437
5611,2.8055000,-0.64918893575668335,-0.5964999794960022
5612,2.8060000,-0.64778995513916016,-0.59549999237060547
5613,2.8065000,-0.64638423919677734,-0.59439998865127563
5614,2.8070000,-0.644969642162323,-0.5932999849319458
5615,2.8075000,-0.64354181289672852,-0.59219998121261597
5616,2.8080000,-0.64209389686584473,-0.5910000205039978
5617,2.8085000,-0.64062052965164185,-0.58980000019073486
5618,2.8090000,-0.63912183046340942,-0.58859997987747192
5619,2.8095000,-0.63759970664978027,-0.58730000257492065
5620,2.8100000,-0.63605087995529175,-0.58600002527236938
5621,2.8105000,-0.63447147607803345,-0.58469998836517334
5622,2.8110000,-0.63286387920379639,-0.58329999446868896
5623,2.8115000,-0.63122940063476562,-0.58190000057220459
5624,2.8120000,-0.62956786155700684,-0.58050000667572021
5625,2.8125000,-0.62788581848144531,-0.57899999618530273
5626,2.8130000,-0.62618720531463623,-0.57760000228881836
5627,2.8135000,-0.62447077035903931,-0.57599997520446777
5628,2.8140000,-0.62273299694061279,-0.57450002431869507
5629,2.8145000,-0.6209714412689209,-0.57289999723434448
5630,2.8150000,-0.61918991804122925,-0.57130002975463867
5631,2.8155000,-0.61738908290863037,-0.56959998607635498
5632,2.8160000,-0.61555814743041992,-0.56790000200271606
5633,2.8165000,-0.61367917060852051,-0.56620001792907715
5634,2.8170000,-0.61174529790878296,-0.56449997425079346
5635,2.8175000,-0.60975950956344604,-0.56269997358322144
5636,2.8180000,-0.60772836208343506,-0.56089997291564941
5637,2.8185000,-0.60566657781600952,-0.55900001525878906
5638,2.8190000,-0.60358226299285889,-0.55709999799728394
5639,2.8195000,-0.6014707088470459,-0.55519998073577881
5640,2.8200000,-0.59932267665863037,-0.55330002307891846
5641,2.8205000,-0.59712678194046021,-0.55129998922348022
5642,2.8210000,-0.59487706422805786,-0.54930001497268677
5643,2.8215000,-0.5925750732421875,-0.54720002412796021
5644,2.8220000,-0.59022611379623413,-0.54509997367858887
5645,2.8225000,-0.58783715963363647,-0.5429999828338623
5646,2.8230000,-0.58541411161422729,-0.54089999198913574
5647,2.8235000,-0.5829576849937439,-0.53869998455047607
5648,2.8240000,-0.58047187328338623,-0.53649997711181641
5649,2.8245000,-0.57796603441238403,-0.53430002927780151
5650,2.8250000,-0.57544511556625366,-0.53200000524520874
5651,2.8255000,-0.57291465997695923,-0.52969998121261597
5652,2.8260000,-0.57037824392318726,-0.52730000019073486
5653,2.8265000,-0.56783163547515869,-0.52499997615814209
5654,2.8270000,-0.56527245044708252,-0.52259999513626099
5655,2.8275000,-0.562702476978302,-0.52020001411437988
5656,2.8280000,-0.56012296676635742,-0.51770001649856567
5657,2.8285000,-0.55753880739212036,-0.51520001888275146
5658,2.8290000,-0.55495673418045044,-0.51270002126693726
5659,2.8295000,-0.55237859487533569,-0.51020002365112305
5660,2.8300000,-0.54980409145355225,-0.50760000944137573
5661,2.8305000,-0.54722768068313599,-0.50499999523162842
5662,2.8310000,-0.54464519023895264,-0.5023999810218811
5663,2.8315000,-0.54206418991088867,-0.49979999661445618
5664,2.8320000,-0.53948450088500977,-0.49709999561309814
5665,2.8325000,-0.53689777851104736,-0.49450001120567322
5666,2.8330000,-0.53430485725402832,-0.49180001020431519
5667,2.8335000,-0.53170692920684814,-0.48910000920295715
5668,2.8340000,-0.52910089492797852,-0.48640000820159912
5669,2.8345000,-0.52648770809173584,-0.48359999060630798
5670,2.8350000,-0.52387309074401855,-0.48089998960494995
5671,2.8355000,-0.52126044034957886,-0.4781000018119812
5672,2.8360000,-0.51864433288574219,-0.47540000081062317
5673,2.8365000,-0.51601719856262207,-0.47260001301765442
5674,2.8370000,-0.51337873935699463,-0.46979999542236328
5675,2.8375000,-0.51073199510574341,-0.46709999442100525
5676,2.8380000,-0.50807726383209229,-0.4643000066280365
5677,2.8385000,-0.50541567802429199,-0.46149998903274536
5678,2.8390000,-0.50275301933288574,-0.45870000123977661
5679,2.8395000,-0.50009799003601074,-0.45600000023841858
5680,2.8400000,-0.49745705723762512,-0.45320001244544983
5681,2.8405000,-0.49483227729797363,-0.45039999485015869
5682,2.8410000,-0.49222296476364136,-0.44769999384880066
5683,2.8415000,-0.4896293580532074,-0.44490000605583191
5684,2.8420000,-0.48705291748046875,-0.44220000505447388
5685,2.8425000,-0.48449099063873291,-0.43950000405311584
5686,2.8430000,-0.48194152116775513,-0.43680000305175781
5687,2.8435000,-0.47940894961357117,-0.43410000205039978
5688,2.8440000,-0.4768906831741333,-0.43140000104904175
5689,2.8445000,-0.47437551617622375,-0.42879998683929443
5690,2.8450000,-0.47186020016670227,-0.42620000243186951
5691,2.8455000,-0.46935176849365234,-0.42359998822212219
5692,2.8460000,-0.46685373783111572,-0.42100000381469727
5693,2.8465000,-0.4643605649471283,-0.41850000619888306
5694,2.8470000,-0.46187180280685425,-0.41600000858306885
5695,2.8475000,-0.45939221978187561,-0.41350001096725464
5696,2.8480000,-0.45691540837287903,-0.41100001335144043
5697,2.8485000,-0.45442819595336914,-0.40860000252723694
5698,2.8490000,-0.45192721486091614,-0.40619999170303345
5699,2.8495000,-0.44942200183868408,-0.40389999747276306
5700,2.8500000,-0.44692417979240417,-0.40160000324249268
5701,2.8505000,-0.44443702697753906,-0.39930000901222229
5702,2.8510000,-0.44196045398712158,-0.39710000157356262
5703,2.8515000,-0.43949604034423828,-0.39489999413490295
5704,2.8520000,-0.43703457713127136,-0.39269998669624329
5705,2.8525000,-0.43455448746681213,-0.39059999585151672
5706,2.8530000,-0.43204313516616821,-0.38850000500679016
5707,2.8535000,-0.42950645089149475,-0.38650000095367432
5708,2.8540000,-0.42695686221122742,-0.38449999690055847
5709,2.8545000,-0.42440259456634521,-0.38249999284744263
5710,2.8550000,-0.42184874415397644,-0.38060000538825989
5711,2.8555000,-0.41929808259010315,-0.37869998812675476
5712,2.8560000,-0.41675031185150146,-0.37689998745918274
5713,2.8565000,-0.41420114040374756,-0.37509998679161072
5714,2.8570000,-0.41164526343345642,-0.3734000027179718
5715,2.8575000,-0.40908494591712952,-0.37160000205039978
5716,2.8580000,-0.40652930736541748,-0.37000000476837158
5717,2.8585000,-0.40398833155632019,-0.36829999089241028
5718,2.8590000,-0.40146744251251221,-0.36669999361038208
5719,2.8595000,-0.39896458387374878,-0.36520001292228699
5720,2.8600000,-0.39647689461708069,-0.36370000243186951
5721,2.8605000,-0.39400279521942139,-0.36219999194145203
5722,2.8610000,-0.39154019951820374,-0.36070001125335693
5723,2.8615000,-0.38909041881561279,-0.35929998755455017
5724,2.8620000,-0.38665920495986938,-0.35780000686645508
5725,2.8625000,-0.38425147533416748,-0.35649999976158142
5726,2.8630000,-0.38186556100845337,-0.35510000586509705
5727,2.8635000,-0.37949883937835693,-0.35379999876022339
5728,2.8640000,-0.37714582681655884,-0.35240000486373901
5729,2.8645000,-0.37479555606842041,-0.35109999775886536
5730,2.8650000,-0.3724440336227417,-0.3497999906539917
5731,2.8655000,-0.37009534239768982,-0.34850001335144043
5732,2.8660000,-0.36775431036949158,-0.34720000624656677
5733,2.8665000,-0.36542415618896484,-0.34599998593330383
5734,2.8670000,-0.36310422420501709,-0.34470000863075256
5735,2.8675000,-0.36079484224319458,-0.34340000152587891
5736,2.8680000,-0.35849395394325256,-0.34209999442100525
5737,2.8685000,-0.35619264841079712,-0.34079998731613159
5738,2.8690000,-0.3538874089717865,-0.33950001001358032
5739,2.8695000,-0.351583331823349,-0.33809998631477356
5740,2.8700000,-0.34928569197654724,-0.33680000901222229
5741,2.8705000,-0.34699448943138123,-0.33539998531341553
5742,2.8710000,-0.34470951557159424,-0.33399999141693115
5743,2.8715000,-0.34243640303611755,-0.33250001072883606
5744,2.8720000,-0.3401743471622467,-0.3310999870300293
5745,2.8725000,-0.33791458606719971,-0.3296000063419342
5746,2.8730000,-0.335654616355896,-0.32800000905990601
5747,2.8735000,-0.3333992063999176,-0.32649999856948853
5748,2.8740000,-0.33115467429161072,-0.32480001449584961
5749,2.8745000,-0.32892251014709473,-0.32319998741149902
5750,2.8750000,-0.32670280337333679,-0.32150000333786011
5751,2.8755000,-0.32450297474861145,-0.31970000267028809
5752,2.8760000,-0.32233047485351562,-0.31790000200271606
5753,2.8765000,-0.32018902897834778,-0.31610000133514404
5754,2.8770000,-0.31808158755302429,-0.3142000138759613
5755,2.8775000,-0.31600832939147949,-0.31220000982284546
5756,2.8780000,-0.31397074460983276,-0.31029999256134033
5757,2.8785000,-0.31196847558021545,-0.30820000171661377
5758,2.8790000,-0.30999818444252014,-0.30619999766349792
5759,2.8795000,-0.30806326866149902,-0.30399999022483826
5760,2.8800000,-0.30616667866706848,-0.30189999938011169
5761,2.8805000,-0.30430680513381958,-0.29969999194145203
5762,2.8810000,-0.30248510837554932,-0.29739999771118164
5763,2.8815000,-0.30070227384567261,-0.29519999027252197
5764,2.8820000,-0.29895704984664917,-0.29289999604225159
5765,2.8825000,-0.2972465455532074,-0.2904999852180481
5766,2.8830000,-0.29556617140769958,-0.28819999098777771
5767,2.8835000,-0.29391542077064514,-0.28580000996589661
5768,2.8840000,-0.29229113459587097,-0.28339999914169312
5769,2.8845000,-0.29068654775619507,-0.28099998831748962
5770,2.8850000,-0.28910073637962341,-0.27860000729560852
5771,2.8855000,-0.28753170371055603,-0.27619999647140503
5772,2.8860000,-0.28597903251647949,-0.27379998564720154
5773,2.8865000,-0.28444617986679077,-0.27140000462532043
5774,2.8870000,-0.28293240070343018,-0.26910001039505005
5775,2.8875000,-0.28143522143363953,-0.26669999957084656
5776,2.8880000,-0.27995312213897705,-0.26440000534057617
5777,2.8885000,-0.27848488092422485,-0.26210001111030579
5778,2.8890000,-0.27702987194061279,-0.25990000367164612
5779,2.8895000,-0.27558723092079163,-0.25769999623298645
5780,2.8900000,-0.27415674924850464,-0.25560000538825989
5781,2.8905000,-0.27273961901664734,-0.25350001454353333
5782,2.8910000,-0.27133491635322571,-0.25150001049041748
5783,2.8915000,-0.26994222402572632,-0.24950000643730164
5784,2.8920000,-0.26855951547622681,-0.2476000040769577
5785,2.8925000,-0.26718106865882874,-0.24580000340938568
5786,2.8930000,-0.26580435037612915,-0.24410000443458557
5787,2.8935000,-0.26443040370941162,-0.24240000545978546
5788,2.8940000,-0.26306295394897461,-0.24089999496936798
5789,2.8945000,-0.26170432567596436,-0.23939999938011169
5790,2.8950000,-0.26035118103027344,-0.23810000717639923
5791,2.8955000,-0.25900062918663025,-0.23680000007152557
5792,2.8960000,-0.25764802098274231,-0.23559999465942383
5793,2.8965000,-0.25628390908241272,-0.23459999263286591
5794,2.8970000,-0.25490429997444153,-0.23360000550746918
5795,2.8975000,-0.25351035594940186,-0.23280000686645508
5796,2.8980000,-0.2521064281463623,-0.23199999332427979
5797,2.8985000,-0.25069922208786011,-0.23139999806880951
5798,2.8990000,-0.24928991496562958,-0.23080000281333923
5799,2.8995000,-0.24787692725658417,-0.23039999604225159
5800,2.9000000,-0.2464601993560791,-0.23000000417232513
5801,2.9005000,-0.24504028260707855,-0.22980000078678131
5802,2.9010000,-0.24362070858478546,-0.22959999740123749
5803,2.9015000,-0.24220587313175201,-0.22959999740123749
5804,2.9020000,-0.2407984584569931,-0.22959999740123749
5805,2.9025000,-0.2394012063741684,-0.2296999990940094
5806,2.9030000,-0.23801621794700623,-0.22990000247955322
5807,2.9035000,-0.23664292693138123,-0.23019999265670776
5808,2.9040000,-0.23528110980987549,-0.2304999977350235
5809,2.9045000,-0.23393350839614868,-0.23090000450611115
5810,2.9050000,-0.23260219395160675,-0.2312999963760376
5811,2.9055000,-0.23129077255725861,-0.23180000483989716
5812,2.9060000,-0.23000629246234894,-0.23229999840259552
5813,2.9065000,-0.22875037789344788,-0.2328999936580658
5814,2.9070000,-0.22751833498477936,-0.23350000381469727
5815,2.9075000,-0.22630548477172852,-0.23409999907016754
5816,2.9080000,-0.22510971128940582,-0.23479999601840973
5817,2.9085000,-0.22393175959587097,-0.2354000061750412
5818,2.9090000,-0.22277165949344635,-0.23610000312328339
5819,2.9095000,-0.22163130342960358,-0.23669999837875366
5820,2.9100000,-0.22051660716533661,-0.23739999532699585
5821,2.9105000,-0.21942771971225739,-0.23800000548362732
5822,2.9110000,-0.21835812926292419,-0.2386000007390976
5823,2.9115000,-0.21730360388755798,-0.23919999599456787
5824,2.9120000,-0.21626412868499756,-0.23970000445842743
5825,2.9125000,-0.21523962914943695,-0.24019999802112579
5826,2.9130000,-0.21422800421714783,-0.24060000479221344
5827,2.9135000,-0.21322925388813019,-0.24099999666213989
5828,2.9140000,-0.21224656701087952,-0.24130000174045563
5829,2.9145000,-0.21128106117248535,-0.24160000681877136
5830,2.9150000,-0.21032992005348206,-0.24179999530315399
5831,2.9155000,-0.20938989520072937,-0.2418999969959259
5832,2.9160000,-0.2084602415561676,-0.2418999969959259
5833,2.9165000,-0.20754194259643555,-0.2418999969959259
5834,2.9170000,-0.20663571357727051,-0.24179999530315399
5835,2.9175000,-0.20574198663234711,-0.24160000681877136
5836,2.9180000,-0.20486271381378174,-0.24130000174045563
5837,2.9185000,-0.20399805903434753,-0.24099999666213989
5838,2.9190000,-0.20314355194568634,-0.24050000309944153
5839,2.9195000,-0.20229652523994446,-0.23999999463558197
5840,2.9200000,-0.20145668089389801,-0.23939999938011169
5841,2.9205000,-0.20062169432640076,-0.23870000243186951
5842,2.9210000,-0.19978803396224976,-0.23790000379085541
5843,2.9215000,-0.19895464181900024,-0.23710000514984131
5844,2.9220000,-0.19812487065792084,-0.23610000312328339
5845,2.9225000,-0.19730101525783539,-0.23510000109672546
5846,2.9230000,-0.19648127257823944,-0.23399999737739563
5847,2.9235000,-0.19566437602043152,-0.2328999936580658
5848,2.9240000,-0.19485151767730713,-0.23170000314712524
5849,2.9245000,-0.19404599070549011,-0.23039999604225159
5850,2.9250000,-0.19324915111064911,-0.22900000214576721
5851,2.9255000,-0.19246140122413635,-0.22759999334812164
5852,2.9260000,-0.19168680906295776,-0.22619999945163727
5853,2.9265000,-0.19092710316181183,-0.22470000386238098
5854,2.9270000,-0.19017817080020905,-0.2231999933719635
5855,2.9275000,-0.18943725526332855,-0.2215999960899353
5856,2.9280000,-0.18870928883552551,-0.2199999988079071
5857,2.9285000,-0.18800182640552521,-0.21840000152587891
5858,2.9290000,-0.18731576204299927,-0.2167000025510788
5859,2.9295000,-0.18664745986461639,-0.2151000052690506
5860,2.9300000,-0.18599493801593781,-0.21340000629425049
5861,2.9305000,-0.18535691499710083,-0.21170000731945038
5862,2.9310000,-0.18473142385482788,-0.20999999344348907
5863,2.9315000,-0.18411755561828613,-0.20839999616146088
5864,2.9320000,-0.18351618945598602,-0.20669999718666077
5865,2.9325000,-0.18292854726314545,-0.20509999990463257
5866,2.9330000,-0.18235279619693756,-0.20340000092983246
5867,2.9335000,-0.18178531527519226,-0.20180000364780426
5868,2.9340000,-0.18122527003288269,-0.20029999315738678
5869,2.9345000,-0.1806720495223999,-0.19869999587535858
5870,2.9350000,-0.18012601137161255,-0.19720000028610229
5871,2.9355000,-0.17958863079547882,-0.19570000469684601
5872,2.9360000,-0.17905983328819275,-0.19429999589920044
5873,2.9365000,-0.17853863537311554,-0.19290000200271606
5874,2.9370000,-0.17802180349826813,-0.1914999932050705
5875,2.9375000,-0.17750859260559082,-0.19020000100135803
5876,2.9380000,-0.17699986696243286,-0.18899999558925629
5877,2.9385000,-0.17649346590042114,-0.18780000507831573
5878,2.9390000,-0.17599079012870789,-0.18659999966621399
5879,2.9395000,-0.17549464106559753,-0.18549999594688416
5880,2.9400000,-0.17500147223472595,-0.18440000712871552
5881,2.9405000,-0.17450468242168427,-0.18340000510215759
5882,2.9410000,-0.1740003377199173,-0.18250000476837158
5883,2.9415000,-0.17348749935626984,-0.18160000443458557
5884,2.9420000,-0.17296487092971802,-0.18070000410079956
5885,2.9425000,-0.17243173718452454,-0.17990000545978546
5886,2.9430000,-0.17189309000968933,-0.17919999361038208
5887,2.9435000,-0.17135417461395264,-0.17849999666213989
5888,2.9440000,-0.17081353068351746,-0.17779999971389771
5889,2.9445000,-0.17026844620704651,-0.17720000445842743
5890,2.9450000,-0.16971895098686218,-0.17659999430179596
5891,2.9455000,-0.16916431486606598,-0.17599999904632568
5892,2.9460000,-0.168601393699646,-0.17550000548362732
5893,2.9465000,-0.16802875697612762,-0.17499999701976776
5894,2.9470000,-0.16745051741600037,-0.1745000034570694
5895,2.9475000,-0.16687220335006714,-0.17409999668598175
5896,2.9480000,-0.16629844903945923,-0.1737000048160553
5897,2.9485000,-0.16573353111743927,-0.17329999804496765
5898,2.9490000,-0.16517722606658936,-0.1729000061750412
5899,2.9495000,-0.16462570428848267,-0.17249999940395355
5900,2.9500000,-0.16407501697540283,-0.17209999263286591
5901,2.9505000,-0.16352255642414093,-0.17170000076293945
5902,2.9510000,-0.16296900808811188,-0.17139999568462372
5903,2.9515000,-0.16241692006587982,-0.17100000381469727
5904,2.9520000,-0.16186733543872833,-0.17059999704360962
5905,2.9525000,-0.16131842136383057,-0.17030000686645508
5906,2.9530000,-0.16076700389385223,-0.16990000009536743
5907,2.9535000,-0.16021101176738739,-0.16949999332427979
5908,2.9540000,-0.15965001285076141,-0.16899999976158142
5909,2.9545000,-0.15908285975456238,-0.16859999299049377
5910,2.9550000,-0.15850813686847687,-0.16820000112056732
5911,2.9555000,-0.15792764723300934,-0.16769999265670776
5912,2.9560000,-0.15734195709228516,-0.1671999990940094
5913,2.9565000,-0.15674708783626556,-0.16660000383853912
5914,2.9570000,-0.15613959729671478,-0.16609999537467957
5915,2.9575000,-0.15551811456680298,-0.16550000011920929
5916,2.9580000,-0.15488198399543762,-0.16490000486373901
5917,2.9585000,-0.1542326807975769,-0.16419999301433563
5918,2.9590000,-0.15357312560081482,-0.16349999606609344
5919,2.9595000,-0.15290506184101105,-0.16279999911785126
5920,2.9600000,-0.15222817659378052,-0.16210000216960907
5921,2.9605000,-0.15154069662094116,-0.16130000352859497
5922,2.9610000,-0.15084215998649597,-0.16050000488758087
5923,2.9615000,-0.15013301372528076,-0.15960000455379486
5924,2.9620000,-0.14941225945949554,-0.15880000591278076
5925,2.9625000,-0.1486789882183075,-0.15790000557899475
5926,2.9630000,-0.14793406426906586,-0.15690000355243683
5927,2.9635000,-0.14717887341976166,-0.15600000321865082
5928,2.9640000,-0.14641790091991425,-0.1550000011920929
5929,2.9645000,-0.14565819501876831,-0.15389999747276306
5930,2.9650000,-0.14490243792533875,-0.15289999544620514
5931,2.9655000,-0.14414970576763153,-0.1518000066280365
5932,2.9660000,-0.14339828491210938,-0.15070000290870667
5933,2.9665000,-0.14264665544033051,-0.14959999918937683
5934,2.9670000,-0.14189508557319641,-0.14839999377727509
5935,2.9675000,-0.14114384353160858,-0.14730000495910645
5936,2.9680000,-0.14039519429206848,-0.1460999995470047
5937,2.9685000,-0.13965322077274323,-0.14489999413490295
5938,2.9690000,-0.13891871273517609,-0.1437000036239624
5939,2.9695000,-0.13819028437137604,-0.14249999821186066
5940,2.9700000,-0.13746704161167145,-0.14129999279975891
5941,2.9705000,-0.1367490291595459,-0.14000000059604645
5942,2.9710000,-0.13603627681732178,-0.1387999951839447
5943,2.9715000,-0.13532978296279907,-0.13760000467300415
5944,2.9720000,-0.13463003933429718,-0.1363999992609024
5945,2.9725000,-0.13393393158912659,-0.13510000705718994
5946,2.9730000,-0.13323865830898285,-0.1339000016450882
5947,2.9735000,-0.13254433870315552,-0.13269999623298645
5948,2.9740000,-0.1318511962890625,-0.1315000057220459
5949,2.9745000,-0.13116021454334259,-0.13030000030994415
5950,2.9750000,-0.13047274947166443,-0.12909999489784241
5951,2.9755000,-0.12978813052177429,-0.12800000607967377
5952,2.9760000,-0.12910637259483337,-0.12680000066757202
5953,2.9765000,-0.12842816114425659,-0.12569999694824219
5954,2.9770000,-0.12775331735610962,-0.12460000067949295
5955,2.9775000,-0.12708193063735962,-0.12359999865293503
5956,2.9780000,-0.12641355395317078,-0.12259999662637711
5957,2.9785000,-0.12574794888496399,-0.12150000035762787
5958,2.9790000,-0.12508630752563477,-0.12060000002384186
5959,2.9795000,-0.12442873418331146,-0.11959999799728394
5960,2.9800000,-0.12377528846263885,-0.11869999766349792
5961,2.9805000,-0.12312702089548111,-0.11789999902248383
5962,2.9810000,-0.12248384207487106,-0.11699999868869781
5963,2.9815000,-0.12184639275074005,-0.11620000004768372
5964,2.9820000,-0.1212153285741806,-0.11550000309944153
5965,2.9825000,-0.12058952450752258,-0.11469999700784683
5966,2.9830000,-0.11996771395206451,-0.11410000175237656
5967,2.9835000,-0.11934830248355865,-0.11339999735355377
5968,2.9840000,-0.11873158067464828,-0.1128000020980835
5969,2.9845000,-0.11811958998441696,-0.11230000108480453
5970,2.9850000,-0.11751154065132141,-0.11169999837875366
5971,2.9855000,-0.11690611392259598,-0.1111999973654747
5972,2.9860000,-0.11630430072546005,-0.11079999804496765
5973,2.9865000,-0.11570543795824051,-0.1103999987244606
5974,2.9870000,-0.1151067242026329,-0.10999999940395355
5975,2.9875000,-0.11450734734535217,-0.10970000177621841
5976,2.9880000,-0.11390858888626099,-0.10939999669790268
5977,2.9885000,-0.1133112832903862,-0.10909999907016754
5978,2.9890000,-0.11271429806947708,-0.1088000014424324
5979,2.9895000,-0.11211640387773514,-0.10859999805688858
5980,2.9900000,-0.11151904612779617,-0.10840000212192535
5981,2.9905000,-0.11092294752597809,-0.10830000042915344
5982,2.9910000,-0.11032585054636002,-0.10809999704360962
5983,2.9915000,-0.10972651839256287,-0.1080000028014183
5984,2.9920000,-0.10912808775901794,-0.10790000110864639
5985,2.9925000,-0.1085367426276207,-0.10779999941587448
5986,2.9930000,-0.10795504599809647,-0.10779999941587448
5987,2.9935000,-0.10738084465265274,-0.10769999772310257
5988,2.9940000,-0.10681284219026566,-0.10769999772310257
5989,2.9945000,-0.10625065863132477,-0.10760000348091125
5990,2.9950000,-0.10569243878126144,-0.10760000348091125
5991,2.9955000,-0.10513570159673691,-0.10750000178813934
5992,2.9960000,-0.10457992553710938,-0.10750000178813934
5993,2.9965000,-0.10402771830558777,-0.10750000178813934
5994,2.9970000,-0.10348012298345566,-0.10740000009536743
5995,2.9975000,-0.10293543338775635,-0.10740000009536743
5996,2.9980000,-0.10239340364933014,-0.10729999840259552
5997,2.9985000,-0.10185392946004868,-0.10719999670982361
5998,2.9990000,-0.10131575912237167,-0.10710000246763229
5999,2.9995000,-0.10077794641256332,-0.10700000077486038
6000,3.0000000,-0.10024137049913406,-0.10689999908208847
6001,3.0005000,-0.099708877503871918,-0.10679999738931656
6002,3.0010000,-0.099181309342384338,-0.10660000145435333
6003,3.0015000,-0.098657235503196716,-0.10649999976158142
6004,3.0020000,-0.098135128617286682,-0.1062999963760376
6005,3.0025000,-0.0976138636469841,-0.10599999874830246
6006,3.0030000,-0.097093798220157623,-0.10580000281333923
6007,3.0035000,-0.096575237810611725,-0.1054999977350235
6008,3.0040000,-0.096058815717697144,-0.10530000180006027
6009,3.0045000,-0.09554658830165863,-0.10499999672174454
6010,3.0050000,-0.095038659870624542,-0.10459999740123749
6011,3.0055000,-0.094534143805503845,-0.10429999977350235
6012,3.0060000,-0.094032727181911469,-0.1039000004529953
6013,3.0065000,-0.093533433973789215,-0.10350000113248825
6014,3.0070000,-0.093036472797393799,-0.1031000018119812
6015,3.0075000,-0.092541538178920746,-0.10260000079870224
6016,3.0080000,-0.092045746743679047,-0.10209999978542328
6017,3.0085000,-0.09154801070690155,-0.10159999877214432
6018,3.0090000,-0.091049417853355408,-0.10109999775886536
6019,3.0095000,-0.090550556778907776,-0.1005999967455864
6020,3.0100000,-0.090049855411052704,-0.10010000318288803
6021,3.0105000,-0.089545577764511108,-0.099500000476837158
6022,3.0110000,-0.089039362967014313,-0.098899997770786285
6023,3.0115000,-0.088531322777271271,-0.09830000251531601
6024,3.0120000,-0.088017240166664124,-0.097699999809265137
6025,3.0125000,-0.087494507431983948,-0.097099997103214264
6026,3.0130000,-0.08696381002664566,-0.096400000154972076
6027,3.0135000,-0.086425051093101501,-0.095799997448921204
6028,3.0140000,-0.085876889526844025,-0.095200002193450928
6029,3.0145000,-0.085319653153419495,-0.094499997794628143
6030,3.0150000,-0.08475533127784729,-0.093800000846385956
6031,3.0155000,-0.084183387458324432,-0.093199998140335083
6032,3.0160000,-0.083602301776409149,-0.092500001192092896
6033,3.0165000,-0.083014808595180511,-0.091799996793270111
6034,3.0170000,-0.082423590123653412,-0.091099999845027924
6035,3.0175000,-0.081826865673065186,-0.090400002896785736
6036,3.0180000,-0.081221774220466614,-0.089800000190734863
6037,3.0185000,-0.08060821145772934,-0.089100003242492676
6038,3.0190000,-0.079988129436969757,-0.088399998843669891
6039,3.0195000,-0.079361677169799805,-0.087700001895427704
6040,3.0200000,-0.078728392720222473,-0.087099999189376831
6041,3.0205000,-0.078090198338031769,-0.086400002241134644
6042,3.0210000,-0.077449724078178406,-0.085799999535083771
6043,3.0215000,-0.076807461678981781,-0.085100002586841583
6044,3.0220000,-0.076162375509738922,-0.08449999988079071
6045,3.0225000,-0.075514867901802063,-0.083800002932548523
6046,3.0230000,-0.074866868555545807,-0.08320000022649765
6047,3.0235000,-0.074219025671482086,-0.082599997520446777
6048,3.0240000,-0.073569484055042267,-0.082000002264976501
6049,3.0245000,-0.072918243706226349,-0.081399999558925629
6050,3.0250000,-0.072269149124622345,-0.080799996852874756
6051,3.0255000,-0.071624279022216797,-0.080300003290176392
6052,3.0260000,-0.070981733500957489,-0.079700000584125519
6053,3.0265000,-0.070339009165763855,-0.079099997878074646
6054,3.0270000,-0.069696106016635895,-0.078599996864795685
6055,3.0275000,-0.069053381681442261,-0.078100003302097321
6056,3.0280000,-0.068409711122512817,-0.077500000596046448
6057,3.0285000,-0.067766763269901276,-0.076999999582767487
6058,3.0290000,-0.067127831280231476,-0.076499998569488525
6059,3.0295000,-0.066493600606918335,-0.075999997556209564
6060,3.0300000,-0.065862521529197693,-0.075499996542930603
6061,3.0305000,-0.065232276916503906,-0.075000002980232239
6062,3.0310000,-0.064602024853229523,-0.074500001966953278
6063,3.0315000,-0.063971295952796936,-0.074100002646446228
6064,3.0320000,-0.06333865225315094,-0.073600001633167267
6065,3.0325000,-0.06270425021648407,-0.073100000619888306
6066,3.0330000,-0.062069687992334366,-0.072599999606609344
6067,3.0335000,-0.061435919255018234,-0.072200000286102295
6068,3.0340000,-0.060802582651376724,-0.071699999272823334
6069,3.0345000,-0.060168500989675522,-0.071199998259544373
6070,3.0350000,-0.059533461928367615,-0.070699997246265411
6071,3.0355000,-0.058897648006677628,-0.070200003683567047
6072,3.0360000,-0.058258909732103348,-0.069799996912479401
6073,3.0365000,-0.057615336030721664,-0.069300003349781036
6074,3.0370000,-0.056968089193105698,-0.068800002336502075
6075,3.0375000,-0.056318677961826324,-0.068300001323223114
6076,3.0380000,-0.055667296051979065,-0.067699998617172241
6077,3.0385000,-0.055013604462146759,-0.06719999760389328
6078,3.0390000,-0.054358415305614471,-0.066699996590614319
6079,3.0395000,-0.05370170995593071,-0.066100001335144043
6080,3.0400000,-0.053041409701108932,-0.06549999862909317
6081,3.0405000,-0.052376717329025269,-0.064999997615814209
6082,3.0410000,-0.051709409803152084,-0.064400002360343933
6083,3.0415000,-0.051041603088378906,-0.06379999965429306
6084,3.0420000,-0.050371788442134857,-0.063100002706050873
6085,3.0425000,-0.049697570502758026,-0.0625
6086,3.0430000,-0.049020390957593918,-0.061799999326467514
6087,3.0435000,-0.048341173678636551,-0.06120000034570694
6088,3.0440000,-0.047660566866397858,-0.060499999672174454
6089,3.0445000,-0.046981994062662125,-0.059799998998641968
6090,3.0450000,-0.046308327466249466,-0.059000000357627869
6091,3.0455000,-0.045640699565410614,-0.058299999684095383
6092,3.0460000,-0.044977989047765732,-0.057500001043081284
6093,3.0465000,-0.04431765154004097,-0.056699998676776886
6094,3.0470000,-0.04365907609462738,-0.056000001728534698
6095,3.0475000,-0.04300307109951973,-0.055100001394748688
6096,3.0480000,-0.042352732270956039,-0.05429999902844429
6097,3.0485000,-0.041712570935487747,-0.053500000387430191
6098,3.0490000,-0.041084203869104385,-0.05260000005364418
6099,3.0495000,-0.040467407554388046,-0.051800001412630081
6100,3.0500000,-0.039860077202320099,-0.05090000107884407
6101,3.0505000,-0.039258688688278198,-0.05000000074505806
6102,3.0510000,-0.038661565631628036,-0.049100000411272049
6103,3.0515000,-0.038069207221269608,-0.048200000077486038
6104,3.0520000,-0.037482105195522308,-0.047299999743700027
6105,3.0525000,-0.036898273974657059,-0.046300001442432404
6106,3.0530000,-0.036315120756626129,-0.045400001108646393
6107,3.0535000,-0.035733237862586975,-0.044500000774860382
6108,3.0540000,-0.035154335200786591,-0.04349999874830246
6109,3.0545000,-0.034577582031488419,-0.042599998414516449
6110,3.0550000,-0.034001480787992477,-0.041600000113248825
6111,3.0555000,-0.033426642417907715,-0.040699999779462814
6112,3.0560000,-0.032854113727807999,-0.039799999445676804
6113,3.0565000,-0.032283633947372437,-0.03880000114440918
6114,3.0570000,-0.03171413391828537,-0.037900000810623169
6115,3.0575000,-0.031145248562097549,-0.037000000476837158
6116,3.0580000,-0.030577179044485092,-0.035999998450279236
6117,3.0585000,-0.030009353533387184,-0.035100001841783524
6118,3.0590000,-0.029441967606544495,-0.034200001507997513
6119,3.0595000,-0.028875693678855896,-0.033300001174211502
6120,3.0600000,-0.028307786211371422,-0.032400000840425491
6121,3.0605000,-0.027733519673347473,-0.031399998813867569
6122,3.0610000,-0.027151240035891533,-0.030500000342726707
6123,3.0615000,-0.026561938226222992,-0.029699999839067459
6124,3.0620000,-0.025966236367821693,-0.028799999505281448
6125,3.0625000,-0.025364633649587631,-0.027899999171495438
6126,3.0630000,-0.024759067222476006,-0.027000000700354576
6127,3.0635000,-0.024150801822543144,-0.026100000366568565
6128,3.0640000,-0.023539775982499123,-0.025200000032782555
6129,3.0645000,-0.022928094491362572,-0.024399999529123306
6130,3.0650000,-0.02231772243976593,-0.023499999195337296
6131,3.0655000,-0.0217084139585495,-0.022600000724196434
6132,3.0660000,-0.021100632846355438,-0.021700000390410423
6133,3.0665000,-0.020494382828474045,-0.020899999886751175
6134,3.0670000,-0.019888810813426971,-0.019999999552965164
6135,3.0675000,-0.019284028559923172,-0.019099999219179153
6136,3.0680000,-0.018681826069951057,-0.018200000748038292
6137,3.0685000,-0.018085861578583717,-0.017300000414252281
6138,3.0690000,-0.017498452216386795,-0.01640000008046627
6139,3.0695000,-0.016920465975999832,-0.015399999916553497
6140,3.0700000,-0.016352148726582527,-0.014499999582767487
6141,3.0705000,-0.015792034566402435,-0.013500000350177288
6142,3.0710000,-0.015239506959915161,-0.012500000186264515
6143,3.0715000,-0.014695662073791027,-0.011500000022351742
6144,3.0720000,-0.014162028208374977,-0.010499999858438969
6145,3.0725000,-0.013639810495078564,-0.0093999998643994331
6146,3.0730000,-0.013128374703228474,-0.00839999970048666
6147,3.0735000,-0.012626857496798038,-0.0073000001721084118
6148,3.0740000,-0.012135089375078678,-0.0062000001780688763
6149,3.0745000,-0.011652086861431599,-0.004999999888241291
6150,3.0750000,-0.011176507920026779,-0.0038999998942017555
6151,3.0755000,-0.010707424953579903,-0.0027000000700354576
6152,3.0760000,-0.010246438905596733,-0.00139999995008111
6153,3.0765000,-0.0097956927493214607,-0.00019999999494757503
6154,3.0770000,-0.0093546994030475616,0.0010999999940395355
6155,3.0775000,-0.0089228367432951927,0.0024000001139938831
6156,3.0780000,-0.0085003869608044624,0.0037000000011175871
6157,3.0785000,-0.008085690438747406,0.004999999888241291
6158,3.0790000,-0.00767498929053545,0.006399999838322401
6159,3.0795000,-0.0072671975940465927,0.007799999788403511
6160,3.0800000,-0.0068643526174128056,0.0092000002041459084
6161,3.0805000,-0.0064670168794691563,0.010599999688565731
6162,3.0810000,-0.006073386874049902,0.012000000104308128
6163,3.0815000,-0.005682012066245079,0.013500000350177288
6164,3.0820000,-0.005293531809002161,0.014999999664723873
6165,3.0825000,-0.0049076774157583714,0.01640000008046627
6166,3.0830000,-0.0045214183628559113,0.017899999395012856
6167,3.0835000,-0.0041329669766128063,0.01940000057220459
6168,3.0840000,-0.0037427167408168316,0.020899999886751175
6169,3.0845000,-0.0033513333182781935,0.022299999371170998
6170,3.0850000,-0.0029598840046674013,0.023800000548362732
6171,3.0855000,-0.0025690323673188686,0.025299999862909317
6172,3.0860000,-0.0021788191515952349,0.02669999934732914
6173,3.0865000,-0.0017887414433062077,0.028100000694394112
6174,3.0870000,-0.001396767795085907,0.029600000008940697
6175,3.0875000,-0.0010019226465374231,0.030999999493360519
6176,3.0880000,-0.00060352240689098835,0.03229999914765358
6177,3.0885000,-0.00019983906531706452,0.033700000494718552
6178,3.0890000,0.00020903069525957108,0.035000000149011612
6179,3.0895000,0.00062289403285831213,0.036200001835823059
6180,3.0900000,0.0010416103759780526,0.037500001490116119
6181,3.0905000,0.0014648581854999065,0.038699999451637268
6182,3.0910000,0.0018941932357847691,0.039799999445676804
6183,3.0915000,0.0023305688519030809,0.040899999439716339
6184,3.0920000,0.0027733899187296629,0.041999999433755875
6185,3.0925000,0.0032220894936472178,0.043000001460313797
6186,3.0930000,0.0036770319566130638,0.043999999761581421
6187,3.0935000,0.004139510914683342,0.044900000095367432
6188,3.0940000,0.0046081137843430042,0.045800000429153442
6189,3.0945000,0.0050811516121029854,0.046599999070167542
6190,3.0950000,0.0055609308183193207,0.047299999743700027
6191,3.0955000,0.0060480884276330471,0.048000000417232513
6192,3.0960000,0.006540495902299881,0.048599999397993088
6193,3.0965000,0.0070370142348110676,0.049199998378753662
6194,3.0970000,0.0075377332977950573,0.049699999392032623
6195,3.0975000,0.0080436971038579941,0.050200000405311584
6196,3.0980000,0.0085535217076539993,0.050599999725818634
6197,3.0985000,0.0090655218809843063,0.050999999046325684
6198,3.0990000,0.0095821842551231384,0.05130000039935112
6199,3.0995000,0.010104669257998466,0.051500000059604645
6200,3.1000000,0.010629686526954174,0.05169999971985817
6201,3.1005000,0.011153096333146095,0.051899999380111694
6202,3.1010000,0.011673022992908955,0.052000001072883606
6203,3.1015000,0.012190469540655613,0.052000001072883606
6204,3.1020000,0.012706084176898003,0.052000001072883606
6205,3.1025000,0.013220115564763546,0.052000001072883606
6206,3.1030000,0.013735827058553696,0.051899999380111694
6207,3.1035000,0.014255279675126076,0.051800001412630081
6208,3.1040000,0.014776447787880898,0.05169999971985817
6209,3.1045000,0.015296347439289093,0.051500000059604645
6210,3.1050000,0.015812687575817108,0.05130000039935112
6211,3.1055000,0.016324874013662338,0.051100000739097595
6212,3.1060000,0.016832418739795685,0.05090000107884407
6213,3.1065000,0.017335966229438782,0.050599999725818634
6214,3.1070000,0.017838889732956886,0.050400000065565109
6215,3.1075000,0.018343787640333176,0.050099998712539673
6216,3.1080000,0.018850598484277725,0.049800001084804535
6217,3.1085000,0.019357966259121895,0.049499999731779099
6218,3.1090000,0.019865911453962326,0.049199998378753662
6219,3.1095000,0.020374922081828117,0.048999998718500137
6220,3.1100000,0.020883679389953613,0.048700001090764999
6221,3.1105000,0.02139165997505188,0.048399999737739563
6222,3.1110000,0.02190098725259304,0.048099998384714127
6223,3.1115000,0.022413434460759163,0.047899998724460602
6224,3.1120000,0.022928705438971519,0.047699999064207077
6225,3.1125000,0.023444956168532372,0.047499999403953552
6226,3.1130000,0.023960165679454803,0.047299999743700027
6227,3.1135000,0.024474799633026123,0.047100000083446503
6228,3.1140000,0.024989191442728043,0.046900000423192978
6229,3.1145000,0.025502253323793411,0.046799998730421066
6230,3.1150000,0.026015277951955795,0.046700000762939453
6231,3.1155000,0.026530670002102852,0.046700000762939453
6232,3.1160000,0.027047444134950638,0.046700000762939453
6233,3.1165000,0.027560815215110779,0.046700000762939453
6234,3.1170000,0.028066977858543396,0.046700000762939453
6235,3.1175000,0.02856726385653019,0.046799998730421066
6236,3.1180000,0.029063047841191292,0.046900000423192978
6237,3.1185000,0.02955310232937336,0.046999998390674591
6238,3.1190000,0.030037926509976387,0.047200001776218414
6239,3.1195000,0.030518254265189171,0.047400001436471939
6240,3.1200000,0.030993044376373291,0.047600001096725464
6241,3.1205000,0.031459074467420578,0.047899998724460602
6242,3.1210000,0.031913004815578461,0.048200000077486038
6243,3.1215000,0.032356210052967072,0.048599999397993088
6244,3.1220000,0.032790053635835648,0.048900000751018524
6245,3.1225000,0.033213600516319275,0.049300000071525574
6246,3.1230000,0.033628784120082855,0.049699999392032623
6247,3.1235000,0.034037500619888306,0.050200000405311584
6248,3.1240000,0.034438114613294601,0.050599999725818634
6249,3.1245000,0.034827522933483124,0.051100000739097595
6250,3.1250000,0.035205751657485962,0.051600001752376556
6251,3.1255000,0.03557610884308815,0.052099999040365219
6252,3.1260000,0.035939127206802368,0.05260000005364418
6253,3.1265000,0.036293219774961472,0.053199999034404755
6254,3.1270000,0.036639664322137833,0.053700000047683716
6255,3.1275000,0.036979805678129196,0.05429999902844429
6256,3.1280000,0.03731265664100647,0.054800000041723251
6257,3.1285000,0.037638075649738312,0.055399999022483826
6258,3.1290000,0.03795892745256424,0.055900000035762787
6259,3.1295000,0.038278661668300629,0.056499999016523361
6260,3.1300000,0.038596678525209427,0.057000000029802322
6261,3.1305000,0.038911078125238419,0.057500001043081284
6262,3.1310000,0.039224211126565933,0.057999998331069946
6263,3.1315000,0.039537519216537476,0.058499999344348907
6264,3.1320000,0.039848137646913528,0.059000000357627869
6265,3.1325000,0.040156669914722443,0.059399999678134918
6266,3.1330000,0.040467742830514908,0.059799998998641968
6267,3.1335000,0.040784265846014023,0.060199998319149017
6268,3.1340000,0.041105955839157104,0.060600001364946365
6269,3.1345000,0.041431926190853119,0.061000000685453415
6270,3.1350000,0.041764043271541595,0.061299998313188553
6271,3.1355000,0.04210146889090538,0.061500001698732376
6272,3.1360000,0.042439408600330353,0.061799999326467514
6273,3.1365000,0.042776994407176971,0.061999998986721039
6274,3.1370000,0.043116219341754913,0.062199998646974564
6275,3.1375000,0.043459154665470123,0.062300000339746475
6276,3.1380000,0.043807100504636765,0.062399998307228088
6277,3.1385000,0.044160418212413788,0.0625
6278,3.1390000,0.044520188122987747,0.0625
6279,3.1395000,0.044883947819471359,0.0625
6280,3.1400000,0.045245550572872162,0.0625
6281,3.1405000,0.04560137540102005,0.062399998307228088
6282,3.1410000,0.045951928943395615,0.062300000339746475
6283,3.1415000,0.046299569308757782,0.062199998646974564
6284,3.1420000,0.046646352857351303,0.061999998986721039
6285,3.1425000,0.046993903815746307,0.061799999326467514
6286,3.1430000,0.047342564910650253,0.061599999666213989
6287,3.1435000,0.047691080719232559,0.061400000005960464
6288,3.1440000,0.048037778586149216,0.061099998652935028
6289,3.1445000,0.048380609601736069,0.06080000102519989
6290,3.1450000,0.048718810081481934,0.060499999672174454
6291,3.1455000,0.049053750932216644,0.060199998319149017
6292,3.1460000,0.049387209117412567,0.059900000691413879
6293,3.1465000,0.049721699208021164,0.059599999338388443
6294,3.1470000,0.050060693174600601,0.059300001710653305
6295,3.1475000,0.050404250621795654,0.058899998664855957
6296,3.1480000,0.050748430192470551,0.058600001037120819
6297,3.1485000,0.051090657711029053,0.058299999684095383
6298,3.1490000,0.051431182771921158,0.057999998331069946
6299,3.1495000,0.05177287757396698,0.057700000703334808
6300,3.1500000,0.052118990570306778,0.057399999350309372
6301,3.1505000,0.052469335496425629,0.057100001722574234
6302,3.1510000,0.052822988480329514,0.056899998337030411
6303,3.1515000,0.053179316222667694,0.056600000709295273
6304,3.1520000,0.053534794598817825,0.056400001049041748
6305,3.1525000,0.053886234760284424,0.056299999356269836
6306,3.1530000,0.054232954978942871,0.056099999696016312
6307,3.1535000,0.054575774818658829,0.056000001728534698
6308,3.1540000,0.054916735738515854,0.055900000035762787
6309,3.1545000,0.05525614321231842,0.055900000035762787
6310,3.1550000,0.055593065917491913,0.055900000035762787
6311,3.1555000,0.05592622235417366,0.055900000035762787
6312,3.1560000,0.056253451853990555,0.056000001728534698
6313,3.1565000,0.05657481774687767,0.056099999696016312
6314,3.1570000,0.056890126317739487,0.056200001388788223
6315,3.1575000,0.057196866720914841,0.056400001049041748
6316,3.1580000,0.057495955377817154,0.056600000709295273
6317,3.1585000,0.057790208607912064,0.056899998337030411
6318,3.1590000,0.058077976107597351,0.057199999690055847
6319,3.1595000,0.058356773108243942,0.057500001043081284
6320,3.1600000,0.058626413345336914,0.057900000363588333
6321,3.1605000,0.058886956423521042,0.058400001376867294
6322,3.1610000,0.059136949479579926,0.058800000697374344
6323,3.1615000,0.059373468160629272,0.059300001710653305
6324,3.1620000,0.059598587453365326,0.059900000691413879
6325,3.1625000,0.05981532484292984,0.060400001704692841
6326,3.1630000,0.06002131849527359,0.061000000685453415
6327,3.1635000,0.060216519981622696,0.061700001358985901
6328,3.1640000,0.060404248535633087,0.062399998307228088
6329,3.1645000,0.060586977750062943,0.063100002706050873
6330,3.1650000,0.060766048729419708,0.06379999965429306
6331,3.1655000,0.060942407697439194,0.064499996602535248
6332,3.1660000,0.061118364334106445,0.065300002694129944
6333,3.1665000,0.06129363551735878,0.066100001335144043
6334,3.1670000,0.061464428901672363,0.066899999976158142
6335,3.1675000,0.061629608273506165,0.067800000309944153
6336,3.1680000,0.061792287975549698,0.068599998950958252
6337,3.1685000,0.061956267803907394,0.069499999284744263
6338,3.1690000,0.062121164053678513,0.070299997925758362
6339,3.1695000,0.062286302447319031,0.071199998259544373
6340,3.1700000,0.062454655766487122,0.072099998593330383
6341,3.1705000,0.062627531588077545,0.072999998927116394
6342,3.1710000,0.062805473804473877,0.073899999260902405
6343,3.1715000,0.062988355755805969,0.074799999594688416
6344,3.1720000,0.063172996044158936,0.075599998235702515
6345,3.1725000,0.063356518745422363,0.076499998569488525
6346,3.1730000,0.063535124063491821,0.077399998903274536
6347,3.1735000,0.06370893120765686,0.078199997544288635
6348,3.1740000,0.063883639872074127,0.079099997878074646
6349,3.1745000,0.064060837030410767,0.079899996519088745
6350,3.1750000,0.064239352941513062,0.080700002610683441
6351,3.1755000,0.064417198300361633,0.08150000125169754
6352,3.1760000,0.06459316611289978,0.082299999892711639
6353,3.1765000,0.06476900726556778,0.082999996840953827
6354,3.1770000,0.064945176243782043,0.083700001239776611
6355,3.1775000,0.065123334527015686,0.084399998188018799
6356,3.1780000,0.06530703604221344,0.085100002586841583
6357,3.1785000,0.065497249364852905,0.085799999535083771
6358,3.1790000,0.065692514181137085,0.086400002241134644
6359,3.1795000,0.065888911485671997,0.086999997496604919
6360,3.1800000,0.066086344420909882,0.087499998509883881
6361,3.1805000,0.066289663314819336,0.087999999523162842
6362,3.1810000,0.066500134766101837,0.088500000536441803
6363,3.1815000,0.06671808660030365,0.089000001549720764
6364,3.1820000,0.066944718360900879,0.089400000870227814
6365,3.1825000,0.067180193960666656,0.089800000190734863
6366,3.1830000,0.067423447966575623,0.090099997818470001
6367,3.1835000,0.067671939730644226,0.090400002896785736
6368,3.1840000,0.067927427589893341,0.090700000524520874
6369,3.1845000,0.068192891776561737,0.0908999964594841
6370,3.1850000,0.068465575575828552,0.091099999845027924
6371,3.1855000,0.068743377923965454,0.091300003230571747
6372,3.1860000,0.069027930498123169,0.091399997472763062
6373,3.1865000,0.069319769740104675,0.091499999165534973
6374,3.1870000,0.069617345929145813,0.091600000858306885
6375,3.1875000,0.069918639957904816,0.091600000858306885
6376,3.1880000,0.07022383064031601,0.091600000858306885
6377,3.1885000,0.070533595979213715,0.091600000858306885
6378,3.1890000,0.070846542716026306,0.091600000858306885
6379,3.1895000,0.0711631178855896,0.091499999165534973
6380,3.1900000,0.071484655141830444,0.091399997472763062
6381,3.1905000,0.071809276938438416,0.091300003230571747
6382,3.1910000,0.072134532034397125,0.091200001537799835
6383,3.1915000,0.072459720075130463,0.090999998152256012
6384,3.1920000,0.072784416377544403,0.090800002217292786
6385,3.1925000,0.073107436299324036,0.090599998831748962
6386,3.1930000,0.073427170515060425,0.090400002896785736
6387,3.1935000,0.073743551969528198,0.090199999511241913
6388,3.1940000,0.074057668447494507,0.089900001883506775
6389,3.1945000,0.074367642402648926,0.089699998497962952
6390,3.1950000,0.074670992791652679,0.089400000870227814
6391,3.1955000,0.074967481195926666,0.08919999748468399
6392,3.1960000,0.075256355106830597,0.088899999856948853
6393,3.1965000,0.075537092983722687,0.088699996471405029
6394,3.1970000,0.075810886919498444,0.088399998843669891
6395,3.1975000,0.076079711318016052,0.088100001215934753
6396,3.1980000,0.076344512403011322,0.08789999783039093
6397,3.1985000,0.076604172587394714,0.087600000202655792
6398,3.1990000,0.076857246458530426,0.087399996817111969
6399,3.1995000,0.077103272080421448,0.087099999189376831
6400,3.2000000,0.077341370284557343,0.086900003254413605
6401,3.2005000,0.077570520341396332,0.08659999817609787
6402,3.2010000,0.077788814902305603,0.086400002241134644
6403,3.2015000,0.077996082603931427,0.08619999885559082
6404,3.2020000,0.078195147216320038,0.086000002920627594
6405,3.2025000,0.078387022018432617,0.085799999535083771
6406,3.2030000,0.078572377562522888,0.085699997842311859
6407,3.2035000,0.078751757740974426,0.085500001907348633
6408,3.2040000,0.078925848007202148,0.085400000214576721
6409,3.2045000,0.079096086323261261,0.08529999852180481
6410,3.2050000,0.079261720180511475,0.085199996829032898
6411,3.2055000,0.079423271119594574,0.085100002586841583
6412,3.2060000,0.079583458602428436,0.085000000894069672
6413,3.2065000,0.079743556678295135,0.085000000894069672
6414,3.2070000,0.079904727637767792,0.08489999920129776
6415,3.2075000,0.080066889524459839,0.08489999920129776
6416,3.2080000,0.080228917300701141,0.08489999920129776
6417,3.2085000,0.080390885472297668,0.085000000894069672
6418,3.2090000,0.080550283193588257,0.085000000894069672
6419,3.2095000,0.080705605447292328,0.085100002586841583
6420,3.2100000,0.080860219895839691,0.085199996829032898
6421,3.2105000,0.081016577780246735,0.08529999852180481
6422,3.2110000,0.08117329329252243,0.085400000214576721
6423,3.2115000,0.081327639520168304,0.085600003600120544
6424,3.2120000,0.081479325890541077,0.085799999535083771
6425,3.2125000,0.08162999153137207,0.086000002920627594
6426,3.2130000,0.081779949367046356,0.08619999885559082
6427,3.2135000,0.081927023828029633,0.086400002241134644
6428,3.2140000,0.082071051001548767,0.086699999868869781
6429,3.2145000,0.082214698195457458,0.086999997496604919
6430,3.2150000,0.082358561456203461,0.087300002574920654
6431,3.2155000,0.082502409815788269,0.087600000202655792
6432,3.2160000,0.082645341753959656,0.08789999783039093
6433,3.2165000,0.082786425948143005,0.08829999715089798
6434,3.2170000,0.082925952970981598,0.088600002229213715
6435,3.2175000,0.08306170254945755,0.089000001549720764
6436,3.2180000,0.083192281424999237,0.089400000870227814
6437,3.2185000,0.083320200443267822,0.089800000190734863
6438,3.2190000,0.083445943892002106,0.090300001204013824
6439,3.2195000,0.083568938076496124,0.090700000524520874
6440,3.2200000,0.083691693842411041,0.091200001537799835
6441,3.2205000,0.083816699683666229,0.091700002551078796
6442,3.2210000,0.083944514393806458,0.092100001871585846
6443,3.2215000,0.084073945879936218,0.092699997127056122
6444,3.2220000,0.084202922880649567,0.093199998140335083
6445,3.2225000,0.084331437945365906,0.093699999153614044
6446,3.2230000,0.084460467100143433,0.094200000166893005
6447,3.2235000,0.08459077775478363,0.094800002872943878
6448,3.2240000,0.08472461998462677,0.095299996435642242
6449,3.2245000,0.084863290190696716,0.095899999141693115
6450,3.2250000,0.085006013512611389,0.096400000154972076
6451,3.2255000,0.085151977837085724,0.097000002861022949
6452,3.2260000,0.085299253463745117,0.097599998116493225
6453,3.2265000,0.085446983575820923,0.098099999129772186
6454,3.2270000,0.085597537457942963,0.098700001835823059
6455,3.2275000,0.085751377046108246,0.099299997091293335
6456,3.2280000,0.085907764732837677,0.099799998104572296
6457,3.2285000,0.086066298186779022,0.10040000081062317
6458,3.2290000,0.086225502192974091,0.10090000182390213
6459,3.2295000,0.086384579539299011,0.10149999707937241
6460,3.2300000,0.086541995406150818,0.10199999809265137
6461,3.2305000,0.086697906255722046,0.10260000079870224
6462,3.2310000,0.086854301393032074,0.1031000018119812
6463,3.2315000,0.08701033890247345,0.10360000282526016
6464,3.2320000,0.087166130542755127,0.10409999638795853
6465,3.2325000,0.087323449552059174,0.10459999740123749
6466,3.2330000,0.087481878697872162,0.10499999672174454
6467,3.2335000,0.087639316916465759,0.1054999977350235
6468,3.2340000,0.087793394923210144,0.10589999705553055
6469,3.2345000,0.087944634258747101,0.10639999806880951
6470,3.2350000,0.088094227015972137,0.10679999738931656
6471,3.2355000,0.088240243494510651,0.10710000246763229
6472,3.2360000,0.08838169276714325,0.10750000178813934
6473,3.2365000,0.088520251214504242,0.10790000110864639
6474,3.2370000,0.088657282292842865,0.10819999873638153
6475,3.2375000,0.088791832327842712,0.10849999636411667
6476,3.2380000,0.088922828435897827,0.1088000014424324
6477,3.2385000,0.089051112532615662,0.10899999737739563
6478,3.2390000,0.08917691558599472,0.10930000245571136
6479,3.2395000,0.089300014078617096,0.10949999839067459
6480,3.2400000,0.089421495795249939,0.10970000177621841
6481,3.2405000,0.089542046189308167,0.10980000346899033
6482,3.2410000,0.08965948224067688,0.10999999940395355
6483,3.2415000,0.089772634208202362,0.11010000109672546
6484,3.2420000,0.089884519577026367,0.11020000278949738
6485,3.2425000,0.089997000992298126,0.11029999703168869
6486,3.2430000,0.09011029452085495,0.1103999987244606
6487,3.2435000,0.090223737061023712,0.1103999987244606
6488,3.2440000,0.090335629880428314,0.11050000041723251
6489,3.2445000,0.090446360409259796,0.11050000041723251
6490,3.2450000,0.090554989874362946,0.1103999987244606
6491,3.2455000,0.090660795569419861,0.1103999987244606
6492,3.2460000,0.090767771005630493,0.1103999987244606
6493,3.2465000,0.090877078473567963,0.11029999703168869
6494,3.2470000,0.090986669063568115,0.11020000278949738
6495,3.2475000,0.091097444295883179,0.11010000109672546
6496,3.2480000,0.091210424900054932,0.10999999940395355
6497,3.2485000,0.091324575245380402,0.10989999771118164
6498,3.2490000,0.091436430811882019,0.10980000346899033
6499,3.2495000,0.091542273759841919,0.1096000000834465
6500,3.2500000,0.091641701757907867,0.10949999839067459
6501,3.2505000,0.091736234724521637,0.10930000245571136
6502,3.2510000,0.091827951371669769,0.10909999907016754
6503,3.2515000,0.091917693614959717,0.10890000313520432
6504,3.2520000,0.09200335294008255,0.1088000014424324
6505,3.2525000,0.0920829176902771,0.10849999636411667
6506,3.2530000,0.092155694961547852,0.10830000042915344
6507,3.2535000,0.092219926416873932,0.10809999704360962
6508,3.2540000,0.092275090515613556,0.10790000110864639
6509,3.2545000,0.092322312295436859,0.10769999772310257
6510,3.2550000,0.092362791299819946,0.10740000009536743
6511,3.2555000,0.092398583889007568,0.10719999670982361
6512,3.2560000,0.092430397868156433,0.10700000077486038
6513,3.2565000,0.092456825077533722,0.10670000314712524
6514,3.2570000,0.092476643621921539,0.10649999976158142
6515,3.2575000,0.092489153146743774,0.10620000213384628
6516,3.2580000,0.092493534088134766,0.10589999705553055
6517,3.2585000,0.092489063739776611,0.10570000112056732
6518,3.2590000,0.092476531863212585,0.10540000349283218
6519,3.2595000,0.092457905411720276,0.10520000010728836
6520,3.2600000,0.092435002326965332,0.10490000247955322
6521,3.2605000,0.092408880591392517,0.10459999740123749
6522,3.2610000,0.092380397021770477,0.10440000146627426
6523,3.2615000,0.092349983751773834,0.10409999638795853
6524,3.2620000,0.092315614223480225,0.1039000004529953
6525,3.2625000,0.092275038361549377,0.10360000282526016
6526,3.2630000,0.092229120433330536,0.10329999774694443
6527,3.2635000,0.092180170118808746,0.1031000018119812
6528,3.2640000,0.092127531766891479,0.10279999673366547
6529,3.2645000,0.092068277299404144,0.10260000079870224
6530,3.2650000,0.092002101242542267,0.1023000031709671
6531,3.2655000,0.091929972171783447,0.10209999978542328
6532,3.2660000,0.091850481927394867,0.10189999639987946
6533,3.2665000,0.09176432341337204,0.10159999877214432
6534,3.2670000,0.091675080358982086,0.10140000283718109
6535,3.2675000,0.091584041714668274,0.10119999945163727
6536,3.2680000,0.091490007936954498,0.10100000351667404
6537,3.2685000,0.091390497982501984,0.10080000013113022
6538,3.2690000,0.091284826397895813,0.1005999967455864
6539,3.2695000,0.091172434389591217,0.10040000081062317
6540,3.2700000,0.091051541268825531,0.10029999911785126
6541,3.2705000,0.090924777090549469,0.10010000318288803
6542,3.2710000,0.090795613825321198,0.10000000149011612
6543,3.2715000,0.090665511786937714,0.099899999797344208
6544,3.2720000,0.090536698698997498,0.099799998104572296
6545,3.2725000,0.090408444404602051,0.099699996411800385
6546,3.2730000,0.090278550982475281,0.09960000216960907
6547,3.2735000,0.0901445671916008,0.099500000476837158
6548,3.2740000,0.090003296732902527,0.099500000476837158
6549,3.2745000,0.089857198297977448,0.099500000476837158
6550,3.2750000,0.08971104770898819,0.099500000476837158
6551,3.2755000,0.089566215872764587,0.099500000476837158
6552,3.2760000,0.089423134922981262,0.099500000476837158
6553,3.2765000,0.089281551539897919,0.09960000216960907
6554,3.2770000,0.089141875505447388,0.099699996411800385
6555,3.2775000,0.08900422602891922,0.099799998104572296
6556,3.2780000,0.088867746293544769,0.099899999797344208
6557,3.2785000,0.088733837008476257,0.10000000149011612
6558,3.2790000,0.088603466749191284,0.10019999742507935
6559,3.2795000,0.088476553559303284,0.10040000081062317
6560,3.2800000,0.088353089988231659,0.1005999967455864
6561,3.2805000,0.088232964277267456,0.10080000013113022
6562,3.2810000,0.088116616010665894,0.10100000351667404
6563,3.2815000,0.088005192577838898,0.10119999945163727
6564,3.2820000,0.087898984551429749,0.10149999707937241
6565,3.2825000,0.087797366082668304,0.10180000215768814
6566,3.2830000,0.087701417505741119,0.10209999978542328
6567,3.2835000,0.08761180192232132,0.10239999741315842
6568,3.2840000,0.08752787858247757,0.10270000249147415
6569,3.2845000,0.087450690567493439,0.10300000011920929
6570,3.2850000,0.08738168329000473,0.10329999774694443
6571,3.2855000,0.087319344282150269,0.10360000282526016
6572,3.2860000,0.087262429296970367,0.10400000214576721
6573,3.2865000,0.087213031947612762,0.10429999977350235
6574,3.2870000,0.087171189486980438,0.10459999740123749
6575,3.2875000,0.087136648595333099,0.10499999672174454
6576,3.2880000,0.087112657725811005,0.10530000180006027
6577,3.2885000,0.087101578712463379,0.10559999942779541
6578,3.2890000,0.08710344135761261,0.10599999874830246
6579,3.2895000,0.087115861475467682,0.1062999963760376
6580,3.2900000,0.087136715650558472,0.10660000145435333
6581,3.2905000,0.087165214121341705,0.10689999908208847
6582,3.2910000,0.087200596928596497,0.10719999670982361
6583,3.2915000,0.087245568633079529,0.10750000178813934
6584,3.2920000,0.087303027510643005,0.10769999772310257
6585,3.2925000,0.087372101843357086,0.1080000028014183
6586,3.2930000,0.08745177835226059,0.10819999873638153
6587,3.2935000,0.087541215121746063,0.10849999636411667
6588,3.2940000,0.087639674544334412,0.10869999974966049
6589,3.2945000,0.087745606899261475,0.10890000313520432
6590,3.2950000,0.087854824960231781,0.10899999737739563
6591,3.2955000,0.087968401610851288,0.10920000076293945
6592,3.2960000,0.088089831173419952,0.10930000245571136
6593,3.2965000,0.088217057287693024,0.10939999669790268
6594,3.2970000,0.088348202407360077,0.10949999839067459
6595,3.2975000,0.08848223090171814,0.1096000000834465
6596,3.2980000,0.088617578148841858,0.10970000177621841
6597,3.2985000,0.088753491640090942,0.10970000177621841
6598,3.2990000,0.08888813853263855,0.10980000346899033
6599,3.2995000,0.08901987224817276,0.10980000346899033
6600,3.3000000,0.08914908766746521,0.10980000346899033
6601,3.3005000,0.089274600148200989,0.10980000346899033
6602,3.3010000,0.089395001530647278,0.10980000346899033
6603,3.3015000,0.089506983757019043,0.10970000177621841
6604,3.3020000,0.089606471359729767,0.10970000177621841
6605,3.3025000,0.089696474373340607,0.1096000000834465
6606,3.3030000,0.089779146015644073,0.10949999839067459
6607,3.3035000,0.089852675795555115,0.10939999669790268
6608,3.3040000,0.089914232492446899,0.10930000245571136
6609,3.3045000,0.089957252144813538,0.10920000076293945
6610,3.3050000,0.08997904509305954,0.10909999907016754
6611,3.3055000,0.08997800201177597,0.10899999737739563
6612,3.3060000,0.089950926601886749,0.10890000313520432
6613,3.3065000,0.089902728796005249,0.1088000014424324
6614,3.3070000,0.089838504791259766,0.10859999805688858
6615,3.3075000,0.089755967259407043,0.10849999636411667
6616,3.3080000,0.089651443064212799,0.10840000212192535
6617,3.3085000,0.089523434638977051,0.10819999873638153
6618,3.3090000,0.089374072849750519,0.10809999704360962
6619,3.3095000,0.089205600321292877,0.10790000110864639
6620,3.3100000,0.089019127190113068,0.10779999941587448
6621,3.3105000,0.08881986141204834,0.10760000348091125
6622,3.3110000,0.088610537350177765,0.10750000178813934
6623,3.3115000,0.088389083743095398,0.10740000009536743
6624,3.3120000,0.088152959942817688,0.10719999670982361
6625,3.3125000,0.087901093065738678,0.10710000246763229
6626,3.3130000,0.087636999785900116,0.10700000077486038
6627,3.3135000,0.087362989783287048,0.10679999738931656
6628,3.3140000,0.087078817188739777,0.10670000314712524
6629,3.3145000,0.086787477135658264,0.10660000145435333
6630,3.3150000,0.086492590606212616,0.10649999976158142
6631,3.3155000,0.086193278431892395,0.10639999806880951
6632,3.3160000,0.085885472595691681,0.1062999963760376
6633,3.3165000,0.085567951202392578,0.10620000213384628
6634,3.3170000,0.085245385766029358,0.10610000044107437
6635,3.3175000,0.084920011460781097,0.10599999874830246
6636,3.3180000,0.084588825702667236,0.10589999705553055
6637,3.3185000,0.084252610802650452,0.10589999705553055
6638,3.3190000,0.083915196359157562,0.10580000281333923
6639,3.3195000,0.083578534424304962,0.10580000281333923
6640,3.3200000,0.083241567015647888,0.10580000281333923
6641,3.3205000,0.082902714610099792,0.10580000281333923
6642,3.3210000,0.082565329968929291,0.10580000281333923
6643,3.3215000,0.082232840359210968,0.10580000281333923
6644,3.3220000,0.081906117498874664,0.10580000281333923
6645,3.3225000,0.081585802137851715,0.10589999705553055
6646,3.3230000,0.081271417438983917,0.10589999705553055
6647,3.3235000,0.080965608358383179,0.10599999874830246
6648,3.3240000,0.080673269927501678,0.10610000044107437
6649,3.3245000,0.080397471785545349,0.1062999963760376
6650,3.3250000,0.080140188336372375,0.10639999806880951
6651,3.3255000,0.079902581870555878,0.10660000145435333
6652,3.3260000,0.079687215387821198,0.10689999908208847
6653,3.3265000,0.079495243728160858,0.10710000246763229
6654,3.3270000,0.07932388037443161,0.10740000009536743
6655,3.3275000,0.079175516963005066,0.10779999941587448
6656,3.3280000,0.079054892063140869,0.10819999873638153
6657,3.3285000,0.078961931169033051,0.10859999805688858
6658,3.3290000,0.078895896673202515,0.10899999737739563
6659,3.3295000,0.07885606586933136,0.1096000000834465
6660,3.3300000,0.078846164047718048,0.11010000109672546
6661,3.3305000,0.07886931300163269,0.11069999635219574
6662,3.3310000,0.078921645879745483,0.11140000075101852
6663,3.3315000,0.079004660248756409,0.11209999769926071
6664,3.3320000,0.079123161733150482,0.11289999634027481
6665,3.3325000,0.079278841614723206,0.11370000243186951
6666,3.3330000,0.079475104808807373,0.11469999700784683
6667,3.3335000,0.079710543155670166,0.11559999734163284
6668,3.3340000,0.079981490969657898,0.11670000106096268
6669,3.3345000,0.080289185047149658,0.11779999732971191
6670,3.3350000,0.080634869635105133,0.11890000104904175
6671,3.3355000,0.081022657454013824,0.1200999990105629
6672,3.3360000,0.081450566649436951,0.12150000035762787
6673,3.3365000,0.081906430423259735,0.12280000001192093
6674,3.3370000,0.08238527923822403,0.12430000305175781
6675,3.3375000,0.082886271178722382,0.1257999986410141
6676,3.3380000,0.083410613238811493,0.1273999959230423
6677,3.3385000,0.083964765071868896,0.1289999932050705
6678,3.3390000,0.084549844264984131,0.1307000070810318
6679,3.3395000,0.085167407989501953,0.13249999284744263
6680,3.3400000,0.085818670690059662,0.13429999351501465
6681,3.3405000,0.086498625576496124,0.13629999756813049
6682,3.3410000,0.087205842137336731,0.13819999992847443
6683,3.3415000,0.08793814480304718,0.14030000567436218
6684,3.3420000,0.08869326114654541,0.14239999651908875
6685,3.3425000,0.089473463594913483,0.1445000022649765
6686,3.3430000,0.090277835726737976,0.14669999480247498
6687,3.3435000,0.09110616147518158,0.14890000224113464
6688,3.3440000,0.091963410377502441,0.15119999647140503
6689,3.3445000,0.092854298651218414,0.15360000729560852
6690,3.3450000,0.093778416514396667,0.15590000152587891
6691,3.3455000,0.094732046127319336,0.15839999914169312
6692,3.3460000,0.095715008676052094,0.16079999506473541
6693,3.3465000,0.096726715564727783,0.16329999268054962
6694,3.3470000,0.09776383638381958,0.16580000519752502
6695,3.3475000,0.098827578127384186,0.16830000281333923
6696,3.3480000,0.099920228123664856,0.17080000042915344
6697,3.3485000,0.10104308277368546,0.17339999973773956
6698,3.3490000,0.10219720751047134,0.17589999735355377
6699,3.3495000,0.10337761044502258,0.17849999666213989
6700,3.3500000,0.10457742959260941,0.18109999597072601
6701,3.3505000,0.10579296201467514,0.18359999358654022
6702,3.3510000,0.10702510923147202,0.18619999289512634
6703,3.3515000,0.10827992111444473,0.18870000541210175
6704,3.3520000,0.10956204682588577,0.19130000472068787
6705,3.3525000,0.11087238043546677,0.19380000233650208
6706,3.3530000,0.11220628023147583,0.19629999995231628
6707,3.3535000,0.1135566309094429,0.19879999756813049
6708,3.3540000,0.11492177098989487,0.2012999951839447
6709,3.3545000,0.11630351096391678,0.20379999279975891
6710,3.3550000,0.1177041158080101,0.2062000036239624
6711,3.3555000,0.11912471055984497,0.2085999995470047
6712,3.3560000,0.12056806683540344,0.210999995470047
6713,3.3565000,0.12203817814588547,0.21330000460147858
6714,3.3570000,0.12353263050317764,0.21570000052452087
6715,3.3575000,0.12504547834396362,0.21789999306201935
6716,3.3580000,0.126575767993927,0.22020000219345093
6717,3.3585000,0.12812714278697968,0.22249999642372131
6718,3.3590000,0.12969917058944702,0.22470000386238098
6719,3.3595000,0.13128779828548431,0.22679999470710754
6720,3.3600000,0.13288691639900208,0.22900000214576721
6721,3.3605000,0.13448429107666016,0.23109999299049377
6722,3.3610000,0.13607051968574524,0.23319999873638153
6723,3.3615000,0.13764789700508118,0.23530000448226929
6724,3.3620000,0.13922236859798431,0.23739999532699585
6725,3.3625000,0.14079710841178894,0.23939999938011169
6726,3.3630000,0.14237158000469208,0.24140000343322754
6727,3.3635000,0.14394164085388184,0.24339999258518219
6728,3.3640000,0.14550700783729553,0.24539999663829803
6729,3.3645000,0.14706863462924957,0.24729999899864197
6730,3.3650000,0.1486230343580246,0.2492000013589859
6731,3.3655000,0.15017135441303253,0.25110000371932983
6732,3.3660000,0.15172021090984344,0.25299999117851257
6733,3.3665000,0.15327246487140656,0.2549000084400177
6734,3.3670000,0.15482698380947113,0.25679999589920044
6735,3.3675000,0.15638309717178345,0.25859999656677246
6736,3.3680000,0.15794584155082703,0.26050001382827759
6737,3.3685000,0.15952120721340179,0.26230001449584961
6738,3.3690000,0.16110731661319733,0.26409998536109924
6739,3.3695000,0.16270111501216888,0.26589998602867126
6740,3.3700000,0.1643037348985672,0.26769998669624329
6741,3.3705000,0.16591688990592957,0.26949998736381531
6742,3.3710000,0.16753858327865601,0.27120000123977661
6743,3.3715000,0.16916687786579132,0.27289998531341553
6744,3.3720000,0.17080514132976532,0.27469998598098755
6745,3.3725000,0.17245420813560486,0.27630001306533813
6746,3.3730000,0.17410910129547119,0.27799999713897705
6747,3.3735000,0.17576728761196136,0.27959999442100525
6748,3.3740000,0.1774296909570694,0.28119999170303345
6749,3.3745000,0.1791001558303833,0.28279998898506165
6750,3.3750000,0.18078246712684631,0.28429999947547913
6751,3.3755000,0.18247441947460175,0.2856999933719635
6752,3.3760000,0.18417960405349731,0.28709998726844788
6753,3.3765000,0.1859046071767807,0.28850001096725464
6754,3.3770000,0.18764539062976837,0.28979998826980591
6755,3.3775000,0.18939979374408722,0.29100000858306885
6756,3.3780000,0.19117251038551331,0.2921999990940094
6757,3.3785000,0.19296687841415405,0.29330000281333923
6758,3.3790000,0.194782555103302,0.29429998993873596
6759,3.3795000,0.19661599397659302,0.29519999027252197
6760,3.3800000,0.19846922159194946,0.29600000381469727
6761,3.3805000,0.2003457099199295,0.29679998755455017
6762,3.3810000,0.20223979651927948,0.29739999771118164
6763,3.3815000,0.20414480566978455,0.29789999127388
6764,3.3820000,0.20606218278408051,0.29829999804496765
6765,3.3825000,0.20799659192562103,0.29859998822212219
6766,3.3830000,0.20994564890861511,0.2987000048160553
6767,3.3835000,0.21190480887889862,0.29879999160766602
6768,3.3840000,0.21387268602848053,0.2987000048160553
6769,3.3845000,0.21584537625312805,0.29840001463890076
6770,3.3850000,0.21781668066978455,0.29809999465942383
6771,3.3855000,0.21978358924388885,0.29750001430511475
6772,3.3860000,0.22174641489982605,0.29690000414848328
6773,3.3865000,0.22370399534702301,0.29609999060630798
6774,3.3870000,0.22565555572509766,0.29510000348091125
6775,3.3875000,0.22760267555713654,0.29399999976158142
6776,3.3880000,0.22954002022743225,0.29280000925064087
6777,3.3885000,0.23145505785942078,0.29129999876022339
6778,3.3890000,0.23334215581417084,0.28979998826980591
6779,3.3895000,0.23520262539386749,0.28810000419616699
6780,3.3900000,0.23703235387802124,0.28619998693466187
6781,3.3905000,0.23882505297660828,0.28420001268386841
6782,3.3910000,0.24058184027671814,0.28209999203681946
6783,3.3915000,0.24230265617370605,0.27979999780654907
6784,3.3920000,0.24398809671401978,0.27739998698234558
6785,3.3925000,0.24564480781555176,0.27480000257492065
6786,3.3930000,0.24727129936218262,0.27210000157356262
6787,3.3935000,0.24886475503444672,0.26930001378059387
6788,3.3940000,0.25042378902435303,0.26629999279975891
6789,3.3945000,0.25194060802459717,0.26320001482963562
6790,3.3950000,0.25341039896011353,0.26010000705718994
6791,3.3955000,0.25482738018035889,0.25679999589920044
6792,3.3960000,0.25619089603424072,0.25339999794960022
6793,3.3965000,0.25750637054443359,0.24989999830722809
6794,3.3970000,0.25876939296722412,0.24629999697208405
6795,3.3975000,0.25997614860534668,0.24259999394416809
6796,3.3980000,0.26112347841262817,0.23880000412464142
6797,3.3985000,0.26220563054084778,0.23499999940395355
6798,3.3990000,0.26321911811828613,0.23109999299049377
6799,3.3995000,0.26415619254112244,0.22709999978542328
6800,3.4000000,0.26501387357711792,0.22310000658035278
6801,3.4005000,0.26579353213310242,0.21899999678134918
6802,3.4010000,0.26649004220962524,0.21490000188350677
6803,3.4015000,0.26710319519042969,0.21070000529289246
6804,3.4020000,0.26763254404067993,0.20649999380111694
6805,3.4025000,0.26807087659835815,0.20229999721050262
6806,3.4030000,0.26841437816619873,0.19799999892711639
6807,3.4035000,0.26865434646606445,0.19370000064373016
6808,3.4040000,0.26877844333648682,0.18940000236034393
6809,3.4045000,0.26878035068511963,0.1851000040769577
6810,3.4050000,0.26865702867507935,0.18080000579357147
6811,3.4055000,0.26841157674789429,0.17640000581741333
6812,3.4060000,0.26804748177528381,0.17209999263286591
6813,3.4065000,0.26756080985069275,0.16769999265670776
6814,3.4070000,0.26694467663764954,0.16339999437332153
6815,3.4075000,0.26619210839271545,0.15899999439716339
6816,3.4080000,0.26530027389526367,0.15459999442100525
6817,3.4085000,0.26427385210990906,0.15029999613761902
6818,3.4090000,0.26311546564102173,0.14589999616146088
6819,3.4095000,0.26181957125663757,0.14159999787807465
6820,3.4100000,0.26038312911987305,0.13729999959468842
6821,3.4105000,0.25880751013755798,0.13289999961853027
6822,3.4110000,0.25708895921707153,0.12860000133514404
6823,3.4115000,0.25522428750991821,0.12430000305175781
6824,3.4120000,0.25321412086486816,0.11990000307559967
6825,3.4125000,0.25105679035186768,0.11559999734163284
6826,3.4130000,0.24875383079051971,0.11129999905824661
6827,3.4135000,0.24630878865718842,0.10700000077486038
6828,3.4140000,0.24372005462646484,0.10270000249147415
6829,3.4145000,0.24098467826843262,0.09830000251531601
6830,3.4150000,0.23810090124607086,0.093999996781349182
6831,3.4155000,0.23507030308246613,0.089699998497962952
6832,3.4160000,0.23189780116081238,0.085400000214576721
6833,3.4165000,0.22858496010303497,0.081000000238418579
6834,3.4170000,0.22513781487941742,0.076700001955032349
6835,3.4175000,0.22156751155853271,0.072300001978874207
6836,3.4180000,0.2178761214017868,0.068000003695487976
6837,3.4185000,0.21406053006649017,0.063600003719329834
6838,3.4190000,0.2101215124130249,0.059200000017881393
6839,3.4195000,0.20606671273708344,0.054800000041723251
6840,3.4200000,0.20190985500812531,0.050400000065565109
6841,3.4205000,0.19766047596931458,0.046000000089406967
6842,3.4210000,0.19332151114940643,0.041600000113248825
6843,3.4215000,0.18889801204204559,0.037099998444318771
6844,3.4220000,0.18439562618732452,0.032699998468160629
6845,3.4225000,0.1798180490732193,0.028200000524520874
6846,3.4230000,0.17517127096652985,0.023800000548362732
6847,3.4235000,0.17046171426773071,0.019300000742077827
6848,3.4240000,0.16569223999977112,0.014899999834597111
6849,3.4245000,0.1608656644821167,0.010400000028312206
6850,3.4250000,0.15598778426647186,0.0060000000521540642
6851,3.4255000,0.15106490254402161,0.001500000013038516
6852,3.4260000,0.14610292017459869,-0.002899999963119626
6853,3.4265000,0.14110663533210754,-0.0073000001721084118
6854,3.4270000,0.13608019053936005,-0.011699999682605267
6855,3.4275000,0.1310267448425293,-0.016000000759959221
6856,3.4280000,0.12594494223594666,-0.020300000905990601
6857,3.4285000,0.12083456665277481,-0.024599999189376831
6858,3.4290000,0.11570233851671219,-0.028899999335408211
6859,3.4295000,0.11055578291416168,-0.032999999821186066
6860,3.4300000,0.10540106892585754,-0.037200000137090683
6861,3.4305000,0.10024323314428329,-0.041200000792741776
6862,3.4310000,0.095083959400653839,-0.045200001448392868
6863,3.4315000,0.08992360532283783,-0.049199998378753662
6864,3.4320000,0.084766402840614319,-0.05299999937415123
6865,3.4325000,0.079620577394962311,-0.056800000369548798
6866,3.4330000,0.074492432177066803,-0.060400001704692841
6867,3.4335000,0.069386772811412811,-0.064000003039836884
6868,3.4340000,0.064308479428291321,-0.067500002682209015
6869,3.4345000,0.059261612594127655,-0.070799998939037323
6870,3.4350000,0.054247822612524033,-0.074100002646446228
6871,3.4355000,0.049267731606960297,-0.07720000296831131
6872,3.4360000,0.0443246029317379,-0.08020000159740448
6873,3.4365000,0.039421658962965012,-0.083099998533725739
6874,3.4370000,0.034561522305011749,-0.085900001227855682
6875,3.4375000,0.029747225344181061,-0.088500000536441803
6876,3.4380000,0.024980723857879639,-0.090999998152256012
6877,3.4385000,0.020262103527784348,-0.093400001525878906
6878,3.4390000,0.015592806041240692,-0.095600001513957977
6879,3.4395000,0.010978294536471367,-0.097599998116493225
6880,3.4400000,0.0064226342365145683,-0.09960000216960907
6881,3.4405000,0.0019256975501775742,-0.10140000283718109
6882,3.4410000,-0.0025124698877334595,-0.10300000011920929
6883,3.4415000,-0.0068900003097951412,-0.10450000315904617
6884,3.4420000,-0.011205557733774185,-0.10589999705553055
6885,3.4425000,-0.015460574999451637,-0.10710000246763229
6886,3.4430000,-0.019655706360936165,-0.10809999704360962
6887,3.4435000,-0.023785412311553955,-0.10909999907016754
6888,3.4440000,-0.02784268744289875,-0.10989999771118164
6889,3.4445000,-0.031823631376028061,-0.11050000041723251
6890,3.4450000,-0.035724721848964691,-0.11110000312328339
6891,3.4455000,-0.039544761180877686,-0.11150000244379044
6892,3.4460000,-0.04328596219420433,-0.11180000007152557
6893,3.4465000,-0.046949256211519241,-0.11190000176429749
6894,3.4470000,-0.05053459107875824,-0.1120000034570694
6895,3.4475000,-0.05404030904173851,-0.11190000176429749
6896,3.4480000,-0.05746440589427948,-0.11180000007152557
6897,3.4485000,-0.060808990150690079,-0.11150000244379044
6898,3.4490000,-0.064074628055095673,-0.1111999973654747
6899,3.4495000,-0.067261070013046265,-0.11079999804496765
6900,3.4500000,-0.070371285080909729,-0.11020000278949738
6901,3.4505000,-0.073404885828495026,-0.10970000177621841
6902,3.4510000,-0.076361075043678284,-0.10899999737739563
6903,3.4515000,-0.079241327941417694,-0.10830000042915344
6904,3.4520000,-0.082043290138244629,-0.10750000178813934
6905,3.4525000,-0.084764547646045685,-0.10670000314712524
6906,3.4530000,-0.08740590512752533,-0.10580000281333923
6907,3.4535000,-0.08996928483247757,-0.10490000247955322
6908,3.4540000,-0.092457450926303864,-0.10400000214576721
6909,3.4545000,-0.094872422516345978,-0.10300000011920929
6910,3.4550000,-0.09721577912569046,-0.10199999809265137
6911,3.4555000,-0.099488712847232819,-0.10100000351667404
6912,3.4560000,-0.10168950259685516,-0.10000000149011612
6913,3.4565000,-0.10381569713354111,-0.098999999463558197
6914,3.4570000,-0.10586791485548019,-0.097999997437000275
6915,3.4575000,-0.10784804075956345,-0.097000002861022949
6916,3.4580000,-0.10975800454616547,-0.096000000834465027
6917,3.4585000,-0.11159875243902206,-0.094999998807907104
6918,3.4590000,-0.1133710965514183,-0.094099998474121094
6919,3.4595000,-0.11507882922887802,-0.093099996447563171
6920,3.4600000,-0.11672475188970566,-0.092200003564357758
6921,3.4605000,-0.11830937117338181,-0.091300003230571747
6922,3.4610000,-0.11983498930931091,-0.090499997138977051
6923,3.4615000,-0.12130377441644669,-0.08959999680519104
6924,3.4620000,-0.12271638959646225,-0.088799998164176941
6925,3.4625000,-0.12407223880290985,-0.088100001215934753
6926,3.4630000,-0.12537062168121338,-0.087300002574920654
6927,3.4635000,-0.12661272287368774,-0.086699999868869781
6928,3.4640000,-0.12779951095581055,-0.086000002920627594
6929,3.4645000,-0.12893286347389221,-0.085400000214576721
6930,3.4650000,-0.1300157904624939,-0.084799997508525848
6931,3.4655000,-0.13105016946792603,-0.084299996495246887
6932,3.4660000,-0.13203677535057068,-0.083800002932548523
6933,3.4665000,-0.13297462463378906,-0.083300001919269562
6934,3.4670000,-0.13386349380016327,-0.082900002598762512
6935,3.4675000,-0.13470469415187836,-0.082500003278255463
6936,3.4680000,-0.13549825549125671,-0.082199998199939728
6937,3.4685000,-0.13624382019042969,-0.08190000057220459
6938,3.4690000,-0.1369418203830719,-0.081600002944469452
6939,3.4695000,-0.13759270310401917,-0.081299997866153717
6940,3.4700000,-0.13819724321365356,-0.081100001931190491
6941,3.4705000,-0.13875597715377808,-0.080899998545646667
6942,3.4710000,-0.13926899433135986,-0.080700002610683441
6943,3.4715000,-0.13973663747310638,-0.08060000091791153
6944,3.4720000,-0.14015823602676392,-0.080399997532367706
6945,3.4725000,-0.14053362607955933,-0.080300003290176392
6946,3.4730000,-0.14086472988128662,-0.08020000159740448
6947,3.4735000,-0.14115433394908905,-0.080099999904632568
6948,3.4740000,-0.14140526950359344,-0.080099999904632568
6949,3.4745000,-0.14161624014377594,-0.079999998211860657
6950,3.4750000,-0.14178565144538879,-0.079899996519088745
6951,3.4755000,-0.14191785454750061,-0.079899996519088745
6952,3.4760000,-0.14201527833938599,-0.079899996519088745
6953,3.4765000,-0.14207643270492554,-0.07980000227689743
6954,3.4770000,-0.14210233092308044,-0.07980000227689743
6955,3.4775000,-0.14209483563899994,-0.07980000227689743
6956,3.4780000,-0.14205415546894073,-0.07980000227689743
6957,3.4785000,-0.14197896420955658,-0.079700000584125519
6958,3.4790000,-0.14186987280845642,-0.079700000584125519
6959,3.4795000,-0.14173166453838348,-0.079700000584125519
6960,3.4800000,-0.1415664404630661,-0.079599998891353607
6961,3.4805000,-0.14137285947799683,-0.079599998891353607
6962,3.4810000,-0.14115142822265625,-0.079499997198581696
6963,3.4815000,-0.14090271294116974,-0.079499997198581696
6964,3.4820000,-0.14062659442424774,-0.079400002956390381
6965,3.4825000,-0.14032371342182159,-0.079300001263618469
6966,3.4830000,-0.13999578356742859,-0.079199999570846558
6967,3.4835000,-0.13964405655860901,-0.079099997878074646
6968,3.4840000,-0.13927032053470612,-0.07890000194311142
6969,3.4845000,-0.13888072967529297,-0.078800000250339508
6970,3.4850000,-0.13848002254962921,-0.078599996864795685
6971,3.4855000,-0.13806591928005219,-0.078400000929832458
6972,3.4860000,-0.13763636350631714,-0.078199997544288635
6973,3.4865000,-0.1371929943561554,-0.078000001609325409
6974,3.4870000,-0.13673511147499084,-0.077699996531009674
6975,3.4875000,-0.13626036047935486,-0.077500000596046448
6976,3.4880000,-0.13577166199684143,-0.07720000296831131
6977,3.4885000,-0.13527458906173706,-0.07680000364780426
6978,3.4890000,-0.13477116823196411,-0.076499998569488525
6979,3.4895000,-0.13426011800765991,-0.076099999248981476
6980,3.4900000,-0.13373856246471405,-0.075699999928474426
6981,3.4905000,-0.1332065761089325,-0.075199998915195465
6982,3.4910000,-0.13266551494598389,-0.074799999594688416
6983,3.4915000,-0.13211515545845032,-0.074199996888637543
6984,3.4920000,-0.13155488669872284,-0.073700003325939178
6985,3.4925000,-0.13098058104515076,-0.073100000619888306
6986,3.4930000,-0.13038785755634308,-0.072499997913837433
6987,3.4935000,-0.1297764778137207,-0.071800000965595245
6988,3.4940000,-0.1291465163230896,-0.071199998259544373
6989,3.4945000,-0.12849798798561096,-0.070399999618530273
6990,3.4950000,-0.12783437967300415,-0.069700002670288086
6991,3.4955000,-0.12715992331504822,-0.068800002336502075
6992,3.4960000,-0.1264738142490387,-0.068000003695487976
6993,3.4965000,-0.12577255070209503,-0.067100003361701965
6994,3.4970000,-0.12505477666854858,-0.066200003027915955
6995,3.4975000,-0.12431942671537399,-0.065200001001358032
6996,3.4980000,-0.12356475740671158,-0.06419999897480011
6997,3.4985000,-0.12279017269611359,-0.063100002706050873
6998,3.4990000,-0.12199745327234268,-0.061999998986721039
6999,3.4995000,-0.12118922173976898,-0.06080000102519989
7000,3.5000000,-0.12036371976137161,-0.059599999338388443
7001,3.5005000,-0.1195153072476387,-0.058400001376867294
7002,3.5010000,-0.11864104121923447,-0.057100001722574234
7003,3.5015000,-0.11774133890867233,-0.055799998342990875
7004,3.5020000,-0.11681674420833588,-0.054400000721216202
7005,3.5025000,-0.11586683988571167,-0.05299999937415123
7006,3.5030000,-0.1148906797170639,-0.051600001752376556
7007,3.5035000,-0.11388850957155228,-0.050099998712539673
7008,3.5040000,-0.11286106705665588,-0.048599999397993088
7009,3.5045000,-0.11180859059095383,-0.047100000083446503
7010,3.5050000,-0.11073284596204758,-0.045499999076128006
7011,3.5055000,-0.10963562875986099,-0.043900001794099808
7012,3.5060000,-0.10851429402828217,-0.042300000786781311
7013,3.5065000,-0.10736772418022156,-0.040600001811981201
7014,3.5070000,-0.10620026290416718,-0.038899999111890793
7015,3.5075000,-0.10501255840063095,-0.037200000137090683
7016,3.5080000,-0.10379672050476074,-0.035500001162290573
7017,3.5085000,-0.10254230350255966,-0.033799998462200165
7018,3.5090000,-0.10124673694372177,-0.032000001519918442
7019,3.5095000,-0.099913902580738068,-0.030300000682473183
7020,3.5100000,-0.098546020686626434,-0.028500000014901161
7021,3.5105000,-0.097145006060600281,-0.026799999177455902
7022,3.5110000,-0.095713980495929718,-0.02500000037252903
7023,3.5115000,-0.094255894422531128,-0.023199999704957008
7024,3.5120000,-0.092769518494606018,-0.021500000730156898
7025,3.5125000,-0.091249920427799225,-0.019799999892711639
7026,3.5130000,-0.089697539806365967,-0.017999999225139618
7027,3.5135000,-0.088118545711040497,-0.01640000008046627
7028,3.5140000,-0.086516335606575012,-0.014700000174343586
7029,3.5145000,-0.084892019629478455,-0.013100000098347664
7030,3.5150000,-0.08325020968914032,-0.011500000022351742
7031,3.5155000,-0.081596262753009796,-0.0098999999463558197
7032,3.5160000,-0.07993374764919281,-0.00839999970048666
7033,3.5165000,-0.078266091644763947,-0.0070000002160668373
7034,3.5170000,-0.076598398387432098,-0.00559999980032444
7035,3.5175000,-0.074936002492904663,-0.00419999985024333
7036,3.5180000,-0.073279231786727905,-0.002899999963119626
7037,3.5185000,-0.071627974510192871,-0.0017000000225380063
7038,3.5190000,-0.069986835122108459,-0.00060000002849847078
7039,3.5195000,-0.068359971046447754,0.00050000002374872565
7040,3.5200000,-0.066748954355716705,0.001500000013038516
7041,3.5205000,-0.065155431628227234,0.0024000001139938831
7042,3.5210000,-0.063583642244338989,0.0032999999821186066
7043,3.5215000,-0.06203649565577507,0.0040000001899898052
7044,3.5220000,-0.060511533170938492,0.0046999999321997166
7045,3.5225000,-0.059010371565818787,0.0052999998442828655
7046,3.5230000,-0.057540025562047958,0.0057999999262392521
7047,3.5235000,-0.056102883070707321,0.0062000001780688763
7048,3.5240000,-0.054701056331396103,0.0065000001341104507
7049,3.5245000,-0.053340323269367218,0.0066999997943639755
7050,3.5250000,-0.052024807780981064,0.0068999999202787876
7051,3.5255000,-0.050755511969327927,0.0070000002160668373
7052,3.5260000,-0.049530357122421265,0.0071000000461935997
7053,3.5265000,-0.048348244279623032,0.0070000002160668373
7054,3.5270000,-0.047210894525051117,0.0068999999202787876
7055,3.5275000,-0.04611736536026001,0.0068000000901520252
7056,3.5280000,-0.045063145458698273,0.0066999997943639755
7057,3.5285000,-0.044043496251106262,0.0065000001341104507
7058,3.5290000,-0.043056242167949677,0.0063000000081956387
7059,3.5295000,-0.042101655155420303,0.0060999998822808266
7060,3.5300000,-0.041178900748491287,0.0059000002220273018
7061,3.5305000,-0.040283896028995514,0.0057999999262392521
7062,3.5310000,-0.039412818849086761,0.0057000000961124897
7063,3.5315000,-0.038564357906579971,0.0057000000961124897
7064,3.5320000,-0.037741221487522125,0.0057000000961124897
7065,3.5325000,-0.036948632448911667,0.0059000002220273018
7066,3.5330000,-0.03618563711643219,0.0062000001780688763
7067,3.5335000,-0.03545326367020607,0.0066999997943639755
7068,3.5340000,-0.034755747765302658,0.0074000000022351742
7069,3.5345000,-0.034085407853126526,0.0082999998703598976
7070,3.5350000,-0.033432591706514359,0.0093999998643994331
7071,3.5355000,-0.032793253660202026,0.01080000028014183
7072,3.5360000,-0.032166607677936554,0.012500000186264515
7073,3.5365000,-0.031557537615299225,0.014499999582767487
7074,3.5370000,-0.030963746830821037,0.016899999231100082
7075,3.5375000,-0.030376184731721878,0.019600000232458115
7076,3.5380000,-0.029790779575705528,0.022800000384449959
7077,3.5385000,-0.029201667755842209,0.026399999856948853
7078,3.5390000,-0.028601093217730522,0.030500000342726707
7079,3.5395000,-0.02798069640994072,0.035199999809265137
7080,3.5400000,-0.027327435091137886,0.040300000458955765
7081,3.5405000,-0.02663068100810051,0.046000000089406967
7082,3.5410000,-0.025882091373205185,0.052299998700618744
7083,3.5415000,-0.025071626529097557,0.059200000017881393
7084,3.5420000,-0.024189764633774757,0.06679999828338623
7085,3.5425000,-0.023225253447890282,0.075000002980232239
7086,3.5430000,-0.022167425602674484,0.083899997174739838
7087,3.5435000,-0.020999230444431305,0.093500003218650818
7088,3.5440000,-0.019706718623638153,0.10379999876022339
7089,3.5445000,-0.018287003040313721,0.11490000039339066
7090,3.5450000,-0.016721906140446663,0.12669999897480011
7091,3.5455000,-0.014985574409365654,0.13920000195503235
7092,3.5460000,-0.013057965785264969,0.15250000357627869
7093,3.5465000,-0.010924911126494408,0.16650000214576721
7094,3.5470000,-0.0085783246904611588,0.18129999935626984
7095,3.5475000,-0.0060017770156264305,0.19679999351501465
7096,3.5480000,-0.0031916964799165726,0.21299999952316284
7097,3.5485000,-0.00016199005767703056,0.22990000247955322
7098,3.5490000,0.0030975234694778919,0.24750000238418579
7099,3.5495000,0.0066070226021111012,0.26570001244544983
7100,3.5500000,0.010384266264736652,0.28459998965263367
7101,3.5505000,0.014456426724791527,0.30399999022483826
7102,3.5510000,0.018842773512005806,0.32400000095367432
7103,3.5515000,0.023553300648927689,0.34450000524520874
7104,3.5520000,0.028613874688744545,0.36539998650550842
7105,3.5525000,0.034067787230014801,0.38670000433921814
7106,3.5530000,0.039940409362316132,0.40839999914169312
7107,3.5535000,0.046246170997619629,0.43029999732971191
7108,3.5540000,0.053001925349235535,0.45239999890327454
7109,3.5545000,0.060211304575204849,0.47470000386238098
7110,3.5550000,0.067879661917686462,0.49700000882148743
7111,3.5555000,0.076024517416954041,0.51929998397827148
7112,3.5560000,0.084662541747093201,0.54149997234344482
7113,3.5565000,0.093804962933063507,0.56339997053146362
7114,3.5570000,0.10345599055290222,0.58509999513626099
7115,3.5575000,0.11361652612686157,0.60650002956390381
7116,3.5580000,0.12428935617208481,0.6273999810218811
7117,3.5585000,0.13546812534332275,0.64770001173019409
7118,3.5590000,0.14713506400585175,0.66740000247955322
7119,3.5595000,0.15927137434482574,0.68639999628067017
7120,3.5600000,0.171857088804245,0.70450001955032349
7121,3.5605000,0.18487527966499329,0.72170001268386841
7122,3.5610000,0.1983133852481842,0.7378000020980835
7123,3.5615000,0.21214954555034637,0.75290000438690186
7124,3.5620000,0.22635149955749512,0.76679998636245728
7125,3.5625000,0.24089041352272034,0.77939999103546143
7126,3.5630000,0.25573772192001343,0.7906000018119812
7127,3.5635000,0.27085793018341064,0.8004000186920166
7128,3.5640000,0.28621977567672729,0.80860000848770142
7129,3.5645000,0.30178830027580261,0.81529998779296875
7130,3.5650000,0.31752023100852966,0.82029998302459717
7131,3.5655000,0.33337140083312988,0.82349997758865356
7132,3.5660000,0.34929218888282776,0.82499998807907104
7133,3.5665000,0.36522826552391052,0.8245999813079834
7134,3.5670000,0.38111919164657593,0.82239997386932373
7135,3.5675000,0.39690986275672913,0.81819999217987061
7136,3.5680000,0.41253766417503357,0.81209999322891235
7137,3.5685000,0.42792382836341858,0.80400002002716064
7138,3.5690000,0.44300132989883423,0.79400002956390381
7139,3.5695000,0.4577052891254425,0.78189998865127563
7140,3.5700000,0.47197374701499939,0.767799973487854
7141,3.5705000,0.48575687408447266,0.75169998407363892
7142,3.5710000,0.49900344014167786,0.7336999773979187
7143,3.5715000,0.51165628433227539,0.71359997987747192
7144,3.5720000,0.52365195751190186,0.69169998168945312
7145,3.5725000,0.53492343425750732,0.66780000925064087
7146,3.5730000,0.54541528224945068,0.64209997653961182
7147,3.5735000,0.55509370565414429,0.61460000276565552
7148,3.5740000,0.56392085552215576,0.58539998531341553
7149,3.5745000,0.57184529304504395,0.55440002679824829
7150,3.5750000,0.57881832122802734,0.5218999981880188
7151,3.5755000,0.58479225635528564,0.48789998888969421
7152,3.5760000,0.58972293138504028,0.45239999890327454
7153,3.5765000,0.59357869625091553,0.4156000018119812
7154,3.5770000,0.59633344411849976,0.37760001420974731
7155,3.5775000,0.59795576333999634,0.33840000629425049
7156,3.5780000,0.59841543436050415,0.29820001125335693
7157,3.5785000,0.59767377376556396,0.25709998607635498
7158,3.5790000,0.59568297863006592,0.21520000696182251
7159,3.5795000,0.59241193532943726,0.17249999940395355
7160,3.5800000,0.58785277605056763,0.12939999997615814
7161,3.5805000,0.58200061321258545,0.085799999535083771
7162,3.5810000,0.57484376430511475,0.041900001466274261
7163,3.5815000,0.56637120246887207,-0.002199999988079071
7164,3.5820000,0.55657660961151123,-0.046399999409914017
7165,3.5825000,0.54544979333877563,-0.090400002896785736
7166,3.5830000,0.53298401832580566,-0.13429999351501465
7167,3.5835000,0.51919949054718018,-0.17779999971389771
7168,3.5840000,0.5041048526763916,-0.22089999914169312
7169,3.5845000,0.48770660161972046,-0.26339998841285706
7170,3.5850000,0.4700409471988678,-0.30529999732971191
7171,3.5855000,0.4511336088180542,-0.34630000591278076
7172,3.5860000,0.43100571632385254,-0.3864000141620636
7173,3.5865000,0.40968593955039978,-0.42539998888969421
7174,3.5870000,0.38720092177391052,-0.46329998970031738
7175,3.5875000,0.36359047889709473,-0.5
7176,3.5880000,0.33890849351882935,-0.53530001640319824
7177,3.5885000,0.31321486830711365,-0.56929999589920044
7178,3.5890000,0.28657233715057373,-0.60170000791549683
7179,3.5895000,0.25904974341392517,-0.63249999284744263
7180,3.5900000,0.23071268200874329,-0.66159999370574951
7181,3.5905000,0.2016335129737854,-0.68910002708435059
7182,3.5910000,0.17190101742744446,-0.71469998359680176
7183,3.5915000,0.1415925920009613,-0.73849999904632568
7184,3.5920000,0.11079654097557068,-0.76050001382827759
7185,3.5925000,0.079612091183662415,-0.78049999475479126
7186,3.5930000,0.048117883503437042,-0.79860001802444458
7187,3.5935000,0.016388222575187683,-0.81470000743865967
7188,3.5940000,-0.015508063137531281,-0.82870000600814819
7189,3.5945000,-0.047504320740699768,-0.84079998731613159
7190,3.5950000,-0.079524330794811249,-0.85089999437332153
7191,3.5955000,-0.11149299144744873,-0.85900002717971802
7192,3.5960000,-0.14332878589630127,-0.86510002613067627
7193,3.5965000,-0.17493975162506104,-0.86919999122619629
7194,3.5970000,-0.20623084902763367,-0.87129998207092285
7195,3.5975000,-0.23711040616035461,-0.87150001525878906
7196,3.5980000,-0.26751336455345154,-0.86979997158050537
7197,3.5985000,-0.29738950729370117,-0.86629998683929443
7198,3.5990000,-0.32666242122650146,-0.86089998483657837
7199,3.5995000,-0.35524299740791321,-0.85379999876022339
7200,3.6000000,-0.38304358720779419,-0.84490001201629639
7201,3.6005000,-0.40997970104217529,-0.8343999981880188
7202,3.6010000,-0.43599528074264526,-0.82239997386932373
7203,3.6015000,-0.46104618906974792,-0.80879998207092285
7204,3.6020000,-0.48508283495903015,-0.79369997978210449
7205,3.6025000,-0.50806307792663574,-0.77730000019073486
7206,3.6030000,-0.52994263172149658,-0.75950002670288086
7207,3.6035000,-0.55068278312683105,-0.74059998989105225
7208,3.6040000,-0.57024461030960083,-0.72049999237060547
7209,3.6045000,-0.58857131004333496,-0.69929999113082886
7210,3.6050000,-0.60562288761138916,-0.67710000276565552
7211,3.6055000,-0.62137949466705322,-0.65410000085830688
7212,3.6060000,-0.63581603765487671,-0.63020002841949463
7213,3.6065000,-0.64891117811203003,-0.60570001602172852
7214,3.6070000,-0.66065967082977295,-0.58050000667572021
7215,3.6075000,-0.67105722427368164,-0.55470001697540283
7216,3.6080000,-0.68010139465332031,-0.5284000039100647
7217,3.6085000,-0.68780297040939331,-0.50180000066757202
7218,3.6090000,-0.69416546821594238,-0.4749000072479248
7219,3.6095000,-0.69919061660766602,-0.44780001044273376
7220,3.6100000,-0.70287406444549561,-0.4205000102519989
7221,3.6105000,-0.70520281791687012,-0.39320001006126404
7222,3.6110000,-0.70619851350784302,-0.36579999327659607
7223,3.6115000,-0.70590180158615112,-0.33860000967979431
7224,3.6120000,-0.70432937145233154,-0.31150001287460327
7225,3.6125000,-0.70148402452468872,-0.28470000624656677
7226,3.6130000,-0.69737809896469116,-0.2581000030040741
7227,3.6135000,-0.69203794002532959,-0.23190000653266907
7228,3.6140000,-0.68550515174865723,-0.20610000193119049
7229,3.6145000,-0.67782485485076904,-0.18080000579357147
7230,3.6150000,-0.66903227567672729,-0.15590000152587891
7231,3.6155000,-0.65917015075683594,-0.13169999420642853
7232,3.6160000,-0.64829063415527344,-0.10809999704360962
7233,3.6165000,-0.63643556833267212,-0.085100002586841583
7234,3.6170000,-0.62364435195922852,-0.062799997627735138
7235,3.6175000,-0.60996520519256592,-0.041200000792741776
7236,3.6180000,-0.59545719623565674,-0.020400000736117363
7237,3.6185000,-0.58018159866333008,-0.00039999998989515007
7238,3.6190000,-0.56418603658676147,0.018899999558925629
7239,3.6195000,-0.54751765727996826,0.037300001829862595
7240,3.6200000,-0.53023171424865723,0.054900001734495163
7241,3.6205000,-0.51239144802093506,0.071599997580051422
7242,3.6210000,-0.49407139420509338,0.087499998509883881
7243,3.6215000,-0.47533115744590759,0.10249999910593033
7244,3.6220000,-0.45622056722640991,0.11670000106096268
7245,3.6225000,-0.43679967522621155,0.12999999523162842
7246,3.6230000,-0.41712188720703125,0.14249999821186066
7247,3.6235000,-0.39723053574562073,0.15410000085830688
7248,3.6240000,-0.37715837359428406,0.16490000486373901
7249,3.6245000,-0.35694482922554016,0.17489999532699585
7250,3.6250000,-0.33665010333061218,0.18400000035762787
7251,3.6255000,-0.31632131338119507,0.19239999353885651
7252,3.6260000,-0.29600074887275696,0.20000000298023224
7253,3.6265000,-0.27574676275253296,0.20690000057220459
7254,3.6270000,-0.25560545921325684,0.21299999952316284
7255,3.6275000,-0.23561069369316101,0.21850000321865082
7256,3.6280000,-0.21579693257808685,0.2231999933719635
7257,3.6285000,-0.19619923830032349,0.22740000486373901
7258,3.6290000,-0.17686241865158081,0.23090000450611115
7259,3.6295000,-0.15782836079597473,0.23379999399185181
7260,3.6300000,-0.13912637531757355,0.23610000312328339
7261,3.6305000,-0.12078206241130829,0.23800000548362732
7262,3.6310000,-0.10281604528427124,0.23929999768733978
7263,3.6315000,-0.085254661738872528,0.24019999802112579
7264,3.6320000,-0.068124420940876007,0.24070000648498535
7265,3.6325000,-0.051431886851787567,0.24070000648498535
7266,3.6330000,-0.035185821354389191,0.24040000140666962
7267,3.6335000,-0.019410733133554459,0.23980000615119934
7268,3.6340000,-0.0041257739067077637,0.23880000412464142
7269,3.6345000,0.010663385502994061,0.23759999871253967
7270,3.6350000,0.024946842342615128,0.23610000312328339
7271,3.6355000,0.038705706596374512,0.23440000414848328
7272,3.6360000,0.051930792629718781,0.23250000178813934
7273,3.6365000,0.064617335796356201,0.2304999977350235
7274,3.6370000,0.076757676899433136,0.22830000519752502
7275,3.6375000,0.088349245488643646,0.22599999606609344
7276,3.6380000,0.099387384951114655,0.22360000014305115
7277,3.6385000,0.10987778007984161,0.22120000422000885
7278,3.6390000,0.11983531713485718,0.21870000660419464
7279,3.6395000,0.12924925982952118,0.21619999408721924
7280,3.6400000,0.13810577988624573,0.21359999477863312
7281,3.6405000,0.14642268419265747,0.21109999716281891
7282,3.6410000,0.1542169451713562,0.20870000123977661
7283,3.6415000,0.16148996353149414,0.2062000036239624
7284,3.6420000,0.1682523638010025,0.20389999449253082
7285,3.6425000,0.1745254248380661,0.20160000026226044
7286,3.6430000,0.18032741546630859,0.19930000603199005
7287,3.6435000,0.18566198647022247,0.19720000028610229
7288,3.6440000,0.19053035974502563,0.19519999623298645
7289,3.6445000,0.1949455589056015,0.1932000070810318
7290,3.6450000,0.19892366230487823,0.19140000641345978
7291,3.6455000,0.20247523486614227,0.18970000743865967
7292,3.6460000,0.20561505854129791,0.18809999525547028
7293,3.6465000,0.20837122201919556,0.1867000013589859
7294,3.6470000,0.21077029407024384,0.18529999256134033
7295,3.6475000,0.21282409131526947,0.18410000205039978
7296,3.6480000,0.2145458310842514,0.18299999833106995
7297,3.6485000,0.21595980226993561,0.18199999630451202
7298,3.6490000,0.2170843780040741,0.18119999766349792
7299,3.6495000,0.21793068945407867,0.18050000071525574
7300,3.6500000,0.21851450204849243,0.17980000376701355
7301,3.6505000,0.21885773539543152,0.17929999530315399
7302,3.6510000,0.21898213028907776,0.17890000343322754
7303,3.6515000,0.21890689432621002,0.1785999983549118
7304,3.6520000,0.21864350140094757,0.17839999496936798
7305,3.6525000,0.21819858253002167,0.17829999327659607
7306,3.6530000,0.21759122610092163,0.17829999327659607
7307,3.6535000,0.21684367954730988,0.17829999327659607
7308,3.6540000,0.21597132086753845,0.17839999496936798
7309,3.6545000,0.21499453485012054,0.1785999983549118
7310,3.6550000,0.21393120288848877,0.17890000343322754
7311,3.6555000,0.2127944678068161,0.17919999361038208
7312,3.6560000,0.21160480380058289,0.17960000038146973
7313,3.6565000,0.21038517355918884,0.18000000715255737
7314,3.6570000,0.20915453135967255,0.18039999902248383
7315,3.6575000,0.20792320370674133,0.18089999258518219
7316,3.6580000,0.20669417083263397,0.18140000104904175
7317,3.6585000,0.20547489821910858,0.18189999461174011
7318,3.6590000,0.20427727699279785,0.18250000476837158
7319,3.6595000,0.203109011054039,0.18299999833106995
7320,3.6600000,0.20197552442550659,0.18359999358654022
7321,3.6605000,0.2008838951587677,0.18410000205039978
7322,3.6610000,0.19984087347984314,0.18469999730587006
7323,3.6615000,0.19885216653347015,0.18529999256134033
7324,3.6620000,0.19791819155216217,0.18580000102519989
7325,3.6625000,0.19703595340251923,0.18629999458789825
7326,3.6630000,0.1962033212184906,0.18680000305175781
7327,3.6635000,0.19542430341243744,0.18729999661445618
7328,3.6640000,0.19470594823360443,0.18780000507831573
7329,3.6645000,0.1940457671880722,0.1882999986410141
7330,3.6650000,0.19344384968280792,0.18870000541210175
7331,3.6655000,0.19290657341480255,0.1890999972820282
7332,3.6660000,0.19243113696575165,0.18950000405311584
7333,3.6665000,0.19201542437076569,0.1898999959230423
7334,3.6670000,0.19166514277458191,0.19020000100135803
7335,3.6675000,0.19137710332870483,0.19050000607967377
7336,3.6680000,0.19115534424781799,0.19079999625682831
7337,3.6685000,0.19101791083812714,0.19099999964237213
7338,3.6690000,0.19097025692462921,0.19120000302791595
7339,3.6695000,0.19101029634475708,0.19140000641345978
7340,3.6700000,0.19113421440124512,0.19159999489784241
7341,3.6705000,0.1913379430770874,0.19179999828338623
7342,3.6710000,0.19162218272686005,0.19189999997615814
7343,3.6715000,0.19197739660739899,0.19200000166893005
7344,3.6720000,0.19239358603954315,0.19210000336170197
7345,3.6725000,0.1928684413433075,0.19220000505447388
7346,3.6730000,0.19339536130428314,0.19230000674724579
7347,3.6735000,0.19397002458572388,0.19239999353885651
7348,3.6740000,0.19458994269371033,0.19239999353885651
7349,3.6745000,0.19525139033794403,0.19249999523162842
7350,3.6750000,0.19594979286193848,0.19249999523162842
7351,3.6755000,0.19667932391166687,0.19259999692440033
7352,3.6760000,0.19743408262729645,0.19259999692440033
7353,3.6765000,0.19820007681846619,0.19269999861717224
7354,3.6770000,0.19896455109119415,0.19269999861717224
7355,3.6775000,0.19972825050354004,0.19280000030994415
7356,3.6780000,0.20049268007278442,0.19280000030994415
7357,3.6785000,0.2012525200843811,0.19290000200271606
7358,3.6790000,0.20199978351593018,0.19290000200271606
7359,3.6795000,0.20273014903068542,0.19300000369548798
7360,3.6800000,0.20344337821006775,0.19310000538825989
7361,3.6805000,0.20413902401924133,0.1932000070810318
7362,3.6810000,0.20481076836585999,0.19329999387264252
7363,3.6815000,0.20544782280921936,0.19339999556541443
7364,3.6820000,0.20604340732097626,0.19349999725818634
7365,3.6825000,0.20659314095973969,0.19359999895095825
7366,3.6830000,0.20709525048732758,0.19370000064373016
7367,3.6835000,0.20755279064178467,0.19390000402927399
7368,3.6840000,0.20797312259674072,0.1940000057220459
7369,3.6845000,0.2083650529384613,0.19419999420642853
7370,3.6850000,0.20873171091079712,0.19429999589920044
7371,3.6855000,0.2090679258108139,0.19449999928474426
7372,3.6860000,0.20936957001686096,0.19460000097751617
7373,3.6865000,0.20963154733181,0.19480000436306
7374,3.6870000,0.2098434716463089,0.19499999284744263
7375,3.6875000,0.21000115573406219,0.19509999454021454
7376,3.6880000,0.21011129021644592,0.19529999792575836
7377,3.6885000,0.21019162237644196,0.19550000131130219
7378,3.6890000,0.21025672554969788,0.1956000030040741
7379,3.6895000,0.21030674874782562,0.19580000638961792
7380,3.6900000,0.21034064888954163,0.19589999318122864
7381,3.6905000,0.21035516262054443,0.19609999656677246
7382,3.6910000,0.21034607291221619,0.19619999825954437
7383,3.6915000,0.21031640470027924,0.19629999995231628
7384,3.6920000,0.21026475727558136,0.1964000016450882
7385,3.6925000,0.21019291877746582,0.19650000333786011
7386,3.6930000,0.21011064946651459,0.19660000503063202
7387,3.6935000,0.21001960337162018,0.19670000672340393
7388,3.6940000,0.20991848409175873,0.19670000672340393
7389,3.6945000,0.20981492102146149,0.19679999351501465
7390,3.6950000,0.20971845090389252,0.19679999351501465
7391,3.6955000,0.20963320136070251,0.19679999351501465
7392,3.6960000,0.20955292880535126,0.19679999351501465
7393,3.6965000,0.20946931838989258,0.19679999351501465
7394,3.6970000,0.2093854546546936,0.19679999351501465
7395,3.6975000,0.20930087566375732,0.19670000672340393
7396,3.6980000,0.20920941233634949,0.19670000672340393
7397,3.6985000,0.20911350846290588,0.19660000503063202
7398,3.6990000,0.20902621746063232,0.19650000333786011
7399,3.6995000,0.20895689725875854,0.1964000016450882
7400,3.7000000,0.20889781415462494,0.19629999995231628
7401,3.7005000,0.2088451087474823,0.19619999825954437
7402,3.7010000,0.20880678296089172,0.19609999656677246
7403,3.7015000,0.20878607034683228,0.19589999318122864
7404,3.7020000,0.20878472924232483,0.19580000638961792
7405,3.7025000,0.20880639553070068,0.1956000030040741
7406,3.7030000,0.2088509202003479,0.19550000131130219
7407,3.7035000,0.20891696214675903,0.19529999792575836
7408,3.7040000,0.20900313556194305,0.19509999454021454
7409,3.7045000,0.20911133289337158,0.19499999284744263
7410,3.7050000,0.20924524962902069,0.19480000436306
7411,3.7055000,0.20940312743186951,0.19460000097751617
7412,3.7060000,0.20958037674427032,0.19439999759197235
7413,3.7065000,0.20977692306041718,0.19419999420642853
7414,3.7070000,0.21000106632709503,0.19410000741481781
7415,3.7075000,0.21025362610816956,0.19390000402927399
7416,3.7080000,0.21052736043930054,0.19370000064373016
7417,3.7085000,0.21081908047199249,0.19349999725818634
7418,3.7090000,0.21112403273582458,0.19329999387264252
7419,3.7095000,0.21144138276576996,0.1932000070810318
7420,3.7100000,0.21177364885807037,0.19300000369548798
7421,3.7105000,0.21212248504161835,0.19290000200271606
7422,3.7110000,0.21248795092105865,0.19269999861717224
7423,3.7115000,0.21286211907863617,0.19259999692440033
7424,3.7120000,0.21324041485786438,0.19239999353885651
7425,3.7125000,0.21362896263599396,0.19230000674724579
7426,3.7130000,0.21403346955776215,0.19220000505447388
7427,3.7135000,0.21445280313491821,0.19210000336170197
7428,3.7140000,0.21488378942012787,0.19200000166893005
7429,3.7145000,0.2153182327747345,0.19200000166893005
7430,3.7150000,0.21574865281581879,0.19189999997615814
7431,3.7155000,0.21617554128170013,0.19189999997615814
7432,3.7160000,0.21658967435359955,0.19179999828338623
7433,3.7165000,0.2169804722070694,0.19179999828338623
7434,3.7170000,0.21735078096389771,0.19179999828338623
7435,3.7175000,0.21770307421684265,0.19179999828338623
7436,3.7180000,0.21803745627403259,0.19189999997615814
7437,3.7185000,0.21835280954837799,0.19189999997615814
7438,3.7190000,0.21864904463291168,0.19200000166893005
7439,3.7195000,0.21893109381198883,0.19210000336170197
7440,3.7200000,0.21919961273670197,0.19220000505447388
7441,3.7205000,0.21945472061634064,0.19230000674724579
7442,3.7210000,0.21970203518867493,0.19249999523162842
7443,3.7215000,0.21994407474994659,0.19259999692440033
7444,3.7220000,0.22017736732959747,0.19280000030994415
7445,3.7225000,0.2203974723815918,0.19300000369548798
7446,3.7230000,0.22060506045818329,0.1932000070810318
7447,3.7235000,0.22080902755260468,0.19339999556541443
7448,3.7240000,0.22101707756519318,0.19370000064373016
7449,3.7245000,0.22122380137443542,0.1940000057220459
7450,3.7250000,0.22141578793525696,0.19429999589920044
7451,3.7255000,0.2215908020734787,0.19460000097751617
7452,3.7260000,0.22175978124141693,0.19490000605583191
7453,3.7265000,0.22192925214767456,0.19519999623298645
7454,3.7270000,0.22210046648979187,0.1956000030040741
7455,3.7275000,0.22227887809276581,0.19589999318122864
7456,3.7280000,0.22247709333896637,0.19629999995231628
7457,3.7285000,0.22270439565181732,0.19670000672340393
7458,3.7290000,0.22296179831027985,0.19709999859333038
7459,3.7295000,0.22325135767459869,0.19760000705718994
7460,3.7300000,0.22357171773910522,0.19799999892711639
7461,3.7305000,0.22391816973686218,0.19850000739097595
7462,3.7310000,0.22429598867893219,0.19900000095367432
7463,3.7315000,0.22471420466899872,0.19949999451637268
7464,3.7320000,0.22517146170139313,0.20000000298023224
7465,3.7325000,0.22565566003322601,0.2004999965429306
7466,3.7330000,0.22615672647953033,0.20100000500679016
7467,3.7335000,0.22667443752288818,0.20149999856948853
7468,3.7340000,0.22720535099506378,0.2020999938249588
7469,3.7345000,0.22774533927440643,0.20260000228881836
7470,3.7350000,0.2283007949590683,0.20319999754428864
7471,3.7355000,0.22887396812438965,0.20379999279975891
7472,3.7360000,0.22945807874202728,0.20440000295639038
7473,3.7365000,0.23005148768424988,0.20489999651908875
7474,3.7370000,0.23065252602100372,0.20550000667572021
7475,3.7375000,0.23125644028186798,0.20610000193119049
7476,3.7380000,0.23186299204826355,0.20679999887943268
7477,3.7385000,0.23247382044792175,0.20739999413490295
7478,3.7390000,0.23309077322483063,0.20800000429153442
7479,3.7395000,0.23371562361717224,0.2085999995470047
7480,3.7400000,0.23435278236865997,0.20929999649524689
7481,3.7405000,0.2350056916475296,0.20990000665187836
7482,3.7410000,0.23566897213459015,0.21060000360012054
7483,3.7415000,0.2363361269235611,0.21119999885559082
7484,3.7420000,0.23700954020023346,0.21189999580383301
7485,3.7425000,0.23769602179527283,0.2125999927520752
7486,3.7430000,0.238401859998703,0.21320000290870667
7487,3.7435000,0.23913215100765228,0.21389999985694885
7488,3.7440000,0.23989453911781311,0.21459999680519104
7489,3.7445000,0.24069453775882721,0.21529999375343323
7490,3.7450000,0.24152833223342896,0.21600000560283661
7491,3.7455000,0.24239280819892883,0.21680000424385071
7492,3.7460000,0.24328775703907013,0.2175000011920929
7493,3.7465000,0.24421346187591553,0.21829999983310699
7494,3.7470000,0.24517253041267395,0.21909999847412109
7495,3.7475000,0.24616536498069763,0.21989999711513519
7496,3.7480000,0.24718078970909119,0.22069999575614929
7497,3.7485000,0.24819846451282501,0.22149999439716339
7498,3.7490000,0.24920953810214996,0.2223999947309494
7499,3.7495000,0.25021612644195557,0.22329999506473541
7500,3.7500000,0.25121843814849854,0.22419999539852142
7501,3.7505000,0.25222158432006836,0.22509999573230743
7502,3.7510000,0.25323235988616943,0.22609999775886536
7503,3.7515000,0.25424936413764954,0.22709999978542328
7504,3.7520000,0.25527298450469971,0.22820000350475311
7505,3.7525000,0.2563093900680542,0.22930000722408295
7506,3.7530000,0.2573581337928772,0.23039999604225159
7507,3.7535000,0.25841325521469116,0.23149999976158142
7508,3.7540000,0.25947415828704834,0.23270000517368317
7509,3.7545000,0.26054638624191284,0.23399999737739563
7510,3.7550000,0.26163652539253235,0.23530000448226929
7511,3.7555000,0.26274532079696655,0.23659999668598175
7512,3.7560000,0.26386982202529907,0.23800000548362732
7513,3.7565000,0.26500731706619263,0.23950000107288361
7514,3.7570000,0.26615267992019653,0.24099999666213989
7515,3.7575000,0.2673027515411377,0.24250000715255737
7516,3.7580000,0.26846188306808472,0.24410000443458557
7517,3.7585000,0.2696375846862793,0.24580000340938568
7518,3.7590000,0.270832359790802,0.24750000238418579
7519,3.7595000,0.27204474806785583,0.2492000013589859
7520,3.7600000,0.27327638864517212,0.25110000371932983
7521,3.7605000,0.27452713251113892,0.25299999117851257
7522,3.7610000,0.27579188346862793,0.2549000084400177
7523,3.7615000,0.27706822752952576,0.25690001249313354
7524,3.7620000,0.2783617377281189,0.25900000333786011
7525,3.7625000,0.27967965602874756,0.26109999418258667
7526,3.7630000,0.28102484345436096,0.26330000162124634
7527,3.7635000,0.28240576386451721,0.26559999585151672
7528,3.7640000,0.28383046388626099,0.26789999008178711
7529,3.7645000,0.28529223799705505,0.2703000009059906
7530,3.7650000,0.28678196668624878,0.27270001173019409
7531,3.7655000,0.28829896450042725,0.2752000093460083
7532,3.7660000,0.28984612226486206,0.27779999375343323
7533,3.7665000,0.29142773151397705,0.28040000796318054
7534,3.7670000,0.29304972290992737,0.28299999237060547
7535,3.7675000,0.29471933841705322,0.28580000996589661
7536,3.7680000,0.29643735289573669,0.28850001096725464
7537,3.7685000,0.29819703102111816,0.29139998555183411
7538,3.7690000,0.29999428987503052,0.29420000314712524
7539,3.7695000,0.30182799696922302,0.29719999432563782
7540,3.7700000,0.30369839072227478,0.30009999871253967
7541,3.7705000,0.30560779571533203,0.30309998989105225
7542,3.7710000,0.30755871534347534,0.30619999766349792
7543,3.7715000,0.30955255031585693,0.3093000054359436
7544,3.7720000,0.31158989667892456,0.31240001320838928
7545,3.7725000,0.31367012858390808,0.31560000777244568
7546,3.7730000,0.31579023599624634,0.31880000233650208
7547,3.7735000,0.31794506311416626,0.32199999690055847
7548,3.7740000,0.32013493776321411,0.32519999146461487
7549,3.7745000,0.32236450910568237,0.32850000262260437
7550,3.7750000,0.32463252544403076,0.33180001378059387
7551,3.7755000,0.32693612575531006,0.33509999513626099
7552,3.7760000,0.32927083969116211,0.33840000629425049
7553,3.7765000,0.33162409067153931,0.34180000424385071
7554,3.7770000,0.33398595452308655,0.34509998559951782
7555,3.7775000,0.3363552987575531,0.34839999675750732
7556,3.7780000,0.33873665332794189,0.35179999470710754
7557,3.7785000,0.34113749861717224,0.35510000586509705
7558,3.7790000,0.34355857968330383,0.35850000381469727
7559,3.7795000,0.34599888324737549,0.36179998517036438
7560,3.7800000,0.34846359491348267,0.36520001292228699
7561,3.7805000,0.35095572471618652,0.3684999942779541
7562,3.7810000,0.35347068309783936,0.3718000054359436
7563,3.7815000,0.35600316524505615,0.37509998679161072
7564,3.7820000,0.3585561215877533,0.3783000111579895
7565,3.7825000,0.36113592982292175,0.38159999251365662
7566,3.7830000,0.36374232172966003,0.38479998707771301
7567,3.7835000,0.36637651920318604,0.3880000114440918
7568,3.7840000,0.36904457211494446,0.39120000600814819
7569,3.7845000,0.37174862623214722,0.39440000057220459
7570,3.7850000,0.37449026107788086,0.39750000834465027
7571,3.7855000,0.37727043032646179,0.40059998631477356
7572,3.7860000,0.38008934259414673,0.40369999408721924
7573,3.7865000,0.38295063376426697,0.40669998526573181
7574,3.7870000,0.38585701584815979,0.40970000624656677
7575,3.7875000,0.38880926370620728,0.41260001063346863
7576,3.7880000,0.39180451631546021,0.4156000018119812
7577,3.7885000,0.39483582973480225,0.41850000619888306
7578,3.7890000,0.39790380001068115,0.42129999399185181
7579,3.7895000,0.40101304650306702,0.42419999837875366
7580,3.7900000,0.40416011214256287,0.42699998617172241
7581,3.7905000,0.40734335780143738,0.42969998717308044
7582,3.7910000,0.41056978702545166,0.43239998817443848
7583,3.7915000,0.41384127736091614,0.43509998917579651
7584,3.7920000,0.4171498715877533,0.43779999017715454
7585,3.7925000,0.42048823833465576,0.44040000438690186
7586,3.7930000,0.42385682463645935,0.44299998879432678
7587,3.7935000,0.42725944519042969,0.4456000030040741
7588,3.7940000,0.43069255352020264,0.44810000061988831
7589,3.7945000,0.434151291847229,0.45059999823570251
7590,3.7950000,0.43763682246208191,0.45309999585151672
7591,3.7955000,0.44114929437637329,0.45559999346733093
7592,3.7960000,0.44468045234680176,0.45800000429153442
7593,3.7965000,0.44821456074714661,0.46039998531341553
7594,3.7970000,0.45174515247344971,0.46279999613761902
7595,3.7975000,0.4552764892578125,0.46520000696182251
7596,3.7980000,0.45881012082099915,0.46759998798370361
7597,3.7985000,0.46234801411628723,0.46990001201629639
7598,3.7990000,0.46589207649230957,0.47220000624656677
7599,3.7995000,0.46943792700767517,0.47450000047683716
7600,3.8000000,0.47298344969749451,0.47679999470710754
7601,3.8005000,0.47653064131736755,0.47909998893737793
7602,3.8010000,0.48008283972740173,0.4814000129699707
7603,3.8015000,0.4836406409740448,0.48370000720024109
7604,3.8020000,0.48719894886016846,0.48600000143051147
7605,3.8025000,0.49076017737388611,0.48820000886917114
7606,3.8030000,0.49432864785194397,0.49050000309944153
7607,3.8035000,0.49789923429489136,0.4927000105381012
7608,3.8040000,0.50146627426147461,0.49500000476837158
7609,3.8045000,0.50502848625183105,0.49720001220703125
7610,3.8050000,0.50858843326568604,0.49939998984336853
7611,3.8055000,0.51214897632598877,0.50169998407363892
7612,3.8060000,0.51570534706115723,0.50389999151229858
7613,3.8065000,0.51925438642501831,0.50609999895095825
7614,3.8070000,0.52279996871948242,0.50830000638961792
7615,3.8075000,0.52634084224700928,0.51050001382827759
7616,3.8080000,0.52987807989120483,0.51270002126693726
7617,3.8085000,0.53341948986053467,0.51490002870559692
7618,3.8090000,0.53697192668914795,0.51709997653961182
7619,3.8095000,0.54053890705108643,0.51929998397827148
7620,3.8100000,0.54411345720291138,0.52149999141693115
7621,3.8105000,0.54768669605255127,0.52359998226165771
7622,3.8110000,0.55125319957733154,0.52579998970031738
7623,3.8115000,0.55480802059173584,0.52789998054504395
7624,3.8120000,0.55834293365478516,0.52999997138977051
7625,3.8125000,0.5618441104888916,0.53219997882843018
7626,3.8130000,0.56530344486236572,0.53420001268386841
7627,3.8135000,0.56871801614761353,0.53630000352859497
7628,3.8140000,0.57208293676376343,0.53829997777938843
7629,3.8145000,0.57539421319961548,0.54030001163482666
7630,3.8150000,0.57864701747894287,0.54229998588562012
7631,3.8155000,0.5818367600440979,0.54430001974105835
7632,3.8160000,0.58496981859207153,0.5461999773979187
7633,3.8165000,0.58805680274963379,0.54809999465942383
7634,3.8170000,0.59109997749328613,0.54989999532699585
7635,3.8175000,0.59409576654434204,0.55169999599456787
7636,3.8180000,0.59704142808914185,0.55349999666213989
7637,3.8185000,0.59993660449981689,0.55519998073577881
7638,3.8190000,0.60277760028839111,0.5569000244140625
7639,3.8195000,0.60555845499038696,0.55849999189376831
7640,3.8200000,0.60828012228012085,0.5601000189781189
7641,3.8205000,0.6109505295753479,0.56160002946853638
7642,3.8210000,0.61357474327087402,0.56300002336502075
7643,3.8215000,0.6161460280418396,0.56440001726150513
7644,3.8220000,0.61865586042404175,0.5656999945640564
7645,3.8225000,0.62111115455627441,0.56699997186660767
7646,3.8230000,0.62351977825164795,0.56819999217987061
7647,3.8235000,0.62587869167327881,0.56929999589920044
7648,3.8240000,0.62817847728729248,0.57029998302459717
7649,3.8245000,0.63040566444396973,0.57130002975463867
7650,3.8250000,0.63255780935287476,0.57220000028610229
7651,3.8255000,0.63463592529296875,0.57300001382827759
7652,3.8260000,0.63663625717163086,0.57370001077651978
7653,3.8265000,0.63856464624404907,0.57440000772476196
7654,3.8270000,0.64043217897415161,0.57489997148513794
7655,3.8275000,0.64224112033843994,0.57539999485015869
7656,3.8280000,0.64397454261779785,0.57580000162124634
7657,3.8285000,0.64561092853546143,0.57609999179840088
7658,3.8290000,0.64715075492858887,0.57620000839233398
7659,3.8295000,0.64860230684280396,0.57630002498626709
7660,3.8300000,0.64997023344039917,0.57630002498626709
7661,3.8305000,0.65126121044158936,0.57620000839233398
7662,3.8310000,0.65247869491577148,0.57590001821517944
7663,3.8315000,0.65362536907196045,0.5756000280380249
7664,3.8320000,0.65469521284103394,0.57510000467300415
7665,3.8325000,0.65568268299102783,0.57450002431869507
7666,3.8330000,0.65659582614898682,0.57380002737045288
7667,3.8335000,0.65743571519851685,0.57300001382827759
7668,3.8340000,0.6581951379776001,0.57209998369216919
7669,3.8345000,0.65886902809143066,0.57099997997283936
7670,3.8350000,0.65946024656295776,0.56980001926422119
7671,3.8355000,0.65996986627578735,0.56849998235702515
7672,3.8360000,0.66039752960205078,0.56699997186660767
7673,3.8365000,0.66075915098190308,0.56540000438690186
7674,3.8370000,0.66106516122817993,0.56370002031326294
7675,3.8375000,0.66130608320236206,0.56180000305175781
7676,3.8380000,0.66147208213806152,0.55980002880096436
7677,3.8385000,0.66155844926834106,0.55760002136230469
7678,3.8390000,0.66155922412872314,0.55529999732971191
7679,3.8395000,0.66146647930145264,0.55279999971389771
7680,3.8400000,0.66127270460128784,0.55010002851486206
7681,3.8405000,0.6609686017036438,0.54729998111724854
7682,3.8410000,0.66055172681808472,0.54430001974105835
7683,3.8415000,0.66002178192138672,0.54110002517700195
7684,3.8420000,0.65937095880508423,0.53780001401901245
7685,3.8425000,0.65859693288803101,0.53430002927780151
7686,3.8430000,0.65770167112350464,0.53060001134872437
7687,3.8435000,0.65668433904647827,0.52679997682571411
7688,3.8440000,0.65553051233291626,0.52270001173019409
7689,3.8445000,0.65421169996261597,0.51840001344680786
7690,3.8450000,0.6527131199836731,0.51399999856948853
7691,3.8455000,0.65102648735046387,0.50940001010894775
7692,3.8460000,0.64913946390151978,0.50449997186660767
7693,3.8465000,0.64704698324203491,0.49950000643730164
7694,3.8470000,0.64474755525588989,0.49430000782012939
7695,3.8475000,0.64224100112915039,0.48879998922348022
7696,3.8480000,0.63953346014022827,0.48320001363754272
7697,3.8485000,0.63664424419403076,0.47729998826980591
7698,3.8490000,0.63359278440475464,0.47119998931884766
7699,3.8495000,0.63036894798278809,0.46489998698234558
7700,3.8500000,0.62694603204727173,0.45840001106262207
7701,3.8505000,0.62331855297088623,0.45159998536109924
7702,3.8510000,0.61948585510253906,0.44470000267028809
7703,3.8515000,0.61544042825698853,0.4375
7704,3.8520000,0.61117672920227051,0.43009999394416809
7705,3.8525000,0.60668098926544189,0.42250001430511475
7706,3.8530000,0.60193783044815063,0.41460001468658447
7707,3.8535000,0.59692972898483276,0.40650001168251038
7708,3.8540000,0.59163480997085571,0.39820000529289246
7709,3.8545000,0.58605003356933594,0.38969999551773071
7710,3.8550000,0.58018225431442261,0.38100001215934753
7711,3.8555000,0.57402676343917847,0.37200000882148743
7712,3.8560000,0.56759029626846313,0.3628000020980835
7713,3.8565000,0.56088829040527344,0.35339999198913574
7714,3.8570000,0.55392122268676758,0.34380000829696655
7715,3.8575000,0.54668730497360229,0.33399999141693115
7716,3.8580000,0.53917813301086426,0.3239000141620636
7717,3.8585000,0.53138351440429688,0.31369999051094055
7718,3.8590000,0.52330100536346436,0.30320000648498535
7719,3.8595000,0.51492953300476074,0.29260000586509705
7720,3.8600000,0.50626665353775024,0.28169998526573181
7721,3.8605000,0.49730676412582397,0.27070000767707825
7722,3.8610000,0.48805835843086243,0.25949999690055847
7723,3.8615000,0.47853085398674011,0.24809999763965607
7724,3.8620000,0.46872061491012573,0.23649999499320984
7725,3.8625000,0.45863053202629089,0.22470000386238098
7726,3.8630000,0.44826754927635193,0.21279999613761902
7727,3.8635000,0.43764060735702515,0.20080000162124634
7728,3.8640000,0.42674735188484192,0.18850000202655792
7729,3.8645000,0.41555863618850708,0.17620000243186951
7730,3.8650000,0.40405762195587158,0.16369999945163727
7731,3.8655000,0.39225858449935913,0.15109999477863312
7732,3.8660000,0.38018256425857544,0.13830000162124634
7733,3.8665000,0.36783298850059509,0.12549999356269836
7734,3.8670000,0.35521021485328674,0.11259999871253967
7735,3.8675000,0.34233406186103821,0.099500000476837158
7736,3.8680000,0.32921361923217773,0.086400002241134644
7737,3.8685000,0.31584730744361877,0.073200002312660217
7738,3.8690000,0.30224752426147461,0.059900000691413879
7739,3.8695000,0.28843069076538086,0.046599999070167542
7740,3.8700000,0.27440276741981506,0.03319999948143959
7741,3.8705000,0.26017007231712341,0.019799999892711639
7742,3.8710000,0.245759516954422,0.006399999838322401
7743,3.8715000,0.23119314014911652,-0.0071000000461935997
7744,3.8720000,0.21645353734493256,-0.020600000396370888
7745,3.8725000,0.20152014493942261,-0.034099999815225601
7746,3.8730000,0.18641172349452972,-0.047499999403953552
7747,3.8735000,0.17115601897239685,-0.061000000685453415
7748,3.8740000,0.15576694905757904,-0.074400000274181366
7749,3.8745000,0.14026167988777161,-0.087800003588199615
7750,3.8750000,0.12466542422771454,-0.10109999775886536
7751,3.8755000,0.10899750888347626,-0.11439999938011169
7752,3.8760000,0.093256771564483643,-0.12770000100135803
7753,3.8765000,0.0774373859167099,-0.14079999923706055
7754,3.8770000,0.061551660299301147,-0.15389999747276306
7755,3.8775000,0.045619681477546692,-0.16689999401569366
7756,3.8780000,0.029656112194061279,-0.17980000376701355
7757,3.8785000,0.013679318130016327,-0.19259999692440033
7758,3.8790000,-0.0022892821580171585,-0.20530000329017639
7759,3.8795000,-0.018238198012113571,-0.21789999306201935
7760,3.8800000,-0.034161239862442017,-0.23039999604225159
7761,3.8805000,-0.050054281949996948,-0.24269999563694
7762,3.8810000,-0.065910734236240387,-0.2549000084400177
7763,3.8815000,-0.08171255886554718,-0.26690000295639038
7764,3.8820000,-0.097443103790283203,-0.27880001068115234
7765,3.8825000,-0.11308109015226364,-0.2906000018119812
7766,3.8830000,-0.12860238552093506,-0.30219998955726624
7767,3.8835000,-0.14399978518486023,-0.31360000371932983
7768,3.8840000,-0.15925374627113342,-0.32490000128746033
7769,3.8845000,-0.17433388531208038,-0.335999995470047
7770,3.8850000,-0.18922790884971619,-0.34689998626708984
7771,3.8855000,-0.20393002033233643,-0.35769999027252197
7772,3.8860000,-0.21843589842319489,-0.36820000410079956
7773,3.8865000,-0.23273906111717224,-0.37860000133514404
7774,3.8870000,-0.2468302994966507,-0.3887999951839447
7775,3.8875000,-0.26070928573608398,-0.39879998564720154
7776,3.8880000,-0.27438414096832275,-0.40860000252723694
7777,3.8885000,-0.2878689169883728,-0.41819998621940613
7778,3.8890000,-0.30116498470306396,-0.42759999632835388
7779,3.8895000,-0.31425917148590088,-0.43680000305175781
7780,3.8900000,-0.32714894413948059,-0.44580000638961792
7781,3.8905000,-0.3398347795009613,-0.4546000063419342
7782,3.8910000,-0.35231131315231323,-0.46309998631477356
7783,3.8915000,-0.36457601189613342,-0.47150000929832458
7784,3.8920000,-0.37661716341972351,-0.4796999990940094
7785,3.8925000,-0.38840803503990173,-0.48759999871253967
7786,3.8930000,-0.39993458986282349,-0.49540001153945923
7787,3.8935000,-0.41120034456253052,-0.50290000438690186
7788,3.8940000,-0.42220982909202576,-0.51020002365112305
7789,3.8945000,-0.43297287821769714,-0.51730000972747803
7790,3.8950000,-0.44350114464759827,-0.52420002222061157
7791,3.8955000,-0.45379725098609924,-0.53090000152587891
7792,3.8960000,-0.4638601541519165,-0.5374000072479248
7793,3.8965000,-0.4736906886100769,-0.54369997978210449
7794,3.8970000,-0.4832904040813446,-0.54970002174377441
7795,3.8975000,-0.49265784025192261,-0.55559998750686646
7796,3.8980000,-0.50178563594818115,-0.56120002269744873
7797,3.8985000,-0.51067489385604858,-0.56660002470016479
7798,3.8990000,-0.51933884620666504,-0.57190001010894775
7799,3.8995000,-0.5277789831161499,-0.57690000534057617
7800,3.9000000,-0.53598606586456299,-0.58170002698898315
7801,3.9005000,-0.54395818710327148,-0.58630001544952393
7802,3.9010000,-0.55169773101806641,-0.59079998731613159
7803,3.9015000,-0.55920439958572388,-0.59500002861022949
7804,3.9020000,-0.56647473573684692,-0.59909999370574951
7805,3.9025000,-0.57350778579711914,-0.60290002822875977
7806,3.9030000,-0.58031052350997925,-0.60659998655319214
7807,3.9035000,-0.58688855171203613,-0.61009997129440308
7808,3.9040000,-0.5932471752166748,-0.61339998245239258
7809,3.9045000,-0.59939658641815186,-0.61659997701644897
7810,3.9050000,-0.60534638166427612,-0.61949998140335083
7811,3.9055000,-0.6110992431640625,-0.62230002880096436
7812,3.9060000,-0.61665147542953491,-0.625
7813,3.9065000,-0.6220058798789978,-0.62749999761581421
7814,3.9070000,-0.62716788053512573,-0.62980002164840698
7815,3.9075000,-0.63213431835174561,-0.63200002908706665
7816,3.9080000,-0.63691133260726929,-0.63400000333786011
7817,3.9085000,-0.64151835441589355,-0.63590002059936523
7818,3.9090000,-0.64596664905548096,-0.63770002126693726
7819,3.9095000,-0.6502566933631897,-0.63929998874664307
7820,3.9100000,-0.65438544750213623,-0.64090001583099365
7821,3.9105000,-0.65834444761276245,-0.64230000972747803
7822,3.9110000,-0.66213017702102661,-0.64349997043609619
7823,3.9115000,-0.66574996709823608,-0.64469999074935913
7824,3.9120000,-0.66920077800750732,-0.64579999446868896
7825,3.9125000,-0.67246419191360474,-0.64679998159408569
7826,3.9130000,-0.6755339503288269,-0.64770001173019409
7827,3.9135000,-0.67841780185699463,-0.64850002527236938
7828,3.9140000,-0.68112343549728394,-0.64920002222061157
7829,3.9145000,-0.68366169929504395,-0.64990001916885376
7830,3.9150000,-0.68604844808578491,-0.65049999952316284
7831,3.9155000,-0.68829071521759033,-0.65100002288818359
7832,3.9160000,-0.6903805136680603,-0.65149998664855957
7833,3.9165000,-0.69231313467025757,-0.65189999341964722
7834,3.9170000,-0.69408947229385376,-0.65230000019073486
7835,3.9175000,-0.69571572542190552,-0.6525999903678894
7836,3.9180000,-0.6972014307975769,-0.65280002355575562
7837,3.9185000,-0.69855374097824097,-0.65310001373291016
7838,3.9190000,-0.69978058338165283,-0.65329998731613159
7839,3.9195000,-0.70088928937911987,-0.6534000039100647
7840,3.9200000,-0.70186865329742432,-0.65359997749328613
7841,3.9205000,-0.70269078016281128,-0.65369999408721924
7842,3.9210000,-0.70335227251052856,-0.65369999408721924
7843,3.9215000,-0.70387101173400879,-0.65380001068115234
7844,3.9220000,-0.7042575478553772,-0.65380001068115234
7845,3.9225000,-0.70451205968856812,-0.65380001068115234
7846,3.9230000,-0.70463413000106812,-0.65380001068115234
7847,3.9235000,-0.70463132858276367,-0.65380001068115234
7848,3.9240000,-0.70450818538665771,-0.65380001068115234
7849,3.9245000,-0.70426911115646362,-0.65369999408721924
7850,3.9250000,-0.70392429828643799,-0.65359997749328613
7851,3.9255000,-0.70347917079925537,-0.6535000205039978
7852,3.9260000,-0.70293879508972168,-0.6534000039100647
7853,3.9265000,-0.70230966806411743,-0.65319997072219849
7854,3.9270000,-0.70159071683883667,-0.65299999713897705
7855,3.9275000,-0.70077896118164062,-0.65280002355575562
7856,3.9280000,-0.69987583160400391,-0.6525999903678894
7857,3.9285000,-0.69888776540756226,-0.65240001678466797
7858,3.9290000,-0.69782519340515137,-0.65210002660751343
7859,3.9295000,-0.69669449329376221,-0.65179997682571411
7860,3.9300000,-0.69550353288650513,-0.65149998664855957
7861,3.9305000,-0.69426274299621582,-0.65109997987747192
7862,3.9310000,-0.69297349452972412,-0.65069997310638428
7863,3.9315000,-0.69163054227828979,-0.6502000093460083
7864,3.9320000,-0.69022685289382935,-0.64980000257492065
7865,3.9325000,-0.68876016139984131,-0.6492999792098999
7866,3.9330000,-0.68723529577255249,-0.64869999885559082
7867,3.9335000,-0.68566000461578369,-0.64810001850128174
7868,3.9340000,-0.68404489755630493,-0.64749997854232788
7869,3.9345000,-0.68239760398864746,-0.64679998159408569
7870,3.9350000,-0.68071722984313965,-0.64609998464584351
7871,3.9355000,-0.67900180816650391,-0.64529997110366821
7872,3.9360000,-0.67725294828414917,-0.6445000171661377
7873,3.9365000,-0.6754717230796814,-0.6435999870300293
7874,3.9370000,-0.6736595630645752,-0.64270001649856567
7875,3.9375000,-0.67182278633117676,-0.64170002937316895
7876,3.9380000,-0.66996711492538452,-0.64069998264312744
7877,3.9385000,-0.66809570789337158,-0.63959997892379761
7878,3.9390000,-0.66621220111846924,-0.63849997520446777
7879,3.9395000,-0.66431832313537598,-0.63730001449584961
7880,3.9400000,-0.66241747140884399,-0.63609999418258667
7881,3.9405000,-0.6605064868927002,-0.63489997386932373
7882,3.9410000,-0.658577561378479,-0.63349997997283936
7883,3.9415000,-0.65663087368011475,-0.63220000267028809
7884,3.9420000,-0.65466737747192383,-0.63080000877380371
7885,3.9425000,-0.65268439054489136,-0.62929999828338623
7886,3.9430000,-0.6506810188293457,-0.62779998779296875
7887,3.9435000,-0.64866065979003906,-0.62629997730255127
7888,3.9440000,-0.64662498235702515,-0.62470000982284546
7889,3.9445000,-0.64456635713577271,-0.62309998273849487
7890,3.9450000,-0.64247888326644897,-0.62139999866485596
7891,3.9455000,-0.64036744832992554,-0.61970001459121704
7892,3.9460000,-0.63823533058166504,-0.61799997091293335
7893,3.9465000,-0.63608330488204956,-0.61619997024536133
7894,3.9470000,-0.63391584157943726,-0.61440002918243408
7895,3.9475000,-0.63173454999923706,-0.61260002851486206
7896,3.9480000,-0.62954401969909668,-0.61070001125335693
7897,3.9485000,-0.62735402584075928,-0.60879999399185181
7898,3.9490000,-0.62516659498214722,-0.60689997673034668
7899,3.9495000,-0.62297904491424561,-0.60500001907348633
7900,3.9500000,-0.62079071998596191,-0.6029999852180481
7901,3.9505000,-0.61860203742980957,-0.60100001096725464
7902,3.9510000,-0.61641687154769897,-0.59899997711181641
7903,3.9515000,-0.61424291133880615,-0.59700000286102295
7904,3.9520000,-0.6120794415473938,-0.59500002861022949
7905,3.9525000,-0.60991257429122925,-0.59289997816085815
7906,3.9530000,-0.60773617029190063,-0.59079998731613159
7907,3.9535000,-0.60555732250213623,-0.58880001306533813
7908,3.9540000,-0.60337543487548828,-0.58670002222061157
7909,3.9545000,-0.60118240118026733,-0.58459997177124023
7910,3.9550000,-0.59897762537002563,-0.58249998092651367
7911,3.9555000,-0.59677290916442871,-0.58039999008178711
7912,3.9560000,-0.59457898139953613,-0.57829999923706055
7913,3.9565000,-0.59239006042480469,-0.57609999179840088
7914,3.9570000,-0.59019917249679565,-0.57400000095367432
7915,3.9575000,-0.58800756931304932,-0.57190001010894775
7916,3.9580000,-0.5858120322227478,-0.56980001926422119
7917,3.9585000,-0.58360946178436279,-0.56760001182556152
7918,3.9590000,-0.58140146732330322,-0.56550002098083496
7919,3.9595000,-0.57918846607208252,-0.56330001354217529
7920,3.9600000,-0.57697486877441406,-0.56120002269744873
7921,3.9605000,-0.5747683048248291,-0.55900001525878906
7922,3.9610000,-0.57257002592086792,-0.5569000244140625
7923,3.9615000,-0.5703742504119873,-0.55470001697540283
7924,3.9620000,-0.56817352771759033,-0.55260002613067627
7925,3.9625000,-0.56596642732620239,-0.5504000186920166
7926,3.9630000,-0.56375747919082642,-0.54820001125335693
7927,3.9635000,-0.56155049800872803,-0.54610002040863037
7928,3.9640000,-0.55935066938400269,-0.5439000129699707
7929,3.9645000,-0.55716228485107422,-0.54170000553131104
7930,3.9650000,-0.55498045682907104,-0.53949999809265137
7931,3.9655000,-0.55280637741088867,-0.5372999906539917
7932,3.9660000,-0.55065083503723145,-0.53509998321533203
7933,3.9665000,-0.54851454496383667,-0.53289997577667236
7934,3.9670000,-0.54639476537704468,-0.53070002794265747
7935,3.9675000,-0.54429656267166138,-0.5284000039100647
7936,3.9680000,-0.54222702980041504,-0.52619999647140503
7937,3.9685000,-0.54018545150756836,-0.52389997243881226
7938,3.9690000,-0.53816056251525879,-0.52170002460479736
7939,3.9695000,-0.53614497184753418,-0.51940000057220459
7940,3.9700000,-0.53413969278335571,-0.51709997653961182
7941,3.9705000,-0.53214395046234131,-0.51480001211166382
7942,3.9710000,-0.53015768527984619,-0.51249998807907104
7943,3.9715000,-0.5281832218170166,-0.51020002365112305
7944,3.9720000,-0.52621567249298096,-0.50789999961853027
7945,3.9725000,-0.52424395084381104,-0.5055999755859375
7946,3.9730000,-0.5222620964050293,-0.5031999945640564
7947,3.9735000,-0.5202675461769104,-0.50089997053146362
7948,3.9740000,-0.51826024055480957,-0.49849998950958252
7949,3.9745000,-0.51623868942260742,-0.49610000848770142
7950,3.9750000,-0.51419913768768311,-0.49380001425743103
7951,3.9755000,-0.51214885711669922,-0.49140000343322754
7952,3.9760000,-0.51009762287139893,-0.48899999260902405
7953,3.9765000,-0.50804698467254639,-0.48660001158714294
7954,3.9770000,-0.50599455833435059,-0.48420000076293945
7955,3.9775000,-0.50393342971801758,-0.48170000314712524
7956,3.9780000,-0.50185883045196533,-0.47929999232292175
7957,3.9785000,-0.49976691603660583,-0.47690001130104065
7958,3.9790000,-0.497648686170578,-0.47450000047683716
7959,3.9795000,-0.49550604820251465,-0.47209998965263367
7960,3.9800000,-0.49335253238677979,-0.46970000863075256
7961,3.9805000,-0.49118936061859131,-0.46720001101493835
7962,3.9810000,-0.4890085756778717,-0.46480000019073486
7963,3.9815000,-0.48681077361106873,-0.46239998936653137
7964,3.9820000,-0.48460164666175842,-0.46000000834465027
7965,3.9825000,-0.48238503932952881,-0.45770001411437988
7966,3.9830000,-0.4801575243473053,-0.45530000329017639
7967,3.9835000,-0.47792389988899231,-0.4528999924659729
7968,3.9840000,-0.47569802403450012,-0.45059999823570251
7969,3.9845000,-0.47348475456237793,-0.44819998741149902
7970,3.9850000,-0.47127467393875122,-0.44589999318122864
7971,3.9855000,-0.46904003620147705,-0.44359999895095825
7972,3.9860000,-0.4667772650718689,-0.44130000472068787
7973,3.9865000,-0.46451336145401001,-0.43900001049041748
7974,3.9870000,-0.46225264668464661,-0.43680000305175781
7975,3.9875000,-0.45998582243919373,-0.43450000882148743
7976,3.9880000,-0.45771369338035583,-0.43230000138282776
7977,3.9885000,-0.4554423987865448,-0.43009999394416809
7978,3.9890000,-0.45317035913467407,-0.42800000309944153
7979,3.9895000,-0.45087999105453491,-0.42579999566078186
7980,3.9900000,-0.44857373833656311,-0.4237000048160553
7981,3.9905000,-0.44627246260643005,-0.42160001397132874
7982,3.9910000,-0.44398170709609985,-0.41949999332427979
7983,3.9915000,-0.44170045852661133,-0.41740000247955322
7984,3.9920000,-0.43941101431846619,-0.41539999842643738
7985,3.9925000,-0.43709063529968262,-0.41339999437332153
7986,3.9930000,-0.43473491072654724,-0.41139999032020569
7987,3.9935000,-0.43234145641326904,-0.40939998626708984
7988,3.9940000,-0.42990303039550781,-0.4074999988079071
7989,3.9945000,-0.42743152379989624,-0.40560001134872437
7990,3.9950000,-0.42495128512382507,-0.40360000729560852
7991,3.9955000,-0.42245593667030334,-0.4018000066280365
7992,3.9960000,-0.41989722847938538,-0.39989998936653137
7993,3.9965000,-0.41721993684768677,-0.39809998869895935
7994,3.9970000,-0.41441431641578674,-0.39620000123977661
7995,3.9975000,-0.41150552034378052,-0.39440000057220459
7996,3.9980000,-0.40850678086280823,-0.39259999990463257
7997,3.9985000,-0.40542551875114441,-0.39089998602867126
7998,3.9990000,-0.40228602290153503,-0.38909998536109924
7999,3.9995000,-0.39911112189292908,-0.38740000128746033
