sample_index,time_sec,bar_left_time_sec_rendered,bar_right_time_sec_rendered,gradcam_scaled_amplitude_rendered,gradcam_normalized_approx,svg_group_id,svg_left_x,svg_right_x,svg_baseline_y,svg_top_y
0,0,-0.00025,0.00025,-0.000000001,-0.000000001,patch_3,138.083068,138.235304,210.6236998,210.6237
1,0.0005,0.00025,0.000750001,-0.000000001,-0.000000001,patch_4,138.235304,138.38754,210.6236998,210.6237
2,0.001,0.000750001,0.001250002,-0.000000001,-0.000000001,patch_5,138.38754,138.539776,210.6236998,210.6237
3,0.0015,0.001250002,0.001749999,-0.000000001,-0.000000001,patch_6,138.539776,138.692011,210.6236998,210.6237
4,0.002,0.001749999,0.00225,-0.000000001,-0.000000001,patch_7,138.692011,138.844247,210.6236998,210.6237
5,0.0025,0.00225,0.00275,-0.000000001,-0.000000001,patch_8,138.844247,138.996483,210.6236998,210.6237
6,0.003,0.00275,0.003250001,-0.000000001,-0.000000001,patch_9,138.996483,139.148719,210.6236998,210.6237
7,0.0035,0.003250001,0.003750002,-0.000000001,-0.000000001,patch_10,139.148719,139.300955,210.6236998,210.6237
8,0.004,0.003750002,0.004249999,-0.000000001,-0.000000001,patch_11,139.300955,139.45319,210.6236998,210.6237
9,0.0045,0.004249999,0.00475,-0.000000001,-0.000000001,patch_12,139.45319,139.605426,210.6236998,210.6237
10,0.005,0.00475,0.00525,-0.000000001,-0.000000001,patch_13,139.605426,139.757662,210.6236998,210.6237
11,0.0055,0.00525,0.005750001,-0.000000001,-0.000000001,patch_14,139.757662,139.909898,210.6236998,210.6237
12,0.006,0.005750001,0.006250002,-0.000000001,-0.000000001,patch_15,139.909898,140.062134,210.6236998,210.6237
13,0.0065,0.006250002,0.006749999,-0.000000001,-0.000000001,patch_16,140.062134,140.214369,210.6236998,210.6237
14,0.007,0.006749999,0.00725,-0.000000001,-0.000000001,patch_17,140.214369,140.366605,210.6236998,210.6237
15,0.0075,0.00725,0.007750001,-0.000000001,-0.000000001,patch_18,140.366605,140.518841,210.6236998,210.6237
16,0.008,0.007750001,0.008250001,-0.000000001,-0.000000001,patch_19,140.518841,140.671077,210.6236998,210.6237
17,0.0085,0.008250001,0.008750002,-0.000000001,-0.000000001,patch_20,140.671077,140.823313,210.6236998,210.6237
18,0.009,0.008750002,0.009249999,-0.000000001,-0.000000001,patch_21,140.823313,140.975548,210.6236998,210.6237
19,0.0095,0.009249999,0.00975,-0.000000001,-0.000000001,patch_22,140.975548,141.127784,210.6236998,210.6237
20,0.01,0.00975,0.010250001,-0.000000001,-0.000000001,patch_23,141.127784,141.28002,210.6236998,210.6237
21,0.0105,0.010250001,0.010750001,-0.000000001,-0.000000001,patch_24,141.28002,141.432256,210.6236998,210.6237
22,0.011,0.010750001,0.011249999,-0.000000001,-0.000000001,patch_25,141.432256,141.584491,210.6236998,210.6237
23,0.0115,0.011249999,0.011749999,-0.000000001,-0.000000001,patch_26,141.584491,141.736727,210.6236998,210.6237
24,0.012,0.011749999,0.01225,-0.000000001,-0.000000001,patch_27,141.736727,141.888963,210.6236998,210.6237
25,0.0125,0.01225,0.012750001,-0.000000001,-0.000000001,patch_28,141.888963,142.041199,210.6236998,210.6237
26,0.013,0.012750001,0.013250001,-0.000000001,-0.000000001,patch_29,142.041199,142.193435,210.6236998,210.6237
27,0.0135,0.013250001,0.013749999,-0.000000001,-0.000000001,patch_30,142.193435,142.34567,210.6236998,210.6237
28,0.014,0.013749999,0.014249999,-0.000000001,-0.000000001,patch_31,142.34567,142.497906,210.6236998,210.6237
29,0.0145,0.014249999,0.01475,-0.000000001,-0.000000001,patch_32,142.497906,142.650142,210.6236998,210.6237
30,0.015,0.01475,0.015250001,-0.000000001,-0.000000001,patch_33,142.650142,142.802378,210.6236998,210.6237
31,0.0155,0.015250001,0.015750001,-0.000000001,-0.000000001,patch_34,142.802378,142.954614,210.6236998,210.6237
32,0.016,0.015750001,0.016249999,-0.000000001,-0.000000001,patch_35,142.954614,143.106849,210.6236998,210.6237
33,0.0165,0.016249999,0.01675,-0.000000001,-0.000000001,patch_36,143.106849,143.259085,210.6236998,210.6237
34,0.017,0.01675,0.01725,-0.000000001,-0.000000001,patch_37,143.259085,143.411321,210.6236998,210.6237
35,0.0175,0.01725,0.017750001,-0.000000001,-0.000000001,patch_38,143.411321,143.563557,210.6236998,210.6237
36,0.018,0.017750001,0.018250002,-0.000000001,-0.000000001,patch_39,143.563557,143.715793,210.6236998,210.6237
37,0.0185,0.018250002,0.018749999,-0.000000001,-0.000000001,patch_40,143.715793,143.868028,210.6236998,210.6237
38,0.019,0.018749999,0.01925,-0.000000001,-0.000000001,patch_41,143.868028,144.020264,210.6236998,210.6237
39,0.0195,0.01925,0.01975,-0.000000001,-0.000000001,patch_42,144.020264,144.1725,210.6236998,210.6237
40,0.02,0.01975,0.020250001,-0.000000001,-0.000000001,patch_43,144.1725,144.324736,210.6236998,210.6237
41,0.0205,0.020250001,0.020750002,-0.000000001,-0.000000001,patch_44,144.324736,144.476972,210.6236998,210.6237
42,0.021,0.020750002,0.021249999,-0.000000001,-0.000000001,patch_45,144.476972,144.629207,210.6236998,210.6237
43,0.0215,0.021249999,0.02175,-0.000000001,-0.000000001,patch_46,144.629207,144.781443,210.6236998,210.6237
44,0.022,0.02175,0.02225,-0.000000001,-0.000000001,patch_47,144.781443,144.933679,210.6236998,210.6237
45,0.0225,0.02225,0.022750001,-0.000000001,-0.000000001,patch_48,144.933679,145.085915,210.6236998,210.6237
46,0.023,0.022750001,0.023250002,-0.000000001,-0.000000001,patch_49,145.085915,145.238151,210.6236998,210.6237
47,0.0235,0.023250002,0.023749999,-0.000000001,-0.000000001,patch_50,145.238151,145.390386,210.6236998,210.6237
48,0.024,0.023749999,0.02425,-0.000000001,-0.000000001,patch_51,145.390386,145.542622,210.6236998,210.6237
49,0.0245,0.02425,0.02475,-0.000000001,-0.000000001,patch_52,145.542622,145.694858,210.6236998,210.6237
50,0.025,0.02475,0.025250001,-0.000000001,-0.000000001,patch_53,145.694858,145.847094,210.6236998,210.6237
51,0.0255,0.025250001,0.025750002,-0.000000001,-0.000000001,patch_54,145.847094,145.99933,210.6236998,210.6237
52,0.026,0.025750002,0.026249999,-0.000000001,-0.000000001,patch_55,145.99933,146.151565,210.6236998,210.6237
53,0.0265,0.026249999,0.02675,-0.000000001,-0.000000001,patch_56,146.151565,146.303801,210.6236998,210.6237
54,0.027,0.02675,0.02725,-0.000000001,-0.000000001,patch_57,146.303801,146.456037,210.6236998,210.6237
55,0.0275,0.02725,0.027750001,-0.000000001,-0.000000001,patch_58,146.456037,146.608273,210.6236998,210.6237
56,0.028,0.027750001,0.028250002,-0.000000001,-0.000000001,patch_59,146.608273,146.760509,210.6236998,210.6237
57,0.0285,0.028250002,0.028749999,-0.000000001,-0.000000001,patch_60,146.760509,146.912744,210.6236998,210.6237
58,0.029,0.028749999,0.02925,-0.000000001,-0.000000001,patch_61,146.912744,147.06498,210.6236998,210.6237
59,0.0295,0.02925,0.029750001,-0.000000001,-0.000000001,patch_62,147.06498,147.217216,210.6236998,210.6237
60,0.03,0.029750001,0.030250001,-0.000000001,-0.000000001,patch_63,147.217216,147.369452,210.6236998,210.6237
61,0.0305,0.030250001,0.030750002,-0.000000001,-0.000000001,patch_64,147.369452,147.521688,210.6236998,210.6237
62,0.031,0.030750002,0.031249999,-0.000000001,-0.000000001,patch_65,147.521688,147.673923,210.6236998,210.6237
63,0.0315,0.031249999,0.03175,-0.000000001,-0.000000001,patch_66,147.673923,147.826159,210.6236998,210.6237
64,0.032,0.03175,0.032250001,-0.000000001,-0.000000001,patch_67,147.826159,147.978395,210.6236998,210.6237
65,0.0325,0.032250001,0.032750001,-0.000000001,-0.000000001,patch_68,147.978395,148.130631,210.6236998,210.6237
66,0.033,0.032750001,0.033249999,-0.000000001,-0.000000001,patch_69,148.130631,148.282866,210.6236998,210.6237
67,0.0335,0.033249999,0.033749999,-0.000000001,-0.000000001,patch_70,148.282866,148.435102,210.6236998,210.6237
68,0.034,0.033749999,0.03425,-0.000000001,-0.000000001,patch_71,148.435102,148.587338,210.6236998,210.6237
69,0.0345,0.03425,0.034750001,-0.000000001,-0.000000001,patch_72,148.587338,148.739574,210.6236998,210.6237
70,0.035,0.034750001,0.035250001,-0.000000001,-0.000000001,patch_73,148.739574,148.89181,210.6236998,210.6237
71,0.0355,0.035250001,0.035749999,-0.000000001,-0.000000001,patch_74,148.89181,149.044045,210.6236998,210.6237
72,0.036,0.035749999,0.036249999,-0.000000001,-0.000000001,patch_75,149.044045,149.196281,210.6236998,210.6237
73,0.0365,0.036249999,0.03675,-0.000000001,-0.000000001,patch_76,149.196281,149.348517,210.6236998,210.6237
74,0.037,0.03675,0.037250001,-0.000000001,-0.000000001,patch_77,149.348517,149.500753,210.6236998,210.6237
75,0.0375,0.037250001,0.037750001,-0.000000001,-0.000000001,patch_78,149.500753,149.652989,210.6236998,210.6237
76,0.038,0.037750001,0.038249999,-0.000000001,-0.000000001,patch_79,149.652989,149.805224,210.6236998,210.6237
77,0.0385,0.038249999,0.03875,-0.000000001,-0.000000001,patch_80,149.805224,149.95746,210.6236998,210.6237
78,0.039,0.03875,0.03925,-0.000000001,-0.000000001,patch_81,149.95746,150.109696,210.6236998,210.6237
79,0.0395,0.03925,0.039750001,-0.000000001,-0.000000001,patch_82,150.109696,150.261932,210.6236998,210.6237
80,0.04,0.039750001,0.040250002,-0.000000001,-0.000000001,patch_83,150.261932,150.414168,210.6236998,210.6237
81,0.0405,0.040250002,0.040749999,-0.000000001,-0.000000001,patch_84,150.414168,150.566403,210.6236998,210.6237
82,0.041,0.040749999,0.04125,-0.000000001,-0.000000001,patch_85,150.566403,150.718639,210.6236998,210.6237
83,0.0415,0.04125,0.04175,-0.000000001,-0.000000001,patch_86,150.718639,150.870875,210.6236998,210.6237
84,0.042,0.04175,0.042250001,-0.000000001,-0.000000001,patch_87,150.870875,151.023111,210.6236998,210.6237
85,0.0425,0.042250001,0.042750002,-0.000000001,-0.000000001,patch_88,151.023111,151.175347,210.6236998,210.6237
86,0.043,0.042750002,0.043249999,-0.000000001,-0.000000001,patch_89,151.175347,151.327582,210.6236998,210.6237
87,0.0435,0.043249999,0.04375,-0.000000001,-0.000000001,patch_90,151.327582,151.479818,210.6236998,210.6237
88,0.044,0.04375,0.04425,-0.000000001,-0.000000001,patch_91,151.479818,151.632054,210.6236998,210.6237
89,0.0445,0.04425,0.044750001,-0.000000001,-0.000000001,patch_92,151.632054,151.78429,210.6236998,210.6237
90,0.045,0.044750001,0.045250002,-0.000000001,-0.000000001,patch_93,151.78429,151.936526,210.6236998,210.6237
91,0.0455,0.045250002,0.045749999,-0.000000001,-0.000000001,patch_94,151.936526,152.088761,210.6236998,210.6237
92,0.046,0.045749999,0.04625,-0.000000001,-0.000000001,patch_95,152.088761,152.240997,210.6236998,210.6237
93,0.0465,0.04625,0.04675,-0.000000001,-0.000000001,patch_96,152.240997,152.393233,210.6236998,210.6237
94,0.047,0.04675,0.047250001,-0.000000001,-0.000000001,patch_97,152.393233,152.545469,210.6236998,210.6237
95,0.0475,0.047250001,0.047750002,-0.000000001,-0.000000001,patch_98,152.545469,152.697705,210.6236998,210.6237
96,0.048,0.047750002,0.048249999,-0.000000001,-0.000000001,patch_99,152.697705,152.84994,210.6236998,210.6237
97,0.0485,0.048249999,0.04875,-0.000000001,-0.000000001,patch_100,152.84994,153.002176,210.6236998,210.6237
98,0.049,0.04875,0.04925,-0.000000001,-0.000000001,patch_101,153.002176,153.154412,210.6236998,210.6237
99,0.0495,0.04925,0.049750001,-0.000000001,-0.000000001,patch_102,153.154412,153.306648,210.6236998,210.6237
100,0.05,0.049750001,0.050250002,-0.000000001,-0.000000001,patch_103,153.306648,153.458884,210.6236998,210.6237
101,0.0505,0.050250002,0.050749999,-0.000000001,-0.000000001,patch_104,153.458884,153.611119,210.6236998,210.6237
102,0.051,0.050749999,0.05125,-0.000000001,-0.000000001,patch_105,153.611119,153.763355,210.6236998,210.6237
103,0.0515,0.05125,0.051750001,-0.000000001,-0.000000001,patch_106,153.763355,153.915591,210.6236998,210.6237
104,0.052,0.051750001,0.052250001,-0.000000001,-0.000000001,patch_107,153.915591,154.067827,210.6236998,210.6237
105,0.0525,0.052250001,0.052750002,-0.000000001,-0.000000001,patch_108,154.067827,154.220063,210.6236998,210.6237
106,0.053,0.052750002,0.053249999,-0.000000001,-0.000000001,patch_109,154.220063,154.372298,210.6236998,210.6237
107,0.0535,0.053249999,0.05375,-0.000000001,-0.000000001,patch_110,154.372298,154.524534,210.6236998,210.6237
108,0.054,0.05375,0.054250001,-0.000000001,-0.000000001,patch_111,154.524534,154.67677,210.6236998,210.6237
109,0.0545,0.054250001,0.054750001,-0.000000001,-0.000000001,patch_112,154.67677,154.829006,210.6236998,210.6237
110,0.055,0.054750001,0.055249999,-0.000000001,-0.000000001,patch_113,154.829006,154.981241,210.6236998,210.6237
111,0.0555,0.055249999,0.055749999,-0.000000001,-0.000000001,patch_114,154.981241,155.133477,210.6236998,210.6237
112,0.056,0.055749999,0.05625,-0.000000001,-0.000000001,patch_115,155.133477,155.285713,210.6236998,210.6237
113,0.0565,0.05625,0.056750001,-0.000000001,-0.000000001,patch_116,155.285713,155.437949,210.6236998,210.6237
114,0.057,0.056750001,0.057250001,-0.000000001,-0.000000001,patch_117,155.437949,155.590185,210.6236998,210.6237
115,0.0575,0.057250001,0.057749999,-0.000000001,-0.000000001,patch_118,155.590185,155.74242,210.6236998,210.6237
116,0.058,0.057749999,0.058249999,-0.000000001,-0.000000001,patch_119,155.74242,155.894656,210.6236998,210.6237
117,0.0585,0.058249999,0.05875,-0.000000001,-0.000000001,patch_120,155.894656,156.046892,210.6236998,210.6237
118,0.059,0.05875,0.059250001,-0.000000001,-0.000000001,patch_121,156.046892,156.199128,210.6236998,210.6237
119,0.0595,0.059250001,0.059750001,-0.000000001,-0.000000001,patch_122,156.199128,156.351364,210.6236998,210.6237
120,0.06,0.059750001,0.060249999,-0.000000001,-0.000000001,patch_123,156.351364,156.503599,210.6236998,210.6237
121,0.0605,0.060249999,0.06075,-0.000000001,-0.000000001,patch_124,156.503599,156.655835,210.6236998,210.6237
122,0.061,0.06075,0.06125,-0.000000001,-0.000000001,patch_125,156.655835,156.808071,210.6236998,210.6237
123,0.0615,0.06125,0.061750001,-0.000000001,-0.000000001,patch_126,156.808071,156.960307,210.6236998,210.6237
124,0.062,0.061750001,0.062250002,-0.000000001,-0.000000001,patch_127,156.960307,157.112543,210.6236998,210.6237
125,0.0625,0.062250002,0.062749999,-0.000000001,-0.000000001,patch_128,157.112543,157.264778,210.6236998,210.6237
126,0.063,0.062749999,0.06325,-0.000000001,-0.000000001,patch_129,157.264778,157.417014,210.6236998,210.6237
127,0.0635,0.06325,0.06375,-0.000000001,-0.000000001,patch_130,157.417014,157.56925,210.6236998,210.6237
128,0.064,0.06375,0.064250001,-0.000000001,-0.000000001,patch_131,157.56925,157.721486,210.6236998,210.6237
129,0.0645,0.064250001,0.064750002,-0.000000001,-0.000000001,patch_132,157.721486,157.873722,210.6236998,210.6237
130,0.065,0.064750002,0.065249999,-0.000000001,-0.000000001,patch_133,157.873722,158.025957,210.6236998,210.6237
131,0.0655,0.065249999,0.06575,-0.000000001,-0.000000001,patch_134,158.025957,158.178193,210.6236998,210.6237
132,0.066,0.06575,0.06625,-0.000000001,-0.000000001,patch_135,158.178193,158.330429,210.6236998,210.6237
133,0.0665,0.06625,0.066750001,-0.000000001,-0.000000001,patch_136,158.330429,158.482665,210.6236998,210.6237
134,0.067,0.066750001,0.067250002,-0.000000001,-0.000000001,patch_137,158.482665,158.634901,210.6236998,210.6237
135,0.0675,0.067250002,0.067749999,-0.000000001,-0.000000001,patch_138,158.634901,158.787136,210.6236998,210.6237
136,0.068,0.067749999,0.06825,-0.000000001,-0.000000001,patch_139,158.787136,158.939372,210.6236998,210.6237
137,0.0685,0.06825,0.06875,-0.000000001,-0.000000001,patch_140,158.939372,159.091608,210.6236998,210.6237
138,0.069,0.06875,0.069250001,-0.000000001,-0.000000001,patch_141,159.091608,159.243844,210.6236998,210.6237
139,0.0695,0.069250001,0.069750002,-0.000000001,-0.000000001,patch_142,159.243844,159.39608,210.6236998,210.6237
140,0.07,0.069750002,0.070249999,-0.000000001,-0.000000001,patch_143,159.39608,159.548315,210.6236998,210.6237
141,0.0705,0.070249999,0.07075,-0.000000001,-0.000000001,patch_144,159.548315,159.700551,210.6236998,210.6237
142,0.071,0.07075,0.07125,-0.000000001,-0.000000001,patch_145,159.700551,159.852787,210.6236998,210.6237
143,0.0715,0.07125,0.071750001,-0.000000001,-0.000000001,patch_146,159.852787,160.005023,210.6236998,210.6237
144,0.072,0.071750001,0.072250002,-0.000000001,-0.000000001,patch_147,160.005023,160.157259,210.6236998,210.6237
145,0.0725,0.072250002,0.072749999,-0.000000001,-0.000000001,patch_148,160.157259,160.309494,210.6236998,210.6237
146,0.073,0.072749999,0.07325,-0.000000001,-0.000000001,patch_149,160.309494,160.46173,210.6236998,210.6237
147,0.0735,0.07325,0.073750001,-0.000000001,-0.000000001,patch_150,160.46173,160.613966,210.6236998,210.6237
148,0.074,0.073750001,0.074250001,-0.000000001,-0.000000001,patch_151,160.613966,160.766202,210.6236998,210.6237
149,0.0745,0.074250001,0.074750002,-0.000000001,-0.000000001,patch_152,160.766202,160.918438,210.6236998,210.6237
150,0.075,0.074750002,0.075249999,-0.000000001,-0.000000001,patch_153,160.918438,161.070673,210.6236998,210.6237
151,0.0755,0.075249999,0.07575,-0.000000001,-0.000000001,patch_154,161.070673,161.222909,210.6236998,210.6237
152,0.076,0.07575,0.076250001,-0.000000001,-0.000000001,patch_155,161.222909,161.375145,210.6236998,210.6237
153,0.0765,0.076250001,0.076750001,-0.000000001,-0.000000001,patch_156,161.375145,161.527381,210.6236998,210.6237
154,0.077,0.076750001,0.077249999,-0.000000001,-0.000000001,patch_157,161.527381,161.679616,210.6236998,210.6237
155,0.0775,0.077249999,0.077749999,-0.000000001,-0.000000001,patch_158,161.679616,161.831852,210.6236998,210.6237
156,0.078,0.077749999,0.07825,-0.000000001,-0.000000001,patch_159,161.831852,161.984088,210.6236998,210.6237
157,0.0785,0.07825,0.078750001,-0.000000001,-0.000000001,patch_160,161.984088,162.136324,210.6236998,210.6237
158,0.079,0.078750001,0.079250001,-0.000000001,-0.000000001,patch_161,162.136324,162.28856,210.6236998,210.6237
159,0.0795,0.079250001,0.079749999,-0.000000001,-0.000000001,patch_162,162.28856,162.440795,210.6236998,210.6237
160,0.08,0.079749999,0.080249999,-0.000000001,-0.000000001,patch_163,162.440795,162.593031,210.6236998,210.6237
161,0.0805,0.080249999,0.08075,-0.000000001,-0.000000001,patch_164,162.593031,162.745267,210.6236998,210.6237
162,0.081,0.08075,0.081250001,-0.000000001,-0.000000001,patch_165,162.745267,162.897503,210.6236998,210.6237
163,0.0815,0.081250001,0.081750001,-0.000000001,-0.000000001,patch_166,162.897503,163.049739,210.6236998,210.6237
164,0.082,0.081750001,0.082249999,-0.000000001,-0.000000001,patch_167,163.049739,163.201974,210.6236998,210.6237
165,0.0825,0.082249999,0.08275,-0.000000001,-0.000000001,patch_168,163.201974,163.35421,210.6236998,210.6237
166,0.083,0.08275,0.08325,-0.000000001,-0.000000001,patch_169,163.35421,163.506446,210.6236998,210.6237
167,0.0835,0.08325,0.083750001,-0.000000001,-0.000000001,patch_170,163.506446,163.658682,210.6236998,210.6237
168,0.084,0.083750001,0.084250002,-0.000000001,-0.000000001,patch_171,163.658682,163.810918,210.6236998,210.6237
169,0.0845,0.084250002,0.084749999,-0.000000001,-0.000000001,patch_172,163.810918,163.963153,210.6236998,210.6237
170,0.085,0.084749999,0.08525,-0.000000001,-0.000000001,patch_173,163.963153,164.115389,210.6236998,210.6237
171,0.0855,0.08525,0.08575,-0.000000001,-0.000000001,patch_174,164.115389,164.267625,210.6236998,210.6237
172,0.086,0.08575,0.086250001,-0.000000001,-0.000000001,patch_175,164.267625,164.419861,210.6236998,210.6237
173,0.0865,0.086250001,0.086750002,-0.000000001,-0.000000001,patch_176,164.419861,164.572097,210.6236998,210.6237
174,0.087,0.086750002,0.087249999,-0.000000001,-0.000000001,patch_177,164.572097,164.724332,210.6236998,210.6237
175,0.0875,0.087249999,0.08775,-0.000000001,-0.000000001,patch_178,164.724332,164.876568,210.6236998,210.6237
176,0.088,0.08775,0.08825,-0.000000001,-0.000000001,patch_179,164.876568,165.028804,210.6236998,210.6237
177,0.0885,0.08825,0.088750001,-0.000000001,-0.000000001,patch_180,165.028804,165.18104,210.6236998,210.6237
178,0.089,0.088750001,0.089250002,-0.000000001,-0.000000001,patch_181,165.18104,165.333276,210.6236998,210.6237
179,0.0895,0.089250002,0.089749999,-0.000000001,-0.000000001,patch_182,165.333276,165.485511,210.6236998,210.6237
180,0.09,0.089749999,0.09025,-0.000000001,-0.000000001,patch_183,165.485511,165.637747,210.6236998,210.6237
181,0.0905,0.09025,0.09075,-0.000000001,-0.000000001,patch_184,165.637747,165.789983,210.6236998,210.6237
182,0.091,0.09075,0.091250001,-0.000000001,-0.000000001,patch_185,165.789983,165.942219,210.6236998,210.6237
183,0.0915,0.091250001,0.091750002,-0.000000001,-0.000000001,patch_186,165.942219,166.094455,210.6236998,210.6237
184,0.092,0.091750002,0.092249999,-0.000000001,-0.000000001,patch_187,166.094455,166.24669,210.6236998,210.6237
185,0.0925,0.092249999,0.09275,-0.000000001,-0.000000001,patch_188,166.24669,166.398926,210.6236998,210.6237
186,0.093,0.09275,0.09325,-0.000000001,-0.000000001,patch_189,166.398926,166.551162,210.6236998,210.6237
187,0.0935,0.09325,0.093750001,-0.000000001,-0.000000001,patch_190,166.551162,166.703398,210.6236998,210.6237
188,0.094,0.093750001,0.094250002,-0.000000001,-0.000000001,patch_191,166.703398,166.855634,210.6236998,210.6237
189,0.0945,0.094250002,0.094749999,-0.000000001,-0.000000001,patch_192,166.855634,167.007869,210.6236998,210.6237
190,0.095,0.094749999,0.09525,-0.000000001,-0.000000001,patch_193,167.007869,167.160105,210.6236998,210.6237
191,0.0955,0.09525,0.095750001,-0.000000001,-0.000000001,patch_194,167.160105,167.312341,210.6236998,210.6237
192,0.096,0.095750001,0.096250001,-0.000000001,-0.000000001,patch_195,167.312341,167.464577,210.6236998,210.6237
193,0.0965,0.096250001,0.096750002,-0.000000001,-0.000000001,patch_196,167.464577,167.616813,210.6236998,210.6237
194,0.097,0.096750002,0.097249999,-0.000000001,-0.000000001,patch_197,167.616813,167.769048,210.6236998,210.6237
195,0.0975,0.097249999,0.09775,-0.000000001,-0.000000001,patch_198,167.769048,167.921284,210.6236998,210.6237
196,0.098,0.09775,0.098250001,-0.000000001,-0.000000001,patch_199,167.921284,168.07352,210.6236998,210.6237
197,0.0985,0.098250001,0.098750001,-0.000000001,-0.000000001,patch_200,168.07352,168.225756,210.6236998,210.6237
198,0.099,0.098750001,0.099249999,-0.000000001,-0.000000001,patch_201,168.225756,168.377991,210.6236998,210.6237
199,0.0995,0.099249999,0.099749999,-0.000000001,-0.000000001,patch_202,168.377991,168.530227,210.6236998,210.6237
200,0.1,0.099749999,0.10025,-0.000000001,-0.000000001,patch_203,168.530227,168.682463,210.6236998,210.6237
201,0.1005,0.10025,0.100750001,-0.000000001,-0.000000001,patch_204,168.682463,168.834699,210.6236998,210.6237
202,0.101,0.100750001,0.101250001,-0.000000001,-0.000000001,patch_205,168.834699,168.986935,210.6236998,210.6237
203,0.1015,0.101250001,0.101749999,-0.000000001,-0.000000001,patch_206,168.986935,169.13917,210.6236998,210.6237
204,0.102,0.101749999,0.102249999,-0.000000001,-0.000000001,patch_207,169.13917,169.291406,210.6236998,210.6237
205,0.1025,0.102249999,0.10275,-0.000000001,-0.000000001,patch_208,169.291406,169.443642,210.6236998,210.6237
206,0.103,0.10275,0.103250001,-0.000000001,-0.000000001,patch_209,169.443642,169.595878,210.6236998,210.6237
207,0.1035,0.103250001,0.103750001,-0.000000001,-0.000000001,patch_210,169.595878,169.748114,210.6236998,210.6237
208,0.104,0.103750001,0.104249999,-0.000000001,-0.000000001,patch_211,169.748114,169.900349,210.6236998,210.6237
209,0.1045,0.104249999,0.10475,-0.000000001,-0.000000001,patch_212,169.900349,170.052585,210.6236998,210.6237
210,0.105,0.10475,0.10525,-0.000000001,-0.000000001,patch_213,170.052585,170.204821,210.6236998,210.6237
211,0.1055,0.10525,0.105750001,-0.000000001,-0.000000001,patch_214,170.204821,170.357057,210.6236998,210.6237
212,0.106,0.105750001,0.106250002,-0.000000001,-0.000000001,patch_215,170.357057,170.509293,210.6236998,210.6237
213,0.1065,0.106250002,0.106749999,-0.000000001,-0.000000001,patch_216,170.509293,170.661528,210.6236998,210.6237
214,0.107,0.106749999,0.10725,-0.000000001,-0.000000001,patch_217,170.661528,170.813764,210.6236998,210.6237
215,0.1075,0.10725,0.10775,-0.000000001,-0.000000001,patch_218,170.813764,170.966,210.6236998,210.6237
216,0.108,0.10775,0.108250001,-0.000000001,-0.000000001,patch_219,170.966,171.118236,210.6236998,210.6237
217,0.1085,0.108250001,0.108750002,-0.000000001,-0.000000001,patch_220,171.118236,171.270472,210.6236998,210.6237
218,0.109,0.108750002,0.109249999,-0.000000001,-0.000000001,patch_221,171.270472,171.422707,210.6236998,210.6237
219,0.1095,0.109249999,0.10975,-0.000000001,-0.000000001,patch_222,171.422707,171.574943,210.6236998,210.6237
220,0.11,0.10975,0.11025,-0.000000001,-0.000000001,patch_223,171.574943,171.727179,210.6236998,210.6237
221,0.1105,0.11025,0.110750001,-0.000000001,-0.000000001,patch_224,171.727179,171.879415,210.6236998,210.6237
222,0.111,0.110750001,0.111250002,-0.000000001,-0.000000001,patch_225,171.879415,172.031651,210.6236998,210.6237
223,0.1115,0.111250002,0.111749999,-0.000000001,-0.000000001,patch_226,172.031651,172.183886,210.6236998,210.6237
224,0.112,0.111749999,0.11225,-0.000000001,-0.000000001,patch_227,172.183886,172.336122,210.6236998,210.6237
225,0.1125,0.11225,0.11275,-0.000000001,-0.000000001,patch_228,172.336122,172.488358,210.6236998,210.6237
226,0.113,0.11275,0.113250001,-0.000000001,-0.000000001,patch_229,172.488358,172.640594,210.6236998,210.6237
227,0.1135,0.113250001,0.113750002,-0.000000001,-0.000000001,patch_230,172.640594,172.79283,210.6236998,210.6237
228,0.114,0.113750002,0.114249999,-0.000000001,-0.000000001,patch_231,172.79283,172.945065,210.6236998,210.6237
229,0.1145,0.114249999,0.11475,-0.000000001,-0.000000001,patch_232,172.945065,173.097301,210.6236998,210.6237
230,0.115,0.11475,0.11525,-0.000000001,-0.000000001,patch_233,173.097301,173.249537,210.6236998,210.6237
231,0.1155,0.11525,0.115750001,-0.000000001,-0.000000001,patch_234,173.249537,173.401773,210.6236998,210.6237
232,0.116,0.115750001,0.116250002,-0.000000001,-0.000000001,patch_235,173.401773,173.554009,210.6236998,210.6237
233,0.1165,0.116250002,0.116749999,-0.000000001,-0.000000001,patch_236,173.554009,173.706244,210.6236998,210.6237
234,0.117,0.116749999,0.11725,-0.000000007,-0.000000008,patch_237,173.706244,173.85848,210.6236998,210.623701
235,0.1175,0.11725,0.117750001,-0.000000007,-0.000000008,patch_238,173.85848,174.010716,210.6236998,210.623701
236,0.118,0.117750001,0.118250001,-0.000000007,-0.000000008,patch_239,174.010716,174.162952,210.6236998,210.623701
237,0.1185,0.118250001,0.118750002,-0.000000007,-0.000000008,patch_240,174.162952,174.315188,210.6236998,210.623701
238,0.119,0.118750002,0.119249999,-0.000000007,-0.000000008,patch_241,174.315188,174.467423,210.6236998,210.623701
239,0.1195,0.119249999,0.11975,-0.000000007,-0.000000008,patch_242,174.467423,174.619659,210.6236998,210.623701
240,0.12,0.11975,0.120250001,-0.000000001,-0.000000001,patch_243,174.619659,174.771895,210.6236998,210.6237
241,0.1205,0.120250001,0.120750001,-0.000000001,-0.000000001,patch_244,174.771895,174.924131,210.6236998,210.6237
242,0.121,0.120750001,0.121249999,0.000000005,0.000000005,patch_245,174.924131,175.076366,210.6236998,210.623699
243,0.1215,0.121249999,0.121749999,0.000000011,0.000000012,patch_246,175.076366,175.228602,210.6236998,210.623698
244,0.122,0.121749999,0.12225,0.000000016,0.000000018,patch_247,175.228602,175.380838,210.6236998,210.623697
245,0.1225,0.12225,0.122750001,0.000000016,0.000000018,patch_248,175.380838,175.533074,210.6236998,210.623697
246,0.123,0.122750001,0.123250001,0.000000016,0.000000018,patch_249,175.533074,175.68531,210.6236998,210.623697
247,0.1235,0.123250001,0.123749999,0.000000016,0.000000018,patch_250,175.68531,175.837545,210.6236998,210.623697
248,0.124,0.123749999,0.124249999,0.000000005,0.000000005,patch_251,175.837545,175.989781,210.6236998,210.623699
249,0.1245,0.124249999,0.12475,-0.000000013,-0.000000014,patch_252,175.989781,176.142017,210.6236998,210.623702
250,0.125,0.12475,0.125250001,-0.000000031,-0.000000034,patch_253,176.142017,176.294253,210.6236998,210.623705
251,0.1255,0.125250001,0.125750001,-0.000000054,-0.000000059,patch_254,176.294253,176.446489,210.6236998,210.623709
252,0.126,0.125750001,0.126249999,-0.000000072,-0.000000079,patch_255,176.446489,176.598724,210.6236998,210.623712
253,0.1265,0.126249999,0.126749999,-0.000000078,-0.000000085,patch_256,176.598724,176.75096,210.6236998,210.623713
254,0.127,0.126749999,0.12725,-0.000000078,-0.000000085,patch_257,176.75096,176.903196,210.6236998,210.623713
255,0.1275,0.12725,0.127750001,-0.00000006,-0.000000066,patch_258,176.903196,177.055432,210.6236998,210.62371
256,0.128,0.127750001,0.128250002,-0.000000025,-0.000000027,patch_259,177.055432,177.207668,210.6236998,210.623704
257,0.1285,0.128250002,0.128749999,0.000000028,0.000000031,patch_260,177.207668,177.359903,210.6236998,210.623695
258,0.129,0.128749999,0.12925,0.000000105,0.000000115,patch_261,177.359903,177.512139,210.6236998,210.623682
259,0.1295,0.12925,0.12975,0.000000181,0.000000199,patch_262,177.512139,177.664375,210.6236998,210.623669
260,0.13,0.12975,0.130250001,0.000000252,0.000000276,patch_263,177.664375,177.816611,210.6236998,210.623657
261,0.1305,0.130250001,0.130750002,0.000000287,0.000000315,patch_264,177.816611,177.968847,210.6236998,210.623651
262,0.131,0.130750002,0.131249999,0.000000287,0.000000315,patch_265,177.968847,178.121082,210.6236998,210.623651
263,0.1315,0.131249999,0.13175,0.000000223,0.000000244,patch_266,178.121082,178.273318,210.6236998,210.623662
264,0.132,0.13175,0.13225,0.000000093,0.000000102,patch_267,178.273318,178.425554,210.6236998,210.623684
265,0.1325,0.13225,0.132750001,-0.000000125,-0.000000137,patch_268,178.425554,178.57779,210.6236998,210.623721
266,0.133,0.132750001,0.133250002,-0.000000402,-0.00000044,patch_269,178.57779,178.730026,210.6236998,210.623768
267,0.1335,0.133250002,0.133749999,-0.000000696,-0.000000762,patch_270,178.730026,178.882261,210.6236998,210.623818
268,0.134,0.133749999,0.13425,-0.000000937,-0.000001026,patch_271,178.882261,179.034497,210.6236998,210.623859
269,0.1345,0.13425,0.13475,-0.000001085,-0.000001188,patch_272,179.034497,179.186733,210.6236998,210.623884
270,0.135,0.13475,0.135250001,-0.000001079,-0.000001181,patch_273,179.186733,179.338969,210.6236998,210.623883
271,0.1355,0.135250001,0.135750002,-0.000000855,-0.000000936,patch_274,179.338969,179.491205,210.6236998,210.623845
272,0.136,0.135750002,0.136249999,-0.000000372,-0.000000407,patch_275,179.491205,179.64344,210.6236998,210.623763
273,0.1365,0.136249999,0.13675,0.000000429,0.000000469,patch_276,179.64344,179.795676,210.6236998,210.623627
274,0.137,0.13675,0.13725,0.000001477,0.000001617,patch_277,179.795676,179.947912,210.6236998,210.623449
275,0.1375,0.13725,0.137750001,0.00000256,0.000002803,patch_278,179.947912,180.100148,210.6236998,210.623265
276,0.138,0.137750001,0.138250002,0.000003484,0.000003816,patch_279,180.100148,180.252384,210.6236998,210.623108
277,0.1385,0.138250002,0.138749999,0.000004038,0.000004422,patch_280,180.252384,180.404619,210.6236998,210.623014
278,0.139,0.138749999,0.13925,0.000004014,0.000004396,patch_281,180.404619,180.556855,210.6236998,210.623018
279,0.1395,0.13925,0.139750001,0.000003208,0.000003513,patch_282,180.556855,180.709091,210.6236998,210.623155
280,0.14,0.139750001,0.140250001,0.000001412,0.000001546,patch_283,180.709091,180.861327,210.6236998,210.62346
281,0.1405,0.140250001,0.140750002,-0.000001567,-0.000001716,patch_284,180.861327,181.013563,210.6236998,210.623966
282,0.141,0.140750002,0.141249999,-0.000005453,-0.000005972,patch_285,181.013563,181.165798,210.6236998,210.624626
283,0.1415,0.141249999,0.14175,-0.000009516,-0.00001042,patch_286,181.165798,181.318034,210.6236998,210.625316
284,0.142,0.14175,0.142250001,-0.000012972,-0.000014205,patch_287,181.318034,181.47027,210.6236998,210.625903
285,0.1425,0.142250001,0.142750001,-0.000015062,-0.000016494,patch_288,181.47027,181.622506,210.6236998,210.626258
286,0.143,0.142750001,0.143249999,-0.000015009,-0.000016436,patch_289,181.622506,181.774741,210.6236998,210.626249
287,0.1435,0.143249999,0.143749999,-0.000012048,-0.000013193,patch_290,181.774741,181.926977,210.6236998,210.625746
288,0.144,0.143749999,0.14425,-0.0000054,-0.000005914,patch_291,181.926977,182.079213,210.6236998,210.624617
289,0.1445,0.14425,0.144750001,0.000005633,0.000006169,patch_292,182.079213,182.231449,210.6236998,210.622743
290,0.145,0.144750001,0.145250001,0.000020117,0.000022029,patch_293,182.231449,182.383685,210.6236998,210.620283
291,0.1455,0.145250001,0.145749999,0.000035278,0.000038632,patch_294,182.383685,182.53592,210.6236998,210.617708
292,0.146,0.145749999,0.146249999,0.000048243,0.000052829,patch_295,182.53592,182.688156,210.6236998,210.615506
293,0.1465,0.146249999,0.14675,0.000056133,0.000061468,patch_296,182.688156,182.840392,210.6236998,210.614166
294,0.147,0.14675,0.147250001,0.00005608,0.00006141,patch_297,182.840392,182.992628,210.6236998,210.614175
295,0.1475,0.147250001,0.147750001,0.000045205,0.000049502,patch_298,182.992628,183.144864,210.6236998,210.616022
296,0.148,0.147750001,0.148249999,0.000020641,0.000022603,patch_299,183.144864,183.297099,210.6236998,210.620194
297,0.1485,0.148249999,0.148749999,-0.000020291,-0.000022219,patch_300,183.297099,183.449335,210.6236998,210.627146
298,0.149,0.148749999,0.14925,-0.000074234,-0.00008129,patch_301,183.449335,183.601571,210.6236998,210.636308
299,0.1495,0.14925,0.149750001,-0.000130857,-0.000143295,patch_302,183.601571,183.753807,210.6236998,210.645925
300,0.15,0.149750001,0.150250002,-0.000179438,-0.000196492,patch_303,183.753807,183.906043,210.6236998,210.654176
301,0.1505,0.150250002,0.150749999,-0.000209253,-0.000229142,patch_304,183.906043,184.058278,210.6236998,210.65924
302,0.151,0.150749999,0.15125,-0.000209577,-0.000229496,patch_305,184.058278,184.210514,210.6236998,210.659295
303,0.1515,0.15125,0.15175,-0.000169681,-0.000185809,patch_306,184.210514,184.36275,210.6236998,210.652519
304,0.152,0.15175,0.152250001,-0.000078856,-0.000086351,patch_307,184.36275,184.514986,210.6236998,210.637093
305,0.1525,0.152250001,0.152750002,0.000072966,0.000079901,patch_308,184.514986,184.667222,210.6236998,210.611307
306,0.153,0.152750002,0.153249999,0.000273834,0.000299861,patch_309,184.667222,184.819457,210.6236998,210.577191
307,0.1535,0.153249999,0.15375,0.000485306,0.000531432,patch_310,184.819457,184.971693,210.6236998,210.541274
308,0.154,0.15375,0.15425,0.000667357,0.000730785,patch_311,184.971693,185.123929,210.6236998,210.510354
309,0.1545,0.15425,0.154750001,0.000779972,0.000854105,patch_312,185.123929,185.276165,210.6236998,210.491227
310,0.155,0.154750001,0.155250002,0.000783128,0.00085756,patch_313,185.276165,185.428401,210.6236998,210.490691
311,0.1555,0.155250002,0.155749999,0.000636805,0.00069733,patch_314,185.428401,185.580636,210.6236998,210.515543
312,0.156,0.155749999,0.15625,0.000300983,0.00032959,patch_315,185.580636,185.732872,210.6236998,210.57258
313,0.1565,0.15625,0.15675,-0.000262126,-0.000287039,patch_316,185.732872,185.885108,210.6236998,210.66822
314,0.157,0.15675,0.157250001,-0.00101004,-0.001106039,patch_317,185.885108,186.037344,210.6236998,210.795248
315,0.1575,0.157250001,0.157750002,-0.00179977,-0.001970828,patch_318,186.037344,186.18958,210.6236998,210.929378
316,0.158,0.157750002,0.158249999,-0.002481959,-0.002717856,patch_319,186.18958,186.341815,210.6236998,211.045243
317,0.1585,0.158249999,0.15875,-0.00290724,-0.003183558,patch_320,186.341815,186.494051,210.6236998,211.117474
318,0.159,0.15875,0.15925,-0.002926264,-0.003204389,patch_321,186.494051,186.646287,210.6236998,211.120705
319,0.1595,0.15925,0.159750001,-0.002389662,-0.002616786,patch_322,186.646287,186.798523,210.6236998,211.029567
320,0.16,0.159750001,0.160250002,-0.001148091,-0.001257211,patch_323,186.798523,186.950759,210.6236998,210.818695
321,0.1605,0.160250002,0.160749999,0.000946827,0.001036817,patch_324,186.950759,187.102994,210.6236998,210.462888
322,0.161,0.160749999,0.16125,0.004004911,0.004385556,patch_325,187.102994,187.25523,210.6236998,209.943494
323,0.1615,0.16125,0.161750001,0.008085716,0.00885422,patch_326,187.25523,187.407466,210.6236998,209.250398
324,0.162,0.161750001,0.162250001,0.013245442,0.01450435,patch_327,187.407466,187.559702,210.6236998,208.374055
325,0.1625,0.162250001,0.162750002,0.01954027,0.021397468,patch_328,187.559702,187.711938,210.6236998,207.304923
326,0.163,0.162750002,0.163249999,0.027026399,0.029595112,patch_329,187.711938,187.864173,210.6236998,206.033457
327,0.1635,0.163249999,0.16375,0.035760009,0.039158805,patch_330,187.864173,188.016409,210.6236998,204.550115
328,0.164,0.16375,0.164250001,0.0457973,0.050150087,patch_331,188.016409,188.168645,210.6236998,202.845352
329,0.1645,0.164250001,0.164750001,0.057189502,0.062625056,patch_332,188.168645,188.320881,210.6236998,200.910467
330,0.165,0.164750001,0.165249999,0.069775831,0.076407648,patch_333,188.320881,188.473116,210.6236998,198.772768
331,0.1655,0.165249999,0.165749999,0.083108037,0.091007008,patch_334,188.473116,188.625352,210.6236998,196.508387
332,0.166,0.165749999,0.16625,0.096717335,0.105909796,patch_335,188.625352,188.777588,210.6236998,194.196944
333,0.1665,0.16625,0.166750001,0.110135002,0.12060274,patch_336,188.777588,188.929824,210.6236998,191.918048
334,0.167,0.166750001,0.167250001,0.122892266,0.134572513,patch_337,188.929824,189.08206,210.6236998,189.751317
335,0.1675,0.167250001,0.167749999,0.134520409,0.147305849,patch_338,189.08206,189.234295,210.6236998,187.776359
336,0.168,0.167749999,0.168249999,0.144550712,0.158289477,patch_339,189.234295,189.386531,210.6236998,186.072783
337,0.1685,0.168249999,0.16875,0.152520045,0.167016253,patch_340,189.386531,189.538767,210.6236998,184.719248
338,0.169,0.16875,0.169250001,0.158233701,0.173272961,patch_341,189.538767,189.691003,210.6236998,183.748824
339,0.1695,0.169250001,0.169750001,0.161875454,0.177260843,patch_342,189.691003,189.843239,210.6236998,183.130298
340,0.17,0.169750001,0.170249999,0.163657618,0.179212392,patch_343,189.843239,189.995474,210.6236998,182.82761
341,0.1705,0.170249999,0.170749999,0.163792548,0.179360147,patch_344,189.995474,190.14771,210.6236998,182.804693
342,0.171,0.170749999,0.17125,0.162492559,0.177936601,patch_345,190.14771,190.299946,210.6236998,183.025487
343,0.1715,0.17125,0.171750001,0.159969952,0.175174233,patch_346,190.299946,190.452182,210.6236998,183.453934
344,0.172,0.171750001,0.172250002,0.156437082,0.171305583,patch_347,190.452182,190.604418,210.6236998,184.053967
345,0.1725,0.172250002,0.172749999,0.152105015,0.166561776,patch_348,190.604418,190.756653,210.6236998,184.789738
346,0.173,0.172749999,0.17325,0.147119208,0.161102096,patch_349,190.756653,190.908889,210.6236998,185.636542
347,0.1735,0.17325,0.17375,0.141528796,0.154980345,patch_350,190.908889,191.061125,210.6236998,186.586034
348,0.174,0.17375,0.174250001,0.135375217,0.148241901,patch_351,191.061125,191.213361,210.6236998,187.631176
349,0.1745,0.174250001,0.174750002,0.128699943,0.140932179,patch_352,191.213361,191.365597,210.6236998,188.764924
350,0.175,0.174750002,0.175249999,0.121544426,0.133096568,patch_353,191.365597,191.517832,210.6236998,189.980238
351,0.1755,0.175249999,0.17575,0.11395011,0.124780453,patch_354,191.517832,191.670068,210.6236998,191.270079
352,0.176,0.17575,0.17625,0.105958432,0.116029209,patch_355,191.670068,191.822304,210.6236998,192.627409
353,0.1765,0.17625,0.176750001,0.097611426,0.106888865,patch_356,191.822304,191.97454,210.6236998,194.045089
354,0.177,0.176750001,0.177250002,0.088984043,0.097441496,patch_357,191.97454,192.126776,210.6236998,195.510389
355,0.1775,0.177250002,0.177749999,0.080201505,0.087824225,patch_358,192.126776,192.279011,210.6236998,197.002041
356,0.178,0.177749999,0.17825,0.071393296,0.078178844,patch_359,192.279011,192.431247,210.6236998,198.498053
357,0.1785,0.17825,0.17875,0.062688913,0.068647156,patch_360,192.431247,192.583483,210.6236998,199.976431
358,0.179,0.17875,0.179250001,0.054217833,0.059370946,patch_361,192.583483,192.735719,210.6236998,201.415184
359,0.1795,0.179250001,0.179750002,0.046109536,0.050491999,patch_362,192.735719,192.887955,210.6236998,202.792321
360,0.18,0.179750002,0.180249999,0.038493517,0.042152118,patch_363,192.887955,193.04019,210.6236998,204.085848
361,0.1805,0.180249999,0.18075,0.03149843,0.034492186,patch_364,193.04019,193.192426,210.6236998,205.273914
362,0.181,0.18075,0.18125,0.02520007,0.027595201,patch_365,193.192426,193.344662,210.6236998,206.343646
363,0.1815,0.18125,0.181750001,0.019590146,0.021452083,patch_366,193.344662,193.496898,210.6236998,207.296452
364,0.182,0.181750001,0.182250002,0.014652872,0.016045549,patch_367,193.496898,193.649134,210.6236998,208.135013
365,0.1825,0.182250002,0.182749999,0.010372447,0.011358292,patch_368,193.649134,193.801369,210.6236998,208.862013
366,0.183,0.182749999,0.18325,0.006733084,0.007373028,patch_369,193.801369,193.953605,210.6236998,209.480133
367,0.1835,0.18325,0.183750001,0.003719005,0.004072477,patch_370,193.953605,194.105841,210.6236998,209.992053
368,0.184,0.183750001,0.184250001,0.001314407,0.001439335,patch_371,194.105841,194.258077,210.6236998,210.400457
369,0.1845,0.184250001,0.184750002,-0.000496701,-0.00054391,patch_372,194.258077,194.410313,210.6236998,210.708061
370,0.185,0.184750002,0.185249999,-0.001745802,-0.001911732,patch_373,194.410313,194.562548,210.6236998,210.920212
371,0.1855,0.185249999,0.18575,-0.002489984,-0.002726644,patch_374,194.562548,194.714784,210.6236998,211.046606
372,0.186,0.18575,0.186250001,-0.00278876,-0.003053817,patch_375,194.714784,194.86702,210.6236998,211.097351
373,0.1865,0.186250001,0.186750001,-0.002701627,-0.002958402,patch_376,194.86702,195.019256,210.6236998,211.082552
374,0.187,0.186750001,0.187249999,-0.002288092,-0.002505562,patch_377,195.019256,195.171491,210.6236998,211.012316
375,0.1875,0.187249999,0.187749999,-0.001607657,-0.001760456,patch_378,195.171491,195.323727,210.6236998,210.896749
376,0.188,0.187749999,0.18825,-0.000719825,-0.000788241,patch_379,195.323727,195.475963,210.6236998,210.745957
377,0.1885,0.18825,0.188750001,0.00031635,0.000346417,patch_380,195.475963,195.628199,210.6236998,210.56997
378,0.189,0.188750001,0.189250001,0.00147853,0.001619056,patch_381,195.628199,195.780435,210.6236998,210.372582
379,0.1895,0.189250001,0.189749999,0.002807705,0.003074562,patch_382,195.780435,195.93267,210.6236998,210.146831
380,0.19,0.189749999,0.190249999,0.004351131,0.004764682,patch_383,195.93267,196.084906,210.6236998,209.884691
381,0.1905,0.190249999,0.19075,0.006156063,0.006741164,patch_384,196.084906,196.237142,210.6236998,209.578136
382,0.191,0.19075,0.191250001,0.008269769,0.009055766,patch_385,196.237142,196.389378,210.6236998,209.219138
383,0.1915,0.191250001,0.191750001,0.010739498,0.011760229,patch_386,196.389378,196.541614,210.6236998,208.799672
384,0.192,0.191750001,0.192249999,0.013612517,0.014906313,patch_387,196.541614,196.693849,210.6236998,208.31171
385,0.1925,0.192249999,0.192749999,0.016935069,0.018544656,patch_388,196.693849,196.846085,210.6236998,207.747398
386,0.193,0.192749999,0.19325,0.020659481,0.022623053,patch_389,196.846085,196.998321,210.6236998,207.114833
387,0.1935,0.19325,0.193750001,0.024569352,0.026904536,patch_390,196.998321,197.150557,210.6236998,206.450769
388,0.194,0.193750001,0.194250002,0.028430696,0.03113288,patch_391,197.150557,197.302793,210.6236998,205.794947
389,0.1945,0.194250002,0.194749999,0.032009514,0.035051846,patch_392,197.302793,197.455028,210.6236998,205.18711
390,0.195,0.194749999,0.19525,0.035071814,0.038405201,patch_393,197.455028,197.607264,210.6236998,204.667
391,0.1955,0.19525,0.19575,0.037383586,0.040936694,patch_394,197.607264,197.7595,210.6236998,204.274362
392,0.196,0.19575,0.196250001,0.038710859,0.042390117,patch_395,197.7595,197.911736,210.6236998,204.048934
393,0.1965,0.196250001,0.196750002,0.038821072,0.042510806,patch_396,197.911736,198.063972,210.6236998,204.030215
394,0.197,0.196750002,0.197249999,0.03763639,0.041213526,patch_397,198.063972,198.216207,210.6236998,204.231425
395,0.1975,0.197249999,0.19775,0.035368453,0.038730034,patch_398,198.216207,198.368443,210.6236998,204.616618
396,0.198,0.19775,0.19825,0.032260699,0.035326905,patch_399,198.368443,198.520679,210.6236998,205.144448
397,0.1985,0.19825,0.198750001,0.028556565,0.031270713,patch_400,198.520679,198.672915,210.6236998,205.773569
398,0.199,0.198750001,0.199250002,0.024499487,0.026828032,patch_401,198.672915,198.825151,210.6236998,206.462635
399,0.1995,0.199250002,0.199749999,0.020332897,0.022265429,patch_402,198.825151,198.977386,210.6236998,207.170301
400,0.2,0.199749999,0.20025,0.016300235,0.017849485,patch_403,198.977386,199.129622,210.6236998,207.85522
401,0.2005,0.20025,0.20075,0.012644216,0.013845981,patch_404,199.129622,199.281858,210.6236998,208.476169
402,0.201,0.20075,0.201250001,0.009519406,0.010424174,patch_405,199.281858,199.434094,210.6236998,209.006896
403,0.2015,0.201250001,0.201750002,0.006908482,0.007565096,patch_406,199.434094,199.58633,210.6236998,209.450343
404,0.202,0.201750002,0.202249999,0.004774245,0.005228011,patch_407,199.58633,199.738565,210.6236998,209.812828
405,0.2025,0.202249999,0.20275,0.003079521,0.003372212,patch_408,199.738565,199.890801,210.6236998,210.100665
406,0.203,0.20275,0.20325,0.001787121,0.001956977,patch_409,199.890801,200.043037,210.6236998,210.32017
407,0.2035,0.20325,0.203750001,0.000859864,0.000941589,patch_410,200.043037,200.195273,210.6236998,210.477658
408,0.204,0.203750001,0.204250002,0.000260557,0.000285322,patch_411,200.195273,200.347509,210.6236998,210.579446
409,0.2045,0.204250002,0.204749999,-0.000048057,-0.000052625,patch_412,200.347509,200.499744,210.6236998,210.631862
410,0.205,0.204749999,0.20525,-0.000115108,-0.000126048,patch_413,200.499744,200.65198,210.6236998,210.64325
411,0.2055,0.20525,0.205750001,-0.000013814,-0.000015127,patch_414,200.65198,200.804216,210.6236998,210.626046
412,0.206,0.205750001,0.206250001,0.000179677,0.000196754,patch_415,200.804216,200.956452,210.6236998,210.593183
413,0.2065,0.206250001,0.206750002,0.000389217,0.00042621,patch_416,200.956452,201.108688,210.6236998,210.557594
414,0.207,0.206750002,0.207249999,0.000538661,0.000589858,patch_417,201.108688,201.260923,210.6236998,210.532212
415,0.2075,0.207249999,0.20775,0.000551868,0.00060432,patch_418,201.260923,201.413159,210.6236998,210.529969
416,0.208,0.20775,0.208250001,0.000352689,0.000386211,patch_419,201.413159,201.565395,210.6236998,210.563798
417,0.2085,0.208250001,0.208750001,-0.000134531,-0.000147318,patch_420,201.565395,201.717631,210.6236998,210.646549
418,0.209,0.208750001,0.209249999,-0.000901016,-0.000986653,patch_421,201.717631,201.869866,210.6236998,210.776731
419,0.2095,0.209249999,0.209749999,-0.001759115,-0.001926309,patch_422,201.869866,202.022102,210.6236998,210.922473
420,0.21,0.209749999,0.21025,-0.002498374,-0.002735831,patch_423,202.022102,202.174338,210.6236998,211.048031
421,0.2105,0.21025,0.210750001,-0.002908324,-0.003184744,patch_424,202.174338,202.326574,210.6236998,211.117658
422,0.211,0.210750001,0.211250001,-0.002778509,-0.003042592,patch_425,202.326574,202.47881,210.6236998,211.09561
423,0.2115,0.211250001,0.211749999,-0.001898467,-0.002078906,patch_426,202.47881,202.631045,210.6236998,210.946141
424,0.212,0.211749999,0.212249999,-0.000057743,-0.000063231,patch_427,202.631045,202.783281,210.6236998,210.633507
425,0.2125,0.212249999,0.21275,0.002953298,0.003233993,patch_428,202.783281,202.935517,210.6236998,210.122103
426,0.213,0.21275,0.213250001,0.007176347,0.00785842,patch_429,202.935517,203.087753,210.6236998,209.404848
427,0.2135,0.213250001,0.213750001,0.012281935,0.013449266,patch_430,203.087753,203.239989,210.6236998,208.5377
428,0.214,0.213750001,0.214249999,0.017890917,0.019591352,patch_431,203.239989,203.392224,210.6236998,207.585054
429,0.2145,0.214249999,0.214749999,0.023624173,0.025869523,patch_432,203.392224,203.54446,210.6236998,206.611301
430,0.215,0.214749999,0.21525,0.029102546,0.031868586,patch_433,203.54446,203.696696,210.6236998,205.680838
431,0.2155,0.21525,0.215750001,0.033946916,0.037173387,patch_434,203.696696,203.848932,210.6236998,204.858056
432,0.216,0.215750001,0.216250002,0.037778138,0.041368747,patch_435,203.848932,204.001168,210.6236998,204.20735
433,0.2165,0.216250002,0.216749999,0.040217851,0.044040341,patch_436,204.001168,204.153403,210.6236998,203.792982
434,0.217,0.216749999,0.21725,0.041079536,0.044983924,patch_437,204.153403,204.305639,210.6236998,203.646631
435,0.2175,0.21725,0.21775,0.040618951,0.044479563,patch_438,204.305639,204.457875,210.6236998,203.724858
436,0.218,0.21775,0.218250001,0.039153921,0.04287529,patch_439,204.457875,204.610111,210.6236998,203.973683
437,0.2185,0.218250001,0.218750002,0.03700231,0.04051918,patch_440,204.610111,204.762347,210.6236998,204.339119
438,0.219,0.218750002,0.219249999,0.034481958,0.037759282,patch_441,204.762347,204.914582,210.6236998,204.767183
439,0.2195,0.219249999,0.21975,0.031910705,0.034943646,patch_442,204.914582,205.066818,210.6236998,205.203892
440,0.22,0.21975,0.22025,0.029606412,0.032420342,patch_443,205.066818,205.219054,210.6236998,205.59526
441,0.2205,0.22025,0.220750001,0.027886646,0.030537122,patch_444,205.219054,205.37129,210.6236998,205.88735
442,0.221,0.220750001,0.221250002,0.026989983,0.029555235,patch_445,205.37129,205.523526,210.6236998,206.039642
443,0.2215,0.221250002,0.221749999,0.026964871,0.029527737,patch_446,205.523526,205.675761,210.6236998,206.043907
444,0.222,0.221749999,0.22225,0.027831778,0.030477038,patch_447,205.675761,205.827997,210.6236998,205.896669
445,0.2225,0.22225,0.22275,0.029611163,0.032425545,patch_448,205.827997,205.980233,210.6236998,205.594453
446,0.223,0.22275,0.223250001,0.032323487,0.03539566,patch_449,205.980233,206.132469,210.6236998,205.133784
447,0.2235,0.223250001,0.223750002,0.035989209,0.039409789,patch_450,206.132469,206.284705,210.6236998,204.511187
448,0.224,0.223750002,0.224249999,0.040628801,0.04449035,patch_451,206.284705,206.43694,210.6236998,203.723185
449,0.2245,0.224249999,0.22475,0.046262512,0.050659515,patch_452,206.43694,206.589176,210.6236998,202.766339
450,0.225,0.22475,0.22525,0.052832047,0.057853448,patch_453,206.589176,206.741412,210.6236998,201.65055
451,0.2255,0.22525,0.225750001,0.060081898,0.065792359,patch_454,206.741412,206.893648,210.6236998,200.419214
452,0.226,0.225750001,0.226250002,0.06772609,0.07416309,patch_455,206.893648,207.045884,210.6236998,199.120902
453,0.2265,0.226250002,0.226749999,0.075478671,0.082652511,patch_456,207.045884,207.198119,210.6236998,197.804181
454,0.227,0.226749999,0.22725,0.083053675,0.090947479,patch_457,207.198119,207.350355,210.6236998,196.51762
455,0.2275,0.22725,0.227750001,0.090165152,0.098734863,patch_458,207.350355,207.502591,210.6236998,195.309786
456,0.228,0.227750001,0.228250001,0.096527112,0.105701493,patch_459,207.502591,207.654827,210.6236998,194.229252
457,0.2285,0.228250001,0.228750002,0.101853863,0.111534523,patch_460,207.654827,207.807063,210.6236998,193.324541
458,0.229,0.228750002,0.229249999,0.105981194,0.116054135,patch_461,207.807063,207.959298,210.6236998,192.623543
459,0.2295,0.229249999,0.22975,0.109063436,0.119429327,patch_462,207.959298,208.111534,210.6236998,192.100046
460,0.23,0.22975,0.230250001,0.111306443,0.121885521,patch_463,208.111534,208.26377,210.6236998,191.719087
461,0.2305,0.230250001,0.230750001,0.112916089,0.123648155,patch_464,208.26377,208.416006,210.6236998,191.4457
462,0.231,0.230750001,0.231249999,0.114098229,0.12494265,patch_465,208.416006,208.568241,210.6236998,191.244922
463,0.2315,0.231249999,0.231749999,0.115058728,0.12599444,patch_466,208.568241,208.720477,210.6236998,191.081788
464,0.232,0.231749999,0.23225,0.116003454,0.127028956,patch_467,208.720477,208.872713,210.6236998,190.921333
465,0.2325,0.23225,0.232750001,0.117138108,0.128271453,patch_468,208.872713,209.024949,210.6236998,190.72862
466,0.233,0.232750001,0.233250001,0.118575554,0.129845521,patch_469,209.024949,209.177185,210.6236998,190.48448
467,0.2335,0.233250001,0.233749999,0.120174337,0.131596259,patch_470,209.177185,209.32942,210.6236998,190.212938
468,0.234,0.233749999,0.234249999,0.121749934,0.133321608,patch_471,209.32942,209.481656,210.6236998,189.945334
469,0.2345,0.234249999,0.23475,0.123117815,0.134819499,patch_472,209.481656,209.633892,210.6236998,189.713009
470,0.235,0.23475,0.235250001,0.12409344,0.135887852,patch_473,209.633892,209.786128,210.6236998,189.547306
471,0.2355,0.235250001,0.235750001,0.124492285,0.136324605,patch_474,209.786128,209.938364,210.6236998,189.479565
472,0.236,0.235750001,0.236249999,0.124129815,0.135927684,patch_475,209.938364,210.090599,210.6236998,189.541128
473,0.2365,0.236249999,0.236749999,0.122821618,0.13449515,patch_476,210.090599,210.242835,210.6236998,189.763316
474,0.237,0.236749999,0.23725,0.120483193,0.13193447,patch_477,210.242835,210.395071,210.6236998,190.160481
475,0.2375,0.23725,0.237750001,0.117315878,0.12846612,patch_478,210.395071,210.547307,210.6236998,190.698427
476,0.238,0.237750001,0.238250001,0.113571707,0.124366085,patch_479,210.547307,210.699543,210.6236998,191.334348
477,0.2385,0.238250001,0.238749999,0.109502718,0.119910361,patch_480,210.699543,210.851778,210.6236998,192.025437
478,0.239,0.238749999,0.23925,0.105360944,0.115374934,patch_481,210.851778,211.004014,210.6236998,192.728888
479,0.2395,0.23925,0.23975,0.101398442,0.111035817,patch_482,211.004014,211.15625,210.6236998,193.401891
480,0.24,0.23975,0.240250001,0.097867262,0.107169017,patch_483,211.15625,211.308486,210.6236998,194.001637
481,0.2405,0.240250001,0.240750002,0.095019366,0.104050444,patch_484,211.308486,211.460722,210.6236998,194.485332
482,0.241,0.240750002,0.241249999,0.093006718,0.101846505,patch_485,211.460722,211.612957,210.6236998,194.827166
483,0.2415,0.241249999,0.24175,0.091682636,0.100396576,patch_486,211.612957,211.765193,210.6236998,195.052052
484,0.242,0.24175,0.24225,0.090844803,0.099479112,patch_487,211.765193,211.917429,210.6236998,195.194352
485,0.2425,0.24225,0.242750001,0.090291027,0.098872702,patch_488,211.917429,212.069665,210.6236998,195.288407
486,0.243,0.242750001,0.243250002,0.089819002,0.098355814,patch_489,212.069665,212.221901,210.6236998,195.368577
487,0.2435,0.243250002,0.243749999,0.089226514,0.097707013,patch_490,212.221901,212.374136,210.6236998,195.469207
488,0.244,0.243749999,0.24425,0.088311292,0.096704804,patch_491,212.374136,212.526372,210.6236998,195.624651
489,0.2445,0.24425,0.24475,0.086871114,0.095127745,patch_492,212.526372,212.678608,210.6236998,195.869255
490,0.245,0.24475,0.245250001,0.084783468,0.092841679,patch_493,212.678608,212.830844,210.6236998,196.223827
491,0.2455,0.245250001,0.245750002,0.082174669,0.089984928,patch_494,212.830844,212.98308,210.6236998,196.666913
492,0.246,0.245750002,0.246249999,0.079219445,0.086748826,patch_495,212.98308,213.135315,210.6236998,197.168837
493,0.2465,0.246249999,0.24675,0.076092514,0.083324697,patch_496,213.135315,213.287551,210.6236998,197.699924
494,0.247,0.24675,0.24725,0.072968616,0.07990389,patch_497,213.287551,213.439787,210.6236998,198.230496
495,0.2475,0.24725,0.247750001,0.070022477,0.076677735,patch_498,213.439787,213.592023,210.6236998,198.730877
496,0.248,0.247750001,0.248250002,0.067428827,0.073837574,patch_499,213.592023,213.744259,210.6236998,199.17139
497,0.2485,0.248250002,0.248749999,0.065362377,0.071574718,patch_500,213.744259,213.896494,210.6236998,199.522362
498,0.249,0.248749999,0.24925,0.063917748,0.069992785,patch_501,213.896494,214.04873,210.6236998,199.767722
499,0.2495,0.24925,0.249750001,0.062928199,0.068909184,patch_502,214.04873,214.200966,210.6236998,199.93579
500,0.25,0.249750001,0.250250001,0.062173743,0.068083022,patch_503,214.200966,214.353202,210.6236998,200.063929
501,0.2505,0.250250001,0.250750002,0.061434407,0.067273416,patch_504,214.353202,214.505438,210.6236998,200.1895
502,0.251,0.250750002,0.251249999,0.060490217,0.066239486,patch_505,214.505438,214.657673,210.6236998,200.349864
503,0.2515,0.251249999,0.25175,0.059121199,0.06474035,patch_506,214.657673,214.809909,210.6236998,200.582382
504,0.252,0.25175,0.252250001,0.057107362,0.062535108,patch_507,214.809909,214.962145,210.6236998,200.924418
505,0.2525,0.252250001,0.252750001,0.054228761,0.059382912,patch_508,214.962145,215.114381,210.6236998,201.413328
506,0.253,0.252750001,0.253249999,0.050370184,0.055157599,patch_509,215.114381,215.266616,210.6236998,202.06868
507,0.2535,0.253249999,0.253749999,0.045773973,0.050124542,patch_510,215.266616,215.418852,210.6236998,202.849314
508,0.254,0.253749999,0.25425,0.040758645,0.044632534,patch_511,215.418852,215.571088,210.6236998,203.701132
509,0.2545,0.25425,0.254750001,0.035642742,0.039030392,patch_512,215.571088,215.723324,210.6236998,204.570032
510,0.255,0.254750001,0.255250001,0.030744781,0.033666907,patch_513,215.723324,215.87556,210.6236998,205.401916
511,0.2555,0.255250001,0.255749999,0.026383299,0.028890889,patch_514,215.87556,216.027795,210.6236998,206.142683
512,0.256,0.255749999,0.256249999,0.022876824,0.025051142,patch_515,216.027795,216.180031,210.6236998,206.738233
513,0.2565,0.256249999,0.25675,0.020543874,0.022496458,patch_516,216.180031,216.332267,210.6236998,207.134468
514,0.257,0.25675,0.257250001,0.019585594,0.0214471,patch_517,216.332267,216.484503,210.6236998,207.297225
515,0.2575,0.257250001,0.257750001,0.019784243,0.021664628,patch_518,216.484503,216.636739,210.6236998,207.263486
516,0.258,0.257750001,0.258249999,0.020828666,0.022808319,patch_519,216.636739,216.788974,210.6236998,207.086098
517,0.2585,0.258249999,0.258749999,0.022407702,0.024537433,patch_520,216.788974,216.94121,210.6236998,206.81791
518,0.259,0.258749999,0.25925,0.024210191,0.026511239,patch_521,216.94121,217.093446,210.6236998,206.51177
519,0.2595,0.25925,0.259750001,0.025924975,0.028389004,patch_522,217.093446,217.245682,210.6236998,206.220526
520,0.26,0.259750001,0.260250001,0.027240903,0.029830004,patch_523,217.245682,217.397918,210.6236998,205.997025
521,0.2605,0.260250001,0.260749999,0.02784681,0.030493499,patch_524,217.397918,217.550153,210.6236998,205.894116
522,0.261,0.260749999,0.26125,0.02751717,0.030132528,patch_525,217.550153,217.702389,210.6236998,205.950103
523,0.2615,0.26125,0.26175,0.026346058,0.028850109,patch_526,217.702389,217.854625,210.6236998,206.149008
524,0.262,0.26175,0.262250001,0.024502131,0.026830926,patch_527,217.854625,218.006861,210.6236998,206.462186
525,0.2625,0.262250001,0.262750002,0.022154038,0.02425966,patch_528,218.006861,218.159097,210.6236998,206.860993
526,0.263,0.262750002,0.263249999,0.019470435,0.021320995,patch_529,218.159097,218.311332,210.6236998,207.316784
527,0.2635,0.263249999,0.26375,0.01661996,0.018199598,patch_530,218.311332,218.463568,210.6236998,207.800917
528,0.264,0.26375,0.26425,0.013771275,0.015080161,patch_531,218.463568,218.615804,210.6236998,208.284746
529,0.2645,0.26425,0.264750001,0.011093024,0.012147357,patch_532,218.615804,218.76804,210.6236998,208.739628
530,0.265,0.264750001,0.265250002,0.008721875,0.009550842,patch_533,218.76804,218.920276,210.6236998,209.142351
531,0.2655,0.265250002,0.265749999,0.006669585,0.007303493,patch_534,218.920276,219.072511,210.6236998,209.490918
532,0.266,0.265749999,0.26625,0.004917419,0.005384793,patch_535,219.072511,219.224747,210.6236998,209.788511
533,0.2665,0.26625,0.26675,0.00344666,0.003774246,patch_536,219.224747,219.376983,210.6236998,210.038309
534,0.267,0.26675,0.267250001,0.002238567,0.002451331,patch_537,219.376983,219.529219,210.6236998,210.243495
535,0.2675,0.267250001,0.267750002,0.001274417,0.001395544,patch_538,219.529219,219.681455,210.6236998,210.407249
536,0.268,0.267750002,0.268249999,0.000535488,0.000586383,patch_539,219.681455,219.83369,210.6236998,210.532751
537,0.2685,0.268249999,0.26875,0.000003049,0.000003338,patch_540,219.83369,219.985926,210.6236998,210.623182
538,0.269,0.26875,0.26925,-0.000343424,-0.000376065,patch_541,219.985926,220.138162,210.6236998,210.682028
539,0.2695,0.26925,0.269750001,-0.00053174,-0.000582278,patch_542,220.138162,220.290398,210.6236998,210.714012
540,0.27,0.269750001,0.270250002,-0.000591577,-0.000647803,patch_543,220.290398,220.442634,210.6236998,210.724175
541,0.2705,0.270250002,0.270749999,-0.000552629,-0.000605154,patch_544,220.442634,220.594869,210.6236998,210.71756
542,0.271,0.270749999,0.27125,-0.000444577,-0.000486831,patch_545,220.594869,220.747105,210.6236998,210.699208
543,0.2715,0.27125,0.271750001,-0.000297093,-0.00032533,patch_546,220.747105,220.899341,210.6236998,210.674159
544,0.272,0.271750001,0.272250001,-0.000139866,-0.000153159,patch_547,220.899341,221.051577,210.6236998,210.647455
545,0.2725,0.272250001,0.272750002,-0.00000258,-0.000002825,patch_548,221.051577,221.203813,210.6236998,210.624138
546,0.273,0.272750002,0.273249999,0.000090953,0.000099598,patch_549,221.203813,221.356048,210.6236998,210.608252
547,0.2735,0.273249999,0.27375,0.000141995,0.000155491,patch_550,221.356048,221.508284,210.6236998,210.599583
548,0.274,0.27375,0.274250001,0.000158486,0.00017355,patch_551,221.508284,221.66052,210.6236998,210.596782
549,0.2745,0.274250001,0.274750001,0.000148389,0.000162492,patch_552,221.66052,221.812756,210.6236998,210.598497
550,0.275,0.274750001,0.275249999,0.000119656,0.000131029,patch_553,221.812756,221.964991,210.6236998,210.603377
551,0.2755,0.275249999,0.275749999,0.000080238,0.000087864,patch_554,221.964991,222.117227,210.6236998,210.610072
552,0.276,0.275749999,0.27625,0.000038087,0.000041707,patch_555,222.117227,222.269463,210.6236998,210.617231
553,0.2765,0.27625,0.276750001,0.000001165,0.000001275,patch_556,222.269463,222.421699,210.6236998,210.623502
554,0.277,0.276750001,0.277250001,-0.000024088,-0.000026378,patch_557,222.421699,222.573935,210.6236998,210.627791
555,0.2775,0.277250001,0.277749999,-0.000037924,-0.000041529,patch_558,222.573935,222.72617,210.6236998,210.630141
556,0.278,0.277749999,0.278249999,-0.00004247,-0.000046506,patch_559,222.72617,222.878406,210.6236998,210.630913
557,0.2785,0.278249999,0.27875,-0.000039856,-0.000043644,patch_560,222.878406,223.030642,210.6236998,210.630469
558,0.279,0.27875,0.279250001,-0.000032219,-0.000035281,patch_561,223.030642,223.182878,210.6236998,210.629172
559,0.2795,0.279250001,0.279750001,-0.00002168,-0.000023741,patch_562,223.182878,223.335114,210.6236998,210.627382
560,0.28,0.279750001,0.280249999,-0.000010381,-0.000011368,patch_563,223.335114,223.487349,210.6236998,210.625463
561,0.2805,0.280249999,0.280749999,-0.000000443,-0.000000485,patch_564,223.487349,223.639585,210.6236998,210.623775
562,0.281,0.280749999,0.28125,0.000006381,0.000006988,patch_565,223.639585,223.791821,210.6236998,210.622616
563,0.2815,0.28125,0.281750001,0.000010138,0.000011101,patch_566,223.791821,223.944057,210.6236998,210.621978
564,0.282,0.281750001,0.282250001,0.000011403,0.000012487,patch_567,223.944057,224.096293,210.6236998,210.621763
565,0.2825,0.282250001,0.282749999,0.000010732,0.000011752,patch_568,224.096293,224.248528,210.6236998,210.621877
566,0.283,0.282749999,0.28325,0.000008707,0.000009534,patch_569,224.248528,224.400764,210.6236998,210.622221
567,0.2835,0.28325,0.28375,0.000005887,0.000006446,patch_570,224.400764,224.553,210.6236998,210.6227
568,0.284,0.28375,0.284250001,0.000002843,0.000003113,patch_571,224.553,224.705236,210.6236998,210.623217
569,0.2845,0.284250001,0.284750002,0.000000152,0.000000166,patch_572,224.705236,224.857472,210.6236998,210.623674
570,0.285,0.284750002,0.285249999,-0.00000172,-0.000001884,patch_573,224.857472,225.009707,210.6236998,210.623992
571,0.2855,0.285249999,0.28575,-0.000002774,-0.000003038,patch_574,225.009707,225.161943,210.6236998,210.624171
572,0.286,0.28575,0.28625,-0.000003157,-0.000003457,patch_575,225.161943,225.314179,210.6236998,210.624236
573,0.2865,0.28625,0.286750001,-0.00000301,-0.000003296,patch_576,225.314179,225.466415,210.6236998,210.624211
574,0.287,0.286750001,0.287250002,-0.00000248,-0.000002716,patch_577,225.466415,225.618651,210.6236998,210.624121
575,0.2875,0.287250002,0.287749999,-0.000001715,-0.000001877,patch_578,225.618651,225.770886,210.6236998,210.623991
576,0.288,0.287749999,0.28825,-0.000000861,-0.000000943,patch_579,225.770886,225.923122,210.6236998,210.623846
577,0.2885,0.28825,0.28875,-0.00000006,-0.000000066,patch_580,225.923122,226.075358,210.6236998,210.62371
578,0.289,0.28875,0.289250001,0.000000558,0.000000611,patch_581,226.075358,226.227594,210.6236998,210.623605
579,0.2895,0.289250001,0.289750002,0.000000982,0.000001075,patch_582,226.227594,226.37983,210.6236998,210.623533
580,0.29,0.289750002,0.290249999,0.000001212,0.000001327,patch_583,226.37983,226.532065,210.6236998,210.623494
581,0.2905,0.290249999,0.29075,0.000001276,0.000001398,patch_584,226.532065,226.684301,210.6236998,210.623483
582,0.291,0.29075,0.29125,0.000001176,0.000001288,patch_585,226.684301,226.836537,210.6236998,210.6235
583,0.2915,0.29125,0.291750001,0.000000929,0.000001017,patch_586,226.836537,226.988773,210.6236998,210.623542
584,0.292,0.291750001,0.292250002,0.000000552,0.000000605,patch_587,226.988773,227.141009,210.6236998,210.623606
585,0.2925,0.292250002,0.292749999,0.000000052,0.000000057,patch_588,227.141009,227.293244,210.6236998,210.623691
586,0.293,0.292749999,0.29325,-0.000000543,-0.000000594,patch_589,227.293244,227.44548,210.6236998,210.623792
587,0.2935,0.29325,0.293750001,-0.000001161,-0.000001271,patch_590,227.44548,227.597716,210.6236998,210.623897
588,0.294,0.293750001,0.294250001,-0.000001709,-0.000001871,patch_591,227.597716,227.749952,210.6236998,210.62399
589,0.2945,0.294250001,0.294750002,-0.000002091,-0.00000229,patch_592,227.749952,227.902188,210.6236998,210.624055
590,0.295,0.294750002,0.295249999,-0.000002227,-0.000002438,patch_593,227.902188,228.054423,210.6236998,210.624078
591,0.2955,0.295249999,0.29575,-0.000002009,-0.0000022,patch_594,228.054423,228.206659,210.6236998,210.624041
592,0.296,0.29575,0.296250001,-0.000001355,-0.000001484,patch_595,228.206659,228.358895,210.6236998,210.62393
593,0.2965,0.296250001,0.296750001,-0.000000172,-0.000000188,patch_596,228.358895,228.511131,210.6236998,210.623729
594,0.297,0.296750001,0.297249999,0.000001577,0.000001727,patch_597,228.511131,228.663366,210.6236998,210.623432
595,0.2975,0.297249999,0.297749999,0.000003626,0.00000397,patch_598,228.663366,228.815602,210.6236998,210.623084
596,0.298,0.297749999,0.29825,0.00000558,0.000006111,patch_599,228.815602,228.967838,210.6236998,210.622752
597,0.2985,0.29825,0.298750001,0.00000707,0.000007742,patch_600,228.967838,229.120074,210.6236998,210.622499
598,0.299,0.298750001,0.299250001,0.000007706,0.000008438,patch_601,229.120074,229.27231,210.6236998,210.622391
599,0.2995,0.299250001,0.299749999,0.000007111,0.000007787,patch_602,229.27231,229.424545,210.6236998,210.622492
600,0.3,0.299749999,0.300249999,0.000004903,0.000005369,patch_603,229.424545,229.576781,210.6236998,210.622867
601,0.3005,0.300249999,0.30075,0.000000694,0.00000076,patch_604,229.576781,229.729017,210.6236998,210.623582
602,0.301,0.30075,0.301250001,-0.000005689,-0.000006229,patch_605,229.729017,229.881253,210.6236998,210.624666
603,0.3015,0.301250001,0.301750001,-0.000013249,-0.000014508,patch_606,229.881253,230.033489,210.6236998,210.62595
604,0.302,0.301750001,0.302249999,-0.000020544,-0.000022496,patch_607,230.033489,230.185724,210.6236998,210.627189
605,0.3025,0.302249999,0.302749999,-0.000026143,-0.000028628,patch_608,230.185724,230.33796,210.6236998,210.62814
606,0.303,0.302749999,0.30325,-0.000028616,-0.000031336,patch_609,230.33796,230.490196,210.6236998,210.62856
607,0.3035,0.30325,0.303750001,-0.00002652,-0.00002904,patch_610,230.490196,230.642432,210.6236998,210.628204
608,0.304,0.303750001,0.304250001,-0.00001843,-0.000020182,patch_611,230.642432,230.794668,210.6236998,210.62683
609,0.3045,0.304250001,0.304749999,-0.000002898,-0.000003173,patch_612,230.794668,230.946903,210.6236998,210.624192
610,0.305,0.304749999,0.30525,0.000020789,0.000022764,patch_613,230.946903,231.099139,210.6236998,210.620169
611,0.3055,0.30525,0.30575,0.000048944,0.000053596,patch_614,231.099139,231.251375,210.6236998,210.615387
612,0.306,0.30575,0.306250001,0.000076228,0.000083473,patch_615,231.251375,231.403611,210.6236998,210.610753
613,0.3065,0.306250001,0.306750002,0.000097271,0.000106516,patch_616,231.403611,231.555847,210.6236998,210.607179
614,0.307,0.306750002,0.307249999,0.000106721,0.000116864,patch_617,231.555847,231.708082,210.6236998,210.605574
615,0.3075,0.307249999,0.30775,0.000099214,0.000108644,patch_618,231.708082,231.860318,210.6236998,210.606849
616,0.308,0.30775,0.30825,0.000069398,0.000075994,patch_619,231.860318,232.012554,210.6236998,210.611913
617,0.3085,0.30825,0.308750001,0.00001191,0.000013042,patch_620,232.012554,232.16479,210.6236998,210.621677
618,0.309,0.308750001,0.309250002,-0.000076077,-0.000083308,patch_621,232.16479,232.317026,210.6236998,210.636621
619,0.3095,0.309250002,0.309749999,-0.000181063,-0.000198272,patch_622,232.317026,232.469261,210.6236998,210.654452
620,0.31,0.309749999,0.31025,-0.000283074,-0.000309979,patch_623,232.469261,232.621497,210.6236998,210.671778
621,0.3105,0.31025,0.31075,-0.000362106,-0.000396523,patch_624,232.621497,232.773733,210.6236998,210.685201
622,0.311,0.31075,0.311250001,-0.000398169,-0.000436013,patch_625,232.773733,232.925969,210.6236998,210.691326
623,0.3115,0.311250001,0.311750002,-0.000371262,-0.000406548,patch_626,232.925969,233.078205,210.6236998,210.686756
624,0.312,0.311750002,0.312249999,-0.00026139,-0.000286233,patch_627,233.078205,233.23044,210.6236998,210.668095
625,0.3125,0.312249999,0.31275,-0.000048546,-0.00005316,patch_628,233.23044,233.382676,210.6236998,210.631945
626,0.313,0.31275,0.31325,0.000278309,0.000304761,patch_629,233.382676,233.534912,210.6236998,210.576431
627,0.3135,0.31325,0.313750001,0.000669729,0.000733384,patch_630,233.534912,233.687148,210.6236998,210.509951
628,0.314,0.313750001,0.314250002,0.001051152,0.001151059,patch_631,233.687148,233.839384,210.6236998,210.445169
629,0.3145,0.314250002,0.314749999,0.001347956,0.001476072,patch_632,233.839384,233.991619,210.6236998,210.394759
630,0.315,0.314749999,0.31525,0.001485507,0.001626696,patch_633,233.991619,234.143855,210.6236998,210.371397
631,0.3155,0.31525,0.315750001,0.001389171,0.001521204,patch_634,234.143855,234.296091,210.6236998,210.387759
632,0.316,0.315750001,0.316250001,0.00098432,0.001077874,patch_635,234.296091,234.448327,210.6236998,210.45652
633,0.3165,0.316250001,0.316750002,0.000196321,0.000214981,patch_636,234.448327,234.600563,210.6236998,210.590356
634,0.317,0.316750002,0.317249999,-0.001017865,-0.001114608,patch_637,234.600563,234.752798,210.6236998,210.796577
635,0.3175,0.317249999,0.31775,-0.00247709,-0.002712524,patch_638,234.752798,234.905034,210.6236998,211.044416
636,0.318,0.31775,0.318250001,-0.003903207,-0.004274186,patch_639,234.905034,235.05727,210.6236998,211.286632
637,0.3185,0.318250001,0.318750001,-0.005017702,-0.005494607,patch_640,235.05727,235.209506,210.6236998,211.475921
638,0.319,0.318750001,0.319249999,-0.005542039,-0.00606878,patch_641,235.209506,235.361741,210.6236998,211.564976
639,0.3195,0.319249999,0.319749999,-0.005197692,-0.005691704,patch_642,235.361741,235.513977,210.6236998,211.506491
640,0.32,0.319749999,0.32025,-0.003706137,-0.004058385,patch_643,235.513977,235.666213,210.6236998,211.253161
641,0.3205,0.32025,0.320750001,-0.000788848,-0.000863823,patch_644,235.666213,235.818449,210.6236998,210.75768
642,0.321,0.320750001,0.321250001,0.003777883,0.004136951,patch_645,235.818449,235.970685,210.6236998,209.982053
643,0.3215,0.321250001,0.321749999,0.009809539,0.010741882,patch_646,235.970685,236.12292,210.6236998,208.957619
644,0.322,0.321749999,0.322249999,0.016937359,0.018547164,patch_647,236.12292,236.275156,210.6236998,207.747009
645,0.3225,0.322249999,0.32275,0.02479171,0.027148029,patch_648,236.275156,236.427392,210.6236998,206.413003
646,0.323,0.32275,0.323250001,0.03300295,0.036139702,patch_649,236.427392,236.579628,210.6236998,205.018382
647,0.3235,0.323250001,0.323750001,0.041201431,0.045117404,patch_650,236.579628,236.731864,210.6236998,203.625928
648,0.324,0.323750001,0.324249999,0.049017523,0.053676374,patch_651,236.731864,236.884099,210.6236998,202.29842
649,0.3245,0.324249999,0.324749999,0.056081579,0.06141183,patch_652,236.884099,237.036335,210.6236998,201.09864
650,0.325,0.324749999,0.32525,0.062081493,0.067982004,patch_653,237.036335,237.188571,210.6236998,200.079597
651,0.3255,0.32525,0.325750001,0.067155021,0.073537744,patch_654,237.188571,237.340807,210.6236998,199.217894
652,0.326,0.325750001,0.326250001,0.071651629,0.07846173,patch_655,237.340807,237.493043,210.6236998,198.454177
653,0.3265,0.326250001,0.326749999,0.07592198,0.083137955,patch_656,237.493043,237.645278,210.6236998,197.728888
654,0.327,0.326749999,0.32725,0.080316782,0.087950459,patch_657,237.645278,237.797514,210.6236998,196.982462
655,0.3275,0.32725,0.32775,0.085186693,0.093283229,patch_658,237.797514,237.94975,210.6236998,196.155342
656,0.328,0.32775,0.328250001,0.09088242,0.099520304,patch_659,237.94975,238.101986,210.6236998,195.187963
657,0.3285,0.328250001,0.328750002,0.097754634,0.107045685,patch_660,238.101986,238.254222,210.6236998,194.020766
658,0.329,0.328750002,0.329249999,0.1060893,0.116172516,patch_661,238.254222,238.406457,210.6236998,192.605182
659,0.3295,0.329249999,0.32975,0.115640919,0.126631964,patch_662,238.406457,238.558693,210.6236998,190.982907
660,0.33,0.32975,0.33025,0.125903189,0.137869608,patch_663,238.558693,238.710929,210.6236998,189.239933
661,0.3305,0.33025,0.330750001,0.136368063,0.149329112,patch_664,238.710929,238.863165,210.6236998,187.462548
662,0.331,0.330750001,0.331250002,0.146527438,0.160454081,patch_665,238.863165,239.015401,210.6236998,185.73705
663,0.3315,0.331250002,0.331749999,0.155873237,0.170688148,patch_666,239.015401,239.167636,210.6236998,184.149732
664,0.332,0.331749999,0.33225,0.16389741,0.179474975,patch_667,239.167636,239.319872,210.6236998,182.786883
665,0.3325,0.33225,0.33275,0.17009188,0.186258196,patch_668,239.319872,239.472108,210.6236998,181.734796
666,0.333,0.33275,0.333250001,0.174007475,0.190545947,patch_669,239.472108,239.624344,210.6236998,181.06976
667,0.3335,0.333250001,0.333750002,0.175703571,0.192403248,patch_670,239.624344,239.77658,210.6236998,180.78169
668,0.334,0.333750002,0.334249999,0.175499559,0.192179846,patch_671,239.77658,239.928815,210.6236998,180.81634
669,0.3345,0.334249999,0.33475,0.173716947,0.190227806,patch_672,239.928815,240.081051,210.6236998,181.119104
670,0.335,0.33475,0.33525,0.170677215,0.186899164,patch_673,240.081051,240.233287,210.6236998,181.635381
671,0.3355,0.33525,0.335750001,0.166701866,0.182545979,patch_674,240.233287,240.385523,210.6236998,182.310566
672,0.336,0.335750001,0.336250002,0.162112414,0.177520324,patch_675,240.385523,240.537759,210.6236998,183.090052
673,0.3365,0.336250002,0.336749999,0.157230344,0.172174241,patch_676,240.537759,240.689994,210.6236998,183.919237
674,0.337,0.336749999,0.33725,0.152368617,0.166850432,patch_677,240.689994,240.84223,210.6236998,184.744967
675,0.3375,0.33725,0.337750001,0.147762773,0.161806828,patch_678,240.84223,240.994466,210.6236998,185.527237
676,0.338,0.337750001,0.338250001,0.143607093,0.157256172,patch_679,240.994466,241.146702,210.6236998,186.23305
677,0.3385,0.338250001,0.338750002,0.140095501,0.153410823,patch_680,241.146702,241.298938,210.6236998,186.829469
678,0.339,0.338750002,0.339249999,0.137421843,0.150483048,patch_681,241.298938,241.451173,210.6236998,187.283571
679,0.3395,0.339249999,0.33975,0.135780049,0.148685211,patch_682,241.451173,241.603409,210.6236998,187.562418
680,0.34,0.33975,0.340250001,0.135364024,0.148229644,patch_683,241.603409,241.755645,210.6236998,187.633077
681,0.3405,0.340250001,0.340750001,0.136367604,0.149328609,patch_684,241.755645,241.907881,210.6236998,187.462626
682,0.341,0.340750001,0.341249999,0.138948618,0.152154935,patch_685,241.907881,242.060116,210.6236998,187.024259
683,0.3415,0.341249999,0.341749999,0.142919463,0.156503188,patch_686,242.060116,242.212352,210.6236998,186.349839
684,0.342,0.341749999,0.34225,0.147900878,0.161958058,patch_687,242.212352,242.364588,210.6236998,185.503781
685,0.3425,0.34225,0.342750001,0.153511597,0.168102046,patch_688,242.364588,242.516824,210.6236998,184.55084
686,0.343,0.342750001,0.343250001,0.159370316,0.174517605,patch_689,242.516824,242.66906,210.6236998,183.555778
687,0.3435,0.343250001,0.343749999,0.165095747,0.180787207,patch_690,242.66906,242.821295,210.6236998,182.583354
688,0.344,0.343749999,0.344249999,0.170306532,0.186493249,patch_691,242.821295,242.973531,210.6236998,181.698339
689,0.3445,0.344249999,0.34475,0.174621401,0.191218223,patch_692,242.973531,243.125767,210.6236998,180.965489
690,0.345,0.34475,0.345250001,0.177700504,0.194589979,patch_693,243.125767,243.278003,210.6236998,180.442525
691,0.3455,0.345250001,0.345750001,0.179620561,0.196692526,patch_694,243.278003,243.430239,210.6236998,180.116417
692,0.346,0.345750001,0.346249999,0.180699334,0.197873831,patch_695,243.430239,243.582474,210.6236998,179.933195
693,0.3465,0.346249999,0.346749999,0.181257349,0.198484883,patch_696,243.582474,243.73471,210.6236998,179.83842
694,0.347,0.346749999,0.34725,0.181615321,0.198876878,patch_697,243.73471,243.886946,210.6236998,179.777621
695,0.3475,0.34725,0.347750001,0.182093828,0.199400864,patch_698,243.886946,244.039182,210.6236998,179.69635
696,0.348,0.347750001,0.348250001,0.183013525,0.200407973,patch_699,244.039182,244.191418,210.6236998,179.540146
697,0.3485,0.348250001,0.348749999,0.18469502,0.202249285,patch_700,244.191418,244.343653,210.6236998,179.254556
698,0.349,0.348749999,0.34925,0.187416552,0.205229484,patch_701,244.343653,244.495889,210.6236998,178.792323
699,0.3495,0.34925,0.34975,0.191006839,0.209161009,patch_702,244.495889,244.648125,210.6236998,178.182538
700,0.35,0.34975,0.350250001,0.195023951,0.213559926,patch_703,244.648125,244.800361,210.6236998,177.50026
701,0.3505,0.350250001,0.350750002,0.199022245,0.217938236,patch_704,244.800361,244.952597,210.6236998,176.821178
702,0.351,0.350750002,0.351249999,0.202556039,0.221807899,patch_705,244.952597,245.104832,210.6236998,176.220988
703,0.3515,0.351249999,0.35175,0.205179646,0.224680865,patch_706,245.104832,245.257068,210.6236998,175.775387
704,0.352,0.35175,0.35225,0.206447435,0.22606915,patch_707,245.257068,245.409304,210.6236998,175.560062
705,0.3525,0.35225,0.352750001,0.205913736,0.225484726,patch_708,245.409304,245.56154,210.6236998,175.650707
706,0.353,0.352750001,0.353250002,0.20317779,0.222488744,patch_709,245.56154,245.713776,210.6236998,176.115388
707,0.3535,0.353250002,0.353749999,0.198341487,0.217192775,patch_710,245.713776,245.866011,210.6236998,176.9368
708,0.354,0.353749999,0.35425,0.191821798,0.210053426,patch_711,245.866011,246.018247,210.6236998,178.044123
709,0.3545,0.35425,0.35475,0.184040515,0.201532573,patch_712,246.018247,246.170483,210.6236998,179.365719
710,0.355,0.35475,0.355250001,0.17541952,0.1920922,patch_713,246.170483,246.322719,210.6236998,180.829934
711,0.3555,0.355250001,0.355750002,0.166380598,0.182194177,patch_714,246.322719,246.474955,210.6236998,182.365131
712,0.356,0.355750002,0.356249999,0.157345604,0.172300455,patch_715,246.474955,246.62719,210.6236998,183.899661
713,0.3565,0.356249999,0.35675,0.148736308,0.162872892,patch_716,246.62719,246.779426,210.6236998,185.361889
714,0.357,0.35675,0.35725,0.140946641,0.154342859,patch_717,246.779426,246.931662,210.6236998,186.684909
715,0.3575,0.35725,0.357750001,0.134040054,0.146779838,patch_718,246.931662,247.083898,210.6236998,187.857944
716,0.358,0.357750001,0.358250002,0.127864477,0.140017306,patch_719,247.083898,247.236134,210.6236998,188.906822
717,0.3585,0.358250002,0.358749999,0.122264109,0.133884653,patch_720,247.236134,247.388369,210.6236998,189.858005
718,0.359,0.358749999,0.35925,0.117083122,0.128211241,patch_721,247.388369,247.540605,210.6236998,190.737959
719,0.3595,0.35925,0.359750001,0.112165696,0.122826441,patch_722,247.540605,247.692841,210.6236998,191.573149
720,0.36,0.359750001,0.360250001,0.107356041,0.117559653,patch_723,247.692841,247.845077,210.6236998,192.390035
721,0.3605,0.360250001,0.360750002,0.102498353,0.112240268,patch_724,247.845077,247.997313,210.6236998,193.215079
722,0.361,0.360750002,0.361249999,0.097449311,0.106711343,patch_725,247.997313,248.149548,210.6236998,194.072623
723,0.3615,0.361249999,0.36175,0.092221487,0.100986642,patch_726,248.149548,248.301784,210.6236998,194.960532
724,0.362,0.36175,0.362250001,0.086933419,0.095195971,patch_727,248.301784,248.45402,210.6236998,195.858673
725,0.3625,0.362250001,0.362750001,0.081705589,0.089471264,patch_728,248.45402,248.606256,210.6236998,196.746583
726,0.363,0.362750001,0.363249999,0.076658555,0.083944537,patch_729,248.606256,248.758491,210.6236998,197.603786
727,0.3635,0.363249999,0.363749999,0.0719128,0.078747723,patch_730,248.758491,248.910727,210.6236998,198.409819
728,0.364,0.363749999,0.36425,0.067588887,0.074012846,patch_731,248.910727,249.062963,210.6236998,199.144205
729,0.3645,0.36425,0.364750001,0.063807317,0.069871858,patch_732,249.062963,249.215199,210.6236998,199.786478
730,0.365,0.364750001,0.365250001,0.060674652,0.06644145,patch_733,249.215199,249.367435,210.6236998,200.318539
731,0.3655,0.365250001,0.365749999,0.05811312,0.063636459,patch_734,249.367435,249.51967,210.6236998,200.753597
732,0.366,0.365749999,0.366249999,0.055914636,0.061229021,patch_735,249.51967,249.671906,210.6236998,201.126994
733,0.3665,0.366249999,0.36675,0.05386834,0.058988235,patch_736,249.671906,249.824142,210.6236998,201.474543
734,0.367,0.36675,0.367250001,0.051763407,0.056683239,patch_737,249.824142,249.976378,210.6236998,201.832051
735,0.3675,0.367250001,0.367750001,0.049388989,0.054083146,patch_738,249.976378,250.128614,210.6236998,202.235329
736,0.368,0.367750001,0.368249999,0.04653424,0.050957069,patch_739,250.128614,250.280849,210.6236998,202.720188
737,0.3685,0.368249999,0.368749999,0.042988311,0.047074118,patch_740,250.280849,250.433085,210.6236998,203.322439
738,0.369,0.368749999,0.36925,0.038559978,0.042224896,patch_741,250.433085,250.585321,210.6236998,204.07456
739,0.3695,0.36925,0.369750001,0.033332013,0.036500041,patch_742,250.585321,250.737557,210.6236998,204.962493
740,0.37,0.369750001,0.370250001,0.027588824,0.030210993,patch_743,250.737557,250.889793,210.6236998,205.937933
741,0.3705,0.370250001,0.370749999,0.021619468,0.023674282,patch_744,250.889793,251.042028,210.6236998,206.951786
742,0.371,0.370749999,0.37125,0.015713016,0.017206454,patch_745,251.042028,251.194264,210.6236998,207.954955
743,0.3715,0.37125,0.37175,0.010158537,0.011124052,patch_746,251.194264,251.3465,210.6236998,208.898344
744,0.372,0.37175,0.372250001,0.005245086,0.005743603,patch_747,251.3465,251.498736,210.6236998,209.732859
745,0.3725,0.372250001,0.372750002,0.001261741,0.001381663,patch_748,251.498736,251.650972,210.6236998,210.409402
746,0.373,0.372750002,0.373249999,-0.001521236,-0.001665821,patch_749,251.650972,251.803207,210.6236998,210.882071
747,0.3735,0.373249999,0.37375,-0.003112294,-0.003408101,patch_750,251.803207,251.955443,210.6236998,211.152301
748,0.374,0.37375,0.37425,-0.003733215,-0.004088037,patch_751,251.955443,252.107679,210.6236998,211.25776
749,0.3745,0.37425,0.374750001,-0.003611191,-0.003954415,patch_752,252.107679,252.259915,210.6236998,211.237035
750,0.375,0.374750001,0.375250002,-0.002973425,-0.003256033,patch_753,252.259915,252.412151,210.6236998,211.128715
751,0.3755,0.375250002,0.375749999,-0.002047104,-0.002241671,patch_754,252.412151,252.564386,210.6236998,210.971386
752,0.376,0.375749999,0.37625,-0.001059439,-0.001160133,patch_755,252.564386,252.716622,210.6236998,210.803638
753,0.3765,0.37625,0.37675,-0.000237621,-0.000260205,patch_756,252.716622,252.868858,210.6236998,210.664058
754,0.377,0.37675,0.377250001,0.000203457,0.000222795,patch_757,252.868858,253.021094,210.6236998,210.589144
755,0.3775,0.377250001,0.377750002,0.000242558,0.000265612,patch_758,253.021094,253.17333,210.6236998,210.582503
756,0.378,0.377750002,0.378249999,0.000012658,0.000013861,patch_759,253.17333,253.325565,210.6236998,210.62155
757,0.3785,0.378249999,0.37875,-0.000349006,-0.000382177,patch_760,253.325565,253.477801,210.6236998,210.682976
758,0.379,0.37875,0.37925,-0.000705182,-0.000772206,patch_761,253.477801,253.630037,210.6236998,210.74347
759,0.3795,0.37925,0.379750001,-0.000918626,-0.001005937,patch_762,253.630037,253.782273,210.6236998,210.779722
760,0.38,0.379750001,0.380250002,-0.0008521,-0.000933088,patch_763,253.782273,253.934509,210.6236998,210.768423
761,0.3805,0.380250002,0.380749999,-0.000368347,-0.000403357,patch_764,253.934509,254.086744,210.6236998,210.686261
762,0.381,0.380749999,0.38125,0.000663176,0.000726208,patch_765,254.086744,254.23898,210.6236998,210.511064
763,0.3815,0.38125,0.381750001,0.002261005,0.002475902,patch_766,254.23898,254.391216,210.6236998,210.239684
764,0.382,0.381750001,0.382250001,0.004350889,0.004764418,patch_767,254.391216,254.543452,210.6236998,209.884732
765,0.3825,0.382250001,0.382750002,0.006855774,0.007507379,patch_768,254.543452,254.695688,210.6236998,209.459295
766,0.383,0.382750002,0.383249999,0.009698618,0.01062042,patch_769,254.695688,254.847923,210.6236998,208.976458
767,0.3835,0.383249999,0.38375,0.012802363,0.014019158,patch_770,254.847923,255.000159,210.6236998,208.449309
768,0.384,0.38375,0.384250001,0.016089959,0.017619223,patch_771,255.000159,255.152395,210.6236998,207.890934
769,0.3845,0.384250001,0.384750001,0.019484366,0.021336249,patch_772,255.152395,255.304631,210.6236998,207.314418
770,0.385,0.384750001,0.385249999,0.022914246,0.025092122,patch_773,255.304631,255.456866,210.6236998,206.731877
771,0.3855,0.385249999,0.385749999,0.0264103,0.028920457,patch_774,255.456866,255.609102,210.6236998,206.138097
772,0.386,0.385749999,0.38625,0.030091113,0.03295111,patch_775,255.609102,255.761338,210.6236998,205.512937
773,0.3865,0.38625,0.386750001,0.034078126,0.037317068,patch_776,255.761338,255.913574,210.6236998,204.835771
774,0.387,0.386750001,0.387250001,0.03849281,0.042151344,patch_777,255.913574,256.06581,210.6236998,204.085968
775,0.3875,0.387250001,0.387749999,0.043456608,0.047586925,patch_778,256.06581,256.218045,210.6236998,203.242902
776,0.388,0.387749999,0.388249999,0.049090985,0.053756818,patch_779,256.218045,256.370281,210.6236998,202.285943
777,0.3885,0.388249999,0.38875,0.055517399,0.060794028,patch_780,256.370281,256.522517,210.6236998,201.194462
778,0.389,0.38875,0.389250001,0.062846776,0.068820023,patch_781,256.522517,256.674753,210.6236998,199.949619
779,0.3895,0.389250001,0.389750001,0.070990082,0.077737307,patch_782,256.674753,256.826989,210.6236998,198.566536
780,0.39,0.389750001,0.390249999,0.079679046,0.087252109,patch_783,256.826989,256.979224,210.6236998,197.090777
781,0.3905,0.390249999,0.390749999,0.088639106,0.097063776,patch_784,256.979224,257.13146,210.6236998,195.568974
782,0.391,0.390749999,0.39125,0.09759567,0.106871612,patch_785,257.13146,257.283696,210.6236998,194.047765
783,0.3915,0.39125,0.391750001,0.106274135,0.116374919,patch_786,257.283696,257.435932,210.6236998,192.573789
784,0.392,0.391750001,0.392250001,0.114399913,0.125273008,patch_787,257.435932,257.588168,210.6236998,191.193683
785,0.3925,0.392250001,0.392749999,0.121698451,0.133265232,patch_788,257.588168,257.740403,210.6236998,189.954078
786,0.393,0.392749999,0.39325,0.127902966,0.140059453,patch_789,257.740403,257.892639,210.6236998,188.900285
787,0.3935,0.39325,0.39375,0.132905688,0.145537657,patch_790,257.892639,258.044875,210.6236998,188.050608
788,0.394,0.39375,0.394250001,0.136747013,0.14974408,patch_791,258.044875,258.197111,210.6236998,187.398186
789,0.3945,0.394250001,0.394750002,0.139472973,0.152729127,patch_792,258.197111,258.349347,210.6236998,186.935201
790,0.395,0.394750002,0.395249999,0.141129657,0.154543269,patch_793,258.349347,258.501582,210.6236998,186.653825
791,0.3955,0.395249999,0.39575,0.141763042,0.155236855,patch_794,258.501582,258.653818,210.6236998,186.546249
792,0.396,0.39575,0.39625,0.14141923,0.154860365,patch_795,258.653818,258.806054,210.6236998,186.604643
793,0.3965,0.39625,0.396750001,0.140144258,0.153464214,patch_796,258.806054,258.95829,210.6236998,186.821188
794,0.397,0.396750001,0.397250002,0.137981695,0.151096111,patch_797,258.95829,259.110526,210.6236998,187.188484
795,0.3975,0.397250002,0.397749999,0.134922204,0.147745832,patch_798,259.110526,259.262761,210.6236998,187.708117
796,0.398,0.397749999,0.39825,0.130904969,0.14334678,patch_799,259.262761,259.414997,210.6236998,188.390416
797,0.3985,0.39825,0.39875,0.125867173,0.137830169,patch_800,259.414997,259.567233,210.6236998,189.24605
798,0.399,0.39875,0.399250001,0.1197459,0.131127102,patch_801,259.567233,259.719469,210.6236998,190.285705
799,0.3995,0.399250001,0.399750002,0.112478314,0.123168772,patch_802,259.719469,259.871705,210.6236998,191.520053
800,0.4,0.399750002,0.400249999,0.104001535,0.113886321,patch_803,259.871705,260.02394,210.6236998,192.959774
801,0.4005,0.400249999,0.40075,0.094252711,0.103210923,patch_804,260.02394,260.176176,210.6236998,194.615543
802,0.401,0.40075,0.40125,0.083180693,0.091086569,patch_805,260.176176,260.328412,210.6236998,196.496047
803,0.4015,0.40125,0.401750001,0.071008529,0.077757507,patch_806,260.328412,260.480648,210.6236998,198.563403
804,0.402,0.401750001,0.402250002,0.058235528,0.0637705,patch_807,260.480648,260.632884,210.6236998,200.732807
805,0.4025,0.402250002,0.402749999,0.045373185,0.049685661,patch_808,260.632884,260.785119,210.6236998,202.917385
806,0.403,0.402749999,0.40325,0.032932997,0.036063101,patch_809,260.785119,260.937355,210.6236998,205.030263
807,0.4035,0.40325,0.403750001,0.021426472,0.023462942,patch_810,260.937355,261.089591,210.6236998,206.984565
808,0.404,0.403750001,0.404250001,0.011365093,0.012445284,patch_811,261.089591,261.241827,210.6236998,208.693419
809,0.4045,0.404250001,0.404750002,0.00326037,0.003570251,patch_812,261.241827,261.394063,210.6236998,210.069949
810,0.405,0.404750002,0.405249999,-0.002395055,-0.002622692,patch_813,261.394063,261.546298,210.6236998,211.030483
811,0.4055,0.405249999,0.40575,-0.005581346,-0.006111823,patch_814,261.546298,261.698534,210.6236998,211.571652
812,0.406,0.40575,0.406250001,-0.006774242,-0.007418098,patch_815,261.698534,261.85077,210.6236998,211.774257
813,0.4065,0.406250001,0.406750001,-0.006472905,-0.00708812,patch_816,261.85077,262.003006,210.6236998,211.723077
814,0.407,0.406750001,0.407249999,-0.005176496,-0.005668494,patch_817,262.003006,262.155241,210.6236998,211.502891
815,0.4075,0.407249999,0.407749999,-0.003384163,-0.00370581,patch_818,262.155241,262.307477,210.6236998,211.198476
816,0.408,0.407749999,0.40825,-0.001595075,-0.001746678,patch_819,262.307477,262.459713,210.6236998,210.894612
817,0.4085,0.40825,0.408750001,-0.000308386,-0.000337697,patch_820,262.459713,262.611949,210.6236998,210.676077
818,0.409,0.408750001,0.409250001,-0.000007155,-0.000007835,patch_821,262.611949,262.764185,210.6236998,210.624915
819,0.4095,0.409250001,0.409749999,-0.00073959,-0.000809884,patch_822,262.764185,262.91642,210.6236998,210.749314
820,0.41,0.409749999,0.410249999,-0.002079852,-0.002277531,patch_823,262.91642,263.068656,210.6236998,210.976948
821,0.4105,0.410249999,0.41075,-0.003578154,-0.003918238,patch_824,263.068656,263.220892,210.6236998,211.231424
822,0.411,0.41075,0.411250001,-0.004784704,-0.005239465,patch_825,263.220892,263.373128,210.6236998,211.436348
823,0.4115,0.411250001,0.411750001,-0.00524971,-0.005748667,patch_826,263.373128,263.525364,210.6236998,211.515326
824,0.412,0.411750001,0.412249999,-0.00452338,-0.004953303,patch_827,263.525364,263.677599,210.6236998,211.391964
825,0.4125,0.412249999,0.412749999,-0.002155928,-0.002360838,patch_828,263.677599,263.829835,210.6236998,210.989869
826,0.413,0.412749999,0.41325,0.002289932,0.002507578,patch_829,263.829835,263.982071,210.6236998,210.234771
827,0.4135,0.41325,0.413750001,0.008886527,0.009731143,patch_830,263.982071,264.134307,210.6236998,209.114386
828,0.414,0.413750001,0.414250001,0.017292458,0.018936013,patch_831,264.134307,264.286543,210.6236998,207.686698
829,0.4145,0.414250001,0.414749999,0.027143972,0.02972386,patch_832,264.286543,264.438778,210.6236998,206.013488
830,0.415,0.414749999,0.41525,0.038077326,0.041696371,patch_833,264.438778,264.591014,210.6236998,204.156535
831,0.4155,0.41525,0.41575,0.049728786,0.054455239,patch_834,264.591014,264.74325,210.6236998,202.177617
832,0.416,0.41575,0.416250001,0.061734602,0.067602143,patch_835,264.74325,264.895486,210.6236998,200.138514
833,0.4165,0.416250001,0.416750002,0.07373105,0.080738789,patch_836,264.895486,265.047722,210.6236998,198.101002
834,0.417,0.416750002,0.417249999,0.085364257,0.093477669,patch_837,265.047722,265.199957,210.6236998,196.125184
835,0.4175,0.417249999,0.41775,0.096592802,0.105773427,patch_838,265.199957,265.352193,210.6236998,194.218095
836,0.418,0.41775,0.41825,0.107743658,0.117984111,patch_839,265.352193,265.504429,210.6236998,192.324201
837,0.4185,0.41825,0.418750001,0.119164963,0.13049095,patch_840,265.504429,265.656665,210.6236998,190.384373
838,0.419,0.418750001,0.419250002,0.131204899,0.143675217,patch_841,265.656665,265.808901,210.6236998,188.339475
839,0.4195,0.419250002,0.419749999,0.144211616,0.157918152,patch_842,265.808901,265.961136,210.6236998,186.130376
840,0.42,0.419749999,0.42025,0.158533289,0.173601023,patch_843,265.961136,266.113372,210.6236998,183.697941
841,0.4205,0.42025,0.42075,0.174518034,0.191105032,patch_844,266.113372,266.265608,210.6236998,180.983045
842,0.421,0.42075,0.421250001,0.19249956,0.210795605,patch_845,266.265608,266.417844,210.6236998,177.92901
843,0.4215,0.421250001,0.421750002,0.212314591,0.232493948,patch_846,266.417844,266.57008,210.6236998,174.563567
844,0.422,0.421750002,0.422249999,0.233190373,0.25535386,patch_847,266.57008,266.722315,210.6236998,171.017963
845,0.4225,0.422249999,0.42275,0.254316863,0.278488309,patch_848,266.722315,266.874551,210.6236998,167.429778
846,0.423,0.42275,0.42325,0.274883983,0.301010223,patch_849,266.874551,267.026787,210.6236998,163.936598
847,0.4235,0.42325,0.423750001,0.294081626,0.322032498,patch_850,267.026787,267.179023,210.6236998,160.676014
848,0.424,0.423750001,0.424250002,0.311099767,0.340668122,patch_851,267.179023,267.331259,210.6236998,157.785603
849,0.4245,0.424250002,0.424749999,0.325128375,0.356030074,patch_852,267.331259,267.483494,210.6236998,155.402943
850,0.425,0.424749999,0.42525,0.335379388,0.36725539,patch_853,267.483494,267.63573,210.6236998,153.661881
851,0.4255,0.42525,0.425750001,0.34188902,0.374383727,patch_854,267.63573,267.787966,210.6236998,152.556266
852,0.426,0.425750001,0.426250001,0.345745294,0.37860652,patch_855,267.787966,267.940202,210.6236998,151.901305
853,0.4265,0.426250001,0.426750002,0.348104474,0.381189927,patch_856,267.940202,268.092438,210.6236998,151.500615
854,0.427,0.426750002,0.427249999,0.350123045,0.383400352,patch_857,268.092438,268.244673,210.6236998,151.157775
855,0.4275,0.427249999,0.42775,0.352957216,0.386503896,patch_858,268.244673,268.396909,210.6236998,150.676411
856,0.428,0.42775,0.428250001,0.357763351,0.391766828,patch_859,268.396909,268.549145,210.6236998,149.860123
857,0.4285,0.428250001,0.428750001,0.365697917,0.400455532,patch_860,268.549145,268.701381,210.6236998,148.512493
858,0.429,0.428750001,0.429249999,0.377892402,0.413809037,patch_861,268.701381,268.853616,210.6236998,146.441346
859,0.4295,0.429249999,0.429749999,0.394468811,0.431960944,patch_862,268.853616,269.005852,210.6236998,143.62596
860,0.43,0.429749999,0.43025,0.414208679,0.45357698,patch_863,269.005852,269.158088,210.6236998,140.273283
861,0.4305,0.43025,0.430750001,0.435801087,0.477221631,patch_864,269.158088,269.310324,210.6236998,136.605965
862,0.431,0.430750001,0.431250001,0.457935155,0.501459422,patch_865,269.310324,269.46256,210.6236998,132.84665
863,0.4315,0.431250001,0.431749999,0.479299842,0.524854707,patch_866,269.46256,269.614795,210.6236998,129.218009
864,0.432,0.431749999,0.432249999,0.49858433,0.545972081,patch_867,269.614795,269.767031,210.6236998,125.942675
865,0.4325,0.432249999,0.43275,0.514477667,0.563375995,patch_868,269.767031,269.919267,210.6236998,123.243304
866,0.433,0.43275,0.433250001,0.525686323,0.575649973,patch_869,269.919267,270.071503,210.6236998,121.339593
867,0.4335,0.433250001,0.433750001,0.531696853,0.582231771,patch_870,270.071503,270.223739,210.6236998,120.318747
868,0.434,0.433750001,0.434249999,0.533073124,0.58373885,patch_871,270.223739,270.375974,210.6236998,120.084997
869,0.4345,0.434249999,0.434749999,0.530458032,0.580875207,patch_872,270.375974,270.52821,210.6236998,120.529152
870,0.435,0.434749999,0.43525,0.524494292,0.574344646,patch_873,270.52821,270.680446,210.6236998,121.542051
871,0.4355,0.43525,0.435750001,0.515824617,0.564850965,patch_874,270.680446,270.832682,210.6236998,123.014534
872,0.436,0.435750001,0.436250001,0.505091842,0.553098098,patch_875,270.832682,270.984918,210.6236998,124.83742
873,0.4365,0.436250001,0.436749999,0.492938725,0.539789893,patch_876,270.984918,271.137153,210.6236998,126.901541
874,0.437,0.436749999,0.43725,0.480002344,0.525623978,patch_877,271.137153,271.289389,210.6236998,129.098694
875,0.4375,0.43725,0.43775,0.466635435,0.510986616,patch_878,271.289389,271.441625,210.6236998,131.368969
876,0.438,0.43775,0.438250001,0.452782424,0.495816952,patch_879,271.441625,271.593861,210.6236998,133.721805
877,0.4385,0.438250001,0.438750002,0.438355983,0.480019355,patch_880,271.593861,271.746097,210.6236998,136.172034
878,0.439,0.438750002,0.439249999,0.423268885,0.46349831,patch_881,271.746097,271.898332,210.6236998,138.734471
879,0.4395,0.439249999,0.43975,0.407433896,0.44615829,patch_882,271.898332,272.050568,210.6236998,141.423932
880,0.44,0.43975,0.44025,0.3907637,0.427903682,patch_883,272.050568,272.202804,210.6236998,144.255247
881,0.4405,0.44025,0.440750001,0.373171093,0.408638992,patch_884,272.202804,272.35504,210.6236998,147.243227
882,0.441,0.440750001,0.441250002,0.354572085,0.388272249,patch_885,272.35504,272.507276,210.6236998,150.402137
883,0.4415,0.441250002,0.441749999,0.335068495,0.366914948,patch_886,272.507276,272.659511,210.6236998,153.714684
884,0.442,0.441749999,0.44225,0.315039483,0.344982287,patch_887,272.659511,272.811747,210.6236998,157.11647
885,0.4425,0.44225,0.44275,0.294886946,0.32291436,patch_888,272.811747,272.963983,210.6236998,160.539236
886,0.443,0.44275,0.443250001,0.275012819,0.301151305,patch_889,272.963983,273.116219,210.6236998,163.914716
887,0.4435,0.443250001,0.443750002,0.25581908,0.280133304,patch_890,273.116219,273.268455,210.6236998,167.174637
888,0.444,0.443750002,0.444249999,0.237707629,0.260300457,patch_891,273.268455,273.42069,210.6236998,170.250739
889,0.4445,0.444249999,0.44475,0.221080408,0.242092908,patch_892,273.42069,273.572926,210.6236998,173.074755
890,0.445,0.44475,0.44525,0.206339506,0.225950963,patch_893,273.572926,273.725162,210.6236998,175.578393
891,0.4455,0.44525,0.445750001,0.193895844,0.212324598,patch_894,273.725162,273.877398,210.6236998,177.691861
892,0.446,0.445750001,0.446250002,0.184174121,0.201678878,patch_895,273.877398,274.029634,210.6236998,179.343027
893,0.4465,0.446250002,0.446749999,0.177600235,0.19448018,patch_896,274.029634,274.181869,210.6236998,180.459555
894,0.447,0.446749999,0.44725,0.174600063,0.191194858,patch_897,274.181869,274.334105,210.6236998,180.969113
895,0.4475,0.44725,0.447750001,0.175599498,0.192289284,patch_898,274.334105,274.486341,210.6236998,180.799366
896,0.448,0.447750001,0.448250001,0.181024428,0.198229824,patch_899,274.486341,274.638577,210.6236998,179.87798
897,0.4485,0.448250001,0.448750002,0.191300764,0.20948287,patch_900,274.638577,274.790813,210.6236998,178.132617
898,0.449,0.448750002,0.449249999,0.2068429,0.226502202,patch_901,274.790813,274.943048,210.6236998,175.492895
899,0.4495,0.449249999,0.44975,0.2272858,0.248888089,patch_902,274.943048,275.095284,210.6236998,172.020813
900,0.45,0.44975,0.450250001,0.251001117,0.274857419,patch_903,275.095284,275.24752,210.6236998,167.992934
901,0.4505,0.450250001,0.450750001,0.276245087,0.302500693,patch_904,275.24752,275.399756,210.6236998,163.705424
902,0.451,0.450750001,0.451249999,0.301273912,0.329908373,patch_905,275.399756,275.551991,210.6236998,159.454455
903,0.4515,0.451249999,0.451749999,0.324343768,0.355170894,patch_906,275.551991,275.704227,210.6236998,155.536203
904,0.452,0.451749999,0.45225,0.343711015,0.376378893,patch_907,275.704227,275.856463,210.6236998,152.246813
905,0.4525,0.45225,0.452750001,0.357631741,0.39162271,patch_908,275.856463,276.008699,210.6236998,149.882476
906,0.453,0.452750001,0.453250001,0.364378869,0.399011116,patch_909,276.008699,276.160935,210.6236998,148.736524
907,0.4535,0.453250001,0.453749999,0.363499404,0.398048062,patch_910,276.160935,276.31317,210.6236998,148.885895
908,0.454,0.453749999,0.454249999,0.356690407,0.390591906,patch_911,276.31317,276.465406,210.6236998,150.042355
909,0.4545,0.454249999,0.45475,0.345856067,0.378727821,patch_912,276.465406,276.617642,210.6236998,151.882491
910,0.455,0.45475,0.455250001,0.332900703,0.36454112,patch_913,276.617642,276.769878,210.6236998,154.082868
911,0.4555,0.455250001,0.455750001,0.319728492,0.350116961,patch_914,276.769878,276.922114,210.6236998,156.320075
912,0.456,0.455750001,0.456249999,0.308243722,0.337540626,patch_915,276.922114,277.074349,210.6236998,158.270682
913,0.4565,0.456249999,0.456749999,0.300350547,0.328897247,patch_916,277.074349,277.226585,210.6236998,159.611282
914,0.457,0.456749999,0.45725,0.297941415,0.32625914,patch_917,277.226585,277.378821,210.6236998,160.020456
915,0.4575,0.45725,0.457750001,0.301881161,0.330573338,patch_918,277.378821,277.531057,210.6236998,159.351318
916,0.458,0.457750001,0.458250001,0.311228692,0.340809301,patch_919,277.531057,277.683293,210.6236998,157.763706
917,0.4585,0.458250001,0.458749999,0.324859645,0.355735802,patch_920,277.683293,277.835528,210.6236998,155.448585
918,0.459,0.458749999,0.45925,0.341649593,0.374121544,patch_921,277.835528,277.987764,210.6236998,152.596931
919,0.4595,0.45925,0.45975,0.360474167,0.394735293,patch_922,277.987764,278.14,210.6236998,149.39971
920,0.46,0.45975,0.460250001,0.380208907,0.416345713,patch_923,278.14,278.292236,210.6236998,146.047904
921,0.4605,0.460250001,0.460750002,0.399729489,0.437721622,patch_924,278.292236,278.444472,210.6236998,142.732471
922,0.461,0.460750002,0.461249999,0.417915221,0.457635809,patch_925,278.444472,278.596707,210.6236998,139.643753
923,0.4615,0.461249999,0.46175,0.434012111,0.475262622,patch_926,278.596707,278.748943,210.6236998,136.90981
924,0.462,0.46175,0.46225,0.447937754,0.490511822,patch_927,278.748943,278.901179,210.6236998,134.544638
925,0.4625,0.46225,0.462750001,0.459681422,0.503371662,patch_928,278.901179,279.053415,210.6236998,132.550059
926,0.463,0.462750001,0.463250002,0.469232352,0.513830356,patch_929,279.053415,279.205651,210.6236998,130.927901
927,0.4635,0.463250002,0.463749999,0.476579905,0.521876255,patch_930,279.205651,279.357886,210.6236998,129.679971
928,0.464,0.463749999,0.46425,0.481713324,0.527497578,patch_931,279.357886,279.510122,210.6236998,128.808096
929,0.4645,0.46425,0.46475,0.484621971,0.530682676,patch_932,279.510122,279.662358,210.6236998,128.314083
930,0.465,0.46475,0.465250001,0.485296576,0.531421399,patch_933,279.662358,279.814594,210.6236998,128.199506
931,0.4655,0.465250001,0.465750002,0.483909071,0.529902018,patch_934,279.814594,279.96683,210.6236998,128.435164
932,0.466,0.465750002,0.466249999,0.48097622,0.526690416,patch_935,279.96683,280.119065,210.6236998,128.933288
933,0.4665,0.466249999,0.46675,0.477053672,0.522395051,patch_936,280.119065,280.271301,210.6236998,129.599505
934,0.467,0.46675,0.46725,0.472697047,0.517624352,patch_937,280.271301,280.423537,210.6236998,130.339447
935,0.4675,0.46725,0.467750001,0.468462081,0.512986876,patch_938,280.423537,280.575773,210.6236998,131.058726
936,0.468,0.467750001,0.468250002,0.464904306,0.509090953,patch_939,280.575773,280.728009,210.6236998,131.662989
937,0.4685,0.468250002,0.468749999,0.462579429,0.506545109,patch_940,280.728009,280.880244,210.6236998,132.057853
938,0.469,0.468749999,0.46925,0.462040902,0.505955398,patch_941,280.880244,281.03248,210.6236998,132.149318
939,0.4695,0.46925,0.46975,0.463557391,0.507616021,patch_942,281.03248,281.184716,210.6236998,131.891753
940,0.47,0.46975,0.470250001,0.466831263,0.511201057,patch_943,281.184716,281.336952,210.6236998,131.335709
941,0.4705,0.470250001,0.470750002,0.471497951,0.516311288,patch_944,281.336952,281.489188,210.6236998,130.543105
942,0.471,0.470750002,0.471249999,0.477192877,0.522547487,patch_945,281.489188,281.641423,210.6236998,129.575862
943,0.4715,0.471249999,0.47175,0.483551411,0.529510365,patch_946,281.641423,281.793659,210.6236998,128.49591
944,0.472,0.47175,0.472250001,0.490209103,0.536800835,patch_947,281.793659,281.945895,210.6236998,127.365148
945,0.4725,0.472250001,0.472750001,0.496801288,0.544019571,patch_948,281.945895,282.098131,210.6236998,126.245512
946,0.473,0.472750001,0.473249999,0.502964318,0.550768364,patch_949,282.098131,282.250366,210.6236998,125.198765
947,0.4735,0.473249999,0.473749999,0.508479413,0.556807639,patch_950,282.250366,282.402602,210.6236998,124.262065
948,0.474,0.473749999,0.47425,0.513427791,0.562226334,patch_951,282.402602,282.554838,210.6236998,123.421618
949,0.4745,0.47425,0.474750001,0.517927943,0.567154201,patch_952,282.554838,282.707074,210.6236998,122.657299
950,0.475,0.474750001,0.475250001,0.52209842,0.571721059,patch_953,282.707074,282.85931,210.6236998,121.948973
951,0.4755,0.475250001,0.475749999,0.526057719,0.576056668,patch_954,282.85931,283.011545,210.6236998,121.276514
952,0.476,0.475749999,0.476249999,0.529924391,0.580290847,patch_955,283.011545,283.163781,210.6236998,120.619787
953,0.4765,0.476249999,0.47675,0.53381687,0.584553285,patch_956,283.163781,283.316017,210.6236998,119.958677
954,0.477,0.47675,0.477250001,0.537853417,0.588973484,patch_957,283.316017,283.468253,210.6236998,119.273098
955,0.4775,0.477250001,0.477750001,0.542099534,0.593623172,patch_958,283.468253,283.620489,210.6236998,118.551925
956,0.478,0.477750001,0.478249999,0.546506465,0.598448957,patch_959,283.620489,283.772724,210.6236998,117.803439
957,0.4785,0.478249999,0.478749999,0.551010785,0.603381389,patch_960,283.772724,283.92496,210.6236998,117.038412
958,0.479,0.478749999,0.47925,0.555548908,0.608350835,patch_961,283.92496,284.077196,210.6236998,116.267644
959,0.4795,0.47925,0.479750001,0.560057403,0.613287838,patch_962,284.077196,284.229432,210.6236998,115.501908
960,0.48,0.479750001,0.480250001,0.564472735,0.618122824,patch_963,284.229432,284.381668,210.6236998,114.751995
961,0.4805,0.480250001,0.480749999,0.568731246,0.622786084,patch_964,284.381668,284.533903,210.6236998,114.028717
962,0.481,0.480749999,0.48125,0.572769936,0.62720863,patch_965,284.533903,284.686139,210.6236998,113.342774
963,0.4815,0.48125,0.48175,0.576618315,0.631422777,patch_966,284.686139,284.838375,210.6236998,112.689154
964,0.482,0.48175,0.482250001,0.580514551,0.635689328,patch_967,284.838375,284.990611,210.6236998,112.027406
965,0.4825,0.482250001,0.482750002,0.584725141,0.640300112,patch_968,284.990611,285.142847,210.6236998,111.312267
966,0.483,0.482750002,0.483249999,0.589516998,0.645547409,patch_969,285.142847,285.295082,210.6236998,110.498404
967,0.4835,0.483249999,0.48375,0.595156667,0.651723099,patch_970,285.295082,285.447318,210.6236998,109.540546
968,0.484,0.48375,0.48425,0.601910949,0.659119338,patch_971,285.447318,285.599554,210.6236998,108.393379
969,0.4845,0.48425,0.484750001,0.610046448,0.668028073,patch_972,285.599554,285.75179,210.6236998,107.011622
970,0.485,0.484750001,0.485250002,0.619829592,0.678741052,patch_973,285.75179,285.904026,210.6236998,105.350024
971,0.4855,0.485250002,0.485749999,0.631432948,0.691447245,patch_974,285.904026,286.056261,210.6236998,103.379276
972,0.486,0.485749999,0.48625,0.644808471,0.706094039,patch_975,286.056261,286.208497,210.6236998,101.107538
973,0.4865,0.48625,0.48675,0.659876345,0.722594034,patch_976,286.208497,286.360733,210.6236998,98.548366
974,0.487,0.48675,0.487250001,0.676556886,0.74085997,patch_977,286.360733,286.512969,210.6236998,95.715294
975,0.4875,0.487250001,0.487750002,0.694770514,0.760804705,patch_978,286.512969,286.665205,210.6236998,92.621838
976,0.488,0.487750002,0.488249999,0.714437426,0.782340851,patch_979,286.665205,286.81744,210.6236998,89.281552
977,0.4885,0.488249999,0.48875,0.735477984,0.8053812,patch_980,286.81744,286.969676,210.6236998,85.707962
978,0.489,0.48875,0.48925,0.757811901,0.829837836,patch_981,286.969676,287.121912,210.6236998,81.914704
979,0.4895,0.48925,0.489750001,0.781173703,0.855420051,patch_982,287.121912,287.274148,210.6236998,77.946867
980,0.49,0.489750001,0.490250002,0.804842772,0.881338737,patch_983,287.274148,287.426384,210.6236998,73.926843
981,0.4905,0.490250002,0.490749999,0.828030525,0.906730361,patch_984,287.426384,287.578619,210.6236998,69.988567
982,0.491,0.490749999,0.49125,0.849947928,0.930730895,patch_985,287.578619,287.730855,210.6236998,66.266051
983,0.4915,0.49125,0.49175,0.869806346,0.952476749,patch_986,287.730855,287.883091,210.6236998,62.893239
984,0.492,0.49175,0.492250001,0.886816857,0.971104016,patch_987,287.883091,288.035327,210.6236998,60.004124
985,0.4925,0.492250001,0.492750002,0.90019059,0.98574885,patch_988,288.035327,288.187563,210.6236998,57.73269
986,0.493,0.492750002,0.493249999,0.909139516,0.995548325,patch_989,288.187563,288.339798,210.6236998,56.212778
987,0.4935,0.493249999,0.49375,0.91320479,0.999999981,patch_990,288.339798,288.492034,210.6236998,55.52232
988,0.494,0.49375,0.494250001,0.91277063,0.999524556,patch_991,288.492034,288.64427,210.6236998,55.596059
989,0.4945,0.494250001,0.494750001,0.908354638,0.994688848,patch_992,288.64427,288.796506,210.6236998,56.346084
990,0.495,0.494750001,0.495249999,0.90047401,0.986059209,patch_993,288.796506,288.948741,210.6236998,57.684553
991,0.4955,0.495249999,0.495749999,0.889646353,0.974202441,patch_994,288.948741,289.100977,210.6236998,59.523554
992,0.496,0.495749999,0.49625,0.876389087,0.959685143,patch_995,289.100977,289.253213,210.6236998,61.775207
993,0.4965,0.49625,0.496750001,0.861219465,0.943073731,patch_996,289.253213,289.405449,210.6236998,64.35166
994,0.497,0.496750001,0.497250001,0.84465492,0.924934815,patch_997,289.405449,289.557685,210.6236998,67.165031
995,0.4975,0.497250001,0.497749999,0.827161846,0.905779119,patch_998,289.557685,289.70992,210.6236998,70.136106
996,0.498,0.497749999,0.498249999,0.809070107,0.885967857,patch_999,289.70992,289.862156,210.6236998,73.20886
997,0.4985,0.498249999,0.49875,0.790687081,0.865837624,patch_1000,289.862156,290.014392,210.6236998,76.331087
998,0.499,0.49875,0.499250001,0.772320094,0.845724954,patch_1001,290.014392,290.166628,210.6236998,79.45059
999,0.4995,0.499250001,0.499750001,0.75427657,0.82596649,patch_1002,290.166628,290.318864,210.6236998,82.515155
1000,0.5,0.499750001,0.500249999,0.736863853,0.806898788,patch_1003,290.318864,290.471099,210.6236998,85.472582
1001,0.5005,0.500249999,0.500749999,0.720389484,0.78885862,patch_1004,290.471099,290.623335,210.6236998,88.270637
1002,0.501,0.500749999,0.50125,0.705160614,0.772182328,patch_1005,290.623335,290.775571,210.6236998,90.857153
1003,0.5015,0.50125,0.501750001,0.691439808,0.757157433,patch_1006,290.775571,290.927807,210.6236998,93.187535
1004,0.502,0.501750001,0.502250001,0.679364563,0.743934501,patch_1007,290.927807,291.080043,210.6236998,95.23843
1005,0.5025,0.502250001,0.502749999,0.66905081,0.732640482,patch_1008,291.080043,291.232278,210.6236998,96.990148
1006,0.503,0.502749999,0.50325,0.66061431,0.723402137,patch_1009,291.232278,291.384514,210.6236998,98.423028
1007,0.5035,0.50325,0.50375,0.654170992,0.716346417,patch_1010,291.384514,291.53675,210.6236998,99.51738
1008,0.504,0.50375,0.504250001,0.649836658,0.711600128,patch_1011,291.53675,291.688986,210.6236998,100.253536
1009,0.5045,0.504250001,0.504750002,0.647727073,0.709290039,patch_1012,291.688986,291.841222,210.6236998,100.611834
1010,0.505,0.504750002,0.505249999,0.64795804,0.709542957,patch_1013,291.841222,291.993457,210.6236998,100.572606
1011,0.5055,0.505249999,0.50575,0.650498569,0.71232495,patch_1014,291.993457,292.145693,210.6236998,100.141115
1012,0.506,0.50575,0.50625,0.654889821,0.717133566,patch_1015,292.145693,292.297929,210.6236998,99.395292
1013,0.5065,0.50625,0.506750001,0.66059518,0.72338119,patch_1016,292.297929,292.450165,210.6236998,98.426277
1014,0.507,0.506750001,0.507250002,0.667078376,0.730480578,patch_1017,292.450165,292.602401,210.6236998,97.325152
1015,0.5075,0.507250002,0.507749999,0.673802553,0.737843852,patch_1018,292.602401,292.754636,210.6236998,96.183098
1016,0.508,0.507749999,0.50825,0.680231511,0.744883848,patch_1019,292.754636,292.906872,210.6236998,95.091185
1017,0.5085,0.50825,0.50875,0.685828506,0.751012807,patch_1020,292.906872,293.059108,210.6236998,94.140575
1018,0.509,0.50875,0.509250001,0.69005716,0.755643371,patch_1021,293.059108,293.211344,210.6236998,93.422368
1019,0.5095,0.509250001,0.509750002,0.69251138,0.758330852,patch_1022,293.211344,293.36358,210.6236998,93.005536
1020,0.51,0.509750002,0.510249999,0.693182288,0.759065527,patch_1023,293.36358,293.515815,210.6236998,92.891587
1021,0.5105,0.510249999,0.51075,0.692136705,0.757920566,patch_1024,293.515815,293.668051,210.6236998,93.069172
1022,0.511,0.51075,0.51125,0.689441085,0.754968742,patch_1025,293.668051,293.820287,210.6236998,93.527004
1023,0.5115,0.51125,0.511750001,0.685162125,0.75028309,patch_1026,293.820287,293.972523,210.6236998,94.253755
1024,0.512,0.511750001,0.512250002,0.679366588,0.743936719,patch_1027,293.972523,294.124759,210.6236998,95.238086
1025,0.5125,0.512250002,0.512749999,0.672120929,0.736002399,patch_1028,294.124759,294.276994,210.6236998,96.46871
1026,0.513,0.512749999,0.51325,0.663491962,0.726553295,patch_1029,294.276994,294.42923,210.6236998,97.934279
1027,0.5135,0.51325,0.51375,0.653576372,0.715695281,patch_1030,294.42923,294.581466,210.6236998,99.618372
1028,0.514,0.51375,0.514250001,0.642566682,0.70363918,patch_1031,294.581466,294.733702,210.6236998,101.48829
1029,0.5145,0.514250001,0.514750002,0.630674601,0.69061682,patch_1032,294.733702,294.885938,210.6236998,103.508076
1030,0.515,0.514750002,0.515249999,0.618111611,0.676859786,patch_1033,294.885938,295.038173,210.6236998,105.641811
1031,0.5155,0.515249999,0.51575,0.605089426,0.662599913,patch_1034,295.038173,295.190409,210.6236998,107.853537
1032,0.516,0.51575,0.516250001,0.591819525,0.648068779,patch_1035,295.190409,295.342645,210.6236998,110.107336
1033,0.5165,0.516250001,0.516750001,0.578513619,0.633498219,patch_1036,295.342645,295.494881,210.6236998,112.36725
1034,0.517,0.516750001,0.517249999,0.565383253,0.619119882,patch_1037,295.494881,295.647116,210.6236998,114.59735
1035,0.5175,0.517249999,0.517749999,0.552642405,0.605168085,patch_1038,295.647116,295.799352,210.6236998,116.761293
1036,0.518,0.517749999,0.51825,0.540512621,0.591885431,patch_1039,295.799352,295.951588,210.6236998,118.821451
1037,0.5185,0.51825,0.518750001,0.52921712,0.579516354,patch_1040,295.951588,296.103824,210.6236998,120.739912
1038,0.519,0.518750001,0.519250001,0.518979191,0.568305364,patch_1041,296.103824,296.25606,210.6236998,122.478752
1039,0.5195,0.519250001,0.519749999,0.510021927,0.55849676,patch_1042,296.25606,296.408295,210.6236998,124.00008
1040,0.52,0.519749999,0.520249999,0.502568664,0.550335105,patch_1043,296.408295,296.560531,210.6236998,125.265964
1041,0.5205,0.520249999,0.52075,0.496842503,0.544064703,patch_1044,296.560531,296.712767,210.6236998,126.238512
1042,0.521,0.52075,0.521250001,0.493066697,0.539930027,patch_1045,296.712767,296.865003,210.6236998,126.879806
1043,0.5215,0.521250001,0.521750001,0.491356134,0.538056884,patch_1046,296.865003,297.017239,210.6236998,127.170333
1044,0.522,0.521750001,0.522249999,0.491448072,0.538157561,patch_1047,297.017239,297.169474,210.6236998,127.154718
1045,0.5225,0.522249999,0.522749999,0.492997674,0.539854444,patch_1048,297.169474,297.32171,210.6236998,126.891529
1046,0.523,0.522749999,0.52325,0.495660187,0.542770015,patch_1049,297.32171,297.473946,210.6236998,126.43932
1047,0.5235,0.52325,0.523750001,0.499090609,0.54652648,patch_1050,297.473946,297.626182,210.6236998,125.856687
1048,0.524,0.523750001,0.524250001,0.502944228,0.550746365,patch_1051,297.626182,297.778418,210.6236998,125.202177
1049,0.5245,0.524250001,0.524749999,0.506876049,0.555051884,patch_1052,297.778418,297.930653,210.6236998,124.534385
1050,0.525,0.524749999,0.52525,0.510541377,0.559065582,patch_1053,297.930653,298.082889,210.6236998,123.911855
1051,0.5255,0.52525,0.52575,0.513610542,0.562426454,patch_1054,298.082889,298.235125,210.6236998,123.390579
1052,0.526,0.52575,0.526250001,0.515809356,0.564834254,patch_1055,298.235125,298.387361,210.6236998,123.017126
1053,0.5265,0.526250001,0.526750002,0.516876695,0.566003038,patch_1056,298.387361,298.539597,210.6236998,122.835846
1054,0.527,0.526750002,0.527249999,0.5165509,0.565646277,patch_1057,298.539597,298.691832,210.6236998,122.89118
1055,0.5275,0.527249999,0.52775,0.514570712,0.563477883,patch_1058,298.691832,298.844068,210.6236998,123.227501
1056,0.528,0.52775,0.52825,0.510674653,0.559211525,patch_1059,298.844068,298.996304,210.6236998,123.889219
1057,0.5285,0.52825,0.528750001,0.504601418,0.552561062,patch_1060,298.996304,299.14854,210.6236998,124.920715
1058,0.529,0.528750001,0.529250002,0.496089425,0.543240049,patch_1061,299.14854,299.300776,210.6236998,126.366417
1059,0.5295,0.529250002,0.529749999,0.485058933,0.531161169,patch_1062,299.300776,299.453011,210.6236998,128.239868
1060,0.53,0.529749999,0.53025,0.472121504,0.516994106,patch_1063,299.453011,299.605247,210.6236998,130.437199
1061,0.5305,0.53025,0.53075,0.458053706,0.501589241,patch_1064,299.605247,299.757483,210.6236998,132.826515
1062,0.531,0.53075,0.531250001,0.443631975,0.485796802,patch_1065,299.757483,299.909719,210.6236998,135.275944
1063,0.5315,0.531250001,0.531750002,0.42963293,0.470467223,patch_1066,299.909719,300.061955,210.6236998,137.653583
1064,0.532,0.531750002,0.532249999,0.416833009,0.456450739,patch_1067,300.061955,300.21419,210.6236998,139.827559
1065,0.5325,0.532249999,0.53275,0.40600872,0.44459766,patch_1068,300.21419,300.366426,210.6236998,141.665988
1066,0.533,0.53275,0.53325,0.39793658,0.435758306,patch_1069,300.366426,300.518662,210.6236998,143.036984
1067,0.5335,0.53325,0.533750001,0.393094571,0.43045609,patch_1070,300.518662,300.670898,210.6236998,143.859365
1068,0.534,0.533750001,0.534250002,0.390769929,0.427910503,patch_1071,300.670898,300.823134,210.6236998,144.254189
1069,0.5345,0.534250002,0.534749999,0.389953222,0.427016172,patch_1072,300.823134,300.975369,210.6236998,144.392901
1070,0.535,0.534749999,0.53525,0.389634933,0.426667633,patch_1073,300.975369,301.127605,210.6236998,144.44696
1071,0.5355,0.53525,0.53575,0.388805655,0.425759536,patch_1074,301.127605,301.279841,210.6236998,144.587807
1072,0.536,0.53575,0.536250001,0.386455831,0.423186374,patch_1075,301.279841,301.432077,210.6236998,144.986908
1073,0.5365,0.536250001,0.536750002,0.381576058,0.417842805,patch_1076,301.432077,301.584313,210.6236998,145.815703
1074,0.537,0.536750002,0.537249999,0.373156815,0.408623358,patch_1077,301.584313,301.736548,210.6236998,147.245652
1075,0.5375,0.537249999,0.53775,0.360504448,0.394768452,patch_1078,301.736548,301.888784,210.6236998,149.394567
1076,0.538,0.53775,0.538250001,0.344243048,0.376961493,patch_1079,301.888784,302.04102,210.6236998,152.156451
1077,0.5385,0.538250001,0.538750001,0.325340212,0.356262045,patch_1080,302.04102,302.193256,210.6236998,155.366964
1078,0.539,0.538750001,0.539249999,0.304763583,0.333729718,patch_1081,302.193256,302.345491,210.6236998,158.861759
1079,0.5395,0.539249999,0.539749999,0.28348079,0.310424111,patch_1082,302.345491,302.497727,210.6236998,162.476491
1080,0.54,0.539749999,0.54025,0.262459456,0.287404812,patch_1083,302.497727,302.649963,210.6236998,166.046816
1081,0.5405,0.54025,0.540750001,0.242667152,0.265731356,patch_1084,302.649963,302.802199,210.6236998,169.408399
1082,0.541,0.540750001,0.541250001,0.225071548,0.246463385,patch_1085,302.802199,302.954435,210.6236998,172.396888
1083,0.5415,0.541250001,0.541749999,0.210429414,0.230429595,patch_1086,302.954435,303.10667,210.6236998,174.883751
1084,0.542,0.541749999,0.542249999,0.198577299,0.217451,patch_1087,303.10667,303.258906,210.6236998,176.896749
1085,0.5425,0.542249999,0.54275,0.189100696,0.207073697,patch_1088,303.258906,303.411142,210.6236998,178.506283
1086,0.543,0.54275,0.543250001,0.181585176,0.198843867,patch_1089,303.411142,303.563378,210.6236998,179.782741
1087,0.5435,0.543250001,0.543750001,0.175616279,0.192307659,patch_1090,303.563378,303.715614,210.6236998,180.796516
1088,0.544,0.543750001,0.544249999,0.17077951,0.187011181,patch_1091,303.715614,303.867849,210.6236998,181.618007
1089,0.5445,0.544249999,0.544749999,0.166660398,0.18250057,patch_1092,303.867849,304.020085,210.6236998,182.317609
1090,0.545,0.544749999,0.54525,0.162844461,0.178321949,patch_1093,304.020085,304.172321,210.6236998,182.965719
1091,0.5455,0.54525,0.545750001,0.158943368,0.174050078,patch_1094,304.172321,304.324557,210.6236998,183.628292
1092,0.546,0.545750001,0.546250001,0.154687748,0.169389984,patch_1095,304.324557,304.476793,210.6236998,184.351079
1093,0.5465,0.546250001,0.546749999,0.149842365,0.164084074,patch_1096,304.476793,304.629028,210.6236998,185.174033
1094,0.547,0.546749999,0.54725,0.144171879,0.157874639,patch_1097,304.629028,304.781264,210.6236998,186.137125
1095,0.5475,0.54725,0.54775,0.13744096,0.150503982,patch_1098,304.781264,304.9335,210.6236998,187.280324
1096,0.548,0.54775,0.548250001,0.129414321,0.141714454,patch_1099,304.9335,305.085736,210.6236998,188.643592
1097,0.5485,0.548250001,0.548750002,0.119856626,0.131248351,patch_1100,305.085736,305.237972,210.6236998,190.266899
1098,0.549,0.548750002,0.549249999,0.108532569,0.118848004,patch_1101,305.237972,305.390207,210.6236998,192.19021
1099,0.5495,0.549249999,0.54975,0.095330689,0.104391357,patch_1102,305.390207,305.542443,210.6236998,194.432456
1100,0.55,0.54975,0.55025,0.080731188,0.088404252,patch_1103,305.542443,305.694679,210.6236998,196.912078
1101,0.5505,0.55025,0.550750001,0.065390821,0.071605866,patch_1104,305.694679,305.846915,210.6236998,199.517531
1102,0.551,0.550750001,0.551250002,0.049966317,0.054715346,patch_1105,305.846915,305.999151,210.6236998,202.137274
1103,0.5515,0.551250002,0.551749999,0.03511446,0.0384519,patch_1106,305.999151,306.151386,210.6236998,204.659757
1104,0.552,0.551749999,0.55225,0.021491997,0.023534695,patch_1107,306.151386,306.303622,210.6236998,206.973436
1105,0.5525,0.55225,0.55275,0.009755695,0.010682921,patch_1108,306.303622,306.455858,210.6236998,208.966764
1106,0.553,0.55275,0.553250001,0.000562318,0.000615764,patch_1109,306.455858,306.608094,210.6236998,210.528194
1107,0.5535,0.553250001,0.553750002,-0.005586857,-0.006117858,patch_1110,306.608094,306.76033,210.6236998,211.572588
1108,0.554,0.553750002,0.554249999,-0.008968005,-0.009820365,patch_1111,306.76033,306.912565,210.6236998,212.146852
1109,0.5545,0.554249999,0.55475,-0.01009978,-0.011059709,patch_1112,306.912565,307.064801,210.6236998,212.339076
1110,0.555,0.55475,0.55525,-0.00950092,-0.010403932,patch_1113,307.064801,307.217037,210.6236998,212.237364
1111,0.5555,0.55525,0.555750001,-0.007690165,-0.008421074,patch_1114,307.217037,307.369273,210.6236998,211.92982
1112,0.556,0.555750001,0.556250002,-0.005186246,-0.005679171,patch_1115,307.369273,307.521509,210.6236998,211.504547
1113,0.5565,0.556250002,0.556749999,-0.002507907,-0.00274627,patch_1116,307.521509,307.673744,210.6236998,211.04965
1114,0.557,0.556749999,0.55725,-0.000173879,-0.000190406,patch_1117,307.673744,307.82598,210.6236998,210.653232
1115,0.5575,0.55725,0.55775,0.001382818,0.001514247,patch_1118,307.82598,307.978216,210.6236998,210.388838
1116,0.558,0.55775,0.558250001,0.002177817,0.002384807,patch_1119,307.978216,308.130452,210.6236998,210.253813
1117,0.5585,0.558250001,0.558750002,0.002372985,0.002598525,patch_1120,308.130452,308.282688,210.6236998,210.220665
1118,0.559,0.558750002,0.559249999,0.002130308,0.002332783,patch_1121,308.282688,308.434923,210.6236998,210.261882
1119,0.5595,0.559249999,0.55975,0.001611741,0.001764928,patch_1122,308.434923,308.587159,210.6236998,210.349957
1120,0.56,0.55975,0.560250001,0.000979257,0.00107233,patch_1123,308.587159,308.739395,210.6236998,210.45738
1121,0.5605,0.560250001,0.560750001,0.000394817,0.000432342,patch_1124,308.739395,308.891631,210.6236998,210.556643
1122,0.561,0.560750001,0.561249999,0.000020394,0.000022332,patch_1125,308.891631,309.043866,210.6236998,210.620236
1123,0.5615,0.561249999,0.561749999,-0.000016917,-0.000018525,patch_1126,309.043866,309.196102,210.6236998,210.626573
1124,0.562,0.561749999,0.56225,0.000218901,0.000239706,patch_1127,309.196102,309.348338,210.6236998,210.586521
1125,0.5625,0.56225,0.562750001,0.00059877,0.00065568,patch_1128,309.348338,309.500574,210.6236998,210.522003
1126,0.563,0.562750001,0.563250001,0.000993564,0.001087997,patch_1129,309.500574,309.65281,210.6236998,210.45495
1127,0.5635,0.563250001,0.563749999,0.001274153,0.001395254,patch_1130,309.65281,309.805045,210.6236998,210.407294
1128,0.564,0.563749999,0.564249999,0.001311399,0.00143604,patch_1131,309.805045,309.957281,210.6236998,210.400968
1129,0.5645,0.564249999,0.56475,0.000976171,0.001068951,patch_1132,309.957281,310.109517,210.6236998,210.457904
1130,0.565,0.56475,0.565250001,0.000139339,0.000152583,patch_1133,310.109517,310.261753,210.6236998,210.600034
1131,0.5655,0.565250001,0.565750001,-0.001271352,-0.001392187,patch_1134,310.261753,310.413989,210.6236998,210.83963
1132,0.566,0.565750001,0.566249999,-0.003001886,-0.0032872,patch_1135,310.413989,310.566224,210.6236998,211.133549
1133,0.5665,0.566249999,0.566749999,-0.004682098,-0.005127106,patch_1136,310.566224,310.71846,210.6236998,211.418921
1134,0.567,0.566749999,0.56725,-0.005941679,-0.006506404,patch_1137,310.71846,310.870696,210.6236998,211.632852
1135,0.5675,0.56725,0.567750001,-0.00641033,-0.007019597,patch_1138,310.870696,311.022932,210.6236998,211.712449
1136,0.568,0.567750001,0.568250001,-0.005717737,-0.006261177,patch_1139,311.022932,311.175168,210.6236998,211.594817
1137,0.5685,0.568250001,0.568749999,-0.003493605,-0.003825654,patch_1140,311.175168,311.327403,210.6236998,211.217064
1138,0.569,0.568749999,0.56925,0.000632377,0.000692481,patch_1141,311.327403,311.479639,210.6236998,210.516295
1139,0.5695,0.56925,0.56975,0.006934194,0.007593251,patch_1142,311.479639,311.631875,210.6236998,209.445976
1140,0.57,0.56975,0.570250001,0.015107021,0.016542862,patch_1143,311.631875,311.784111,210.6236998,208.057879
1141,0.5705,0.570250001,0.570750002,0.024630832,0.02697186,patch_1144,311.784111,311.936347,210.6236998,206.440327
1142,0.571,0.570750002,0.571249999,0.034985264,0.038310424,patch_1145,311.936347,312.088582,210.6236998,204.6817
1143,0.5715,0.571249999,0.57175,0.045649917,0.049988696,patch_1146,312.088582,312.240818,210.6236998,202.870384
1144,0.572,0.57175,0.57225,0.056104429,0.061436853,patch_1147,312.240818,312.393054,210.6236998,201.094759
1145,0.5725,0.57225,0.572750001,0.065828425,0.072085062,patch_1148,312.393054,312.54529,210.6236998,199.443207
1146,0.573,0.572750001,0.573250002,0.074301518,0.081363477,patch_1149,312.54529,312.697526,210.6236998,198.004112
1147,0.5735,0.573250002,0.573749999,0.081094977,0.088802618,patch_1150,312.697526,312.849761,210.6236998,196.850291
1148,0.574,0.573749999,0.57425,0.086357069,0.094564842,patch_1151,312.849761,313.001997,210.6236998,195.956562
1149,0.5745,0.57425,0.57475,0.090460036,0.099057774,patch_1152,313.001997,313.154233,210.6236998,195.259702
1150,0.575,0.57475,0.575250001,0.093776647,0.102689612,patch_1153,313.154233,313.306469,210.6236998,194.696399
1151,0.5755,0.575250001,0.575750002,0.096679641,0.10586852,patch_1154,313.306469,313.458705,210.6236998,194.203346
1152,0.576,0.575750002,0.576249999,0.099541797,0.109002708,patch_1155,313.458705,313.61094,210.6236998,193.717229
1153,0.5765,0.576249999,0.57675,0.102735831,0.112500317,patch_1156,313.61094,313.763176,210.6236998,193.174745
1154,0.577,0.57675,0.57725,0.106634533,0.11676957,patch_1157,313.763176,313.915412,210.6236998,192.512578
1155,0.5775,0.57725,0.577750001,0.111541349,0.122142752,patch_1158,313.915412,314.067648,210.6236998,191.67919
1156,0.578,0.577750001,0.578250002,0.117302601,0.128451581,patch_1159,314.067648,314.219884,210.6236998,190.700682
1157,0.5785,0.578250002,0.578749999,0.123579353,0.135324904,patch_1160,314.219884,314.372119,210.6236998,189.63462
1158,0.579,0.578749999,0.57925,0.130032092,0.142390941,patch_1161,314.372119,314.524355,210.6236998,188.538668
1159,0.5795,0.57925,0.57975,0.136321379,0.149277991,patch_1162,314.524355,314.676591,210.6236998,187.470477
1160,0.58,0.57975,0.580250001,0.142107707,0.155614279,patch_1163,314.676591,314.828827,210.6236998,186.48771
1161,0.5805,0.580250001,0.580750002,0.147051587,0.161028047,patch_1164,314.828827,314.981063,210.6236998,185.648027
1162,0.581,0.580750002,0.581249999,0.150813592,0.165147611,patch_1165,314.981063,315.133298,210.6236998,185.009077
1163,0.5815,0.581249999,0.58175,0.15312229,0.167675738,patch_1166,315.133298,315.285534,210.6236998,184.616961
1164,0.582,0.58175,0.582250001,0.154177706,0.168831466,patch_1167,315.285534,315.43777,210.6236998,184.437706
1165,0.5825,0.582250001,0.582750001,0.154379128,0.169052031,patch_1168,315.43777,315.590006,210.6236998,184.403496
1166,0.583,0.582750001,0.583249999,0.1541266,0.168775502,patch_1169,315.590006,315.742241,210.6236998,184.446386
1167,0.5835,0.583249999,0.583749999,0.153820082,0.168439851,patch_1170,315.742241,315.894477,210.6236998,184.498446
1168,0.584,0.583749999,0.58425,0.153859671,0.168483203,patch_1171,315.894477,316.046713,210.6236998,184.491722
1169,0.5845,0.58425,0.584750001,0.154645338,0.169343544,patch_1172,316.046713,316.198949,210.6236998,184.358282
1170,0.585,0.584750001,0.585250001,0.156577094,0.171458902,patch_1173,316.198949,316.351185,210.6236998,184.030187
1171,0.5855,0.585250001,0.585749999,0.159977759,0.175182782,patch_1174,316.351185,316.50342,210.6236998,183.452608
1172,0.586,0.585749999,0.586249999,0.164609433,0.180254671,patch_1175,316.50342,316.655656,210.6236998,182.665951
1173,0.5865,0.586249999,0.58675,0.169986824,0.186143155,patch_1176,316.655656,316.807892,210.6236998,181.752639
1174,0.587,0.58675,0.587250001,0.175623638,0.192315718,patch_1177,316.807892,316.960128,210.6236998,180.795266
1175,0.5875,0.587250001,0.587750001,0.181033537,0.198239798,patch_1178,316.960128,317.112364,210.6236998,179.876433
1176,0.588,0.587750001,0.588249999,0.185730158,0.203382808,patch_1179,317.112364,317.264599,210.6236998,179.078745
1177,0.5885,0.588249999,0.588749999,0.18922716,0.207212181,patch_1180,317.264599,317.416835,210.6236998,178.484804
1178,0.589,0.588749999,0.58925,0.191038233,0.209195387,patch_1181,317.416835,317.569071,210.6236998,178.177206
1179,0.5895,0.58925,0.589750001,0.190736319,0.208864777,patch_1182,317.569071,317.721307,210.6236998,178.228484
1180,0.59,0.589750001,0.590250001,0.188346487,0.206247805,patch_1183,317.721307,317.873543,210.6236998,178.63438
1181,0.5905,0.590250001,0.590749999,0.184101671,0.201599542,patch_1184,317.873543,318.025778,210.6236998,179.355332
1182,0.591,0.590749999,0.59125,0.178236005,0.195176376,patch_1185,318.025778,318.178014,210.6236998,180.351574
1183,0.5915,0.59125,0.59175,0.170983581,0.187234648,patch_1186,318.178014,318.33025,210.6236998,181.583347
1184,0.592,0.59175,0.592250001,0.162578509,0.17803072,patch_1187,318.33025,318.482486,210.6236998,183.010889
1185,0.5925,0.592250001,0.592750002,0.153254895,0.167820946,patch_1188,318.482486,318.634722,210.6236998,184.594439
1186,0.593,0.592750002,0.593249999,0.143246813,0.15686165,patch_1189,318.634722,318.786957,210.6236998,186.294241
1187,0.5935,0.593249999,0.59375,0.132779077,0.145399012,patch_1190,318.786957,318.939193,210.6236998,188.072112
1188,0.594,0.59375,0.59425,0.12200202,0.133597654,patch_1191,318.939193,319.091429,210.6236998,189.902519
1189,0.5945,0.59425,0.594750001,0.111030271,0.121583099,patch_1192,319.091429,319.243665,210.6236998,191.765993
1190,0.595,0.594750001,0.595250002,0.099978206,0.109480596,patch_1193,319.243665,319.395901,210.6236998,193.643108
1191,0.5955,0.595250002,0.595749999,0.088960215,0.097415404,patch_1194,319.395901,319.548136,210.6236998,195.514436
1192,0.596,0.595749999,0.59625,0.07809069,0.085512789,patch_1195,319.548136,319.700372,210.6236998,197.360548
1193,0.5965,0.59625,0.59675,0.067484002,0.073897992,patch_1196,319.700372,319.852608,210.6236998,199.162019
1194,0.597,0.59675,0.597250001,0.057254557,0.062696293,patch_1197,319.852608,320.004844,210.6236998,200.899418
1195,0.5975,0.597250001,0.597750002,0.047514905,0.05203094,patch_1198,320.004844,320.15708,210.6236998,202.553629
1196,0.598,0.597750002,0.598249999,0.038362078,0.042008186,patch_1199,320.15708,320.309315,210.6236998,204.108172
1197,0.5985,0.598249999,0.59875,0.029885352,0.032725793,patch_1200,320.309315,320.461551,210.6236998,205.547884
1198,0.599,0.59875,0.59925,0.022173974,0.024281491,patch_1201,320.461551,320.613787,210.6236998,206.857607
1199,0.5995,0.59925,0.599750001,0.015317174,0.016772989,patch_1202,320.613787,320.766023,210.6236998,208.022186
1200,0.6,0.599750001,0.600250002,0.009404176,0.010297992,patch_1203,320.766023,320.918259,210.6236998,209.026467
1201,0.6005,0.600250002,0.600749999,0.004524208,0.00495421,patch_1204,320.918259,321.070494,210.6236998,209.855295
1202,0.601,0.600749999,0.60125,0.000766501,0.000839353,patch_1205,321.070494,321.22273,210.6236998,210.493515
1203,0.6015,0.60125,0.60175,-0.001799352,-0.001970371,patch_1206,321.22273,321.374966,210.6236998,210.929307
1204,0.602,0.60175,0.602250001,-0.003277341,-0.003588835,patch_1207,321.374966,321.527202,210.6236998,211.180333
1205,0.6025,0.602250001,0.602750002,-0.003861928,-0.004228984,patch_1208,321.527202,321.679438,210.6236998,211.279621
1206,0.603,0.602750002,0.603249999,-0.00374837,-0.004104633,patch_1209,321.679438,321.831673,210.6236998,211.260334
1207,0.6035,0.603249999,0.60375,-0.003131907,-0.003429577,patch_1210,321.831673,321.983909,210.6236998,211.155632
1208,0.604,0.60375,0.604250001,-0.002207794,-0.002417633,patch_1211,321.983909,322.136145,210.6236998,210.998678
1209,0.6045,0.604250001,0.604750001,-0.001171277,-0.001282601,patch_1212,322.136145,322.288381,210.6236998,210.822633
1210,0.605,0.604750001,0.605249999,-0.000217608,-0.000238291,patch_1213,322.288381,322.440616,210.6236998,210.660659
1211,0.6055,0.605249999,0.605749999,0.000474049,0.000519104,patch_1214,322.440616,322.592852,210.6236998,210.543186
1212,0.606,0.605749999,0.60625,0.000874018,0.000957089,patch_1215,322.592852,322.745088,210.6236998,210.475254
1213,0.6065,0.60625,0.606750001,0.001033819,0.001132078,patch_1216,322.745088,322.897324,210.6236998,210.448113
1214,0.607,0.606750001,0.607250001,0.001005769,0.001101362,patch_1217,322.897324,323.04956,210.6236998,210.452877
1215,0.6075,0.607250001,0.607749999,0.000842206,0.000922254,patch_1218,323.04956,323.201795,210.6236998,210.480657
1216,0.608,0.607749999,0.608249999,0.000595449,0.000652043,patch_1219,323.201795,323.354031,210.6236998,210.522567
1217,0.6085,0.608249999,0.60875,0.000317834,0.000348042,patch_1220,323.354031,323.506267,210.6236998,210.569718
1218,0.609,0.60875,0.609250001,0.000061685,0.000067548,patch_1221,323.506267,323.658503,210.6236998,210.613223
1219,0.6095,0.609250001,0.609750001,-0.000124728,-0.000136583,patch_1222,323.658503,323.810739,210.6236998,210.644884
1220,0.61,0.609750001,0.610249999,-0.000232769,-0.000254893,patch_1223,323.810739,323.962974,210.6236998,210.663234
1221,0.6105,0.610249999,0.610749999,-0.000276245,-0.0003025,patch_1224,323.962974,324.11521,210.6236998,210.670618
1222,0.611,0.610749999,0.61125,-0.000269221,-0.000294808,patch_1225,324.11521,324.267446,210.6236998,210.669425
1223,0.6115,0.61125,0.611750001,-0.000225751,-0.000247207,patch_1226,324.267446,324.419682,210.6236998,210.662042
1224,0.612,0.611750001,0.612250001,-0.000159896,-0.000175093,patch_1227,324.419682,324.571918,210.6236998,210.650857
1225,0.6125,0.612250001,0.612749999,-0.000085727,-0.000093875,patch_1228,324.571918,324.724153,210.6236998,210.63826
1226,0.613,0.612749999,0.61325,-0.000017288,-0.000018931,patch_1229,324.724153,324.876389,210.6236998,210.626636
1227,0.6135,0.61325,0.61375,0.000032376,0.000035453,patch_1230,324.876389,325.028625,210.6236998,210.618201
1228,0.614,0.61375,0.614250001,0.000060849,0.000066633,patch_1231,325.028625,325.180861,210.6236998,210.613365
1229,0.6145,0.614250001,0.614750002,0.000071971,0.000078812,patch_1232,325.180861,325.333097,210.6236998,210.611476
1230,0.615,0.614750002,0.615249999,0.000069651,0.000076271,patch_1233,325.333097,325.485332,210.6236998,210.61187
1231,0.6155,0.615249999,0.61575,0.000057805,0.000063299,patch_1234,325.485332,325.637568,210.6236998,210.613882
1232,0.616,0.61575,0.61625,0.000040348,0.000044183,patch_1235,325.637568,325.789804,210.6236998,210.616847
1233,0.6165,0.61625,0.616750001,0.000021189,0.000023203,patch_1236,325.789804,325.94204,210.6236998,210.620101
1234,0.617,0.616750001,0.617250002,0.000004244,0.000004647,patch_1237,325.94204,326.094276,210.6236998,210.622979
1235,0.6175,0.617250002,0.617749999,-0.00000686,-0.000007513,patch_1238,326.094276,326.246511,210.6236998,210.624865
1236,0.618,0.617749999,0.61825,-0.00001173,-0.000012845,patch_1239,326.246511,326.398747,210.6236998,210.625692
1237,0.6185,0.61825,0.61875,-0.00001193,-0.000013064,patch_1240,326.398747,326.550983,210.6236998,210.625726
1238,0.619,0.61875,0.619250001,-0.000009051,-0.000009911,patch_1241,326.550983,326.703219,210.6236998,210.625237
1239,0.6195,0.619250001,0.619750002,-0.0000047,-0.000005146,patch_1242,326.703219,326.855455,210.6236998,210.624498
1240,0.62,0.619750002,0.620249999,-0.000000466,-0.000000511,patch_1243,326.855455,327.00769,210.6236998,210.623779
1241,0.6205,0.620249999,0.62075,0.000002054,0.000002249,patch_1244,327.00769,327.159926,210.6236998,210.623351
1242,0.621,0.62075,0.62125,0.000001259,0.000001378,patch_1245,327.159926,327.312162,210.6236998,210.623486
1243,0.6215,0.62125,0.621750001,-0.00000424,-0.000004643,patch_1246,327.312162,327.464398,210.6236998,210.62442
1244,0.622,0.621750001,0.622250002,-0.000013496,-0.000014779,patch_1247,327.464398,327.616634,210.6236998,210.625992
1245,0.6225,0.622250002,0.622749999,-0.000024053,-0.000026339,patch_1248,327.616634,327.768869,210.6236998,210.627785
1246,0.623,0.622749999,0.62325,-0.00003345,-0.000036629,patch_1249,327.768869,327.921105,210.6236998,210.629381
1247,0.6235,0.62325,0.62375,-0.000039202,-0.000042928,patch_1250,327.921105,328.073341,210.6236998,210.630358
1248,0.624,0.62375,0.624250001,-0.000038843,-0.000042535,patch_1251,328.073341,328.225577,210.6236998,210.630297
1249,0.6245,0.624250001,0.624750002,-0.000029905,-0.000032748,patch_1252,328.225577,328.377813,210.6236998,210.628779
1250,0.625,0.624750002,0.625249999,-0.000009904,-0.000010846,patch_1253,328.377813,328.530048,210.6236998,210.625382
1251,0.6255,0.625249999,0.62575,0.000023114,0.000025311,patch_1254,328.530048,328.682284,210.6236998,210.619774
1252,0.626,0.62575,0.626250001,0.000065012,0.000071191,patch_1255,328.682284,328.83452,210.6236998,210.612658
1253,0.6265,0.626250001,0.626750001,0.000107557,0.00011778,patch_1256,328.83452,328.986756,210.6236998,210.605432
1254,0.627,0.626750001,0.627249999,0.000142466,0.000156006,patch_1257,328.986756,329.138991,210.6236998,210.599503
1255,0.6275,0.627249999,0.627749999,0.000161442,0.000176786,patch_1258,329.138991,329.291227,210.6236998,210.59628
1256,0.628,0.627749999,0.62825,0.00015619,0.000171035,patch_1259,329.291227,329.443463,210.6236998,210.597172
1257,0.6285,0.62825,0.628750001,0.00011842,0.000129675,patch_1260,329.443463,329.595699,210.6236998,210.603587
1258,0.629,0.628750001,0.629250001,0.000039842,0.000043628,patch_1261,329.595699,329.747935,210.6236998,210.616933
1259,0.6295,0.629250001,0.629749999,-0.00008614,-0.000094327,patch_1262,329.747935,329.90017,210.6236998,210.63833
1260,0.63,0.629749999,0.630249999,-0.00024425,-0.000267465,patch_1263,329.90017,330.052406,210.6236998,210.665184
1261,0.6305,0.630249999,0.63075,-0.000404092,-0.000442499,patch_1264,330.052406,330.204642,210.6236998,210.692332
1262,0.631,0.63075,0.631250001,-0.000534966,-0.000585812,patch_1265,330.204642,330.356878,210.6236998,210.71456
1263,0.6315,0.631250001,0.631750001,-0.000606167,-0.00066378,patch_1266,330.356878,330.509114,210.6236998,210.726653
1264,0.632,0.631750001,0.632249999,-0.000587008,-0.0006428,patch_1267,330.509114,330.661349,210.6236998,210.723399
1265,0.6325,0.632249999,0.632749999,-0.000446779,-0.000489243,patch_1268,330.661349,330.813585,210.6236998,210.699582
1266,0.633,0.632749999,0.63325,-0.000154779,-0.00016949,patch_1269,330.813585,330.965821,210.6236998,210.649988
1267,0.6335,0.63325,0.633750001,0.000313765,0.000343587,patch_1270,330.965821,331.118057,210.6236998,210.570409
1268,0.634,0.633750001,0.634250001,0.000903416,0.000989281,patch_1271,331.118057,331.270293,210.6236998,210.470261
1269,0.6345,0.634250001,0.634749999,0.001500939,0.001643595,patch_1272,331.270293,331.422528,210.6236998,210.368776
1270,0.635,0.634749999,0.63525,0.001991821,0.002181133,patch_1273,331.422528,331.574764,210.6236998,210.285403
1271,0.6355,0.63525,0.63575,0.002261565,0.002476514,patch_1274,331.574764,331.727,210.6236998,210.239589
1272,0.636,0.63575,0.636250001,0.002195663,0.002404349,patch_1275,331.727,331.879236,210.6236998,210.250782
1273,0.6365,0.636250001,0.636750002,0.001679604,0.001839241,patch_1276,331.879236,332.031472,210.6236998,210.338431
1274,0.637,0.636750002,0.637249999,0.000598887,0.000655808,patch_1277,332.031472,332.183707,210.6236998,210.521983
1275,0.6375,0.637249999,0.63775,-0.001140478,-0.001248875,patch_1278,332.183707,332.335943,210.6236998,210.817402
1276,0.638,0.63775,0.63825,-0.003337532,-0.003654746,patch_1279,332.335943,332.488179,210.6236998,211.190556
1277,0.6385,0.63825,0.638750001,-0.005570295,-0.006099721,patch_1280,332.488179,332.640415,210.6236998,211.569775
1278,0.639,0.638750001,0.639250002,-0.007411449,-0.008115867,patch_1281,332.640415,332.792651,210.6236998,211.882482
1279,0.6395,0.639250002,0.639749999,-0.008433658,-0.009235232,patch_1282,332.792651,332.944886,210.6236998,212.056097
1280,0.64,0.639749999,0.64025,-0.00820961,-0.008989889,patch_1283,332.944886,333.097122,210.6236998,212.018044
1281,0.6405,0.64025,0.64075,-0.006311974,-0.006911893,patch_1284,333.097122,333.249358,210.6236998,211.695744
1282,0.641,0.64075,0.641250001,-0.002313427,-0.002533306,patch_1285,333.249358,333.401594,210.6236998,211.016619
1283,0.6415,0.641250001,0.641750002,0.004173366,0.004570022,patch_1286,333.401594,333.55383,210.6236998,209.914883
1284,0.642,0.641750002,0.642249999,0.012925718,0.014154237,patch_1287,333.55383,333.706065,210.6236998,208.428358
1285,0.6425,0.642249999,0.64275,0.023245393,0.025454743,patch_1288,333.706065,333.858301,210.6236998,206.675634
1286,0.643,0.64275,0.64325,0.034421566,0.037693151,patch_1289,333.858301,334.010537,210.6236998,204.77744
1287,0.6435,0.64325,0.643750001,0.045743427,0.050091093,patch_1290,334.010537,334.162773,210.6236998,202.854502
1288,0.644,0.643750001,0.644250002,0.056500136,0.061870169,patch_1291,334.162773,334.315009,210.6236998,201.027551
1289,0.6445,0.644250002,0.644749999,0.065980878,0.072252004,patch_1292,334.315009,334.467244,210.6236998,199.417314
1290,0.645,0.644749999,0.64525,0.073474831,0.080458218,patch_1293,334.467244,334.61948,210.6236998,198.144519
1291,0.6455,0.64525,0.64575,0.078305795,0.085748338,patch_1294,334.61948,334.771716,210.6236998,197.324014
1292,0.646,0.64575,0.646250001,0.080358609,0.087996261,patch_1295,334.771716,334.923952,210.6236998,196.975358
1293,0.6465,0.646250001,0.646750002,0.079973082,0.087574092,patch_1296,334.923952,335.076188,210.6236998,197.040837
1294,0.647,0.646750002,0.647249999,0.077502211,0.084868378,patch_1297,335.076188,335.228423,210.6236998,197.460497
1295,0.6475,0.647249999,0.64775,0.073298916,0.080265582,patch_1298,335.228423,335.380659,210.6236998,198.174397
1296,0.648,0.64775,0.648250001,0.067716152,0.074152207,patch_1299,335.380659,335.532895,210.6236998,199.12259
1297,0.6485,0.648250001,0.648750001,0.061106875,0.066914754,patch_1300,335.532895,335.685131,210.6236998,200.245129
1298,0.649,0.648750001,0.649249999,0.053824052,0.058939738,patch_1301,335.685131,335.837366,210.6236998,201.482065
1299,0.6495,0.649249999,0.649749999,0.046215557,0.050608097,patch_1302,335.837366,335.989602,210.6236998,202.774314
1300,0.65,0.649749999,0.65025,0.03854175,0.042204935,patch_1303,335.989602,336.141838,210.6236998,204.077656
1301,0.6505,0.65025,0.650750001,0.030989172,0.033934525,patch_1304,336.141838,336.294074,210.6236998,205.360408
1302,0.651,0.650750001,0.651250001,0.023742058,0.025998613,patch_1305,336.294074,336.44631,210.6236998,206.591279
1303,0.6515,0.651250001,0.651749999,0.016984638,0.018598937,patch_1306,336.44631,336.598545,210.6236998,207.738979
1304,0.652,0.651749999,0.652249999,0.010901147,0.011937242,patch_1307,336.598545,336.750781,210.6236998,208.772217
1305,0.6525,0.652249999,0.65275,0.005675808,0.006215262,patch_1308,336.750781,336.903017,210.6236998,209.659704
1306,0.653,0.65275,0.653250001,0.00149286,0.001634749,patch_1309,336.903017,337.055253,210.6236998,210.370148
1307,0.6535,0.653250001,0.653750001,-0.001474334,-0.001614461,patch_1310,337.055253,337.207489,210.6236998,210.874105
1308,0.654,0.653750001,0.654249999,-0.003251923,-0.003561001,patch_1311,337.207489,337.359724,210.6236998,211.176016
1309,0.6545,0.654249999,0.654749999,-0.004041129,-0.004425217,patch_1312,337.359724,337.51196,210.6236998,211.310057
1310,0.655,0.654749999,0.65525,-0.004049101,-0.004433946,patch_1313,337.51196,337.664196,210.6236998,211.311411
1311,0.6555,0.65525,0.655750001,-0.003483007,-0.003814049,patch_1314,337.664196,337.816432,210.6236998,211.215264
1312,0.656,0.655750001,0.656250001,-0.00255001,-0.002792375,patch_1315,337.816432,337.968668,210.6236998,211.056801
1313,0.6565,0.656250001,0.656749999,-0.001457253,-0.001595758,patch_1316,337.968668,338.120903,210.6236998,210.871204
1314,0.657,0.656749999,0.65725,-0.000411905,-0.000451055,patch_1317,338.120903,338.273139,210.6236998,210.693659
1315,0.6575,0.65725,0.65775,0.000385579,0.000422226,patch_1318,338.273139,338.425375,210.6236998,210.558212
1316,0.658,0.65775,0.658250001,0.000866287,0.000948623,patch_1319,338.425375,338.577611,210.6236998,210.476567
1317,0.6585,0.658250001,0.658750002,0.001081321,0.001184095,patch_1320,338.577611,338.729847,210.6236998,210.440045
1318,0.659,0.658750002,0.659249999,0.001086197,0.001189434,patch_1321,338.729847,338.882082,210.6236998,210.439217
1319,0.6595,0.659249999,0.65975,0.000936411,0.001025412,patch_1322,338.882082,339.034318,210.6236998,210.464657
1320,0.66,0.65975,0.66025,0.000687481,0.000752822,patch_1323,339.034318,339.186554,210.6236998,210.506936
1321,0.6605,0.66025,0.660750001,0.000394911,0.000432445,patch_1324,339.186554,339.33879,210.6236998,210.556627
1322,0.661,0.660750001,0.661250002,0.00011421,0.000125065,patch_1325,339.33879,339.491026,210.6236998,210.604302
1323,0.6615,0.661250002,0.661749999,-0.000100765,-0.000110342,patch_1326,339.491026,339.643261,210.6236998,210.640814
1324,0.662,0.661749999,0.66225,-0.00023075,-0.000252681,patch_1327,339.643261,339.795497,210.6236998,210.662891
1325,0.6625,0.66225,0.66275,-0.000289333,-0.000316833,patch_1328,339.795497,339.947733,210.6236998,210.672841
1326,0.663,0.66275,0.663250001,-0.00029137,-0.000319064,patch_1329,339.947733,340.099969,210.6236998,210.673187
1327,0.6635,0.663250001,0.663750002,-0.000251751,-0.000275679,patch_1330,340.099969,340.252205,210.6236998,210.666458
1328,0.664,0.663750002,0.664249999,-0.000185337,-0.000202952,patch_1331,340.252205,340.40444,210.6236998,210.655178
1329,0.6645,0.664249999,0.66475,-0.000107012,-0.000117183,patch_1332,340.40444,340.556676,210.6236998,210.641875
1330,0.665,0.66475,0.66525,-0.000031642,-0.00003465,patch_1333,340.556676,340.708912,210.6236998,210.629074
1331,0.6655,0.66525,0.665750001,0.000026305,0.000028806,patch_1334,340.708912,340.861148,210.6236998,210.619232
1332,0.666,0.665750001,0.666250002,0.000061456,0.000067297,patch_1335,340.861148,341.013384,210.6236998,210.613262
1333,0.6665,0.666250002,0.666749999,0.000077412,0.000084769,patch_1336,341.013384,341.165619,210.6236998,210.610552
1334,0.667,0.666749999,0.66725,0.000078153,0.000085581,patch_1337,341.165619,341.317855,210.6236998,210.610426
1335,0.6675,0.66725,0.66775,0.000067679,0.000074112,patch_1338,341.317855,341.470091,210.6236998,210.612205
1336,0.668,0.66775,0.668250001,0.000049963,0.000054711,patch_1339,341.470091,341.622327,210.6236998,210.615214
1337,0.6685,0.668250001,0.668750002,0.00002899,0.000031746,patch_1340,341.622327,341.774563,210.6236998,210.618776
1338,0.669,0.668750002,0.669249999,0.000008754,0.000009586,patch_1341,341.774563,341.926798,210.6236998,210.622213
1339,0.6695,0.669249999,0.66975,-0.000006866,-0.000007519,patch_1342,341.926798,342.079034,210.6236998,210.624866
1340,0.67,0.66975,0.670250001,-0.000016369,-0.000017925,patch_1343,342.079034,342.23127,210.6236998,210.62648
1341,0.6705,0.670250001,0.670750001,-0.000020714,-0.000022683,patch_1344,342.23127,342.383506,210.6236998,210.627218
1342,0.671,0.670750001,0.671249999,-0.000020968,-0.00002296,patch_1345,342.383506,342.535741,210.6236998,210.627261
1343,0.6715,0.671249999,0.671749999,-0.000018194,-0.000019924,patch_1346,342.535741,342.687977,210.6236998,210.62679
1344,0.672,0.671749999,0.67225,-0.000013472,-0.000014753,patch_1347,342.687977,342.840213,210.6236998,210.625988
1345,0.6725,0.67225,0.672750001,-0.000007855,-0.000008602,patch_1348,342.840213,342.992449,210.6236998,210.625034
1346,0.673,0.672750001,0.673250001,-0.000002421,-0.000002651,patch_1349,342.992449,343.144685,210.6236998,210.624111
1347,0.6735,0.673250001,0.673749999,0.000001789,0.000001959,patch_1350,343.144685,343.29692,210.6236998,210.623396
1348,0.674,0.673749999,0.674249999,0.000004356,0.00000477,patch_1351,343.29692,343.449156,210.6236998,210.62296
1349,0.6745,0.674249999,0.67475,0.000005539,0.000006066,patch_1352,343.449156,343.601392,210.6236998,210.622759
1350,0.675,0.67475,0.675250001,0.000005622,0.000006156,patch_1353,343.601392,343.753628,210.6236998,210.622745
1351,0.6755,0.675250001,0.675750001,0.000004886,0.00000535,patch_1354,343.753628,343.905864,210.6236998,210.62287
1352,0.676,0.675750001,0.676249999,0.000003626,0.00000397,patch_1355,343.905864,344.058099,210.6236998,210.623084
1353,0.6765,0.676249999,0.676749999,0.000002124,0.000002326,patch_1356,344.058099,344.210335,210.6236998,210.623339
1354,0.677,0.676749999,0.67725,0.000000664,0.000000727,patch_1357,344.210335,344.362571,210.6236998,210.623587
1355,0.6775,0.67725,0.677750001,-0.000000466,-0.000000511,patch_1358,344.362571,344.514807,210.6236998,210.623779
1356,0.678,0.677750001,0.678250001,-0.000001161,-0.000001271,patch_1359,344.514807,344.667043,210.6236998,210.623897
1357,0.6785,0.678250001,0.678749999,-0.000001485,-0.000001626,patch_1360,344.667043,344.819278,210.6236998,210.623952
1358,0.679,0.678749999,0.67925,-0.000001508,-0.000001652,patch_1361,344.819278,344.971514,210.6236998,210.623956
1359,0.6795,0.67925,0.67975,-0.000001314,-0.000001439,patch_1362,344.971514,345.12375,210.6236998,210.623923
1360,0.68,0.67975,0.680250001,-0.000000979,-0.000001072,patch_1363,345.12375,345.275986,210.6236998,210.623866
1361,0.6805,0.680250001,0.680750002,-0.000000578,-0.000000633,patch_1364,345.275986,345.428222,210.6236998,210.623798
1362,0.681,0.680750002,0.681249999,-0.00000019,-0.000000208,patch_1365,345.428222,345.580457,210.6236998,210.623732
1363,0.6815,0.681249999,0.68175,0.000000117,0.000000128,patch_1366,345.580457,345.732693,210.6236998,210.62368
1364,0.682,0.68175,0.68225,0.000000305,0.000000334,patch_1367,345.732693,345.884929,210.6236998,210.623648
1365,0.6825,0.68225,0.682750001,0.000000393,0.000000431,patch_1368,345.884929,346.037165,210.6236998,210.623633
1366,0.683,0.682750001,0.683250002,0.000000405,0.000000444,patch_1369,346.037165,346.189401,210.6236998,210.623631
1367,0.6835,0.683250002,0.683749999,0.000000352,0.000000386,patch_1370,346.189401,346.341636,210.6236998,210.62364
1368,0.684,0.683749999,0.68425,0.000000264,0.000000289,patch_1371,346.341636,346.493872,210.6236998,210.623655
1369,0.6845,0.68425,0.68475,0.000000152,0.000000166,patch_1372,346.493872,346.646108,210.6236998,210.623674
1370,0.685,0.68475,0.685250001,0.000000046,0.00000005,patch_1373,346.646108,346.798344,210.6236998,210.623692
1371,0.6855,0.685250001,0.685750002,-0.000000037,-0.00000004,patch_1374,346.798344,346.95058,210.6236998,210.623706
1372,0.686,0.685750002,0.686249999,-0.000000084,-0.000000092,patch_1375,346.95058,347.102815,210.6236998,210.623714
1373,0.6865,0.686249999,0.68675,-0.000000107,-0.000000117,patch_1376,347.102815,347.255051,210.6236998,210.623718
1374,0.687,0.68675,0.68725,-0.000000113,-0.000000124,patch_1377,347.255051,347.407287,210.6236998,210.623719
1375,0.6875,0.68725,0.687750001,-0.000000095,-0.000000104,patch_1378,347.407287,347.559523,210.6236998,210.623716
1376,0.688,0.687750001,0.688250002,-0.000000072,-0.000000079,patch_1379,347.559523,347.711759,210.6236998,210.623712
1377,0.6885,0.688250002,0.688749999,-0.000000042,-0.000000046,patch_1380,347.711759,347.863994,210.6236998,210.623707
1378,0.689,0.688749999,0.68925,-0.000000019,-0.000000021,patch_1381,347.863994,348.01623,210.6236998,210.623703
1379,0.6895,0.68925,0.68975,0.000000005,0.000000005,patch_1382,348.01623,348.168466,210.6236998,210.623699
1380,0.69,0.68975,0.690250001,0.000000022,0.000000025,patch_1383,348.168466,348.320702,210.6236998,210.623696
1381,0.6905,0.690250001,0.690750002,0.000000028,0.000000031,patch_1384,348.320702,348.472938,210.6236998,210.623695
1382,0.691,0.690750002,0.691249999,0.000000028,0.000000031,patch_1385,348.472938,348.625173,210.6236998,210.623695
1383,0.6915,0.691249999,0.69175,0.000000022,0.000000025,patch_1386,348.625173,348.777409,210.6236998,210.623696
1384,0.692,0.69175,0.692250001,0.000000016,0.000000018,patch_1387,348.777409,348.929645,210.6236998,210.623697
1385,0.6925,0.692250001,0.692750001,0.000000011,0.000000012,patch_1388,348.929645,349.081881,210.6236998,210.623698
1386,0.693,0.692750001,0.693249999,-0.000000001,-0.000000001,patch_1389,349.081881,349.234116,210.6236998,210.6237
1387,0.6935,0.693249999,0.693749999,-0.000000007,-0.000000008,patch_1390,349.234116,349.386352,210.6236998,210.623701
1388,0.694,0.693749999,0.69425,-0.000000007,-0.000000008,patch_1391,349.386352,349.538588,210.6236998,210.623701
1389,0.6945,0.69425,0.694750001,-0.000000007,-0.000000008,patch_1392,349.538588,349.690824,210.6236998,210.623701
1390,0.695,0.694750001,0.695250001,-0.000000007,-0.000000008,patch_1393,349.690824,349.84306,210.6236998,210.623701
1391,0.6955,0.695250001,0.695749999,-0.000000007,-0.000000008,patch_1394,349.84306,349.995295,210.6236998,210.623701
1392,0.696,0.695749999,0.696249999,-0.000000007,-0.000000008,patch_1395,349.995295,350.147531,210.6236998,210.623701
1393,0.6965,0.696249999,0.69675,-0.000000007,-0.000000008,patch_1396,350.147531,350.299767,210.6236998,210.623701
1394,0.697,0.69675,0.697250001,-0.000000001,-0.000000001,patch_1397,350.299767,350.452003,210.6236998,210.6237
1395,0.6975,0.697250001,0.697750001,-0.000000001,-0.000000001,patch_1398,350.452003,350.604239,210.6236998,210.6237
1396,0.698,0.697750001,0.698249999,-0.000000001,-0.000000001,patch_1399,350.604239,350.756474,210.6236998,210.6237
1397,0.6985,0.698249999,0.698749999,-0.000000001,-0.000000001,patch_1400,350.756474,350.90871,210.6236998,210.6237
1398,0.699,0.698749999,0.69925,-0.000000001,-0.000000001,patch_1401,350.90871,351.060946,210.6236998,210.6237
1399,0.6995,0.69925,0.699750001,-0.000000001,-0.000000001,patch_1402,351.060946,351.213182,210.6236998,210.6237
1400,0.7,0.699750001,0.700250001,-0.000000001,-0.000000001,patch_1403,351.213182,351.365418,210.6236998,210.6237
1401,0.7005,0.700250001,0.700749999,-0.000000001,-0.000000001,patch_1404,351.365418,351.517653,210.6236998,210.6237
1402,0.701,0.700749999,0.701249999,-0.000000001,-0.000000001,patch_1405,351.517653,351.669889,210.6236998,210.6237
1403,0.7015,0.701249999,0.70175,-0.000000001,-0.000000001,patch_1406,351.669889,351.822125,210.6236998,210.6237
1404,0.702,0.70175,0.702250001,-0.000000001,-0.000000001,patch_1407,351.822125,351.974361,210.6236998,210.6237
1405,0.7025,0.702250001,0.702750002,-0.000000001,-0.000000001,patch_1408,351.974361,352.126597,210.6236998,210.6237
1406,0.703,0.702750002,0.703249999,-0.000000001,-0.000000001,patch_1409,352.126597,352.278832,210.6236998,210.6237
1407,0.7035,0.703249999,0.70375,-0.000000001,-0.000000001,patch_1410,352.278832,352.431068,210.6236998,210.6237
1408,0.704,0.70375,0.70425,-0.000000001,-0.000000001,patch_1411,352.431068,352.583304,210.6236998,210.6237
1409,0.7045,0.70425,0.704750001,-0.000000001,-0.000000001,patch_1412,352.583304,352.73554,210.6236998,210.6237
1410,0.705,0.704750001,0.705250002,-0.000000001,-0.000000001,patch_1413,352.73554,352.887776,210.6236998,210.6237
1411,0.7055,0.705250002,0.705749999,-0.000000001,-0.000000001,patch_1414,352.887776,353.040011,210.6236998,210.6237
1412,0.706,0.705749999,0.70625,-0.000000001,-0.000000001,patch_1415,353.040011,353.192247,210.6236998,210.6237
1413,0.7065,0.70625,0.70675,-0.000000001,-0.000000001,patch_1416,353.192247,353.344483,210.6236998,210.6237
1414,0.707,0.70675,0.707250001,-0.000000001,-0.000000001,patch_1417,353.344483,353.496719,210.6236998,210.6237
1415,0.7075,0.707250001,0.707750002,-0.000000001,-0.000000001,patch_1418,353.496719,353.648955,210.6236998,210.6237
1416,0.708,0.707750002,0.708249999,-0.000000001,-0.000000001,patch_1419,353.648955,353.80119,210.6236998,210.6237
1417,0.7085,0.708249999,0.70875,-0.000000001,-0.000000001,patch_1420,353.80119,353.953426,210.6236998,210.6237
1418,0.709,0.70875,0.70925,-0.000000001,-0.000000001,patch_1421,353.953426,354.105662,210.6236998,210.6237
1419,0.7095,0.70925,0.709750001,-0.000000001,-0.000000001,patch_1422,354.105662,354.257898,210.6236998,210.6237
1420,0.71,0.709750001,0.710250002,-0.000000001,-0.000000001,patch_1423,354.257898,354.410134,210.6236998,210.6237
1421,0.7105,0.710250002,0.710749999,-0.000000001,-0.000000001,patch_1424,354.410134,354.562369,210.6236998,210.6237
1422,0.711,0.710749999,0.71125,-0.000000001,-0.000000001,patch_1425,354.562369,354.714605,210.6236998,210.6237
1423,0.7115,0.71125,0.71175,-0.000000001,-0.000000001,patch_1426,354.714605,354.866841,210.6236998,210.6237
1424,0.712,0.71175,0.712250001,-0.000000001,-0.000000001,patch_1427,354.866841,355.019077,210.6236998,210.6237
1425,0.7125,0.712250001,0.712750002,-0.000000001,-0.000000001,patch_1428,355.019077,355.171313,210.6236998,210.6237
1426,0.713,0.712750002,0.713249999,-0.000000001,-0.000000001,patch_1429,355.171313,355.323548,210.6236998,210.6237
1427,0.7135,0.713249999,0.71375,-0.000000001,-0.000000001,patch_1430,355.323548,355.475784,210.6236998,210.6237
1428,0.714,0.71375,0.714250001,-0.000000001,-0.000000001,patch_1431,355.475784,355.62802,210.6236998,210.6237
1429,0.7145,0.714250001,0.714750001,-0.000000001,-0.000000001,patch_1432,355.62802,355.780256,210.6236998,210.6237
1430,0.715,0.714750001,0.715249999,-0.000000001,-0.000000001,patch_1433,355.780256,355.932491,210.6236998,210.6237
1431,0.7155,0.715249999,0.715749999,-0.000000001,-0.000000001,patch_1434,355.932491,356.084727,210.6236998,210.6237
1432,0.716,0.715749999,0.71625,-0.000000001,-0.000000001,patch_1435,356.084727,356.236963,210.6236998,210.6237
1433,0.7165,0.71625,0.716750001,-0.000000001,-0.000000001,patch_1436,356.236963,356.389199,210.6236998,210.6237
1434,0.717,0.716750001,0.717250001,-0.000000001,-0.000000001,patch_1437,356.389199,356.541435,210.6236998,210.6237
1435,0.7175,0.717250001,0.717749999,-0.000000001,-0.000000001,patch_1438,356.541435,356.69367,210.6236998,210.6237
1436,0.718,0.717749999,0.718249999,-0.000000001,-0.000000001,patch_1439,356.69367,356.845906,210.6236998,210.6237
1437,0.7185,0.718249999,0.71875,-0.000000001,-0.000000001,patch_1440,356.845906,356.998142,210.6236998,210.6237
1438,0.719,0.71875,0.719250001,-0.000000001,-0.000000001,patch_1441,356.998142,357.150378,210.6236998,210.6237
1439,0.7195,0.719250001,0.719750001,-0.000000001,-0.000000001,patch_1442,357.150378,357.302614,210.6236998,210.6237
1440,0.72,0.719750001,0.720249999,-0.000000001,-0.000000001,patch_1443,357.302614,357.454849,210.6236998,210.6237
1441,0.7205,0.720249999,0.720749999,-0.000000001,-0.000000001,patch_1444,357.454849,357.607085,210.6236998,210.6237
1442,0.721,0.720749999,0.72125,-0.000000001,-0.000000001,patch_1445,357.607085,357.759321,210.6236998,210.6237
1443,0.7215,0.72125,0.721750001,-0.000000001,-0.000000001,patch_1446,357.759321,357.911557,210.6236998,210.6237
1444,0.722,0.721750001,0.722250001,-0.000000001,-0.000000001,patch_1447,357.911557,358.063793,210.6236998,210.6237
1445,0.7225,0.722250001,0.722749999,-0.000000001,-0.000000001,patch_1448,358.063793,358.216028,210.6236998,210.6237
1446,0.723,0.722749999,0.723249999,-0.000000001,-0.000000001,patch_1449,358.216028,358.368264,210.6236998,210.6237
1447,0.7235,0.723249999,0.72375,-0.000000001,-0.000000001,patch_1450,358.368264,358.5205,210.6236998,210.6237
1448,0.724,0.72375,0.724250001,-0.000000001,-0.000000001,patch_1451,358.5205,358.672736,210.6236998,210.6237
1449,0.7245,0.724250001,0.724750002,-0.000000001,-0.000000001,patch_1452,358.672736,358.824972,210.6236998,210.6237
1450,0.725,0.724750002,0.725249999,-0.000000001,-0.000000001,patch_1453,358.824972,358.977207,210.6236998,210.6237
1451,0.7255,0.725249999,0.72575,-0.000000001,-0.000000001,patch_1454,358.977207,359.129443,210.6236998,210.6237
1452,0.726,0.72575,0.72625,-0.000000001,-0.000000001,patch_1455,359.129443,359.281679,210.6236998,210.6237
1453,0.7265,0.72625,0.726750001,-0.000000001,-0.000000001,patch_1456,359.281679,359.433915,210.6236998,210.6237
1454,0.727,0.726750001,0.727250002,-0.000000001,-0.000000001,patch_1457,359.433915,359.586151,210.6236998,210.6237
1455,0.7275,0.727250002,0.727749999,-0.000000001,-0.000000001,patch_1458,359.586151,359.738386,210.6236998,210.6237
1456,0.728,0.727749999,0.72825,-0.000000001,-0.000000001,patch_1459,359.738386,359.890622,210.6236998,210.6237
1457,0.7285,0.72825,0.72875,-0.000000001,-0.000000001,patch_1460,359.890622,360.042858,210.6236998,210.6237
1458,0.729,0.72875,0.729250001,-0.000000001,-0.000000001,patch_1461,360.042858,360.195094,210.6236998,210.6237
1459,0.7295,0.729250001,0.729750002,-0.000000001,-0.000000001,patch_1462,360.195094,360.34733,210.6236998,210.6237
1460,0.73,0.729750002,0.730249999,-0.000000001,-0.000000001,patch_1463,360.34733,360.499565,210.6236998,210.6237
1461,0.7305,0.730249999,0.73075,-0.000000001,-0.000000001,patch_1464,360.499565,360.651801,210.6236998,210.6237
1462,0.731,0.73075,0.73125,-0.000000001,-0.000000001,patch_1465,360.651801,360.804037,210.6236998,210.6237
1463,0.7315,0.73125,0.731750001,-0.000000001,-0.000000001,patch_1466,360.804037,360.956273,210.6236998,210.6237
1464,0.732,0.731750001,0.732250002,-0.000000001,-0.000000001,patch_1467,360.956273,361.108509,210.6236998,210.6237
1465,0.7325,0.732250002,0.732749999,-0.000000001,-0.000000001,patch_1468,361.108509,361.260744,210.6236998,210.6237
1466,0.733,0.732749999,0.73325,-0.000000001,-0.000000001,patch_1469,361.260744,361.41298,210.6236998,210.6237
1467,0.7335,0.73325,0.73375,-0.000000001,-0.000000001,patch_1470,361.41298,361.565216,210.6236998,210.6237
1468,0.734,0.73375,0.734250001,-0.000000001,-0.000000001,patch_1471,361.565216,361.717452,210.6236998,210.6237
1469,0.7345,0.734250001,0.734750002,-0.000000001,-0.000000001,patch_1472,361.717452,361.869688,210.6236998,210.6237
1470,0.735,0.734750002,0.735249999,-0.000000001,-0.000000001,patch_1473,361.869688,362.021923,210.6236998,210.6237
1471,0.7355,0.735249999,0.73575,-0.000000001,-0.000000001,patch_1474,362.021923,362.174159,210.6236998,210.6237
1472,0.736,0.73575,0.736250001,-0.000000001,-0.000000001,patch_1475,362.174159,362.326395,210.6236998,210.6237
1473,0.7365,0.736250001,0.736750001,-0.000000001,-0.000000001,patch_1476,362.326395,362.478631,210.6236998,210.6237
1474,0.737,0.736750001,0.737249999,-0.000000001,-0.000000001,patch_1477,362.478631,362.630866,210.6236998,210.6237
1475,0.7375,0.737249999,0.737749999,-0.000000001,-0.000000001,patch_1478,362.630866,362.783102,210.6236998,210.6237
1476,0.738,0.737749999,0.73825,-0.000000001,-0.000000001,patch_1479,362.783102,362.935338,210.6236998,210.6237
1477,0.7385,0.73825,0.738750001,-0.000000001,-0.000000001,patch_1480,362.935338,363.087574,210.6236998,210.6237
1478,0.739,0.738750001,0.739250001,-0.000000001,-0.000000001,patch_1481,363.087574,363.23981,210.6236998,210.6237
1479,0.7395,0.739250001,0.739749999,-0.000000001,-0.000000001,patch_1482,363.23981,363.392045,210.6236998,210.6237
1480,0.74,0.739749999,0.740249999,-0.000000001,-0.000000001,patch_1483,363.392045,363.544281,210.6236998,210.6237
1481,0.7405,0.740249999,0.74075,-0.000000001,-0.000000001,patch_1484,363.544281,363.696517,210.6236998,210.6237
1482,0.741,0.74075,0.741250001,-0.000000001,-0.000000001,patch_1485,363.696517,363.848753,210.6236998,210.6237
1483,0.7415,0.741250001,0.741750001,-0.000000001,-0.000000001,patch_1486,363.848753,364.000989,210.6236998,210.6237
1484,0.742,0.741750001,0.742249999,-0.000000001,-0.000000001,patch_1487,364.000989,364.153224,210.6236998,210.6237
1485,0.7425,0.742249999,0.742749999,-0.000000001,-0.000000001,patch_1488,364.153224,364.30546,210.6236998,210.6237
1486,0.743,0.742749999,0.74325,-0.000000001,-0.000000001,patch_1489,364.30546,364.457696,210.6236998,210.6237
1487,0.7435,0.74325,0.743750001,-0.000000001,-0.000000001,patch_1490,364.457696,364.609932,210.6236998,210.6237
1488,0.744,0.743750001,0.744250001,-0.000000001,-0.000000001,patch_1491,364.609932,364.762168,210.6236998,210.6237
1489,0.7445,0.744250001,0.744749999,-0.000000001,-0.000000001,patch_1492,364.762168,364.914403,210.6236998,210.6237
1490,0.745,0.744749999,0.745249999,-0.000000001,-0.000000001,patch_1493,364.914403,365.066639,210.6236998,210.6237
1491,0.7455,0.745249999,0.74575,-0.000000001,-0.000000001,patch_1494,365.066639,365.218875,210.6236998,210.6237
1492,0.746,0.74575,0.746250001,-0.000000001,-0.000000001,patch_1495,365.218875,365.371111,210.6236998,210.6237
1493,0.7465,0.746250001,0.746750002,-0.000000001,-0.000000001,patch_1496,365.371111,365.523347,210.6236998,210.6237
1494,0.747,0.746750002,0.747249999,-0.000000001,-0.000000001,patch_1497,365.523347,365.675582,210.6236998,210.6237
1495,0.7475,0.747249999,0.74775,-0.000000001,-0.000000001,patch_1498,365.675582,365.827818,210.6236998,210.6237
1496,0.748,0.74775,0.74825,-0.000000001,-0.000000001,patch_1499,365.827818,365.980054,210.6236998,210.6237
1497,0.7485,0.74825,0.748750001,-0.000000001,-0.000000001,patch_1500,365.980054,366.13229,210.6236998,210.6237
1498,0.749,0.748750001,0.749250002,-0.000000001,-0.000000001,patch_1501,366.13229,366.284526,210.6236998,210.6237
1499,0.7495,0.749250002,0.749749999,-0.000000001,-0.000000001,patch_1502,366.284526,366.436761,210.6236998,210.6237
1500,0.75,0.749749999,0.75025,-0.000000001,-0.000000001,patch_1503,366.436761,366.588997,210.6236998,210.6237
1501,0.7505,0.75025,0.75075,-0.000000001,-0.000000001,patch_1504,366.588997,366.741233,210.6236998,210.6237
1502,0.751,0.75075,0.751250001,-0.000000001,-0.000000001,patch_1505,366.741233,366.893469,210.6236998,210.6237
1503,0.7515,0.751250001,0.751750002,-0.000000001,-0.000000001,patch_1506,366.893469,367.045705,210.6236998,210.6237
1504,0.752,0.751750002,0.752249999,-0.000000001,-0.000000001,patch_1507,367.045705,367.19794,210.6236998,210.6237
1505,0.7525,0.752249999,0.75275,-0.000000001,-0.000000001,patch_1508,367.19794,367.350176,210.6236998,210.6237
1506,0.753,0.75275,0.75325,-0.000000001,-0.000000001,patch_1509,367.350176,367.502412,210.6236998,210.6237
1507,0.7535,0.75325,0.753750001,-0.000000001,-0.000000001,patch_1510,367.502412,367.654648,210.6236998,210.6237
1508,0.754,0.753750001,0.754250002,-0.000000001,-0.000000001,patch_1511,367.654648,367.806884,210.6236998,210.6237
1509,0.7545,0.754250002,0.754749999,-0.000000001,-0.000000001,patch_1512,367.806884,367.959119,210.6236998,210.6237
1510,0.755,0.754749999,0.75525,-0.000000001,-0.000000001,patch_1513,367.959119,368.111355,210.6236998,210.6237
1511,0.7555,0.75525,0.75575,-0.000000001,-0.000000001,patch_1514,368.111355,368.263591,210.6236998,210.6237
1512,0.756,0.75575,0.756250001,-0.000000001,-0.000000001,patch_1515,368.263591,368.415827,210.6236998,210.6237
1513,0.7565,0.756250001,0.756750002,-0.000000001,-0.000000001,patch_1516,368.415827,368.568063,210.6236998,210.6237
1514,0.757,0.756750002,0.757249999,-0.000000001,-0.000000001,patch_1517,368.568063,368.720298,210.6236998,210.6237
1515,0.7575,0.757249999,0.75775,-0.000000001,-0.000000001,patch_1518,368.720298,368.872534,210.6236998,210.6237
1516,0.758,0.75775,0.758250001,-0.000000001,-0.000000001,patch_1519,368.872534,369.02477,210.6236998,210.6237
1517,0.7585,0.758250001,0.758750001,-0.000000001,-0.000000001,patch_1520,369.02477,369.177006,210.6236998,210.6237
1518,0.759,0.758750001,0.759249999,-0.000000001,-0.000000001,patch_1521,369.177006,369.329241,210.6236998,210.6237
1519,0.7595,0.759249999,0.759749999,-0.000000001,-0.000000001,patch_1522,369.329241,369.481477,210.6236998,210.6237
1520,0.76,0.759749999,0.76025,-0.000000001,-0.000000001,patch_1523,369.481477,369.633713,210.6236998,210.6237
1521,0.7605,0.76025,0.760750001,-0.000000001,-0.000000001,patch_1524,369.633713,369.785949,210.6236998,210.6237
1522,0.761,0.760750001,0.761250001,-0.000000001,-0.000000001,patch_1525,369.785949,369.938185,210.6236998,210.6237
1523,0.7615,0.761250001,0.761749999,-0.000000001,-0.000000001,patch_1526,369.938185,370.09042,210.6236998,210.6237
1524,0.762,0.761749999,0.762249999,-0.000000001,-0.000000001,patch_1527,370.09042,370.242656,210.6236998,210.6237
1525,0.7625,0.762249999,0.76275,-0.000000001,-0.000000001,patch_1528,370.242656,370.394892,210.6236998,210.6237
1526,0.763,0.76275,0.763250001,-0.000000001,-0.000000001,patch_1529,370.394892,370.547128,210.6236998,210.6237
1527,0.7635,0.763250001,0.763750001,-0.000000001,-0.000000001,patch_1530,370.547128,370.699364,210.6236998,210.6237
1528,0.764,0.763750001,0.764249999,-0.000000001,-0.000000001,patch_1531,370.699364,370.851599,210.6236998,210.6237
1529,0.7645,0.764249999,0.764749999,-0.000000001,-0.000000001,patch_1532,370.851599,371.003835,210.6236998,210.6237
1530,0.765,0.764749999,0.76525,-0.000000001,-0.000000001,patch_1533,371.003835,371.156071,210.6236998,210.6237
1531,0.7655,0.76525,0.765750001,-0.000000001,-0.000000001,patch_1534,371.156071,371.308307,210.6236998,210.6237
1532,0.766,0.765750001,0.766250001,-0.000000001,-0.000000001,patch_1535,371.308307,371.460543,210.6236998,210.6237
1533,0.7665,0.766250001,0.766749999,-0.000000001,-0.000000001,patch_1536,371.460543,371.612778,210.6236998,210.6237
1534,0.767,0.766749999,0.767249999,-0.000000001,-0.000000001,patch_1537,371.612778,371.765014,210.6236998,210.6237
1535,0.7675,0.767249999,0.76775,-0.000000001,-0.000000001,patch_1538,371.765014,371.91725,210.6236998,210.6237
1536,0.768,0.76775,0.768250001,-0.000000001,-0.000000001,patch_1539,371.91725,372.069486,210.6236998,210.6237
1537,0.7685,0.768250001,0.768750002,-0.000000001,-0.000000001,patch_1540,372.069486,372.221722,210.6236998,210.6237
1538,0.769,0.768750002,0.769249999,-0.000000001,-0.000000001,patch_1541,372.221722,372.373957,210.6236998,210.6237
1539,0.7695,0.769249999,0.76975,-0.000000001,-0.000000001,patch_1542,372.373957,372.526193,210.6236998,210.6237
1540,0.77,0.76975,0.77025,-0.000000001,-0.000000001,patch_1543,372.526193,372.678429,210.6236998,210.6237
1541,0.7705,0.77025,0.770750001,-0.000000001,-0.000000001,patch_1544,372.678429,372.830665,210.6236998,210.6237
1542,0.771,0.770750001,0.771250002,-0.000000001,-0.000000001,patch_1545,372.830665,372.982901,210.6236998,210.6237
1543,0.7715,0.771250002,0.771749999,-0.000000001,-0.000000001,patch_1546,372.982901,373.135136,210.6236998,210.6237
1544,0.772,0.771749999,0.77225,-0.000000001,-0.000000001,patch_1547,373.135136,373.287372,210.6236998,210.6237
1545,0.7725,0.77225,0.77275,-0.000000001,-0.000000001,patch_1548,373.287372,373.439608,210.6236998,210.6237
1546,0.773,0.77275,0.773250001,-0.000000001,-0.000000001,patch_1549,373.439608,373.591844,210.6236998,210.6237
1547,0.7735,0.773250001,0.773750002,-0.000000001,-0.000000001,patch_1550,373.591844,373.74408,210.6236998,210.6237
1548,0.774,0.773750002,0.774249999,-0.000000001,-0.000000001,patch_1551,373.74408,373.896315,210.6236998,210.6237
1549,0.7745,0.774249999,0.77475,-0.000000001,-0.000000001,patch_1552,373.896315,374.048551,210.6236998,210.6237
1550,0.775,0.77475,0.77525,-0.000000001,-0.000000001,patch_1553,374.048551,374.200787,210.6236998,210.6237
1551,0.7755,0.77525,0.775750001,-0.000000001,-0.000000001,patch_1554,374.200787,374.353023,210.6236998,210.6237
1552,0.776,0.775750001,0.776250002,-0.000000001,-0.000000001,patch_1555,374.353023,374.505259,210.6236998,210.6237
1553,0.7765,0.776250002,0.776749999,-0.000000001,-0.000000001,patch_1556,374.505259,374.657494,210.6236998,210.6237
1554,0.777,0.776749999,0.77725,-0.000000001,-0.000000001,patch_1557,374.657494,374.80973,210.6236998,210.6237
1555,0.7775,0.77725,0.77775,-0.000000001,-0.000000001,patch_1558,374.80973,374.961966,210.6236998,210.6237
1556,0.778,0.77775,0.778250001,-0.000000001,-0.000000001,patch_1559,374.961966,375.114202,210.6236998,210.6237
1557,0.7785,0.778250001,0.778750002,-0.000000001,-0.000000001,patch_1560,375.114202,375.266438,210.6236998,210.6237
1558,0.779,0.778750002,0.779249999,-0.000000001,-0.000000001,patch_1561,375.266438,375.418673,210.6236998,210.6237
1559,0.7795,0.779249999,0.77975,-0.000000001,-0.000000001,patch_1562,375.418673,375.570909,210.6236998,210.6237
1560,0.78,0.77975,0.780250001,-0.000000001,-0.000000001,patch_1563,375.570909,375.723145,210.6236998,210.6237
1561,0.7805,0.780250001,0.780750001,-0.000000001,-0.000000001,patch_1564,375.723145,375.875381,210.6236998,210.6237
1562,0.781,0.780750001,0.781249999,-0.000000001,-0.000000001,patch_1565,375.875381,376.027616,210.6236998,210.6237
1563,0.7815,0.781249999,0.781749999,-0.000000001,-0.000000001,patch_1566,376.027616,376.179852,210.6236998,210.6237
1564,0.782,0.781749999,0.78225,-0.000000001,-0.000000001,patch_1567,376.179852,376.332088,210.6236998,210.6237
1565,0.7825,0.78225,0.782750001,-0.000000001,-0.000000001,patch_1568,376.332088,376.484324,210.6236998,210.6237
1566,0.783,0.782750001,0.783250001,-0.000000001,-0.000000001,patch_1569,376.484324,376.63656,210.6236998,210.6237
1567,0.7835,0.783250001,0.783749999,-0.000000001,-0.000000001,patch_1570,376.63656,376.788795,210.6236998,210.6237
1568,0.784,0.783749999,0.784249999,-0.000000001,-0.000000001,patch_1571,376.788795,376.941031,210.6236998,210.6237
1569,0.7845,0.784249999,0.78475,-0.000000001,-0.000000001,patch_1572,376.941031,377.093267,210.6236998,210.6237
1570,0.785,0.78475,0.785250001,-0.000000001,-0.000000001,patch_1573,377.093267,377.245503,210.6236998,210.6237
1571,0.7855,0.785250001,0.785750001,-0.000000001,-0.000000001,patch_1574,377.245503,377.397739,210.6236998,210.6237
1572,0.786,0.785750001,0.786249999,-0.000000001,-0.000000001,patch_1575,377.397739,377.549974,210.6236998,210.6237
1573,0.7865,0.786249999,0.786749999,-0.000000001,-0.000000001,patch_1576,377.549974,377.70221,210.6236998,210.6237
1574,0.787,0.786749999,0.78725,-0.000000001,-0.000000001,patch_1577,377.70221,377.854446,210.6236998,210.6237
1575,0.7875,0.78725,0.787750001,-0.000000001,-0.000000001,patch_1578,377.854446,378.006682,210.6236998,210.6237
1576,0.788,0.787750001,0.788250001,-0.000000001,-0.000000001,patch_1579,378.006682,378.158918,210.6236998,210.6237
1577,0.7885,0.788250001,0.788749999,-0.000000001,-0.000000001,patch_1580,378.158918,378.311153,210.6236998,210.6237
1578,0.789,0.788749999,0.789249999,-0.000000001,-0.000000001,patch_1581,378.311153,378.463389,210.6236998,210.6237
1579,0.7895,0.789249999,0.78975,-0.000000001,-0.000000001,patch_1582,378.463389,378.615625,210.6236998,210.6237
1580,0.79,0.78975,0.790250001,-0.000000001,-0.000000001,patch_1583,378.615625,378.767861,210.6236998,210.6237
1581,0.7905,0.790250001,0.790750002,-0.000000001,-0.000000001,patch_1584,378.767861,378.920097,210.6236998,210.6237
1582,0.791,0.790750002,0.791249999,-0.000000001,-0.000000001,patch_1585,378.920097,379.072332,210.6236998,210.6237
1583,0.7915,0.791249999,0.79175,-0.000000001,-0.000000001,patch_1586,379.072332,379.224568,210.6236998,210.6237
1584,0.792,0.79175,0.79225,-0.000000001,-0.000000001,patch_1587,379.224568,379.376804,210.6236998,210.6237
1585,0.7925,0.79225,0.792750001,-0.000000001,-0.000000001,patch_1588,379.376804,379.52904,210.6236998,210.6237
1586,0.793,0.792750001,0.793250002,-0.000000001,-0.000000001,patch_1589,379.52904,379.681276,210.6236998,210.6237
1587,0.7935,0.793250002,0.793749999,-0.000000001,-0.000000001,patch_1590,379.681276,379.833511,210.6236998,210.6237
1588,0.794,0.793749999,0.79425,-0.000000001,-0.000000001,patch_1591,379.833511,379.985747,210.6236998,210.6237
1589,0.7945,0.79425,0.79475,-0.000000001,-0.000000001,patch_1592,379.985747,380.137983,210.6236998,210.6237
1590,0.795,0.79475,0.795250001,-0.000000001,-0.000000001,patch_1593,380.137983,380.290219,210.6236998,210.6237
1591,0.7955,0.795250001,0.795750002,-0.000000001,-0.000000001,patch_1594,380.290219,380.442455,210.6236998,210.6237
1592,0.796,0.795750002,0.796249999,-0.000000001,-0.000000001,patch_1595,380.442455,380.59469,210.6236998,210.6237
1593,0.7965,0.796249999,0.79675,-0.000000001,-0.000000001,patch_1596,380.59469,380.746926,210.6236998,210.6237
1594,0.797,0.79675,0.79725,-0.000000001,-0.000000001,patch_1597,380.746926,380.899162,210.6236998,210.6237
1595,0.7975,0.79725,0.797750001,-0.000000001,-0.000000001,patch_1598,380.899162,381.051398,210.6236998,210.6237
1596,0.798,0.797750001,0.798250002,-0.000000001,-0.000000001,patch_1599,381.051398,381.203634,210.6236998,210.6237
1597,0.7985,0.798250002,0.798749999,-0.000000001,-0.000000001,patch_1600,381.203634,381.355869,210.6236998,210.6237
1598,0.799,0.798749999,0.79925,-0.000000001,-0.000000001,patch_1601,381.355869,381.508105,210.6236998,210.6237
1599,0.7995,0.79925,0.79975,-0.000000001,-0.000000001,patch_1602,381.508105,381.660341,210.6236998,210.6237
1600,0.8,0.79975,0.800250001,-0.000000001,-0.000000001,patch_1603,381.660341,381.812577,210.6236998,210.6237
1601,0.8005,0.800250001,0.800750002,-0.000000001,-0.000000001,patch_1604,381.812577,381.964813,210.6236998,210.6237
1602,0.801,0.800750002,0.801249999,-0.000000001,-0.000000001,patch_1605,381.964813,382.117048,210.6236998,210.6237
1603,0.8015,0.801249999,0.80175,-0.000000001,-0.000000001,patch_1606,382.117048,382.269284,210.6236998,210.6237
1604,0.802,0.80175,0.802250001,-0.000000001,-0.000000001,patch_1607,382.269284,382.42152,210.6236998,210.6237
1605,0.8025,0.802250001,0.802750001,-0.000000001,-0.000000001,patch_1608,382.42152,382.573756,210.6236998,210.6237
1606,0.803,0.802750001,0.803249999,-0.000000001,-0.000000001,patch_1609,382.573756,382.725991,210.6236998,210.6237
1607,0.8035,0.803249999,0.803749999,-0.000000001,-0.000000001,patch_1610,382.725991,382.878227,210.6236998,210.6237
1608,0.804,0.803749999,0.80425,-0.000000001,-0.000000001,patch_1611,382.878227,383.030463,210.6236998,210.6237
1609,0.8045,0.80425,0.804750001,-0.000000001,-0.000000001,patch_1612,383.030463,383.182699,210.6236998,210.6237
1610,0.805,0.804750001,0.805250001,-0.000000001,-0.000000001,patch_1613,383.182699,383.334935,210.6236998,210.6237
1611,0.8055,0.805250001,0.805749999,-0.000000001,-0.000000001,patch_1614,383.334935,383.48717,210.6236998,210.6237
1612,0.806,0.805749999,0.806249999,-0.000000001,-0.000000001,patch_1615,383.48717,383.639406,210.6236998,210.6237
1613,0.8065,0.806249999,0.80675,-0.000000001,-0.000000001,patch_1616,383.639406,383.791642,210.6236998,210.6237
1614,0.807,0.80675,0.807250001,-0.000000001,-0.000000001,patch_1617,383.791642,383.943878,210.6236998,210.6237
1615,0.8075,0.807250001,0.807750001,-0.000000001,-0.000000001,patch_1618,383.943878,384.096114,210.6236998,210.6237
1616,0.808,0.807750001,0.808249999,-0.000000001,-0.000000001,patch_1619,384.096114,384.248349,210.6236998,210.6237
1617,0.8085,0.808249999,0.808749999,-0.000000001,-0.000000001,patch_1620,384.248349,384.400585,210.6236998,210.6237
1618,0.809,0.808749999,0.80925,-0.000000001,-0.000000001,patch_1621,384.400585,384.552821,210.6236998,210.6237
1619,0.8095,0.80925,0.809750001,-0.000000001,-0.000000001,patch_1622,384.552821,384.705057,210.6236998,210.6237
1620,0.81,0.809750001,0.810250001,-0.000000001,-0.000000001,patch_1623,384.705057,384.857293,210.6236998,210.6237
1621,0.8105,0.810250001,0.810749999,-0.000000001,-0.000000001,patch_1624,384.857293,385.009528,210.6236998,210.6237
1622,0.811,0.810749999,0.811249999,-0.000000001,-0.000000001,patch_1625,385.009528,385.161764,210.6236998,210.6237
1623,0.8115,0.811249999,0.81175,-0.000000001,-0.000000001,patch_1626,385.161764,385.314,210.6236998,210.6237
1624,0.812,0.81175,0.812250001,-0.000000001,-0.000000001,patch_1627,385.314,385.466236,210.6236998,210.6237
1625,0.8125,0.812250001,0.812750001,-0.000000001,-0.000000001,patch_1628,385.466236,385.618472,210.6236998,210.6237
1626,0.813,0.812750001,0.813249999,-0.000000001,-0.000000001,patch_1629,385.618472,385.770707,210.6236998,210.6237
1627,0.8135,0.813249999,0.81375,-0.000000001,-0.000000001,patch_1630,385.770707,385.922943,210.6236998,210.6237
1628,0.814,0.81375,0.81425,-0.000000001,-0.000000001,patch_1631,385.922943,386.075179,210.6236998,210.6237
1629,0.8145,0.81425,0.814750001,-0.000000001,-0.000000001,patch_1632,386.075179,386.227415,210.6236998,210.6237
1630,0.815,0.814750001,0.815250002,-0.000000001,-0.000000001,patch_1633,386.227415,386.379651,210.6236998,210.6237
1631,0.8155,0.815250002,0.815749999,-0.000000001,-0.000000001,patch_1634,386.379651,386.531886,210.6236998,210.6237
1632,0.816,0.815749999,0.81625,-0.000000001,-0.000000001,patch_1635,386.531886,386.684122,210.6236998,210.6237
1633,0.8165,0.81625,0.81675,-0.000000001,-0.000000001,patch_1636,386.684122,386.836358,210.6236998,210.6237
1634,0.817,0.81675,0.817250001,-0.000000001,-0.000000001,patch_1637,386.836358,386.988594,210.6236998,210.6237
1635,0.8175,0.817250001,0.817750002,-0.000000001,-0.000000001,patch_1638,386.988594,387.14083,210.6236998,210.6237
1636,0.818,0.817750002,0.818249999,-0.000000001,-0.000000001,patch_1639,387.14083,387.293065,210.6236998,210.6237
1637,0.8185,0.818249999,0.81875,-0.000000001,-0.000000001,patch_1640,387.293065,387.445301,210.6236998,210.6237
1638,0.819,0.81875,0.81925,-0.000000001,-0.000000001,patch_1641,387.445301,387.597537,210.6236998,210.6237
1639,0.8195,0.81925,0.819750001,-0.000000001,-0.000000001,patch_1642,387.597537,387.749773,210.6236998,210.6237
1640,0.82,0.819750001,0.820250002,-0.000000001,-0.000000001,patch_1643,387.749773,387.902009,210.6236998,210.6237
1641,0.8205,0.820250002,0.820749999,-0.000000001,-0.000000001,patch_1644,387.902009,388.054244,210.6236998,210.6237
1642,0.821,0.820749999,0.82125,-0.000000001,-0.000000001,patch_1645,388.054244,388.20648,210.6236998,210.6237
1643,0.8215,0.82125,0.82175,-0.000000001,-0.000000001,patch_1646,388.20648,388.358716,210.6236998,210.6237
1644,0.822,0.82175,0.822250001,-0.000000001,-0.000000001,patch_1647,388.358716,388.510952,210.6236998,210.6237
1645,0.8225,0.822250001,0.822750002,-0.000000001,-0.000000001,patch_1648,388.510952,388.663188,210.6236998,210.6237
1646,0.823,0.822750002,0.823249999,-0.000000001,-0.000000001,patch_1649,388.663188,388.815423,210.6236998,210.6237
1647,0.8235,0.823249999,0.82375,-0.000000001,-0.000000001,patch_1650,388.815423,388.967659,210.6236998,210.6237
1648,0.824,0.82375,0.824250001,-0.000000001,-0.000000001,patch_1651,388.967659,389.119895,210.6236998,210.6237
1649,0.8245,0.824250001,0.824750001,-0.000000001,-0.000000001,patch_1652,389.119895,389.272131,210.6236998,210.6237
1650,0.825,0.824750001,0.825249999,-0.000000001,-0.000000001,patch_1653,389.272131,389.424366,210.6236998,210.6237
1651,0.8255,0.825249999,0.825749999,-0.000000001,-0.000000001,patch_1654,389.424366,389.576602,210.6236998,210.6237
1652,0.826,0.825749999,0.82625,-0.000000001,-0.000000001,patch_1655,389.576602,389.728838,210.6236998,210.6237
1653,0.8265,0.82625,0.826750001,-0.000000001,-0.000000001,patch_1656,389.728838,389.881074,210.6236998,210.6237
1654,0.827,0.826750001,0.827250001,-0.000000001,-0.000000001,patch_1657,389.881074,390.03331,210.6236998,210.6237
1655,0.8275,0.827250001,0.827749999,-0.000000001,-0.000000001,patch_1658,390.03331,390.185545,210.6236998,210.6237
1656,0.828,0.827749999,0.828249999,-0.000000001,-0.000000001,patch_1659,390.185545,390.337781,210.6236998,210.6237
1657,0.8285,0.828249999,0.82875,-0.000000001,-0.000000001,patch_1660,390.337781,390.490017,210.6236998,210.6237
1658,0.829,0.82875,0.829250001,-0.000000001,-0.000000001,patch_1661,390.490017,390.642253,210.6236998,210.6237
1659,0.8295,0.829250001,0.829750001,-0.000000001,-0.000000001,patch_1662,390.642253,390.794489,210.6236998,210.6237
1660,0.83,0.829750001,0.830249999,-0.000000001,-0.000000001,patch_1663,390.794489,390.946724,210.6236998,210.6237
1661,0.8305,0.830249999,0.830749999,-0.000000001,-0.000000001,patch_1664,390.946724,391.09896,210.6236998,210.6237
1662,0.831,0.830749999,0.83125,-0.000000001,-0.000000001,patch_1665,391.09896,391.251196,210.6236998,210.6237
1663,0.8315,0.83125,0.831750001,-0.000000001,-0.000000001,patch_1666,391.251196,391.403432,210.6236998,210.6237
1664,0.832,0.831750001,0.832250001,-0.000000001,-0.000000001,patch_1667,391.403432,391.555668,210.6236998,210.6237
1665,0.8325,0.832250001,0.832749999,-0.000000001,-0.000000001,patch_1668,391.555668,391.707903,210.6236998,210.6237
1666,0.833,0.832749999,0.833249999,-0.000000001,-0.000000001,patch_1669,391.707903,391.860139,210.6236998,210.6237
1667,0.8335,0.833249999,0.83375,-0.000000001,-0.000000001,patch_1670,391.860139,392.012375,210.6236998,210.6237
1668,0.834,0.83375,0.834250001,-0.000000001,-0.000000001,patch_1671,392.012375,392.164611,210.6236998,210.6237
1669,0.8345,0.834250001,0.834750001,-0.000000001,-0.000000001,patch_1672,392.164611,392.316847,210.6236998,210.6237
1670,0.835,0.834750001,0.835249999,-0.000000001,-0.000000001,patch_1673,392.316847,392.469082,210.6236998,210.6237
1671,0.8355,0.835249999,0.83575,-0.000000001,-0.000000001,patch_1674,392.469082,392.621318,210.6236998,210.6237
1672,0.836,0.83575,0.83625,-0.000000001,-0.000000001,patch_1675,392.621318,392.773554,210.6236998,210.6237
1673,0.8365,0.83625,0.836750001,-0.000000001,-0.000000001,patch_1676,392.773554,392.92579,210.6236998,210.6237
1674,0.837,0.836750001,0.837250002,-0.000000001,-0.000000001,patch_1677,392.92579,393.078026,210.6236998,210.6237
1675,0.8375,0.837250002,0.837749999,-0.000000001,-0.000000001,patch_1678,393.078026,393.230261,210.6236998,210.6237
1676,0.838,0.837749999,0.83825,-0.000000001,-0.000000001,patch_1679,393.230261,393.382497,210.6236998,210.6237
1677,0.8385,0.83825,0.83875,-0.000000001,-0.000000001,patch_1680,393.382497,393.534733,210.6236998,210.6237
1678,0.839,0.83875,0.839250001,-0.000000001,-0.000000001,patch_1681,393.534733,393.686969,210.6236998,210.6237
1679,0.8395,0.839250001,0.839750002,-0.000000001,-0.000000001,patch_1682,393.686969,393.839205,210.6236998,210.6237
1680,0.84,0.839750002,0.840249999,-0.000000001,-0.000000001,patch_1683,393.839205,393.99144,210.6236998,210.6237
1681,0.8405,0.840249999,0.84075,-0.000000001,-0.000000001,patch_1684,393.99144,394.143676,210.6236998,210.6237
1682,0.841,0.84075,0.84125,-0.000000001,-0.000000001,patch_1685,394.143676,394.295912,210.6236998,210.6237
1683,0.8415,0.84125,0.841750001,-0.000000001,-0.000000001,patch_1686,394.295912,394.448148,210.6236998,210.6237
1684,0.842,0.841750001,0.842250002,-0.000000001,-0.000000001,patch_1687,394.448148,394.600384,210.6236998,210.6237
1685,0.8425,0.842250002,0.842749999,-0.000000001,-0.000000001,patch_1688,394.600384,394.752619,210.6236998,210.6237
1686,0.843,0.842749999,0.84325,-0.000000001,-0.000000001,patch_1689,394.752619,394.904855,210.6236998,210.6237
1687,0.8435,0.84325,0.84375,-0.000000001,-0.000000001,patch_1690,394.904855,395.057091,210.6236998,210.6237
1688,0.844,0.84375,0.844250001,-0.000000001,-0.000000001,patch_1691,395.057091,395.209327,210.6236998,210.6237
1689,0.8445,0.844250001,0.844750002,-0.000000001,-0.000000001,patch_1692,395.209327,395.361563,210.6236998,210.6237
1690,0.845,0.844750002,0.845249999,-0.000000001,-0.000000001,patch_1693,395.361563,395.513798,210.6236998,210.6237
1691,0.8455,0.845249999,0.84575,-0.000000001,-0.000000001,patch_1694,395.513798,395.666034,210.6236998,210.6237
1692,0.846,0.84575,0.846250001,-0.000000001,-0.000000001,patch_1695,395.666034,395.81827,210.6236998,210.6237
1693,0.8465,0.846250001,0.846750001,-0.000000001,-0.000000001,patch_1696,395.81827,395.970506,210.6236998,210.6237
1694,0.847,0.846750001,0.847249999,-0.000000001,-0.000000001,patch_1697,395.970506,396.122741,210.6236998,210.6237
1695,0.8475,0.847249999,0.847749999,-0.000000001,-0.000000001,patch_1698,396.122741,396.274977,210.6236998,210.6237
1696,0.848,0.847749999,0.84825,-0.000000001,-0.000000001,patch_1699,396.274977,396.427213,210.6236998,210.6237
1697,0.8485,0.84825,0.848750001,-0.000000001,-0.000000001,patch_1700,396.427213,396.579449,210.6236998,210.6237
1698,0.849,0.848750001,0.849250001,-0.000000001,-0.000000001,patch_1701,396.579449,396.731685,210.6236998,210.6237
1699,0.8495,0.849250001,0.849749999,-0.000000001,-0.000000001,patch_1702,396.731685,396.88392,210.6236998,210.6237
1700,0.85,0.849749999,0.850249999,-0.000000001,-0.000000001,patch_1703,396.88392,397.036156,210.6236998,210.6237
1701,0.8505,0.850249999,0.85075,-0.000000001,-0.000000001,patch_1704,397.036156,397.188392,210.6236998,210.6237
1702,0.851,0.85075,0.851250001,-0.000000001,-0.000000001,patch_1705,397.188392,397.340628,210.6236998,210.6237
1703,0.8515,0.851250001,0.851750001,-0.000000001,-0.000000001,patch_1706,397.340628,397.492864,210.6236998,210.6237
1704,0.852,0.851750001,0.852249999,-0.000000001,-0.000000001,patch_1707,397.492864,397.645099,210.6236998,210.6237
1705,0.8525,0.852249999,0.852749999,-0.000000001,-0.000000001,patch_1708,397.645099,397.797335,210.6236998,210.6237
1706,0.853,0.852749999,0.85325,-0.000000001,-0.000000001,patch_1709,397.797335,397.949571,210.6236998,210.6237
1707,0.8535,0.85325,0.853750001,-0.000000001,-0.000000001,patch_1710,397.949571,398.101807,210.6236998,210.6237
1708,0.854,0.853750001,0.854250001,-0.000000001,-0.000000001,patch_1711,398.101807,398.254043,210.6236998,210.6237
1709,0.8545,0.854250001,0.854749999,-0.000000001,-0.000000001,patch_1712,398.254043,398.406278,210.6236998,210.6237
1710,0.855,0.854749999,0.855249999,-0.000000001,-0.000000001,patch_1713,398.406278,398.558514,210.6236998,210.6237
1711,0.8555,0.855249999,0.85575,-0.000000001,-0.000000001,patch_1714,398.558514,398.71075,210.6236998,210.6237
1712,0.856,0.85575,0.856250001,-0.000000001,-0.000000001,patch_1715,398.71075,398.862986,210.6236998,210.6237
1713,0.8565,0.856250001,0.856750001,-0.000000001,-0.000000001,patch_1716,398.862986,399.015222,210.6236998,210.6237
1714,0.857,0.856750001,0.857249999,-0.000000001,-0.000000001,patch_1717,399.015222,399.167457,210.6236998,210.6237
1715,0.8575,0.857249999,0.85775,-0.000000001,-0.000000001,patch_1718,399.167457,399.319693,210.6236998,210.6237
1716,0.858,0.85775,0.85825,-0.000000001,-0.000000001,patch_1719,399.319693,399.471929,210.6236998,210.6237
1717,0.8585,0.85825,0.858750001,-0.000000001,-0.000000001,patch_1720,399.471929,399.624165,210.6236998,210.6237
1718,0.859,0.858750001,0.859250002,-0.000000001,-0.000000001,patch_1721,399.624165,399.776401,210.6236998,210.6237
1719,0.8595,0.859250002,0.859749999,-0.000000001,-0.000000001,patch_1722,399.776401,399.928636,210.6236998,210.6237
1720,0.86,0.859749999,0.86025,-0.000000001,-0.000000001,patch_1723,399.928636,400.080872,210.6236998,210.6237
1721,0.8605,0.86025,0.86075,-0.000000001,-0.000000001,patch_1724,400.080872,400.233108,210.6236998,210.6237
1722,0.861,0.86075,0.861250001,-0.000000001,-0.000000001,patch_1725,400.233108,400.385344,210.6236998,210.6237
1723,0.8615,0.861250001,0.861750002,-0.000000001,-0.000000001,patch_1726,400.385344,400.53758,210.6236998,210.6237
1724,0.862,0.861750002,0.862249999,-0.000000001,-0.000000001,patch_1727,400.53758,400.689815,210.6236998,210.6237
1725,0.8625,0.862249999,0.86275,-0.000000001,-0.000000001,patch_1728,400.689815,400.842051,210.6236998,210.6237
1726,0.863,0.86275,0.86325,-0.000000001,-0.000000001,patch_1729,400.842051,400.994287,210.6236998,210.6237
1727,0.8635,0.86325,0.863750001,-0.000000001,-0.000000001,patch_1730,400.994287,401.146523,210.6236998,210.6237
1728,0.864,0.863750001,0.864250002,-0.000000001,-0.000000001,patch_1731,401.146523,401.298759,210.6236998,210.6237
1729,0.8645,0.864250002,0.864749999,-0.000000001,-0.000000001,patch_1732,401.298759,401.450994,210.6236998,210.6237
1730,0.865,0.864749999,0.86525,-0.000000001,-0.000000001,patch_1733,401.450994,401.60323,210.6236998,210.6237
1731,0.8655,0.86525,0.86575,-0.000000001,-0.000000001,patch_1734,401.60323,401.755466,210.6236998,210.6237
1732,0.866,0.86575,0.866250001,-0.000000001,-0.000000001,patch_1735,401.755466,401.907702,210.6236998,210.6237
1733,0.8665,0.866250001,0.866750002,-0.000000001,-0.000000001,patch_1736,401.907702,402.059938,210.6236998,210.6237
1734,0.867,0.866750002,0.867249999,-0.000000001,-0.000000001,patch_1737,402.059938,402.212173,210.6236998,210.6237
1735,0.8675,0.867249999,0.86775,-0.000000007,-0.000000008,patch_1738,402.212173,402.364409,210.6236998,210.623701
1736,0.868,0.86775,0.868250001,-0.000000007,-0.000000008,patch_1739,402.364409,402.516645,210.6236998,210.623701
1737,0.8685,0.868250001,0.868750001,-0.000000007,-0.000000008,patch_1740,402.516645,402.668881,210.6236998,210.623701
1738,0.869,0.868750001,0.869249999,-0.000000001,-0.000000001,patch_1741,402.668881,402.821116,210.6236998,210.6237
1739,0.8695,0.869249999,0.869749999,-0.000000001,-0.000000001,patch_1742,402.821116,402.973352,210.6236998,210.6237
1740,0.87,0.869749999,0.87025,-0.000000001,-0.000000001,patch_1743,402.973352,403.125588,210.6236998,210.6237
1741,0.8705,0.87025,0.870750001,0.000000005,0.000000005,patch_1744,403.125588,403.277824,210.6236998,210.623699
1742,0.871,0.870750001,0.871250001,0.000000005,0.000000005,patch_1745,403.277824,403.43006,210.6236998,210.623699
1743,0.8715,0.871250001,0.871749999,0.000000005,0.000000005,patch_1746,403.43006,403.582295,210.6236998,210.623699
1744,0.872,0.871749999,0.872249999,0.000000011,0.000000012,patch_1747,403.582295,403.734531,210.6236998,210.623698
1745,0.8725,0.872249999,0.87275,0.000000005,0.000000005,patch_1748,403.734531,403.886767,210.6236998,210.623699
1746,0.873,0.87275,0.873250001,0.000000005,0.000000005,patch_1749,403.886767,404.039003,210.6236998,210.623699
1747,0.8735,0.873250001,0.873750001,-0.000000001,-0.000000001,patch_1750,404.039003,404.191239,210.6236998,210.6237
1748,0.874,0.873750001,0.874249999,-0.000000007,-0.000000008,patch_1751,404.191239,404.343474,210.6236998,210.623701
1749,0.8745,0.874249999,0.874749999,-0.000000019,-0.000000021,patch_1752,404.343474,404.49571,210.6236998,210.623703
1750,0.875,0.874749999,0.87525,-0.000000025,-0.000000027,patch_1753,404.49571,404.647946,210.6236998,210.623704
1751,0.8755,0.87525,0.875750001,-0.000000037,-0.00000004,patch_1754,404.647946,404.800182,210.6236998,210.623706
1752,0.876,0.875750001,0.876250001,-0.000000037,-0.00000004,patch_1755,404.800182,404.952418,210.6236998,210.623706
1753,0.8765,0.876250001,0.876749999,-0.000000037,-0.00000004,patch_1756,404.952418,405.104653,210.6236998,210.623706
1754,0.877,0.876749999,0.877249999,-0.000000031,-0.000000034,patch_1757,405.104653,405.256889,210.6236998,210.623705
1755,0.8775,0.877249999,0.87775,-0.000000007,-0.000000008,patch_1758,405.256889,405.409125,210.6236998,210.623701
1756,0.878,0.87775,0.878250001,0.000000022,0.000000025,patch_1759,405.409125,405.561361,210.6236998,210.623696
1757,0.8785,0.878250001,0.878750001,0.000000058,0.000000063,patch_1760,405.561361,405.713597,210.6236998,210.62369
1758,0.879,0.878750001,0.879249999,0.000000093,0.000000102,patch_1761,405.713597,405.865832,210.6236998,210.623684
1759,0.8795,0.879249999,0.87975,0.000000117,0.000000128,patch_1762,405.865832,406.018068,210.6236998,210.62368
1760,0.88,0.87975,0.88025,0.000000134,0.000000147,patch_1763,406.018068,406.170304,210.6236998,210.623677
1761,0.8805,0.88025,0.880750001,0.000000128,0.000000141,patch_1764,406.170304,406.32254,210.6236998,210.623678
1762,0.881,0.880750001,0.881250002,0.000000093,0.000000102,patch_1765,406.32254,406.474776,210.6236998,210.623684
1763,0.8815,0.881250002,0.881749999,0.000000028,0.000000031,patch_1766,406.474776,406.627011,210.6236998,210.623695
1764,0.882,0.881749999,0.88225,-0.000000084,-0.000000092,patch_1767,406.627011,406.779247,210.6236998,210.623714
1765,0.8825,0.88225,0.88275,-0.000000213,-0.000000233,patch_1768,406.779247,406.931483,210.6236998,210.623736
1766,0.883,0.88275,0.883250001,-0.000000349,-0.000000382,patch_1769,406.931483,407.083719,210.6236998,210.623759
1767,0.8835,0.883250001,0.883750002,-0.000000455,-0.000000498,patch_1770,407.083719,407.235955,210.6236998,210.623777
1768,0.884,0.883750002,0.884249999,-0.000000508,-0.000000556,patch_1771,407.235955,407.38819,210.6236998,210.623786
1769,0.8845,0.884249999,0.88475,-0.00000049,-0.000000536,patch_1772,407.38819,407.540426,210.6236998,210.623783
1770,0.885,0.88475,0.88525,-0.000000366,-0.000000401,patch_1773,407.540426,407.692662,210.6236998,210.623762
1771,0.8855,0.88525,0.885750001,-0.000000113,-0.000000124,patch_1774,407.692662,407.844898,210.6236998,210.623719
1772,0.886,0.885750001,0.886250002,0.000000281,0.000000308,patch_1775,407.844898,407.997134,210.6236998,210.623652
1773,0.8865,0.886250002,0.886749999,0.000000782,0.000000856,patch_1776,407.997134,408.149369,210.6236998,210.623567
1774,0.887,0.886749999,0.88725,0.000001276,0.000001398,patch_1777,408.149369,408.301605,210.6236998,210.623483
1775,0.8875,0.88725,0.88775,0.000001677,0.000001836,patch_1778,408.301605,408.453841,210.6236998,210.623415
1776,0.888,0.88775,0.888250001,0.000001889,0.000002068,patch_1779,408.453841,408.606077,210.6236998,210.623379
1777,0.8885,0.888250001,0.888750002,0.000001818,0.000001991,patch_1780,408.606077,408.758313,210.6236998,210.623391
1778,0.889,0.888750002,0.889249999,0.000001365,0.000001495,patch_1781,408.758313,408.910548,210.6236998,210.623468
1779,0.8895,0.889249999,0.88975,0.000000435,0.000000476,patch_1782,408.910548,409.062784,210.6236998,210.623626
1780,0.89,0.88975,0.890250001,-0.000001043,-0.000001142,patch_1783,409.062784,409.21502,210.6236998,210.623877
1781,0.8905,0.890250001,0.890750001,-0.000002892,-0.000003167,patch_1784,409.21502,409.367256,210.6236998,210.624191
1782,0.891,0.890750001,0.891249999,-0.000004747,-0.000005198,patch_1785,409.367256,409.519491,210.6236998,210.624506
1783,0.8915,0.891249999,0.891749999,-0.00000626,-0.000006855,patch_1786,409.519491,409.671727,210.6236998,210.624763
1784,0.892,0.891749999,0.89225,-0.000007067,-0.000007738,patch_1787,409.671727,409.823963,210.6236998,210.6249
1785,0.8925,0.89225,0.892750001,-0.000006813,-0.000007461,patch_1788,409.823963,409.976199,210.6236998,210.624857
1786,0.893,0.892750001,0.893250001,-0.000005141,-0.00000563,patch_1789,409.976199,410.128435,210.6236998,210.624573
1787,0.8935,0.893250001,0.893749999,-0.000001703,-0.000001865,patch_1790,410.128435,410.28067,210.6236998,210.623989
1788,0.894,0.893749999,0.894249999,0.000003796,0.000004157,patch_1791,410.28067,410.432906,210.6236998,210.623055
1789,0.8945,0.894249999,0.89475,0.000010673,0.000011688,patch_1792,410.432906,410.585142,210.6236998,210.621887
1790,0.895,0.89475,0.895250001,0.000017609,0.000019283,patch_1793,410.585142,410.737378,210.6236998,210.620709
1791,0.8955,0.895250001,0.895750001,0.000023273,0.000025485,patch_1794,410.737378,410.889614,210.6236998,210.619747
1792,0.896,0.895750001,0.896249999,0.000026335,0.000028838,patch_1795,410.889614,411.041849,210.6236998,210.619227
1793,0.8965,0.896249999,0.896749999,0.000025464,0.000027884,patch_1796,411.041849,411.194085,210.6236998,210.619375
1794,0.897,0.896749999,0.89725,0.000019323,0.000021159,patch_1797,411.194085,411.346321,210.6236998,210.620418
1795,0.8975,0.89725,0.897750001,0.000006587,0.000007213,patch_1798,411.346321,411.498557,210.6236998,210.622581
1796,0.898,0.897750001,0.898250001,-0.000013814,-0.000015127,patch_1799,411.498557,411.650793,210.6236998,210.626046
1797,0.8985,0.898250001,0.898749999,-0.000039438,-0.000043186,patch_1800,411.650793,411.803028,210.6236998,210.630398
1798,0.899,0.898749999,0.899249999,-0.000065356,-0.000071567,patch_1801,411.803028,411.955264,210.6236998,210.6348
1799,0.8995,0.899249999,0.89975,-0.000086611,-0.000094842,patch_1802,411.955264,412.1075,210.6236998,210.63841
1800,0.9,0.89975,0.900250001,-0.000098221,-0.000107557,patch_1803,412.1075,412.259736,210.6236998,210.640382
1801,0.9005,0.900250001,0.900750001,-0.000095224,-0.000104275,patch_1804,412.259736,412.411972,210.6236998,210.639873
1802,0.901,0.900750001,0.901249999,-0.000072645,-0.000079549,patch_1805,412.411972,412.564207,210.6236998,210.636038
1803,0.9015,0.901249999,0.90175,-0.000025513,-0.000027938,patch_1806,412.564207,412.716443,210.6236998,210.628033
1804,0.902,0.90175,0.90225,0.000050216,0.000054989,patch_1807,412.716443,412.868679,210.6236998,210.615171
1805,0.9025,0.90225,0.902750001,0.000145675,0.00015952,patch_1808,412.868679,413.020915,210.6236998,210.598958
1806,0.903,0.902750001,0.903250002,0.000242541,0.000265593,patch_1809,413.020915,413.173151,210.6236998,210.582506
1807,0.9035,0.903250002,0.903749999,0.000322255,0.000352884,patch_1810,413.173151,413.325386,210.6236998,210.568967
1808,0.904,0.903749999,0.90425,0.000366267,0.000401078,patch_1811,413.325386,413.477622,210.6236998,210.561492
1809,0.9045,0.90425,0.90475,0.000356034,0.000389873,patch_1812,413.477622,413.629858,210.6236998,210.56323
1810,0.905,0.90475,0.905250001,0.000272998,0.000298945,patch_1813,413.629858,413.782094,210.6236998,210.577333
1811,0.9055,0.905250001,0.905750002,0.000098613,0.000107986,patch_1814,413.782094,413.93433,210.6236998,210.606951
1812,0.906,0.905750002,0.906249999,-0.000182458,-0.0001998,patch_1815,413.93433,414.086565,210.6236998,210.654689
1813,0.9065,0.906249999,0.90675,-0.000538116,-0.000589261,patch_1816,414.086565,414.238801,210.6236998,210.715095
1814,0.907,0.90675,0.90725,-0.000900045,-0.000985589,patch_1817,414.238801,414.391037,210.6236998,210.776566
1815,0.9075,0.90725,0.907750001,-0.001199015,-0.001312975,patch_1818,414.391037,414.543273,210.6236998,210.827344
1816,0.908,0.907750001,0.908250002,-0.001365792,-0.001495604,patch_1819,414.543273,414.695509,210.6236998,210.85567
1817,0.9085,0.908250002,0.908749999,-0.001331155,-0.001457674,patch_1820,414.695509,414.847744,210.6236998,210.849787
1818,0.909,0.908749999,0.90925,-0.001025861,-0.001123363,patch_1821,414.847744,414.99998,210.6236998,210.797935
1819,0.9095,0.90925,0.90975,-0.000380688,-0.000416871,patch_1822,414.99998,415.152216,210.6236998,210.688357
1820,0.91,0.90975,0.910250001,0.000666385,0.000729721,patch_1823,415.152216,415.304452,210.6236998,210.510519
1821,0.9105,0.910250001,0.910750002,0.0020642,0.002260391,patch_1824,415.304452,415.456688,210.6236998,210.27311
1822,0.911,0.910750002,0.911249999,0.003671738,0.004020717,patch_1825,415.456688,415.608923,210.6236998,210.000081
1823,0.9115,0.911249999,0.91175,0.005345508,0.00585357,patch_1826,415.608923,415.761159,210.6236998,209.715803
1824,0.912,0.91175,0.912250001,0.006942007,0.007601807,patch_1827,415.761159,415.913395,210.6236998,209.444649
1825,0.9125,0.912250001,0.912750001,0.008317743,0.009108299,patch_1828,415.913395,416.065631,210.6236998,209.21099
1826,0.913,0.912750001,0.913249999,0.009329218,0.01021591,patch_1829,416.065631,416.217866,210.6236998,209.039198
1827,0.9135,0.913249999,0.913749999,0.009832937,0.010767504,patch_1830,416.217866,416.370102,210.6236998,208.953645
1828,0.914,0.913749999,0.91425,0.009694933,0.010616384,patch_1831,416.370102,416.522338,210.6236998,208.977084
1829,0.9145,0.91425,0.914750001,0.008940135,0.009789847,patch_1832,416.522338,416.674574,210.6236998,209.105281
1830,0.915,0.914750001,0.915250001,0.007724748,0.008458943,patch_1833,416.674574,416.82681,210.6236998,209.311706
1831,0.9155,0.915250001,0.915749999,0.006208888,0.00679901,patch_1834,416.82681,416.979045,210.6236998,209.569164
1832,0.916,0.915749999,0.916249999,0.004552705,0.004985415,patch_1835,416.979045,417.131281,210.6236998,209.850455
1833,0.9165,0.916249999,0.91675,0.002916317,0.003193497,patch_1836,417.131281,417.283517,210.6236998,210.128384
1834,0.917,0.91675,0.917250001,0.001459854,0.001598605,patch_1837,417.283517,417.435753,210.6236998,210.375754
1835,0.9175,0.917250001,0.917750001,0.000343457,0.000376101,patch_1838,417.435753,417.587989,210.6236998,210.565366
1836,0.918,0.917750001,0.918249999,-0.000281803,-0.000308587,patch_1839,417.587989,417.740224,210.6236998,210.671562
1837,0.9185,0.918249999,0.918749999,-0.000425665,-0.000466122,patch_1840,417.740224,417.89246,210.6236998,210.695996
1838,0.919,0.918749999,0.91925,-0.000236043,-0.000258477,patch_1841,417.89246,418.044696,210.6236998,210.66379
1839,0.9195,0.91925,0.919750001,0.000134664,0.000147464,patch_1842,418.044696,418.196932,210.6236998,210.600828
1840,0.92,0.919750001,0.920250001,0.000534045,0.000584803,patch_1843,418.196932,418.349168,210.6236998,210.532996
1841,0.9205,0.920250001,0.920749999,0.0008097,0.000886657,patch_1844,418.349168,418.501403,210.6236998,210.486178
1842,0.921,0.920749999,0.921249999,0.000809217,0.000886129,patch_1845,418.501403,418.653639,210.6236998,210.48626
1843,0.9215,0.921249999,0.92175,0.000380203,0.000416339,patch_1846,418.653639,418.805875,210.6236998,210.559125
1844,0.922,0.92175,0.922250001,-0.000616759,-0.000675379,patch_1847,418.805875,418.958111,210.6236998,210.728452
1845,0.9225,0.922250001,0.922750001,-0.00207483,-0.002272031,patch_1848,418.958111,419.110347,210.6236998,210.976095
1846,0.923,0.922750001,0.923249999,-0.003667142,-0.004015684,patch_1849,419.110347,419.262582,210.6236998,211.246538
1847,0.9235,0.923249999,0.92375,-0.005059081,-0.00553992,patch_1850,419.262582,419.414818,210.6236998,211.482949
1848,0.924,0.92375,0.92425,-0.005916032,-0.006478319,patch_1851,419.414818,419.567054,210.6236998,211.628496
1849,0.9245,0.92425,0.924750001,-0.005903379,-0.006464463,patch_1852,419.567054,419.71929,210.6236998,211.626347
1850,0.925,0.924750001,0.925250002,-0.004686508,-0.005131935,patch_1853,419.71929,419.871526,210.6236998,211.41967
1851,0.9255,0.925250002,0.925749999,-0.001930803,-0.002114315,patch_1854,419.871526,420.023761,210.6236998,210.951633
1852,0.926,0.925749999,0.92625,0.002674234,0.002928406,patch_1855,420.023761,420.175997,210.6236998,210.1695
1853,0.9265,0.92625,0.92675,0.008951122,0.009801878,patch_1856,420.175997,420.328233,210.6236998,209.103415
1854,0.927,0.92675,0.927250001,0.016268895,0.017815165,patch_1857,420.328233,420.480469,210.6236998,207.860543
1855,0.9275,0.927250001,0.927750002,0.023979336,0.026258443,patch_1858,420.480469,420.632705,210.6236998,206.550979
1856,0.928,0.927750002,0.928249999,0.031434242,0.034421897,patch_1859,420.632705,420.78494,210.6236998,205.284816
1857,0.9285,0.928249999,0.92875,0.037985406,0.041595714,patch_1860,420.78494,420.937176,210.6236998,204.172147
1858,0.929,0.92875,0.92925,0.042984643,0.047070101,patch_1861,420.937176,421.089412,210.6236998,203.323062
1859,0.9295,0.92925,0.929750001,0.045783729,0.050135225,patch_1862,421.089412,421.241648,210.6236998,202.847657
1860,0.93,0.929750001,0.930250002,0.045763563,0.050113143,patch_1863,421.241648,421.393884,210.6236998,202.851082
1861,0.9305,0.930250002,0.930749999,0.042935003,0.047015743,patch_1864,421.393884,421.546119,210.6236998,203.331493
1862,0.931,0.930749999,0.93125,0.037917808,0.041521692,patch_1865,421.546119,421.698355,210.6236998,204.183628
1863,0.9315,0.93125,0.93175,0.031356629,0.034336907,patch_1866,421.698355,421.850591,210.6236998,205.297998
1864,0.932,0.93175,0.932250001,0.023896124,0.026167322,patch_1867,421.850591,422.002827,210.6236998,206.565112
1865,0.9325,0.932250001,0.932750002,0.016180943,0.017718854,patch_1868,422.002827,422.155063,210.6236998,207.875481
1866,0.933,0.932750002,0.933249999,0.008855734,0.009697424,patch_1869,422.155063,422.307298,210.6236998,209.119616
1867,0.9335,0.933249999,0.93375,0.002565145,0.002808949,patch_1870,422.307298,422.459534,210.6236998,210.188028
1868,0.934,0.93375,0.934250001,-0.002065957,-0.002262315,patch_1871,422.459534,422.61177,210.6236998,210.974588
1869,0.9345,0.934250001,0.934750001,-0.004872232,-0.005335312,patch_1872,422.61177,422.764006,210.6236998,211.451214
1870,0.935,0.934750001,0.935249999,-0.00615026,-0.006734809,patch_1873,422.764006,422.916241,210.6236998,211.668278
1871,0.9355,0.935249999,0.935749999,-0.006216886,-0.006807768,patch_1874,422.916241,423.068477,210.6236998,211.679594
1872,0.936,0.935749999,0.93625,-0.005388968,-0.005901161,patch_1875,423.068477,423.220713,210.6236998,211.538978
1873,0.9365,0.93625,0.936750001,-0.003983352,-0.004361948,patch_1876,423.220713,423.372949,210.6236998,211.300244
1874,0.937,0.936750001,0.937250001,-0.002316889,-0.002537097,patch_1877,423.372949,423.525185,210.6236998,211.017207
1875,0.9375,0.937250001,0.937749999,-0.000706436,-0.000773579,patch_1878,423.525185,423.67742,210.6236998,210.743683
1876,0.938,0.937749999,0.938249999,0.000538697,0.000589897,patch_1879,423.67742,423.829656,210.6236998,210.532206
1877,0.9385,0.938249999,0.93875,0.001297415,0.001420728,patch_1880,423.829656,423.981892,210.6236998,210.403343
1878,0.939,0.93875,0.939250001,0.00164536,0.001801743,patch_1881,423.981892,424.134128,210.6236998,210.344247
1879,0.9395,0.939250001,0.939750001,0.001667439,0.001825921,patch_1882,424.134128,424.286364,210.6236998,210.340497
1880,0.94,0.939750001,0.940249999,0.001448561,0.001586239,patch_1883,424.286364,424.438599,210.6236998,210.377672
1881,0.9405,0.940249999,0.940749999,0.001073626,0.001175668,patch_1884,424.438599,424.590835,210.6236998,210.441352
1882,0.941,0.940749999,0.94125,0.000627543,0.000687188,patch_1885,424.590835,424.743071,210.6236998,210.517116
1883,0.9415,0.94125,0.941750001,0.000195209,0.000213762,patch_1886,424.743071,424.895307,210.6236998,210.590545
1884,0.942,0.941750001,0.942250001,-0.000140296,-0.00015363,patch_1887,424.895307,425.047543,210.6236998,210.647528
1885,0.9425,0.942250001,0.942749999,-0.000345326,-0.000378147,patch_1888,425.047543,425.199778,210.6236998,210.682351
1886,0.943,0.942749999,0.943249999,-0.000439949,-0.000481764,patch_1889,425.199778,425.352014,210.6236998,210.698422
1887,0.9435,0.943249999,0.94375,-0.000446926,-0.000489404,patch_1890,425.352014,425.50425,210.6236998,210.699607
1888,0.944,0.94375,0.944250001,-0.000389025,-0.000426,patch_1891,425.50425,425.656486,210.6236998,210.689773
1889,0.9445,0.944250001,0.944750001,-0.000289021,-0.000316491,patch_1892,425.656486,425.808722,210.6236998,210.672788
1890,0.945,0.944750001,0.945249999,-0.000169687,-0.000185815,patch_1893,425.808722,425.960957,210.6236998,210.65252
1891,0.9455,0.945249999,0.94575,-0.00005378,-0.000058892,patch_1894,425.960957,426.113193,210.6236998,210.632834
1892,0.946,0.94575,0.94625,0.000036374,0.000039831,patch_1895,426.113193,426.265429,210.6236998,210.617522
1893,0.9465,0.94625,0.946750001,0.000091448,0.00010014,patch_1896,426.265429,426.417665,210.6236998,210.608168
1894,0.947,0.946750001,0.947250002,0.000116836,0.000127941,patch_1897,426.417665,426.569901,210.6236998,210.603856
1895,0.9475,0.947250002,0.947749999,0.000118697,0.000129978,patch_1898,426.569901,426.722136,210.6236998,210.60354
1896,0.948,0.947749999,0.94825,0.000103206,0.000113015,patch_1899,426.722136,426.874372,210.6236998,210.606171
1897,0.9485,0.94825,0.94875,0.000076534,0.000083808,patch_1900,426.874372,427.026608,210.6236998,210.610701
1898,0.949,0.94875,0.949250001,0.000044852,0.000049115,patch_1901,427.026608,427.178844,210.6236998,210.616082
1899,0.9495,0.949250001,0.949750002,0.00001433,0.000015692,patch_1902,427.178844,427.33108,210.6236998,210.621266
1900,0.95,0.949750002,0.950249999,-0.000008974,-0.000009827,patch_1903,427.33108,427.483315,210.6236998,210.625224
1901,0.9505,0.950249999,0.95075,-0.000022551,-0.000024695,patch_1904,427.483315,427.635551,210.6236998,210.62753
1902,0.951,0.95075,0.95125,-0.000028086,-0.000030755,patch_1905,427.635551,427.787787,210.6236998,210.62847
1903,0.9515,0.95125,0.951750001,-0.000027485,-0.000030098,patch_1906,427.787787,427.940023,210.6236998,210.628368
1904,0.952,0.951750001,0.952250002,-0.000022669,-0.000024824,patch_1907,427.940023,428.092259,210.6236998,210.62755
1905,0.9525,0.952250002,0.952749999,-0.000015539,-0.000017016,patch_1908,428.092259,428.244494,210.6236998,210.626339
1906,0.953,0.952749999,0.95325,-0.00000802,-0.000008783,patch_1909,428.244494,428.39673,210.6236998,210.625062
1907,0.9535,0.95325,0.95375,-0.000002021,-0.000002213,patch_1910,428.39673,428.548966,210.6236998,210.624043
1908,0.954,0.95375,0.954250001,0.000000582,0.000000637,patch_1911,428.548966,428.701202,210.6236998,210.623601
1909,0.9545,0.954250001,0.954750002,-0.000000614,-0.000000672,patch_1912,428.701202,428.853438,210.6236998,210.623804
1910,0.955,0.954750002,0.955249999,-0.00000424,-0.000004643,patch_1913,428.853438,429.005673,210.6236998,210.62442
1911,0.9555,0.955249999,0.95575,-0.000008803,-0.00000964,patch_1914,429.005673,429.157909,210.6236998,210.625195
1912,0.956,0.95575,0.956250001,-0.000012831,-0.00001405,patch_1915,429.157909,429.310145,210.6236998,210.625879
1913,0.9565,0.956250001,0.956750001,-0.000014833,-0.000016242,patch_1916,429.310145,429.462381,210.6236998,210.626219
1914,0.957,0.956750001,0.957249999,-0.000013319,-0.000014585,patch_1917,429.462381,429.614616,210.6236998,210.625962
1915,0.9575,0.957249999,0.957749999,-0.000006813,-0.000007461,patch_1918,429.614616,429.766852,210.6236998,210.624857
1916,0.958,0.957749999,0.95825,0.00000611,0.000006691,patch_1919,429.766852,429.919088,210.6236998,210.622662
1917,0.9585,0.95825,0.958750001,0.000024557,0.000026891,patch_1920,429.919088,430.071324,210.6236998,210.619529
1918,0.959,0.958750001,0.959250001,0.000044705,0.000048954,patch_1921,430.071324,430.22356,210.6236998,210.616107
1919,0.9595,0.959250001,0.959749999,0.000062515,0.000068457,patch_1922,430.22356,430.375795,210.6236998,210.613082
1920,0.96,0.959749999,0.960249999,0.000073973,0.000081004,patch_1923,430.375795,430.528031,210.6236998,210.611136
1921,0.9605,0.960249999,0.96075,0.000075051,0.000082184,patch_1924,430.528031,430.680267,210.6236998,210.610953
1922,0.961,0.96075,0.961250001,0.000061726,0.000067593,patch_1925,430.680267,430.832503,210.6236998,210.613216
1923,0.9615,0.961250001,0.961750001,0.000029974,0.000032822,patch_1926,430.832503,430.984739,210.6236998,210.618609
1924,0.962,0.961750001,0.962249999,-0.000024041,-0.000026326,patch_1927,430.984739,431.136974,210.6236998,210.627783
1925,0.9625,0.962249999,0.962749999,-0.000096514,-0.000105687,patch_1928,431.136974,431.28921,210.6236998,210.640092
1926,0.963,0.962749999,0.96325,-0.000173532,-0.000190025,patch_1929,431.28921,431.441446,210.6236998,210.653173
1927,0.9635,0.96325,0.963750001,-0.000240482,-0.000263339,patch_1930,431.441446,431.593682,210.6236998,210.664544
1928,0.964,0.963750001,0.964250001,-0.000282751,-0.000309625,patch_1931,431.593682,431.745918,210.6236998,210.671723
1929,0.9645,0.964250001,0.964749999,-0.00028573,-0.000312887,patch_1932,431.745918,431.898153,210.6236998,210.672229
1930,0.965,0.964749999,0.965249999,-0.0002348,-0.000257117,patch_1933,431.898153,432.050389,210.6236998,210.663579
1931,0.9655,0.965249999,0.96575,-0.000115355,-0.000126319,patch_1934,432.050389,432.202625,210.6236998,210.643292
1932,0.966,0.96575,0.966250001,0.000086602,0.000094833,patch_1935,432.202625,432.354861,210.6236998,210.608991
1933,0.9665,0.966250001,0.966750001,0.000357447,0.00039142,patch_1936,432.354861,432.507097,210.6236998,210.56299
1934,0.967,0.966750001,0.967249999,0.000645525,0.000706878,patch_1937,432.507097,432.659332,210.6236998,210.514062
1935,0.9675,0.967249999,0.96775,0.000896421,0.000981621,patch_1938,432.659332,432.811568,210.6236998,210.471449
1936,0.968,0.96775,0.96825,0.00105571,0.001156049,patch_1939,432.811568,432.963804,210.6236998,210.444395
1937,0.9685,0.96825,0.968750001,0.001068957,0.001170556,patch_1940,432.963804,433.11604,210.6236998,210.442145
1938,0.969,0.968750001,0.969250002,0.000881755,0.000965561,patch_1941,433.11604,433.268276,210.6236998,210.47394
1939,0.9695,0.969250002,0.969749999,0.000439664,0.000481452,patch_1942,433.268276,433.420511,210.6236998,210.549026
1940,0.97,0.969749999,0.97025,-0.000309687,-0.000339121,patch_1943,433.420511,433.572747,210.6236998,210.676298
1941,0.9705,0.97025,0.97075,-0.001318254,-0.001443547,patch_1944,433.572747,433.724983,210.6236998,210.847596
1942,0.971,0.97075,0.971250001,-0.002394066,-0.002621609,patch_1945,433.724983,433.877219,210.6236998,211.030315
1943,0.9715,0.971250001,0.971750002,-0.003334029,-0.00365091,patch_1946,433.877219,434.029455,210.6236998,211.189961
1944,0.972,0.971750002,0.972249999,-0.003935066,-0.004309073,patch_1947,434.029455,434.18169,210.6236998,211.292043
1945,0.9725,0.972249999,0.97275,-0.003994097,-0.004373715,patch_1948,434.18169,434.333926,210.6236998,211.302069
1946,0.973,0.97275,0.97325,-0.003308022,-0.003622432,patch_1949,434.333926,434.486162,210.6236998,211.185544
1947,0.9735,0.97325,0.973750001,-0.001673771,-0.001832854,patch_1950,434.486162,434.638398,210.6236998,210.907978
1948,0.974,0.973750001,0.974250002,0.001109571,0.00121503,patch_1951,434.638398,434.790634,210.6236998,210.435247
1949,0.9745,0.974250002,0.974749999,0.005124875,0.005611967,patch_1952,434.790634,434.942869,210.6236998,209.753276
1950,0.975,0.974749999,0.97525,0.010278902,0.011255856,patch_1953,434.942869,435.095105,210.6236998,208.877901
1951,0.9755,0.97525,0.97575,0.016464069,0.01802889,patch_1954,435.095105,435.247341,210.6236998,207.827394
1952,0.976,0.97575,0.976250001,0.023572767,0.025813231,patch_1955,435.247341,435.399577,210.6236998,206.620032
1953,0.9765,0.976250001,0.976750002,0.031497412,0.034491071,patch_1956,435.399577,435.551813,210.6236998,205.274087
1954,0.977,0.976750002,0.977249999,0.040130394,0.043944571,patch_1957,435.551813,435.704048,210.6236998,203.807836
1955,0.9775,0.977249999,0.97775,0.049364125,0.054055919,patch_1958,435.704048,435.856284,210.6236998,202.239552
1956,0.978,0.97775,0.978250001,0.059090994,0.064707275,patch_1959,435.856284,436.00852,210.6236998,200.587512
1957,0.9785,0.978250001,0.978750001,0.069203308,0.075780709,patch_1960,436.00852,436.160756,210.6236998,198.870007
1958,0.979,0.978750001,0.979249999,0.079593166,0.087158068,patch_1961,436.160756,436.312991,210.6236998,197.105363
1959,0.9795,0.979249999,0.979749999,0.090152681,0.098721208,patch_1962,436.312991,436.465227,210.6236998,195.311904
1960,0.98,0.979749999,0.98025,0.100773942,0.110351961,patch_1963,436.465227,436.617463,210.6236998,193.507958
1961,0.9805,0.98025,0.980750001,0.111349053,0.12193218,patch_1964,436.617463,436.769699,210.6236998,191.71185
1962,0.981,0.980750001,0.981250001,0.121770129,0.133343723,patch_1965,436.769699,436.921935,210.6236998,189.941904
1963,0.9815,0.981250001,0.981749999,0.131929262,0.144468427,patch_1966,436.921935,437.07417,210.6236998,188.216447
1964,0.982,0.981749999,0.982249999,0.141718801,0.155188409,patch_1967,437.07417,437.226406,210.6236998,186.553763
1965,0.9825,0.982249999,0.98275,0.151048062,0.165404365,patch_1968,437.226406,437.378642,210.6236998,184.969254
1966,0.983,0.98275,0.983250001,0.159853827,0.175047071,patch_1969,437.378642,437.530878,210.6236998,183.473657
1967,0.9835,0.983250001,0.983750001,0.168075394,0.184050053,patch_1970,437.530878,437.683114,210.6236998,182.077282
1968,0.984,0.983750001,0.984249999,0.175651964,0.192346736,patch_1971,437.683114,437.835349,210.6236998,180.790455
1969,0.9845,0.984249999,0.984749999,0.182522819,0.199870628,patch_1972,437.835349,437.987585,210.6236998,179.623489
1970,0.985,0.984749999,0.98525,0.188627259,0.206555262,patch_1973,437.987585,438.139821,210.6236998,178.586693
1971,0.9855,0.98525,0.985750001,0.193904505,0.212334082,patch_1974,438.139821,438.292057,210.6236998,177.69039
1972,0.986,0.985750001,0.986250001,0.198294249,0.217141048,patch_1975,438.292057,438.444293,210.6236998,176.944823
1973,0.9865,0.986250001,0.986749999,0.2017685,0.220945508,patch_1976,438.444293,438.596528,210.6236998,176.354746
1974,0.987,0.986749999,0.987249999,0.204353612,0.223776321,patch_1977,438.596528,438.748764,210.6236998,175.915683
1975,0.9875,0.987249999,0.98775,0.20608109,0.225667987,patch_1978,438.748764,438.901,210.6236998,175.622283
1976,0.988,0.98775,0.988250001,0.206982506,0.226655077,patch_1979,438.901,439.053236,210.6236998,175.469184
1977,0.9885,0.988250001,0.988750001,0.20708944,0.226772174,patch_1980,439.053236,439.205472,210.6236998,175.451022
1978,0.989,0.988750001,0.989249999,0.206433398,0.22605378,patch_1981,439.205472,439.357707,210.6236998,175.562446
1979,0.9895,0.989249999,0.98975,0.205045981,0.224534496,patch_1982,439.357707,439.509943,210.6236998,175.798089
1980,0.99,0.98975,0.99025,0.202959077,0.222249242,patch_1983,439.509943,439.662179,210.6236998,176.152535
1981,0.9905,0.99025,0.990750001,0.200233965,0.219265123,patch_1984,439.662179,439.814415,210.6236998,176.615376
1982,0.991,0.990750001,0.991250002,0.196983573,0.2157058,patch_1985,439.814415,439.966651,210.6236998,177.167432
1983,0.9915,0.991250002,0.991749999,0.193326012,0.211700606,patch_1986,439.966651,440.118886,210.6236998,177.788643
1984,0.992,0.991749999,0.99225,0.189379318,0.207378801,patch_1987,440.118886,440.271122,210.6236998,178.458961
1985,0.9925,0.99225,0.99275,0.185261678,0.202869802,patch_1988,440.271122,440.423358,210.6236998,179.158313
1986,0.993,0.99275,0.993250001,0.181091125,0.19830286,patch_1989,440.423358,440.575594,210.6236998,179.866652
1987,0.9935,0.993250001,0.993750002,0.176985797,0.193807342,patch_1990,440.575594,440.72783,210.6236998,180.563913
1988,0.994,0.993750002,0.994249999,0.173063485,0.189512236,patch_1991,440.72783,440.880065,210.6236998,181.23009
1989,0.9945,0.994249999,0.99475,0.169411999,0.185513696,patch_1992,440.880065,441.032301,210.6236998,181.850269
1990,0.995,0.99475,0.99525,0.166064424,0.181847952,patch_1993,441.032301,441.184537,210.6236998,182.418831
1991,0.9955,0.99525,0.995750001,0.163047984,0.178544816,patch_1994,441.184537,441.336773,210.6236998,182.931152
1992,0.996,0.995750001,0.996250002,0.160389958,0.175634158,patch_1995,441.336773,441.489009,210.6236998,183.382599
1993,0.9965,0.996250002,0.996749999,0.158117558,0.173145779,patch_1996,441.489009,441.641244,210.6236998,183.76855
1994,0.997,0.996749999,0.99725,0.156258058,0.171109543,patch_1997,441.641244,441.79348,210.6236998,184.084373
1995,0.9975,0.99725,0.99775,0.154838711,0.169555296,patch_1998,441.79348,441.945716,210.6236998,184.325439
1996,0.998,0.99775,0.998250001,0.153885678,0.168511681,patch_1999,441.945716,442.097952,210.6236998,184.487305
1997,0.9985,0.998250001,0.998750002,0.153309804,0.167881074,patch_2000,442.097952,442.250188,210.6236998,184.585113
1998,0.999,0.998750002,0.999249999,0.152802182,0.167325206,patch_2001,442.250188,442.402423,210.6236998,184.671329
1999,0.9995,0.999249999,0.99975,0.152029321,0.166478888,patch_2002,442.402423,442.554659,210.6236998,184.802594
2000,1,0.99975,1.000250001,0.150657725,0.164976929,patch_2003,442.554659,442.706895,210.6236998,185.03555
2001,1.0005,1.000250001,1.000750001,0.148353949,0.162454192,patch_2004,442.706895,442.859131,210.6236998,185.42683
2002,1.001,1.000750001,1.001249999,0.144784481,0.158545465,patch_2005,442.859131,443.011366,210.6236998,186.033079
2003,1.0015,1.001249999,1.001749999,0.139615835,0.152885567,patch_2006,443.011366,443.163602,210.6236998,186.910937
2004,1.002,1.001749999,1.00225,0.132516787,0.145111793,patch_2007,443.163602,443.315838,210.6236998,188.11666
2005,1.0025,1.00225,1.002750001,0.123450104,0.135183371,patch_2008,443.315838,443.468074,210.6236998,189.656572
2006,1.003,1.002750001,1.003250001,0.112961549,0.123697935,patch_2009,443.468074,443.62031,210.6236998,191.437979
2007,1.0035,1.003250001,1.003749999,0.101665542,0.111328303,patch_2010,443.62031,443.772545,210.6236998,193.356526
2008,1.004,1.003749999,1.004249999,0.090176462,0.098747249,patch_2011,443.772545,443.924781,210.6236998,195.307865
2009,1.0045,1.004249999,1.00475,0.07910876,0.086627621,patch_2012,443.924781,444.077017,210.6236998,197.187636
2010,1.005,1.00475,1.005250001,0.069076826,0.075642206,patch_2013,444.077017,444.229253,210.6236998,198.891489
2011,1.0055,1.005250001,1.005750001,0.060695077,0.066463816,patch_2014,444.229253,444.381489,210.6236998,200.31507
2012,1.006,1.005750001,1.006249999,0.054575711,0.059762838,patch_2015,444.381489,444.533724,210.6236998,201.354401
2013,1.0065,1.006249999,1.006749999,0.050990198,0.055836542,patch_2016,444.533724,444.68596,210.6236998,201.963375
2014,1.007,1.006749999,1.00725,0.049505815,0.054211076,patch_2017,444.68596,444.838196,210.6236998,202.215487
2015,1.0075,1.00725,1.007750001,0.049602699,0.054317168,patch_2018,444.838196,444.990432,210.6236998,202.199032
2016,1.008,1.007750001,1.008250001,0.050760963,0.055585519,patch_2019,444.990432,445.142668,210.6236998,202.002309
2017,1.0085,1.008250001,1.008749999,0.052460733,0.057446843,patch_2020,445.142668,445.294903,210.6236998,201.713615
2018,1.009,1.008749999,1.009249999,0.054182136,0.059331855,patch_2021,445.294903,445.447139,210.6236998,201.421247
2019,1.0095,1.009249999,1.00975,0.055405289,0.060671263,patch_2022,445.447139,445.599375,210.6236998,201.213503
2020,1.01,1.00975,1.010250001,0.055611491,0.060897064,patch_2023,445.599375,445.751611,210.6236998,201.178481
2021,1.0105,1.010250001,1.010750001,0.054494471,0.059673877,patch_2024,445.751611,445.903847,210.6236998,201.368199
2022,1.011,1.010750001,1.011249999,0.052205786,0.057167664,patch_2025,445.903847,446.056082,210.6236998,201.756916
2023,1.0115,1.011249999,1.01175,0.048956507,0.053609559,patch_2026,446.056082,446.208318,210.6236998,202.308783
2024,1.012,1.01175,1.01225,0.044957701,0.049230688,patch_2027,446.208318,446.360554,210.6236998,202.987952
2025,1.0125,1.01225,1.012750001,0.040420421,0.044262164,patch_2028,446.360554,446.51279,210.6236998,203.758577
2026,1.013,1.012750001,1.013250002,0.035555756,0.038935138,patch_2029,446.51279,446.665026,210.6236998,204.584806
2027,1.0135,1.013250002,1.013749999,0.030574753,0.033480719,patch_2030,446.665026,446.817261,210.6236998,205.430794
2028,1.014,1.013749999,1.01425,0.025688274,0.028129806,patch_2031,446.817261,446.969497,210.6236998,206.260728
2029,1.0145,1.01425,1.01475,0.02105948,0.02306107,patch_2032,446.969497,447.121733,210.6236998,207.046896
2030,1.015,1.01475,1.015250001,0.016744381,0.018335844,patch_2033,447.121733,447.273969,210.6236998,207.779785
2031,1.0155,1.015250001,1.015750002,0.012784346,0.013999429,patch_2034,447.273969,447.426205,210.6236998,208.452369
2032,1.016,1.015750002,1.016249999,0.009220765,0.010097149,patch_2035,447.426205,447.57844,210.6236998,209.057618
2033,1.0165,1.016249999,1.01675,0.006095013,0.006674311,patch_2036,447.57844,447.730676,210.6236998,209.588505
2034,1.017,1.01675,1.01725,0.003448473,0.003776232,patch_2037,447.730676,447.882912,210.6236998,210.038001
2035,1.0175,1.01725,1.017750001,0.001322527,0.001448226,patch_2038,447.882912,448.035148,210.6236998,210.399078
2036,1.018,1.017750001,1.018250002,-0.000241589,-0.000264551,patch_2039,448.035148,448.187384,210.6236998,210.664732
2037,1.0185,1.018250002,1.018749999,-0.001239435,-0.001357236,patch_2040,448.187384,448.339619,210.6236998,210.834209
2038,1.019,1.018749999,1.01925,-0.001752921,-0.001919526,patch_2041,448.339619,448.491855,210.6236998,210.921421
2039,1.0195,1.01925,1.01975,-0.001876299,-0.002054632,patch_2042,448.491855,448.644091,210.6236998,210.942376
2040,1.02,1.01975,1.020250001,-0.001703828,-0.001865768,patch_2043,448.644091,448.796327,210.6236998,210.913083
2041,1.0205,1.020250001,1.020750002,-0.001329753,-0.001456139,patch_2044,448.796327,448.948563,210.6236998,210.849549
2042,1.021,1.020750002,1.021249999,-0.000848338,-0.000928968,patch_2045,448.948563,449.100798,210.6236998,210.767784
2043,1.0215,1.021249999,1.02175,-0.00035384,-0.00038747,patch_2046,449.100798,449.253034,210.6236998,210.683797
2044,1.022,1.02175,1.022250001,0.000059589,0.000065253,patch_2047,449.253034,449.40527,210.6236998,210.613579
2045,1.0225,1.022250001,1.022750001,0.000329097,0.000360376,patch_2048,449.40527,449.557506,210.6236998,210.567805
2046,1.023,1.022750001,1.023249999,0.000468432,0.000512954,patch_2049,449.557506,449.709741,210.6236998,210.54414
2047,1.0235,1.023249999,1.023749999,0.000502863,0.000550658,patch_2050,449.709741,449.861977,210.6236998,210.538292
2048,1.024,1.023749999,1.02425,0.000457645,0.000501142,patch_2051,449.861977,450.014213,210.6236998,210.545972
2049,1.0245,1.02425,1.024750001,0.000358036,0.000392065,patch_2052,450.014213,450.166449,210.6236998,210.56289
2050,1.025,1.024750001,1.025250001,0.000229293,0.000251086,patch_2053,450.166449,450.318685,210.6236998,210.584756
2051,1.0255,1.025250001,1.025749999,0.000096676,0.000105865,patch_2054,450.318685,450.47092,210.6236998,210.60728
2052,1.026,1.025749999,1.026249999,-0.000014579,-0.000015965,patch_2055,450.47092,450.623156,210.6236998,210.626176
2053,1.0265,1.026249999,1.02675,-0.000087323,-0.000095623,patch_2056,450.623156,450.775392,210.6236998,210.638531
2054,1.027,1.02675,1.027250001,-0.000125081,-0.00013697,patch_2057,450.775392,450.927628,210.6236998,210.644944
2055,1.0275,1.027250001,1.027750001,-0.000134631,-0.000147427,patch_2058,450.927628,451.079864,210.6236998,210.646566
2056,1.028,1.027750001,1.028249999,-0.00012275,-0.000134417,patch_2059,451.079864,451.232099,210.6236998,210.644548
2057,1.0285,1.028249999,1.028749999,-0.000096219,-0.000105365,patch_2060,451.232099,451.384335,210.6236998,210.640042
2058,1.029,1.028749999,1.02925,-0.000061817,-0.000067692,patch_2061,451.384335,451.536571,210.6236998,210.634199
2059,1.0295,1.02925,1.029750001,-0.000026314,-0.000028815,patch_2062,451.536571,451.688807,210.6236998,210.628169
2060,1.03,1.029750001,1.030250001,0.000003508,0.000003841,patch_2063,451.688807,451.841043,210.6236998,210.623104
2061,1.0305,1.030250001,1.030749999,0.000022985,0.000025169,patch_2064,451.841043,451.993278,210.6236998,210.619796
2062,1.031,1.030749999,1.031249999,0.000033035,0.000036175,patch_2065,451.993278,452.145514,210.6236998,210.618089
2063,1.0315,1.031249999,1.03175,0.00003552,0.000038896,patch_2066,452.145514,452.29775,210.6236998,210.617667
2064,1.032,1.03175,1.032250001,0.000032287,0.000035356,patch_2067,452.29775,452.449986,210.6236998,210.618216
2065,1.0325,1.032250001,1.032750001,0.000025187,0.000027581,patch_2068,452.449986,452.602222,210.6236998,210.619422
2066,1.033,1.032750001,1.033249999,0.000016078,0.000017607,patch_2069,452.602222,452.754457,210.6236998,210.620969
2067,1.0335,1.033249999,1.03375,0.000006805,0.000007452,patch_2070,452.754457,452.906693,210.6236998,210.622544
2068,1.034,1.03375,1.03425,-0.000000778,-0.000000852,patch_2071,452.906693,453.058929,210.6236998,210.623832
2069,1.0345,1.03425,1.034750001,-0.000005394,-0.000005907,patch_2072,453.058929,453.211165,210.6236998,210.624616
2070,1.035,1.034750001,1.035250002,-0.000007408,-0.000008112,patch_2073,453.211165,453.363401,210.6236998,210.624958
2071,1.0355,1.035250002,1.035749999,-0.000007443,-0.000008151,patch_2074,453.363401,453.515636,210.6236998,210.624964
2072,1.036,1.035749999,1.03625,-0.000006124,-0.000006707,patch_2075,453.515636,453.667872,210.6236998,210.62474
2073,1.0365,1.03625,1.03675,-0.000004099,-0.000004489,patch_2076,453.667872,453.820108,210.6236998,210.624396
2074,1.037,1.03675,1.037250001,-0.000001985,-0.000002174,patch_2077,453.820108,453.972344,210.6236998,210.624037
2075,1.0375,1.037250001,1.037750002,-0.000000419,-0.000000459,patch_2078,453.972344,454.12458,210.6236998,210.623771
2076,1.038,1.037750002,1.038249999,-0.000000037,-0.00000004,patch_2079,454.12458,454.276815,210.6236998,210.623706
2077,1.0385,1.038249999,1.03875,-0.000001167,-0.000001278,patch_2080,454.276815,454.429051,210.6236998,210.623898
2078,1.039,1.03875,1.03925,-0.000003292,-0.000003605,patch_2081,454.429051,454.581287,210.6236998,210.624259
2079,1.0395,1.03925,1.039750001,-0.000005742,-0.000006288,patch_2082,454.581287,454.733523,210.6236998,210.624675
2080,1.04,1.039750001,1.040250002,-0.000007844,-0.000008589,patch_2083,454.733523,454.885759,210.6236998,210.625032
2081,1.0405,1.040250002,1.040749999,-0.000008927,-0.000009776,patch_2084,454.885759,455.037994,210.6236998,210.625216
2082,1.041,1.040749999,1.04125,-0.000008309,-0.000009099,patch_2085,455.037994,455.19023,210.6236998,210.625111
2083,1.0415,1.04125,1.04175,-0.000005324,-0.00000583,patch_2086,455.19023,455.342466,210.6236998,210.624604
2084,1.042,1.04175,1.042250001,0.000000699,0.000000766,patch_2087,455.342466,455.494702,210.6236998,210.623581
2085,1.0425,1.042250001,1.042750002,0.000009843,0.000010779,patch_2088,455.494702,455.646938,210.6236998,210.622028
2086,1.043,1.042750002,1.043249999,0.000020394,0.000022332,patch_2089,455.646938,455.799173,210.6236998,210.620236
2087,1.0435,1.043249999,1.04375,0.00003028,0.000033158,patch_2090,455.799173,455.951409,210.6236998,210.618557
2088,1.044,1.04375,1.04425,0.000037445,0.000041004,patch_2091,455.951409,456.103645,210.6236998,210.61734
2089,1.0445,1.04425,1.044750001,0.00003983,0.000043615,patch_2092,456.103645,456.255881,210.6236998,210.616935
2090,1.045,1.044750001,1.045249999,0.000035373,0.000038735,patch_2093,456.255881,456.408116,210.6236998,210.617692
2091,1.0455,1.045249999,1.045749999,0.000022013,0.000024106,patch_2094,456.408116,456.560352,210.6236998,210.619961
2092,1.046,1.045749999,1.04625,-0.000002315,-0.000002535,patch_2095,456.560352,456.712588,210.6236998,210.624093
2093,1.0465,1.04625,1.046750001,-0.000037665,-0.000041245,patch_2096,456.712588,456.864824,210.6236998,210.630097
2094,1.047,1.046750001,1.047250001,-0.000077726,-0.000085113,patch_2097,456.864824,457.01706,210.6236998,210.636901
2095,1.0475,1.047250001,1.047749999,-0.000114925,-0.000125848,patch_2098,457.01706,457.169295,210.6236998,210.643219
2096,1.048,1.047749999,1.048249999,-0.000141697,-0.000155164,patch_2099,457.169295,457.321531,210.6236998,210.647766
2097,1.0485,1.048249999,1.04875,-0.000150464,-0.000164764,patch_2100,457.321531,457.473767,210.6236998,210.649255
2098,1.049,1.04875,1.049250001,-0.00013366,-0.000146364,patch_2101,457.473767,457.626003,210.6236998,210.646401
2099,1.0495,1.049250001,1.049750001,-0.000083708,-0.000091664,patch_2102,457.626003,457.778239,210.6236998,210.637917
2100,1.05,1.049750001,1.050249999,0.000006958,0.00000762,patch_2103,457.778239,457.930474,210.6236998,210.622518
2101,1.0505,1.050249999,1.050749999,0.000138768,0.000151957,patch_2104,457.930474,458.08271,210.6236998,210.600131
2102,1.051,1.050749999,1.05125,0.000288418,0.000315831,patch_2105,458.08271,458.234946,210.6236998,210.574714
2103,1.0515,1.05125,1.051750001,0.000427682,0.000468331,patch_2106,458.234946,458.387182,210.6236998,210.551061
2104,1.052,1.051750001,1.052250001,0.000528334,0.000578549,patch_2107,458.387182,458.539418,210.6236998,210.533966
2105,1.0525,1.052250001,1.052749999,0.000562154,0.000615583,patch_2108,458.539418,458.691653,210.6236998,210.528222
2106,1.053,1.052749999,1.053249999,0.000500915,0.000548524,patch_2109,458.691653,458.843889,210.6236998,210.538623
2107,1.0535,1.053249999,1.05375,0.000316391,0.000346462,patch_2110,458.843889,458.996125,210.6236998,210.569963
2108,1.054,1.05375,1.054250001,-0.000019637,-0.000021503,patch_2111,458.996125,459.148361,210.6236998,210.627035
2109,1.0545,1.054250001,1.054750001,-0.000509849,-0.000558307,patch_2112,459.148361,459.300597,210.6236998,210.710294
2110,1.055,1.054750001,1.055249999,-0.001068182,-0.001169707,patch_2113,459.300597,459.452832,210.6236998,210.805123
2111,1.0555,1.055249999,1.05575,-0.001589299,-0.001740353,patch_2114,459.452832,459.605068,210.6236998,210.893631
2112,1.056,1.05575,1.05625,-0.001967884,-0.002154921,patch_2115,459.605068,459.757304,210.6236998,210.957931
2113,1.0565,1.05625,1.056750001,-0.002098599,-0.002298059,patch_2116,459.757304,459.90954,210.6236998,210.980132
2114,1.057,1.056750001,1.057250002,-0.001876117,-0.002054432,patch_2117,459.90954,460.061776,210.6236998,210.942345
2115,1.0575,1.057250002,1.057749999,-0.001195117,-0.001308707,patch_2118,460.061776,460.214011,210.6236998,210.826682
2116,1.058,1.057749999,1.05825,0.000049733,0.00005446,patch_2119,460.214011,460.366247,210.6236998,210.615253
2117,1.0585,1.05825,1.05875,0.001905236,0.002086318,patch_2120,460.366247,460.518483,210.6236998,210.300109
2118,1.059,1.05875,1.059250001,0.004205579,0.004605296,patch_2121,460.518483,460.670719,210.6236998,209.909412
2119,1.0595,1.059250001,1.059750002,0.006736664,0.007376948,patch_2122,460.670719,460.822955,210.6236998,209.479525
2120,1.06,1.059750002,1.060249999,0.009284389,0.01016682,patch_2123,460.822955,460.97519,210.6236998,209.046812
2121,1.0605,1.060249999,1.06075,0.01163466,0.012740472,patch_2124,460.97519,461.127426,210.6236998,208.647635
2122,1.061,1.06075,1.06125,0.013573375,0.014863451,patch_2125,461.127426,461.279662,210.6236998,208.318358
2123,1.0615,1.06125,1.061750001,0.014886447,0.016301323,patch_2126,461.279662,461.431898,210.6236998,208.095342
2124,1.062,1.061750001,1.062250002,0.015359767,0.01681963,patch_2127,461.431898,461.584134,210.6236998,208.014952
2125,1.0625,1.062250002,1.062749999,0.014854317,0.01626614,patch_2128,461.584134,461.736369,210.6236998,208.100799
2126,1.063,1.062749999,1.06325,0.01351641,0.014801072,patch_2129,461.736369,461.888605,210.6236998,208.328033
2127,1.0635,1.06325,1.06375,0.01156015,0.01265888,patch_2130,461.888605,462.040841,210.6236998,208.66029
2128,1.064,1.06375,1.064250001,0.009199634,0.010074009,patch_2131,462.040841,462.193077,210.6236998,209.061207
2129,1.0645,1.064250001,1.064750002,0.006648954,0.007280901,patch_2132,462.193077,462.345313,210.6236998,209.494422
2130,1.065,1.064750002,1.065249999,0.004122207,0.004514001,patch_2133,462.345313,462.497548,210.6236998,209.923572
2131,1.0655,1.065249999,1.06575,0.001833493,0.002007756,patch_2134,462.497548,462.649784,210.6236998,210.312294
2132,1.066,1.06575,1.06625,-0.000003086,-0.00000338,patch_2135,462.649784,462.80202,210.6236998,210.624224
2133,1.0665,1.06625,1.066750001,-0.001227,-0.001343619,patch_2136,462.80202,462.954256,210.6236998,210.832097
2134,1.067,1.066750001,1.067249999,-0.001890648,-0.002070344,patch_2137,462.954256,463.106491,210.6236998,210.944813
2135,1.0675,1.067249999,1.067749999,-0.00209937,-0.002298904,patch_2138,463.106491,463.258727,210.6236998,210.980263
2136,1.068,1.067749999,1.06825,-0.001958481,-0.002144624,patch_2139,463.258727,463.410963,210.6236998,210.956334
2137,1.0685,1.06825,1.068750001,-0.001573308,-0.001722842,patch_2140,463.410963,463.563199,210.6236998,210.890915
2138,1.069,1.068750001,1.069250001,-0.001049188,-0.001148908,patch_2141,463.563199,463.715435,210.6236998,210.801897
2139,1.0695,1.069250001,1.069749999,-0.000491438,-0.000538146,patch_2142,463.715435,463.86767,210.6236998,210.707167
2140,1.07,1.069749999,1.070249999,-0.000005394,-0.000005907,patch_2143,463.86767,464.019906,210.6236998,210.624616
2141,1.0705,1.070249999,1.07075,0.000325023,0.000355914,patch_2144,464.019906,464.172142,210.6236998,210.568497
2142,1.071,1.07075,1.071250001,0.000504895,0.000552882,patch_2145,464.172142,464.324378,210.6236998,210.537947
2143,1.0715,1.071250001,1.071750001,0.000562442,0.000615899,patch_2146,464.324378,464.476614,210.6236998,210.528173
2144,1.072,1.071750001,1.072249999,0.000525891,0.000575874,patch_2147,464.476614,464.628849,210.6236998,210.534381
2145,1.0725,1.072249999,1.072749999,0.000423461,0.000463708,patch_2148,464.628849,464.781085,210.6236998,210.551778
2146,1.073,1.072749999,1.07325,0.000283372,0.000310305,patch_2149,464.781085,464.933321,210.6236998,210.575571
2147,1.0735,1.07325,1.073750001,0.000133852,0.000146574,patch_2150,464.933321,465.085557,210.6236998,210.600966
2148,1.074,1.073750001,1.074250001,0.000003119,0.000003416,patch_2151,465.085557,465.237793,210.6236998,210.62317
2149,1.0745,1.074250001,1.074749999,-0.000086081,-0.000094262,patch_2152,465.237793,465.390028,210.6236998,210.63832
2150,1.075,1.074749999,1.075249999,-0.000134826,-0.00014764,patch_2153,465.390028,465.542264,210.6236998,210.646599
2151,1.0755,1.075249999,1.07575,-0.000150682,-0.000165003,patch_2154,465.542264,465.6945,210.6236998,210.649292
2152,1.076,1.07575,1.076250001,-0.000141214,-0.000154636,patch_2155,465.6945,465.846736,210.6236998,210.647684
2153,1.0765,1.076250001,1.076750001,-0.000113977,-0.00012481,patch_2156,465.846736,465.998972,210.6236998,210.643058
2154,1.077,1.076750001,1.077249999,-0.000076537,-0.000083811,patch_2157,465.998972,466.151207,210.6236998,210.636699
2155,1.0775,1.077249999,1.07775,-0.000036453,-0.000039917,patch_2158,466.151207,466.303443,210.6236998,210.629891
2156,1.078,1.07775,1.07825,-0.000001291,-0.000001413,patch_2159,466.303443,466.455679,210.6236998,210.623919
2157,1.0785,1.07825,1.078750001,0.00002279,0.000024957,patch_2160,466.455679,466.607915,210.6236998,210.619829
2158,1.079,1.078750001,1.079250002,0.000035997,0.000039418,patch_2161,466.607915,466.760151,210.6236998,210.617586
2159,1.0795,1.079250002,1.079749999,0.000040366,0.000044202,patch_2162,466.760151,466.912386,210.6236998,210.616844
2160,1.08,1.079749999,1.08025,0.000037916,0.00004152,patch_2163,466.912386,467.064622,210.6236998,210.61726
2161,1.0805,1.08025,1.08075,0.000030674,0.00003359,patch_2164,467.064622,467.216858,210.6236998,210.61849
2162,1.081,1.08075,1.081250001,0.000020665,0.000022629,patch_2165,467.216858,467.369094,210.6236998,210.62019
2163,1.0815,1.081250001,1.081750002,0.00000992,0.000010863,patch_2166,467.369094,467.52133,210.6236998,210.622015
2164,1.082,1.081750002,1.082249999,0.000000464,0.000000508,patch_2167,467.52133,467.673565,210.6236998,210.623621
2165,1.0825,1.082249999,1.08275,-0.000006036,-0.00000661,patch_2168,467.673565,467.825801,210.6236998,210.624725
2166,1.083,1.08275,1.08325,-0.000009616,-0.00001053,patch_2169,467.825801,467.978037,210.6236998,210.625333
2167,1.0835,1.08325,1.083750001,-0.000010817,-0.000011845,patch_2170,467.978037,468.130273,210.6236998,210.625537
2168,1.084,1.083750001,1.084250002,-0.000010181,-0.000011149,patch_2171,468.130273,468.282509,210.6236998,210.625429
2169,1.0845,1.084250002,1.084749999,-0.000008256,-0.000009041,patch_2172,468.282509,468.434744,210.6236998,210.625102
2170,1.085,1.084749999,1.08525,-0.000005583,-0.000006113,patch_2173,468.434744,468.58698,210.6236998,210.624648
2171,1.0855,1.08525,1.08575,-0.000002704,-0.000002961,patch_2174,468.58698,468.739216,210.6236998,210.624159
2172,1.086,1.08575,1.086250001,-0.00000016,-0.000000175,patch_2175,468.739216,468.891452,210.6236998,210.623727
2173,1.0865,1.086250001,1.086750002,0.000001594,0.000001746,patch_2176,468.891452,469.043688,210.6236998,210.623429
2174,1.087,1.086750002,1.087249999,0.000002566,0.00000281,patch_2177,469.043688,469.195923,210.6236998,210.623264
2175,1.0875,1.087249999,1.08775,0.000002896,0.000003171,patch_2178,469.195923,469.348159,210.6236998,210.623208
2176,1.088,1.08775,1.08825,0.000002731,0.00000299,patch_2179,469.348159,469.500395,210.6236998,210.623236
2177,1.0885,1.08825,1.088750001,0.000002219,0.000002429,patch_2180,469.500395,469.652631,210.6236998,210.623323
2178,1.089,1.088750001,1.089249999,0.000001506,0.000001649,patch_2181,469.652631,469.804866,210.6236998,210.623444
2179,1.0895,1.089249999,1.089749999,0.000000735,0.000000805,patch_2182,469.804866,469.957102,210.6236998,210.623575
2180,1.09,1.089749999,1.09025,0.000000052,0.000000057,patch_2183,469.957102,470.109338,210.6236998,210.623691
2181,1.0905,1.09025,1.090750001,-0.000000425,-0.000000466,patch_2184,470.109338,470.261574,210.6236998,210.623772
2182,1.091,1.090750001,1.091250001,-0.00000069,-0.000000756,patch_2185,470.261574,470.41381,210.6236998,210.623817
2183,1.0915,1.091250001,1.091749999,-0.000000778,-0.000000852,patch_2186,470.41381,470.566045,210.6236998,210.623832
2184,1.092,1.091749999,1.092249999,-0.000000737,-0.000000807,patch_2187,470.566045,470.718281,210.6236998,210.623825
2185,1.0925,1.092249999,1.09275,-0.000000602,-0.000000659,patch_2188,470.718281,470.870517,210.6236998,210.623802
2186,1.093,1.09275,1.093250001,-0.000000407,-0.000000446,patch_2189,470.870517,471.022753,210.6236998,210.623769
2187,1.0935,1.093250001,1.093750001,-0.000000201,-0.000000221,patch_2190,471.022753,471.174989,210.6236998,210.623734
2188,1.094,1.093750001,1.094249999,-0.000000019,-0.000000021,patch_2191,471.174989,471.327224,210.6236998,210.623703
2189,1.0945,1.094249999,1.094749999,0.000000111,0.000000121,patch_2192,471.327224,471.47946,210.6236998,210.623681
2190,1.095,1.094749999,1.09525,0.000000181,0.000000199,patch_2193,471.47946,471.631696,210.6236998,210.623669
2191,1.0955,1.09525,1.095750001,0.000000205,0.000000224,patch_2194,471.631696,471.783932,210.6236998,210.623665
2192,1.096,1.095750001,1.096250001,0.000000193,0.000000211,patch_2195,471.783932,471.936168,210.6236998,210.623667
2193,1.0965,1.096250001,1.096749999,0.000000158,0.000000173,patch_2196,471.936168,472.088403,210.6236998,210.623673
2194,1.097,1.096749999,1.097249999,0.000000105,0.000000115,patch_2197,472.088403,472.240639,210.6236998,210.623682
2195,1.0975,1.097249999,1.09775,0.000000052,0.000000057,patch_2198,472.240639,472.392875,210.6236998,210.623691
2196,1.098,1.09775,1.098250001,0.000000005,0.000000005,patch_2199,472.392875,472.545111,210.6236998,210.623699
2197,1.0985,1.098250001,1.098750001,-0.000000031,-0.000000034,patch_2200,472.545111,472.697347,210.6236998,210.623705
2198,1.099,1.098750001,1.099249999,-0.000000048,-0.000000053,patch_2201,472.697347,472.849582,210.6236998,210.623708
2199,1.0995,1.099249999,1.09975,-0.00000006,-0.000000066,patch_2202,472.849582,473.001818,210.6236998,210.62371
2200,1.1,1.09975,1.10025,-0.000000054,-0.000000059,patch_2203,473.001818,473.154054,210.6236998,210.623709
2201,1.1005,1.10025,1.100750001,-0.000000042,-0.000000046,patch_2204,473.154054,473.30629,210.6236998,210.623707
2202,1.101,1.100750001,1.101250002,-0.000000031,-0.000000034,patch_2205,473.30629,473.458526,210.6236998,210.623705
2203,1.1015,1.101250002,1.101749999,-0.000000019,-0.000000021,patch_2206,473.458526,473.610761,210.6236998,210.623703
2204,1.102,1.101749999,1.10225,-0.000000001,-0.000000001,patch_2207,473.610761,473.762997,210.6236998,210.6237
2205,1.1025,1.10225,1.10275,0.000000005,0.000000005,patch_2208,473.762997,473.915233,210.6236998,210.623699
2206,1.103,1.10275,1.103250001,0.000000011,0.000000012,patch_2209,473.915233,474.067469,210.6236998,210.623698
2207,1.1035,1.103250001,1.103750002,0.000000011,0.000000012,patch_2210,474.067469,474.219705,210.6236998,210.623698
2208,1.104,1.103750002,1.104249999,0.000000011,0.000000012,patch_2211,474.219705,474.37194,210.6236998,210.623698
2209,1.1045,1.104249999,1.10475,0.000000011,0.000000012,patch_2212,474.37194,474.524176,210.6236998,210.623698
2210,1.105,1.10475,1.10525,0.000000005,0.000000005,patch_2213,474.524176,474.676412,210.6236998,210.623699
2211,1.1055,1.10525,1.105750001,-0.000000001,-0.000000001,patch_2214,474.676412,474.828648,210.6236998,210.6237
2212,1.106,1.105750001,1.106250002,-0.000000001,-0.000000001,patch_2215,474.828648,474.980884,210.6236998,210.6237
2213,1.1065,1.106250002,1.106749999,-0.000000001,-0.000000001,patch_2216,474.980884,475.133119,210.6236998,210.6237
2214,1.107,1.106749999,1.10725,-0.000000007,-0.000000008,patch_2217,475.133119,475.285355,210.6236998,210.623701
2215,1.1075,1.10725,1.10775,-0.000000007,-0.000000008,patch_2218,475.285355,475.437591,210.6236998,210.623701
2216,1.108,1.10775,1.108250001,-0.000000007,-0.000000008,patch_2219,475.437591,475.589827,210.6236998,210.623701
2217,1.1085,1.108250001,1.108750002,-0.000000007,-0.000000008,patch_2220,475.589827,475.742063,210.6236998,210.623701
2218,1.109,1.108750002,1.109249999,-0.000000001,-0.000000001,patch_2221,475.742063,475.894298,210.6236998,210.6237
2219,1.1095,1.109249999,1.10975,-0.000000001,-0.000000001,patch_2222,475.894298,476.046534,210.6236998,210.6237
2220,1.11,1.10975,1.11025,-0.000000001,-0.000000001,patch_2223,476.046534,476.19877,210.6236998,210.6237
2221,1.1105,1.11025,1.110750001,-0.000000001,-0.000000001,patch_2224,476.19877,476.351006,210.6236998,210.6237
2222,1.111,1.110750001,1.111249999,-0.000000001,-0.000000001,patch_2225,476.351006,476.503241,210.6236998,210.6237
2223,1.1115,1.111249999,1.111749999,-0.000000001,-0.000000001,patch_2226,476.503241,476.655477,210.6236998,210.6237
2224,1.112,1.111749999,1.11225,-0.000000007,-0.000000008,patch_2227,476.655477,476.807713,210.6236998,210.623701
2225,1.1125,1.11225,1.112750001,-0.000000007,-0.000000008,patch_2228,476.807713,476.959949,210.6236998,210.623701
2226,1.113,1.112750001,1.113250001,-0.000000007,-0.000000008,patch_2229,476.959949,477.112185,210.6236998,210.623701
2227,1.1135,1.113250001,1.113749999,-0.000000007,-0.000000008,patch_2230,477.112185,477.26442,210.6236998,210.623701
2228,1.114,1.113749999,1.114249999,-0.000000001,-0.000000001,patch_2231,477.26442,477.416656,210.6236998,210.6237
2229,1.1145,1.114249999,1.11475,-0.000000001,-0.000000001,patch_2232,477.416656,477.568892,210.6236998,210.6237
2230,1.115,1.11475,1.115250001,0.000000005,0.000000005,patch_2233,477.568892,477.721128,210.6236998,210.623699
2231,1.1155,1.115250001,1.115750001,0.000000011,0.000000012,patch_2234,477.721128,477.873364,210.6236998,210.623698
2232,1.116,1.115750001,1.116249999,0.000000011,0.000000012,patch_2235,477.873364,478.025599,210.6236998,210.623698
2233,1.1165,1.116249999,1.116749999,0.000000011,0.000000012,patch_2236,478.025599,478.177835,210.6236998,210.623698
2234,1.117,1.116749999,1.11725,0.000000011,0.000000012,patch_2237,478.177835,478.330071,210.6236998,210.623698
2235,1.1175,1.11725,1.117750001,0.000000005,0.000000005,patch_2238,478.330071,478.482307,210.6236998,210.623699
2236,1.118,1.117750001,1.118250001,-0.000000001,-0.000000001,patch_2239,478.482307,478.634543,210.6236998,210.6237
2237,1.1185,1.118250001,1.118749999,-0.000000013,-0.000000014,patch_2240,478.634543,478.786778,210.6236998,210.623702
2238,1.119,1.118749999,1.119249999,-0.000000025,-0.000000027,patch_2241,478.786778,478.939014,210.6236998,210.623704
2239,1.1195,1.119249999,1.11975,-0.000000042,-0.000000046,patch_2242,478.939014,479.09125,210.6236998,210.623707
2240,1.12,1.11975,1.120250001,-0.000000048,-0.000000053,patch_2243,479.09125,479.243486,210.6236998,210.623708
2241,1.1205,1.120250001,1.120750001,-0.000000054,-0.000000059,patch_2244,479.243486,479.395722,210.6236998,210.623709
2242,1.121,1.120750001,1.121249999,-0.000000054,-0.000000059,patch_2245,479.395722,479.547957,210.6236998,210.623709
2243,1.1215,1.121249999,1.12175,-0.000000037,-0.00000004,patch_2246,479.547957,479.700193,210.6236998,210.623706
2244,1.122,1.12175,1.12225,-0.000000007,-0.000000008,patch_2247,479.700193,479.852429,210.6236998,210.623701
2245,1.1225,1.12225,1.122750001,0.000000034,0.000000037,patch_2248,479.852429,480.004665,210.6236998,210.623694
2246,1.123,1.122750001,1.123250002,0.000000087,0.000000095,patch_2249,480.004665,480.156901,210.6236998,210.623685
2247,1.1235,1.123250002,1.123749999,0.00000014,0.000000153,patch_2250,480.156901,480.309136,210.6236998,210.623676
2248,1.124,1.123749999,1.12425,0.000000175,0.000000192,patch_2251,480.309136,480.461372,210.6236998,210.62367
2249,1.1245,1.12425,1.12475,0.000000199,0.000000218,patch_2252,480.461372,480.613608,210.6236998,210.623666
2250,1.125,1.12475,1.125250001,0.000000187,0.000000205,patch_2253,480.613608,480.765844,210.6236998,210.623668
2251,1.1255,1.125250001,1.125750002,0.000000134,0.000000147,patch_2254,480.765844,480.91808,210.6236998,210.623677
2252,1.126,1.125750002,1.126249999,0.000000028,0.000000031,patch_2255,480.91808,481.070315,210.6236998,210.623695
2253,1.1265,1.126249999,1.12675,-0.000000131,-0.000000143,patch_2256,481.070315,481.222551,210.6236998,210.623722
2254,1.127,1.12675,1.12725,-0.000000325,-0.000000356,patch_2257,481.222551,481.374787,210.6236998,210.623755
2255,1.1275,1.12725,1.127750001,-0.000000519,-0.000000569,patch_2258,481.374787,481.527023,210.6236998,210.623788
2256,1.128,1.127750001,1.128250002,-0.000000672,-0.000000736,patch_2259,481.527023,481.679259,210.6236998,210.623814
2257,1.1285,1.128250002,1.128749999,-0.000000743,-0.000000814,patch_2260,481.679259,481.831494,210.6236998,210.623826
2258,1.129,1.128749999,1.12925,-0.000000702,-0.000000769,patch_2261,481.831494,481.98373,210.6236998,210.623819
2259,1.1295,1.12925,1.12975,-0.000000508,-0.000000556,patch_2262,481.98373,482.135966,210.6236998,210.623786
2260,1.13,1.12975,1.130250001,-0.000000125,-0.000000137,patch_2263,482.135966,482.288202,210.6236998,210.623721
2261,1.1305,1.130250001,1.130750002,0.000000476,0.000000521,patch_2264,482.288202,482.440438,210.6236998,210.623619
2262,1.131,1.130750002,1.131249999,0.0000012,0.000001314,patch_2265,482.440438,482.592673,210.6236998,210.623496
2263,1.1315,1.131249999,1.13175,0.000001918,0.000002101,patch_2266,482.592673,482.744909,210.6236998,210.623374
2264,1.132,1.13175,1.13225,0.000002489,0.000002726,patch_2267,482.744909,482.897145,210.6236998,210.623277
2265,1.1325,1.13225,1.132750001,0.000002772,0.000003035,patch_2268,482.897145,483.049381,210.6236998,210.623229
2266,1.133,1.132750001,1.133249999,0.000002625,0.000002874,patch_2269,483.049381,483.201616,210.6236998,210.623254
2267,1.1335,1.133249999,1.133749999,0.000001912,0.000002094,patch_2270,483.201616,483.353852,210.6236998,210.623375
2268,1.134,1.133749999,1.13425,0.000000488,0.000000534,patch_2271,483.353852,483.506088,210.6236998,210.623617
2269,1.1345,1.13425,1.134750001,-0.000001738,-0.000001903,patch_2272,483.506088,483.658324,210.6236998,210.623995
2270,1.135,1.134750001,1.135250001,-0.000004452,-0.000004876,patch_2273,483.658324,483.81056,210.6236998,210.624456
2271,1.1355,1.135250001,1.135749999,-0.000007143,-0.000007822,patch_2274,483.81056,483.962795,210.6236998,210.624913
2272,1.136,1.135749999,1.136249999,-0.00000928,-0.000010162,patch_2275,483.962795,484.115031,210.6236998,210.625276
2273,1.1365,1.136249999,1.13675,-0.000010352,-0.000011336,patch_2276,484.115031,484.267267,210.6236998,210.625458
2274,1.137,1.13675,1.137250001,-0.000009828,-0.000010762,patch_2277,484.267267,484.419503,210.6236998,210.625369
2275,1.1375,1.137250001,1.137750001,-0.000007196,-0.00000788,patch_2278,484.419503,484.571739,210.6236998,210.624922
2276,1.138,1.137750001,1.138249999,-0.000001932,-0.000002116,patch_2279,484.571739,484.723974,210.6236998,210.624028
2277,1.1385,1.138249999,1.138749999,0.000006328,0.00000693,patch_2280,484.723974,484.87621,210.6236998,210.622625
2278,1.139,1.138749999,1.13925,0.000016449,0.000018013,patch_2281,484.87621,485.028446,210.6236998,210.620906
2279,1.1395,1.13925,1.139750001,0.0000265,0.000029018,patch_2282,485.028446,485.180682,210.6236998,210.619199
2280,1.14,1.139750001,1.140250001,0.000034531,0.000037813,patch_2283,485.180682,485.332918,210.6236998,210.617835
2281,1.1405,1.140250001,1.140749999,0.000038599,0.000042268,patch_2284,485.332918,485.485153,210.6236998,210.617144
2282,1.141,1.140749999,1.141249999,0.000036756,0.00004025,patch_2285,485.485153,485.637389,210.6236998,210.617457
2283,1.1415,1.141249999,1.14175,0.000027065,0.000029637,patch_2286,485.637389,485.789625,210.6236998,210.619103
2284,1.142,1.14175,1.142250001,0.000007576,0.000008297,patch_2287,485.789625,485.941861,210.6236998,210.622413
2285,1.1425,1.142250001,1.142750001,-0.000023087,-0.000025282,patch_2288,485.941861,486.094097,210.6236998,210.627621
2286,1.143,1.142750001,1.143249999,-0.000060816,-0.000066596,patch_2289,486.094097,486.246332,210.6236998,210.634029
2287,1.1435,1.143249999,1.14375,-0.000098374,-0.000107724,patch_2290,486.246332,486.398568,210.6236998,210.640408
2288,1.144,1.14375,1.14425,-0.000128514,-0.000140729,patch_2291,486.398568,486.550804,210.6236998,210.645527
2289,1.1445,1.14425,1.144750001,-0.000143975,-0.000157659,patch_2292,486.550804,486.70304,210.6236998,210.648153
2290,1.145,1.144750001,1.145250002,-0.000137493,-0.000150561,patch_2293,486.70304,486.855276,210.6236998,210.647052
2291,1.1455,1.145250002,1.145749999,-0.000101819,-0.000111496,patch_2294,486.855276,487.007511,210.6236998,210.640993
2292,1.146,1.145749999,1.14625,-0.000029687,-0.000032509,patch_2295,487.007511,487.159747,210.6236998,210.628742
2293,1.1465,1.14625,1.14675,0.000084182,0.000092184,patch_2296,487.159747,487.311983,210.6236998,210.609402
2294,1.147,1.14675,1.147250001,0.000224777,0.000246141,patch_2297,487.311983,487.464219,210.6236998,210.585523
2295,1.1475,1.147250001,1.147750002,0.000365166,0.000399873,patch_2298,487.464219,487.616455,210.6236998,210.561679
2296,1.148,1.147750002,1.148249999,0.000478258,0.000523714,patch_2299,487.616455,487.76869,210.6236998,210.542471
2297,1.1485,1.148249999,1.14875,0.000536977,0.000588014,patch_2300,487.76869,487.920926,210.6236998,210.532498
2298,1.149,1.14875,1.14925,0.000514221,0.000563095,patch_2301,487.920926,488.073162,210.6236998,210.536363
2299,1.1495,1.14925,1.149750001,0.000382911,0.000419305,patch_2302,488.073162,488.225398,210.6236998,210.558665
2300,1.15,1.149750001,1.150250002,0.000115965,0.000126987,patch_2303,488.225398,488.377634,210.6236998,210.604004
2301,1.1505,1.150250002,1.150749999,-0.000306802,-0.000335962,patch_2304,488.377634,488.529869,210.6236998,210.675808
2302,1.151,1.150749999,1.15125,-0.000830757,-0.000909716,patch_2305,488.529869,488.682105,210.6236998,210.764798
2303,1.1515,1.15125,1.15175,-0.001355454,-0.001484282,patch_2306,488.682105,488.834341,210.6236998,210.853914
2304,1.152,1.15175,1.152250001,-0.00177981,-0.001948972,patch_2307,488.834341,488.986577,210.6236998,210.925988
2305,1.1525,1.152250001,1.152750002,-0.002002734,-0.002193083,patch_2308,488.986577,489.138813,210.6236998,210.96385
2306,1.153,1.152750002,1.153249999,-0.001923137,-0.002105921,patch_2309,489.138813,489.291048,210.6236998,210.950331
2307,1.1535,1.153249999,1.15375,-0.001439926,-0.001576783,patch_2310,489.291048,489.443284,210.6236998,210.868261
2308,1.154,1.15375,1.15425,-0.000452013,-0.000494974,patch_2311,489.443284,489.59552,210.6236998,210.700471
2309,1.1545,1.15425,1.154750001,0.001125974,0.001232992,patch_2312,489.59552,489.747756,210.6236998,210.432461
2310,1.155,1.154750001,1.155249999,0.003199761,0.003503881,patch_2313,489.747756,489.899991,210.6236998,210.080243
2311,1.1555,1.155249999,1.155749999,0.005560619,0.006089126,patch_2314,489.899991,490.052227,210.6236998,209.679268
2312,1.156,1.155749999,1.15625,0.007997971,0.008758135,patch_2315,490.052227,490.204463,210.6236998,209.265301
2313,1.1565,1.15625,1.156750001,0.01030124,0.011280317,patch_2316,490.204463,490.356699,210.6236998,208.874107
2314,1.157,1.156750001,1.157250001,0.01225985,0.013425082,patch_2317,490.356699,490.508935,210.6236998,208.541451
2315,1.1575,1.157250001,1.157749999,0.013663223,0.014961838,patch_2318,490.508935,490.66117,210.6236998,208.303098
2316,1.158,1.157749999,1.158249999,0.014300776,0.015659988,patch_2319,490.66117,490.813406,210.6236998,208.194814
2317,1.1585,1.158249999,1.15875,0.013992686,0.015322615,patch_2320,490.813406,490.965642,210.6236998,208.247141
2318,1.159,1.15875,1.159250001,0.012930269,0.014159221,patch_2321,490.965642,491.117878,210.6236998,208.427585
2319,1.1595,1.159250001,1.159750001,0.011551006,0.012648867,patch_2322,491.117878,491.270114,210.6236998,208.661843
2320,1.16,1.159750001,1.160249999,0.010296812,0.011275469,patch_2323,491.270114,491.422349,210.6236998,208.874859
2321,1.1605,1.160249999,1.160749999,0.009609571,0.010522909,patch_2324,491.422349,491.574585,210.6236998,208.991582
2322,1.161,1.160749999,1.16125,0.009931192,0.010875098,patch_2325,491.574585,491.726821,210.6236998,208.936957
2323,1.1615,1.16125,1.161750001,0.011703565,0.012815926,patch_2326,491.726821,491.879057,210.6236998,208.635932
2324,1.162,1.161750001,1.162250001,0.015368598,0.016829301,patch_2327,491.879057,492.031293,210.6236998,208.013452
2325,1.1625,1.162250001,1.162749999,0.021323736,0.023350442,patch_2328,492.031293,492.183528,210.6236998,207.002014
2326,1.163,1.162749999,1.163249999,0.029398949,0.032193161,patch_2329,492.183528,492.335764,210.6236998,205.630496
2327,1.1635,1.163249999,1.16375,0.039032515,0.042742345,patch_2330,492.335764,492.488,210.6236998,203.994303
2328,1.164,1.16375,1.164250001,0.049654929,0.054374362,patch_2331,492.488,492.640236,210.6236998,202.190161
2329,1.1645,1.164250001,1.164750001,0.060696684,0.066465576,patch_2332,492.640236,492.792472,210.6236998,200.314797
2330,1.165,1.164750001,1.165249999,0.071588276,0.078392356,patch_2333,492.792472,492.944707,210.6236998,198.464937
2331,1.1655,1.165249999,1.16575,0.081760204,0.08953107,patch_2334,492.944707,493.096943,210.6236998,196.737307
2332,1.166,1.16575,1.16625,0.09064294,0.099258063,patch_2335,493.096943,493.249179,210.6236998,195.228637
2333,1.1665,1.16625,1.166750001,0.097695073,0.106980463,patch_2336,493.249179,493.401415,210.6236998,194.030882
2334,1.167,1.166750001,1.167250002,0.102754377,0.112520627,patch_2337,493.401415,493.553651,210.6236998,193.171595
2335,1.1675,1.167250002,1.167749999,0.105931018,0.11599919,patch_2338,493.553651,493.705886,210.6236998,192.632065
2336,1.168,1.167749999,1.16825,0.107341145,0.117543341,patch_2339,493.705886,493.858122,210.6236998,192.392565
2337,1.1685,1.16825,1.16875,0.107100905,0.117280268,patch_2340,493.858122,494.010358,210.6236998,192.433368
2338,1.169,1.16875,1.169250001,0.105326412,0.11533712,patch_2341,494.010358,494.162594,210.6236998,192.734753
2339,1.1695,1.169250001,1.169750002,0.102133863,0.111841136,patch_2342,494.162594,494.31483,210.6236998,193.276985
2340,1.17,1.169750002,1.170249999,0.097639351,0.106919445,patch_2343,494.31483,494.467065,210.6236998,194.040346
2341,1.1705,1.170249999,1.17075,0.091970679,0.100711996,patch_2344,494.467065,494.619301,210.6236998,195.00313
2342,1.171,1.17075,1.17125,0.085422535,0.093541486,patch_2345,494.619301,494.771537,210.6236998,196.115286
2343,1.1715,1.17125,1.171750001,0.078414283,0.085867138,patch_2346,494.771537,494.923773,210.6236998,197.305588
2344,1.172,1.171750001,1.172250002,0.071368302,0.078151475,patch_2347,494.923773,495.076009,210.6236998,198.502298
2345,1.1725,1.172250002,1.172749999,0.064706971,0.07085702,patch_2348,495.076009,495.228244,210.6236998,199.633678
2346,1.173,1.172749999,1.17325,0.058852674,0.064446304,patch_2349,495.228244,495.38048,210.6236998,200.627989
2347,1.1735,1.17325,1.17375,0.054227784,0.059381842,patch_2350,495.38048,495.532716,210.6236998,201.413494
2348,1.174,1.17375,1.174250001,0.05125469,0.056126171,patch_2351,495.532716,495.684952,210.6236998,201.918453
2349,1.1745,1.174250001,1.174750002,0.050318954,0.0551015,patch_2352,495.684952,495.837188,210.6236998,202.077381
2350,1.175,1.174750002,1.175249999,0.051247224,0.056117996,patch_2353,495.837188,495.989423,210.6236998,201.919721
2351,1.1755,1.175249999,1.17575,0.053431477,0.058509851,patch_2354,495.989423,496.141659,210.6236998,201.548741
2352,1.176,1.17575,1.17625,0.056252307,0.061598785,patch_2355,496.141659,496.293895,210.6236998,201.069643
2353,1.1765,1.17625,1.176750001,0.059090264,0.064706475,patch_2356,496.293895,496.446131,210.6236998,200.587636
2354,1.177,1.176750001,1.177249999,0.061325936,0.067154635,patch_2357,496.446131,496.598366,210.6236998,200.207923
2355,1.1775,1.177249999,1.177749999,0.062339867,0.068264935,patch_2358,496.598366,496.750602,210.6236998,200.035714
2356,1.178,1.177749999,1.17825,0.06151265,0.067359095,patch_2359,496.750602,496.902838,210.6236998,200.176211
2357,1.1785,1.17825,1.178750001,0.058264649,0.063802389,patch_2360,496.902838,497.055074,210.6236998,200.727861
2358,1.179,1.178750001,1.179250001,0.05265864,0.057663559,patch_2361,497.055074,497.20731,210.6236998,201.680002
2359,1.1795,1.179250001,1.179749999,0.045277014,0.04958035,patch_2362,497.20731,497.359545,210.6236998,202.933719
2360,1.18,1.179749999,1.180249999,0.036717076,0.040206836,patch_2363,497.359545,497.511781,210.6236998,204.387564
2361,1.1805,1.180249999,1.18075,0.027576106,0.030197067,patch_2364,497.511781,497.664017,210.6236998,205.940093
2362,1.181,1.18075,1.181250001,0.018451411,0.020205118,patch_2365,497.664017,497.816253,210.6236998,207.489858
2363,1.1815,1.181250001,1.181750001,0.009940271,0.01088504,patch_2366,497.816253,497.968489,210.6236998,208.935415
2364,1.182,1.181750001,1.182249999,0.002639985,0.002890901,patch_2367,497.968489,498.120724,210.6236998,210.175317
2365,1.1825,1.182249999,1.182749999,-0.002876577,-0.00314998,patch_2368,498.120724,498.27296,210.6236998,211.112266
2366,1.183,1.182749999,1.18325,-0.006455831,-0.007069422,patch_2369,498.27296,498.425196,210.6236998,211.720177
2367,1.1835,1.18325,1.183750001,-0.008296985,-0.009085568,patch_2370,498.425196,498.577432,210.6236998,212.032884
2368,1.184,1.183750001,1.184250001,-0.008610221,-0.009428576,patch_2371,498.577432,498.729668,210.6236998,212.086085
2369,1.1845,1.184250001,1.184749999,-0.00760574,-0.008328625,patch_2372,498.729668,498.881903,210.6236998,211.915481
2370,1.185,1.184749999,1.185249999,-0.005493724,-0.006015873,patch_2373,498.881903,499.034139,210.6236998,211.55677
2371,1.1855,1.185249999,1.18575,-0.002484373,-0.002720499,patch_2374,499.034139,499.186375,210.6236998,211.045653
2372,1.186,1.18575,1.186250001,0.001212125,0.001327331,patch_2375,499.186375,499.338611,210.6236998,210.417829
2373,1.1865,1.186250001,1.186750001,0.005391445,0.005903873,patch_2376,499.338611,499.490847,210.6236998,209.708001
2374,1.187,1.186750001,1.187249999,0.009956521,0.010902835,patch_2377,499.490847,499.643082,210.6236998,208.932655
2375,1.1875,1.187249999,1.18775,0.014904157,0.016320717,patch_2378,499.643082,499.795318,210.6236998,208.092334
2376,1.188,1.18775,1.18825,0.020234335,0.022157499,patch_2379,499.795318,499.947554,210.6236998,207.187041
2377,1.1885,1.18825,1.188750001,0.025947025,0.02841315,patch_2380,499.947554,500.09979,210.6236998,206.216781
2378,1.189,1.188750001,1.189250002,0.032042198,0.035087636,patch_2381,500.09979,500.252026,210.6236998,205.181559
2379,1.1895,1.189250002,1.189749999,0.038519847,0.042180951,patch_2382,500.252026,500.404261,210.6236998,204.081376
2380,1.19,1.189749999,1.19025,0.045379921,0.049693037,patch_2383,500.404261,500.556497,210.6236998,202.916241
2381,1.1905,1.19025,1.19075,0.052617537,0.05761855,patch_2384,500.556497,500.708733,210.6236998,201.686983
2382,1.191,1.19075,1.191250001,0.060132463,0.065847729,patch_2385,500.708733,500.860969,210.6236998,200.410626
2383,1.1915,1.191250001,1.191750002,0.067737713,0.074175817,patch_2386,500.860969,501.013205,210.6236998,199.118928
2384,1.192,1.191750002,1.192249999,0.075243153,0.082394609,patch_2387,501.013205,501.16544,210.6236998,197.844182
2385,1.1925,1.192249999,1.19275,0.082458626,0.090295873,patch_2388,501.16544,501.317676,210.6236998,196.618685
2386,1.193,1.19275,1.19325,0.089194013,0.097671423,patch_2389,501.317676,501.469912,210.6236998,195.474727
2387,1.1935,1.19325,1.193750001,0.095259152,0.104313021,patch_2390,501.469912,501.622148,210.6236998,194.444606
2388,1.194,1.193750001,1.194250002,0.10046392,0.110012474,patch_2391,501.622148,501.774384,210.6236998,193.560613
2389,1.1945,1.194250002,1.194749999,0.10461963,0.114563162,patch_2392,501.774384,501.926619,210.6236998,192.854795
2390,1.195,1.194749999,1.19525,0.10756889,0.117792733,patch_2393,501.926619,502.078855,210.6236998,192.353884
2391,1.1955,1.19525,1.19575,0.109183765,0.119561093,patch_2394,502.078855,502.231091,210.6236998,192.079609
2392,1.196,1.19575,1.196250001,0.109337536,0.119729479,patch_2395,502.231091,502.383327,210.6236998,192.053492
2393,1.1965,1.196250001,1.196750002,0.10790347,0.118159113,patch_2396,502.383327,502.535563,210.6236998,192.297058
2394,1.197,1.196750002,1.197249999,0.104754831,0.114711213,patch_2397,502.535563,502.687798,210.6236998,192.831832
2395,1.1975,1.197249999,1.19775,0.099764874,0.109246987,patch_2398,502.687798,502.840034,210.6236998,193.679341
2396,1.198,1.19775,1.19825,0.092806875,0.101627668,patch_2399,502.840034,502.99227,210.6236998,194.861108
2397,1.1985,1.19825,1.198750001,0.083770179,0.091732082,patch_2400,502.99227,503.144506,210.6236998,196.395927
2398,1.199,1.198750001,1.199249999,0.07290421,0.079833362,patch_2401,503.144506,503.296741,210.6236998,198.241435
2399,1.1995,1.199249999,1.199749999,0.060812785,0.066592713,patch_2402,503.296741,503.448977,210.6236998,200.295078
2400,1.2,1.199749999,1.20025,0.048114718,0.052687762,patch_2403,503.448977,503.601213,210.6236998,202.451755
2401,1.2005,1.20025,1.200750001,0.035428844,0.038796165,patch_2404,503.601213,503.753449,210.6236998,204.606361
2402,1.201,1.200750001,1.201250001,0.023373948,0.025595515,patch_2405,503.753449,503.905685,210.6236998,206.6538
2403,1.2015,1.201250001,1.201749999,0.012568864,0.013763467,patch_2406,503.905685,504.05792,210.6236998,208.488967
2404,1.202,1.201749999,1.202249999,0.003632396,0.003977636,patch_2407,504.05792,504.210156,210.6236998,210.006763
2405,1.2025,1.202249999,1.20275,-0.002837652,-0.003107356,patch_2408,504.210156,504.362392,210.6236998,211.105655
2406,1.203,1.20275,1.203250001,-0.006747953,-0.00738931,patch_2409,504.362392,504.514628,210.6236998,211.769792
2407,1.2035,1.203250001,1.203750001,-0.008521633,-0.009331569,patch_2410,504.514628,504.666864,210.6236998,212.071039
2408,1.204,1.203750001,1.204249999,-0.008605258,-0.009423141,patch_2411,504.666864,504.819099,210.6236998,212.085242
2409,1.2045,1.204249999,1.204749999,-0.00744538,-0.008153023,patch_2412,504.819099,504.971335,210.6236998,211.888245
2410,1.205,1.204749999,1.20525,-0.005488555,-0.006010212,patch_2413,504.971335,505.123571,210.6236998,211.555892
2411,1.2055,1.20525,1.205750001,-0.003181329,-0.003483697,patch_2414,505.123571,505.275807,210.6236998,211.164026
2412,1.206,1.205750001,1.206250001,-0.000970268,-0.001062487,patch_2415,505.275807,505.428043,210.6236998,210.788493
2413,1.2065,1.206250001,1.206749999,0.000708524,0.000775865,patch_2416,505.428043,505.580278,210.6236998,210.503362
2414,1.207,1.206749999,1.207249999,0.001688736,0.001849241,patch_2417,505.580278,505.732514,210.6236998,210.33688
2415,1.2075,1.207249999,1.20775,0.002091325,0.002290094,patch_2418,505.732514,505.88475,210.6236998,210.268503
2416,1.208,1.20775,1.208250001,0.002051194,0.002246149,patch_2419,505.88475,506.036986,210.6236998,210.275319
2417,1.2085,1.208250001,1.208750001,0.001703243,0.001865127,patch_2420,506.036986,506.189222,210.6236998,210.334416
2418,1.209,1.208750001,1.209249999,0.001182374,0.001294752,patch_2421,506.189222,506.341457,210.6236998,210.422882
2419,1.2095,1.209249999,1.20975,0.000623493,0.000682752,patch_2422,506.341457,506.493693,210.6236998,210.517804
2420,1.21,1.20975,1.21025,0.000161495,0.000176844,patch_2423,506.493693,506.645929,210.6236998,210.596271
2421,1.2105,1.21025,1.210750001,-0.000070095,-0.000076758,patch_2424,506.645929,506.798165,210.6236998,210.635605
2422,1.211,1.210750001,1.211250002,0.00002375,0.000026008,patch_2425,506.798165,506.950401,210.6236998,210.619666
2423,1.2115,1.211250002,1.211749999,0.000495457,0.000542547,patch_2426,506.950401,507.102636,210.6236998,210.53955
2424,1.212,1.211749999,1.21225,0.001395217,0.001527825,patch_2427,507.102636,507.254872,210.6236998,210.386732
2425,1.2125,1.21225,1.21275,0.002773238,0.003036819,patch_2428,507.254872,507.407108,210.6236998,210.152685
2426,1.213,1.21275,1.213250001,0.004679723,0.005124505,patch_2429,507.407108,507.559344,210.6236998,209.828882
2427,1.2135,1.213250001,1.213750002,0.007164872,0.007845854,patch_2430,507.559344,507.71158,210.6236998,209.406797
2428,1.214,1.213750002,1.214249999,0.01027889,0.011255843,patch_2431,507.71158,507.863815,210.6236998,208.877903
2429,1.2145,1.214249999,1.21475,0.014066171,0.015403085,patch_2432,507.863815,508.016051,210.6236998,208.23466
2430,1.215,1.21475,1.21525,0.018396302,0.020144771,patch_2433,508.016051,508.168287,210.6236998,207.499218
2431,1.2155,1.21525,1.215750001,0.022937544,0.025117634,patch_2434,508.168287,508.320523,210.6236998,206.72792
2432,1.216,1.215750001,1.216250002,0.027347007,0.029946192,patch_2435,508.320523,508.472759,210.6236998,205.979004
2433,1.2165,1.216250002,1.216749999,0.031281795,0.034254961,patch_2436,508.472759,508.624994,210.6236998,205.310708
2434,1.217,1.216749999,1.21725,0.034399022,0.037668464,patch_2437,508.624994,508.77723,210.6236998,204.781269
2435,1.2175,1.21725,1.21775,0.036355795,0.039811217,patch_2438,508.77723,508.929466,210.6236998,204.448925
2436,1.218,1.21775,1.218250001,0.036809231,0.04030775,patch_2439,508.929466,509.081702,210.6236998,204.371912
2437,1.2185,1.218250001,1.218750002,0.035428532,0.038795823,patch_2440,509.081702,509.233938,210.6236998,204.606414
2438,1.219,1.218750002,1.219249999,0.032277668,0.035345486,patch_2441,509.233938,509.386173,210.6236998,205.141566
2439,1.2195,1.219249999,1.21975,0.027893506,0.030544633,patch_2442,509.386173,509.538409,210.6236998,205.886185
2440,1.22,1.21975,1.22025,0.022840796,0.025011691,patch_2443,509.538409,509.690645,210.6236998,206.744352
2441,1.2205,1.22025,1.220750001,0.017684297,0.019365094,patch_2444,509.690645,509.842881,210.6236998,207.620147
2442,1.221,1.220750001,1.221249999,0.012988764,0.014223276,patch_2445,509.842881,509.995116,210.6236998,208.41765
2443,1.2215,1.221249999,1.221749999,0.009318944,0.01020466,patch_2446,509.995116,510.147352,210.6236998,209.040943
2444,1.222,1.221749999,1.22225,0.007239594,0.007927678,patch_2447,510.147352,510.299588,210.6236998,209.394106
2445,1.2225,1.22225,1.222750001,0.007306037,0.008000437,patch_2448,510.299588,510.451824,210.6236998,209.382821
2446,1.223,1.222750001,1.223250001,0.00973895,0.010664584,patch_2449,510.451824,510.60406,210.6236998,208.969608
2447,1.2235,1.223250001,1.223749999,0.014342009,0.015705139,patch_2450,510.60406,510.756295,210.6236998,208.187811
2448,1.224,1.223749999,1.224249999,0.020892749,0.022878492,patch_2451,510.756295,510.908531,210.6236998,207.075214
2449,1.2245,1.224249999,1.22475,0.029168696,0.031941023,patch_2452,510.908531,511.060767,210.6236998,205.669603
2450,1.225,1.22475,1.225250001,0.038947366,0.042649103,patch_2453,511.060767,511.213003,210.6236998,204.008765
2451,1.2255,1.225250001,1.225750001,0.050006301,0.05475913,patch_2454,511.213003,511.365239,210.6236998,202.130483
2452,1.226,1.225750001,1.226249999,0.062123019,0.068027477,patch_2455,511.365239,511.517474,210.6236998,200.072544
2453,1.2265,1.226249999,1.226749999,0.075072802,0.082208067,patch_2456,511.517474,511.66971,210.6236998,197.873115
2454,1.227,1.226749999,1.22725,0.088544166,0.096959811,patch_2457,511.66971,511.821946,210.6236998,195.585099
2455,1.2275,1.22725,1.227750001,0.102113108,0.111818409,patch_2458,511.821946,511.974182,210.6236998,193.28051
2456,1.228,1.227750001,1.228250001,0.115348195,0.126311419,patch_2459,511.974182,512.126418,210.6236998,191.032624
2457,1.2285,1.228250001,1.228749999,0.127817911,0.139966314,patch_2460,512.126418,512.278653,210.6236998,188.914731
2458,1.229,1.228749999,1.229249999,0.139090791,0.15231062,patch_2461,512.278653,512.430889,210.6236998,187.000112
2459,1.2295,1.229249999,1.22975,0.148735372,0.162871867,patch_2462,512.430889,512.583125,210.6236998,185.362048
2460,1.23,1.22975,1.230250001,0.15632015,0.171177538,patch_2463,512.583125,512.735361,210.6236998,184.073827
2461,1.2305,1.230250001,1.230750001,0.161421328,0.176763555,patch_2464,512.735361,512.887597,210.6236998,183.207428
2462,1.231,1.230750001,1.231249999,0.163938595,0.179520075,patch_2465,512.887597,513.039832,210.6236998,182.779888
2463,1.2315,1.231249999,1.23175,0.164208085,0.179815178,patch_2466,513.039832,513.192068,210.6236998,182.734117
2464,1.232,1.23175,1.23225,0.162596685,0.178050623,patch_2467,513.192068,513.344304,210.6236998,183.007802
2465,1.2325,1.23225,1.232750001,0.159471374,0.174628268,patch_2468,513.344304,513.49654,210.6236998,183.538614
2466,1.233,1.232750001,1.233250002,0.155199032,0.169949863,patch_2469,513.49654,513.648776,210.6236998,184.264241
2467,1.2335,1.233250002,1.233749999,0.150146647,0.164417276,patch_2470,513.648776,513.801011,210.6236998,185.122353
2468,1.234,1.233749999,1.23425,0.144681138,0.1584323,patch_2471,513.801011,513.953247,210.6236998,186.050631
2469,1.2345,1.23425,1.23475,0.139167308,0.152394411,patch_2472,513.953247,514.105483,210.6236998,186.987116
2470,1.235,1.23475,1.235250001,0.133872045,0.146595861,patch_2473,514.105483,514.257719,210.6236998,187.886479
2471,1.2355,1.235250001,1.235750002,0.128924727,0.141178327,patch_2474,514.257719,514.409955,210.6236998,188.726746
2472,1.236,1.235750002,1.236249999,0.124444429,0.136272201,patch_2475,514.409955,514.56219,210.6236998,189.487693
2473,1.2365,1.236249999,1.23675,0.120550296,0.132007951,patch_2476,514.56219,514.714426,210.6236998,190.149084
2474,1.237,1.23675,1.23725,0.117361373,0.128515939,patch_2477,514.714426,514.866662,210.6236998,190.6907
2475,1.2375,1.23725,1.237750001,0.114996794,0.125926619,patch_2478,514.866662,515.018898,210.6236998,191.092307
2476,1.238,1.237750001,1.238250002,0.113575634,0.124370386,patch_2479,515.018898,515.171134,210.6236998,191.333681
2477,1.2385,1.238250002,1.238749999,0.113214877,0.123975341,patch_2480,515.171134,515.323369,210.6236998,191.394953
2478,1.239,1.238749999,1.23925,0.113922661,0.124750395,patch_2481,515.323369,515.475605,210.6236998,191.274741
2479,1.2395,1.23925,1.23975,0.115548174,0.126530405,patch_2482,515.475605,515.627841,210.6236998,190.998659
2480,1.24,1.23975,1.240250001,0.117928055,0.129136481,patch_2483,515.627841,515.780077,210.6236998,190.594453
2481,1.2405,1.240250001,1.240750002,0.120898889,0.132389676,patch_2484,515.780077,515.932313,210.6236998,190.089878
2482,1.241,1.240750002,1.241249999,0.124297287,0.136111074,patch_2485,515.932313,516.084548,210.6236998,189.512684
2483,1.2415,1.241249999,1.24175,0.127959889,0.140121786,patch_2486,516.084548,516.236784,210.6236998,188.890617
2484,1.242,1.24175,1.24225,0.131723254,0.144242839,patch_2487,516.236784,516.38902,210.6236998,188.251436
2485,1.2425,1.24225,1.242750001,0.135423273,0.148294524,patch_2488,516.38902,516.541256,210.6236998,187.623014
2486,1.243,1.242750001,1.243249999,0.138852759,0.152049965,patch_2489,516.541256,516.693491,210.6236998,187.04054
2487,1.2435,1.243249999,1.243749999,0.14173919,0.155210736,patch_2490,516.693491,516.845727,210.6236998,186.5503
2488,1.244,1.243749999,1.24425,0.143804487,0.157472328,patch_2491,516.845727,516.997963,210.6236998,186.199524
2489,1.2445,1.24425,1.244750001,0.144770727,0.158530404,patch_2492,516.997963,517.150199,210.6236998,186.035415
2490,1.245,1.244750001,1.245250001,0.144359765,0.158080382,patch_2493,517.150199,517.302435,210.6236998,186.105214
2491,1.2455,1.245250001,1.245749999,0.142293644,0.155817887,patch_2494,517.302435,517.45467,210.6236998,186.45613
2492,1.246,1.245749999,1.246249999,0.138294325,0.151438455,patch_2495,517.45467,517.606906,210.6236998,187.135386
2493,1.2465,1.246249999,1.24675,0.132088598,0.144642906,patch_2496,517.606906,517.759142,210.6236998,188.189385
2494,1.247,1.24675,1.247250001,0.123709691,0.13546763,patch_2497,517.759142,517.911378,210.6236998,189.612483
2495,1.2475,1.247250001,1.247750001,0.113675556,0.124479804,patch_2498,517.911378,518.063614,210.6236998,191.31671
2496,1.248,1.247750001,1.248249999,0.102547015,0.112293556,patch_2499,518.063614,518.215849,210.6236998,193.206814
2497,1.2485,1.248249999,1.248749999,0.090884952,0.099523077,patch_2500,518.215849,518.368085,210.6236998,195.187533
2498,1.249,1.248749999,1.24925,0.079250167,0.086782468,patch_2501,518.368085,518.520321,210.6236998,197.163619
2499,1.2495,1.24925,1.249750001,0.068203543,0.074685922,patch_2502,518.520321,518.672557,210.6236998,199.03981
2500,1.25,1.249750001,1.250250001,0.058305887,0.063847547,patch_2503,518.672557,518.824793,210.6236998,200.720857
2501,1.2505,1.250250001,1.250749999,0.050113936,0.054876995,patch_2504,518.824793,518.977028,210.6236998,202.112202
2502,1.251,1.250749999,1.251249999,0.043890904,0.048062497,patch_2505,518.977028,519.129264,210.6236998,203.16914
2503,1.2515,1.251249999,1.25175,0.039416558,0.043162889,patch_2506,519.129264,519.2815,210.6236998,203.929076
2504,1.252,1.25175,1.252250001,0.036425565,0.039887619,patch_2507,519.2815,519.433736,210.6236998,204.437075
2505,1.2525,1.252250001,1.252750001,0.03465255,0.037946089,patch_2508,519.433736,519.585972,210.6236998,204.738209
2506,1.253,1.252750001,1.253249999,0.033832175,0.037047741,patch_2509,519.585972,519.738207,210.6236998,204.877544
2507,1.2535,1.253249999,1.25375,0.033699099,0.036902017,patch_2510,519.738207,519.890443,210.6236998,204.900146
2508,1.254,1.25375,1.25425,0.033987966,0.037218339,patch_2511,519.890443,520.042679,210.6236998,204.851084
2509,1.2545,1.25425,1.254750001,0.034434166,0.037706948,patch_2512,520.042679,520.194915,210.6236998,204.7753
2510,1.255,1.254750001,1.255250002,0.034832493,0.038143134,patch_2513,520.194915,520.347151,210.6236998,204.707647
2511,1.2555,1.255250002,1.255749999,0.035079639,0.03841377,patch_2514,520.347151,520.499386,210.6236998,204.665671
2512,1.256,1.255749999,1.25625,0.035082318,0.038416703,patch_2515,520.499386,520.651622,210.6236998,204.665216
2513,1.2565,1.25625,1.25675,0.034747232,0.038049769,patch_2516,520.651622,520.803858,210.6236998,204.722128
2514,1.257,1.25675,1.257250001,0.033981089,0.037210808,patch_2517,520.803858,520.956094,210.6236998,204.852252
2515,1.2575,1.257250001,1.257750002,0.032690602,0.035797668,patch_2518,520.956094,521.10833,210.6236998,205.071432
2516,1.258,1.257750002,1.258249999,0.030782492,0.033708202,patch_2519,521.10833,521.260565,210.6236998,205.395511
2517,1.2585,1.258249999,1.25875,0.028164591,0.030841484,patch_2520,521.260565,521.412801,210.6236998,205.840143
2518,1.259,1.25875,1.25925,0.024847609,0.02720924,patch_2521,521.412801,521.565037,210.6236998,206.403509
2519,1.2595,1.25925,1.259750001,0.021026061,0.023024474,patch_2522,521.565037,521.717273,210.6236998,207.052572
2520,1.26,1.259750001,1.260250002,0.016913508,0.018521046,patch_2523,521.717273,521.869509,210.6236998,207.75106
2521,1.2605,1.260250002,1.260749999,0.01272349,0.013932789,patch_2524,521.869509,522.021744,210.6236998,208.462705
2522,1.261,1.260749999,1.26125,0.008669574,0.00949357,patch_2525,522.021744,522.17398,210.6236998,209.151234
2523,1.2615,1.26125,1.26175,0.004965322,0.005437249,patch_2526,522.17398,522.326216,210.6236998,209.780375
2524,1.262,1.26175,1.262250001,0.001824273,0.00199766,patch_2527,522.326216,522.478452,210.6236998,210.31386
2525,1.2625,1.262250001,1.262750002,-0.000541136,-0.000592569,patch_2528,522.478452,522.630688,210.6236998,210.715608
2526,1.263,1.262750002,1.263249999,-0.002036,-0.002229511,patch_2529,522.630688,522.782923,210.6236998,210.9695
2527,1.2635,1.263249999,1.26375,-0.002784162,-0.003048781,patch_2530,522.782923,522.935159,210.6236998,211.09657
2528,1.264,1.26375,1.26425,-0.002933311,-0.003212107,patch_2531,522.935159,523.087395,210.6236998,211.121902
2529,1.2645,1.26425,1.264750001,-0.00263115,-0.002881226,patch_2532,523.087395,523.239631,210.6236998,211.070582
2530,1.265,1.264750001,1.265249999,-0.002025367,-0.002217867,patch_2533,523.239631,523.391866,210.6236998,210.967694
2531,1.2655,1.265249999,1.265749999,-0.001263657,-0.001383761,patch_2534,523.391866,523.544102,210.6236998,210.838323
2532,1.266,1.265749999,1.26625,-0.000493716,-0.000540641,patch_2535,523.544102,523.696338,210.6236998,210.707554
2533,1.2665,1.26625,1.266750001,0.000137243,0.000150288,patch_2536,523.696338,523.848574,210.6236998,210.60039
2534,1.267,1.266750001,1.267250001,0.000541099,0.000592527,patch_2537,523.848574,524.00081,210.6236998,210.531798
2535,1.2675,1.267250001,1.267749999,0.000744286,0.000815027,patch_2538,524.00081,524.153045,210.6236998,210.497288
2536,1.268,1.267749999,1.268249999,0.000786367,0.000861106,patch_2539,524.153045,524.305281,210.6236998,210.490141
2537,1.2685,1.268249999,1.26875,0.000706928,0.000774118,patch_2540,524.305281,524.457517,210.6236998,210.503633
2538,1.269,1.26875,1.269250001,0.000545538,0.000597389,patch_2541,524.457517,524.609753,210.6236998,210.531044
2539,1.2695,1.269250001,1.269750001,0.000341773,0.000374257,patch_2542,524.609753,524.761989,210.6236998,210.565652
2540,1.27,1.269750001,1.270249999,0.000135212,0.000148063,patch_2543,524.761989,524.914224,210.6236998,210.600735
2541,1.2705,1.270249999,1.270749999,-0.000034686,-0.000037983,patch_2544,524.914224,525.06646,210.6236998,210.629591
2542,1.271,1.270749999,1.27125,-0.000143787,-0.000157453,patch_2545,525.06646,525.218696,210.6236998,210.648121
2543,1.2715,1.27125,1.271750001,-0.000198956,-0.000217865,patch_2546,525.218696,525.370932,210.6236998,210.657491
2544,1.272,1.271750001,1.272250001,-0.000210802,-0.000230837,patch_2547,525.370932,525.523168,210.6236998,210.659503
2545,1.2725,1.272250001,1.272749999,-0.00018993,-0.000207981,patch_2548,525.523168,525.675403,210.6236998,210.655958
2546,1.273,1.272749999,1.273249999,-0.000146937,-0.000160902,patch_2549,525.675403,525.827639,210.6236998,210.648656
2547,1.2735,1.273249999,1.27375,-0.000092428,-0.000101213,patch_2550,525.827639,525.979875,210.6236998,210.639398
2548,1.274,1.27375,1.274250001,-0.000037018,-0.000040536,patch_2551,525.979875,526.132111,210.6236998,210.629987
2549,1.2745,1.274250001,1.274750001,0.000008725,0.000009554,patch_2552,526.132111,526.284347,210.6236998,210.622218
2550,1.275,1.274750001,1.275249999,0.000038193,0.000041823,patch_2553,526.284347,526.436582,210.6236998,210.617213
2551,1.2755,1.275249999,1.275749999,0.000053171,0.000058225,patch_2554,526.436582,526.588818,210.6236998,210.614669
2552,1.276,1.275749999,1.27625,0.000056492,0.000061861,patch_2555,526.588818,526.741054,210.6236998,210.614105
2553,1.2765,1.27625,1.276750001,0.000051011,0.000055859,patch_2556,526.741054,526.89329,210.6236998,210.615036
2554,1.277,1.276750001,1.277250002,0.000039559,0.000043319,patch_2557,526.89329,527.045526,210.6236998,210.616981
2555,1.2775,1.277250002,1.277749999,0.000024981,0.000027355,patch_2558,527.045526,527.197761,210.6236998,210.619457
2556,1.278,1.277749999,1.27825,0.00001012,0.000011082,patch_2559,527.197761,527.349997,210.6236998,210.621981
2557,1.2785,1.27825,1.27875,-0.000002186,-0.000002393,patch_2560,527.349997,527.502233,210.6236998,210.624071
2558,1.279,1.27875,1.279250001,-0.000010134,-0.000011097,patch_2561,527.502233,527.654469,210.6236998,210.625421
2559,1.2795,1.279250001,1.279750002,-0.000014185,-0.000015533,patch_2562,527.654469,527.806705,210.6236998,210.626109
2560,1.28,1.279750002,1.280249999,-0.000015097,-0.000016532,patch_2563,527.806705,527.95894,210.6236998,210.626264
2561,1.2805,1.280249999,1.28075,-0.000013649,-0.000014946,patch_2564,527.95894,528.111176,210.6236998,210.626018
2562,1.281,1.28075,1.28125,-0.000010599,-0.000011607,patch_2565,528.111176,528.263412,210.6236998,210.6255
2563,1.2815,1.28125,1.281750001,-0.000006707,-0.000007345,patch_2566,528.263412,528.415648,210.6236998,210.624839
2564,1.282,1.281750001,1.282250002,-0.000002745,-0.000003006,patch_2567,528.415648,528.567884,210.6236998,210.624166
2565,1.2825,1.282250002,1.282749999,0.000000535,0.000000585,patch_2568,528.567884,528.720119,210.6236998,210.623609
2566,1.283,1.282749999,1.28325,0.000002631,0.000002881,patch_2569,528.720119,528.872355,210.6236998,210.623253
2567,1.2835,1.28325,1.28375,0.000003667,0.000004015,patch_2570,528.872355,529.024591,210.6236998,210.623077
2568,1.284,1.28375,1.284250001,0.000003873,0.000004241,patch_2571,529.024591,529.176827,210.6236998,210.623042
2569,1.2845,1.284250001,1.284750002,0.000003455,0.000003783,patch_2572,529.176827,529.329063,210.6236998,210.623113
2570,1.285,1.284750002,1.285249999,0.000002637,0.000002887,patch_2573,529.329063,529.481298,210.6236998,210.623252
2571,1.2855,1.285249999,1.28575,0.000001624,0.000001778,patch_2574,529.481298,529.633534,210.6236998,210.623424
2572,1.286,1.28575,1.28625,0.000000641,0.000000701,patch_2575,529.633534,529.78577,210.6236998,210.623591
2573,1.2865,1.28625,1.286750001,-0.000000107,-0.000000117,patch_2576,529.78577,529.938006,210.6236998,210.623718
2574,1.287,1.286750001,1.287249999,-0.000000478,-0.000000524,patch_2577,529.938006,530.090241,210.6236998,210.623781
2575,1.2875,1.287249999,1.287749999,-0.000000543,-0.000000594,patch_2578,530.090241,530.242477,210.6236998,210.623792
2576,1.288,1.287749999,1.28825,-0.000000407,-0.000000446,patch_2579,530.242477,530.394713,210.6236998,210.623769
2577,1.2885,1.28825,1.288750001,-0.00000016,-0.000000175,patch_2580,530.394713,530.546949,210.6236998,210.623727
2578,1.289,1.288750001,1.289250001,0.000000093,0.000000102,patch_2581,530.546949,530.699185,210.6236998,210.623684
2579,1.2895,1.289250001,1.289749999,0.000000258,0.000000282,patch_2582,530.699185,530.85142,210.6236998,210.623656
2580,1.29,1.289749999,1.290249999,0.000000234,0.000000257,patch_2583,530.85142,531.003656,210.6236998,210.62366
2581,1.2905,1.290249999,1.29075,-0.000000078,-0.000000085,patch_2584,531.003656,531.155892,210.6236998,210.623713
2582,1.291,1.29075,1.291250001,-0.000000696,-0.000000762,patch_2585,531.155892,531.308128,210.6236998,210.623818
2583,1.2915,1.291250001,1.291750001,-0.000001479,-0.00000162,patch_2586,531.308128,531.460364,210.6236998,210.623951
2584,1.292,1.291750001,1.292249999,-0.00000225,-0.000002464,patch_2587,531.460364,531.612599,210.6236998,210.624082
2585,1.2925,1.292249999,1.292749999,-0.000002827,-0.000003096,patch_2588,531.612599,531.764835,210.6236998,210.62418
2586,1.293,1.292749999,1.29325,-0.000003033,-0.000003322,patch_2589,531.764835,531.917071,210.6236998,210.624215
2587,1.2935,1.29325,1.293750001,-0.000002692,-0.000002948,patch_2590,531.917071,532.069307,210.6236998,210.624157
2588,1.294,1.293750001,1.294250001,-0.000001626,-0.000001781,patch_2591,532.069307,532.221543,210.6236998,210.623976
2589,1.2945,1.294250001,1.294749999,0.000000346,0.000000379,patch_2592,532.221543,532.373778,210.6236998,210.623641
2590,1.295,1.294749999,1.295249999,0.000003202,0.000003506,patch_2593,532.373778,532.526014,210.6236998,210.623156
2591,1.2955,1.295249999,1.29575,0.000006411,0.00000702,patch_2594,532.526014,532.67825,210.6236998,210.622611
2592,1.296,1.29575,1.296250001,0.00000936,0.00001025,patch_2595,532.67825,532.830486,210.6236998,210.62211
2593,1.2965,1.296250001,1.296750001,0.000011445,0.000012532,patch_2596,532.830486,532.982722,210.6236998,210.621756
2594,1.297,1.296750001,1.297249999,0.000012039,0.000013184,patch_2597,532.982722,533.134957,210.6236998,210.621655
2595,1.2975,1.297249999,1.297749999,0.000010544,0.000011546,patch_2598,533.134957,533.287193,210.6236998,210.621909
2596,1.298,1.297749999,1.29825,0.000006334,0.000006936,patch_2599,533.287193,533.439429,210.6236998,210.622624
2597,1.2985,1.29825,1.298750001,-0.000001191,-0.000001304,patch_2600,533.439429,533.591665,210.6236998,210.623902
2598,1.299,1.298750001,1.299250002,-0.000011959,-0.000013096,patch_2601,533.591665,533.743901,210.6236998,210.625731
2599,1.2995,1.299250002,1.299749999,-0.000024012,-0.000026294,patch_2602,533.743901,533.896136,210.6236998,210.627778
2600,1.3,1.299749999,1.30025,-0.000035075,-0.000038408,patch_2603,533.896136,534.048372,210.6236998,210.629657
2601,1.3005,1.30025,1.30075,-0.000042882,-0.000046958,patch_2604,534.048372,534.200608,210.6236998,210.630983
2602,1.301,1.30075,1.301250001,-0.000045161,-0.000049453,patch_2605,534.200608,534.352844,210.6236998,210.63137
2603,1.3015,1.301250001,1.301750002,-0.000039632,-0.000043399,patch_2606,534.352844,534.50508,210.6236998,210.630431
2604,1.302,1.301750002,1.302249999,-0.000024029,-0.000026313,patch_2607,534.50508,534.657315,210.6236998,210.627781
2605,1.3025,1.302249999,1.30275,0.00000392,0.000004293,patch_2608,534.657315,534.809551,210.6236998,210.623034
2606,1.303,1.30275,1.30325,0.000044004,0.000048187,patch_2609,534.809551,534.961787,210.6236998,210.616226
2607,1.3035,1.30325,1.303750001,0.000088999,0.000097458,patch_2610,534.961787,535.114023,210.6236998,210.608584
2608,1.304,1.303750001,1.304250002,0.000130419,0.000142815,patch_2611,535.114023,535.266259,210.6236998,210.601549
2609,1.3045,1.304250002,1.304749999,0.000159794,0.000174981,patch_2612,535.266259,535.418494,210.6236998,210.59656
2610,1.305,1.304749999,1.30525,0.000168643,0.000184671,patch_2613,535.418494,535.57073,210.6236998,210.595057
2611,1.3055,1.30525,1.30575,0.000148495,0.000162608,patch_2614,535.57073,535.722966,210.6236998,210.598479
2612,1.306,1.30575,1.306250001,0.000090877,0.000099514,patch_2615,535.722966,535.875202,210.6236998,210.608265
2613,1.3065,1.306250001,1.306750002,-0.000012689,-0.000013895,patch_2616,535.875202,536.027438,210.6236998,210.625855
2614,1.307,1.306750002,1.307249999,-0.000161786,-0.000177163,patch_2617,536.027438,536.179673,210.6236998,210.651178
2615,1.3075,1.307249999,1.30775,-0.000329665,-0.000360997,patch_2618,536.179673,536.331909,210.6236998,210.679691
2616,1.308,1.30775,1.30825,-0.000484684,-0.000530751,patch_2619,536.331909,536.484145,210.6236998,210.70602
2617,1.3085,1.30825,1.308750001,-0.000595222,-0.000651794,patch_2620,536.484145,536.636381,210.6236998,210.724794
2618,1.309,1.308750001,1.309249999,-0.000629636,-0.000689479,patch_2621,536.636381,536.788616,210.6236998,210.730639
2619,1.3095,1.309249999,1.309749999,-0.000556303,-0.000609177,patch_2622,536.788616,536.940852,210.6236998,210.718184
2620,1.31,1.309749999,1.31025,-0.000343595,-0.000376252,patch_2623,536.940852,537.093088,210.6236998,210.682057
2621,1.3105,1.31025,1.310750001,0.000040112,0.000043925,patch_2624,537.093088,537.245324,210.6236998,210.616887
2622,1.311,1.310750001,1.311250001,0.000594613,0.000651128,patch_2625,537.245324,537.39756,210.6236998,210.522709
2623,1.3115,1.311250001,1.311749999,0.001220962,0.001337008,patch_2626,537.39756,537.549795,210.6236998,210.416328
2624,1.312,1.311749999,1.312249999,0.001801104,0.001972289,patch_2627,537.549795,537.702031,210.6236998,210.317795
2625,1.3125,1.312249999,1.31275,0.002216994,0.002427708,patch_2628,537.702031,537.854267,210.6236998,210.247159
2626,1.313,1.31275,1.313250001,0.002350582,0.002573993,patch_2629,537.854267,538.006503,210.6236998,210.22447
2627,1.3135,1.313250001,1.313750001,0.002083818,0.002281874,patch_2630,538.006503,538.158739,210.6236998,210.269778
2628,1.314,1.313750001,1.314249999,0.001298663,0.001422094,patch_2631,538.158739,538.310974,210.6236998,210.403131
2629,1.3145,1.314249999,1.314749999,-0.000122915,-0.000134597,patch_2632,538.310974,538.46321,210.6236998,210.644576
2630,1.315,1.314749999,1.31525,-0.002184949,-0.002392617,patch_2633,538.46321,538.615446,210.6236998,210.994798
2631,1.3155,1.31525,1.315750001,-0.004521732,-0.004951498,patch_2634,538.615446,538.767682,210.6236998,211.391684
2632,1.316,1.315750001,1.316250001,-0.006692708,-0.007328814,patch_2635,538.767682,538.919918,210.6236998,211.760409
2633,1.3165,1.316250001,1.316749999,-0.008257307,-0.009042119,patch_2636,538.919918,539.072153,210.6236998,212.026145
2634,1.317,1.316749999,1.317249999,-0.008774962,-0.009608974,patch_2637,539.072153,539.224389,210.6236998,212.114065
2635,1.3175,1.317249999,1.31775,-0.007805113,-0.008546946,patch_2638,539.224389,539.376625,210.6236998,211.949343
2636,1.318,1.31775,1.318250001,-0.0049072,-0.005373603,patch_2639,539.376625,539.528861,210.6236998,211.457153
2637,1.3185,1.318250001,1.318750001,0.000359319,0.00039347,patch_2640,539.528861,539.681097,210.6236998,210.562672
2638,1.319,1.318750001,1.319249999,0.008261673,0.009046901,patch_2641,539.681097,539.833332,210.6236998,209.220513
2639,1.3195,1.319249999,1.319749999,0.018479143,0.020235486,patch_2642,539.833332,539.985568,210.6236998,207.485148
2640,1.32,1.319749999,1.32025,0.030566475,0.033471654,patch_2643,539.985568,540.137804,210.6236998,205.4322
2641,1.3205,1.32025,1.320750001,0.044078418,0.048267834,patch_2644,540.137804,540.29004,210.6236998,203.137292
2642,1.321,1.320750001,1.321250002,0.058569707,0.064136442,patch_2645,540.29004,540.442276,210.6236998,200.676049
2643,1.3215,1.321250002,1.321749999,0.073595089,0.080589906,patch_2646,540.442276,540.594511,210.6236998,198.124094
2644,1.322,1.321749999,1.32225,0.088709307,0.097140648,patch_2647,540.594511,540.746747,210.6236998,195.557051
2645,1.3225,1.32225,1.32275,0.10346713,0.113301123,patch_2648,540.746747,540.898983,210.6236998,193.050539
2646,1.323,1.32275,1.323250001,0.117518677,0.128688194,patch_2649,540.898983,541.051219,210.6236998,190.663983
2647,1.3235,1.323250001,1.323750002,0.13085262,0.143289456,patch_2650,541.051219,541.203455,210.6236998,188.399307
2648,1.324,1.323750002,1.324249999,0.14353263,0.157174632,patch_2651,541.203455,541.35569,210.6236998,186.245697
2649,1.3245,1.324249999,1.32475,0.155622423,0.170413496,patch_2652,541.35569,541.507926,210.6236998,184.192331
2650,1.325,1.32475,1.32525,0.167185601,0.183075691,patch_2653,541.507926,541.660162,210.6236998,182.228407
2651,1.3255,1.32525,1.325750001,0.17828588,0.195230992,patch_2654,541.660162,541.812398,210.6236998,180.343103
2652,1.326,1.325750001,1.326250002,0.188986938,0.206949127,patch_2655,541.812398,541.964634,210.6236998,178.525604
2653,1.3265,1.326250002,1.326749999,0.199352444,0.218299819,patch_2656,541.964634,542.116869,210.6236998,176.765096
2654,1.327,1.326749999,1.32725,0.209392844,0.229294505,patch_2657,542.116869,542.269105,210.6236998,175.059805
2655,1.3275,1.32725,1.32775,0.218921136,0.239728409,patch_2658,542.269105,542.421341,210.6236998,173.441492
2656,1.328,1.32775,1.328250001,0.227704539,0.249346628,patch_2659,542.421341,542.573577,210.6236998,171.949693
2657,1.3285,1.328250001,1.328750002,0.235510181,0.257894153,patch_2660,542.573577,542.725813,210.6236998,170.62396
2658,1.329,1.328750002,1.329249999,0.242105351,0.265116159,patch_2661,542.725813,542.878048,210.6236998,169.503817
2659,1.3295,1.329249999,1.32975,0.247257169,0.27075763,patch_2662,542.878048,543.030284,210.6236998,168.628817
2660,1.33,1.32975,1.33025,0.250732898,0.274563708,patch_2663,543.030284,543.18252,210.6236998,168.038489
2661,1.3305,1.33025,1.330750001,0.252299693,0.276279418,patch_2664,543.18252,543.334756,210.6236998,167.77238
2662,1.331,1.330750001,1.331249999,0.251830813,0.275765973,patch_2665,543.334756,543.486991,210.6236998,167.852016
2663,1.3315,1.331249999,1.331749999,0.249611197,0.273335395,patch_2666,543.486991,543.639227,210.6236998,168.229002
2664,1.332,1.331749999,1.33225,0.24602559,0.269408996,patch_2667,543.639227,543.791463,210.6236998,168.837992
2665,1.3325,1.33225,1.332750001,0.241458859,0.264408222,patch_2668,543.791463,543.943699,210.6236998,169.613619
2666,1.333,1.332750001,1.333250001,0.23629573,0.258754365,patch_2669,543.943699,544.095935,210.6236998,170.49054
2667,1.3335,1.333250001,1.333749999,0.230920999,0.252868795,patch_2670,544.095935,544.24817,210.6236998,171.4034
2668,1.334,1.333749999,1.334249999,0.225719494,0.247172914,patch_2671,544.24817,544.400406,210.6236998,172.286839
2669,1.3345,1.334249999,1.33475,0.22107595,0.242088027,patch_2672,544.400406,544.552642,210.6236998,173.075512
2670,1.335,1.33475,1.335250001,0.21730685,0.237960695,patch_2673,544.552642,544.704878,210.6236998,173.715667
2671,1.3355,1.335250001,1.335750001,0.214450924,0.234833327,patch_2674,544.704878,544.857114,210.6236998,174.200726
2672,1.336,1.335750001,1.336249999,0.212476535,0.232671283,patch_2675,544.857114,545.009349,210.6236998,174.536062
2673,1.3365,1.336249999,1.336749999,0.211352002,0.23143987,patch_2676,545.009349,545.161585,210.6236998,174.727056
2674,1.337,1.336749999,1.33725,0.211045683,0.231104437,patch_2677,545.161585,545.313821,210.6236998,174.779082
2675,1.3375,1.33725,1.337750001,0.211525886,0.23163028,patch_2678,545.313821,545.466057,210.6236998,174.697523
2676,1.338,1.337750001,1.338250001,0.212760968,0.232982751,patch_2679,545.466057,545.618293,210.6236998,174.487753
2677,1.3385,1.338250001,1.338749999,0.214719219,0.235127122,patch_2680,545.618293,545.770528,210.6236998,174.155158
2678,1.339,1.338749999,1.339249999,0.217338185,0.237995008,patch_2681,545.770528,545.922764,210.6236998,173.710345
2679,1.3395,1.339249999,1.33975,0.22042426,0.241374397,patch_2682,545.922764,546.075,210.6236998,173.186197
2680,1.34,1.33975,1.340250001,0.223749114,0.245015261,patch_2683,546.075,546.227236,210.6236998,172.621494
2681,1.3405,1.340250001,1.340750001,0.227084414,0.248667562,patch_2684,546.227236,546.379472,210.6236998,172.055017
2682,1.341,1.340750001,1.341249999,0.230201764,0.252081201,patch_2685,546.379472,546.531707,210.6236998,171.525557
2683,1.3415,1.341249999,1.341749999,0.232872844,0.255006152,patch_2686,546.531707,546.683943,210.6236998,171.071893
2684,1.342,1.341749999,1.34225,0.23486933,0.257192393,patch_2687,546.683943,546.836179,210.6236998,170.732804
2685,1.3425,1.34225,1.342750001,0.235962852,0.258389848,patch_2688,546.836179,546.988415,210.6236998,170.547077
2686,1.343,1.342750001,1.343250002,0.236019687,0.258452085,patch_2689,546.988415,547.140651,210.6236998,170.537424
2687,1.3435,1.343250002,1.343749999,0.235326723,0.257693259,patch_2690,547.140651,547.292886,210.6236998,170.655119
2688,1.344,1.343749999,1.34425,0.234287604,0.256555377,patch_2691,547.292886,547.445122,210.6236998,170.831606
2689,1.3445,1.34425,1.34475,0.233305991,0.255480468,patch_2692,547.445122,547.597358,210.6236998,170.998326
2690,1.345,1.34475,1.345250001,0.232785534,0.254910544,patch_2693,547.597358,547.749594,210.6236998,171.086722
2691,1.3455,1.345250001,1.345750002,0.233129976,0.255287723,patch_2694,547.749594,547.90183,210.6236998,171.028221
2692,1.346,1.345750002,1.346249999,0.234742895,0.257053942,patch_2695,547.90183,548.054065,210.6236998,170.754278
2693,1.3465,1.346249999,1.34675,0.238028001,0.260651279,patch_2696,548.054065,548.206301,210.6236998,170.196326
2694,1.347,1.34675,1.34725,0.243243691,0.266362692,patch_2697,548.206301,548.358537,210.6236998,169.310478
2695,1.3475,1.34725,1.347750001,0.249973267,0.273731878,patch_2698,548.358537,548.510773,210.6236998,168.167507
2696,1.348,1.347750001,1.348250002,0.257603823,0.282087677,patch_2699,548.510773,548.663009,210.6236998,166.871511
2697,1.3485,1.348250002,1.348749999,0.265522451,0.290758928,patch_2700,548.663009,548.815244,210.6236998,165.526588
2698,1.349,1.348749999,1.34925,0.273116261,0.299074489,patch_2701,548.815244,548.96748,210.6236998,164.236833
2699,1.3495,1.34925,1.34975,0.27977237,0.306363225,patch_2702,548.96748,549.119716,210.6236998,163.10634
2700,1.35,1.34975,1.350250001,0.284877863,0.311953968,patch_2703,549.119716,549.271952,210.6236998,162.239208
2701,1.3505,1.350250001,1.350750002,0.287819893,0.315175622,patch_2704,549.271952,549.424188,210.6236998,161.739525
2702,1.351,1.350750002,1.351249999,0.288125752,0.315510551,patch_2705,549.424188,549.576423,210.6236998,161.687577
2703,1.3515,1.351249999,1.35175,0.286005435,0.313188709,patch_2706,549.576423,549.728659,210.6236998,162.047698
2704,1.352,1.35175,1.35225,0.281876237,0.308667053,patch_2707,549.728659,549.880895,210.6236998,162.749013
2705,1.3525,1.35225,1.352750001,0.276155293,0.302402364,patch_2708,549.880895,550.033131,210.6236998,163.720675
2706,1.353,1.352750001,1.353249999,0.269259957,0.294851664,patch_2709,550.033131,550.185366,210.6236998,164.891799
2707,1.3535,1.353249999,1.353749999,0.261607434,0.28647181,patch_2710,550.185366,550.337602,210.6236998,166.191526
2708,1.354,1.353749999,1.35425,0.253615049,0.277719792,patch_2711,550.337602,550.489838,210.6236998,167.548976
2709,1.3545,1.35425,1.354750001,0.245700031,0.269052494,patch_2712,550.489838,550.642074,210.6236998,168.893286
2710,1.355,1.354750001,1.355250001,0.238209528,0.260850059,patch_2713,550.642074,550.79431,210.6236998,170.165495
2711,1.3555,1.355250001,1.355749999,0.231133549,0.253101546,patch_2714,550.79431,550.946545,210.6236998,171.3673
2712,1.356,1.355749999,1.356249999,0.224348692,0.245671825,patch_2715,550.946545,551.098781,210.6236998,172.51966
2713,1.3565,1.356249999,1.35675,0.217731566,0.238425778,patch_2716,551.098781,551.251017,210.6236998,173.643532
2714,1.357,1.35675,1.357250001,0.211158723,0.231228221,patch_2717,551.251017,551.403253,210.6236998,174.759883
2715,1.3575,1.357250001,1.357750001,0.204506706,0.223943966,patch_2718,551.403253,551.555489,210.6236998,175.889681
2716,1.358,1.357750001,1.358249999,0.197652132,0.216437901,patch_2719,551.555489,551.707724,210.6236998,177.053882
2717,1.3585,1.358249999,1.358749999,0.190471574,0.20857487,patch_2720,551.707724,551.85996,210.6236998,178.273449
2718,1.359,1.358749999,1.35925,0.182865453,0.200245828,patch_2721,551.85996,552.012196,210.6236998,179.565295
2719,1.3595,1.35925,1.359750001,0.174861564,0.191481212,patch_2722,552.012196,552.164432,210.6236998,180.924699
2720,1.36,1.359750001,1.360250001,0.166529848,0.182357612,patch_2723,552.164432,552.316668,210.6236998,182.339782
2721,1.3605,1.360250001,1.360749999,0.157940353,0.172951732,patch_2724,552.316668,552.468903,210.6236998,183.798647
2722,1.361,1.360749999,1.361249999,0.149163097,0.163340245,patch_2725,552.468903,552.621139,210.6236998,185.289402
2723,1.3615,1.361249999,1.36175,0.140268072,0.153599796,patch_2726,552.621139,552.773375,210.6236998,186.800159
2724,1.362,1.36175,1.362250001,0.131325334,0.143807098,patch_2727,552.773375,552.925611,210.6236998,188.31902
2725,1.3625,1.362250001,1.362750001,0.122404862,0.134038784,patch_2728,552.925611,553.077847,210.6236998,189.834099
2726,1.363,1.362750001,1.363249999,0.113566873,0.124360792,patch_2729,553.077847,553.230082,210.6236998,191.335169
2727,1.3635,1.363249999,1.363749999,0.104816736,0.114779001,patch_2730,553.230082,553.382318,210.6236998,192.821318
2728,1.364,1.363749999,1.36425,0.096140814,0.10527848,patch_2731,553.382318,553.534554,210.6236998,194.294862
2729,1.3645,1.36425,1.364750001,0.087525454,0.095844276,patch_2732,553.534554,553.68679,210.6236998,195.75812
2730,1.365,1.364750001,1.365250002,0.07895702,0.086461459,patch_2733,553.68679,553.839026,210.6236998,197.213408
2731,1.3655,1.365250002,1.365749999,0.070421846,0.077115062,patch_2734,553.839026,553.991261,210.6236998,198.663047
2732,1.366,1.365749999,1.36625,0.061906266,0.067790123,patch_2735,553.991261,554.143497,210.6236998,200.109358
2733,1.3665,1.36625,1.36675,0.053396657,0.058471721,patch_2736,554.143497,554.295733,210.6236998,201.554655
2734,1.367,1.36675,1.367250001,0.044901926,0.049169612,patch_2737,554.295733,554.447969,210.6236998,202.997425
2735,1.3675,1.367250001,1.367750002,0.036562963,0.040038075,patch_2738,554.447969,554.600205,210.6236998,204.413739
2736,1.368,1.367750002,1.368249999,0.028568453,0.03128373,patch_2739,554.600205,554.75244,210.6236998,205.77155
2737,1.3685,1.368249999,1.36875,0.021107147,0.023113268,patch_2740,554.75244,554.904676,210.6236998,207.0388
2738,1.369,1.36875,1.36925,0.014367785,0.015733366,patch_2741,554.904676,555.056912,210.6236998,208.183433
2739,1.3695,1.36925,1.369750001,0.00853913,0.009350728,patch_2742,555.056912,555.209148,210.6236998,209.173389
2740,1.37,1.369750001,1.370250002,0.003809919,0.004172031,patch_2743,555.209148,555.361384,210.6236998,209.976612
2741,1.3705,1.370250002,1.370749999,0.000368904,0.000403967,patch_2744,555.361384,555.513619,210.6236998,210.561044
2742,1.371,1.370749999,1.37125,-0.00163918,-0.001794976,patch_2745,555.513619,555.665855,210.6236998,210.902103
2743,1.3715,1.37125,1.37175,-0.002339104,-0.002561423,patch_2746,555.665855,555.818091,210.6236998,211.02098
2744,1.372,1.37175,1.372250001,-0.001957569,-0.002143625,patch_2747,555.818091,555.970327,210.6236998,210.956179
2745,1.3725,1.372250001,1.372750002,-0.000721474,-0.000790046,patch_2748,555.970327,556.122563,210.6236998,210.746237
2746,1.373,1.372750002,1.373249999,0.001142278,0.001250845,patch_2749,556.122563,556.274798,210.6236998,210.429692
2747,1.3735,1.373249999,1.37375,0.003406788,0.003730584,patch_2750,556.274798,556.427034,210.6236998,210.045081
2748,1.374,1.37375,1.37425,0.005845158,0.006400709,patch_2751,556.427034,556.57927,210.6236998,209.630941
2749,1.3745,1.37425,1.374750001,0.008230491,0.009012755,patch_2752,556.57927,556.731506,210.6236998,209.225809
2750,1.375,1.374750001,1.375249999,0.010381997,0.01136875,patch_2753,556.731506,556.883741,210.6236998,208.860391
2751,1.3755,1.375249999,1.375749999,0.012414687,0.013594636,patch_2754,556.883741,557.035977,210.6236998,208.515153
2752,1.376,1.375749999,1.37625,0.01456041,0.015944299,patch_2755,557.035977,557.188213,210.6236998,208.150717
2753,1.3765,1.37625,1.376750001,0.017051288,0.018671921,patch_2756,557.188213,557.340449,210.6236998,207.727659
2754,1.377,1.376750001,1.377250001,0.020119458,0.022031704,patch_2757,557.340449,557.492685,210.6236998,207.206552
2755,1.3775,1.377250001,1.377749999,0.023997041,0.02627783,patch_2758,557.492685,557.64492,210.6236998,206.547972
2756,1.378,1.377749999,1.378249999,0.028916174,0.0316645,patch_2759,557.64492,557.797156,210.6236998,205.712492
2757,1.3785,1.378249999,1.37875,0.035108984,0.038445904,patch_2760,557.797156,557.949392,210.6236998,204.660687
2758,1.379,1.37875,1.379250001,0.042755366,0.046819033,patch_2761,557.949392,558.101628,210.6236998,203.362003
2759,1.3795,1.379250001,1.379750001,0.051683851,0.056596122,patch_2762,558.101628,558.253864,210.6236998,201.845563
2760,1.38,1.379750001,1.380249999,0.061578169,0.067430842,patch_2763,558.253864,558.406099,210.6236998,200.165083
2761,1.3805,1.380249999,1.380749999,0.072121581,0.078976348,patch_2764,558.406099,558.558335,210.6236998,198.374359
2762,1.381,1.380749999,1.38125,0.082997364,0.090885816,patch_2765,558.558335,558.710571,210.6236998,196.527184
2763,1.3815,1.38125,1.381750001,0.093888763,0.102812383,patch_2766,558.710571,558.862807,210.6236998,194.677357
2764,1.382,1.381750001,1.382250001,0.104479065,0.114409237,patch_2767,558.862807,559.015043,210.6236998,192.878669
2765,1.3825,1.382250001,1.382749999,0.11445152,0.12532952,patch_2768,559.015043,559.167278,210.6236998,191.184918
2766,1.383,1.382749999,1.383249999,0.123534347,0.135275621,patch_2769,559.167278,559.319514,210.6236998,189.642264
2767,1.3835,1.383249999,1.38375,0.131772876,0.144297178,patch_2770,559.319514,559.47175,210.6236998,188.243008
2768,1.384,1.38375,1.384250001,0.139348758,0.152593106,patch_2771,559.47175,559.623986,210.6236998,186.956298
2769,1.3845,1.384250001,1.384750001,0.146444261,0.160362998,patch_2772,559.623986,559.776222,210.6236998,185.751177
2770,1.385,1.384750001,1.385249999,0.153241571,0.167806356,patch_2773,559.776222,559.928457,210.6236998,184.596702
2771,1.3855,1.385249999,1.385749999,0.159922926,0.175122738,patch_2774,559.928457,560.080693,210.6236998,183.461921
2772,1.386,1.385749999,1.38625,0.166670543,0.182511679,patch_2775,560.080693,560.232929,210.6236998,182.315886
2773,1.3865,1.38625,1.386750001,0.173666654,0.190172733,patch_2776,560.232929,560.385165,210.6236998,181.127646
2774,1.387,1.386750001,1.387250001,0.181059985,0.19826876,patch_2777,560.385165,560.537401,210.6236998,179.871941
2775,1.3875,1.387250001,1.387749999,0.188751456,0.206691264,patch_2778,560.537401,560.689636,210.6236998,178.565599
2776,1.388,1.387749999,1.38825,0.19653079,0.215209982,patch_2779,560.689636,560.841872,210.6236998,177.244334
2777,1.3885,1.38825,1.38875,0.20418717,0.223594059,patch_2780,560.841872,560.994108,210.6236998,175.943952
2778,1.389,1.38875,1.389250001,0.211509794,0.23161266,patch_2781,560.994108,561.146344,210.6236998,174.700256
2779,1.3895,1.389250001,1.389750002,0.218287851,0.239034934,patch_2782,561.146344,561.29858,210.6236998,173.549051
2780,1.39,1.389750002,1.390249999,0.224310533,0.24563004,patch_2783,561.29858,561.450815,210.6236998,172.526141
2781,1.3905,1.390249999,1.39075,0.229367046,0.251167147,patch_2784,561.450815,561.603051,210.6236998,171.667328
2782,1.391,1.39075,1.39125,0.233274904,0.255446425,patch_2785,561.603051,561.755287,210.6236998,171.003606
2783,1.3915,1.39125,1.391750001,0.236071911,0.258509274,patch_2786,561.755287,561.907523,210.6236998,170.528554
2784,1.392,1.391750001,1.392250002,0.237898899,0.260509907,patch_2787,561.907523,562.059759,210.6236998,170.218253
2785,1.3925,1.392250002,1.392749999,0.238897275,0.261603173,patch_2788,562.059759,562.211994,210.6236998,170.048686
2786,1.393,1.392749999,1.39325,0.239208486,0.261943963,patch_2789,562.211994,562.36423,210.6236998,169.995829
2787,1.3935,1.39325,1.39375,0.238973916,0.261687098,patch_2790,562.36423,562.516466,210.6236998,170.035669
2788,1.394,1.39375,1.394250001,0.238335026,0.260987485,patch_2791,562.516466,562.668702,210.6236998,170.14418
2789,1.3945,1.394250001,1.394750002,0.23743321,0.259999957,patch_2792,562.668702,562.820938,210.6236998,170.297347
2790,1.395,1.394750002,1.395249999,0.236360996,0.258825834,patch_2793,562.820938,562.973173,210.6236998,170.479455
2791,1.3955,1.395249999,1.39575,0.234811989,0.257129602,patch_2794,562.973173,563.125409,210.6236998,170.742543
2792,1.396,1.39575,1.39625,0.232285183,0.254362637,patch_2795,563.125409,563.277645,210.6236998,171.171703
2793,1.3965,1.39625,1.396750001,0.228278187,0.249974798,patch_2796,563.277645,563.429881,210.6236998,171.852263
2794,1.397,1.396750001,1.397249999,0.222288665,0.243416004,patch_2797,563.429881,563.582116,210.6236998,172.869541
2795,1.3975,1.397249999,1.397749999,0.213814271,0.234136164,patch_2798,563.582116,563.734352,210.6236998,174.308857
2796,1.398,1.397749999,1.39825,0.202352657,0.221585186,patch_2799,563.734352,563.886588,210.6236998,176.255531
2797,1.3985,1.39825,1.398750001,0.187401455,0.205212953,patch_2800,563.886588,564.038824,210.6236998,178.794887
2798,1.399,1.398750001,1.399250001,0.168578818,0.184601325,patch_2801,564.038824,564.19106,210.6236998,181.991779
2799,1.3995,1.399250001,1.399749999,0.146535575,0.160462991,patch_2802,564.19106,564.343295,210.6236998,185.735668
2800,1.4,1.399749999,1.400249999,0.122447778,0.134085779,patch_2803,564.343295,564.495531,210.6236998,189.82681
2801,1.4005,1.400249999,1.40075,0.097495672,0.106762109,patch_2804,564.495531,564.647767,210.6236998,194.064749
2802,1.401,1.40075,1.401250001,0.072859463,0.079784362,patch_2805,564.647767,564.800003,210.6236998,198.249035
2803,1.4015,1.401250001,1.401750001,0.049719401,0.054444961,patch_2806,564.800003,564.952239,210.6236998,202.179211
2804,1.402,1.401750001,1.402249999,0.02925567,0.032036264,patch_2807,564.952239,565.104474,210.6236998,205.654831
2805,1.4025,1.402249999,1.402749999,0.012648497,0.013850668,patch_2808,565.104474,565.25671,210.6236998,208.475442
2806,1.403,1.402749999,1.40325,0.000938024,0.001027178,patch_2809,565.25671,565.408946,210.6236998,210.464383
2807,1.4035,1.40325,1.403750001,-0.006098707,-0.006678356,patch_2810,565.408946,565.561182,210.6236998,211.659522
2808,1.404,1.403750001,1.404250001,-0.009354008,-0.010243056,patch_2811,565.561182,565.713418,210.6236998,212.212412
2809,1.4045,1.404250001,1.404749999,-0.009726329,-0.010650764,patch_2812,565.713418,565.865653,210.6236998,212.275648
2810,1.405,1.404749999,1.405249999,-0.00811411,-0.008885312,patch_2813,565.865653,566.017889,210.6236998,212.001824
2811,1.4055,1.405249999,1.40575,-0.005415805,-0.005930548,patch_2814,566.017889,566.170125,210.6236998,211.543536
2812,1.406,1.40575,1.406250001,-0.002529844,-0.002770293,patch_2815,566.170125,566.322361,210.6236998,211.053376
2813,1.4065,1.406250001,1.406750001,-0.000354688,-0.000388399,patch_2816,566.322361,566.474597,210.6236998,210.683941
2814,1.407,1.406750001,1.407249999,0.000306029,0.000335115,patch_2817,566.474597,566.626832,210.6236998,210.571723
2815,1.4075,1.407249999,1.407749999,-0.000451919,-0.000494871,patch_2818,566.626832,566.779068,210.6236998,210.700455
2816,1.408,1.407749999,1.40825,-0.002036129,-0.002229653,patch_2819,566.779068,566.931304,210.6236998,210.969522
2817,1.4085,1.40825,1.408750001,-0.003848993,-0.004214819,patch_2820,566.931304,567.08354,210.6236998,211.277424
2818,1.409,1.408750001,1.409250001,-0.005292915,-0.005795978,patch_2821,567.08354,567.235776,210.6236998,211.522664
2819,1.4095,1.409250001,1.409749999,-0.005770274,-0.006318707,patch_2822,567.235776,567.388011,210.6236998,211.60374
2820,1.41,1.409749999,1.41025,-0.00468347,-0.005128608,patch_2823,567.388011,567.540247,210.6236998,211.419154
2821,1.4105,1.41025,1.41075,-0.001434892,-0.00157127,patch_2824,567.540247,567.692483,210.6236998,210.867406
2822,1.411,1.41075,1.411250001,0.004512144,0.004940999,patch_2825,567.692483,567.844719,210.6236998,209.857344
2823,1.4115,1.411250001,1.411750002,0.013085589,0.014329304,patch_2826,567.844719,567.996955,210.6236998,208.401205
2824,1.412,1.411750002,1.412249999,0.023863311,0.02613139,patch_2827,567.996955,568.14919,210.6236998,206.570685
2825,1.4125,1.412249999,1.41275,0.036418988,0.039880417,patch_2828,568.14919,568.301426,210.6236998,204.438192
2826,1.413,1.41275,1.41325,0.050326314,0.055109559,patch_2829,568.301426,568.453662,210.6236998,202.076131
2827,1.4135,1.41325,1.413750001,0.065158948,0.071351954,patch_2830,568.453662,568.605898,210.6236998,199.556913
2828,1.414,1.413750001,1.414250002,0.080490595,0.088140793,patch_2831,568.605898,568.758134,210.6236998,196.952941
2829,1.4145,1.414250002,1.414749999,0.095894916,0.105009211,patch_2832,568.758134,568.910369,210.6236998,194.336626
2830,1.415,1.414749999,1.41525,0.110990516,0.121539566,patch_2833,568.910369,569.062605,210.6236998,191.772745
2831,1.4155,1.41525,1.41575,0.125868916,0.137832077,patch_2834,569.062605,569.214841,210.6236998,189.245754
2832,1.416,1.41575,1.416250001,0.140904873,0.154297121,patch_2835,569.214841,569.367077,210.6236998,186.692003
2833,1.4165,1.416250001,1.416750002,0.156476972,0.171349264,patch_2836,569.367077,569.519313,210.6236998,184.047192
2834,1.417,1.416750002,1.417249999,0.172963857,0.189403139,patch_2837,569.519313,569.671548,210.6236998,181.247011
2835,1.4175,1.417249999,1.41775,0.190744085,0.208873282,patch_2838,569.671548,569.823784,210.6236998,178.227165
2836,1.418,1.41775,1.41825,0.210196257,0.230174278,patch_2839,569.823784,569.97602,210.6236998,174.923351
2837,1.4185,1.41825,1.418750001,0.231698989,0.253720728,patch_2840,569.97602,570.128256,210.6236998,171.271264
2838,1.419,1.418750001,1.419249999,0.255557415,0.279846769,patch_2841,570.128256,570.280491,210.6236998,167.219079
2839,1.4195,1.419249999,1.419749999,0.281261504,0.307993894,patch_2842,570.280491,570.432727,210.6236998,162.853421
2840,1.42,1.419749999,1.42025,0.307792635,0.337046665,patch_2843,570.432727,570.584963,210.6236998,158.347296
2841,1.4205,1.42025,1.420750001,0.334124593,0.365881334,patch_2844,570.584963,570.737199,210.6236998,153.874999
2842,1.421,1.420750001,1.421250001,0.359231113,0.393374093,patch_2845,570.737199,570.889435,210.6236998,149.610834
2843,1.4215,1.421250001,1.421749999,0.382085947,0.418401156,patch_2846,570.889435,571.04167,210.6236998,145.729102
2844,1.422,1.421749999,1.422249999,0.401662823,0.439838708,patch_2847,571.04167,571.193906,210.6236998,142.404108
2845,1.4225,1.422249999,1.42275,0.416935475,0.456562943,patch_2848,571.193906,571.346142,210.6236998,139.810156
2846,1.423,1.42275,1.423250001,0.426994504,0.467578029,patch_2849,571.346142,571.498378,210.6236998,138.101701
2847,1.4235,1.423250001,1.423750001,0.432299911,0.473387687,patch_2850,571.498378,571.650614,210.6236998,137.200615
2848,1.424,1.423750001,1.424249999,0.434200909,0.475469364,patch_2851,571.650614,571.802849,210.6236998,136.877744
2849,1.4245,1.424249999,1.424749999,0.434061886,0.475317128,patch_2852,571.802849,571.955085,210.6236998,136.901356
2850,1.425,1.424749999,1.42525,0.433246939,0.474424724,patch_2853,571.955085,572.107321,210.6236998,137.039769
2851,1.4255,1.42525,1.425750001,0.433120458,0.474286222,patch_2854,572.107321,572.259557,210.6236998,137.061251
2852,1.426,1.425750001,1.426250001,0.435046732,0.476395577,patch_2855,572.259557,572.411793,210.6236998,136.734087
2853,1.4265,1.426250001,1.426749999,0.440389898,0.482246583,patch_2856,572.411793,572.564028,210.6236998,135.826588
2854,1.427,1.426749999,1.427249999,0.450389177,0.49319624,patch_2857,572.564028,572.716264,210.6236998,134.128281
2855,1.4275,1.427249999,1.42775,0.464732406,0.508902715,patch_2858,572.716264,572.8685,210.6236998,131.692185
2856,1.428,1.42775,1.428250001,0.48205945,0.527876601,patch_2859,572.8685,573.020736,210.6236998,128.749309
2857,1.4285,1.428250001,1.428750001,0.500990447,0.548606887,patch_2860,573.020736,573.172972,210.6236998,125.534013
2858,1.429,1.428750001,1.429249999,0.520145415,0.569582432,patch_2861,573.172972,573.325207,210.6236998,122.280677
2859,1.4295,1.429249999,1.429749999,0.538144527,0.589292263,patch_2862,573.325207,573.477443,210.6236998,119.223655
2860,1.43,1.429749999,1.43025,0.553607879,0.606225322,patch_2863,573.477443,573.629679,210.6236998,116.597314
2861,1.4305,1.43025,1.430750001,0.565155448,0.618870426,patch_2864,573.629679,573.781915,210.6236998,114.636041
2862,1.431,1.430750001,1.431250001,0.571504296,0.625822698,patch_2865,573.781915,573.934151,210.6236998,113.557734
2863,1.4315,1.431250001,1.431749999,0.572639763,0.627066084,patch_2866,573.934151,574.086386,210.6236998,113.364883
2864,1.432,1.431749999,1.43225,0.569439171,0.623561293,patch_2867,574.086386,574.238622,210.6236998,113.908481
2865,1.4325,1.43225,1.43275,0.562798677,0.616289656,patch_2868,574.238622,574.390858,210.6236998,115.036322
2866,1.433,1.43275,1.433250001,0.553614138,0.606232176,patch_2869,574.390858,574.543094,210.6236998,116.596251
2867,1.4335,1.433250001,1.433750002,0.542781529,0.594369986,patch_2870,574.543094,574.69533,210.6236998,118.436093
2868,1.434,1.433750002,1.434249999,0.531196891,0.58168429,patch_2871,574.69533,574.847565,210.6236998,120.403662
2869,1.4345,1.434249999,1.43475,0.519756256,0.569156285,patch_2872,574.847565,574.999801,210.6236998,122.346773
2870,1.435,1.43475,1.43525,0.509303151,0.557709669,patch_2873,574.999801,575.152037,210.6236998,124.122159
2871,1.4355,1.43525,1.435750001,0.499954313,0.547472274,patch_2874,575.152037,575.304273,210.6236998,125.709993
2872,1.436,1.435750001,1.436250002,0.491294653,0.537989561,patch_2875,575.304273,575.456509,210.6236998,127.180775
2873,1.4365,1.436250002,1.436749999,0.482896653,0.528793376,patch_2876,575.456509,575.608744,210.6236998,128.607116
2874,1.437,1.436749999,1.43725,0.474333106,0.519415909,patch_2877,575.608744,575.76098,210.6236998,130.061574
2875,1.4375,1.43725,1.43775,0.465176463,0.509388978,patch_2878,575.76098,575.913216,210.6236998,131.616765
2876,1.438,1.43775,1.438250001,0.454999567,0.498244822,patch_2879,575.913216,576.065452,210.6236998,133.345239
2877,1.4385,1.438250001,1.438750002,0.443374932,0.485515328,patch_2880,576.065452,576.217688,210.6236998,135.319601
2878,1.439,1.438750002,1.439249999,0.429904934,0.470765079,patch_2881,576.217688,576.369923,210.6236998,137.607385
2879,1.4395,1.439249999,1.43975,0.414629073,0.45403733,patch_2882,576.369923,576.522159,210.6236998,140.201882
2880,1.44,1.43975,1.44025,0.3979198,0.435739931,patch_2883,576.522159,576.674395,210.6236998,143.039834
2881,1.4405,1.44025,1.440750001,0.380157824,0.416289775,patch_2884,576.674395,576.826631,210.6236998,146.05658
2882,1.441,1.440750001,1.441249999,0.361723869,0.396103772,patch_2885,576.826631,576.978866,210.6236998,149.187457
2883,1.4415,1.441249999,1.441749999,0.342998621,0.375598791,patch_2886,576.978866,577.131102,210.6236998,152.367808
2884,1.442,1.441749999,1.44225,0.324362844,0.355191784,patch_2887,577.131102,577.283338,210.6236998,155.532963
2885,1.4425,1.44225,1.442750001,0.306197284,0.335299685,patch_2888,577.283338,577.435574,210.6236998,158.618255
2886,1.443,1.442750001,1.443250001,0.288886396,0.31634349,patch_2889,577.435574,577.58781,210.6236998,161.558387
2887,1.4435,1.443250001,1.443749999,0.272872448,0.298807502,patch_2890,577.58781,577.740045,210.6236998,164.278243
2888,1.444,1.443749999,1.444249999,0.258643743,0.283226436,patch_2891,577.740045,577.892281,210.6236998,166.694888
2889,1.4445,1.444249999,1.44475,0.246689674,0.270136198,patch_2892,577.892281,578.044517,210.6236998,168.725202
2890,1.445,1.44475,1.445250001,0.237499801,0.260072877,patch_2893,578.044517,578.196753,210.6236998,170.286037
2891,1.4455,1.445250001,1.445750001,0.231563581,0.253572451,patch_2894,578.196753,578.348989,210.6236998,171.294262
2892,1.446,1.445750001,1.446249999,0.229370473,0.251170899,patch_2895,578.348989,578.501224,210.6236998,171.666746
2893,1.4465,1.446249999,1.446749999,0.231409951,0.253404219,patch_2896,578.501224,578.65346,210.6236998,171.320355
2894,1.447,1.446749999,1.44725,0.238113133,0.260744502,patch_2897,578.65346,578.805696,210.6236998,170.181867
2895,1.4475,1.44725,1.447750001,0.248941119,0.27260163,patch_2898,578.805696,578.957932,210.6236998,168.34281
2896,1.448,1.447750001,1.448250001,0.262555928,0.287510453,patch_2899,578.957932,579.110168,210.6236998,166.030431
2897,1.4485,1.448250001,1.448749999,0.277595788,0.303979771,patch_2900,579.110168,579.262403,210.6236998,163.476017
2898,1.449,1.448749999,1.449249999,0.292698889,0.32051834,patch_2901,579.262403,579.414639,210.6236998,160.910862
2899,1.4495,1.449249999,1.44975,0.306503414,0.335634911,patch_2902,579.414639,579.566875,210.6236998,158.566261
2900,1.45,1.44975,1.450250001,0.317647546,0.347838232,patch_2903,579.566875,579.719111,210.6236998,156.673509
2901,1.4505,1.450250001,1.450750001,0.324769556,0.35563715,patch_2904,579.719111,579.871347,210.6236998,155.463886
2902,1.451,1.450750001,1.451249999,0.326589254,0.357629802,patch_2905,579.871347,580.023582,210.6236998,155.154823
2903,1.4515,1.451249999,1.451749999,0.323271601,0.353996823,patch_2906,580.023582,580.175818,210.6236998,155.718303
2904,1.452,1.451749999,1.45225,0.316219803,0.34627479,patch_2907,580.175818,580.328054,210.6236998,156.916001
2905,1.4525,1.45225,1.452750001,0.306877195,0.336044217,patch_2908,580.328054,580.48029,210.6236998,158.502777
2906,1.453,1.452750001,1.453250001,0.296686945,0.324885439,patch_2909,580.48029,580.632526,210.6236998,160.233519
2907,1.4535,1.453250001,1.453749999,0.287092445,0.314379033,patch_2910,580.632526,580.784761,210.6236998,161.863077
2908,1.454,1.453749999,1.45425,0.279536899,0.306105374,patch_2911,580.784761,580.936997,210.6236998,163.146333
2909,1.4545,1.45425,1.45475,0.275463606,0.301644937,patch_2912,580.936997,581.089233,210.6236998,163.838153
2910,1.455,1.45475,1.455250001,0.276255609,0.302512215,patch_2913,581.089233,581.241469,210.6236998,163.703637
2911,1.4555,1.455250001,1.455750002,0.282159893,0.30897767,patch_2914,581.241469,581.393705,210.6236998,162.700836
2912,1.456,1.455750002,1.456249999,0.292410817,0.320202889,patch_2915,581.393705,581.54594,210.6236998,160.959789
2913,1.4565,1.456249999,1.45675,0.306207388,0.335310749,patch_2916,581.54594,581.698176,210.6236998,158.616539
2914,1.457,1.45675,1.45725,0.322748541,0.35342405,patch_2917,581.698176,581.850412,210.6236998,155.807141
2915,1.4575,1.45725,1.457750001,0.341233284,0.373665668,patch_2918,581.850412,582.002648,210.6236998,152.667638
2916,1.458,1.457750001,1.458250002,0.360860554,0.395158403,patch_2919,582.002648,582.154884,210.6236998,149.334085
2917,1.4585,1.458250002,1.458749999,0.380829303,0.417025075,patch_2920,582.154884,582.307119,210.6236998,145.942534
2918,1.459,1.458749999,1.45925,0.40035608,0.438407766,patch_2921,582.307119,582.459355,210.6236998,142.626049
2919,1.4595,1.45925,1.45975,0.419011504,0.458836288,patch_2922,582.459355,582.611591,210.6236998,139.457557
2920,1.46,1.45975,1.460250001,0.436694236,0.478199668,patch_2923,582.611591,582.763827,210.6236998,136.45427
2921,1.4605,1.460250001,1.460750002,0.453315522,0.496400718,patch_2924,582.763827,582.916063,210.6236998,133.631262
2922,1.461,1.460750002,1.461249999,0.468786505,0.513342134,patch_2925,582.916063,583.068298,210.6236998,131.003625
2923,1.4615,1.461249999,1.46175,0.483018307,0.528926592,patch_2926,583.068298,583.220534,210.6236998,128.586454
2924,1.462,1.46175,1.46225,0.495922117,0.54305684,patch_2927,583.220534,583.37277,210.6236998,126.394833
2925,1.4625,1.46225,1.462750001,0.507409036,0.555635528,patch_2928,583.37277,583.525006,210.6236998,124.443861
2926,1.463,1.462750001,1.463249999,0.517392695,0.566568081,patch_2929,583.525006,583.677241,210.6236998,122.748207
2927,1.4635,1.463249999,1.463749999,0.525837657,0.57581569,patch_2930,583.677241,583.829477,210.6236998,121.31389
2928,1.464,1.463749999,1.46425,0.532757815,0.583393572,patch_2931,583.829477,583.981713,210.6236998,120.13855
2929,1.4645,1.46425,1.464750001,0.538169144,0.589319219,patch_2932,583.981713,584.133949,210.6236998,119.219474
2930,1.465,1.464750001,1.465250001,0.542087494,0.593609987,patch_2933,584.133949,584.286185,210.6236998,118.55397
2931,1.4655,1.465250001,1.465749999,0.544528844,0.596283374,patch_2934,584.286185,584.43842,210.6236998,118.139324
2932,1.466,1.465749999,1.466249999,0.545509038,0.59735673,patch_2935,584.43842,584.590656,210.6236998,117.972845
2933,1.4665,1.466249999,1.46675,0.545044002,0.596847495,patch_2936,584.590656,584.742892,210.6236998,118.051828
2934,1.467,1.46675,1.467250001,0.543155728,0.594779751,patch_2937,584.742892,584.895128,210.6236998,118.372538
2935,1.4675,1.467250001,1.467750001,0.540003833,0.591328286,patch_2938,584.895128,585.047364,210.6236998,118.907865
2936,1.468,1.467750001,1.468249999,0.535886465,0.586819583,patch_2939,585.047364,585.199599,210.6236998,119.607171
2937,1.4685,1.468249999,1.468749999,0.531107543,0.581586451,patch_2940,585.199599,585.351835,210.6236998,120.418837
2938,1.469,1.468749999,1.46925,0.525971292,0.575962027,patch_2941,585.351835,585.504071,210.6236998,121.291193
2939,1.4695,1.46925,1.469750001,0.520781815,0.570279318,patch_2942,585.504071,585.656307,210.6236998,122.172589
2940,1.47,1.469750001,1.470250001,0.515842911,0.564870997,patch_2943,585.656307,585.808543,210.6236998,123.011427
2941,1.4705,1.470250001,1.470749999,0.511458931,0.560070344,patch_2944,585.808543,585.960778,210.6236998,123.756015
2942,1.471,1.470749999,1.471249999,0.507924736,0.556200243,patch_2945,585.960778,586.113014,210.6236998,124.356273
2943,1.4715,1.471249999,1.47175,0.505311963,0.55333914,patch_2946,586.113014,586.26525,210.6236998,124.800034
2944,1.472,1.47175,1.472250001,0.503458798,0.551309842,patch_2947,586.26525,586.417486,210.6236998,125.114781
2945,1.4725,1.472250001,1.472750001,0.502192675,0.549923381,patch_2948,586.417486,586.569722,210.6236998,125.329823
2946,1.473,1.472750001,1.473249999,0.501340982,0.548990739,patch_2949,586.569722,586.721957,210.6236998,125.474477
2947,1.4735,1.473249999,1.473749999,0.500731107,0.548322899,patch_2950,586.721957,586.874193,210.6236998,125.57806
2948,1.474,1.473749999,1.47425,0.500190496,0.547730905,patch_2951,586.874193,587.026429,210.6236998,125.669879
2949,1.4745,1.47425,1.474750001,0.499546525,0.547025728,patch_2952,587.026429,587.178665,210.6236998,125.779253
2950,1.475,1.474750001,1.475250001,0.498633263,0.546025666,patch_2953,587.178665,587.330901,210.6236998,125.934364
2951,1.4755,1.475250001,1.475749999,0.497463824,0.544745078,patch_2954,587.330901,587.483136,210.6236998,126.132985
2952,1.476,1.475749999,1.47625,0.496245115,0.543410538,patch_2955,587.483136,587.635372,210.6236998,126.339974
2953,1.4765,1.47625,1.47675,0.495193927,0.542259439,patch_2956,587.635372,587.787608,210.6236998,126.518511
2954,1.477,1.47675,1.477250001,0.49452704,0.541529168,patch_2957,587.787608,587.939844,210.6236998,126.631777
2955,1.4775,1.477250001,1.477750002,0.494461179,0.541457048,patch_2958,587.939844,588.09208,210.6236998,126.642963
2956,1.478,1.477750002,1.478249999,0.495213209,0.542280554,patch_2959,588.09208,588.244315,210.6236998,126.515236
2957,1.4785,1.478249999,1.47875,0.496999801,0.544236952,patch_2960,588.244315,588.396551,210.6236998,126.211796
2958,1.479,1.47875,1.47925,0.500033439,0.547558921,patch_2961,588.396551,588.548787,210.6236998,125.696554
2959,1.4795,1.47925,1.479750001,0.504402994,0.552343778,patch_2962,588.548787,588.701023,210.6236998,124.954416
2960,1.48,1.479750001,1.480250002,0.510058042,0.558536309,patch_2963,588.701023,588.853259,210.6236998,123.993946
2961,1.4805,1.480250002,1.480749999,0.516940595,0.566073011,patch_2964,588.853259,589.005494,210.6236998,122.824993
2962,1.481,1.480749999,1.48125,0.524992582,0.574890296,patch_2965,589.005494,589.15773,210.6236998,121.45742
2963,1.4815,1.48125,1.48175,0.53415626,0.584924932,patch_2966,589.15773,589.309966,210.6236998,119.901034
2964,1.482,1.48175,1.482250001,0.544373571,0.596113343,patch_2967,589.309966,589.462202,210.6236998,118.165696
2965,1.4825,1.482250001,1.482750002,0.555586454,0.60839195,patch_2968,589.462202,589.614438,210.6236998,116.261267
2966,1.483,1.482750002,1.483249999,0.567738234,0.621698692,patch_2969,589.614438,589.766673,210.6236998,114.197373
2967,1.4835,1.483249999,1.48375,0.580809888,0.636012736,patch_2970,589.766673,589.918909,210.6236998,111.977245
2968,1.484,1.48375,1.48425,0.594826162,0.651361181,patch_2971,589.918909,590.071145,210.6236998,109.59668
2969,1.4845,1.48425,1.484750001,0.609814645,0.667774239,patch_2972,590.071145,590.223381,210.6236998,107.050992
2970,1.485,1.484750001,1.485249998,0.625802811,0.685281994,patch_2973,590.223381,590.375616,210.6236998,104.335515
2971,1.4855,1.485249998,1.485749999,0.642818032,0.703914419,patch_2974,590.375616,590.527852,210.6236998,101.4456
2972,1.486,1.485749999,1.48625,0.660887898,0.723701728,patch_2975,590.527852,590.680088,210.6236998,98.376561
2973,1.4865,1.48625,1.486750001,0.680039763,0.744673875,patch_2976,590.680088,590.832324,210.6236998,95.123752
2974,1.487,1.486750001,1.487250001,0.700292823,0.766851879,patch_2977,590.832324,590.98456,210.6236998,91.683913
2975,1.4875,1.487250001,1.487749999,0.721383032,0.789946599,patch_2978,590.98456,591.136795,210.6236998,88.10189
2976,1.488,1.487749999,1.488249999,0.742700816,0.813290523,patch_2979,591.136795,591.289031,210.6236998,84.481215
2977,1.4885,1.488249999,1.48875,0.763615728,0.836193285,patch_2980,591.289031,591.441267,210.6236998,80.928965
2978,1.489,1.48875,1.489250001,0.783497215,0.8579644,patch_2981,591.441267,591.593503,210.6236998,77.552235
2979,1.4895,1.489250001,1.489750001,0.801714717,0.877913377,patch_2982,591.593503,591.745739,210.6236998,74.458121
2980,1.49,1.489750001,1.490249999,0.817637858,0.895349927,patch_2983,591.745739,591.897974,210.6236998,71.753688
2981,1.4905,1.490249999,1.490749999,0.830635962,0.90958343,patch_2984,591.897974,592.05021,210.6236998,69.546052
2982,1.491,1.490749999,1.49125,0.840087353,0.919933125,patch_2985,592.05021,592.202446,210.6236998,67.9408
2983,1.4915,1.49125,1.491750001,0.84569335,0.926071942,patch_2986,592.202446,592.354682,210.6236998,66.988661
2984,1.492,1.491750001,1.492250001,0.847564814,0.928121279,patch_2987,592.354682,592.506918,210.6236998,66.670806
2985,1.4925,1.492250001,1.492749999,0.845839738,0.926232244,patch_2988,592.506918,592.659153,210.6236998,66.963798
2986,1.493,1.492749999,1.493249999,0.840655383,0.920555144,patch_2989,592.659153,592.811389,210.6236998,67.844324
2987,1.4935,1.493249999,1.49375,0.832149566,0.911240894,patch_2990,592.811389,592.963625,210.6236998,69.288977
2988,1.494,1.49375,1.494250001,0.820459901,0.89844019,patch_2991,592.963625,593.115861,210.6236998,71.274384
2989,1.4945,1.494250001,1.494750001,0.805723962,0.88230368,patch_2992,593.115861,593.268097,210.6236998,73.777179
2990,1.495,1.494750001,1.495249999,0.788085342,0.862988604,patch_2993,593.268097,593.420332,210.6236998,76.772974
2991,1.4955,1.495249999,1.495749999,0.767932416,0.840920251,patch_2994,593.420332,593.572568,210.6236998,80.195806
2992,1.496,1.495749999,1.49625,0.745976507,0.816877551,patch_2995,593.572568,593.724804,210.6236998,83.924862
2993,1.4965,1.49625,1.496750001,0.722951051,0.79166365,patch_2996,593.724804,593.87704,210.6236998,87.835573
2994,1.497,1.496750001,1.497250001,0.69958949,0.766081699,patch_2997,593.87704,594.029276,210.6236998,91.803369
2995,1.4975,1.497250001,1.497749999,0.67662525,0.740934831,patch_2998,594.029276,594.181511,210.6236998,95.703683
2996,1.498,1.497749999,1.49825,0.654791771,0.717026198,patch_2999,594.181511,594.333747,210.6236998,99.411945
2997,1.4985,1.49825,1.49875,0.634822545,0.695159004,patch_3000,594.333747,594.485983,210.6236998,102.803577
2998,1.499,1.49875,1.499250001,0.617443205,0.676127852,patch_3001,594.485983,594.638219,210.6236998,105.755335
2999,1.4995,1.499250001,1.499750002,0.603032767,0.66034778,patch_3002,594.638219,594.790455,210.6236998,108.202846
3000,1.5,1.499750002,1.500249999,0.591494501,0.647712864,patch_3003,594.790455,594.94269,210.6236998,110.162539
3001,1.5005,1.500249999,1.50075,0.582697032,0.638079242,patch_3004,594.94269,595.094926,210.6236998,111.656727
3002,1.501,1.50075,1.50125,0.57650882,0.631302874,patch_3005,595.094926,595.247162,210.6236998,112.707751
3003,1.5015,1.50125,1.501750001,0.572798551,0.627239964,patch_3006,595.247162,595.399398,210.6236998,113.337914
3004,1.502,1.501750001,1.502250002,0.571434856,0.625746657,patch_3007,595.399398,595.551634,210.6236998,113.569528
3005,1.5025,1.502250002,1.502749999,0.57228613,0.626678841,patch_3008,595.551634,595.703869,210.6236998,113.424945
3006,1.503,1.502749999,1.50325,0.575218734,0.629890173,patch_3009,595.703869,595.856105,210.6236998,112.926863
3007,1.5035,1.50325,1.50375,0.5799765,0.635100139,patch_3010,595.856105,596.008341,210.6236998,112.11879
3008,1.504,1.50375,1.504250001,0.586129008,0.64183741,patch_3011,596.008341,596.160577,210.6236998,111.07383
3009,1.5045,1.504250001,1.504750002,0.593232572,0.649616128,patch_3012,596.160577,596.312813,210.6236998,109.86734
3010,1.505,1.504750002,1.505249999,0.600843133,0.657950032,patch_3013,596.312813,596.465048,210.6236998,108.57474
3011,1.5055,1.505249999,1.50575,0.608516929,0.666353181,patch_3014,596.465048,596.617284,210.6236998,107.2714
3012,1.506,1.50575,1.50625,0.615810096,0.674339525,patch_3015,596.617284,596.76952,210.6236998,106.032707
3013,1.5065,1.50625,1.506750001,0.622278749,0.681422989,patch_3016,596.76952,596.921756,210.6236998,104.934052
3014,1.507,1.506750001,1.507249998,0.627482651,0.687121494,patch_3017,596.921756,597.073991,210.6236998,104.050206
3015,1.5075,1.507249998,1.507749999,0.631172837,0.691162412,patch_3018,597.073991,597.226227,210.6236998,103.423454
3016,1.508,1.507749999,1.50825,0.633385358,0.693585221,patch_3019,597.226227,597.378463,210.6236998,103.047673
3017,1.5085,1.50825,1.508750001,0.634179233,0.694454549,patch_3020,597.378463,597.530699,210.6236998,102.912839
3018,1.509,1.508750001,1.509250001,0.633613645,0.693835205,patch_3021,597.530699,597.682935,210.6236998,103.0089
3019,1.5095,1.509250001,1.509749999,0.63174778,0.691792,patch_3022,597.682935,597.83517,210.6236998,103.325804
3020,1.51,1.509749999,1.510249999,0.628640651,0.688389554,patch_3023,597.83517,597.987406,210.6236998,103.853528
3021,1.5105,1.510249999,1.51075,0.624351323,0.683692549,patch_3024,597.987406,598.139642,210.6236998,104.58204
3022,1.511,1.51075,1.511250001,0.618940112,0.677767031,patch_3025,598.139642,598.291878,210.6236998,105.501096
3023,1.5115,1.511250001,1.511750001,0.612526298,0.670743619,patch_3026,598.291878,598.444114,210.6236998,106.590437
3024,1.512,1.511750001,1.512249999,0.605321229,0.662853747,patch_3027,598.444114,598.596349,210.6236998,107.814167
3025,1.5125,1.512249999,1.512749999,0.597544191,0.654337543,patch_3028,598.596349,598.748585,210.6236998,109.135042
3026,1.513,1.512749999,1.51325,0.589414415,0.645435076,patch_3029,598.748585,598.900821,210.6236998,110.515827
3027,1.5135,1.51325,1.513750001,0.581151186,0.636386472,patch_3030,598.900821,599.053057,210.6236998,111.919278
3028,1.514,1.513750001,1.514250001,0.572973548,0.627431594,patch_3031,599.053057,599.205293,210.6236998,113.308192
3029,1.5145,1.514250001,1.514749999,0.565100968,0.618810768,patch_3032,599.205293,599.357528,210.6236998,114.645294
3030,1.515,1.514749999,1.515249999,0.557750877,0.610762091,patch_3033,599.357528,599.509764,210.6236998,115.893655
3031,1.5155,1.515249999,1.51575,0.551034925,0.603407823,patch_3034,599.509764,599.662,210.6236998,117.034312
3032,1.516,1.51575,1.516250001,0.544893563,0.596682758,patch_3035,599.662,599.814236,210.6236998,118.077379
3033,1.5165,1.516250001,1.516750001,0.539251686,0.59050465,patch_3036,599.814236,599.966472,210.6236998,119.035612
3034,1.517,1.516750001,1.517249999,0.53403413,0.584791194,patch_3037,599.966472,600.118707,210.6236998,119.921777
3035,1.5175,1.517249999,1.517749999,0.529165861,0.579460223,patch_3038,600.118707,600.270943,210.6236998,120.748618
3036,1.518,1.517749999,1.51825,0.524571775,0.574429494,patch_3039,600.270943,600.423179,210.6236998,121.528891
3037,1.5185,1.51825,1.518750001,0.520176827,0.569616829,patch_3040,600.423179,600.575415,210.6236998,122.275342
3038,1.519,1.518750001,1.519250001,0.515907046,0.564941229,patch_3041,600.575415,600.727651,210.6236998,123.000534
3039,1.5195,1.519250001,1.519749999,0.511767922,0.560408703,patch_3042,600.727651,600.879886,210.6236998,123.703535
3040,1.52,1.519749999,1.52025,0.507899165,0.556172242,patch_3043,600.879886,601.032122,210.6236998,124.360616
3041,1.5205,1.52025,1.52075,0.504453064,0.552398607,patch_3044,601.032122,601.184358,210.6236998,124.945912
3042,1.521,1.52075,1.521250001,0.501581964,0.549254625,patch_3045,601.184358,601.336594,210.6236998,125.433548
3043,1.5215,1.521250001,1.521750002,0.499438195,0.546907102,patch_3046,601.336594,601.48883,210.6236998,125.797652
3044,1.522,1.521750002,1.522249999,0.498174098,0.545522859,patch_3047,601.48883,601.641065,210.6236998,126.01235
3045,1.5225,1.522249999,1.52275,0.497941942,0.545268638,patch_3048,601.641065,601.793301,210.6236998,126.05178
3046,1.523,1.52275,1.52325,0.498891113,0.546308023,patch_3049,601.793301,601.945537,210.6236998,125.89057
3047,1.5235,1.52325,1.523750001,0.500912787,0.548521846,patch_3050,601.945537,602.097773,210.6236998,125.547203
3048,1.524,1.523750001,1.524250002,0.503446757,0.551296657,patch_3051,602.097773,602.250009,210.6236998,125.116826
3049,1.5245,1.524250002,1.524749999,0.505887448,0.553969322,patch_3052,602.250009,602.402244,210.6236998,124.702292
3050,1.525,1.524749999,1.52525,0.507629157,0.555876571,patch_3053,602.402244,602.55448,210.6236998,124.406475
3051,1.5255,1.52525,1.52575,0.508066355,0.556355322,patch_3054,602.55448,602.706716,210.6236998,124.33222
3052,1.526,1.52575,1.526250001,0.506593465,0.554742442,patch_3055,602.706716,602.858952,210.6236998,124.58238
3053,1.5265,1.526250001,1.526750002,0.502604721,0.550374589,patch_3056,602.858952,603.011188,210.6236998,125.25984
3054,1.527,1.526750002,1.527249999,0.495499786,0.542594368,patch_3057,603.011188,603.163423,210.6236998,126.466563
3055,1.5275,1.527249999,1.52775,0.485173015,0.531286094,patch_3058,603.163423,603.315659,210.6236998,128.220492
3056,1.528,1.52775,1.52825,0.472420603,0.517321634,patch_3059,603.315659,603.467895,210.6236998,130.386399
3057,1.5285,1.52825,1.528750001,0.458134086,0.50167726,patch_3060,603.467895,603.620131,210.6236998,132.812863
3058,1.529,1.528750001,1.529249998,0.443205293,0.485329566,patch_3061,603.620131,603.772366,210.6236998,135.348413
3059,1.5295,1.529249998,1.529749999,0.428525807,0.469254874,patch_3062,603.772366,603.924602,210.6236998,137.84162
3060,1.53,1.529749999,1.53025,0.414987387,0.4544297,patch_3063,603.924602,604.076838,210.6236998,140.141025
3061,1.5305,1.53025,1.530750001,0.40348175,0.441830515,patch_3064,604.076838,604.229074,210.6236998,142.095176
3062,1.531,1.530750001,1.531250001,0.394895135,0.432427787,patch_3065,604.229074,604.38131,210.6236998,143.553552
3063,1.5315,1.531250001,1.531749999,0.389513133,0.426534255,patch_3066,604.38131,604.533545,210.6236998,144.467647
3064,1.532,1.531749999,1.532249999,0.386481549,0.423214536,patch_3067,604.533545,604.685781,210.6236998,144.98254
3065,1.5325,1.532249999,1.53275,0.384818907,0.421393869,patch_3068,604.685781,604.838017,210.6236998,145.264928
3066,1.533,1.53275,1.533250001,0.3835437,0.41999746,patch_3069,604.838017,604.990253,210.6236998,145.481513
3067,1.5335,1.533250001,1.533750001,0.381674496,0.417950599,patch_3070,604.990253,605.142489,210.6236998,145.798984
3068,1.534,1.533750001,1.534249999,0.378229766,0.414178466,patch_3071,605.142489,605.294724,210.6236998,146.384047
3069,1.5345,1.534249999,1.534749999,0.372228057,0.407606326,patch_3072,605.294724,605.44696,210.6236998,147.403395
3070,1.535,1.534749999,1.53525,0.362692417,0.397164375,patch_3073,605.44696,605.599196,210.6236998,149.022956
3071,1.5355,1.53525,1.535750001,0.34923589,0.382428878,patch_3074,605.599196,605.751432,210.6236998,151.308452
3072,1.536,1.535750001,1.536250001,0.332637843,0.364253276,patch_3075,605.751432,605.903668,210.6236998,154.127513
3073,1.5365,1.536250001,1.536749999,0.31381461,0.343640997,patch_3076,605.903668,606.055903,210.6236998,157.324506
3074,1.537,1.536749999,1.537249999,0.293682604,0.321595552,patch_3077,606.055903,606.208139,210.6236998,160.743785
3075,1.5375,1.537249999,1.53775,0.273158041,0.29912024,patch_3078,606.208139,606.360375,210.6236998,164.229737
3076,1.538,1.53775,1.538250001,0.253157344,0.277218585,patch_3079,606.360375,606.512611,210.6236998,167.626714
3077,1.5385,1.538250001,1.538750001,0.234596819,0.256893982,patch_3080,606.512611,606.664847,210.6236998,170.779088
3078,1.539,1.538750001,1.539249999,0.218389957,0.239146745,patch_3081,606.664847,606.817082,210.6236998,173.531709
3079,1.5395,1.539249999,1.539749999,0.205015064,0.224500641,patch_3082,606.817082,606.969318,210.6236998,175.80334
3080,1.54,1.539749999,1.54025,0.194053619,0.212497369,patch_3083,606.969318,607.121554,210.6236998,177.665064
3081,1.5405,1.54025,1.540750001,0.184976486,0.202557503,patch_3084,607.121554,607.27379,210.6236998,179.206751
3082,1.541,1.540750001,1.541250001,0.17725448,0.194101563,patch_3085,607.27379,607.426026,210.6236998,180.518279
3083,1.5415,1.541250001,1.541749999,0.170358432,0.186550083,patch_3086,607.426026,607.578261,210.6236998,181.689524
3084,1.542,1.541749999,1.54225,0.163759182,0.179323609,patch_3087,607.578261,607.730497,210.6236998,182.81036
3085,1.5425,1.54225,1.54275,0.156927582,0.171842703,patch_3088,607.730497,607.882733,210.6236998,183.970659
3086,1.543,1.54275,1.543250001,0.149335609,0.163529153,patch_3089,607.882733,608.034969,210.6236998,185.260102
3087,1.5435,1.543250001,1.543750002,0.140664503,0.154033906,patch_3090,608.034969,608.187205,210.6236998,186.732828
3088,1.544,1.543750002,1.544249999,0.131045204,0.143500344,patch_3091,608.187205,608.33944,210.6236998,188.366598
3089,1.5445,1.544249999,1.54475,0.120666862,0.132135597,patch_3092,608.33944,608.491676,210.6236998,190.129286
3090,1.545,1.54475,1.54525,0.109718659,0.120146826,patch_3093,608.491676,608.643912,210.6236998,191.988761
3091,1.5455,1.54525,1.545750001,0.09838978,0.107741198,patch_3094,608.643912,608.796148,210.6236998,193.912891
3092,1.546,1.545750001,1.546250002,0.086869377,0.095125843,patch_3095,608.796148,608.948384,210.6236998,195.86955
3093,1.5465,1.546250002,1.546749999,0.075346649,0.082507941,patch_3096,608.948384,609.100619,210.6236998,197.826604
3094,1.547,1.546749999,1.54725,0.064010699,0.07009457,patch_3097,609.100619,609.252855,210.6236998,199.751935
3095,1.5475,1.54725,1.54775,0.053040269,0.05808146,patch_3098,609.252855,609.405091,210.6236998,201.615185
3096,1.548,1.54775,1.548250001,0.042590749,0.046638771,patch_3099,609.405091,609.557327,210.6236998,203.389962
3097,1.5485,1.548250001,1.548750002,0.03281437,0.035933199,patch_3100,609.557327,609.709563,210.6236998,205.050411
3098,1.549,1.548750002,1.549249999,0.023863347,0.026131429,patch_3101,609.709563,609.861798,210.6236998,206.570679
3099,1.5495,1.549249999,1.54975,0.015889921,0.017400172,patch_3102,609.861798,610.014034,210.6236998,207.924909
3100,1.55,1.54975,1.55025,0.009046316,0.009906119,patch_3103,610.014034,610.16627,210.6236998,209.087247
3101,1.5505,1.55025,1.550750001,0.00348476,0.003815967,patch_3104,610.16627,610.318506,210.6236998,210.031838
3102,1.551,1.550750001,1.551249998,-0.000642925,-0.000704031,patch_3105,610.318506,610.470741,210.6236998,210.732896
3103,1.5515,1.551249998,1.551749999,-0.003292367,-0.003605288,patch_3106,610.470741,610.622977,210.6236998,211.182885
3104,1.552,1.551749999,1.55225,-0.004670399,-0.005114295,patch_3107,610.622977,610.775213,210.6236998,211.416934
3105,1.5525,1.55225,1.552750001,-0.005019698,-0.005496793,patch_3108,610.775213,610.927449,210.6236998,211.47626
3106,1.553,1.552750001,1.553250001,-0.004582947,-0.005018532,patch_3109,610.927449,611.079685,210.6236998,211.402081
3107,1.5535,1.553250001,1.553749999,-0.003602824,-0.003945253,patch_3110,611.079685,611.23192,210.6236998,211.235614
3108,1.554,1.553749999,1.554249999,-0.002322005,-0.002542699,patch_3111,611.23192,611.384156,210.6236998,211.018076
3109,1.5545,1.554249999,1.55475,-0.00098318,-0.001076626,patch_3112,611.384156,611.536392,210.6236998,210.790686
3110,1.555,1.55475,1.555250001,0.000171216,0.000187489,patch_3113,611.536392,611.688628,210.6236998,210.59462
3111,1.5555,1.555250001,1.555750001,0.000974711,0.001067352,patch_3114,611.688628,611.840864,210.6236998,210.458152
3112,1.556,1.555750001,1.556249999,0.001446211,0.001583666,patch_3115,611.840864,611.993099,210.6236998,210.378071
3113,1.5565,1.556249999,1.556749999,0.00163236,0.001787507,patch_3116,611.993099,612.145335,210.6236998,210.346455
3114,1.557,1.556749999,1.55725,0.001579811,0.001729964,patch_3117,612.145335,612.297571,210.6236998,210.35538
3115,1.5575,1.55725,1.557750001,0.001335215,0.00146212,patch_3118,612.297571,612.449807,210.6236998,210.396923
3116,1.558,1.557750001,1.558250001,0.000945207,0.001035044,patch_3119,612.449807,612.602043,210.6236998,210.463163
3117,1.5585,1.558250001,1.558749999,0.000456438,0.00049982,patch_3120,612.602043,612.754278,210.6236998,210.546177
3118,1.559,1.558749999,1.559249999,-0.000084438,-0.000092463,patch_3121,612.754278,612.906514,210.6236998,210.638041
3119,1.5595,1.559249999,1.55975,-0.00062837,-0.000688093,patch_3122,612.906514,613.05875,210.6236998,210.730424
3120,1.56,1.55975,1.560250001,-0.00112023,-0.001226702,patch_3123,613.05875,613.210986,210.6236998,210.813963
3121,1.5605,1.560250001,1.560750001,-0.001503926,-0.001646866,patch_3124,613.210986,613.363222,210.6236998,210.879131
3122,1.561,1.560750001,1.561249999,-0.001723364,-0.00188716,patch_3125,613.363222,613.515457,210.6236998,210.916401
3123,1.5615,1.561249999,1.561749999,-0.001722451,-0.001886161,patch_3126,613.515457,613.667693,210.6236998,210.916246
3124,1.562,1.561749999,1.56225,-0.001445101,-0.00158245,patch_3127,613.667693,613.819929,210.6236998,210.86914
3125,1.5625,1.56225,1.562750001,-0.000835214,-0.000914597,patch_3128,613.819929,613.972165,210.6236998,210.765555
3126,1.563,1.562750001,1.563250001,0.000163314,0.000178837,patch_3129,613.972165,614.124401,210.6236998,210.595962
3127,1.5635,1.563250001,1.563749999,0.001616416,0.001770047,patch_3130,614.124401,614.276636,210.6236998,210.349163
3128,1.564,1.563749999,1.56425,0.00361614,0.003959834,patch_3131,614.276636,614.428872,210.6236998,210.009524
3129,1.5645,1.56425,1.56475,0.006258817,0.006853684,patch_3132,614.428872,614.581108,210.6236998,209.560684
3130,1.565,1.56475,1.565250001,0.009640794,0.0105571,patch_3133,614.581108,614.733344,210.6236998,208.986279
3131,1.5655,1.565250001,1.565750002,0.013858415,0.015175582,patch_3134,614.733344,614.88558,210.6236998,208.269946
3132,1.566,1.565750002,1.566249999,0.019008002,0.02081461,patch_3135,614.88558,615.037815,210.6236998,207.395325
3133,1.5665,1.566249999,1.56675,0.025185904,0.027579688,patch_3136,615.037815,615.190051,210.6236998,206.346052
3134,1.567,1.56675,1.56725,0.03248838,0.035576226,patch_3137,615.190051,615.342287,210.6236998,205.105778
3135,1.5675,1.56725,1.567750001,0.040948532,0.044840469,patch_3138,615.342287,615.494523,210.6236998,203.668881
3136,1.568,1.567750001,1.568250002,0.050424158,0.055216702,patch_3139,615.494523,615.646759,210.6236998,202.059513
3137,1.5685,1.568250002,1.568749999,0.060742856,0.066516137,patch_3140,615.646759,615.798994,210.6236998,200.306955
3138,1.569,1.568749999,1.56925,0.071732221,0.078549982,patch_3141,615.798994,615.95123,210.6236998,198.440489
3139,1.5695,1.56925,1.56975,0.083219864,0.091129463,patch_3142,615.95123,616.103466,210.6236998,196.489394
3140,1.57,1.56975,1.570250001,0.095033373,0.104065783,patch_3143,616.103466,616.255702,210.6236998,194.482953
3141,1.5705,1.570250001,1.570750002,0.107000359,0.117170166,patch_3144,616.255702,616.407938,210.6236998,192.450445
3142,1.571,1.570750002,1.571249999,0.118948451,0.13025386,patch_3145,616.407938,616.560173,210.6236998,190.421146
3143,1.5715,1.571249999,1.57175,0.130741388,0.143167652,patch_3146,616.560173,616.712409,210.6236998,188.418199
3144,1.572,1.57175,1.57225,0.142347629,0.155877004,patch_3147,616.712409,616.864645,210.6236998,186.446961
3145,1.5725,1.57225,1.572750001,0.153754503,0.16836804,patch_3148,616.864645,617.016881,210.6236998,184.509584
3146,1.573,1.572750001,1.573249998,0.164949341,0.180626886,patch_3149,617.016881,617.169116,210.6236998,182.60822
3147,1.5735,1.573249998,1.573749999,0.1759195,0.1926397,patch_3150,617.169116,617.321352,210.6236998,180.745016
3148,1.574,1.573749999,1.57425,0.186652346,0.204392645,patch_3151,617.321352,617.473588,210.6236998,178.922118
3149,1.5745,1.57425,1.574750001,0.197135178,0.215871814,patch_3152,617.473588,617.625824,210.6236998,177.141683
3150,1.575,1.574750001,1.575250001,0.207355332,0.227063339,patch_3153,617.625824,617.77806,210.6236998,175.405862
3151,1.5755,1.575250001,1.575749999,0.217262504,0.237912133,patch_3154,617.77806,617.930295,210.6236998,173.723199
3152,1.576,1.575749999,1.576249999,0.226692422,0.248238314,patch_3155,617.930295,618.082531,210.6236998,172.121594
3153,1.5765,1.576249999,1.57675,0.23545934,0.25783848,patch_3156,618.082531,618.234767,210.6236998,170.632595
3154,1.577,1.57675,1.577250001,0.243377373,0.26650908,patch_3157,618.234767,618.387003,210.6236998,169.287773
3155,1.5775,1.577250001,1.577750001,0.250260797,0.274046737,patch_3158,618.387003,618.539239,210.6236998,168.118672
3156,1.578,1.577750001,1.578249999,0.255923806,0.280247984,patch_3159,618.539239,618.691474,210.6236998,167.15685
3157,1.5785,1.578249999,1.578749999,0.260180592,0.284909354,patch_3160,618.691474,618.84371,210.6236998,166.433865
3158,1.579,1.578749999,1.57925,0.262845454,0.287827497,patch_3161,618.84371,618.995946,210.6236998,165.981257
3159,1.5795,1.57925,1.579750001,0.263823028,0.288897984,patch_3162,618.995946,619.148182,210.6236998,165.815223
3160,1.58,1.579750001,1.580250001,0.263304949,0.288330665,patch_3163,619.148182,619.300418,210.6236998,165.903215
3161,1.5805,1.580250001,1.580749999,0.2615394,0.28639731,patch_3164,619.300418,619.452653,210.6236998,166.203081
3162,1.581,1.580749999,1.581249999,0.258774546,0.283369671,patch_3165,619.452653,619.604889,210.6236998,166.672672
3163,1.5815,1.581249999,1.58175,0.25525865,0.279519609,patch_3166,619.604889,619.757125,210.6236998,167.269822
3164,1.582,1.58175,1.582250001,0.251239837,0.275118829,patch_3167,619.757125,619.909361,210.6236998,167.952389
3165,1.5825,1.582250001,1.582750001,0.24696633,0.270439148,patch_3168,619.909361,620.061597,210.6236998,168.678214
3166,1.583,1.582750001,1.583249999,0.242686346,0.265752375,patch_3169,620.061597,620.213832,210.6236998,169.405139
3167,1.5835,1.583249999,1.583749999,0.238563967,0.261238185,patch_3170,620.213832,620.366068,210.6236998,170.105296
3168,1.584,1.583749999,1.58425,0.234484775,0.256771288,patch_3171,620.366068,620.518304,210.6236998,170.798118
3169,1.5845,1.58425,1.584750001,0.230276804,0.252163373,patch_3172,620.518304,620.67054,210.6236998,171.512812
3170,1.585,1.584750001,1.585250001,0.225768056,0.247226092,patch_3173,620.67054,620.822776,210.6236998,172.278591
3171,1.5855,1.585250001,1.585749999,0.220786542,0.241771112,patch_3174,620.822776,620.975011,210.6236998,173.124666
3172,1.586,1.585749999,1.58625,0.215160279,0.235610103,patch_3175,620.975011,621.127247,210.6236998,174.080247
3173,1.5865,1.58625,1.58675,0.208717285,0.228554737,patch_3176,621.127247,621.279483,210.6236998,175.174544
3174,1.587,1.58675,1.587250001,0.201285583,0.220416693,patch_3177,621.279483,621.431719,210.6236998,176.436766
3175,1.5875,1.587250001,1.587750002,0.192777411,0.211099864,patch_3178,621.431719,621.583955,210.6236998,177.881819
3176,1.588,1.587750002,1.588249999,0.183396932,0.200827821,patch_3179,621.583955,621.73619,210.6236998,179.475027
3177,1.5885,1.588249999,1.58875,0.173411459,0.189893283,patch_3180,621.73619,621.888426,210.6236998,181.170989
3178,1.589,1.58875,1.58925,0.163088233,0.17858889,patch_3181,621.888426,622.040662,210.6236998,182.924316
3179,1.5895,1.58925,1.589750001,0.152694583,0.16720738,patch_3182,622.040662,622.192898,210.6236998,184.689604
3180,1.59,1.589750001,1.590250002,0.142497732,0.156041373,patch_3183,622.192898,622.345134,210.6236998,186.421467
3181,1.5905,1.590250002,1.590749999,0.13276504,0.145383641,patch_3184,622.345134,622.497369,210.6236998,188.074496
3182,1.591,1.590749999,1.59125,0.123763724,0.135526798,patch_3185,622.497369,622.649605,210.6236998,189.603306
3183,1.5915,1.59125,1.59175,0.115667891,0.1266615,patch_3186,622.649605,622.801841,210.6236998,190.978326
3184,1.592,1.59175,1.592250001,0.108313937,0.118608593,patch_3187,622.801841,622.954077,210.6236998,192.227343
3185,1.5925,1.592250001,1.592750002,0.101461842,0.111105243,patch_3188,622.954077,623.106313,210.6236998,193.391123
3186,1.593,1.592750002,1.593249999,0.094871547,0.103888576,patch_3189,623.106313,623.258548,210.6236998,194.510438
3187,1.5935,1.593249999,1.59375,0.088303055,0.096695784,patch_3190,623.258548,623.410784,210.6236998,195.62605
3188,1.594,1.59375,1.59425,0.081516308,0.089263993,patch_3191,623.410784,623.56302,210.6236998,196.778731
3189,1.5945,1.59425,1.594750001,0.074271273,0.081330357,patch_3192,623.56302,623.715256,210.6236998,198.009249
3190,1.595,1.594750001,1.595249998,0.066327922,0.072632033,patch_3193,623.715256,623.867491,210.6236998,199.358371
3191,1.5955,1.595249998,1.595749999,0.057550919,0.063020823,patch_3194,623.867491,624.019727,210.6236998,200.849083
3192,1.596,1.595749999,1.59625,0.048201639,0.052782945,patch_3195,624.019727,624.171963,210.6236998,202.436992
3193,1.5965,1.59625,1.596750001,0.038635407,0.042307494,patch_3196,624.171963,624.324199,210.6236998,204.061749
3194,1.597,1.596750001,1.597250001,0.029207573,0.031983595,patch_3197,624.324199,624.476435,210.6236998,205.663
3195,1.5975,1.597250001,1.597749999,0.020273448,0.022200329,patch_3198,624.476435,624.62867,210.6236998,207.180398
3196,1.598,1.597749999,1.598249999,0.012188366,0.013346804,patch_3199,624.62867,624.780906,210.6236998,208.553592
3197,1.5985,1.598249999,1.59875,0.005307673,0.005812139,patch_3200,624.780906,624.933142,210.6236998,209.722229
3198,1.599,1.59875,1.599250001,-0.000013308,-0.000014572,patch_3201,624.933142,625.085378,210.6236998,210.62596
3199,1.5995,1.599250001,1.599750001,-0.003529921,-0.003865421,patch_3202,625.085378,625.237614,210.6236998,211.223232
3200,1.6,1.599750001,1.600249999,-0.005436253,-0.00595294,patch_3203,625.237614,625.389849,210.6236998,211.547009
3201,1.6005,1.600249999,1.600749999,-0.006035083,-0.006608685,patch_3204,625.389849,625.542085,210.6236998,211.648716
3202,1.601,1.600749999,1.60125,-0.005629208,-0.006164234,patch_3205,625.542085,625.694321,210.6236998,211.579781
3203,1.6015,1.60125,1.601750001,-0.004521408,-0.004951143,patch_3206,625.694321,625.846557,210.6236998,211.391629
3204,1.602,1.601750001,1.602250001,-0.003014469,-0.003300978,patch_3207,625.846557,625.998793,210.6236998,211.135686
3205,1.6025,1.602250001,1.602749999,-0.00141117,-0.001545294,patch_3208,625.998793,626.151028,210.6236998,210.863377
3206,1.603,1.602749999,1.603249999,-0.000014309,-0.000015668,patch_3209,626.151028,626.303264,210.6236998,210.62613
3207,1.6035,1.603249999,1.60375,0.000935051,0.001023923,patch_3210,626.303264,626.4555,210.6236998,210.464888
3208,1.604,1.60375,1.604250001,0.001451711,0.001589688,patch_3211,626.4555,626.607736,210.6236998,210.377137
3209,1.6045,1.604250001,1.604750001,0.00161681,0.001770479,patch_3212,626.607736,626.759972,210.6236998,210.349096
3210,1.605,1.604750001,1.605249999,0.001511484,0.001655142,patch_3213,626.759972,626.912207,210.6236998,210.366985
3211,1.6055,1.605249999,1.605749999,0.001216864,0.001332521,patch_3214,626.912207,627.064443,210.6236998,210.417024
3212,1.606,1.605749999,1.60625,0.000814098,0.000891474,patch_3215,627.064443,627.216679,210.6236998,210.485431
3213,1.6065,1.60625,1.606750001,0.000384313,0.00042084,patch_3216,627.216679,627.368915,210.6236998,210.558427
3214,1.607,1.606750001,1.607250001,0.000008648,0.00000947,patch_3217,627.368915,627.521151,210.6236998,210.622231
3215,1.6075,1.607250001,1.607749999,-0.000247559,-0.000271088,patch_3218,627.521151,627.673386,210.6236998,210.665746
3216,1.608,1.607749999,1.60825,-0.000387483,-0.000424311,patch_3219,627.673386,627.825622,210.6236998,210.689511
3217,1.6085,1.60825,1.60875,-0.000432889,-0.000474033,patch_3220,627.825622,627.977858,210.6236998,210.697223
3218,1.609,1.60875,1.609250001,-0.000405529,-0.000444072,patch_3221,627.977858,628.130094,210.6236998,210.692576
3219,1.6095,1.609250001,1.609750002,-0.000327162,-0.000358257,patch_3222,628.130094,628.28233,210.6236998,210.679266
3220,1.61,1.609750002,1.610249999,-0.000219551,-0.000240418,patch_3223,628.28233,628.434565,210.6236998,210.660989
3221,1.6105,1.610249999,1.61075,-0.000104445,-0.000114372,patch_3224,628.434565,628.586801,210.6236998,210.641439
3222,1.611,1.61075,1.61125,-0.00000361,-0.000003954,patch_3225,628.586801,628.739037,210.6236998,210.624313
3223,1.6115,1.61125,1.611750001,0.000065253,0.000071455,patch_3226,628.739037,628.891273,210.6236998,210.612617
3224,1.612,1.611750001,1.612250002,0.000102823,0.000112596,patch_3227,628.891273,629.043509,210.6236998,210.606236
3225,1.6125,1.612250002,1.612749999,0.000114993,0.000125923,patch_3228,629.043509,629.195744,210.6236998,210.604169
3226,1.613,1.612749999,1.61325,0.000107663,0.000117896,patch_3229,629.195744,629.34798,210.6236998,210.605414
3227,1.6135,1.61325,1.61375,0.000086732,0.000094975,patch_3230,629.34798,629.500216,210.6236998,210.608969
3228,1.614,1.61375,1.614250001,0.000058088,0.000063609,patch_3231,629.500216,629.652452,210.6236998,210.613834
3229,1.6145,1.614250001,1.614750002,0.00002763,0.000030256,patch_3232,629.652452,629.804688,210.6236998,210.619007
3230,1.615,1.614750002,1.615249999,0.000001259,0.000001378,patch_3233,629.804688,629.956923,210.6236998,210.623486
3231,1.6155,1.615249999,1.61575,-0.00001621,-0.000017751,patch_3234,629.956923,630.109159,210.6236998,210.626453
3232,1.616,1.61575,1.61625,-0.000025089,-0.000027474,patch_3235,630.109159,630.261395,210.6236998,210.627961
3233,1.6165,1.61625,1.616750001,-0.000027203,-0.000029788,patch_3236,630.261395,630.413631,210.6236998,210.62832
3234,1.617,1.616750001,1.617249998,-0.000024371,-0.000026687,patch_3237,630.413631,630.565866,210.6236998,210.627839
3235,1.6175,1.617249998,1.617749999,-0.000018424,-0.000020175,patch_3238,630.565866,630.718102,210.6236998,210.626829
3236,1.618,1.617749999,1.61825,-0.000011194,-0.000012258,patch_3239,630.718102,630.870338,210.6236998,210.625601
3237,1.6185,1.61825,1.61875,-0.000004499,-0.000004927,patch_3240,630.870338,631.022574,210.6236998,210.624464
3238,1.619,1.61875,1.619250001,-0.000000172,-0.000000188,patch_3241,631.022574,631.17481,210.6236998,210.623729
3239,1.6195,1.619250001,1.619749999,0.000000393,0.000000431,patch_3242,631.17481,631.327045,210.6236998,210.623633
3240,1.62,1.619749999,1.620249999,-0.000002056,-0.000002251,patch_3243,631.327045,631.479281,210.6236998,210.624049
3241,1.6205,1.620249999,1.62075,-0.000006113,-0.000006694,patch_3244,631.479281,631.631517,210.6236998,210.624738
3242,1.621,1.62075,1.621250001,-0.000010364,-0.000011349,patch_3245,631.631517,631.783753,210.6236998,210.62546
3243,1.6215,1.621250001,1.621750001,-0.000013396,-0.000014669,patch_3246,631.783753,631.935989,210.6236998,210.625975
3244,1.622,1.621750001,1.622249999,-0.000013802,-0.000015114,patch_3247,631.935989,632.088224,210.6236998,210.626044
3245,1.6225,1.622249999,1.622749999,-0.000010175,-0.000011142,patch_3248,632.088224,632.24046,210.6236998,210.625428
3246,1.623,1.622749999,1.62325,-0.000001096,-0.000001201,patch_3249,632.24046,632.392696,210.6236998,210.623886
3247,1.6235,1.62325,1.623750001,0.000014177,0.000015524,patch_3250,632.392696,632.544932,210.6236998,210.621292
3248,1.624,1.623750001,1.624250001,0.000032941,0.000036072,patch_3251,632.544932,632.697168,210.6236998,210.618105
3249,1.6245,1.624250001,1.624749999,0.000051393,0.000056278,patch_3252,632.697168,632.849403,210.6236998,210.614971
3250,1.625,1.624749999,1.625249999,0.000065718,0.000071965,patch_3253,632.849403,633.001639,210.6236998,210.612538
3251,1.6255,1.625249999,1.62575,0.000072089,0.000078941,patch_3254,633.001639,633.153875,210.6236998,210.611456
3252,1.626,1.62575,1.626250001,0.000066696,0.000073035,patch_3255,633.153875,633.306111,210.6236998,210.612372
3253,1.6265,1.626250001,1.626750001,0.000045729,0.000050076,patch_3256,633.306111,633.458347,210.6236998,210.615933
3254,1.627,1.626750001,1.627249999,0.000005368,0.000005879,patch_3257,633.458347,633.610582,210.6236998,210.622788
3255,1.6275,1.627249999,1.627749999,-0.000056077,-0.000061406,patch_3258,633.610582,633.762818,210.6236998,210.633224
3256,1.628,1.627749999,1.62825,-0.000128673,-0.000140903,patch_3259,633.762818,633.915054,210.6236998,210.645554
3257,1.6285,1.62825,1.628750001,-0.000198591,-0.000217466,patch_3260,633.915054,634.06729,210.6236998,210.657429
3258,1.629,1.628750001,1.629250001,-0.000251969,-0.000275918,patch_3261,634.06729,634.219526,210.6236998,210.666495
3259,1.6295,1.629250001,1.629749999,-0.000274955,-0.000301088,patch_3262,634.219526,634.371761,210.6236998,210.670399
3260,1.63,1.629749999,1.63025,-0.000253706,-0.00027782,patch_3263,634.371761,634.523997,210.6236998,210.66679
3261,1.6305,1.63025,1.63075,-0.000174368,-0.000190941,patch_3264,634.523997,634.676233,210.6236998,210.653315
3262,1.631,1.63075,1.631250001,-0.000023087,-0.000025282,patch_3265,634.676233,634.828469,210.6236998,210.627621
3263,1.6315,1.631250001,1.631750002,0.000206478,0.000226102,patch_3266,634.828469,634.980705,210.6236998,210.588631
3264,1.632,1.631750002,1.632249999,0.000477899,0.000523321,patch_3267,634.980705,635.13294,210.6236998,210.542532
3265,1.6325,1.632249999,1.63275,0.000739612,0.000809908,patch_3268,635.13294,635.285176,210.6236998,210.498082
3266,1.633,1.63275,1.63325,0.000940026,0.001029371,patch_3269,635.285176,635.437412,210.6236998,210.464043
3267,1.6335,1.63325,1.633750001,0.001027548,0.001125211,patch_3270,635.437412,635.589648,210.6236998,210.449178
3268,1.634,1.633750001,1.634250002,0.000950601,0.00104095,patch_3271,635.589648,635.741884,210.6236998,210.462247
3269,1.6345,1.634250002,1.634749999,0.000657595,0.000720095,patch_3272,635.741884,635.894119,210.6236998,210.512012
3270,1.635,1.634749999,1.63525,0.000096941,0.000106155,patch_3273,635.894119,636.046355,210.6236998,210.607235
3271,1.6355,1.63525,1.63575,-0.000756371,-0.00082826,patch_3274,636.046355,636.198591,210.6236998,210.752164
3272,1.636,1.63575,1.636250001,-0.001768606,-0.001936702,patch_3275,636.198591,636.350827,210.6236998,210.924085
3273,1.6365,1.636250001,1.636750002,-0.002747363,-0.003008485,patch_3276,636.350827,636.503063,210.6236998,211.09032
3274,1.637,1.636750002,1.637249999,-0.003500147,-0.003832817,patch_3277,636.503063,636.655298,210.6236998,211.218175
3275,1.6375,1.637249999,1.63775,-0.003834462,-0.004198906,patch_3278,636.655298,636.807534,210.6236998,211.274956
3276,1.638,1.63775,1.63825,-0.0035578,-0.00389595,patch_3279,636.807534,636.95977,210.6236998,211.227967
3277,1.6385,1.63825,1.638750001,-0.002477679,-0.002713169,patch_3280,636.95977,637.112006,210.6236998,211.044516
3278,1.639,1.638750001,1.639249998,-0.000401596,-0.000439765,patch_3281,637.112006,637.264241,210.6236998,210.691908
3279,1.6395,1.639249998,1.639749999,0.002821606,0.003089784,patch_3282,637.264241,637.416477,210.6236998,210.14447
3280,1.64,1.639749999,1.64025,0.00708438,0.007757712,patch_3283,637.416477,637.568713,210.6236998,209.420468
3281,1.6405,1.64025,1.64075,0.012179328,0.013336908,patch_3284,637.568713,637.720949,210.6236998,208.555127
3282,1.641,1.64075,1.641250001,0.017898842,0.01960003,patch_3285,637.720949,637.873185,210.6236998,207.583708
3283,1.6415,1.641250001,1.641749999,0.024035312,0.026319738,patch_3286,637.873185,638.02542,210.6236998,206.541472
3284,1.642,1.641749999,1.642249999,0.030381128,0.03326869,patch_3287,638.02542,638.177656,210.6236998,205.46368
3285,1.6425,1.642249999,1.64275,0.03672868,0.040219543,patch_3288,638.177656,638.329892,210.6236998,204.385593
3286,1.643,1.64275,1.643250001,0.042870361,0.046944957,patch_3289,638.329892,638.482128,210.6236998,203.342472
3287,1.6435,1.643250001,1.643750001,0.048598418,0.053217435,patch_3290,638.482128,638.634364,210.6236998,202.369602
3288,1.644,1.643750001,1.644249999,0.053704265,0.058808565,patch_3291,638.634364,638.786599,210.6236998,201.50241
3289,1.6445,1.644249999,1.644749999,0.057978932,0.063489516,patch_3292,638.786599,638.938835,210.6236998,200.776388
3290,1.645,1.644749999,1.64525,0.061213473,0.067031484,patch_3293,638.938835,639.091071,210.6236998,200.227024
3291,1.6455,1.64525,1.645750001,0.063198931,0.069205649,patch_3294,639.091071,639.243307,210.6236998,199.889808
3292,1.646,1.645750001,1.646250001,0.063726348,0.069783193,patch_3295,639.243307,639.395543,210.6236998,199.80023
3293,1.6465,1.646250001,1.646749999,0.062586765,0.0685353,patch_3296,639.395543,639.547778,210.6236998,199.99378
3294,1.647,1.646749999,1.647249999,0.05957125,0.065233176,patch_3297,639.547778,639.700014,210.6236998,200.505944
3295,1.6475,1.647249999,1.64775,0.054538406,0.059721987,patch_3298,639.700014,639.85225,210.6236998,201.360737
3296,1.648,1.64775,1.648250001,0.047811526,0.052355754,patch_3299,639.85225,640.004486,210.6236998,202.50325
3297,1.6485,1.648250001,1.648750001,0.039909301,0.043702465,patch_3300,640.004486,640.156722,210.6236998,203.845387
3298,1.649,1.648750001,1.649249999,0.031351083,0.034330834,patch_3301,640.156722,640.308957,210.6236998,205.29894
3299,1.6495,1.649249999,1.649749999,0.022656237,0.024809591,patch_3302,640.308957,640.461193,210.6236998,206.775698
3300,1.65,1.649749999,1.65025,0.014344122,0.015707454,patch_3303,640.461193,640.613429,210.6236998,208.187452
3301,1.6505,1.65025,1.650750001,0.0069341,0.007593148,patch_3304,640.613429,640.765665,210.6236998,209.445992
3302,1.651,1.650750001,1.651250001,0.000945537,0.001035405,patch_3305,640.765665,640.917901,210.6236998,210.463107
3303,1.6515,1.651250001,1.651749999,-0.003176153,-0.00347803,patch_3306,640.917901,641.070136,210.6236998,211.163147
3304,1.652,1.651749999,1.65225,-0.005518841,-0.006043377,patch_3307,641.070136,641.222372,210.6236998,211.561036
3305,1.6525,1.65225,1.65275,-0.006404359,-0.007013059,patch_3308,641.222372,641.374608,210.6236998,211.711435
3306,1.653,1.65275,1.653250001,-0.006155541,-0.006740592,patch_3309,641.374608,641.526844,210.6236998,211.669175
3307,1.6535,1.653250001,1.653750002,-0.005095232,-0.005579507,patch_3310,641.526844,641.67908,210.6236998,211.489089
3308,1.654,1.653750002,1.654249999,-0.003546266,-0.003883319,patch_3311,641.67908,641.831315,210.6236998,211.226008
3309,1.6545,1.654249999,1.65475,-0.001831476,-0.002005548,patch_3312,641.831315,641.983551,210.6236998,210.934763
3310,1.655,1.65475,1.65525,-0.000273701,-0.000299715,patch_3313,641.983551,642.135787,210.6236998,210.670186
3311,1.6555,1.65525,1.655750001,0.000838191,0.000917856,patch_3314,642.135787,642.288023,210.6236998,210.481339
3312,1.656,1.655750001,1.656250002,0.001472436,0.001612383,patch_3315,642.288023,642.440259,210.6236998,210.373617
3313,1.6565,1.656250002,1.656749999,0.001714942,0.001877938,patch_3316,642.440259,642.592494,210.6236998,210.332429
3314,1.657,1.656749999,1.65725,0.001652196,0.001809228,patch_3317,642.592494,642.74473,210.6236998,210.343086
3315,1.6575,1.65725,1.65775,0.001370718,0.001500998,patch_3318,642.74473,642.896966,210.6236998,210.390893
3316,1.658,1.65775,1.658250001,0.000957001,0.001047958,patch_3319,642.896966,643.049202,210.6236998,210.46116
3317,1.6585,1.658250001,1.658750002,0.000497553,0.000544842,patch_3320,643.049202,643.201438,210.6236998,210.539194
3318,1.659,1.658750002,1.659249999,0.000078872,0.000086368,patch_3321,643.201438,643.353673,210.6236998,210.610304
3319,1.6595,1.659249999,1.65975,-0.000221123,-0.00024214,patch_3322,643.353673,643.505909,210.6236998,210.661256
3320,1.66,1.65975,1.66025,-0.000392823,-0.000430159,patch_3323,643.505909,643.658145,210.6236998,210.690418
3321,1.6605,1.66025,1.660750001,-0.000459208,-0.000502853,patch_3324,643.658145,643.810381,210.6236998,210.701693
3322,1.661,1.660750001,1.661249998,-0.000443452,-0.0004856,patch_3325,643.810381,643.962616,210.6236998,210.699017
3323,1.6615,1.661249998,1.661749999,-0.000368742,-0.000403789,patch_3326,643.962616,644.114852,210.6236998,210.686328
3324,1.662,1.661749999,1.66225,-0.000258246,-0.000282791,patch_3327,644.114852,644.267088,210.6236998,210.667561
3325,1.6625,1.66225,1.66275,-0.00013515,-0.000147995,patch_3328,644.267088,644.419324,210.6236998,210.646654
3326,1.663,1.66275,1.663250001,-0.000022628,-0.000024779,patch_3329,644.419324,644.57156,210.6236998,210.627543
3327,1.6635,1.663250001,1.663749999,0.000058306,0.000063847,patch_3330,644.57156,644.723795,210.6236998,210.613797
3328,1.664,1.663749999,1.664249999,0.000104784,0.000114743,patch_3331,644.723795,644.876031,210.6236998,210.605903
3329,1.6645,1.664249999,1.66475,0.000122954,0.00013464,patch_3332,644.876031,645.028267,210.6236998,210.602817
3330,1.665,1.66475,1.665250001,0.000119015,0.000130326,patch_3333,645.028267,645.180503,210.6236998,210.603486
3331,1.6655,1.665250001,1.665750001,0.00009919,0.000108618,patch_3334,645.180503,645.332739,210.6236998,210.606853
3332,1.666,1.665750001,1.666249999,0.000069681,0.000076304,patch_3335,645.332739,645.484974,210.6236998,210.611865
3333,1.6665,1.666249999,1.666749999,0.000036703,0.000040192,patch_3336,645.484974,645.63721,210.6236998,210.617466
3334,1.667,1.666749999,1.66725,0.000006464,0.000007078,patch_3337,645.63721,645.789446,210.6236998,210.622602
3335,1.6675,1.66725,1.667750001,-0.000015374,-0.000016835,patch_3338,645.789446,645.941682,210.6236998,210.626311
3336,1.668,1.667750001,1.668250001,-0.000027951,-0.000030607,patch_3339,645.941682,646.093918,210.6236998,210.628447
3337,1.6685,1.668250001,1.668749999,-0.00003292,-0.000036049,patch_3340,646.093918,646.246153,210.6236998,210.629291
3338,1.669,1.668749999,1.669249999,-0.000031942,-0.000034978,patch_3341,646.246153,646.398389,210.6236998,210.629125
3339,1.6695,1.669249999,1.66975,-0.000026685,-0.000029221,patch_3342,646.398389,646.550625,210.6236998,210.628232
3340,1.67,1.66975,1.670250001,-0.000018801,-0.000020588,patch_3343,646.550625,646.702861,210.6236998,210.626893
3341,1.6705,1.670250001,1.670750001,-0.000009969,-0.000010917,patch_3344,646.702861,646.855097,210.6236998,210.625393
3342,1.671,1.670750001,1.671249999,-0.000001844,-0.000002019,patch_3345,646.855097,647.007332,210.6236998,210.624013
3343,1.6715,1.671249999,1.671749999,0.00000405,0.000004435,patch_3346,647.007332,647.159568,210.6236998,210.623012
3344,1.672,1.671749999,1.67225,0.000007453,0.000008161,patch_3347,647.159568,647.311804,210.6236998,210.622434
3345,1.6725,1.67225,1.672750001,0.000008813,0.00000965,patch_3348,647.311804,647.46404,210.6236998,210.622203
3346,1.673,1.672750001,1.673250001,0.000008571,0.000009386,patch_3349,647.46404,647.616276,210.6236998,210.622244
3347,1.6735,1.673250001,1.673749999,0.000007176,0.000007858,patch_3350,647.616276,647.768511,210.6236998,210.622481
3348,1.674,1.673749999,1.67425,0.000005068,0.00000555,patch_3351,647.768511,647.920747,210.6236998,210.622839
3349,1.6745,1.67425,1.67475,0.000002701,0.000002958,patch_3352,647.920747,648.072983,210.6236998,210.623241
3350,1.675,1.67475,1.675250001,0.000000523,0.000000573,patch_3353,648.072983,648.225219,210.6236998,210.623611
3351,1.6755,1.675250001,1.675750002,-0.000001067,-0.000001168,patch_3354,648.225219,648.377455,210.6236998,210.623881
3352,1.676,1.675750002,1.676249999,-0.000001991,-0.000002181,patch_3355,648.377455,648.52969,210.6236998,210.624038
3353,1.6765,1.676249999,1.67675,-0.000002362,-0.000002587,patch_3356,648.52969,648.681926,210.6236998,210.624101
3354,1.677,1.67675,1.67725,-0.000002303,-0.000002522,patch_3357,648.681926,648.834162,210.6236998,210.624091
3355,1.6775,1.67725,1.677750001,-0.000001932,-0.000002116,patch_3358,648.834162,648.986398,210.6236998,210.624028
3356,1.678,1.677750001,1.678250002,-0.000001373,-0.000001504,patch_3359,648.986398,649.138634,210.6236998,210.623933
3357,1.6785,1.678250002,1.678749999,-0.000000737,-0.000000807,patch_3360,649.138634,649.290869,210.6236998,210.623825
3358,1.679,1.678749999,1.67925,-0.000000148,-0.000000162,patch_3361,649.290869,649.443105,210.6236998,210.623725
3359,1.6795,1.67925,1.67975,0.000000281,0.000000308,patch_3362,649.443105,649.595341,210.6236998,210.623652
3360,1.68,1.67975,1.680250001,0.000000529,0.000000579,patch_3363,649.595341,649.747577,210.6236998,210.62361
3361,1.6805,1.680250001,1.680750002,0.000000629,0.000000689,patch_3364,649.747577,649.899813,210.6236998,210.623593
3362,1.681,1.680750002,1.681249999,0.000000617,0.000000676,patch_3365,649.899813,650.052048,210.6236998,210.623595
3363,1.6815,1.681249999,1.68175,0.000000517,0.000000566,patch_3366,650.052048,650.204284,210.6236998,210.623612
3364,1.682,1.68175,1.68225,0.00000037,0.000000405,patch_3367,650.204284,650.35652,210.6236998,210.623637
3365,1.6825,1.68225,1.682750001,0.000000199,0.000000218,patch_3368,650.35652,650.508756,210.6236998,210.623666
3366,1.683,1.682750001,1.683249998,0.00000004,0.000000044,patch_3369,650.508756,650.660991,210.6236998,210.623693
3367,1.6835,1.683249998,1.683749999,-0.000000078,-0.000000085,patch_3370,650.660991,650.813227,210.6236998,210.623713
3368,1.684,1.683749999,1.68425,-0.000000142,-0.000000156,patch_3371,650.813227,650.965463,210.6236998,210.623724
3369,1.6845,1.68425,1.68475,-0.000000172,-0.000000188,patch_3372,650.965463,651.117699,210.6236998,210.623729
3370,1.685,1.68475,1.685250001,-0.000000166,-0.000000182,patch_3373,651.117699,651.269935,210.6236998,210.623728
3371,1.6855,1.685250001,1.685749999,-0.000000142,-0.000000156,patch_3374,651.269935,651.42217,210.6236998,210.623724
3372,1.686,1.685749999,1.686249999,-0.000000101,-0.000000111,patch_3375,651.42217,651.574406,210.6236998,210.623717
3373,1.6865,1.686249999,1.68675,-0.000000054,-0.000000059,patch_3376,651.574406,651.726642,210.6236998,210.623709
3374,1.687,1.68675,1.687250001,-0.000000013,-0.000000014,patch_3377,651.726642,651.878878,210.6236998,210.623702
3375,1.6875,1.687250001,1.687750001,0.000000016,0.000000018,patch_3378,651.878878,652.031114,210.6236998,210.623697
3376,1.688,1.687750001,1.688249999,0.000000034,0.000000037,patch_3379,652.031114,652.183349,210.6236998,210.623694
3377,1.6885,1.688249999,1.688749999,0.000000046,0.00000005,patch_3380,652.183349,652.335585,210.6236998,210.623692
3378,1.689,1.688749999,1.68925,0.00000004,0.000000044,patch_3381,652.335585,652.487821,210.6236998,210.623693
3379,1.6895,1.68925,1.689750001,0.000000034,0.000000037,patch_3382,652.487821,652.640057,210.6236998,210.623694
3380,1.69,1.689750001,1.690250001,0.000000022,0.000000025,patch_3383,652.640057,652.792293,210.6236998,210.623696
3381,1.6905,1.690250001,1.690749999,0.000000011,0.000000012,patch_3384,652.792293,652.944528,210.6236998,210.623698
3382,1.691,1.690749999,1.691249999,-0.000000001,-0.000000001,patch_3385,652.944528,653.096764,210.6236998,210.6237
3383,1.6915,1.691249999,1.69175,-0.000000007,-0.000000008,patch_3386,653.096764,653.249,210.6236998,210.623701
3384,1.692,1.69175,1.692250001,-0.000000013,-0.000000014,patch_3387,653.249,653.401236,210.6236998,210.623702
3385,1.6925,1.692250001,1.692750001,-0.000000013,-0.000000014,patch_3388,653.401236,653.553472,210.6236998,210.623702
3386,1.693,1.692750001,1.693249999,-0.000000013,-0.000000014,patch_3389,653.553472,653.705707,210.6236998,210.623702
3387,1.6935,1.693249999,1.693749999,-0.000000013,-0.000000014,patch_3390,653.705707,653.857943,210.6236998,210.623702
3388,1.694,1.693749999,1.69425,-0.000000007,-0.000000008,patch_3391,653.857943,654.010179,210.6236998,210.623701
3389,1.6945,1.69425,1.694750001,-0.000000007,-0.000000008,patch_3392,654.010179,654.162415,210.6236998,210.623701
3390,1.695,1.694750001,1.695250001,-0.000000001,-0.000000001,patch_3393,654.162415,654.314651,210.6236998,210.6237
3391,1.6955,1.695250001,1.695749999,-0.000000001,-0.000000001,patch_3394,654.314651,654.466886,210.6236998,210.6237
3392,1.696,1.695749999,1.69625,-0.000000001,-0.000000001,patch_3395,654.466886,654.619122,210.6236998,210.6237
3393,1.6965,1.69625,1.69675,-0.000000001,-0.000000001,patch_3396,654.619122,654.771358,210.6236998,210.6237
3394,1.697,1.69675,1.697250001,-0.000000001,-0.000000001,patch_3397,654.771358,654.923594,210.6236998,210.6237
3395,1.6975,1.697250001,1.697750002,-0.000000001,-0.000000001,patch_3398,654.923594,655.07583,210.6236998,210.6237
3396,1.698,1.697750002,1.698249999,-0.000000001,-0.000000001,patch_3399,655.07583,655.228065,210.6236998,210.6237
3397,1.6985,1.698249999,1.69875,-0.000000001,-0.000000001,patch_3400,655.228065,655.380301,210.6236998,210.6237
3398,1.699,1.69875,1.69925,-0.000000001,-0.000000001,patch_3401,655.380301,655.532537,210.6236998,210.6237
3399,1.6995,1.69925,1.699750001,-0.000000001,-0.000000001,patch_3402,655.532537,655.684773,210.6236998,210.6237
3400,1.7,1.699750001,1.700250002,-0.000000001,-0.000000001,patch_3403,655.684773,655.837009,210.6236998,210.6237
3401,1.7005,1.700250002,1.700749999,-0.000000001,-0.000000001,patch_3404,655.837009,655.989244,210.6236998,210.6237
3402,1.701,1.700749999,1.70125,-0.000000001,-0.000000001,patch_3405,655.989244,656.14148,210.6236998,210.6237
3403,1.7015,1.70125,1.70175,-0.000000001,-0.000000001,patch_3406,656.14148,656.293716,210.6236998,210.6237
3404,1.702,1.70175,1.702250001,-0.000000001,-0.000000001,patch_3407,656.293716,656.445952,210.6236998,210.6237
3405,1.7025,1.702250001,1.702750002,-0.000000001,-0.000000001,patch_3408,656.445952,656.598188,210.6236998,210.6237
3406,1.703,1.702750002,1.703249999,-0.000000001,-0.000000001,patch_3409,656.598188,656.750423,210.6236998,210.6237
3407,1.7035,1.703249999,1.70375,-0.000000001,-0.000000001,patch_3410,656.750423,656.902659,210.6236998,210.6237
3408,1.704,1.70375,1.70425,-0.000000001,-0.000000001,patch_3411,656.902659,657.054895,210.6236998,210.6237
3409,1.7045,1.70425,1.704750001,-0.000000001,-0.000000001,patch_3412,657.054895,657.207131,210.6236998,210.6237
3410,1.705,1.704750001,1.705249998,-0.000000001,-0.000000001,patch_3413,657.207131,657.359366,210.6236998,210.6237
3411,1.7055,1.705249998,1.705749999,-0.000000001,-0.000000001,patch_3414,657.359366,657.511602,210.6236998,210.6237
3412,1.706,1.705749999,1.70625,-0.000000001,-0.000000001,patch_3415,657.511602,657.663838,210.6236998,210.6237
3413,1.7065,1.70625,1.70675,-0.000000001,-0.000000001,patch_3416,657.663838,657.816074,210.6236998,210.6237
3414,1.707,1.70675,1.707250001,-0.000000001,-0.000000001,patch_3417,657.816074,657.96831,210.6236998,210.6237
3415,1.7075,1.707250001,1.707749999,-0.000000001,-0.000000001,patch_3418,657.96831,658.120545,210.6236998,210.6237
3416,1.708,1.707749999,1.708249999,-0.000000001,-0.000000001,patch_3419,658.120545,658.272781,210.6236998,210.6237
3417,1.7085,1.708249999,1.70875,-0.000000001,-0.000000001,patch_3420,658.272781,658.425017,210.6236998,210.6237
3418,1.709,1.70875,1.709250001,-0.000000001,-0.000000001,patch_3421,658.425017,658.577253,210.6236998,210.6237
3419,1.7095,1.709250001,1.709750001,-0.000000001,-0.000000001,patch_3422,658.577253,658.729489,210.6236998,210.6237
3420,1.71,1.709750001,1.710249999,-0.000000001,-0.000000001,patch_3423,658.729489,658.881724,210.6236998,210.6237
3421,1.7105,1.710249999,1.710749999,-0.000000001,-0.000000001,patch_3424,658.881724,659.03396,210.6236998,210.6237
3422,1.711,1.710749999,1.71125,-0.000000001,-0.000000001,patch_3425,659.03396,659.186196,210.6236998,210.6237
3423,1.7115,1.71125,1.711750001,-0.000000001,-0.000000001,patch_3426,659.186196,659.338432,210.6236998,210.6237
3424,1.712,1.711750001,1.712250001,-0.000000001,-0.000000001,patch_3427,659.338432,659.490668,210.6236998,210.6237
3425,1.7125,1.712250001,1.712749999,-0.000000001,-0.000000001,patch_3428,659.490668,659.642903,210.6236998,210.6237
3426,1.713,1.712749999,1.713249999,-0.000000001,-0.000000001,patch_3429,659.642903,659.795139,210.6236998,210.6237
3427,1.7135,1.713249999,1.71375,-0.000000001,-0.000000001,patch_3430,659.795139,659.947375,210.6236998,210.6237
3428,1.714,1.71375,1.714250001,-0.000000001,-0.000000001,patch_3431,659.947375,660.099611,210.6236998,210.6237
3429,1.7145,1.714250001,1.714750001,-0.000000001,-0.000000001,patch_3432,660.099611,660.251847,210.6236998,210.6237
3430,1.715,1.714750001,1.715249999,-0.000000001,-0.000000001,patch_3433,660.251847,660.404082,210.6236998,210.6237
3431,1.7155,1.715249999,1.715749999,-0.000000001,-0.000000001,patch_3434,660.404082,660.556318,210.6236998,210.6237
3432,1.716,1.715749999,1.71625,-0.000000001,-0.000000001,patch_3435,660.556318,660.708554,210.6236998,210.6237
3433,1.7165,1.71625,1.716750001,-0.000000001,-0.000000001,patch_3436,660.708554,660.86079,210.6236998,210.6237
3434,1.717,1.716750001,1.717250001,-0.000000001,-0.000000001,patch_3437,660.86079,661.013026,210.6236998,210.6237
3435,1.7175,1.717250001,1.717749999,-0.000000001,-0.000000001,patch_3438,661.013026,661.165261,210.6236998,210.6237
3436,1.718,1.717749999,1.71825,-0.000000001,-0.000000001,patch_3439,661.165261,661.317497,210.6236998,210.6237
3437,1.7185,1.71825,1.71875,-0.000000001,-0.000000001,patch_3440,661.317497,661.469733,210.6236998,210.6237
3438,1.719,1.71875,1.719250001,-0.000000001,-0.000000001,patch_3441,661.469733,661.621969,210.6236998,210.6237
3439,1.7195,1.719250001,1.719750002,-0.000000001,-0.000000001,patch_3442,661.621969,661.774205,210.6236998,210.6237
3440,1.72,1.719750002,1.720249999,-0.000000001,-0.000000001,patch_3443,661.774205,661.92644,210.6236998,210.6237
3441,1.7205,1.720249999,1.72075,-0.000000001,-0.000000001,patch_3444,661.92644,662.078676,210.6236998,210.6237
3442,1.721,1.72075,1.72125,-0.000000001,-0.000000001,patch_3445,662.078676,662.230912,210.6236998,210.6237
3443,1.7215,1.72125,1.721750001,-0.000000001,-0.000000001,patch_3446,662.230912,662.383148,210.6236998,210.6237
3444,1.722,1.721750001,1.722250002,-0.000000001,-0.000000001,patch_3447,662.383148,662.535384,210.6236998,210.6237
3445,1.7225,1.722250002,1.722749999,-0.000000001,-0.000000001,patch_3448,662.535384,662.687619,210.6236998,210.6237
3446,1.723,1.722749999,1.72325,-0.000000001,-0.000000001,patch_3449,662.687619,662.839855,210.6236998,210.6237
3447,1.7235,1.72325,1.72375,-0.000000001,-0.000000001,patch_3450,662.839855,662.992091,210.6236998,210.6237
3448,1.724,1.72375,1.724250001,-0.000000001,-0.000000001,patch_3451,662.992091,663.144327,210.6236998,210.6237
3449,1.7245,1.724250001,1.724750002,-0.000000001,-0.000000001,patch_3452,663.144327,663.296563,210.6236998,210.6237
3450,1.725,1.724750002,1.725249999,-0.000000001,-0.000000001,patch_3453,663.296563,663.448798,210.6236998,210.6237
3451,1.7255,1.725249999,1.72575,-0.000000001,-0.000000001,patch_3454,663.448798,663.601034,210.6236998,210.6237
3452,1.726,1.72575,1.72625,-0.000000001,-0.000000001,patch_3455,663.601034,663.75327,210.6236998,210.6237
3453,1.7265,1.72625,1.726750001,-0.000000001,-0.000000001,patch_3456,663.75327,663.905506,210.6236998,210.6237
3454,1.727,1.726750001,1.727249998,-0.000000001,-0.000000001,patch_3457,663.905506,664.057741,210.6236998,210.6237
3455,1.7275,1.727249998,1.727749999,-0.000000001,-0.000000001,patch_3458,664.057741,664.209977,210.6236998,210.6237
3456,1.728,1.727749999,1.72825,-0.000000001,-0.000000001,patch_3459,664.209977,664.362213,210.6236998,210.6237
3457,1.7285,1.72825,1.72875,-0.000000001,-0.000000001,patch_3460,664.362213,664.514449,210.6236998,210.6237
3458,1.729,1.72875,1.729250001,-0.000000001,-0.000000001,patch_3461,664.514449,664.666685,210.6236998,210.6237
3459,1.7295,1.729250001,1.729749999,-0.000000001,-0.000000001,patch_3462,664.666685,664.81892,210.6236998,210.6237
3460,1.73,1.729749999,1.730249999,-0.000000001,-0.000000001,patch_3463,664.81892,664.971156,210.6236998,210.6237
3461,1.7305,1.730249999,1.73075,-0.000000001,-0.000000001,patch_3464,664.971156,665.123392,210.6236998,210.6237
3462,1.731,1.73075,1.731250001,-0.000000001,-0.000000001,patch_3465,665.123392,665.275628,210.6236998,210.6237
3463,1.7315,1.731250001,1.731750001,-0.000000001,-0.000000001,patch_3466,665.275628,665.427864,210.6236998,210.6237
3464,1.732,1.731750001,1.732249999,-0.000000001,-0.000000001,patch_3467,665.427864,665.580099,210.6236998,210.6237
3465,1.7325,1.732249999,1.732749999,-0.000000001,-0.000000001,patch_3468,665.580099,665.732335,210.6236998,210.6237
3466,1.733,1.732749999,1.73325,-0.000000001,-0.000000001,patch_3469,665.732335,665.884571,210.6236998,210.6237
3467,1.7335,1.73325,1.733750001,-0.000000001,-0.000000001,patch_3470,665.884571,666.036807,210.6236998,210.6237
3468,1.734,1.733750001,1.734250001,-0.000000001,-0.000000001,patch_3471,666.036807,666.189043,210.6236998,210.6237
3469,1.7345,1.734250001,1.734749999,-0.000000001,-0.000000001,patch_3472,666.189043,666.341278,210.6236998,210.6237
3470,1.735,1.734749999,1.735249999,-0.000000001,-0.000000001,patch_3473,666.341278,666.493514,210.6236998,210.6237
3471,1.7355,1.735249999,1.73575,-0.000000001,-0.000000001,patch_3474,666.493514,666.64575,210.6236998,210.6237
3472,1.736,1.73575,1.736250001,-0.000000001,-0.000000001,patch_3475,666.64575,666.797986,210.6236998,210.6237
3473,1.7365,1.736250001,1.736750001,-0.000000001,-0.000000001,patch_3476,666.797986,666.950222,210.6236998,210.6237
3474,1.737,1.736750001,1.737249999,-0.000000001,-0.000000001,patch_3477,666.950222,667.102457,210.6236998,210.6237
3475,1.7375,1.737249999,1.737749999,-0.000000001,-0.000000001,patch_3478,667.102457,667.254693,210.6236998,210.6237
3476,1.738,1.737749999,1.73825,-0.000000001,-0.000000001,patch_3479,667.254693,667.406929,210.6236998,210.6237
3477,1.7385,1.73825,1.738750001,-0.000000001,-0.000000001,patch_3480,667.406929,667.559165,210.6236998,210.6237
3478,1.739,1.738750001,1.739250001,-0.000000001,-0.000000001,patch_3481,667.559165,667.711401,210.6236998,210.6237
3479,1.7395,1.739250001,1.739749999,-0.000000001,-0.000000001,patch_3482,667.711401,667.863636,210.6236998,210.6237
3480,1.74,1.739749999,1.74025,-0.000000001,-0.000000001,patch_3483,667.863636,668.015872,210.6236998,210.6237
3481,1.7405,1.74025,1.74075,-0.000000001,-0.000000001,patch_3484,668.015872,668.168108,210.6236998,210.6237
3482,1.741,1.74075,1.741250001,-0.000000001,-0.000000001,patch_3485,668.168108,668.320344,210.6236998,210.6237
3483,1.7415,1.741250001,1.741750002,-0.000000001,-0.000000001,patch_3486,668.320344,668.47258,210.6236998,210.6237
3484,1.742,1.741750002,1.742249999,-0.000000001,-0.000000001,patch_3487,668.47258,668.624815,210.6236998,210.6237
3485,1.7425,1.742249999,1.74275,-0.000000001,-0.000000001,patch_3488,668.624815,668.777051,210.6236998,210.6237
3486,1.743,1.74275,1.74325,-0.000000001,-0.000000001,patch_3489,668.777051,668.929287,210.6236998,210.6237
3487,1.7435,1.74325,1.743750001,-0.000000001,-0.000000001,patch_3490,668.929287,669.081523,210.6236998,210.6237
3488,1.744,1.743750001,1.744250002,-0.000000001,-0.000000001,patch_3491,669.081523,669.233759,210.6236998,210.6237
3489,1.7445,1.744250002,1.744749999,-0.000000001,-0.000000001,patch_3492,669.233759,669.385994,210.6236998,210.6237
3490,1.745,1.744749999,1.74525,-0.000000001,-0.000000001,patch_3493,669.385994,669.53823,210.6236998,210.6237
3491,1.7455,1.74525,1.74575,-0.000000001,-0.000000001,patch_3494,669.53823,669.690466,210.6236998,210.6237
3492,1.746,1.74575,1.746250001,-0.000000001,-0.000000001,patch_3495,669.690466,669.842702,210.6236998,210.6237
3493,1.7465,1.746250001,1.746750002,-0.000000001,-0.000000001,patch_3496,669.842702,669.994938,210.6236998,210.6237
3494,1.747,1.746750002,1.747249999,-0.000000001,-0.000000001,patch_3497,669.994938,670.147173,210.6236998,210.6237
3495,1.7475,1.747249999,1.74775,-0.000000001,-0.000000001,patch_3498,670.147173,670.299409,210.6236998,210.6237
3496,1.748,1.74775,1.74825,-0.000000001,-0.000000001,patch_3499,670.299409,670.451645,210.6236998,210.6237
3497,1.7485,1.74825,1.748750001,-0.000000001,-0.000000001,patch_3500,670.451645,670.603881,210.6236998,210.6237
3498,1.749,1.748750001,1.749249998,-0.000000001,-0.000000001,patch_3501,670.603881,670.756116,210.6236998,210.6237
3499,1.7495,1.749249998,1.749749999,-0.000000001,-0.000000001,patch_3502,670.756116,670.908352,210.6236998,210.6237
3500,1.75,1.749749999,1.75025,-0.000000001,-0.000000001,patch_3503,670.908352,671.060588,210.6236998,210.6237
3501,1.7505,1.75025,1.75075,-0.000000001,-0.000000001,patch_3504,671.060588,671.212824,210.6236998,210.6237
3502,1.751,1.75075,1.751250001,-0.000000001,-0.000000001,patch_3505,671.212824,671.36506,210.6236998,210.6237
3503,1.7515,1.751250001,1.751749999,-0.000000001,-0.000000001,patch_3506,671.36506,671.517295,210.6236998,210.6237
3504,1.752,1.751749999,1.752249999,-0.000000001,-0.000000001,patch_3507,671.517295,671.669531,210.6236998,210.6237
3505,1.7525,1.752249999,1.75275,-0.000000001,-0.000000001,patch_3508,671.669531,671.821767,210.6236998,210.6237
3506,1.753,1.75275,1.753250001,-0.000000001,-0.000000001,patch_3509,671.821767,671.974003,210.6236998,210.6237
3507,1.7535,1.753250001,1.753750001,-0.000000001,-0.000000001,patch_3510,671.974003,672.126239,210.6236998,210.6237
3508,1.754,1.753750001,1.754249999,-0.000000001,-0.000000001,patch_3511,672.126239,672.278474,210.6236998,210.6237
3509,1.7545,1.754249999,1.754749999,-0.000000001,-0.000000001,patch_3512,672.278474,672.43071,210.6236998,210.6237
3510,1.755,1.754749999,1.75525,-0.000000001,-0.000000001,patch_3513,672.43071,672.582946,210.6236998,210.6237
3511,1.7555,1.75525,1.755750001,-0.000000001,-0.000000001,patch_3514,672.582946,672.735182,210.6236998,210.6237
3512,1.756,1.755750001,1.756250001,-0.000000001,-0.000000001,patch_3515,672.735182,672.887418,210.6236998,210.6237
3513,1.7565,1.756250001,1.756749999,-0.000000001,-0.000000001,patch_3516,672.887418,673.039653,210.6236998,210.6237
3514,1.757,1.756749999,1.757249999,-0.000000001,-0.000000001,patch_3517,673.039653,673.191889,210.6236998,210.6237
3515,1.7575,1.757249999,1.75775,-0.000000001,-0.000000001,patch_3518,673.191889,673.344125,210.6236998,210.6237
3516,1.758,1.75775,1.758250001,-0.000000001,-0.000000001,patch_3519,673.344125,673.496361,210.6236998,210.6237
3517,1.7585,1.758250001,1.758750001,-0.000000001,-0.000000001,patch_3520,673.496361,673.648597,210.6236998,210.6237
3518,1.759,1.758750001,1.759249999,-0.000000001,-0.000000001,patch_3521,673.648597,673.800832,210.6236998,210.6237
3519,1.7595,1.759249999,1.759749999,-0.000000001,-0.000000001,patch_3522,673.800832,673.953068,210.6236998,210.6237
3520,1.76,1.759749999,1.76025,-0.000000001,-0.000000001,patch_3523,673.953068,674.105304,210.6236998,210.6237
3521,1.7605,1.76025,1.760750001,-0.000000001,-0.000000001,patch_3524,674.105304,674.25754,210.6236998,210.6237
3522,1.761,1.760750001,1.761250001,-0.000000001,-0.000000001,patch_3525,674.25754,674.409776,210.6236998,210.6237
3523,1.7615,1.761250001,1.761749999,-0.000000001,-0.000000001,patch_3526,674.409776,674.562011,210.6236998,210.6237
3524,1.762,1.761749999,1.76225,-0.000000001,-0.000000001,patch_3527,674.562011,674.714247,210.6236998,210.6237
3525,1.7625,1.76225,1.76275,-0.000000001,-0.000000001,patch_3528,674.714247,674.866483,210.6236998,210.6237
3526,1.763,1.76275,1.763250001,-0.000000001,-0.000000001,patch_3529,674.866483,675.018719,210.6236998,210.6237
3527,1.7635,1.763250001,1.763750002,-0.000000001,-0.000000001,patch_3530,675.018719,675.170955,210.6236998,210.6237
3528,1.764,1.763750002,1.764249999,-0.000000001,-0.000000001,patch_3531,675.170955,675.32319,210.6236998,210.6237
3529,1.7645,1.764249999,1.76475,-0.000000001,-0.000000001,patch_3532,675.32319,675.475426,210.6236998,210.6237
3530,1.765,1.76475,1.76525,-0.000000001,-0.000000001,patch_3533,675.475426,675.627662,210.6236998,210.6237
3531,1.7655,1.76525,1.765750001,-0.000000001,-0.000000001,patch_3534,675.627662,675.779898,210.6236998,210.6237
3532,1.766,1.765750001,1.766250002,-0.000000001,-0.000000001,patch_3535,675.779898,675.932134,210.6236998,210.6237
3533,1.7665,1.766250002,1.766749999,-0.000000001,-0.000000001,patch_3536,675.932134,676.084369,210.6236998,210.6237
3534,1.767,1.766749999,1.76725,-0.000000001,-0.000000001,patch_3537,676.084369,676.236605,210.6236998,210.6237
3535,1.7675,1.76725,1.76775,-0.000000001,-0.000000001,patch_3538,676.236605,676.388841,210.6236998,210.6237
3536,1.768,1.76775,1.768250001,-0.000000001,-0.000000001,patch_3539,676.388841,676.541077,210.6236998,210.6237
3537,1.7685,1.768250001,1.768750002,-0.000000001,-0.000000001,patch_3540,676.541077,676.693313,210.6236998,210.6237
3538,1.769,1.768750002,1.769249999,-0.000000001,-0.000000001,patch_3541,676.693313,676.845548,210.6236998,210.6237
3539,1.7695,1.769249999,1.76975,-0.000000001,-0.000000001,patch_3542,676.845548,676.997784,210.6236998,210.6237
3540,1.77,1.76975,1.77025,-0.000000001,-0.000000001,patch_3543,676.997784,677.15002,210.6236998,210.6237
3541,1.7705,1.77025,1.770750001,-0.000000001,-0.000000001,patch_3544,677.15002,677.302256,210.6236998,210.6237
3542,1.771,1.770750001,1.771249998,-0.000000001,-0.000000001,patch_3545,677.302256,677.454491,210.6236998,210.6237
3543,1.7715,1.771249998,1.771749999,-0.000000001,-0.000000001,patch_3546,677.454491,677.606727,210.6236998,210.6237
3544,1.772,1.771749999,1.77225,-0.000000001,-0.000000001,patch_3547,677.606727,677.758963,210.6236998,210.6237
3545,1.7725,1.77225,1.77275,-0.000000001,-0.000000001,patch_3548,677.758963,677.911199,210.6236998,210.6237
3546,1.773,1.77275,1.773250001,-0.000000001,-0.000000001,patch_3549,677.911199,678.063435,210.6236998,210.6237
3547,1.7735,1.773250001,1.773749999,-0.000000001,-0.000000001,patch_3550,678.063435,678.21567,210.6236998,210.6237
3548,1.774,1.773749999,1.774249999,-0.000000001,-0.000000001,patch_3551,678.21567,678.367906,210.6236998,210.6237
3549,1.7745,1.774249999,1.77475,-0.000000001,-0.000000001,patch_3552,678.367906,678.520142,210.6236998,210.6237
3550,1.775,1.77475,1.775250001,-0.000000001,-0.000000001,patch_3553,678.520142,678.672378,210.6236998,210.6237
3551,1.7755,1.775250001,1.775750001,-0.000000001,-0.000000001,patch_3554,678.672378,678.824614,210.6236998,210.6237
3552,1.776,1.775750001,1.776249999,-0.000000001,-0.000000001,patch_3555,678.824614,678.976849,210.6236998,210.6237
3553,1.7765,1.776249999,1.776749999,-0.000000001,-0.000000001,patch_3556,678.976849,679.129085,210.6236998,210.6237
3554,1.777,1.776749999,1.77725,-0.000000001,-0.000000001,patch_3557,679.129085,679.281321,210.6236998,210.6237
3555,1.7775,1.77725,1.777750001,-0.000000001,-0.000000001,patch_3558,679.281321,679.433557,210.6236998,210.6237
3556,1.778,1.777750001,1.778250001,-0.000000001,-0.000000001,patch_3559,679.433557,679.585793,210.6236998,210.6237
3557,1.7785,1.778250001,1.778749999,-0.000000001,-0.000000001,patch_3560,679.585793,679.738028,210.6236998,210.6237
3558,1.779,1.778749999,1.779249999,-0.000000001,-0.000000001,patch_3561,679.738028,679.890264,210.6236998,210.6237
3559,1.7795,1.779249999,1.77975,-0.000000001,-0.000000001,patch_3562,679.890264,680.0425,210.6236998,210.6237
3560,1.78,1.77975,1.780250001,-0.000000001,-0.000000001,patch_3563,680.0425,680.194736,210.6236998,210.6237
3561,1.7805,1.780250001,1.780750001,-0.000000001,-0.000000001,patch_3564,680.194736,680.346972,210.6236998,210.6237
3562,1.781,1.780750001,1.781249999,-0.000000001,-0.000000001,patch_3565,680.346972,680.499207,210.6236998,210.6237
3563,1.7815,1.781249999,1.781749999,-0.000000001,-0.000000001,patch_3566,680.499207,680.651443,210.6236998,210.6237
3564,1.782,1.781749999,1.78225,-0.000000001,-0.000000001,patch_3567,680.651443,680.803679,210.6236998,210.6237
3565,1.7825,1.78225,1.782750001,-0.000000001,-0.000000001,patch_3568,680.803679,680.955915,210.6236998,210.6237
3566,1.783,1.782750001,1.783250001,-0.000000001,-0.000000001,patch_3569,680.955915,681.108151,210.6236998,210.6237
3567,1.7835,1.783250001,1.783749999,-0.000000001,-0.000000001,patch_3570,681.108151,681.260386,210.6236998,210.6237
3568,1.784,1.783749999,1.78425,-0.000000001,-0.000000001,patch_3571,681.260386,681.412622,210.6236998,210.6237
3569,1.7845,1.78425,1.78475,-0.000000001,-0.000000001,patch_3572,681.412622,681.564858,210.6236998,210.6237
3570,1.785,1.78475,1.785250001,-0.000000001,-0.000000001,patch_3573,681.564858,681.717094,210.6236998,210.6237
3571,1.7855,1.785250001,1.785750002,-0.000000001,-0.000000001,patch_3574,681.717094,681.86933,210.6236998,210.6237
3572,1.786,1.785750002,1.786249999,-0.000000001,-0.000000001,patch_3575,681.86933,682.021565,210.6236998,210.6237
3573,1.7865,1.786249999,1.78675,-0.000000001,-0.000000001,patch_3576,682.021565,682.173801,210.6236998,210.6237
3574,1.787,1.78675,1.78725,-0.000000001,-0.000000001,patch_3577,682.173801,682.326037,210.6236998,210.6237
3575,1.7875,1.78725,1.787750001,-0.000000001,-0.000000001,patch_3578,682.326037,682.478273,210.6236998,210.6237
3576,1.788,1.787750001,1.788250002,-0.000000001,-0.000000001,patch_3579,682.478273,682.630509,210.6236998,210.6237
3577,1.7885,1.788250002,1.788749999,-0.000000001,-0.000000001,patch_3580,682.630509,682.782744,210.6236998,210.6237
3578,1.789,1.788749999,1.78925,-0.000000001,-0.000000001,patch_3581,682.782744,682.93498,210.6236998,210.6237
3579,1.7895,1.78925,1.78975,-0.000000001,-0.000000001,patch_3582,682.93498,683.087216,210.6236998,210.6237
3580,1.79,1.78975,1.790250001,-0.000000001,-0.000000001,patch_3583,683.087216,683.239452,210.6236998,210.6237
3581,1.7905,1.790250001,1.790750002,-0.000000001,-0.000000001,patch_3584,683.239452,683.391688,210.6236998,210.6237
3582,1.791,1.790750002,1.791249999,-0.000000001,-0.000000001,patch_3585,683.391688,683.543923,210.6236998,210.6237
3583,1.7915,1.791249999,1.79175,-0.000000001,-0.000000001,patch_3586,683.543923,683.696159,210.6236998,210.6237
3584,1.792,1.79175,1.79225,-0.000000001,-0.000000001,patch_3587,683.696159,683.848395,210.6236998,210.6237
3585,1.7925,1.79225,1.792750001,-0.000000001,-0.000000001,patch_3588,683.848395,684.000631,210.6236998,210.6237
3586,1.793,1.792750001,1.793249998,-0.000000001,-0.000000001,patch_3589,684.000631,684.152866,210.6236998,210.6237
3587,1.7935,1.793249998,1.793749999,-0.000000001,-0.000000001,patch_3590,684.152866,684.305102,210.6236998,210.6237
3588,1.794,1.793749999,1.79425,-0.000000001,-0.000000001,patch_3591,684.305102,684.457338,210.6236998,210.6237
3589,1.7945,1.79425,1.79475,-0.000000001,-0.000000001,patch_3592,684.457338,684.609574,210.6236998,210.6237
3590,1.795,1.79475,1.795250001,-0.000000001,-0.000000001,patch_3593,684.609574,684.76181,210.6236998,210.6237
3591,1.7955,1.795250001,1.795749999,-0.000000001,-0.000000001,patch_3594,684.76181,684.914045,210.6236998,210.6237
3592,1.796,1.795749999,1.796249999,-0.000000001,-0.000000001,patch_3595,684.914045,685.066281,210.6236998,210.6237
3593,1.7965,1.796249999,1.79675,-0.000000001,-0.000000001,patch_3596,685.066281,685.218517,210.6236998,210.6237
3594,1.797,1.79675,1.797250001,-0.000000001,-0.000000001,patch_3597,685.218517,685.370753,210.6236998,210.6237
3595,1.7975,1.797250001,1.797750001,-0.000000001,-0.000000001,patch_3598,685.370753,685.522989,210.6236998,210.6237
3596,1.798,1.797750001,1.798249999,-0.000000001,-0.000000001,patch_3599,685.522989,685.675224,210.6236998,210.6237
3597,1.7985,1.798249999,1.798749999,-0.000000001,-0.000000001,patch_3600,685.675224,685.82746,210.6236998,210.6237
3598,1.799,1.798749999,1.79925,-0.000000001,-0.000000001,patch_3601,685.82746,685.979696,210.6236998,210.6237
3599,1.7995,1.79925,1.799750001,-0.000000001,-0.000000001,patch_3602,685.979696,686.131932,210.6236998,210.6237
3600,1.8,1.799750001,1.800250001,-0.000000001,-0.000000001,patch_3603,686.131932,686.284168,210.6236998,210.6237
3601,1.8005,1.800250001,1.800749999,-0.000000001,-0.000000001,patch_3604,686.284168,686.436403,210.6236998,210.6237
3602,1.801,1.800749999,1.801249999,-0.000000001,-0.000000001,patch_3605,686.436403,686.588639,210.6236998,210.6237
3603,1.8015,1.801249999,1.80175,-0.000000001,-0.000000001,patch_3606,686.588639,686.740875,210.6236998,210.6237
3604,1.802,1.80175,1.802250001,-0.000000001,-0.000000001,patch_3607,686.740875,686.893111,210.6236998,210.6237
3605,1.8025,1.802250001,1.802750001,-0.000000001,-0.000000001,patch_3608,686.893111,687.045347,210.6236998,210.6237
3606,1.803,1.802750001,1.803249999,-0.000000001,-0.000000001,patch_3609,687.045347,687.197582,210.6236998,210.6237
3607,1.8035,1.803249999,1.803749999,-0.000000001,-0.000000001,patch_3610,687.197582,687.349818,210.6236998,210.6237
3608,1.804,1.803749999,1.80425,-0.000000001,-0.000000001,patch_3611,687.349818,687.502054,210.6236998,210.6237
3609,1.8045,1.80425,1.804750001,-0.000000001,-0.000000001,patch_3612,687.502054,687.65429,210.6236998,210.6237
3610,1.805,1.804750001,1.805250001,-0.000000001,-0.000000001,patch_3613,687.65429,687.806526,210.6236998,210.6237
3611,1.8055,1.805250001,1.805749999,-0.000000001,-0.000000001,patch_3614,687.806526,687.958761,210.6236998,210.6237
3612,1.806,1.805749999,1.80625,-0.000000001,-0.000000001,patch_3615,687.958761,688.110997,210.6236998,210.6237
3613,1.8065,1.80625,1.80675,-0.000000001,-0.000000001,patch_3616,688.110997,688.263233,210.6236998,210.6237
3614,1.807,1.80675,1.807250001,-0.000000001,-0.000000001,patch_3617,688.263233,688.415469,210.6236998,210.6237
3615,1.8075,1.807250001,1.807750002,-0.000000001,-0.000000001,patch_3618,688.415469,688.567705,210.6236998,210.6237
3616,1.808,1.807750002,1.808249999,-0.000000001,-0.000000001,patch_3619,688.567705,688.71994,210.6236998,210.6237
3617,1.8085,1.808249999,1.80875,-0.000000001,-0.000000001,patch_3620,688.71994,688.872176,210.6236998,210.6237
3618,1.809,1.80875,1.80925,-0.000000001,-0.000000001,patch_3621,688.872176,689.024412,210.6236998,210.6237
3619,1.8095,1.80925,1.809750001,-0.000000001,-0.000000001,patch_3622,689.024412,689.176648,210.6236998,210.6237
3620,1.81,1.809750001,1.810250002,-0.000000001,-0.000000001,patch_3623,689.176648,689.328884,210.6236998,210.6237
3621,1.8105,1.810250002,1.810749999,-0.000000001,-0.000000001,patch_3624,689.328884,689.481119,210.6236998,210.6237
3622,1.811,1.810749999,1.81125,-0.000000001,-0.000000001,patch_3625,689.481119,689.633355,210.6236998,210.6237
3623,1.8115,1.81125,1.81175,-0.000000001,-0.000000001,patch_3626,689.633355,689.785591,210.6236998,210.6237
3624,1.812,1.81175,1.812250001,-0.000000001,-0.000000001,patch_3627,689.785591,689.937827,210.6236998,210.6237
3625,1.8125,1.812250001,1.812750002,-0.000000001,-0.000000001,patch_3628,689.937827,690.090063,210.6236998,210.6237
3626,1.813,1.812750002,1.813249999,-0.000000001,-0.000000001,patch_3629,690.090063,690.242298,210.6236998,210.6237
3627,1.8135,1.813249999,1.81375,-0.000000001,-0.000000001,patch_3630,690.242298,690.394534,210.6236998,210.6237
3628,1.814,1.81375,1.81425,-0.000000001,-0.000000001,patch_3631,690.394534,690.54677,210.6236998,210.6237
3629,1.8145,1.81425,1.814750001,-0.000000001,-0.000000001,patch_3632,690.54677,690.699006,210.6236998,210.6237
3630,1.815,1.814750001,1.815249998,-0.000000001,-0.000000001,patch_3633,690.699006,690.851241,210.6236998,210.6237
3631,1.8155,1.815249998,1.815749999,-0.000000001,-0.000000001,patch_3634,690.851241,691.003477,210.6236998,210.6237
3632,1.816,1.815749999,1.81625,-0.000000001,-0.000000001,patch_3635,691.003477,691.155713,210.6236998,210.6237
3633,1.8165,1.81625,1.81675,-0.000000001,-0.000000001,patch_3636,691.155713,691.307949,210.6236998,210.6237
3634,1.817,1.81675,1.817250001,-0.000000001,-0.000000001,patch_3637,691.307949,691.460185,210.6236998,210.6237
3635,1.8175,1.817250001,1.817749999,-0.000000001,-0.000000001,patch_3638,691.460185,691.61242,210.6236998,210.6237
3636,1.818,1.817749999,1.818249999,-0.000000001,-0.000000001,patch_3639,691.61242,691.764656,210.6236998,210.6237
3637,1.8185,1.818249999,1.81875,-0.000000001,-0.000000001,patch_3640,691.764656,691.916892,210.6236998,210.6237
3638,1.819,1.81875,1.819250001,-0.000000001,-0.000000001,patch_3641,691.916892,692.069128,210.6236998,210.6237
3639,1.8195,1.819250001,1.819750001,-0.000000001,-0.000000001,patch_3642,692.069128,692.221364,210.6236998,210.6237
3640,1.82,1.819750001,1.820249999,-0.000000001,-0.000000001,patch_3643,692.221364,692.373599,210.6236998,210.6237
3641,1.8205,1.820249999,1.820749999,-0.000000001,-0.000000001,patch_3644,692.373599,692.525835,210.6236998,210.6237
3642,1.821,1.820749999,1.82125,-0.000000001,-0.000000001,patch_3645,692.525835,692.678071,210.6236998,210.6237
3643,1.8215,1.82125,1.821750001,-0.000000001,-0.000000001,patch_3646,692.678071,692.830307,210.6236998,210.6237
3644,1.822,1.821750001,1.822250001,-0.000000001,-0.000000001,patch_3647,692.830307,692.982543,210.6236998,210.6237
3645,1.8225,1.822250001,1.822749999,-0.000000001,-0.000000001,patch_3648,692.982543,693.134778,210.6236998,210.6237
3646,1.823,1.822749999,1.823249999,-0.000000001,-0.000000001,patch_3649,693.134778,693.287014,210.6236998,210.6237
3647,1.8235,1.823249999,1.82375,-0.000000001,-0.000000001,patch_3650,693.287014,693.43925,210.6236998,210.6237
3648,1.824,1.82375,1.824250001,-0.000000001,-0.000000001,patch_3651,693.43925,693.591486,210.6236998,210.6237
3649,1.8245,1.824250001,1.824750001,-0.000000001,-0.000000001,patch_3652,693.591486,693.743722,210.6236998,210.6237
3650,1.825,1.824750001,1.825249999,-0.000000001,-0.000000001,patch_3653,693.743722,693.895957,210.6236998,210.6237
3651,1.8255,1.825249999,1.825749999,-0.000000001,-0.000000001,patch_3654,693.895957,694.048193,210.6236998,210.6237
3652,1.826,1.825749999,1.82625,-0.000000001,-0.000000001,patch_3655,694.048193,694.200429,210.6236998,210.6237
3653,1.8265,1.82625,1.826750001,-0.000000001,-0.000000001,patch_3656,694.200429,694.352665,210.6236998,210.6237
3654,1.827,1.826750001,1.827250001,-0.000000001,-0.000000001,patch_3657,694.352665,694.504901,210.6236998,210.6237
3655,1.8275,1.827250001,1.827749999,-0.000000001,-0.000000001,patch_3658,694.504901,694.657136,210.6236998,210.6237
3656,1.828,1.827749999,1.828249999,-0.000000001,-0.000000001,patch_3659,694.657136,694.809372,210.6236998,210.6237
3657,1.8285,1.828249999,1.82875,-0.000000001,-0.000000001,patch_3660,694.809372,694.961608,210.6236998,210.6237
3658,1.829,1.82875,1.829250001,-0.000000001,-0.000000001,patch_3661,694.961608,695.113844,210.6236998,210.6237
3659,1.8295,1.829250001,1.829750002,-0.000000001,-0.000000001,patch_3662,695.113844,695.26608,210.6236998,210.6237
3660,1.83,1.829750002,1.830249999,-0.000000001,-0.000000001,patch_3663,695.26608,695.418315,210.6236998,210.6237
3661,1.8305,1.830249999,1.83075,-0.000000001,-0.000000001,patch_3664,695.418315,695.570551,210.6236998,210.6237
3662,1.831,1.83075,1.83125,-0.000000001,-0.000000001,patch_3665,695.570551,695.722787,210.6236998,210.6237
3663,1.8315,1.83125,1.831750001,-0.000000001,-0.000000001,patch_3666,695.722787,695.875023,210.6236998,210.6237
3664,1.832,1.831750001,1.832250002,-0.000000001,-0.000000001,patch_3667,695.875023,696.027259,210.6236998,210.6237
3665,1.8325,1.832250002,1.832749999,-0.000000001,-0.000000001,patch_3668,696.027259,696.179494,210.6236998,210.6237
3666,1.833,1.832749999,1.83325,-0.000000001,-0.000000001,patch_3669,696.179494,696.33173,210.6236998,210.6237
3667,1.8335,1.83325,1.83375,-0.000000001,-0.000000001,patch_3670,696.33173,696.483966,210.6236998,210.6237
3668,1.834,1.83375,1.834250001,-0.000000001,-0.000000001,patch_3671,696.483966,696.636202,210.6236998,210.6237
3669,1.8345,1.834250001,1.834750002,-0.000000001,-0.000000001,patch_3672,696.636202,696.788438,210.6236998,210.6237
3670,1.835,1.834750002,1.835249999,-0.000000001,-0.000000001,patch_3673,696.788438,696.940673,210.6236998,210.6237
3671,1.8355,1.835249999,1.83575,-0.000000001,-0.000000001,patch_3674,696.940673,697.092909,210.6236998,210.6237
3672,1.836,1.83575,1.83625,-0.000000001,-0.000000001,patch_3675,697.092909,697.245145,210.6236998,210.6237
3673,1.8365,1.83625,1.836750001,-0.000000001,-0.000000001,patch_3676,697.245145,697.397381,210.6236998,210.6237
3674,1.837,1.836750001,1.837249998,-0.000000001,-0.000000001,patch_3677,697.397381,697.549616,210.6236998,210.6237
3675,1.8375,1.837249998,1.837749999,-0.000000001,-0.000000001,patch_3678,697.549616,697.701852,210.6236998,210.6237
3676,1.838,1.837749999,1.83825,-0.000000001,-0.000000001,patch_3679,697.701852,697.854088,210.6236998,210.6237
3677,1.8385,1.83825,1.83875,-0.000000001,-0.000000001,patch_3680,697.854088,698.006324,210.6236998,210.6237
3678,1.839,1.83875,1.839250001,-0.000000001,-0.000000001,patch_3681,698.006324,698.15856,210.6236998,210.6237
3679,1.8395,1.839250001,1.839749999,-0.000000001,-0.000000001,patch_3682,698.15856,698.310795,210.6236998,210.6237
3680,1.84,1.839749999,1.840249999,-0.000000001,-0.000000001,patch_3683,698.310795,698.463031,210.6236998,210.6237
3681,1.8405,1.840249999,1.84075,-0.000000001,-0.000000001,patch_3684,698.463031,698.615267,210.6236998,210.6237
3682,1.841,1.84075,1.841250001,-0.000000001,-0.000000001,patch_3685,698.615267,698.767503,210.6236998,210.6237
3683,1.8415,1.841250001,1.841750001,-0.000000001,-0.000000001,patch_3686,698.767503,698.919739,210.6236998,210.6237
3684,1.842,1.841750001,1.842249999,-0.000000001,-0.000000001,patch_3687,698.919739,699.071974,210.6236998,210.6237
3685,1.8425,1.842249999,1.842749999,-0.000000001,-0.000000001,patch_3688,699.071974,699.22421,210.6236998,210.6237
3686,1.843,1.842749999,1.84325,-0.000000001,-0.000000001,patch_3689,699.22421,699.376446,210.6236998,210.6237
3687,1.8435,1.84325,1.843750001,-0.000000001,-0.000000001,patch_3690,699.376446,699.528682,210.6236998,210.6237
3688,1.844,1.843750001,1.844250001,-0.000000001,-0.000000001,patch_3691,699.528682,699.680918,210.6236998,210.6237
3689,1.8445,1.844250001,1.844749999,-0.000000001,-0.000000001,patch_3692,699.680918,699.833153,210.6236998,210.6237
3690,1.845,1.844749999,1.845249999,-0.000000001,-0.000000001,patch_3693,699.833153,699.985389,210.6236998,210.6237
3691,1.8455,1.845249999,1.84575,-0.000000001,-0.000000001,patch_3694,699.985389,700.137625,210.6236998,210.6237
3692,1.846,1.84575,1.846250001,-0.000000001,-0.000000001,patch_3695,700.137625,700.289861,210.6236998,210.6237
3693,1.8465,1.846250001,1.846750001,-0.000000001,-0.000000001,patch_3696,700.289861,700.442097,210.6236998,210.6237
3694,1.847,1.846750001,1.847249999,-0.000000001,-0.000000001,patch_3697,700.442097,700.594332,210.6236998,210.6237
3695,1.8475,1.847249999,1.847749999,-0.000000001,-0.000000001,patch_3698,700.594332,700.746568,210.6236998,210.6237
3696,1.848,1.847749999,1.84825,-0.000000001,-0.000000001,patch_3699,700.746568,700.898804,210.6236998,210.6237
3697,1.8485,1.84825,1.848750001,-0.000000001,-0.000000001,patch_3700,700.898804,701.05104,210.6236998,210.6237
3698,1.849,1.848750001,1.849250001,-0.000000001,-0.000000001,patch_3701,701.05104,701.203276,210.6236998,210.6237
3699,1.8495,1.849250001,1.849749999,-0.000000001,-0.000000001,patch_3702,701.203276,701.355511,210.6236998,210.6237
3700,1.85,1.849749999,1.850249999,-0.000000001,-0.000000001,patch_3703,701.355511,701.507747,210.6236998,210.6237
3701,1.8505,1.850249999,1.85075,-0.000000001,-0.000000001,patch_3704,701.507747,701.659983,210.6236998,210.6237
3702,1.851,1.85075,1.851250001,-0.000000001,-0.000000001,patch_3705,701.659983,701.812219,210.6236998,210.6237
3703,1.8515,1.851250001,1.851750002,-0.000000001,-0.000000001,patch_3706,701.812219,701.964455,210.6236998,210.6237
3704,1.852,1.851750002,1.852249999,-0.000000001,-0.000000001,patch_3707,701.964455,702.11669,210.6236998,210.6237
3705,1.8525,1.852249999,1.85275,-0.000000001,-0.000000001,patch_3708,702.11669,702.268926,210.6236998,210.6237
3706,1.853,1.85275,1.85325,-0.000000001,-0.000000001,patch_3709,702.268926,702.421162,210.6236998,210.6237
3707,1.8535,1.85325,1.853750001,-0.000000001,-0.000000001,patch_3710,702.421162,702.573398,210.6236998,210.6237
3708,1.854,1.853750001,1.854250002,-0.000000001,-0.000000001,patch_3711,702.573398,702.725634,210.6236998,210.6237
3709,1.8545,1.854250002,1.854749999,-0.000000001,-0.000000001,patch_3712,702.725634,702.877869,210.6236998,210.6237
3710,1.855,1.854749999,1.85525,-0.000000001,-0.000000001,patch_3713,702.877869,703.030105,210.6236998,210.6237
3711,1.8555,1.85525,1.85575,-0.000000001,-0.000000001,patch_3714,703.030105,703.182341,210.6236998,210.6237
3712,1.856,1.85575,1.856250001,-0.000000001,-0.000000001,patch_3715,703.182341,703.334577,210.6236998,210.6237
3713,1.8565,1.856250001,1.856750002,-0.000000001,-0.000000001,patch_3716,703.334577,703.486813,210.6236998,210.6237
3714,1.857,1.856750002,1.857249999,-0.000000001,-0.000000001,patch_3717,703.486813,703.639048,210.6236998,210.6237
3715,1.8575,1.857249999,1.85775,-0.000000001,-0.000000001,patch_3718,703.639048,703.791284,210.6236998,210.6237
3716,1.858,1.85775,1.85825,-0.000000001,-0.000000001,patch_3719,703.791284,703.94352,210.6236998,210.6237
3717,1.8585,1.85825,1.858750001,-0.000000001,-0.000000001,patch_3720,703.94352,704.095756,210.6236998,210.6237
3718,1.859,1.858750001,1.859249998,-0.000000001,-0.000000001,patch_3721,704.095756,704.247991,210.6236998,210.6237
3719,1.8595,1.859249998,1.859749999,-0.000000001,-0.000000001,patch_3722,704.247991,704.400227,210.6236998,210.6237
3720,1.86,1.859749999,1.86025,-0.000000001,-0.000000001,patch_3723,704.400227,704.552463,210.6236998,210.6237
3721,1.8605,1.86025,1.86075,-0.000000001,-0.000000001,patch_3724,704.552463,704.704699,210.6236998,210.6237
3722,1.861,1.86075,1.861250001,-0.000000001,-0.000000001,patch_3725,704.704699,704.856935,210.6236998,210.6237
3723,1.8615,1.861250001,1.861749999,-0.000000001,-0.000000001,patch_3726,704.856935,705.00917,210.6236998,210.6237
3724,1.862,1.861749999,1.862249999,-0.000000001,-0.000000001,patch_3727,705.00917,705.161406,210.6236998,210.6237
3725,1.8625,1.862249999,1.86275,-0.000000001,-0.000000001,patch_3728,705.161406,705.313642,210.6236998,210.6237
3726,1.863,1.86275,1.863250001,-0.000000001,-0.000000001,patch_3729,705.313642,705.465878,210.6236998,210.6237
3727,1.8635,1.863250001,1.863750001,-0.000000001,-0.000000001,patch_3730,705.465878,705.618114,210.6236998,210.6237
3728,1.864,1.863750001,1.864249999,-0.000000001,-0.000000001,patch_3731,705.618114,705.770349,210.6236998,210.6237
3729,1.8645,1.864249999,1.864749999,-0.000000007,-0.000000008,patch_3732,705.770349,705.922585,210.6236998,210.623701
3730,1.865,1.864749999,1.86525,-0.000000007,-0.000000008,patch_3733,705.922585,706.074821,210.6236998,210.623701
3731,1.8655,1.86525,1.865750001,-0.000000007,-0.000000008,patch_3734,706.074821,706.227057,210.6236998,210.623701
3732,1.866,1.865750001,1.866250001,-0.000000007,-0.000000008,patch_3735,706.227057,706.379293,210.6236998,210.623701
3733,1.8665,1.866250001,1.866749999,-0.000000007,-0.000000008,patch_3736,706.379293,706.531528,210.6236998,210.623701
3734,1.867,1.866749999,1.867249999,-0.000000007,-0.000000008,patch_3737,706.531528,706.683764,210.6236998,210.623701
3735,1.8675,1.867249999,1.86775,-0.000000001,-0.000000001,patch_3738,706.683764,706.836,210.6236998,210.6237
3736,1.868,1.86775,1.868250001,0.000000005,0.000000005,patch_3739,706.836,706.988236,210.6236998,210.623699
3737,1.8685,1.868250001,1.868750001,0.000000011,0.000000012,patch_3740,706.988236,707.140472,210.6236998,210.623698
3738,1.869,1.868750001,1.869249999,0.000000016,0.000000018,patch_3741,707.140472,707.292707,210.6236998,210.623697
3739,1.8695,1.869249999,1.869749999,0.000000022,0.000000025,patch_3742,707.292707,707.444943,210.6236998,210.623696
3740,1.87,1.869749999,1.87025,0.000000028,0.000000031,patch_3743,707.444943,707.597179,210.6236998,210.623695
3741,1.8705,1.87025,1.870750001,0.000000022,0.000000025,patch_3744,707.597179,707.749415,210.6236998,210.623696
3742,1.871,1.870750001,1.871250001,0.000000016,0.000000018,patch_3745,707.749415,707.901651,210.6236998,210.623697
3743,1.8715,1.871250001,1.871749999,-0.000000001,-0.000000001,patch_3746,707.901651,708.053886,210.6236998,210.6237
3744,1.872,1.871749999,1.872249999,-0.000000025,-0.000000027,patch_3747,708.053886,708.206122,210.6236998,210.623704
3745,1.8725,1.872249999,1.87275,-0.000000054,-0.000000059,patch_3748,708.206122,708.358358,210.6236998,210.623709
3746,1.873,1.87275,1.873250001,-0.000000084,-0.000000092,patch_3749,708.358358,708.510594,210.6236998,210.623714
3747,1.8735,1.873250001,1.873750002,-0.000000101,-0.000000111,patch_3750,708.510594,708.66283,210.6236998,210.623717
3748,1.874,1.873750002,1.874249999,-0.000000107,-0.000000117,patch_3751,708.66283,708.815065,210.6236998,210.623718
3749,1.8745,1.874249999,1.87475,-0.000000101,-0.000000111,patch_3752,708.815065,708.967301,210.6236998,210.623717
3750,1.875,1.87475,1.87525,-0.000000066,-0.000000072,patch_3753,708.967301,709.119537,210.6236998,210.623711
3751,1.8755,1.87525,1.875750001,-0.000000007,-0.000000008,patch_3754,709.119537,709.271773,210.6236998,210.623701
3752,1.876,1.875750001,1.876250002,0.000000087,0.000000095,patch_3755,709.271773,709.424009,210.6236998,210.623685
3753,1.8765,1.876250002,1.876749999,0.000000193,0.000000211,patch_3756,709.424009,709.576244,210.6236998,210.623667
3754,1.877,1.876749999,1.87725,0.000000293,0.000000321,patch_3757,709.576244,709.72848,210.6236998,210.62365
3755,1.8775,1.87725,1.87775,0.00000037,0.000000405,patch_3758,709.72848,709.880716,210.6236998,210.623637
3756,1.878,1.87775,1.878250001,0.000000399,0.000000437,patch_3759,709.880716,710.032952,210.6236998,210.623632
3757,1.8785,1.878250001,1.878750002,0.000000358,0.000000392,patch_3760,710.032952,710.185188,210.6236998,210.623639
3758,1.879,1.878750002,1.879249999,0.00000024,0.000000263,patch_3761,710.185188,710.337423,210.6236998,210.623659
3759,1.8795,1.879249999,1.87975,0.000000011,0.000000012,patch_3762,710.337423,710.489659,210.6236998,210.623698
3760,1.88,1.87975,1.88025,-0.000000325,-0.000000356,patch_3763,710.489659,710.641895,210.6236998,210.623755
3761,1.8805,1.88025,1.880750001,-0.000000719,-0.000000788,patch_3764,710.641895,710.794131,210.6236998,210.623822
3762,1.881,1.880750001,1.881249998,-0.000001096,-0.000001201,patch_3765,710.794131,710.946366,210.6236998,210.623886
3763,1.8815,1.881249998,1.881749999,-0.000001379,-0.00000151,patch_3766,710.946366,711.098602,210.6236998,210.623934
3764,1.882,1.881749999,1.88225,-0.000001491,-0.000001632,patch_3767,711.098602,711.250838,210.6236998,210.623953
3765,1.8825,1.88225,1.88275,-0.000001361,-0.000001491,patch_3768,711.250838,711.403074,210.6236998,210.623931
3766,1.883,1.88275,1.883250001,-0.000000914,-0.000001001,patch_3769,711.403074,711.55531,210.6236998,210.623855
3767,1.8835,1.883250001,1.883749999,-0.000000072,-0.000000079,patch_3770,711.55531,711.707545,210.6236998,210.623712
3768,1.884,1.883749999,1.884249999,0.000001188,0.000001301,patch_3771,711.707545,711.859781,210.6236998,210.623498
3769,1.8845,1.884249999,1.88475,0.00000266,0.000002913,patch_3772,711.859781,712.012017,210.6236998,210.623248
3770,1.885,1.88475,1.885250001,0.000004067,0.000004454,patch_3773,712.012017,712.164253,210.6236998,210.623009
3771,1.8855,1.885250001,1.885750001,0.000005121,0.000005608,patch_3774,712.164253,712.316489,210.6236998,210.62283
3772,1.886,1.885750001,1.886249999,0.000005557,0.000006085,patch_3775,712.316489,712.468724,210.6236998,210.622756
3773,1.8865,1.886249999,1.886749999,0.000005086,0.000005569,patch_3776,712.468724,712.62096,210.6236998,210.622836
3774,1.887,1.886749999,1.88725,0.000003431,0.000003758,patch_3777,712.62096,712.773196,210.6236998,210.623117
3775,1.8875,1.88725,1.887750001,0.000000317,0.000000347,patch_3778,712.773196,712.925432,210.6236998,210.623646
3776,1.888,1.887750001,1.888250001,-0.00000437,-0.000004785,patch_3779,712.925432,713.077668,210.6236998,210.624442
3777,1.8885,1.888250001,1.888749999,-0.000009857,-0.000010794,patch_3780,713.077668,713.229903,210.6236998,210.625374
3778,1.889,1.888749999,1.889249999,-0.000015109,-0.000016545,patch_3781,713.229903,713.382139,210.6236998,210.626266
3779,1.8895,1.889249999,1.88975,-0.000019089,-0.000020904,patch_3782,713.382139,713.534375,210.6236998,210.626942
3780,1.89,1.88975,1.890250001,-0.000020744,-0.000022715,patch_3783,713.534375,713.686611,210.6236998,210.627223
3781,1.8905,1.890250001,1.890750001,-0.000019048,-0.000020859,patch_3784,713.686611,713.838847,210.6236998,210.626935
3782,1.891,1.890750001,1.891249999,-0.000012948,-0.000014179,patch_3785,713.838847,713.991082,210.6236998,210.625899
3783,1.8915,1.891249999,1.891749999,-0.000001408,-0.000001542,patch_3786,713.991082,714.143318,210.6236998,210.623939
3784,1.892,1.891749999,1.89225,0.000016002,0.000017523,patch_3787,714.143318,714.295554,210.6236998,210.620982
3785,1.8925,1.89225,1.892750001,0.000036474,0.00003994,patch_3788,714.295554,714.44779,210.6236998,210.617505
3786,1.893,1.892750001,1.893250001,0.000056121,0.000061455,patch_3789,714.44779,714.600026,210.6236998,210.614168
3787,1.8935,1.893250001,1.893749999,0.000071059,0.000077812,patch_3790,714.600026,714.752261,210.6236998,210.611631
3788,1.894,1.893749999,1.894249999,0.000077406,0.000084763,patch_3791,714.752261,714.904497,210.6236998,210.610553
3789,1.8945,1.894249999,1.89475,0.000071276,0.000078051,patch_3792,714.904497,715.056733,210.6236998,210.611594
3790,1.895,1.89475,1.895250001,0.000048791,0.000053428,patch_3793,715.056733,715.208969,210.6236998,210.615413
3791,1.8955,1.895250001,1.895750002,0.000006057,0.000006633,patch_3794,715.208969,715.361205,210.6236998,210.622671
3792,1.896,1.895750002,1.896249999,-0.000058638,-0.000064211,patch_3795,715.361205,715.51344,210.6236998,210.633659
3793,1.8965,1.896249999,1.89675,-0.000134967,-0.000147795,patch_3796,715.51344,715.665676,210.6236998,210.646623
3794,1.897,1.89675,1.89725,-0.000208441,-0.000228252,patch_3797,715.665676,715.817912,210.6236998,210.659102
3795,1.8975,1.89725,1.897750001,-0.000264563,-0.000289709,patch_3798,715.817912,715.970148,210.6236998,210.668634
3796,1.898,1.897750001,1.898250002,-0.000288845,-0.000316298,patch_3799,715.970148,716.122384,210.6236998,210.672758
3797,1.8985,1.898250002,1.898749999,-0.000266777,-0.000292133,patch_3800,716.122384,716.274619,210.6236998,210.66901
3798,1.899,1.898749999,1.89925,-0.000183877,-0.000201353,patch_3801,716.274619,716.426855,210.6236998,210.65493
3799,1.8995,1.89925,1.89975,-0.000025643,-0.00002808,patch_3802,716.426855,716.579091,210.6236998,210.628055
3800,1.9,1.89975,1.900250001,0.000214744,0.000235155,patch_3803,716.579091,716.731327,210.6236998,210.587227
3801,1.9005,1.900250001,1.900750002,0.000499354,0.000546815,patch_3804,716.731327,716.883563,210.6236998,210.538888
3802,1.901,1.900750002,1.901249999,0.000774126,0.000847702,patch_3805,716.883563,717.035798,210.6236998,210.49222
3803,1.9015,1.901249999,1.90175,0.000984956,0.001078571,patch_3806,717.035798,717.188034,210.6236998,210.456412
3804,1.902,1.90175,1.90225,0.001077742,0.001180175,patch_3807,717.188034,717.34027,210.6236998,210.440653
3805,1.9025,1.90225,1.902750001,0.000998398,0.00109329,patch_3808,717.34027,717.492506,210.6236998,210.454129
3806,1.903,1.902750001,1.903249998,0.000692815,0.000758664,patch_3809,717.492506,717.644741,210.6236998,210.50603
3807,1.9035,1.903249998,1.903749999,0.000106903,0.000117064,patch_3810,717.644741,717.796977,210.6236998,210.605543
3808,1.904,1.903749999,1.90425,-0.000786228,-0.000860954,patch_3811,717.796977,717.949213,210.6236998,210.757235
3809,1.9045,1.90425,1.90475,-0.001847437,-0.002023026,patch_3812,717.949213,718.101449,210.6236998,210.937474
3810,1.905,1.90475,1.905250001,-0.00287494,-0.003148187,patch_3813,718.101449,718.253685,210.6236998,211.111988
3811,1.9055,1.905250001,1.905749999,-0.003666842,-0.004015356,patch_3814,718.253685,718.40592,210.6236998,211.246487
3812,1.906,1.905749999,1.906249999,-0.004021252,-0.00440345,patch_3815,718.40592,718.558156,210.6236998,211.306681
3813,1.9065,1.906249999,1.90675,-0.003736277,-0.00409139,patch_3816,718.558156,718.710392,210.6236998,211.25828
3814,1.907,1.90675,1.907250001,-0.002610013,-0.00285808,patch_3817,718.710392,718.862628,210.6236998,211.066992
3815,1.9075,1.907250001,1.907750001,-0.000440579,-0.000482453,patch_3818,718.862628,719.014864,210.6236998,210.698529
3816,1.908,1.907750001,1.908249999,0.002934251,0.003213136,patch_3819,719.014864,719.167099,210.6236998,210.125338
3817,1.9085,1.908249999,1.908749999,0.00742301,0.008128527,patch_3820,719.167099,719.319335,210.6236998,209.362954
3818,1.909,1.908749999,1.90925,0.012834316,0.014054148,patch_3821,719.319335,719.471571,210.6236998,208.443882
3819,1.9095,1.90925,1.909750001,0.018976526,0.020780142,patch_3822,719.471571,719.623807,210.6236998,207.400671
3820,1.91,1.909750001,1.910250001,0.025658034,0.028096692,patch_3823,719.623807,719.776043,210.6236998,206.265864
3821,1.9105,1.910250001,1.910749999,0.032687205,0.035793948,patch_3824,719.776043,719.928278,210.6236998,205.072009
3822,1.911,1.910749999,1.911249999,0.039872414,0.043662072,patch_3825,719.928278,720.080514,210.6236998,203.851652
3823,1.9115,1.911249999,1.91175,0.047022038,0.051491229,patch_3826,720.080514,720.23275,210.6236998,202.637339
3824,1.912,1.91175,1.912250001,0.053933665,0.059059769,patch_3827,720.23275,720.384986,210.6236998,201.463448
3825,1.9125,1.912250001,1.912750001,0.060332589,0.066066876,patch_3828,720.384986,720.537222,210.6236998,200.376636
3826,1.913,1.912750001,1.913249999,0.065914393,0.0721792,patch_3829,720.537222,720.689457,210.6236998,199.428606
3827,1.9135,1.913249999,1.913749999,0.070374537,0.077063257,patch_3830,720.689457,720.841693,210.6236998,198.671082
3828,1.914,1.913749999,1.91425,0.073408529,0.080385613,patch_3831,720.841693,720.993929,210.6236998,198.15578
3829,1.9145,1.91425,1.914750001,0.074711833,0.08181279,patch_3832,720.993929,721.146165,210.6236998,197.934423
3830,1.915,1.914750001,1.915250001,0.073979945,0.08101134,patch_3833,721.146165,721.298401,210.6236998,198.058729
3831,1.9155,1.915250001,1.915749999,0.070908336,0.077647791,patch_3834,721.298401,721.450636,210.6236998,198.58042
3832,1.916,1.915749999,1.916249999,0.065278458,0.071482824,patch_3835,721.450636,721.602872,210.6236998,199.536615
3833,1.9165,1.916249999,1.91675,0.057476061,0.062938851,patch_3836,721.602872,721.755108,210.6236998,200.861797
3834,1.917,1.91675,1.917250001,0.048146094,0.052722121,patch_3837,721.755108,721.907344,210.6236998,202.446426
3835,1.9175,1.917250001,1.917750002,0.037934518,0.041539989,patch_3838,721.907344,722.05958,210.6236998,204.18079
3836,1.918,1.917750002,1.918249999,0.027487283,0.030099801,patch_3839,722.05958,722.211815,210.6236998,205.955179
3837,1.9185,1.918249999,1.91875,0.017450339,0.0191089,patch_3840,722.211815,722.364051,210.6236998,207.659883
3838,1.919,1.91875,1.91925,0.008469642,0.009274636,patch_3841,722.364051,722.516287,210.6236998,209.185191
3839,1.9195,1.91925,1.919750001,0.001191146,0.001304358,patch_3842,722.516287,722.668523,210.6236998,210.421392
3840,1.92,1.919750001,1.920250002,-0.003827961,-0.004191789,patch_3843,722.668523,722.820759,210.6236998,211.273852
3841,1.9205,1.920250002,1.920749999,-0.006685201,-0.007320594,patch_3844,722.820759,722.972994,210.6236998,211.759134
3842,1.921,1.920749999,1.92125,-0.00777104,-0.008509635,patch_3845,722.972994,723.12523,210.6236998,211.943556
3843,1.9215,1.92125,1.92175,-0.007477333,-0.008188013,patch_3846,723.12523,723.277466,210.6236998,211.893672
3844,1.922,1.92175,1.922250001,-0.00619592,-0.006784809,patch_3847,723.277466,723.429702,210.6236998,211.676033
3845,1.9225,1.922250001,1.922750002,-0.00431865,-0.004729115,patch_3848,723.429702,723.581938,210.6236998,211.357192
3846,1.923,1.922750002,1.923249999,-0.002237357,-0.002450005,patch_3849,723.581938,723.734173,210.6236998,211.003699
3847,1.9235,1.923249999,1.92375,-0.000343901,-0.000376587,patch_3850,723.734173,723.886409,210.6236998,210.682109
3848,1.924,1.92375,1.92425,0.001010032,0.00110603,patch_3851,723.886409,724.038645,210.6236998,210.452153
3849,1.9245,1.92425,1.924750001,0.001783558,0.001953076,patch_3852,724.038645,724.190881,210.6236998,210.320775
3850,1.925,1.924750001,1.925249998,0.002080868,0.002278644,patch_3853,724.190881,724.343116,210.6236998,210.270279
3851,1.9255,1.925249998,1.925749999,0.002006947,0.002197697,patch_3854,724.343116,724.495352,210.6236998,210.282834
3852,1.926,1.925749999,1.92625,0.001666798,0.001825218,patch_3855,724.495352,724.647588,210.6236998,210.340606
3853,1.9265,1.92625,1.92675,0.001165405,0.00127617,patch_3856,724.647588,724.799824,210.6236998,210.425764
3854,1.927,1.92675,1.927250001,0.000607766,0.000665531,patch_3857,724.799824,724.95206,210.6236998,210.520475
3855,1.9275,1.927250001,1.927749999,0.000098884,0.000108283,patch_3858,724.95206,725.104295,210.6236998,210.606905
3856,1.928,1.927749999,1.928249999,-0.000266406,-0.000291727,patch_3859,725.104295,725.256531,210.6236998,210.668947
3857,1.9285,1.928249999,1.92875,-0.000475805,-0.000521028,patch_3860,725.256531,725.408767,210.6236998,210.704512
3858,1.929,1.92875,1.929250001,-0.000557181,-0.000610138,patch_3861,725.408767,725.561003,210.6236998,210.718333
3859,1.9295,1.929250001,1.929750001,-0.000538658,-0.000589854,patch_3862,725.561003,725.713239,210.6236998,210.715187
3860,1.93,1.929750001,1.930249999,-0.00044838,-0.000490996,patch_3863,725.713239,725.865474,210.6236998,210.699854
3861,1.9305,1.930249999,1.930749999,-0.000314474,-0.000344363,patch_3864,725.865474,726.01771,210.6236998,210.677111
3862,1.931,1.930749999,1.93125,-0.000165071,-0.00018076,patch_3865,726.01771,726.169946,210.6236998,210.651736
3863,1.9315,1.93125,1.931750001,-0.000028316,-0.000031007,patch_3866,726.169946,726.322182,210.6236998,210.628509
3864,1.932,1.931750001,1.932250001,0.000070234,0.00007691,patch_3867,726.322182,726.474418,210.6236998,210.611771
3865,1.9325,1.932250001,1.932749999,0.000126916,0.000138979,patch_3868,726.474418,726.626653,210.6236998,210.602144
3866,1.933,1.932749999,1.933249999,0.000149184,0.000163363,patch_3869,726.626653,726.778889,210.6236998,210.598362
3867,1.9335,1.933249999,1.93375,0.000144568,0.000158308,patch_3870,726.778889,726.931125,210.6236998,210.599146
3868,1.934,1.93375,1.934250001,0.00012061,0.000132074,patch_3871,726.931125,727.083361,210.6236998,210.603215
3869,1.9345,1.934250001,1.934750001,0.000084848,0.000092912,patch_3872,727.083361,727.235597,210.6236998,210.609289
3870,1.935,1.934750001,1.935249999,0.000044823,0.000049083,patch_3873,727.235597,727.387832,210.6236998,210.616087
3871,1.9355,1.935249999,1.935749999,0.000008071,0.000008838,patch_3874,727.387832,727.540068,210.6236998,210.622329
3872,1.936,1.935749999,1.93625,-0.000018512,-0.000020272,patch_3875,727.540068,727.692304,210.6236998,210.626844
3873,1.9365,1.93625,1.936750001,-0.000033856,-0.000037074,patch_3876,727.692304,727.84454,210.6236998,210.62945
3874,1.937,1.936750001,1.937250001,-0.000039944,-0.00004374,patch_3877,727.84454,727.996776,210.6236998,210.630484
3875,1.9375,1.937250001,1.937749999,-0.000038802,-0.00004249,patch_3878,727.996776,728.149011,210.6236998,210.63029
3876,1.938,1.937749999,1.938249999,-0.000032443,-0.000035526,patch_3879,728.149011,728.301247,210.6236998,210.62921
3877,1.9385,1.938249999,1.93875,-0.000022893,-0.000025069,patch_3880,728.301247,728.453483,210.6236998,210.627588
3878,1.939,1.93875,1.939250001,-0.000012171,-0.000013328,patch_3881,728.453483,728.605719,210.6236998,210.625767
3879,1.9395,1.939250001,1.939750002,-0.000002297,-0.000002516,patch_3882,728.605719,728.757955,210.6236998,210.62409
3880,1.94,1.939750002,1.940249999,0.000004874,0.000005337,patch_3883,728.757955,728.91019,210.6236998,210.622872
3881,1.9405,1.940249999,1.94075,0.000009025,0.000009883,patch_3884,728.91019,729.062426,210.6236998,210.622167
3882,1.941,1.94075,1.94125,0.000010691,0.000011707,patch_3885,729.062426,729.214662,210.6236998,210.621884
3883,1.9415,1.94125,1.941750001,0.000010408,0.000011398,patch_3886,729.214662,729.366898,210.6236998,210.621932
3884,1.942,1.941750001,1.942250002,0.000008725,0.000009554,patch_3887,729.366898,729.519134,210.6236998,210.622218
3885,1.9425,1.942250002,1.942749999,0.000006175,0.000006762,patch_3888,729.519134,729.671369,210.6236998,210.622651
3886,1.943,1.942749999,1.94325,0.000003302,0.000003616,patch_3889,729.671369,729.823605,210.6236998,210.623139
3887,1.9435,1.94325,1.94375,0.000000646,0.000000708,patch_3890,729.823605,729.975841,210.6236998,210.62359
3888,1.944,1.94375,1.944250001,-0.000001285,-0.000001407,patch_3891,729.975841,730.128077,210.6236998,210.623918
3889,1.9445,1.944250001,1.944750002,-0.000002409,-0.000002638,patch_3892,730.128077,730.280313,210.6236998,210.624109
3890,1.945,1.944750002,1.945249999,-0.000002863,-0.000003135,patch_3893,730.280313,730.432548,210.6236998,210.624186
3891,1.9455,1.945249999,1.94575,-0.000002798,-0.000003064,patch_3894,730.432548,730.584784,210.6236998,210.624175
3892,1.946,1.94575,1.94625,-0.00000235,-0.000002574,patch_3895,730.584784,730.73702,210.6236998,210.624099
3893,1.9465,1.94625,1.946750001,-0.000001667,-0.000001826,patch_3896,730.73702,730.889256,210.6236998,210.623983
3894,1.947,1.946750001,1.947249998,-0.000000896,-0.000000981,patch_3897,730.889256,731.041491,210.6236998,210.623852
3895,1.9475,1.947249998,1.947749999,-0.000000184,-0.000000201,patch_3898,731.041491,731.193727,210.6236998,210.623731
3896,1.948,1.947749999,1.94825,0.000000334,0.000000366,patch_3899,731.193727,731.345963,210.6236998,210.623643
3897,1.9485,1.94825,1.94875,0.000000641,0.000000701,patch_3900,731.345963,731.498199,210.6236998,210.623591
3898,1.949,1.94875,1.949250001,0.000000764,0.000000837,patch_3901,731.498199,731.650435,210.6236998,210.62357
3899,1.9495,1.949250001,1.949749999,0.000000747,0.000000818,patch_3902,731.650435,731.80267,210.6236998,210.623573
3900,1.95,1.949749999,1.950249999,0.000000629,0.000000689,patch_3903,731.80267,731.954906,210.6236998,210.623593
3901,1.9505,1.950249999,1.95075,0.000000446,0.000000489,patch_3904,731.954906,732.107142,210.6236998,210.623624
3902,1.951,1.95075,1.951250001,0.00000024,0.000000263,patch_3905,732.107142,732.259378,210.6236998,210.623659
3903,1.9515,1.951250001,1.951750001,0.000000052,0.000000057,patch_3906,732.259378,732.411614,210.6236998,210.623691
3904,1.952,1.951750001,1.952249999,-0.000000089,-0.000000098,patch_3907,732.411614,732.563849,210.6236998,210.623715
3905,1.9525,1.952249999,1.952749999,-0.000000172,-0.000000188,patch_3908,732.563849,732.716085,210.6236998,210.623729
3906,1.953,1.952749999,1.95325,-0.000000207,-0.000000227,patch_3909,732.716085,732.868321,210.6236998,210.623735
3907,1.9535,1.95325,1.953750001,-0.000000201,-0.000000221,patch_3910,732.868321,733.020557,210.6236998,210.623734
3908,1.954,1.953750001,1.954250001,-0.000000172,-0.000000188,patch_3911,733.020557,733.172793,210.6236998,210.623729
3909,1.9545,1.954250001,1.954749999,-0.000000125,-0.000000137,patch_3912,733.172793,733.325028,210.6236998,210.623721
3910,1.955,1.954749999,1.955249999,-0.000000066,-0.000000072,patch_3913,733.325028,733.477264,210.6236998,210.623711
3911,1.9555,1.955249999,1.95575,-0.000000019,-0.000000021,patch_3914,733.477264,733.6295,210.6236998,210.623703
3912,1.956,1.95575,1.956250001,0.000000022,0.000000025,patch_3915,733.6295,733.781736,210.6236998,210.623696
3913,1.9565,1.956250001,1.956750001,0.000000046,0.00000005,patch_3916,733.781736,733.933972,210.6236998,210.623692
3914,1.957,1.956750001,1.957249999,0.000000052,0.000000057,patch_3917,733.933972,734.086207,210.6236998,210.623691
3915,1.9575,1.957249999,1.957749999,0.000000052,0.000000057,patch_3918,734.086207,734.238443,210.6236998,210.623691
3916,1.958,1.957749999,1.95825,0.000000046,0.00000005,patch_3919,734.238443,734.390679,210.6236998,210.623692
3917,1.9585,1.95825,1.958750001,0.000000028,0.000000031,patch_3920,734.390679,734.542915,210.6236998,210.623695
3918,1.959,1.958750001,1.959250001,0.000000016,0.000000018,patch_3921,734.542915,734.695151,210.6236998,210.623697
3919,1.9595,1.959250001,1.959749999,0.000000005,0.000000005,patch_3922,734.695151,734.847386,210.6236998,210.623699
3920,1.96,1.959749999,1.960249999,-0.000000007,-0.000000008,patch_3923,734.847386,734.999622,210.6236998,210.623701
3921,1.9605,1.960249999,1.96075,-0.000000013,-0.000000014,patch_3924,734.999622,735.151858,210.6236998,210.623702
3922,1.961,1.96075,1.961250001,-0.000000019,-0.000000021,patch_3925,735.151858,735.304094,210.6236998,210.623703
3923,1.9615,1.961250001,1.961750001,-0.000000019,-0.000000021,patch_3926,735.304094,735.45633,210.6236998,210.623703
3924,1.962,1.961750001,1.962249999,-0.000000013,-0.000000014,patch_3927,735.45633,735.608565,210.6236998,210.623702
3925,1.9625,1.962249999,1.96275,-0.000000013,-0.000000014,patch_3928,735.608565,735.760801,210.6236998,210.623702
3926,1.963,1.96275,1.96325,-0.000000007,-0.000000008,patch_3929,735.760801,735.913037,210.6236998,210.623701
3927,1.9635,1.96325,1.963750001,-0.000000001,-0.000000001,patch_3930,735.913037,736.065273,210.6236998,210.6237
3928,1.964,1.963750001,1.964250002,-0.000000001,-0.000000001,patch_3931,736.065273,736.217509,210.6236998,210.6237
3929,1.9645,1.964250002,1.964749999,-0.000000001,-0.000000001,patch_3932,736.217509,736.369744,210.6236998,210.6237
3930,1.965,1.964749999,1.96525,0.000000005,0.000000005,patch_3933,736.369744,736.52198,210.6236998,210.623699
3931,1.9655,1.96525,1.96575,0.000000005,0.000000005,patch_3934,736.52198,736.674216,210.6236998,210.623699
3932,1.966,1.96575,1.966250001,0.000000005,0.000000005,patch_3935,736.674216,736.826452,210.6236998,210.623699
3933,1.9665,1.966250001,1.966750002,-0.000000001,-0.000000001,patch_3936,736.826452,736.978688,210.6236998,210.6237
3934,1.967,1.966750002,1.967249999,-0.000000001,-0.000000001,patch_3937,736.978688,737.130923,210.6236998,210.6237
3935,1.9675,1.967249999,1.96775,-0.000000001,-0.000000001,patch_3938,737.130923,737.283159,210.6236998,210.6237
3936,1.968,1.96775,1.96825,-0.000000001,-0.000000001,patch_3939,737.283159,737.435395,210.6236998,210.6237
3937,1.9685,1.96825,1.968750001,-0.000000007,-0.000000008,patch_3940,737.435395,737.587631,210.6236998,210.623701
3938,1.969,1.968750001,1.969249998,-0.000000007,-0.000000008,patch_3941,737.587631,737.739866,210.6236998,210.623701
3939,1.9695,1.969249998,1.969749999,-0.000000007,-0.000000008,patch_3942,737.739866,737.892102,210.6236998,210.623701
3940,1.97,1.969749999,1.97025,-0.000000007,-0.000000008,patch_3943,737.892102,738.044338,210.6236998,210.623701
3941,1.9705,1.97025,1.97075,-0.000000007,-0.000000008,patch_3944,738.044338,738.196574,210.6236998,210.623701
3942,1.971,1.97075,1.971250001,-0.000000007,-0.000000008,patch_3945,738.196574,738.34881,210.6236998,210.623701
3943,1.9715,1.971250001,1.971749999,-0.000000001,-0.000000001,patch_3946,738.34881,738.501045,210.6236998,210.6237
3944,1.972,1.971749999,1.972249999,-0.000000001,-0.000000001,patch_3947,738.501045,738.653281,210.6236998,210.6237
3945,1.9725,1.972249999,1.97275,0.000000005,0.000000005,patch_3948,738.653281,738.805517,210.6236998,210.623699
3946,1.973,1.97275,1.973250001,0.000000011,0.000000012,patch_3949,738.805517,738.957753,210.6236998,210.623698
3947,1.9735,1.973250001,1.973750001,0.000000016,0.000000018,patch_3950,738.957753,739.109989,210.6236998,210.623697
3948,1.974,1.973750001,1.974249999,0.000000016,0.000000018,patch_3951,739.109989,739.262224,210.6236998,210.623697
3949,1.9745,1.974249999,1.974749999,0.000000016,0.000000018,patch_3952,739.262224,739.41446,210.6236998,210.623697
3950,1.975,1.974749999,1.97525,0.000000011,0.000000012,patch_3953,739.41446,739.566696,210.6236998,210.623698
3951,1.9755,1.97525,1.975750001,0.000000005,0.000000005,patch_3954,739.566696,739.718932,210.6236998,210.623699
3952,1.976,1.975750001,1.976250001,-0.000000013,-0.000000014,patch_3955,739.718932,739.871168,210.6236998,210.623702
3953,1.9765,1.976250001,1.976749999,-0.000000031,-0.000000034,patch_3956,739.871168,740.023403,210.6236998,210.623705
3954,1.977,1.976749999,1.977249999,-0.000000048,-0.000000053,patch_3957,740.023403,740.175639,210.6236998,210.623708
3955,1.9775,1.977249999,1.97775,-0.000000066,-0.000000072,patch_3958,740.175639,740.327875,210.6236998,210.623711
3956,1.978,1.97775,1.978250001,-0.000000072,-0.000000079,patch_3959,740.327875,740.480111,210.6236998,210.623712
3957,1.9785,1.978250001,1.978750001,-0.000000072,-0.000000079,patch_3960,740.480111,740.632347,210.6236998,210.623712
3958,1.979,1.978750001,1.979249999,-0.000000054,-0.000000059,patch_3961,740.632347,740.784582,210.6236998,210.623709
3959,1.9795,1.979249999,1.979749999,-0.000000025,-0.000000027,patch_3962,740.784582,740.936818,210.6236998,210.623704
3960,1.98,1.979749999,1.98025,0.000000034,0.000000037,patch_3963,740.936818,741.089054,210.6236998,210.623694
3961,1.9805,1.98025,1.980750001,0.000000099,0.000000108,patch_3964,741.089054,741.24129,210.6236998,210.623683
3962,1.981,1.980750001,1.981250001,0.00000017,0.000000186,patch_3965,741.24129,741.393526,210.6236998,210.623671
3963,1.9815,1.981250001,1.981749999,0.000000228,0.00000025,patch_3966,741.393526,741.545761,210.6236998,210.623661
3964,1.982,1.981749999,1.982249999,0.000000264,0.000000289,patch_3967,741.545761,741.697997,210.6236998,210.623655
3965,1.9825,1.982249999,1.98275,0.000000258,0.000000282,patch_3968,741.697997,741.850233,210.6236998,210.623656
3966,1.983,1.98275,1.983250001,0.000000199,0.000000218,patch_3969,741.850233,742.002469,210.6236998,210.623666
3967,1.9835,1.983250001,1.983750001,0.000000075,0.000000083,patch_3970,742.002469,742.154705,210.6236998,210.623687
3968,1.984,1.983750001,1.984249999,-0.000000125,-0.000000137,patch_3971,742.154705,742.30694,210.6236998,210.623721
3969,1.9845,1.984249999,1.98475,-0.000000384,-0.00000042,patch_3972,742.30694,742.459176,210.6236998,210.623765
3970,1.985,1.98475,1.98525,-0.000000643,-0.000000704,patch_3973,742.459176,742.611412,210.6236998,210.623809
3971,1.9855,1.98525,1.985750001,-0.000000867,-0.000000949,patch_3974,742.611412,742.763648,210.6236998,210.623847
3972,1.986,1.985750001,1.986250002,-0.00000099,-0.000001084,patch_3975,742.763648,742.915884,210.6236998,210.623868
3973,1.9865,1.986250002,1.986749999,-0.000000973,-0.000001065,patch_3976,742.915884,743.068119,210.6236998,210.623865
3974,1.987,1.986749999,1.98725,-0.000000761,-0.000000833,patch_3977,743.068119,743.220355,210.6236998,210.623829
3975,1.9875,1.98725,1.98775,-0.000000307,-0.000000337,patch_3978,743.220355,743.372591,210.6236998,210.623752
3976,1.988,1.98775,1.988250001,0.00000044,0.000000482,patch_3979,743.372591,743.524827,210.6236998,210.623625
3977,1.9885,1.988250001,1.988750002,0.0000014,0.000001533,patch_3980,743.524827,743.677063,210.6236998,210.623462
3978,1.989,1.988750002,1.989249999,0.000002383,0.00000261,patch_3981,743.677063,743.829298,210.6236998,210.623295
3979,1.9895,1.989249999,1.98975,0.000003214,0.000003519,patch_3982,743.829298,743.981534,210.6236998,210.623154
3980,1.99,1.98975,1.99025,0.00000369,0.000004041,patch_3983,743.981534,744.13377,210.6236998,210.623073
3981,1.9905,1.99025,1.990750001,0.000003632,0.000003977,patch_3984,744.13377,744.286006,210.6236998,210.623083
3982,1.991,1.990750001,1.991249998,0.000002854,0.000003126,patch_3985,744.286006,744.438241,210.6236998,210.623215
3983,1.9915,1.991249998,1.991749999,0.000001159,0.000001269,patch_3986,744.438241,744.590477,210.6236998,210.623503
3984,1.992,1.991749999,1.99225,-0.000001609,-0.000001761,patch_3987,744.590477,744.742713,210.6236998,210.623973
3985,1.9925,1.99225,1.99275,-0.000005177,-0.000005669,patch_3988,744.742713,744.894949,210.6236998,210.624579
3986,1.993,1.99275,1.993250001,-0.000008856,-0.000009698,patch_3989,744.894949,745.047185,210.6236998,210.625204
3987,1.9935,1.993250001,1.993749999,-0.000011953,-0.00001309,patch_3990,745.047185,745.19942,210.6236998,210.62573
3988,1.994,1.993749999,1.994249999,-0.000013767,-0.000015075,patch_3991,745.19942,745.351656,210.6236998,210.626038
3989,1.9945,1.994249999,1.99475,-0.00001359,-0.000014882,patch_3992,745.351656,745.503892,210.6236998,210.626008
3990,1.995,1.99475,1.995250001,-0.000010723,-0.000011742,patch_3993,745.503892,745.656128,210.6236998,210.625521
3991,1.9955,1.995250001,1.995750001,-0.000004464,-0.000004888,patch_3994,745.656128,745.808364,210.6236998,210.624458
3992,1.996,1.995750001,1.996249999,0.000005804,0.000006356,patch_3995,745.808364,745.960599,210.6236998,210.622714
3993,1.9965,1.996249999,1.996749999,0.000019093,0.000020908,patch_3996,745.960599,746.112835,210.6236998,210.620457
3994,1.997,1.996749999,1.99725,0.000032853,0.000035975,patch_3997,746.112835,746.265071,210.6236998,210.61812
3995,1.9975,1.99725,1.997750001,0.000044463,0.000048689,patch_3998,746.265071,746.417307,210.6236998,210.616148
3996,1.998,1.997750001,1.998250001,0.000051311,0.000056188,patch_3999,746.417307,746.569543,210.6236998,210.614985
3997,1.9985,1.998250001,1.998749999,0.000050775,0.000055601,patch_4000,746.569543,746.721778,210.6236998,210.615076
3998,1.999,1.998749999,1.999249999,0.000040248,0.000044073,patch_4001,746.721778,746.874014,210.6236998,210.616864
3999,1.9995,1.999249999,1.99975,0.000017115,0.000018741,patch_4002,746.874014,747.02625,210.6236998,210.620793
4000,2,1.99975,2.000250001,-0.000019248,-0.000021078,patch_4003,747.02625,747.178486,210.6236998,210.626969
4001,2.0005,2.000250001,2.000750001,-0.00002344,-0.000025668,patch_4004,747.178486,747.330722,210.6236998,210.627681
4002,2.001,2.000750001,2.001249999,0.000095964,0.000105085,patch_4005,747.330722,747.482957,210.6236998,210.607401
4003,2.0015,2.001249999,2.001749999,0.000432375,0.00047347,patch_4006,747.482957,747.635193,210.6236998,210.550264
4004,2.002,2.001749999,2.00225,0.001079202,0.001181774,patch_4007,747.635193,747.787429,210.6236998,210.440405
4005,2.0025,2.00225,2.002750001,0.002129867,0.002332299,patch_4008,747.787429,747.939665,210.6236998,210.261957
4006,2.003,2.002750001,2.003250001,0.003677785,0.004027339,patch_4009,747.939665,748.091901,210.6236998,209.999054
4007,2.0035,2.003250001,2.003749999,0.005816367,0.006369181,patch_4010,748.091901,748.244136,210.6236998,209.635831
4008,2.004,2.003749999,2.004249999,0.008633163,0.009453699,patch_4011,748.244136,748.396372,210.6236998,209.157418
4009,2.0045,2.004249999,2.00475,0.012070486,0.013217721,patch_4012,748.396372,748.548608,210.6236998,208.573613
4010,2.005,2.00475,2.005250001,0.015919637,0.017432712,patch_4013,748.548608,748.700844,210.6236998,207.919862
4011,2.0055,2.005250001,2.005750001,0.019964886,0.021862441,patch_4014,748.700844,748.85308,210.6236998,207.232805
4012,2.006,2.005750001,2.006249999,0.0239905,0.026270667,patch_4015,748.85308,749.005315,210.6236998,206.549083
4013,2.0065,2.006249999,2.00675,0.027780731,0.030421139,patch_4016,749.005315,749.157551,210.6236998,205.905339
4014,2.007,2.00675,2.00725,0.031119845,0.034077619,patch_4017,749.157551,749.309787,210.6236998,205.338214
4015,2.0075,2.00725,2.007750001,0.033792108,0.037003866,patch_4018,749.309787,749.462023,210.6236998,204.884349
4016,2.008,2.007750001,2.008250002,0.035587084,0.038969445,patch_4019,749.462023,749.614259,210.6236998,204.579485
4017,2.0085,2.008250002,2.008749999,0.036435421,0.039898412,patch_4020,749.614259,749.766494,210.6236998,204.435401
4018,2.009,2.008749999,2.00925,0.036420354,0.039881913,patch_4021,749.766494,749.91873,210.6236998,204.43796
4019,2.0095,2.00925,2.00975,0.035632733,0.039019432,patch_4022,749.91873,750.070966,210.6236998,204.571732
4020,2.01,2.00975,2.010250001,0.034163393,0.037410439,patch_4023,750.070966,750.223202,210.6236998,204.821289
4021,2.0105,2.010250001,2.010750002,0.032103195,0.035154431,patch_4024,750.223202,750.375438,210.6236998,205.171199
4022,2.011,2.010750002,2.011249999,0.029542977,0.032350877,patch_4025,750.375438,750.527673,210.6236998,205.606034
4023,2.0115,2.011249999,2.01175,0.02657358,0.029099256,patch_4026,750.527673,750.679909,210.6236998,206.110365
4024,2.012,2.01175,2.01225,0.02328632,0.025499559,patch_4027,750.679909,750.832145,210.6236998,206.668683
4025,2.0125,2.01225,2.012750001,0.019785632,0.02166615,patch_4028,750.832145,750.984381,210.6236998,207.26325
4026,2.013,2.012750001,2.013249998,0.016190734,0.017729576,patch_4029,750.984381,751.136616,210.6236998,207.873818
4027,2.0135,2.013249998,2.013749999,0.012621637,0.013821255,patch_4030,751.136616,751.288852,210.6236998,208.480004
4028,2.014,2.013749999,2.01425,0.009198344,0.010072597,patch_4031,751.288852,751.441088,210.6236998,209.061426
4029,2.0145,2.01425,2.01475,0.006040862,0.006615014,patch_4032,751.441088,751.593324,210.6236998,209.597702
4030,2.015,2.01475,2.015250001,0.003269208,0.003579928,patch_4033,751.593324,751.74556,210.6236998,210.068448
4031,2.0155,2.015250001,2.015749999,0.001003379,0.001098745,patch_4034,751.74556,751.897795,210.6236998,210.453283
4032,2.016,2.015749999,2.016249999,-0.000639875,-0.000700691,patch_4035,751.897795,752.050031,210.6236998,210.732378
4033,2.0165,2.016249999,2.01675,-0.001645027,-0.001801378,patch_4036,752.050031,752.202267,210.6236998,210.903096
4034,2.017,2.01675,2.017250001,-0.002114991,-0.002316009,patch_4037,752.202267,752.354503,210.6236998,210.982916
4035,2.0175,2.017250001,2.017750001,-0.002159408,-0.002364648,patch_4038,752.354503,752.506739,210.6236998,210.99046
4036,2.018,2.017750001,2.018249999,-0.001887916,-0.002067352,patch_4039,752.506739,752.658974,210.6236998,210.944349
4037,2.0185,2.018249999,2.018749999,-0.001410151,-0.001544178,patch_4040,752.658974,752.81121,210.6236998,210.863204
4038,2.019,2.018749999,2.01925,-0.000835756,-0.00091519,patch_4041,752.81121,752.963446,210.6236998,210.765647
4039,2.0195,2.01925,2.019750001,-0.000274366,-0.000300443,patch_4042,752.963446,753.115682,210.6236998,210.670299
4040,2.02,2.019750001,2.020250001,0.000166158,0.000181951,patch_4043,753.115682,753.267918,210.6236998,210.595479
4041,2.0205,2.020250001,2.020749999,0.000437868,0.000479485,patch_4044,753.267918,753.420153,210.6236998,210.549331
4042,2.021,2.020749999,2.021249999,0.000565733,0.000619503,patch_4045,753.420153,753.572389,210.6236998,210.527614
4043,2.0215,2.021249999,2.02175,0.000579128,0.000634171,patch_4046,753.572389,753.724625,210.6236998,210.525339
4044,2.022,2.02175,2.022250001,0.000507438,0.000555668,patch_4047,753.724625,753.876861,210.6236998,210.537515
4045,2.0225,2.022250001,2.022750001,0.000380038,0.000416159,patch_4048,753.876861,754.029097,210.6236998,210.559153
4046,2.023,2.022750001,2.023249999,0.000226296,0.000247804,patch_4049,754.029097,754.181332,210.6236998,210.585265
4047,2.0235,2.023249999,2.023749999,0.000075604,0.00008279,patch_4050,754.181332,754.333568,210.6236998,210.610859
4048,2.024,2.023749999,2.02425,-0.000043094,-0.00004719,patch_4051,754.333568,754.485804,210.6236998,210.631019
4049,2.0245,2.02425,2.024750001,-0.000116538,-0.000127615,patch_4052,754.485804,754.63804,210.6236998,210.643493
4050,2.025,2.024750001,2.025250001,-0.000151323,-0.000165706,patch_4053,754.63804,754.790276,210.6236998,210.649401
4051,2.0255,2.025250001,2.025749999,-0.000155315,-0.000170077,patch_4054,754.790276,754.942511,210.6236998,210.650079
4052,2.026,2.025749999,2.026249999,-0.000136392,-0.000149355,patch_4055,754.942511,755.094747,210.6236998,210.646865
4053,2.0265,2.026249999,2.02675,-0.000102419,-0.000112154,patch_4056,755.094747,755.246983,210.6236998,210.641095
4054,2.027,2.02675,2.027250001,-0.00006127,-0.000067093,patch_4057,755.246983,755.399219,210.6236998,210.634106
4055,2.0275,2.027250001,2.027750001,-0.00002082,-0.000022799,patch_4058,755.399219,755.551455,210.6236998,210.627236
4056,2.028,2.027750001,2.028249999,0.000011162,0.000012223,patch_4059,755.551455,755.70369,210.6236998,210.621804
4057,2.0285,2.028249999,2.02875,0.00003101,0.000033957,patch_4060,755.70369,755.855926,210.6236998,210.618433
4058,2.029,2.02875,2.02925,0.000040472,0.000044318,patch_4061,755.855926,756.008162,210.6236998,210.616826
4059,2.0295,2.02925,2.029750001,0.000041649,0.000045608,patch_4062,756.008162,756.160398,210.6236998,210.616626
4060,2.03,2.029750001,2.030250002,0.000036656,0.00004014,patch_4063,756.160398,756.312634,210.6236998,210.617474
4061,2.0305,2.030250002,2.030749999,0.000027595,0.000030218,patch_4064,756.312634,756.464869,210.6236998,210.619013
4062,2.031,2.030749999,2.03125,0.000016585,0.000018161,patch_4065,756.464869,756.617105,210.6236998,210.620883
4063,2.0315,2.03125,2.03175,0.000005728,0.000006272,patch_4066,756.617105,756.769341,210.6236998,210.622727
4064,2.032,2.03175,2.032250001,-0.000002886,-0.000003161,patch_4067,756.769341,756.921577,210.6236998,210.62419
4065,2.0325,2.032250001,2.032750002,-0.000008256,-0.000009041,patch_4068,756.921577,757.073813,210.6236998,210.625102
4066,2.033,2.032750002,2.033249999,-0.000010823,-0.000011852,patch_4069,757.073813,757.226048,210.6236998,210.625538
4067,2.0335,2.033249999,2.03375,-0.00001117,-0.000012232,patch_4070,757.226048,757.378284,210.6236998,210.625597
4068,2.034,2.03375,2.03425,-0.000009851,-0.000010788,patch_4071,757.378284,757.53052,210.6236998,210.625373
4069,2.0345,2.03425,2.034750001,-0.000007437,-0.000008144,patch_4072,757.53052,757.682756,210.6236998,210.624963
4070,2.035,2.034750001,2.035249998,-0.000004488,-0.000004914,patch_4073,757.682756,757.834991,210.6236998,210.624462
4071,2.0355,2.035249998,2.035749999,-0.000001579,-0.000001729,patch_4074,757.834991,757.987227,210.6236998,210.623968
4072,2.036,2.035749999,2.03625,0.000000741,0.000000811,patch_4075,757.987227,758.139463,210.6236998,210.623574
4073,2.0365,2.03625,2.03675,0.000002189,0.000002397,patch_4076,758.139463,758.291699,210.6236998,210.623328
4074,2.037,2.03675,2.037250001,0.00000289,0.000003164,patch_4077,758.291699,758.443935,210.6236998,210.623209
4075,2.0375,2.037250001,2.037749999,0.000002984,0.000003268,patch_4078,758.443935,758.59617,210.6236998,210.623193
4076,2.038,2.037749999,2.038249999,0.000002637,0.000002887,patch_4079,758.59617,758.748406,210.6236998,210.623252
4077,2.0385,2.038249999,2.03875,0.000001995,0.000002184,patch_4080,758.748406,758.900642,210.6236998,210.623361
4078,2.039,2.03875,2.039250001,0.000001206,0.00000132,patch_4081,758.900642,759.052878,210.6236998,210.623495
4079,2.0395,2.039250001,2.039750001,0.000000429,0.000000469,patch_4082,759.052878,759.205114,210.6236998,210.623627
4080,2.04,2.039750001,2.040249999,-0.00000019,-0.000000208,patch_4083,759.205114,759.357349,210.6236998,210.623732
4081,2.0405,2.040249999,2.040749999,-0.000000572,-0.000000627,patch_4084,759.357349,759.509585,210.6236998,210.623797
4082,2.041,2.040749999,2.04125,-0.000000755,-0.000000827,patch_4085,759.509585,759.661821,210.6236998,210.623828
4083,2.0415,2.04125,2.041750001,-0.000000778,-0.000000852,patch_4086,759.661821,759.814057,210.6236998,210.623832
4084,2.042,2.041750001,2.042250001,-0.000000678,-0.000000743,patch_4087,759.814057,759.966293,210.6236998,210.623815
4085,2.0425,2.042250001,2.042749999,-0.000000508,-0.000000556,patch_4088,759.966293,760.118528,210.6236998,210.623786
4086,2.043,2.042749999,2.043249999,-0.000000301,-0.00000033,patch_4089,760.118528,760.270764,210.6236998,210.623751
4087,2.0435,2.043249999,2.04375,-0.000000107,-0.000000117,patch_4090,760.270764,760.423,210.6236998,210.623718
4088,2.044,2.04375,2.044250001,0.00000004,0.000000044,patch_4091,760.423,760.575236,210.6236998,210.623693
4089,2.0445,2.044250001,2.044750001,0.000000111,0.000000121,patch_4092,760.575236,760.727472,210.6236998,210.623681
4090,2.045,2.044750001,2.045249999,0.000000128,0.000000141,patch_4093,760.727472,760.879707,210.6236998,210.623678
4091,2.0455,2.045249999,2.045749999,0.000000111,0.000000121,patch_4094,760.879707,761.031943,210.6236998,210.623681
4092,2.046,2.045749999,2.04625,0.000000069,0.000000076,patch_4095,761.031943,761.184179,210.6236998,210.623688
4093,2.0465,2.04625,2.046750001,0.000000016,0.000000018,patch_4096,761.184179,761.336415,210.6236998,210.623697
4094,2.047,2.046750001,2.047250001,-0.000000019,-0.000000021,patch_4097,761.336415,761.488651,210.6236998,210.623703
4095,2.0475,2.047250001,2.047749999,-0.000000025,-0.000000027,patch_4098,761.488651,761.640886,210.6236998,210.623704
4096,2.048,2.047749999,2.048249999,0.000000016,0.000000018,patch_4099,761.640886,761.793122,210.6236998,210.623697
4097,2.0485,2.048249999,2.04875,0.000000105,0.000000115,patch_4100,761.793122,761.945358,210.6236998,210.623682
4098,2.049,2.04875,2.049250001,0.000000217,0.000000237,patch_4101,761.945358,762.097594,210.6236998,210.623663
4099,2.0495,2.049250001,2.049750001,0.000000323,0.000000353,patch_4102,762.097594,762.24983,210.6236998,210.623645
4100,2.05,2.049750001,2.050249999,0.000000405,0.000000444,patch_4103,762.24983,762.402065,210.6236998,210.623631
4101,2.0505,2.050249999,2.05075,0.000000423,0.000000463,patch_4104,762.402065,762.554301,210.6236998,210.623628
4102,2.051,2.05075,2.05125,0.000000364,0.000000398,patch_4105,762.554301,762.706537,210.6236998,210.623638
4103,2.0515,2.05125,2.051750001,0.000000193,0.000000211,patch_4106,762.706537,762.858773,210.6236998,210.623667
4104,2.052,2.051750001,2.052250002,-0.000000113,-0.000000124,patch_4107,762.858773,763.011009,210.6236998,210.623719
4105,2.0525,2.052250002,2.052749999,-0.000000537,-0.000000588,patch_4108,763.011009,763.163244,210.6236998,210.623791
4106,2.053,2.052749999,2.05325,-0.000001002,-0.000001097,patch_4109,763.163244,763.31548,210.6236998,210.62387
4107,2.0535,2.05325,2.05375,-0.000001414,-0.000001549,patch_4110,763.31548,763.467716,210.6236998,210.62394
4108,2.054,2.05375,2.054250001,-0.000001691,-0.000001852,patch_4111,763.467716,763.619952,210.6236998,210.623987
4109,2.0545,2.054250001,2.054750002,-0.000001732,-0.000001897,patch_4112,763.619952,763.772188,210.6236998,210.623994
4110,2.055,2.054750002,2.055249999,-0.000001461,-0.0000016,patch_4113,763.772188,763.924423,210.6236998,210.623948
4111,2.0555,2.055249999,2.05575,-0.000000778,-0.000000852,patch_4114,763.924423,764.076659,210.6236998,210.623832
4112,2.056,2.05575,2.05625,0.000000393,0.000000431,patch_4115,764.076659,764.228895,210.6236998,210.623633
4113,2.0565,2.05625,2.056750001,0.000002007,0.000002197,patch_4116,764.228895,764.381131,210.6236998,210.623359
4114,2.057,2.056750001,2.057249998,0.000003749,0.000004106,patch_4117,764.381131,764.533366,210.6236998,210.623063
4115,2.0575,2.057249998,2.057749999,0.000005304,0.000005808,patch_4118,764.533366,764.685602,210.6236998,210.622799
4116,2.058,2.057749999,2.05825,0.000006328,0.00000693,patch_4119,764.685602,764.837838,210.6236998,210.622625
4117,2.0585,2.05825,2.05875,0.000006499,0.000007117,patch_4120,764.837838,764.990074,210.6236998,210.622596
4118,2.059,2.05875,2.059250001,0.000005492,0.000006014,patch_4121,764.990074,765.14231,210.6236998,210.622767
4119,2.0595,2.059250001,2.059749998,0.000002966,0.000003248,patch_4122,765.14231,765.294545,210.6236998,210.623196
4120,2.06,2.059749998,2.060249999,-0.000001397,-0.000001529,patch_4123,765.294545,765.446781,210.6236998,210.623937
4121,2.0605,2.060249999,2.06075,-0.000007408,-0.000008112,patch_4124,765.446781,765.599017,210.6236998,210.624958
4122,2.061,2.06075,2.061250001,-0.000013932,-0.000015256,patch_4125,765.599017,765.751253,210.6236998,210.626066
4123,2.0615,2.061250001,2.061750001,-0.000019737,-0.000021613,patch_4126,765.751253,765.903489,210.6236998,210.627052
4124,2.062,2.061750001,2.062249999,-0.000023605,-0.000025849,patch_4127,765.903489,766.055724,210.6236998,210.627709
4125,2.0625,2.062249999,2.062749999,-0.0000243,-0.00002661,patch_4128,766.055724,766.20796,210.6236998,210.627827
4126,2.063,2.062749999,2.06325,-0.000020597,-0.000022554,patch_4129,766.20796,766.360196,210.6236998,210.627198
4127,2.0635,2.06325,2.063750001,-0.000011265,-0.000012335,patch_4130,766.360196,766.512432,210.6236998,210.625613
4128,2.064,2.063750001,2.064250001,0.000004909,0.000005376,patch_4131,766.512432,766.664668,210.6236998,210.622866
4129,2.0645,2.064250001,2.064749999,0.000027271,0.000029863,patch_4132,766.664668,766.816903,210.6236998,210.619068
4130,2.065,2.064749999,2.065249999,0.000051623,0.000056529,patch_4133,766.816903,766.969139,210.6236998,210.614932
4131,2.0655,2.065249999,2.06575,0.000073378,0.000080353,patch_4134,766.969139,767.121375,210.6236998,210.611237
4132,2.066,2.06575,2.066250001,0.000087957,0.000096316,patch_4135,767.121375,767.273611,210.6236998,210.608761
4133,2.0665,2.066250001,2.066750001,0.000090765,0.000099392,patch_4136,767.273611,767.425847,210.6236998,210.608284
4134,2.067,2.066750001,2.067249999,0.000077217,0.000084556,patch_4137,767.425847,767.578082,210.6236998,210.610585
4135,2.0675,2.067249999,2.067749999,0.000042732,0.000046794,patch_4138,767.578082,767.730318,210.6236998,210.616442
4136,2.068,2.067749999,2.06825,-0.000017229,-0.000018866,patch_4139,767.730318,767.882554,210.6236998,210.626626
4137,2.0685,2.06825,2.068750001,-0.000100435,-0.000109981,patch_4140,767.882554,768.03479,210.6236998,210.640758
4138,2.069,2.068750001,2.069250001,-0.000191331,-0.000209516,patch_4141,768.03479,768.187026,210.6236998,210.656196
4139,2.0695,2.069250001,2.069749999,-0.0002728,-0.000298728,patch_4142,768.187026,768.339261,210.6236998,210.670033
4140,2.07,2.069749999,2.070249999,-0.000327728,-0.000358876,patch_4143,768.339261,768.491497,210.6236998,210.679362
4141,2.0705,2.070249999,2.07075,-0.000338997,-0.000371217,patch_4144,768.491497,768.643733,210.6236998,210.681276
4142,2.071,2.07075,2.071250001,-0.000289486,-0.000317,patch_4145,768.643733,768.795969,210.6236998,210.672867
4143,2.0715,2.071250001,2.071750001,-0.000162086,-0.000177492,patch_4146,768.795969,768.948205,210.6236998,210.651229
4144,2.072,2.071750001,2.072249999,0.00006016,0.000065878,patch_4147,768.948205,769.10044,210.6236998,210.613482
4145,2.0725,2.072249999,2.07275,0.000369776,0.000404921,patch_4148,769.10044,769.252676,210.6236998,210.560896
4146,2.073,2.07275,2.07325,0.000709048,0.000776439,patch_4149,769.252676,769.404912,210.6236998,210.503273
4147,2.0735,2.07325,2.073750001,0.0010141,0.001110485,patch_4150,769.404912,769.557148,210.6236998,210.451462
4148,2.074,2.073750001,2.074250002,0.001221051,0.001337105,patch_4151,769.557148,769.709384,210.6236998,210.416313
4149,2.0745,2.074250002,2.074749999,0.001266027,0.001386356,patch_4152,769.709384,769.861619,210.6236998,210.408674
4150,2.075,2.074749999,2.07525,0.001085143,0.00118828,patch_4153,769.861619,770.013855,210.6236998,210.439396
4151,2.0755,2.07525,2.07575,0.000614514,0.00067292,patch_4154,770.013855,770.166091,210.6236998,210.519329
4152,2.076,2.07575,2.076250001,-0.000209236,-0.000229122,patch_4155,770.166091,770.318327,210.6236998,210.659237
4153,2.0765,2.076250001,2.076750002,-0.001361235,-0.001490613,patch_4156,770.318327,770.470563,210.6236998,210.854896
4154,2.077,2.076750002,2.077249999,-0.002627523,-0.002877255,patch_4157,770.470563,770.622798,210.6236998,211.069966
4155,2.0775,2.077249999,2.07775,-0.003769678,-0.004127966,patch_4158,770.622798,770.775034,210.6236998,211.263953
4156,2.078,2.07775,2.07825,-0.004549304,-0.004981691,patch_4159,770.775034,770.92727,210.6236998,211.396367
4157,2.0785,2.07825,2.078750001,-0.004727999,-0.00517737,patch_4160,770.92727,771.079506,210.6236998,211.426717
4158,2.079,2.078750001,2.079249998,-0.004067359,-0.00445394,patch_4161,771.079506,771.231741,210.6236998,211.314512
4159,2.0795,2.079249998,2.079749999,-0.002328982,-0.00255034,patch_4162,771.231741,771.383977,210.6236998,211.019261
4160,2.08,2.079749999,2.08025,0.000724957,0.00079386,patch_4163,771.383977,771.536213,210.6236998,210.500571
4161,2.0805,2.08025,2.08075,0.005207275,0.005702198,patch_4164,771.536213,771.688449,210.6236998,209.739281
4162,2.081,2.08075,2.081250001,0.010951458,0.011992335,patch_4165,771.688449,771.840685,210.6236998,208.763672
4163,2.0815,2.081250001,2.081749998,0.017753113,0.019440451,patch_4166,771.840685,771.99292,210.6236998,207.608459
4164,2.082,2.081749998,2.082249999,0.02540785,0.027822729,patch_4167,771.99292,772.145156,210.6236998,206.308356
4165,2.0825,2.082249999,2.08275,0.033711281,0.036915356,patch_4168,772.145156,772.297392,210.6236998,204.898077
4166,2.083,2.08275,2.083250001,0.04245901,0.04649451,patch_4169,772.297392,772.449628,210.6236998,203.412337
4167,2.0835,2.083250001,2.083750001,0.051446649,0.056336376,patch_4170,772.449628,772.601864,210.6236998,201.88585
4168,2.084,2.083750001,2.084249999,0.060469851,0.066217184,patch_4171,772.601864,772.754099,210.6236998,200.353323
4169,2.0845,2.084249999,2.084749999,0.069337473,0.075927626,patch_4172,772.754099,772.906335,210.6236998,198.84722
4170,2.085,2.084749999,2.08525,0.077889004,0.085291933,patch_4173,772.906335,773.058571,210.6236998,197.394803
4171,2.0855,2.08525,2.085750001,0.085968368,0.094139198,patch_4174,773.058571,773.210807,210.6236998,196.02258
4172,2.086,2.085750001,2.086250001,0.093419453,0.102298468,patch_4175,773.210807,773.363043,210.6236998,194.757066
4173,2.0865,2.086250001,2.086749999,0.100086171,0.109598822,patch_4176,773.363043,773.515278,210.6236998,193.624771
4174,2.087,2.086749999,2.087249999,0.105812414,0.115869314,patch_4177,773.515278,773.667514,210.6236998,192.652209
4175,2.0875,2.087249999,2.08775,0.110442063,0.120938985,patch_4178,773.667514,773.81975,210.6236998,191.865896
4176,2.088,2.08775,2.088250001,0.113819389,0.124637308,patch_4179,773.81975,773.971986,210.6236998,191.292281
4177,2.0885,2.088250001,2.088750001,0.115905675,0.126921885,patch_4180,773.971986,774.124222,210.6236998,190.93794
4178,2.089,2.088750001,2.089249999,0.116946867,0.128062036,patch_4181,774.124222,774.276457,210.6236998,190.761101
4179,2.0895,2.089249999,2.089749999,0.117231388,0.1283736,patch_4182,774.276457,774.428693,210.6236998,190.712777
4180,2.09,2.089749999,2.09025,0.117047671,0.128172421,patch_4183,774.428693,774.580929,210.6236998,190.74398
4181,2.0905,2.09025,2.090750001,0.116684112,0.127774308,patch_4184,774.580929,774.733165,210.6236998,190.805728
4182,2.091,2.090750001,2.091250001,0.116429141,0.127495103,patch_4185,774.733165,774.885401,210.6236998,190.849033
4183,2.0915,2.091250001,2.091749999,0.116571196,0.127650659,patch_4186,774.885401,775.037636,210.6236998,190.824906
4184,2.092,2.091749999,2.092249999,0.117398278,0.128556351,patch_4187,775.037636,775.189872,210.6236998,190.684432
4185,2.0925,2.092249999,2.09275,0.119026829,0.130339688,patch_4188,775.189872,775.342108,210.6236998,190.407834
4186,2.093,2.09275,2.093250001,0.121137721,0.132651208,patch_4189,775.342108,775.494344,210.6236998,190.049314
4187,2.0935,2.093250001,2.093750001,0.123343683,0.135066834,patch_4190,775.494344,775.64658,210.6236998,189.674647
4188,2.094,2.093750001,2.094249999,0.125257463,0.137162509,patch_4191,775.64658,775.798815,210.6236998,189.349605
4189,2.0945,2.094249999,2.09475,0.126491797,0.13851416,patch_4192,775.798815,775.951051,210.6236998,189.139962
4190,2.095,2.09475,2.09525,0.126659434,0.138697731,patch_4193,775.951051,776.103287,210.6236998,189.11149
4191,2.0955,2.09525,2.095750001,0.12537314,0.137289181,patch_4194,776.103287,776.255523,210.6236998,189.329958
4192,2.096,2.095750001,2.096250002,0.122245968,0.133864788,patch_4195,776.255523,776.407759,210.6236998,189.861086
4193,2.0965,2.096250002,2.096749999,0.117074914,0.128202254,patch_4196,776.407759,776.559994,210.6236998,190.739353
4194,2.097,2.096749999,2.09725,0.110144594,0.120613243,patch_4197,776.559994,776.71223,210.6236998,191.916419
4195,2.0975,2.09725,2.09775,0.101819484,0.111496877,patch_4198,776.71223,776.864466,210.6236998,193.33038
4196,2.098,2.09775,2.098250001,0.09246407,0.101252281,patch_4199,776.864466,777.016702,210.6236998,194.919331
4197,2.0985,2.098250001,2.098750002,0.08244284,0.090278588,patch_4200,777.016702,777.168938,210.6236998,196.621366
4198,2.099,2.098750002,2.099249999,0.072120297,0.078974943,patch_4201,777.168938,777.321173,210.6236998,198.374577
4199,2.0995,2.099249999,2.09975,0.061860912,0.067740459,patch_4202,777.321173,777.473409,210.6236998,200.117061
4200,2.1,2.09975,2.10025,0.052029064,0.056974146,patch_4203,777.473409,777.625645,210.6236998,201.786931
4201,2.1005,2.10025,2.100750001,0.042905399,0.046983326,patch_4204,777.625645,777.777881,210.6236998,203.336521
4202,2.101,2.100750001,2.101249998,0.034538716,0.037821435,patch_4205,777.777881,777.930116,210.6236998,204.757543
4203,2.1015,2.101249998,2.101749999,0.026938023,0.029498337,patch_4206,777.930116,778.082352,210.6236998,206.048467
4204,2.102,2.101749999,2.10225,0.020112328,0.022023896,patch_4207,778.082352,778.234588,210.6236998,207.207763
4205,2.1025,2.10225,2.10275,0.014070646,0.015407985,patch_4208,778.234588,778.386824,210.6236998,208.2339
4206,2.103,2.10275,2.103250001,0.008821979,0.009660461,patch_4209,778.386824,778.53906,210.6236998,209.125349
4207,2.1035,2.103250001,2.103749998,0.004375335,0.004791187,patch_4210,778.53906,778.691295,210.6236998,209.88058
4208,2.104,2.103749998,2.104249999,0.000739729,0.000810037,patch_4211,778.691295,778.843531,210.6236998,210.498062
4209,2.1045,2.104249999,2.10475,-0.002080052,-0.00227775,patch_4212,778.843531,778.995767,210.6236998,210.976982
4210,2.105,2.10475,2.105250001,-0.004091411,-0.004480277,patch_4213,778.995767,779.148003,210.6236998,211.318597
4211,2.1055,2.105250001,2.105750001,-0.005303943,-0.005808054,patch_4214,779.148003,779.300239,210.6236998,211.524537
4212,2.106,2.105750001,2.106249999,-0.005727228,-0.00627157,patch_4215,779.300239,779.452474,210.6236998,211.596429
4213,2.1065,2.106249999,2.106749999,-0.005370863,-0.005881335,patch_4216,779.452474,779.60471,210.6236998,211.535903
4214,2.107,2.106749999,2.10725,-0.00424444,-0.004647852,patch_4217,779.60471,779.756946,210.6236998,211.344588
4215,2.1075,2.10725,2.107750001,-0.00235755,-0.002581622,patch_4218,779.756946,779.909182,210.6236998,211.024113
4216,2.108,2.107750001,2.108250001,0.000280193,0.000306824,patch_4219,779.909182,780.061418,210.6236998,210.576111
4217,2.1085,2.108250001,2.108749999,0.003626432,0.003971105,patch_4220,780.061418,780.213653,210.6236998,210.007776
4218,2.109,2.108749999,2.109249999,0.007539806,0.008256424,patch_4221,780.213653,780.365889,210.6236998,209.343117
4219,2.1095,2.109249999,2.10975,0.011860333,0.012987594,patch_4222,780.365889,780.518125,210.6236998,208.609306
4220,2.11,2.10975,2.110250001,0.016428018,0.017989413,patch_4223,780.518125,780.670361,210.6236998,207.833517
4221,2.1105,2.110250001,2.110750001,0.021082878,0.023086692,patch_4224,780.670361,780.822597,210.6236998,207.042922
4222,2.111,2.110750001,2.111249999,0.025664935,0.028104248,patch_4225,780.822597,780.974832,210.6236998,206.264692
4223,2.1115,2.111249999,2.111749999,0.030014188,0.032866875,patch_4226,780.974832,781.127068,210.6236998,205.526002
4224,2.112,2.111749999,2.11225,0.033970673,0.037199403,patch_4227,781.127068,781.279304,210.6236998,204.854021
4225,2.1125,2.11225,2.112750001,0.037389538,0.040943212,patch_4228,781.279304,781.43154,210.6236998,204.273351
4226,2.113,2.112750001,2.113250001,0.040173787,0.043992089,patch_4229,781.43154,781.583776,210.6236998,203.800466
4227,2.1135,2.113250001,2.113749999,0.042235822,0.046250109,patch_4230,781.583776,781.736011,210.6236998,203.450244
4228,2.114,2.113749999,2.114249999,0.043488067,0.047621373,patch_4231,781.736011,781.888247,210.6236998,203.237559
4229,2.1145,2.114249999,2.11475,0.04384293,0.048009964,patch_4232,781.888247,782.040483,210.6236998,203.177288
4230,2.115,2.11475,2.115250001,0.043212824,0.04731997,patch_4233,782.040483,782.192719,210.6236998,203.284307
4231,2.1155,2.115250001,2.115750001,0.041510169,0.045455486,patch_4234,782.192719,782.344955,210.6236998,203.573491
4232,2.116,2.115750001,2.116249999,0.038647394,0.042320621,patch_4235,782.344955,782.49719,210.6236998,204.059713
4233,2.1165,2.116249999,2.11675,0.034620486,0.037910976,patch_4236,782.49719,782.649426,210.6236998,204.743655
4234,2.117,2.11675,2.11725,0.029701382,0.032524338,patch_4237,782.649426,782.801662,210.6236998,205.57913
4235,2.1175,2.11725,2.117750001,0.024218911,0.026520787,patch_4238,782.801662,782.953898,210.6236998,206.510289
4236,2.118,2.117750001,2.118250002,0.018501893,0.020260398,patch_4239,782.953898,783.106134,210.6236998,207.481284
4237,2.1185,2.118250002,2.118749999,0.012879163,0.014103258,patch_4240,783.106134,783.258369,210.6236998,208.436265
4238,2.119,2.118749999,2.11925,0.007679535,0.008409434,patch_4241,783.258369,783.410605,210.6236998,209.319385
4239,2.1195,2.11925,2.11975,0.003231844,0.003539013,patch_4242,783.410605,783.562841,210.6236998,210.074794
4240,2.12,2.11975,2.120250001,-0.000135102,-0.000147943,patch_4243,783.562841,783.715077,210.6236998,210.646646
4241,2.1205,2.120250001,2.120750002,-0.002206022,-0.002415692,patch_4244,783.715077,783.867313,210.6236998,210.998377
4242,2.121,2.120750002,2.121249999,-0.003157707,-0.00345783,patch_4245,783.867313,784.019548,210.6236998,211.160014
4243,2.1215,2.121249999,2.12175,-0.003251535,-0.003560576,patch_4246,784.019548,784.171784,210.6236998,211.17595
4244,2.122,2.12175,2.12225,-0.00274887,-0.003010136,patch_4247,784.171784,784.32402,210.6236998,211.090576
4245,2.1225,2.12225,2.122750001,-0.001911102,-0.002092742,patch_4248,784.32402,784.476256,210.6236998,210.948287
4246,2.123,2.122750001,2.123249998,-0.000999589,-0.001094595,patch_4249,784.476256,784.628491,210.6236998,210.793473
4247,2.1235,2.123249998,2.123749999,-0.000275715,-0.00030192,patch_4250,784.628491,784.780727,210.6236998,210.670528
4248,2.124,2.123749999,2.12425,-0.000000843,-0.000000923,patch_4251,784.780727,784.932963,210.6236998,210.623843
4249,2.1245,2.12425,2.12475,-0.00033882,-0.000371023,patch_4252,784.932963,785.085199,210.6236998,210.681246
4250,2.125,2.12475,2.125250001,-0.001101272,-0.001205942,patch_4253,785.085199,785.237435,210.6236998,210.810743
4251,2.1255,2.125250001,2.125749998,-0.002020315,-0.002212335,patch_4254,785.237435,785.38967,210.6236998,210.966836
4252,2.126,2.125749998,2.126249999,-0.002828067,-0.00309686,patch_4255,785.38967,785.541906,210.6236998,211.104027
4253,2.1265,2.126249999,2.12675,-0.003256645,-0.003566172,patch_4256,785.541906,785.694142,210.6236998,211.176818
4254,2.127,2.12675,2.127250001,-0.003038179,-0.003326941,patch_4257,785.694142,785.846378,210.6236998,211.139713
4255,2.1275,2.127250001,2.127750001,-0.001904773,-0.002085811,patch_4258,785.846378,785.998614,210.6236998,210.947212
4256,2.128,2.127750001,2.128249999,0.000411438,0.000450543,patch_4259,785.998614,786.150849,210.6236998,210.55382
4257,2.1285,2.128249999,2.128749999,0.004095971,0.004485271,patch_4260,786.150849,786.303085,210.6236998,209.928028
4258,2.129,2.128749999,2.12925,0.009023136,0.009880736,patch_4261,786.303085,786.455321,210.6236998,209.091184
4259,2.1295,2.12925,2.129750001,0.014993764,0.01641884,patch_4262,786.455321,786.607557,210.6236998,208.077115
4260,2.13,2.129750001,2.130250001,0.021808672,0.023881469,patch_4263,786.607557,786.759793,210.6236998,206.919651
4261,2.1305,2.130250001,2.130749999,0.029268711,0.032050545,patch_4264,786.759793,786.912028,210.6236998,205.652616
4262,2.131,2.130749999,2.131249999,0.037174687,0.04070794,patch_4265,786.912028,787.064264,210.6236998,204.309842
4263,2.1315,2.131249999,2.13175,0.045327449,0.049635578,patch_4266,787.064264,787.2165,210.6236998,202.925153
4264,2.132,2.13175,2.132250001,0.053527819,0.05861535,patch_4267,787.2165,787.368736,210.6236998,201.532378
4265,2.1325,2.132250001,2.132750001,0.061605241,0.067460487,patch_4268,787.368736,787.520972,210.6236998,200.160485
4266,2.133,2.132750001,2.133249999,0.069502261,0.076108076,patch_4269,787.520972,787.673207,210.6236998,198.819232
4267,2.1335,2.133249999,2.133749999,0.077189363,0.084525796,patch_4270,787.673207,787.825443,210.6236998,197.513632
4268,2.134,2.133749999,2.13425,0.084637015,0.092681307,patch_4271,787.825443,787.977679,210.6236998,196.248701
4269,2.1345,2.13425,2.134750001,0.091815718,0.100542307,patch_4272,787.977679,788.129915,210.6236998,195.029449
4270,2.135,2.134750001,2.135250001,0.098695922,0.108076437,patch_4273,788.129915,788.282151,210.6236998,193.860895
4271,2.1355,2.135250001,2.135749999,0.105248146,0.115251415,patch_4274,788.282151,788.434386,210.6236998,192.748046
4272,2.136,2.135749999,2.136249999,0.111442834,0.122034875,patch_4275,788.434386,788.586622,210.6236998,191.695922
4273,2.1365,2.136249999,2.13675,0.117281959,0.128428976,patch_4276,788.586622,788.738858,210.6236998,190.704188
4274,2.137,2.13675,2.137250001,0.122897576,0.134578328,patch_4277,788.738858,788.891094,210.6236998,189.750415
4275,2.1375,2.137250001,2.137750001,0.1284554,0.140664393,patch_4278,788.891094,789.04333,210.6236998,188.806458
4276,2.138,2.137750001,2.138249999,0.134121117,0.146868605,patch_4279,789.04333,789.195565,210.6236998,187.844176
4277,2.1385,2.138249999,2.13875,0.140060422,0.15337241,patch_4280,789.195565,789.347801,210.6236998,186.835427
4278,2.139,2.13875,2.13925,0.146438997,0.160357234,patch_4281,789.347801,789.500037,210.6236998,185.752071
4279,2.1395,2.13925,2.139750001,0.153422561,0.168004549,patch_4282,789.500037,789.652273,210.6236998,184.565962
4280,2.14,2.139750001,2.140250002,0.161176785,0.176495769,patch_4283,789.652273,789.804509,210.6236998,183.248962
4281,2.1405,2.140250002,2.140749999,0.169822902,0.185963653,patch_4284,789.804509,789.956744,210.6236998,181.78048
4282,2.141,2.140749999,2.14125,0.179289667,0.196330183,patch_4285,789.956744,790.10898,210.6236998,180.172617
4283,2.1415,2.14125,2.14175,0.18945384,0.207460406,patch_4286,790.10898,790.261216,210.6236998,178.446304
4284,2.142,2.14175,2.142250001,0.200192179,0.219219366,patch_4287,790.261216,790.413452,210.6236998,176.622473
4285,2.1425,2.142250001,2.142750002,0.211381464,0.231472132,patch_4288,790.413452,790.565688,210.6236998,174.722052
4286,2.143,2.142750002,2.143249999,0.222898452,0.244083748,patch_4289,790.565688,790.717923,210.6236998,172.765973
4287,2.1435,2.143249999,2.14375,0.234619899,0.256919256,patch_4290,790.717923,790.870159,210.6236998,170.775168
4288,2.144,2.14375,2.14425,0.246422528,0.26984366,patch_4291,790.870159,791.022395,210.6236998,168.770575
4289,2.1445,2.14425,2.144750001,0.258155851,0.282692172,patch_4292,791.022395,791.174631,210.6236998,166.777753
4290,2.145,2.144750001,2.145249998,0.269545733,0.295164601,patch_4293,791.174631,791.326866,210.6236998,164.843262
4291,2.1455,2.145249998,2.145749999,0.280283212,0.30692262,patch_4294,791.326866,791.479102,210.6236998,163.019577
4292,2.146,2.145749999,2.14625,0.29005915,0.317627708,patch_4295,791.479102,791.631338,210.6236998,161.359203
4293,2.1465,2.14625,2.14675,0.298564609,0.326941565,patch_4296,791.631338,791.783574,210.6236998,159.914611
4294,2.147,2.14675,2.147250001,0.30549052,0.334525746,patch_4297,791.783574,791.93581,210.6236998,158.738294
4295,2.1475,2.147250001,2.147749998,0.310527891,0.340041893,patch_4298,791.93581,792.088045,210.6236998,157.882732
4296,2.148,2.147749998,2.148249999,0.313367633,0.343151536,patch_4299,792.088045,792.240281,210.6236998,157.400422
4297,2.1485,2.148249999,2.14875,0.313768144,0.343590114,patch_4300,792.240281,792.392517,210.6236998,157.332398
4298,2.149,2.14875,2.149250001,0.311806914,0.34144248,patch_4301,792.392517,792.544753,210.6236998,157.665499
4299,2.1495,2.149250001,2.149750001,0.30765575,0.336896769,patch_4302,792.544753,792.696989,210.6236998,158.370545
4300,2.15,2.149750001,2.150249999,0.301486373,0.330141027,patch_4303,792.696989,792.849224,210.6236998,159.41837
4301,2.1505,2.150249999,2.150749999,0.293470679,0.321363484,patch_4304,792.849224,793.00146,210.6236998,160.779779
4302,2.151,2.150749999,2.15125,0.283780455,0.310752257,patch_4305,793.00146,793.153696,210.6236998,162.425595
4303,2.1515,2.15125,2.151750001,0.272587567,0.298495545,patch_4306,793.153696,793.305932,210.6236998,164.326628
4304,2.152,2.151750001,2.152250001,0.260063796,0.284781457,patch_4307,793.305932,793.458168,210.6236998,166.453702
4305,2.1525,2.152250001,2.152749999,0.246407702,0.269827425,patch_4308,793.458168,793.610403,210.6236998,168.773093
4306,2.153,2.152749999,2.153249999,0.231950592,0.253996245,patch_4309,793.610403,793.762639,210.6236998,171.228531
4307,2.1535,2.153249999,2.15375,0.21706468,0.237695507,patch_4310,793.762639,793.914875,210.6236998,173.756798
4308,2.154,2.15375,2.154250001,0.202122268,0.2213329,patch_4311,793.914875,794.067111,210.6236998,176.294661
4309,2.1545,2.154250001,2.154750001,0.187495619,0.205316066,patch_4312,794.067111,794.219347,210.6236998,178.778894
4310,2.155,2.154750001,2.155249999,0.173556982,0.190052637,patch_4313,794.219347,794.371582,210.6236998,181.146273
4311,2.1555,2.155249999,2.155749999,0.160678636,0.175950274,patch_4314,794.371582,794.523818,210.6236998,183.333569
4312,2.156,2.155749999,2.15625,0.149232861,0.16341664,patch_4315,794.523818,794.676054,210.6236998,185.277553
4313,2.1565,2.15625,2.156750001,0.139545705,0.152808772,patch_4316,794.676054,794.82829,210.6236998,186.922848
4314,2.157,2.156750001,2.157250001,0.131703418,0.144221118,patch_4317,794.82829,794.980526,210.6236998,188.254805
4315,2.1575,2.157250001,2.157749999,0.12571482,0.137663336,patch_4318,794.980526,795.132761,210.6236998,189.271926
4316,2.158,2.157749999,2.158249999,0.121588614,0.133144956,patch_4319,795.132761,795.284997,210.6236998,189.972733
4317,2.1585,2.158249999,2.15875,0.119333595,0.13067561,patch_4320,795.284997,795.437233,210.6236998,190.355732
4318,2.159,2.15875,2.159250001,0.118958496,0.130264859,patch_4321,795.437233,795.589469,210.6236998,190.41944
4319,2.1595,2.159250001,2.159750001,0.120472077,0.131922298,patch_4322,795.589469,795.741705,210.6236998,190.162369
4320,2.16,2.159750001,2.160249999,0.12388311,0.135657532,patch_4323,795.741705,795.89394,210.6236998,189.583029
4321,2.1605,2.160249999,2.16075,0.129104941,0.141375669,patch_4324,795.89394,796.046176,210.6236998,188.696138
4322,2.161,2.16075,2.16125,0.135533092,0.148414781,patch_4325,796.046176,796.198412,210.6236998,187.604362
4323,2.1615,2.16125,2.161750001,0.142388225,0.155921458,patch_4326,796.198412,796.350648,210.6236998,186.440066
4324,2.162,2.161750001,2.162250002,0.148890833,0.163042104,patch_4327,796.350648,796.502884,210.6236998,185.335644
4325,2.1625,2.162250002,2.162749999,0.154261454,0.168923174,patch_4328,796.502884,796.655119,210.6236998,184.423482
4326,2.163,2.162749999,2.16325,0.15772058,0.17271107,patch_4329,796.655119,796.807355,210.6236998,183.835974
4327,2.1635,2.16325,2.16375,0.158488689,0.173552184,patch_4330,796.807355,796.959591,210.6236998,183.705516
4328,2.164,2.16375,2.164250001,0.155786351,0.170593004,patch_4331,796.959591,797.111827,210.6236998,184.164489
4329,2.1645,2.164250001,2.164750002,0.149021118,0.163184772,patch_4332,797.111827,797.264063,210.6236998,185.313516
4330,2.165,2.164750002,2.165249999,0.138664155,0.151843435,patch_4333,797.264063,797.416298,210.6236998,187.072573
4331,2.1655,2.165249999,2.16575,0.125561909,0.137495891,patch_4334,797.416298,797.568534,210.6236998,189.297897
4332,2.166,2.16575,2.16625,0.110561196,0.121069442,patch_4335,797.568534,797.72077,210.6236998,191.845662
4333,2.1665,2.16625,2.166750001,0.094508877,0.103491436,patch_4336,797.72077,797.873006,210.6236998,194.572035
4334,2.167,2.166750001,2.167249998,0.078251827,0.085689241,patch_4337,797.873006,798.025241,210.6236998,197.33318
4335,2.1675,2.167249998,2.167749999,0.062636882,0.06859018,patch_4338,798.025241,798.177477,210.6236998,199.985268
4336,2.168,2.167749999,2.16825,0.048510878,0.053121575,patch_4339,798.177477,798.329713,210.6236998,202.38447
4337,2.1685,2.16825,2.16875,0.036598943,0.040077475,patch_4340,798.329713,798.481949,210.6236998,204.407628
4338,2.169,2.16875,2.169250001,0.026901395,0.029458227,patch_4341,798.481949,798.634185,210.6236998,206.054688
4339,2.1695,2.169250001,2.169749998,0.019151376,0.020971611,patch_4342,798.634185,798.78642,210.6236998,207.370974
4340,2.17,2.169749998,2.170249999,0.013081644,0.014324984,patch_4343,798.78642,798.938656,210.6236998,208.401875
4341,2.1705,2.170249999,2.17075,0.008424936,0.00922568,patch_4344,798.938656,799.090892,210.6236998,209.192784
4342,2.171,2.17075,2.171250001,0.00491401,0.00538106,patch_4345,799.090892,799.243128,210.6236998,209.78909
4343,2.1715,2.171250001,2.171750001,0.002281601,0.002498455,patch_4346,799.243128,799.395364,210.6236998,210.236186
4344,2.172,2.171750001,2.172249999,0.000260457,0.000285212,patch_4347,799.395364,799.547599,210.6236998,210.579463
4345,2.1725,2.172249999,2.172749999,-0.00138378,-0.0015153,patch_4348,799.547599,799.699835,210.6236998,210.858725
4346,2.173,2.172749999,2.17325,-0.002680266,-0.002935011,patch_4349,799.699835,799.852071,210.6236998,211.078924
4347,2.1735,2.17325,2.173750001,-0.003579179,-0.00391936,patch_4350,799.852071,800.004307,210.6236998,211.231598
4348,2.174,2.173750001,2.174250001,-0.004030537,-0.004413618,patch_4351,800.004307,800.156543,210.6236998,211.308258
4349,2.1745,2.174250001,2.174749999,-0.003984347,-0.004363038,patch_4352,800.156543,800.308778,210.6236998,211.300413
4350,2.175,2.174749999,2.175249999,-0.003390628,-0.003712889,patch_4353,800.308778,800.461014,210.6236998,211.199574
4351,2.1755,2.175249999,2.17575,-0.002199398,-0.002408439,patch_4354,800.461014,800.61325,210.6236998,210.997252
4352,2.176,2.17575,2.176250001,-0.000360658,-0.000394937,patch_4355,800.61325,800.765486,210.6236998,210.684955
4353,2.1765,2.176250001,2.176750001,0.002149408,0.002353698,patch_4356,800.765486,800.917722,210.6236998,210.258638
4354,2.177,2.176750001,2.177249999,0.005183629,0.005676305,patch_4357,800.917722,801.069957,210.6236998,209.743297
4355,2.1775,2.177249999,2.177749999,0.008526123,0.009336485,patch_4358,801.069957,801.222193,210.6236998,209.175598
4356,2.178,2.177749999,2.17825,0.011960826,0.013097638,patch_4359,801.222193,801.374429,210.6236998,208.592238
4357,2.1785,2.17825,2.178750001,0.015271668,0.016723157,patch_4360,801.374429,801.526665,210.6236998,208.029915
4358,2.179,2.178750001,2.179250001,0.018242577,0.019976436,patch_4361,801.526665,801.678901,210.6236998,207.525327
4359,2.1795,2.179250001,2.179749999,0.020657491,0.022620874,patch_4362,801.678901,801.831136,210.6236998,207.115171
4360,2.18,2.179749999,2.180249999,0.022300344,0.024419871,patch_4363,801.831136,801.983372,210.6236998,206.836144
4361,2.1805,2.180249999,2.18075,0.022990058,0.025175139,patch_4364,801.983372,802.135608,210.6236998,206.719001
4362,2.181,2.18075,2.181250001,0.022785368,0.024950995,patch_4365,802.135608,802.287844,210.6236998,206.753766
4363,2.1815,2.181250001,2.181750001,0.021845582,0.023921887,patch_4366,802.287844,802.44008,210.6236998,206.913382
4364,2.182,2.181750001,2.182249999,0.020330341,0.022262631,patch_4367,802.44008,802.592315,210.6236998,207.170735
4365,2.1825,2.182249999,2.18275,0.018399298,0.020148052,patch_4368,802.592315,802.744551,210.6236998,207.498709
4366,2.183,2.18275,2.18325,0.016212089,0.017752961,patch_4369,802.744551,802.896787,210.6236998,207.870191
4367,2.1835,2.18325,2.183750001,0.013928368,0.015252184,patch_4370,802.896787,803.049023,210.6236998,208.258065
4368,2.184,2.183750001,2.184250002,0.011707775,0.012820536,patch_4371,803.049023,803.201259,210.6236998,208.635217
4369,2.1845,2.184250002,2.184749999,0.009693125,0.010614404,patch_4372,803.201259,803.353494,210.6236998,208.977391
4370,2.185,2.184749999,2.18525,0.007906274,0.008657723,patch_4373,803.353494,803.50573,210.6236998,209.280875
4371,2.1855,2.18525,2.18575,0.006316117,0.00691643,patch_4374,803.50573,803.657966,210.6236998,209.550952
4372,2.186,2.18575,2.186250001,0.004891353,0.00535625,patch_4375,803.657966,803.810202,210.6236998,209.792938
4373,2.1865,2.186250001,2.186750002,0.003600673,0.003942897,patch_4376,803.810202,803.962438,210.6236998,210.012151
4374,2.187,2.186750002,2.187249999,0.002412763,0.002642083,patch_4377,803.962438,804.114673,210.6236998,210.213909
4375,2.1875,2.187249999,2.18775,0.00129632,0.001419528,patch_4378,804.114673,804.266909,210.6236998,210.403529
4376,2.188,2.18775,2.18825,0.000220026,0.000240938,patch_4379,804.266909,804.419145,210.6236998,210.58633
4377,2.1885,2.18825,2.188750001,-0.000830192,-0.000909097,patch_4380,804.419145,804.571381,210.6236998,210.764702
4378,2.189,2.188750001,2.189249998,-0.001738401,-0.001903627,patch_4381,804.571381,804.723616,210.6236998,210.918955
4379,2.1895,2.189249998,2.189749999,-0.002329359,-0.002550752,patch_4382,804.723616,804.875852,210.6236998,211.019325
4380,2.19,2.189749999,2.19025,-0.002427497,-0.002658217,patch_4383,804.875852,805.028088,210.6236998,211.035993
4381,2.1905,2.19025,2.19075,-0.00185727,-0.002033794,patch_4384,805.028088,805.180324,210.6236998,210.939144
4382,2.191,2.19075,2.191250001,-0.000443111,-0.000485226,patch_4385,805.180324,805.33256,210.6236998,210.698959
4383,2.1915,2.191250001,2.191749998,0.001990526,0.002179715,patch_4386,805.33256,805.484795,210.6236998,210.285623
4384,2.192,2.191749998,2.192249999,0.005619208,0.006153284,patch_4387,805.484795,805.637031,210.6236998,209.669317
4385,2.1925,2.192249999,2.19275,0.010570624,0.011575305,patch_4388,805.637031,805.789267,210.6236998,208.828354
4386,2.193,2.19275,2.19325,0.016593342,0.018170449,patch_4389,805.789267,805.941503,210.6236998,207.805438
4387,2.1935,2.19325,2.193750001,0.023255526,0.025465839,patch_4390,805.941503,806.093739,210.6236998,206.673913
4388,2.194,2.193750001,2.194249999,0.030124231,0.032987377,patch_4391,806.093739,806.245974,210.6236998,205.507312
4389,2.1945,2.194249999,2.194749999,0.036766515,0.040260974,patch_4392,806.245974,806.39821,210.6236998,204.379167
4390,2.195,2.194749999,2.19525,0.042749443,0.046812547,patch_4393,806.39821,806.550446,210.6236998,203.363009
4391,2.1955,2.19525,2.195750001,0.047640062,0.052167993,patch_4394,806.550446,806.702682,210.6236998,202.532372
4392,2.196,2.195750001,2.196250001,0.051005442,0.055853234,patch_4395,806.702682,806.854918,210.6236998,201.960786
4393,2.1965,2.196250001,2.196749999,0.052466821,0.05745351,patch_4396,806.854918,807.007153,210.6236998,201.712581
4394,2.197,2.196749999,2.197249999,0.052096302,0.057047775,patch_4397,807.007153,807.159389,210.6236998,201.775511
4395,2.1975,2.197249999,2.19775,0.050189641,0.054959896,patch_4398,807.159389,807.311625,210.6236998,202.099344
4396,2.198,2.19775,2.198250001,0.047044217,0.051515516,patch_4399,807.311625,807.463861,210.6236998,202.633572
4397,2.1985,2.198250001,2.198750001,0.042957406,0.047040276,patch_4400,807.463861,807.616097,210.6236998,203.327688
4398,2.199,2.198750001,2.199249999,0.038226582,0.041859812,patch_4401,807.616097,807.768332,210.6236998,204.131185
4399,2.1995,2.199249999,2.199749999,0.033149108,0.036299752,patch_4402,807.768332,807.920568,210.6236998,204.993558
4400,2.2,2.199749999,2.20025,0.02802236,0.030685734,patch_4403,807.920568,808.072804,210.6236998,205.8643
4401,2.2005,2.20025,2.200750001,0.023125206,0.025323132,patch_4404,808.072804,808.22504,210.6236998,206.696047
4402,2.201,2.200750001,2.201250001,0.018574549,0.020339959,patch_4405,808.22504,808.377276,210.6236998,207.468944
4403,2.2015,2.201250001,2.201749999,0.01440356,0.01577254,patch_4406,808.377276,808.529511,210.6236998,208.177357
4404,2.202,2.201749999,2.202249999,0.010644716,0.011656439,patch_4407,808.529511,808.681747,210.6236998,208.81577
4405,2.2025,2.202249999,2.20275,0.007330495,0.008027219,patch_4408,808.681747,808.833983,210.6236998,209.378667
4406,2.203,2.20275,2.203250001,0.004493362,0.004920432,patch_4409,808.833983,808.986219,210.6236998,209.860534
4407,2.2035,2.203250001,2.203750001,0.002165794,0.002371641,patch_4410,808.986219,809.138455,210.6236998,210.255855
4408,2.204,2.203750001,2.204249999,0.000380268,0.00041641,patch_4411,809.138455,809.29069,210.6236998,210.559114
4409,2.2045,2.204249999,2.20475,-0.000838947,-0.000918684,patch_4412,809.29069,809.442926,210.6236998,210.766189
4410,2.205,2.20475,2.20525,-0.001543044,-0.001689703,patch_4413,809.442926,809.595162,210.6236998,210.885775
4411,2.2055,2.20525,2.205750001,-0.00182388,-0.00199723,patch_4414,809.595162,809.747398,210.6236998,210.933473
4412,2.206,2.205750001,2.206250002,-0.001773705,-0.001942286,patch_4415,809.747398,809.899634,210.6236998,210.924951
4413,2.2065,2.206250002,2.206749999,-0.001484749,-0.001625867,patch_4416,809.899634,810.051869,210.6236998,210.875874
4414,2.207,2.206749999,2.20725,-0.001049265,-0.001148992,patch_4417,810.051869,810.204105,210.6236998,210.80191
4415,2.2075,2.20725,2.20775,-0.000559506,-0.000612684,patch_4418,810.204105,810.356341,210.6236998,210.718728
4416,2.208,2.20775,2.208250001,-0.000107707,-0.000117944,patch_4419,810.356341,810.508577,210.6236998,210.641993
4417,2.2085,2.208250001,2.208750002,0.000221109,0.000242124,patch_4420,810.508577,810.660813,210.6236998,210.586146
4418,2.209,2.208750002,2.209249999,0.000411903,0.000451052,patch_4421,810.660813,810.813048,210.6236998,210.553741
4419,2.2095,2.209249999,2.20975,0.000488915,0.000535384,patch_4422,810.813048,810.965284,210.6236998,210.540661
4420,2.21,2.20975,2.21025,0.000476804,0.000522122,patch_4423,810.965284,811.11752,210.6236998,210.542718
4421,2.2105,2.21025,2.210750001,0.000400257,0.000438299,patch_4424,811.11752,811.269756,210.6236998,210.555719
4422,2.211,2.210750001,2.211249998,0.000283938,0.000310924,patch_4425,811.269756,811.421991,210.6236998,210.575475
4423,2.2115,2.211249998,2.211749999,0.000152516,0.000167012,patch_4426,811.421991,811.574227,210.6236998,210.597796
4424,2.212,2.211749999,2.21225,0.000030668,0.000033583,patch_4427,811.574227,811.726463,210.6236998,210.618491
4425,2.2125,2.21225,2.21275,-0.000058744,-0.000064327,patch_4428,811.726463,811.878699,210.6236998,210.633677
4426,2.213,2.21275,2.213250001,-0.000111263,-0.000121838,patch_4429,811.878699,812.030935,210.6236998,210.642597
4427,2.2135,2.213250001,2.213749998,-0.000133189,-0.000145848,patch_4430,812.030935,812.18317,210.6236998,210.646321
4428,2.214,2.213749998,2.214249999,-0.000130969,-0.000143417,patch_4431,812.18317,812.335406,210.6236998,210.645944
4429,2.2145,2.214249999,2.21475,-0.000111033,-0.000121586,patch_4432,812.335406,812.487642,210.6236998,210.642558
4430,2.215,2.21475,2.21525,-0.000079834,-0.000087422,patch_4433,812.487642,812.639878,210.6236998,210.637259
4431,2.2155,2.21525,2.215750001,-0.000043806,-0.00004797,patch_4434,812.639878,812.792114,210.6236998,210.63114
4432,2.216,2.215750001,2.216249999,-0.000009386,-0.000010278,patch_4435,812.792114,812.944349,210.6236998,210.625294
4433,2.2165,2.216249999,2.216749999,0.000017391,0.000019044,patch_4436,812.944349,813.096585,210.6236998,210.620746
4434,2.217,2.216749999,2.21725,0.000034902,0.000038219,patch_4437,813.096585,813.248821,210.6236998,210.617772
4435,2.2175,2.21725,2.217750001,0.000044187,0.000048386,patch_4438,813.248821,813.401057,210.6236998,210.616195
4436,2.218,2.217750001,2.218250001,0.000046348,0.000050753,patch_4439,813.401057,813.553293,210.6236998,210.615828
4437,2.2185,2.218250001,2.218749999,0.000042462,0.000046497,patch_4440,813.553293,813.705528,210.6236998,210.616488
4438,2.219,2.218749999,2.219249999,0.00003363,0.000036826,patch_4441,813.705528,813.857764,210.6236998,210.617988
4439,2.2195,2.219249999,2.21975,0.000020936,0.000022926,patch_4442,813.857764,814.01,210.6236998,210.620144
4440,2.22,2.21975,2.220250001,0.000005469,0.000005988,patch_4443,814.01,814.162236,210.6236998,210.622771
4441,2.2205,2.220250001,2.220750001,-0.00001163,-0.000012735,patch_4444,814.162236,814.314472,210.6236998,210.625675
4442,2.221,2.220750001,2.221249999,-0.000028651,-0.000031374,patch_4445,814.314472,814.466707,210.6236998,210.628566
4443,2.2215,2.221249999,2.221749999,-0.000043512,-0.000047648,patch_4446,814.466707,814.618943,210.6236998,210.63109
4444,2.222,2.221749999,2.22225,-0.000054134,-0.000059279,patch_4447,814.618943,814.771179,210.6236998,210.632894
4445,2.2225,2.22225,2.222750001,-0.000058426,-0.000063979,patch_4448,814.771179,814.923415,210.6236998,210.633623
4446,2.223,2.222750001,2.223250001,-0.000054316,-0.000059479,patch_4449,814.923415,815.075651,210.6236998,210.632925
4447,2.2235,2.223250001,2.223749999,-0.000039714,-0.000043489,patch_4450,815.075651,815.227886,210.6236998,210.630445
4448,2.224,2.223749999,2.224249999,-0.000012542,-0.000013734,patch_4451,815.227886,815.380122,210.6236998,210.62583
4449,2.2245,2.224249999,2.22475,0.000028743,0.000031475,patch_4452,815.380122,815.532358,210.6236998,210.618818
4450,2.225,2.22475,2.225250001,0.000079113,0.000086632,patch_4453,815.532358,815.684594,210.6236998,210.610263
4451,2.2255,2.225250001,2.225750001,0.000129224,0.000141506,patch_4454,815.684594,815.83683,210.6236998,210.601752
4452,2.226,2.225750001,2.226249999,0.000169667,0.000185793,patch_4455,815.83683,815.989065,210.6236998,210.594883
4453,2.2265,2.226249999,2.22675,0.000191005,0.000209159,patch_4456,815.989065,816.141301,210.6236998,210.591259
4454,2.227,2.22675,2.22725,0.000183827,0.000201299,patch_4457,816.141301,816.293537,210.6236998,210.592478
4455,2.2275,2.22725,2.227750001,0.000138715,0.000151899,patch_4458,816.293537,816.445773,210.6236998,210.60014
4456,2.228,2.227750001,2.228250002,0.000046236,0.00005063,patch_4459,816.445773,816.598009,210.6236998,210.615847
4457,2.2285,2.228250002,2.228749999,-0.000101024,-0.000110626,patch_4460,816.598009,816.750244,210.6236998,210.640858
4458,2.229,2.228749999,2.22925,-0.000285182,-0.000312287,patch_4461,816.750244,816.90248,210.6236998,210.672136
4459,2.2295,2.22925,2.22975,-0.000470983,-0.000515748,patch_4462,816.90248,817.054716,210.6236998,210.703693
4460,2.23,2.22975,2.230250001,-0.000622818,-0.000682013,patch_4463,817.054716,817.206952,210.6236998,210.729481
4461,2.2305,2.230250001,2.230750002,-0.000705094,-0.000772109,patch_4464,817.206952,817.359188,210.6236998,210.743455
4462,2.231,2.230750002,2.231249999,-0.000682208,-0.000747048,patch_4465,817.359188,817.511423,210.6236998,210.739568
4463,2.2315,2.231249999,2.23175,-0.000518557,-0.000567843,patch_4466,817.511423,817.663659,210.6236998,210.711773
4464,2.232,2.23175,2.23225,-0.000178543,-0.000195512,patch_4467,817.663659,817.815895,210.6236998,210.654024
4465,2.2325,2.23225,2.232750001,0.00038254,0.000418899,patch_4468,817.815895,817.968131,210.6236998,210.558728
4466,2.233,2.232750001,2.233249998,0.001331447,0.001457993,patch_4469,817.968131,818.120366,210.6236998,210.397563
4467,2.2335,2.233249998,2.233749999,0.002922152,0.003199886,patch_4470,818.120366,818.272602,210.6236998,210.127393
4468,2.234,2.233749999,2.23425,0.005410504,0.005924743,patch_4471,818.272602,818.424838,210.6236998,209.704764
4469,2.2345,2.23425,2.23475,0.009052363,0.009912741,patch_4472,818.424838,818.577074,210.6236998,209.08622
4470,2.235,2.23475,2.235250001,0.014103577,0.015444045,patch_4473,818.577074,818.72931,210.6236998,208.228307
4471,2.2355,2.235250001,2.235749998,0.020820006,0.022798835,patch_4474,818.72931,818.881545,210.6236998,207.087569
4472,2.236,2.235749998,2.236249999,0.029457504,0.03225728,patch_4475,818.881545,819.033781,210.6236998,205.620551
4473,2.2365,2.236249999,2.23675,0.040247125,0.044072398,patch_4476,819.033781,819.186017,210.6236998,203.78801
4474,2.237,2.23675,2.23725,0.053067671,0.058111466,patch_4477,819.186017,819.338253,210.6236998,201.610531
4475,2.2375,2.23725,2.237750001,0.067536056,0.073954994,patch_4478,819.338253,819.490489,210.6236998,199.153178
4476,2.238,2.237750001,2.238249999,0.083262939,0.091176633,patch_4479,819.490489,819.642724,210.6236998,196.482078
4477,2.2385,2.238249999,2.238749999,0.099859043,0.109350107,patch_4480,819.642724,819.79496,210.6236998,193.663347
4478,2.239,2.238749999,2.23925,0.116935044,0.128049089,patch_4481,819.79496,819.947196,210.6236998,190.763109
4479,2.2395,2.23925,2.239750001,0.134101628,0.146847265,patch_4482,819.947196,820.099432,210.6236998,187.847486
4480,2.24,2.239750001,2.240250001,0.150969489,0.165318325,patch_4483,820.099432,820.251668,210.6236998,184.982599
4481,2.2405,2.240250001,2.240749999,0.167162951,0.183050888,patch_4484,820.251668,820.403903,210.6236998,182.232254
4482,2.241,2.240749999,2.241249999,0.182512326,0.199859139,patch_4485,820.403903,820.556139,210.6236998,179.625271
4483,2.2415,2.241249999,2.24175,0.19700716,0.215731628,patch_4486,820.556139,820.708375,210.6236998,177.163426
4484,2.242,2.24175,2.242250001,0.210641157,0.230661463,patch_4487,820.708375,820.860611,210.6236998,174.847788
4485,2.2425,2.242250001,2.242750001,0.223407982,0.244641705,patch_4488,820.860611,821.012847,210.6236998,172.679433
4486,2.243,2.242750001,2.243249999,0.235301376,0.257665503,patch_4489,821.012847,821.165082,210.6236998,170.659424
4487,2.2435,2.243249999,2.243749999,0.246314969,0.269725879,patch_4490,821.165082,821.317318,210.6236998,168.788843
4488,2.244,2.243749999,2.24425,0.256442544,0.280816025,patch_4491,821.317318,821.469554,210.6236998,167.068746
4489,2.2445,2.24425,2.244750001,0.265674174,0.290925071,patch_4492,821.469554,821.62179,210.6236998,165.500819
4490,2.245,2.244750001,2.245250001,0.273943484,0.299980335,patch_4493,821.62179,821.774026,210.6236998,164.096335
4491,2.2455,2.245250001,2.245749999,0.281138567,0.307859272,patch_4494,821.774026,821.926261,210.6236998,162.874301
4492,2.246,2.245749999,2.246249999,0.287146088,0.314437776,patch_4495,821.926261,822.078497,210.6236998,161.853966
4493,2.2465,2.246249999,2.24675,0.29185292,0.319591966,patch_4496,822.078497,822.230733,210.6236998,161.054544
4494,2.247,2.24675,2.247250001,0.29514578,0.323197794,patch_4497,822.230733,822.382969,210.6236998,160.495275
4495,2.2475,2.247250001,2.247750001,0.296911387,0.325131213,patch_4498,822.382969,822.535205,210.6236998,160.195399
4496,2.248,2.247750001,2.248249999,0.297036585,0.325268311,patch_4499,822.535205,822.68744,210.6236998,160.174135
4497,2.2485,2.248249999,2.24875,0.295425744,0.323504368,patch_4500,822.68744,822.839676,210.6236998,160.447725
4498,2.249,2.24875,2.24925,0.292282758,0.320062658,patch_4501,822.839676,822.991912,210.6236998,160.981539
4499,2.2495,2.24925,2.249750001,0.28806257,0.315441364,patch_4502,822.991912,823.144148,210.6236998,161.698308
4500,2.25,2.249750001,2.250250002,0.283227592,0.310146847,patch_4503,823.144148,823.296384,210.6236998,162.519495
4501,2.2505,2.250250002,2.250749999,0.278240443,0.304685696,patch_4504,823.296384,823.448619,210.6236998,163.366527
4502,2.251,2.250749999,2.25125,0.273563622,0.299564369,patch_4505,823.448619,823.600855,210.6236998,164.160852
4503,2.2515,2.25125,2.25175,0.269659638,0.295289333,patch_4506,823.600855,823.753091,210.6236998,164.823916
4504,2.252,2.25175,2.252250001,0.26699102,0.292367076,patch_4507,823.753091,823.905327,210.6236998,165.277162
4505,2.2525,2.252250001,2.252750002,0.266001429,0.29128343,patch_4508,823.905327,824.057563,210.6236998,165.445237
4506,2.253,2.252750002,2.253249999,0.266791936,0.29214907,patch_4509,824.057563,824.209798,210.6236998,165.310975
4507,2.2535,2.253249999,2.25375,0.269165334,0.294748048,patch_4510,824.209798,824.362034,210.6236998,164.90787
4508,2.254,2.25375,2.25425,0.272914557,0.298853614,patch_4511,824.362034,824.51427,210.6236998,164.271091
4509,2.2545,2.25425,2.254750001,0.277832419,0.304238892,patch_4512,824.51427,824.666506,210.6236998,163.435827
4510,2.255,2.254750001,2.255249998,0.283711727,0.310676997,patch_4513,824.666506,824.818741,210.6236998,162.437268
4511,2.2555,2.255249998,2.255749999,0.290345486,0.317941258,patch_4514,824.818741,824.970977,210.6236998,161.310571
4512,2.256,2.255749999,2.25625,0.297526479,0.325804766,patch_4515,824.970977,825.123213,210.6236998,160.09093
4513,2.2565,2.25625,2.25675,0.30504635,0.334039361,patch_4516,825.123213,825.275449,210.6236998,158.813733
4514,2.257,2.25675,2.257250001,0.31267282,0.342390686,patch_4517,825.275449,825.427685,210.6236998,157.518431
4515,2.2575,2.257250001,2.257749998,0.320151925,0.350580638,patch_4518,825.427685,825.57992,210.6236998,156.248158
4516,2.258,2.257749998,2.258249999,0.327229022,0.358330376,patch_4519,825.57992,825.732156,210.6236998,155.046163
4517,2.2585,2.258249999,2.25875,0.333649366,0.365360939,patch_4520,825.732156,825.884392,210.6236998,153.955713
4518,2.259,2.25875,2.25925,0.339158238,0.371393399,patch_4521,825.884392,826.036628,210.6236998,153.02007
4519,2.2595,2.25925,2.259750001,0.34350088,0.376148786,patch_4522,826.036628,826.188864,210.6236998,152.282503
4520,2.26,2.259750001,2.260249999,0.346422673,0.37934828,patch_4523,826.188864,826.341099,210.6236998,151.786257
4521,2.2605,2.260249999,2.260749999,0.347684769,0.380730331,patch_4524,826.341099,826.493335,210.6236998,151.571899
4522,2.261,2.260749999,2.26125,0.347378403,0.380394847,patch_4525,826.493335,826.645571,210.6236998,151.623933
4523,2.2615,2.26125,2.261750001,0.34590536,0.378781799,patch_4526,826.645571,826.797807,210.6236998,151.874119
4524,2.262,2.261750001,2.262250001,0.343679574,0.376344464,patch_4527,826.797807,826.950043,210.6236998,152.252153
4525,2.2625,2.262250001,2.262749999,0.341115087,0.373536236,patch_4528,826.950043,827.102278,210.6236998,152.687713
4526,2.263,2.262749999,2.263249999,0.338625728,0.370810278,patch_4529,827.102278,827.254514,210.6236998,153.110513
4527,2.2635,2.263249999,2.26375,0.336625515,0.368619955,patch_4530,827.254514,827.40675,210.6236998,153.450235
4528,2.264,2.26375,2.264250001,0.335528372,0.367418535,patch_4531,827.40675,827.558986,210.6236998,153.636577
4529,2.2645,2.264250001,2.264750001,0.335729747,0.367639049,patch_4532,827.558986,827.711222,210.6236998,153.602375
4530,2.265,2.264750001,2.265249999,0.337215961,0.36926652,patch_4533,827.711222,827.863457,210.6236998,153.349952
4531,2.2655,2.265249999,2.265749999,0.339572638,0.371847186,patch_4534,827.863457,828.015693,210.6236998,152.949687
4532,2.266,2.265749999,2.26625,0.34236851,0.37490879,patch_4535,828.015693,828.167929,210.6236998,152.474828
4533,2.2665,2.26625,2.266750001,0.345172465,0.377979246,patch_4536,828.167929,828.320165,210.6236998,151.998596
4534,2.267,2.266750001,2.267250001,0.347553312,0.38058638,patch_4537,828.320165,828.472401,210.6236998,151.594226
4535,2.2675,2.267250001,2.267749999,0.349079875,0.382258035,patch_4538,828.472401,828.624636,210.6236998,151.33495
4536,2.268,2.267749999,2.268249999,0.349320945,0.382522017,patch_4539,828.624636,828.776872,210.6236998,151.294006
4537,2.2685,2.268249999,2.26875,0.347854643,0.380916351,patch_4540,828.776872,828.929108,210.6236998,151.543047
4538,2.269,2.26875,2.269250001,0.344481285,0.377222374,patch_4541,828.929108,829.081344,210.6236998,152.115988
4539,2.2695,2.269250001,2.269750001,0.339227107,0.371468815,patch_4542,829.081344,829.23358,210.6236998,153.008373
4540,2.27,2.269750001,2.270249999,0.332128584,0.363695615,patch_4543,829.23358,829.385815,210.6236998,154.214007
4541,2.2705,2.270249999,2.27075,0.323222279,0.353942813,patch_4544,829.385815,829.538051,210.6236998,155.72668
4542,2.271,2.27075,2.27125,0.312544614,0.342250294,patch_4545,829.538051,829.690287,210.6236998,157.540206
4543,2.2715,2.27125,2.271750001,0.300132122,0.328658061,patch_4546,829.690287,829.842523,210.6236998,159.64838
4544,2.272,2.271750001,2.272250002,0.28602132,0.313206104,patch_4547,829.842523,829.994759,210.6236998,162.045
4545,2.2725,2.272250002,2.272749999,0.27025586,0.295942222,patch_4548,829.994759,830.146994,210.6236998,164.722652
4546,2.273,2.272749999,2.27325,0.253065671,0.277118199,patch_4549,830.146994,830.29923,210.6236998,167.642284
4547,2.2735,2.27325,2.27375,0.234877496,0.257201336,patch_4550,830.29923,830.451466,210.6236998,170.731417
4548,2.274,2.27375,2.274250001,0.216127602,0.236669365,patch_4551,830.451466,830.603702,210.6236998,173.915954
4549,2.2745,2.274250001,2.274750002,0.197252333,0.216000104,patch_4552,830.603702,830.755938,210.6236998,177.121785
4550,2.275,2.274750002,2.275249999,0.178687987,0.195671317,patch_4553,830.755938,830.908173,210.6236998,180.274808
4551,2.2755,2.275249999,2.27575,0.16087082,0.176160723,patch_4554,830.908173,831.060409,210.6236998,183.300928
4552,2.276,2.27575,2.27625,0.144237128,0.157946089,patch_4555,831.060409,831.212645,210.6236998,186.126043
4553,2.2765,2.27625,2.276750001,0.129212216,0.141493141,patch_4556,831.212645,831.364881,210.6236998,188.677918
4554,2.277,2.276750001,2.277249998,0.115917569,0.126934908,patch_4557,831.364881,831.517116,210.6236998,190.93592
4555,2.2775,2.277249998,2.277749999,0.10414004,0.114037989,patch_4558,831.517116,831.669352,210.6236998,192.93625
4556,2.278,2.277749999,2.27825,0.093649306,0.102550168,patch_4559,831.669352,831.821588,210.6236998,194.718027
4557,2.2785,2.27825,2.27875,0.084214989,0.09221917,patch_4560,831.821588,831.973824,210.6236998,196.320379
4558,2.279,2.27875,2.279250001,0.07560676,0.082792774,patch_4561,831.973824,832.12606,210.6236998,197.782426
4559,2.2795,2.279250001,2.279749998,0.067594263,0.074018733,patch_4562,832.12606,832.278295,210.6236998,199.143292
4560,2.28,2.279749998,2.280249999,0.059947156,0.06564481,patch_4563,832.278295,832.430531,210.6236998,200.442099
4561,2.2805,2.280249999,2.28075,0.052440426,0.057424606,patch_4564,832.430531,832.582767,210.6236998,201.717064
4562,2.281,2.28075,2.28125,0.045008048,0.04928582,patch_4565,832.582767,832.735003,210.6236998,202.979401
4563,2.2815,2.28125,2.281750001,0.037766127,0.041355594,patch_4566,832.735003,832.887239,210.6236998,204.20939
4564,2.282,2.281750001,2.282249999,0.030840788,0.033772038,patch_4567,832.887239,833.039474,210.6236998,205.38561
4565,2.2825,2.282249999,2.282749999,0.024358151,0.026673262,patch_4568,833.039474,833.19171,210.6236998,206.48664
4566,2.283,2.282749999,2.28325,0.018444328,0.020197362,patch_4569,833.19171,833.343946,210.6236998,207.491061
4567,2.2835,2.28325,2.283750001,0.013225436,0.014482442,patch_4570,833.343946,833.496182,210.6236998,208.377453
4568,2.284,2.283750001,2.284250001,0.008827584,0.009666599,patch_4571,833.496182,833.648418,210.6236998,209.124397
4569,2.2845,2.284250001,2.284749999,0.005373257,0.005883957,patch_4572,833.648418,833.800653,210.6236998,209.71109
4570,2.285,2.284749999,2.285249999,0.002867307,0.003139829,patch_4573,833.800653,833.952889,210.6236998,210.136708
4571,2.2855,2.285249999,2.28575,0.001174449,0.001286074,patch_4574,833.952889,834.105125,210.6236998,210.424228
4572,2.286,2.28575,2.286250001,0.000151197,0.000165568,patch_4575,834.105125,834.257361,210.6236998,210.59802
4573,2.2865,2.286250001,2.286750001,-0.000345933,-0.000378812,patch_4576,834.257361,834.409597,210.6236998,210.682454
4574,2.287,2.286750001,2.287249999,-0.000460427,-0.000504188,patch_4577,834.409597,834.561832,210.6236998,210.7019
4575,2.2875,2.287249999,2.287749999,-0.00033577,-0.000367683,patch_4578,834.561832,834.714068,210.6236998,210.680728
4576,2.288,2.287749999,2.28825,-0.000115449,-0.000126422,patch_4579,834.714068,834.866304,210.6236998,210.643308
4577,2.2885,2.28825,2.288750001,0.000059206,0.000064834,patch_4580,834.866304,835.01854,210.6236998,210.613644
4578,2.289,2.288750001,2.289250001,0.000122306,0.00013393,patch_4581,835.01854,835.170776,210.6236998,210.602927
4579,2.2895,2.289250001,2.289749999,0.000101493,0.000111139,patch_4582,835.170776,835.323011,210.6236998,210.606462
4580,2.29,2.289749999,2.290249999,0.000030221,0.000033093,patch_4583,835.323011,835.475247,210.6236998,210.618567
4581,2.2905,2.290249999,2.29075,-0.000058055,-0.000063573,patch_4584,835.475247,835.627483,210.6236998,210.63356
4582,2.291,2.29075,2.291250001,-0.000129868,-0.000142211,patch_4585,835.627483,835.779719,210.6236998,210.645757
4583,2.2915,2.291250001,2.291750001,-0.000151765,-0.000166189,patch_4586,835.779719,835.931955,210.6236998,210.649476
4584,2.292,2.291750001,2.292249999,-0.00009029,-0.000098872,patch_4587,835.931955,836.08419,210.6236998,210.639035
4585,2.2925,2.292249999,2.29275,0.000086897,0.000095156,patch_4588,836.08419,836.236426,210.6236998,210.608941
4586,2.293,2.29275,2.29325,0.000369487,0.000404605,patch_4589,836.236426,836.388662,210.6236998,210.560945
4587,2.2935,2.29325,2.293750001,0.00069215,0.000757935,patch_4590,836.388662,836.540898,210.6236998,210.506143
4588,2.294,2.293750001,2.294250002,0.000985933,0.001079641,patch_4591,836.540898,836.693134,210.6236998,210.456246
4589,2.2945,2.294250002,2.294749999,0.001181873,0.001294204,patch_4592,836.693134,836.845369,210.6236998,210.422967
4590,2.295,2.294749999,2.29525,0.001211018,0.001326118,patch_4593,836.845369,836.997605,210.6236998,210.418017
4591,2.2955,2.29525,2.29575,0.001004397,0.00109986,patch_4594,836.997605,837.149841,210.6236998,210.45311
4592,2.296,2.29575,2.296250001,0.000493066,0.000539929,patch_4595,837.149841,837.302077,210.6236998,210.539956
4593,2.2965,2.296250001,2.296750002,-0.000387406,-0.000424227,patch_4596,837.302077,837.454313,210.6236998,210.689498
4594,2.297,2.296750002,2.297249999,-0.001511692,-0.00165537,patch_4597,837.454313,837.606548,210.6236998,210.88045
4595,2.2975,2.297249999,2.29775,-0.002499893,-0.002737495,patch_4598,837.606548,837.758784,210.6236998,211.048289
4596,2.298,2.29775,2.29825,-0.002954284,-0.003235072,patch_4599,837.758784,837.91102,210.6236998,211.125464
4597,2.2985,2.29825,2.298750001,-0.002477113,-0.00271255,patch_4600,837.91102,838.063256,210.6236998,211.04442
4598,2.299,2.298750001,2.299249998,-0.00067065,-0.000734392,patch_4601,838.063256,838.215491,210.6236998,210.737605
4599,2.2995,2.299249998,2.299749999,0.00286285,0.003134948,patch_4602,838.215491,838.367727,210.6236998,210.137465
4600,2.3,2.299749999,2.30025,0.008521125,0.009331012,patch_4603,838.367727,838.519963,210.6236998,209.176447
4601,2.3005,2.30025,2.30075,0.016692321,0.018278836,patch_4604,838.519963,838.672199,210.6236998,207.788627
4602,2.301,2.30075,2.301250001,0.027323962,0.029920957,patch_4605,838.672199,838.824435,210.6236998,205.982918
4603,2.3015,2.301250001,2.301749998,0.0397485,0.04352638,patch_4606,838.824435,838.97667,210.6236998,203.872698
4604,2.302,2.301749998,2.302249999,0.053252718,0.058314102,patch_4607,838.97667,839.128906,210.6236998,201.579102
4605,2.3025,2.302249999,2.30275,0.067123369,0.073503083,patch_4608,839.128906,839.281142,210.6236998,199.22327
4606,2.303,2.30275,2.30325,0.080647205,0.088312287,patch_4609,839.281142,839.433378,210.6236998,196.926342
4607,2.3035,2.30325,2.303750001,0.093111015,0.101960714,patch_4610,839.433378,839.585614,210.6236998,194.809452
4608,2.304,2.303750001,2.304249999,0.103801545,0.113667322,patch_4611,839.585614,839.737849,210.6236998,192.993741
4609,2.3045,2.304249999,2.304749999,0.112015422,0.122661884,patch_4612,839.737849,839.890085,210.6236998,191.598672
4610,2.305,2.304749999,2.30525,0.117547828,0.128720115,patch_4613,839.890085,840.042321,210.6236998,190.659032
4611,2.3055,2.30525,2.305750001,0.120918248,0.132410875,patch_4614,840.042321,840.194557,210.6236998,190.08659
4612,2.306,2.305750001,2.306250001,0.122703132,0.134365403,patch_4615,840.194557,840.346793,210.6236998,189.78344
4613,2.3065,2.306250001,2.306749999,0.12347889,0.135214892,patch_4616,840.346793,840.499028,210.6236998,189.651683
4614,2.307,2.306749999,2.307249999,0.123821942,0.13559055,patch_4617,840.499028,840.651264,210.6236998,189.593418
4615,2.3075,2.307249999,2.30775,0.124308733,0.136123608,patch_4618,840.651264,840.8035,210.6236998,189.51074
4616,2.308,2.30775,2.308250001,0.125515695,0.137445285,patch_4619,840.8035,840.955736,210.6236998,189.305746
4617,2.3085,2.308250001,2.308750001,0.128013309,0.140180283,patch_4620,840.955736,841.107972,210.6236998,188.881544
4618,2.309,2.308750001,2.309249999,0.132039264,0.144588884,patch_4621,841.107972,841.260207,210.6236998,188.197764
4619,2.3095,2.309249999,2.309749999,0.137328027,0.150380315,patch_4622,841.260207,841.412443,210.6236998,187.299505
4620,2.31,2.309749999,2.31025,0.143572266,0.157218036,patch_4623,841.412443,841.564679,210.6236998,186.238965
4621,2.3105,2.31025,2.310750001,0.150464593,0.164765441,patch_4624,841.564679,841.716915,210.6236998,185.068352
4622,2.311,2.310750001,2.311250001,0.157697688,0.172686003,patch_4625,841.716915,841.869151,210.6236998,183.839862
4623,2.3115,2.311250001,2.311749999,0.164964225,0.180643185,patch_4626,841.869151,842.021386,210.6236998,182.605692
4624,2.312,2.311749999,2.312249999,0.171956792,0.188300357,patch_4627,842.021386,842.173622,210.6236998,181.418054
4625,2.3125,2.312249999,2.31275,0.178368239,0.195321178,patch_4628,842.173622,842.325858,210.6236998,180.329115
4626,2.313,2.31275,2.313250001,0.183903471,0.201382504,patch_4629,842.325858,842.478094,210.6236998,179.388995
4627,2.3135,2.313250001,2.313750001,0.188286214,0.206181803,patch_4630,842.478094,842.63033,210.6236998,178.644617
4628,2.314,2.313750001,2.314249999,0.191241933,0.209418448,patch_4631,842.63033,842.782565,210.6236998,178.142609
4629,2.3145,2.314249999,2.31475,0.192495998,0.210791704,patch_4632,842.782565,842.934801,210.6236998,177.929615
4630,2.315,2.31475,2.31525,0.191773878,0.21000095,patch_4633,842.934801,843.087037,210.6236998,178.052262
4631,2.3155,2.31525,2.315750001,0.18880099,0.206745506,patch_4634,843.087037,843.239273,210.6236998,178.557186
4632,2.316,2.315750001,2.316250002,0.183302745,0.200724682,patch_4635,843.239273,843.391509,210.6236998,179.491024
4633,2.3165,2.316250002,2.316749999,0.175009041,0.191642707,patch_4636,843.391509,843.543744,210.6236998,180.899651
4634,2.317,2.316749999,2.31725,0.163961528,0.179545187,patch_4637,843.543744,843.69598,210.6236998,182.775993
4635,2.3175,2.31725,2.31775,0.150712711,0.165037141,patch_4638,843.69598,843.848216,210.6236998,185.026211
4636,2.318,2.31775,2.318250001,0.135862425,0.148775416,patch_4639,843.848216,844.000452,210.6236998,187.548427
4637,2.3185,2.318250001,2.318750002,0.12001045,0.131416796,patch_4640,844.000452,844.152688,210.6236998,190.240773
4638,2.319,2.318750002,2.319249999,0.10375665,0.11361816,patch_4641,844.152688,844.304923,210.6236998,193.001366
4639,2.3195,2.319249999,2.31975,0.087700822,0.096036312,patch_4642,844.304923,844.457159,210.6236998,195.728335
4640,2.32,2.31975,2.32025,0.072442789,0.079328086,patch_4643,844.457159,844.609395,210.6236998,198.319804
4641,2.3205,2.32025,2.320750001,0.05857911,0.064146738,patch_4644,844.609395,844.761631,210.6236998,200.674452
4642,2.321,2.320750001,2.321249998,0.046447919,0.050862543,patch_4645,844.761631,844.913866,210.6236998,202.734849
4643,2.3215,2.321249998,2.321749999,0.035946499,0.03936302,patch_4646,844.913866,845.066102,210.6236998,204.518441
4644,2.322,2.321749999,2.32225,0.02692905,0.029488511,patch_4647,845.066102,845.218338,210.6236998,206.049991
4645,2.3225,2.32225,2.32275,0.019249778,0.021079366,patch_4648,845.218338,845.370574,210.6236998,207.354261
4646,2.323,2.32275,2.323250001,0.012762903,0.013975948,patch_4649,845.370574,845.52281,210.6236998,208.456011
4647,2.3235,2.323250001,2.323749998,0.007322629,0.008018605,patch_4650,845.52281,845.675045,210.6236998,209.380003
4648,2.324,2.323749998,2.324249999,0.002783164,0.003047689,patch_4651,845.675045,845.827281,210.6236998,210.150999
4649,2.3245,2.324249999,2.32475,-0.001000378,-0.001095459,patch_4652,845.827281,845.979517,210.6236998,210.793607
4650,2.325,2.32475,2.32525,-0.004091511,-0.004480387,patch_4653,845.979517,846.131753,210.6236998,211.318614
4651,2.3255,2.32525,2.325750001,-0.006409211,-0.007018372,patch_4654,846.131753,846.283989,210.6236998,211.712259
4652,2.326,2.325750001,2.326249999,-0.007857561,-0.00860438,patch_4655,846.283989,846.436224,210.6236998,211.958251
4653,2.3265,2.326249999,2.326749999,-0.008340643,-0.009133376,patch_4656,846.436224,846.58846,210.6236998,212.040299
4654,2.327,2.326749999,2.32725,-0.00776255,-0.008500338,patch_4657,846.58846,846.740696,210.6236998,211.942114
4655,2.3275,2.32725,2.327750001,-0.00602737,-0.006600239,patch_4658,846.740696,846.892932,210.6236998,211.647406
4656,2.328,2.327750001,2.328250001,-0.003039186,-0.003328044,patch_4659,846.892932,847.045168,210.6236998,211.139884
4657,2.3285,2.328250001,2.328749999,0.001296491,0.001419715,patch_4660,847.045168,847.197403,210.6236998,210.4035
4658,2.329,2.328749999,2.329249999,0.006927923,0.007586385,patch_4661,847.197403,847.349639,210.6236998,209.447041
4659,2.3295,2.329249999,2.32975,0.013532731,0.014818945,patch_4662,847.349639,847.501875,210.6236998,208.325261
4660,2.33,2.32975,2.330250001,0.020759208,0.022732259,patch_4663,847.501875,847.654111,210.6236998,207.097895
4661,2.3305,2.330250001,2.330750001,0.028255652,0.030941199,patch_4664,847.654111,847.806347,210.6236998,205.824677
4662,2.331,2.330750001,2.331249999,0.035670361,0.039060637,patch_4665,847.806347,847.958582,210.6236998,204.565341
4663,2.3315,2.331249999,2.331749999,0.042651647,0.046705456,patch_4666,847.958582,848.110818,210.6236998,203.379619
4664,2.332,2.331749999,2.33225,0.048847783,0.053490502,patch_4667,848.110818,848.263054,210.6236998,202.327249
4665,2.3325,2.33225,2.332750001,0.053909648,0.05903347,patch_4668,848.263054,848.41529,210.6236998,201.467527
4666,2.333,2.332750001,2.333250001,0.057790652,0.063283342,patch_4669,848.41529,848.567526,210.6236998,200.808366
4667,2.3335,2.333250001,2.333749999,0.061027802,0.066828165,patch_4670,848.567526,848.719761,210.6236998,200.258559
4668,2.334,2.333749999,2.334249999,0.064224614,0.070328817,patch_4671,848.719761,848.871997,210.6236998,199.715603
4669,2.3345,2.334249999,2.33475,0.06798457,0.074446137,patch_4672,848.871997,849.024233,210.6236998,199.077001
4670,2.335,2.33475,2.335250001,0.072911187,0.079841002,patch_4673,849.024233,849.176469,210.6236998,198.24025
4671,2.3355,2.335250001,2.335750001,0.079607956,0.087174263,patch_4674,849.176469,849.328705,210.6236998,197.102851
4672,2.336,2.335750001,2.336249999,0.088678378,0.09710678,patch_4675,849.328705,849.48094,210.6236998,195.562304
4673,2.3365,2.336249999,2.33675,0.100722612,0.110295753,patch_4676,849.48094,849.633176,210.6236998,193.516676
4674,2.337,2.33675,2.33725,0.115882259,0.126896243,patch_4677,849.633176,849.785412,210.6236998,190.941917
4675,2.3375,2.33725,2.337750001,0.133377,0.146053764,patch_4678,849.785412,849.937648,210.6236998,187.970559
4676,2.338,2.337750001,2.338250002,0.152316139,0.166792967,patch_4679,849.937648,850.089884,210.6236998,184.75388
4677,2.3385,2.338250002,2.338749999,0.171808955,0.18813847,patch_4680,850.089884,850.242119,210.6236998,181.443163
4678,2.339,2.338749999,2.33925,0.190964695,0.209114859,patch_4681,850.242119,850.394355,210.6236998,178.189696
4679,2.3395,2.33925,2.33975,0.2088927,0.228746825,patch_4682,850.394355,850.546591,210.6236998,175.144751
4680,2.34,2.33975,2.340250001,0.224702224,0.246058959,patch_4683,850.546591,850.698827,210.6236998,172.459615
4681,2.3405,2.340250001,2.340750002,0.237505895,0.26007955,patch_4684,850.698827,850.851063,210.6236998,170.285002
4682,2.341,2.340750002,2.341249999,0.246955408,0.270427188,patch_4685,850.851063,851.003298,210.6236998,168.680069
4683,2.3415,2.341249999,2.34175,0.253832191,0.277957572,patch_4686,851.003298,851.155534,210.6236998,167.512096
4684,2.342,2.34175,2.34225,0.259059874,0.283682118,patch_4687,851.155534,851.30777,210.6236998,166.624211
4685,2.3425,2.34225,2.342750001,0.263562022,0.288612171,patch_4688,851.30777,851.460006,210.6236998,165.859553
4686,2.343,2.342750001,2.343249998,0.268262235,0.293759114,patch_4689,851.460006,851.612241,210.6236998,165.061255
4687,2.3435,2.343249998,2.343749999,0.27408412,0.300134338,patch_4690,851.612241,851.764477,210.6236998,164.072449
4688,2.344,2.343749999,2.34425,0.281951336,0.30874929,patch_4691,851.764477,851.916713,210.6236998,162.736258
4689,2.3445,2.34425,2.34475,0.292784569,0.320612163,patch_4692,851.916713,852.068949,210.6236998,160.89631
4690,2.345,2.34475,2.345250001,0.30696049,0.336135429,patch_4693,852.068949,852.221185,210.6236998,158.48863
4691,2.3455,2.345250001,2.345749998,0.323666778,0.35442956,patch_4694,852.221185,852.37342,210.6236998,155.651185
4692,2.346,2.345749998,2.346249999,0.341933843,0.374432811,patch_4695,852.37342,852.525656,210.6236998,152.548653
4693,2.3465,2.346249999,2.34675,0.36079222,0.395083575,patch_4696,852.525656,852.677892,210.6236998,149.345691
4694,2.347,2.34675,2.34725,0.379272371,0.415320164,patch_4697,852.677892,852.830128,210.6236998,146.206968
4695,2.3475,2.34725,2.347750001,0.396404741,0.434080874,patch_4698,852.830128,852.982364,210.6236998,143.297156
4696,2.348,2.347750001,2.348249999,0.411219923,0.450304159,patch_4699,852.982364,853.134599,210.6236998,140.780902
4697,2.3485,2.348249999,2.348749999,0.422750112,0.46293023,patch_4700,853.134599,853.286835,210.6236998,138.822581
4698,2.349,2.348749999,2.34925,0.430431874,0.471342102,patch_4701,853.286835,853.439071,210.6236998,137.517888
4699,2.3495,2.34925,2.349750001,0.434623688,0.475932325,patch_4702,853.439071,853.591307,210.6236998,136.805938
4700,2.35,2.349750001,2.350250001,0.435811727,0.477233281,patch_4703,853.591307,853.743543,210.6236998,136.604158
4701,2.3505,2.350250001,2.350749999,0.434482216,0.475777407,patch_4704,853.743543,853.895778,210.6236998,136.829966
4702,2.351,2.350749999,2.351249999,0.431121346,0.472097105,patch_4705,853.895778,854.048014,210.6236998,137.400786
4703,2.3515,2.351249999,2.35175,0.426215349,0.466724819,patch_4706,854.048014,854.20025,210.6236998,138.234035
4704,2.352,2.35175,2.352250001,0.420250443,0.460192982,patch_4707,854.20025,854.352486,210.6236998,139.247132
4705,2.3525,2.352250001,2.352750001,0.413712379,0.45303351,patch_4708,854.352486,854.504722,210.6236998,140.357576
4706,2.353,2.352750001,2.353249999,0.406969008,0.445649217,patch_4709,854.504722,854.656957,210.6236998,141.50289
4707,2.3535,2.353249999,2.353749999,0.40010738,0.438135428,patch_4710,854.656957,854.809193,210.6236998,142.668289
4708,2.354,2.353749999,2.35425,0.39317375,0.430542795,patch_4711,854.809193,854.961429,210.6236998,143.845917
4709,2.3545,2.35425,2.354750001,0.386214432,0.422922031,patch_4712,854.961429,855.113665,210.6236998,145.027908
4710,2.355,2.354750001,2.355250001,0.37927568,0.415323788,patch_4713,855.113665,855.265901,210.6236998,146.206406
4711,2.3555,2.355250001,2.355749999,0.372403772,0.407798742,patch_4714,855.265901,855.418136,210.6236998,147.373551
4712,2.356,2.355749999,2.356249999,0.365644933,0.400397512,patch_4715,855.418136,855.570372,210.6236998,148.521492
4713,2.3565,2.356249999,2.35675,0.359045206,0.393170517,patch_4716,855.570372,855.722608,210.6236998,149.642409
4714,2.357,2.35675,2.357250001,0.352563317,0.386072559,patch_4717,855.722608,855.874844,210.6236998,150.743312
4715,2.3575,2.357250001,2.357750001,0.345940946,0.378820767,patch_4718,855.874844,856.02708,210.6236998,151.868075
4716,2.358,2.357750001,2.358249999,0.338886799,0.371096161,patch_4719,856.02708,856.179315,210.6236998,153.066172
4717,2.3585,2.358249999,2.35875,0.331109584,0.362579764,patch_4720,856.179315,856.331551,210.6236998,154.387077
4718,2.359,2.35875,2.35925,0.322317837,0.35295241,patch_4721,856.331551,856.483787,210.6236998,155.880293
4719,2.3595,2.35925,2.359750001,0.31222039,0.341895255,patch_4722,856.483787,856.636023,210.6236998,157.595273
4720,2.36,2.359750001,2.360250002,0.300525903,0.32908927,patch_4723,856.636023,856.788259,210.6236998,159.581499
4721,2.3605,2.360250002,2.360749999,0.286943731,0.314216185,patch_4724,856.788259,856.940494,210.6236998,161.888335
4722,2.361,2.360749999,2.36125,0.271533728,0.297341545,patch_4725,856.940494,857.09273,210.6236998,164.505615
4723,2.3615,2.36125,2.36175,0.255263567,0.279524992,patch_4726,857.09273,857.244966,210.6236998,167.268987
4724,2.362,2.36175,2.362250001,0.239245903,0.261984936,patch_4727,857.244966,857.397202,210.6236998,169.989474
4725,2.3625,2.362250001,2.362750002,0.224593442,0.245939837,patch_4728,857.397202,857.549438,210.6236998,172.478091
4726,2.363,2.362750002,2.363249999,0.212418929,0.232608202,patch_4729,857.549438,857.701673,210.6236998,174.545846
4727,2.3635,2.363249999,2.36375,0.203835051,0.223208473,patch_4730,857.701673,857.853909,210.6236998,176.003757
4728,2.364,2.36375,2.36425,0.199954536,0.218959136,patch_4731,857.853909,858.006145,210.6236998,176.662835
4729,2.3645,2.36425,2.364750001,0.201889064,0.221077531,patch_4732,858.006145,858.158381,210.6236998,176.334269
4730,2.365,2.364750001,2.365249998,0.210113169,0.230083292,patch_4733,858.158381,858.310616,210.6236998,174.937463
4731,2.3655,2.365249998,2.365749999,0.223377671,0.244608514,patch_4734,858.310616,858.462852,210.6236998,172.684581
4732,2.366,2.365749999,2.36625,0.240144804,0.262969273,patch_4735,858.462852,858.615088,210.6236998,169.836802
4733,2.3665,2.36625,2.36675,0.25887677,0.283481611,patch_4736,858.615088,858.767324,210.6236998,166.65531
4734,2.367,2.36675,2.367250001,0.278035759,0.304461559,patch_4737,858.767324,858.91956,210.6236998,163.401291
4735,2.3675,2.367250001,2.367749998,0.296083958,0.324225142,patch_4738,858.91956,859.071795,210.6236998,160.335932
4736,2.368,2.367749998,2.368249999,0.311483651,0.341088492,patch_4739,859.071795,859.224031,210.6236998,157.720403
4737,2.3685,2.368249999,2.36875,0.3226977,0.353368376,patch_4740,859.224031,859.376267,210.6236998,155.815776
4738,2.369,2.36875,2.36925,0.32881242,0.360064268,patch_4741,859.376267,859.528503,210.6236998,154.777234
4739,2.3695,2.36925,2.369750001,0.330675512,0.362104436,patch_4742,859.528503,859.680739,210.6236998,154.460801
4740,2.37,2.369750001,2.370249999,0.329443692,0.360755538,patch_4743,859.680739,859.832974,210.6236998,154.670017
4741,2.3705,2.370249999,2.370749999,0.326273681,0.357284234,patch_4744,859.832974,859.98521,210.6236998,155.208421
4742,2.371,2.370749999,2.37125,0.3223221,0.352957078,patch_4745,859.98521,860.137446,210.6236998,155.879569
4743,2.3715,2.37125,2.371750001,0.318745613,0.349040665,patch_4746,860.137446,860.289682,210.6236998,156.48701
4744,2.372,2.371750001,2.372250001,0.316700871,0.346801581,patch_4747,860.289682,860.441918,210.6236998,156.834295
4745,2.3725,2.372250001,2.372749999,0.317344307,0.347506172,patch_4748,860.441918,860.594153,210.6236998,156.725012
4746,2.373,2.372749999,2.373249999,0.321485221,0.352040658,patch_4749,860.594153,860.746389,210.6236998,156.021707
4747,2.3735,2.373249999,2.37375,0.328908144,0.360169089,patch_4750,860.746389,860.898625,210.6236998,154.760976
4748,2.374,2.37375,2.374250001,0.339209344,0.371449363,patch_4751,860.898625,861.050861,210.6236998,153.01139
4749,2.3745,2.374250001,2.374750001,0.351985271,0.385439573,patch_4752,861.050861,861.203097,210.6236998,150.841489
4750,2.375,2.374750001,2.375249999,0.366832165,0.401697584,patch_4753,861.203097,861.355332,210.6236998,148.319849
4751,2.3755,2.375249999,2.375749999,0.383346435,0.419781446,patch_4754,861.355332,861.507568,210.6236998,145.515017
4752,2.376,2.375749999,2.37625,0.401124384,0.439249094,patch_4755,861.507568,861.659804,210.6236998,142.495558
4753,2.3765,2.37625,2.376750001,0.41976231,0.459658454,patch_4756,861.659804,861.81204,210.6236998,139.330038
4754,2.377,2.376750001,2.377250001,0.43883124,0.480539783,patch_4757,861.81204,861.964276,210.6236998,136.091315
4755,2.3775,2.377250001,2.377749999,0.45782387,0.50133756,patch_4758,861.964276,862.116511,210.6236998,132.865551
4756,2.378,2.377749999,2.378249999,0.476218012,0.521479966,patch_4759,862.116511,862.268747,210.6236998,129.741436
4757,2.3785,2.378249999,2.37875,0.493491259,0.540394942,patch_4760,862.268747,862.420983,210.6236998,126.807697
4758,2.379,2.37875,2.379250001,0.509121359,0.557510599,patch_4761,862.420983,862.573219,210.6236998,124.153035
4759,2.3795,2.379250001,2.379750001,0.522586047,0.572255032,patch_4762,862.573219,862.725455,210.6236998,121.866153
4760,2.38,2.379750001,2.380249999,0.533363104,0.584056391,patch_4763,862.725455,862.87769,210.6236998,120.035746
4761,2.3805,2.380249999,2.38075,0.540930089,0.592342577,patch_4764,862.87769,863.029926,210.6236998,118.750547
4762,2.381,2.38075,2.38125,0.54496938,0.596765781,patch_4765,863.029926,863.182162,210.6236998,118.064502
4763,2.3815,2.38125,2.381750001,0.545822621,0.597700118,patch_4766,863.182162,863.334398,210.6236998,117.919585
4764,2.382,2.381750001,2.382250002,0.543964028,0.595664875,patch_4767,863.334398,863.486634,210.6236998,118.235254
4765,2.3825,2.382250002,2.382749999,0.539867878,0.591179409,patch_4768,863.486634,863.638869,210.6236998,118.930956
4766,2.383,2.382749999,2.38325,0.534008441,0.584763064,patch_4769,863.638869,863.791105,210.6236998,119.92614
4767,2.3835,2.38325,2.38375,0.526860054,0.576935261,patch_4770,863.791105,863.943341,210.6236998,121.140243
4768,2.384,2.38375,2.384250001,0.518896938,0.568215294,patch_4771,863.943341,864.095577,210.6236998,122.492722
4769,2.3845,2.384250001,2.384750002,0.510593472,0.559122628,patch_4772,864.095577,864.247813,210.6236998,123.903007
4770,2.385,2.384750002,2.385249999,0.50234103,0.550085836,patch_4773,864.247813,864.400048,210.6236998,125.304626
4771,2.3855,2.385249999,2.38575,0.494252056,0.541228049,patch_4774,864.400048,864.552284,210.6236998,126.678481
4772,2.386,2.38575,2.38625,0.486380042,0.532607842,patch_4775,864.552284,864.70452,210.6236998,128.015487
4773,2.3865,2.38625,2.386750001,0.478778601,0.524283925,patch_4776,864.70452,864.856756,210.6236998,129.306538
4774,2.387,2.386750001,2.387249998,0.471501319,0.516314976,patch_4777,864.856756,865.008991,210.6236998,130.542533
4775,2.3875,2.387249998,2.387749999,0.464601785,0.508759679,patch_4778,865.008991,865.161227,210.6236998,131.71437
4776,2.388,2.387749999,2.38825,0.458133544,0.501676667,patch_4779,865.161227,865.313463,210.6236998,132.812955
4777,2.3885,2.38825,2.38875,0.452150193,0.49512463,patch_4780,865.313463,865.465699,210.6236998,133.829185
4778,2.389,2.38875,2.389250001,0.446692915,0.489148668,patch_4781,865.465699,865.617935,210.6236998,134.756065
4779,2.3895,2.389250001,2.389749998,0.441759557,0.483746421,patch_4782,865.617935,865.77017,210.6236998,135.593961
4780,2.39,2.389749998,2.390249999,0.43733829,0.478904936,patch_4783,865.77017,865.922406,210.6236998,136.344882
4781,2.3905,2.390249999,2.39075,0.43341732,0.474611299,patch_4784,865.922406,866.074642,210.6236998,137.010831
4782,2.391,2.39075,2.39125,0.429984837,0.470852577,patch_4785,866.074642,866.226878,210.6236998,137.593814
4783,2.3915,2.39125,2.391750001,0.427028983,0.467615785,patch_4786,866.226878,866.379114,210.6236998,138.095845
4784,2.392,2.391750001,2.392249999,0.424538016,0.464888065,patch_4787,866.379114,866.531349,210.6236998,138.518918
4785,2.3925,2.392249999,2.392749999,0.422500104,0.462656461,patch_4788,866.531349,866.683585,210.6236998,138.865043
4786,2.393,2.392749999,2.39325,0.420889734,0.460893033,patch_4789,866.683585,866.835821,210.6236998,139.138553
4787,2.3935,2.39325,2.393750001,0.419630824,0.459514471,patch_4790,866.835821,866.988057,210.6236998,139.35237
4788,2.394,2.393750001,2.394250001,0.418635604,0.458424661,patch_4791,866.988057,867.140293,210.6236998,139.521401
4789,2.3945,2.394250001,2.394749999,0.417816371,0.457527564,patch_4792,867.140293,867.292528,210.6236998,139.660542
4790,2.395,2.394749999,2.395249999,0.417085348,0.456727061,patch_4793,867.292528,867.444764,210.6236998,139.784701
4791,2.3955,2.395249999,2.39575,0.416354832,0.455927114,patch_4794,867.444764,867.597,210.6236998,139.908774
4792,2.396,2.39575,2.396250001,0.415537059,0.455031616,patch_4795,867.597,867.749236,210.6236998,140.047667
4793,2.3965,2.396250001,2.396750001,0.414544254,0.453944449,patch_4796,867.749236,867.901472,210.6236998,140.216288
4794,2.397,2.396750001,2.397249999,0.413370281,0.452658897,patch_4797,867.901472,868.053707,210.6236998,140.415679
4795,2.3975,2.397249999,2.397749999,0.412323472,0.451512595,patch_4798,868.053707,868.205943,210.6236998,140.593472
4796,2.398,2.397749999,2.39825,0.411788107,0.450926346,patch_4799,868.205943,868.358179,210.6236998,140.6844
4797,2.3985,2.39825,2.398750001,0.412148505,0.451320998,patch_4800,868.358179,868.510415,210.6236998,140.623189
4798,2.399,2.398750001,2.399250001,0.413788885,0.453117287,patch_4801,868.510415,868.662651,210.6236998,140.344582
4799,2.3995,2.399250001,2.399749999,0.417093515,0.456736004,patch_4802,868.662651,868.814886,210.6236998,139.783314
4800,2.4,2.399749999,2.400249999,0.422446696,0.462597976,patch_4803,868.814886,868.967122,210.6236998,138.874114
4801,2.4005,2.400249999,2.40075,0.430232701,0.471124,patch_4804,868.967122,869.119358,210.6236998,137.551716
4802,2.401,2.40075,2.401250001,0.44075444,0.482645773,patch_4805,869.119358,869.271594,210.6236998,135.764673
4803,2.4015,2.401250001,2.401750001,0.453986525,0.497135496,patch_4806,869.271594,869.42383,210.6236998,133.517297
4804,2.402,2.401750001,2.402249999,0.469820796,0.514474728,patch_4807,869.42383,869.576065,210.6236998,130.827958
4805,2.4025,2.402249999,2.402749999,0.488149106,0.534545046,patch_4808,869.576065,869.728301,210.6236998,127.715024
4806,2.403,2.402749999,2.40325,0.508863327,0.557228042,patch_4809,869.728301,869.880537,210.6236998,124.19686
4807,2.4035,2.40325,2.403750001,0.531855222,0.582405193,patch_4810,869.880537,870.032773,210.6236998,120.291849
4808,2.404,2.403750001,2.404250002,0.55701667,0.6099581,patch_4811,870.032773,870.185009,210.6236998,116.018355
4809,2.4045,2.404250002,2.404749999,0.58423948,0.639768292,patch_4812,870.185009,870.337244,210.6236998,111.394753
4810,2.405,2.404749999,2.40525,0.613299012,0.671589775,patch_4813,870.337244,870.48948,210.6236998,106.459197
4811,2.4055,2.40525,2.40575,0.643479225,0.704638455,patch_4814,870.48948,870.641716,210.6236998,101.333301
4812,2.406,2.40575,2.406250001,0.673934517,0.737988358,patch_4815,870.641716,870.793952,210.6236998,96.160685
4813,2.4065,2.406250001,2.406750002,0.703818857,0.770713044,patch_4816,870.793952,870.946188,210.6236998,91.085041
4814,2.407,2.406750002,2.407249999,0.732286512,0.801886396,patch_4817,870.946188,871.098423,210.6236998,86.250011
4815,2.4075,2.407249999,2.40775,0.758491935,0.830582503,patch_4818,871.098423,871.250659,210.6236998,81.799205
4816,2.408,2.40775,2.40825,0.781589028,0.85587485,patch_4819,871.250659,871.402895,210.6236998,77.876327
4817,2.4085,2.40825,2.408750001,0.800732374,0.876837668,patch_4820,871.402895,871.555131,210.6236998,74.624965
4818,2.409,2.408750001,2.409249998,0.815235374,0.8927191,patch_4821,871.555131,871.707366,210.6236998,72.161733
4819,2.4095,2.409249998,2.409749999,0.825116338,0.903539197,patch_4822,871.707366,871.859602,210.6236998,70.483521
4820,2.41,2.409749999,2.41025,0.830587864,0.909530761,patch_4823,871.859602,872.011838,210.6236998,69.554221
4821,2.4105,2.41025,2.41075,0.83186263,0.910926687,patch_4824,872.011838,872.164074,210.6236998,69.337711
4822,2.411,2.41075,2.411250001,0.829153298,0.907959847,patch_4825,872.164074,872.31631,210.6236998,69.797872
4823,2.4115,2.411250001,2.411749998,0.822672545,0.900863134,patch_4826,872.31631,872.468545,210.6236998,70.898582
4824,2.412,2.411749998,2.412249999,0.812633034,0.889869422,patch_4827,872.468545,872.620781,210.6236998,72.603722
4825,2.4125,2.412249999,2.41275,0.799247384,0.875211538,patch_4828,872.620781,872.773017,210.6236998,74.87718
4826,2.413,2.41275,2.41325,0.782790061,0.857190035,patch_4829,872.773017,872.925253,210.6236998,77.67234
4827,2.4135,2.41325,2.413750001,0.763821424,0.836418531,patch_4830,872.925253,873.077489,210.6236998,80.894029
4828,2.414,2.413750001,2.414249999,0.742984472,0.81360114,patch_4831,873.077489,873.229724,210.6236998,84.433038
4829,2.4145,2.414249999,2.414749999,0.720921994,0.789441742,patch_4832,873.229724,873.38196,210.6236998,88.180194
4830,2.415,2.414749999,2.41525,0.698276878,0.764644329,patch_4833,873.38196,873.534196,210.6236998,92.026307
4831,2.4155,2.41525,2.415750001,0.675692023,0.739912906,patch_4834,873.534196,873.686432,210.6236998,95.862185
4832,2.416,2.415750001,2.416250001,0.653810323,0.715951469,patch_4835,873.686432,873.838668,210.6236998,99.578637
4833,2.4165,2.416250001,2.416749999,0.633274732,0.69346408,patch_4836,873.838668,873.990903,210.6236998,103.066462
4834,2.417,2.416749999,2.417249999,0.614656448,0.673076229,patch_4837,873.990903,874.143139,210.6236998,106.228646
4835,2.4175,2.417249999,2.41775,0.598181067,0.655034952,patch_4838,874.143139,874.295375,210.6236998,109.026873
4836,2.418,2.41775,2.418250001,0.583969472,0.639472621,patch_4839,874.295375,874.447611,210.6236998,111.440612
4837,2.4185,2.418250001,2.418750001,0.572142598,0.626521666,patch_4840,874.447611,874.599847,210.6236998,113.449323
4838,2.419,2.418750001,2.419249999,0.562821568,0.616314723,patch_4841,874.599847,874.752082,210.6236998,115.032434
4839,2.4195,2.419249999,2.419749999,0.556127071,0.60898395,patch_4842,874.752082,874.904318,210.6236998,116.169447
4840,2.42,2.419749999,2.42025,0.552180348,0.604662113,patch_4843,874.904318,875.056554,210.6236998,116.83977
4841,2.4205,2.42025,2.420750001,0.551102223,0.603481517,patch_4844,875.056554,875.20879,210.6236998,117.022882
4842,2.421,2.420750001,2.421250001,0.55293232,0.605485555,patch_4845,875.20879,875.361026,210.6236998,116.712053
4843,2.4215,2.421250001,2.421749999,0.557298836,0.610267085,patch_4846,875.361026,875.513261,210.6236998,115.970431
4844,2.422,2.421749999,2.422249999,0.563699962,0.617276604,patch_4847,875.513261,875.665497,210.6236998,114.883245
4845,2.4225,2.422249999,2.42275,0.571633816,0.625964528,patch_4848,875.665497,875.817733,210.6236998,113.535736
4846,2.423,2.42275,2.423250001,0.580598652,0.635781423,patch_4849,875.817733,875.969969,210.6236998,112.013122
4847,2.4235,2.423250001,2.423750001,0.590092659,0.646177784,patch_4850,875.969969,876.122205,210.6236998,110.400632
4848,2.424,2.423750001,2.424249999,0.599613962,0.656604035,patch_4851,876.122205,876.27444,210.6236998,108.783506
4849,2.4245,2.424249999,2.424749999,0.608660756,0.666510678,patch_4852,876.27444,876.426676,210.6236998,107.246972
4850,2.425,2.424749999,2.42525,0.616778432,0.675399896,patch_4853,876.426676,876.578912,210.6236998,105.868242
4851,2.4255,2.42525,2.425750001,0.623762367,0.683047616,patch_4854,876.578912,876.731148,210.6236998,104.68207
4852,2.426,2.425750001,2.426250002,0.629490613,0.689320301,patch_4855,876.731148,876.883384,210.6236998,103.709168
4853,2.4265,2.426250002,2.426749999,0.633840979,0.694084146,patch_4856,876.883384,877.035619,210.6236998,102.970289
4854,2.427,2.426749999,2.42725,0.636691572,0.697205672,patch_4857,877.035619,877.187855,210.6236998,102.486136
4855,2.4275,2.42725,2.42775,0.637920201,0.698551076,patch_4858,877.187855,877.340091,210.6236998,102.277462
4856,2.428,2.42775,2.428250001,0.637405037,0.697986948,patch_4859,877.340091,877.492327,210.6236998,102.364959
4857,2.4285,2.428250001,2.428750002,0.63502389,0.695379486,patch_4860,877.492327,877.644563,210.6236998,102.76938
4858,2.429,2.428750002,2.429249999,0.630707978,0.69065337,patch_4861,877.644563,877.796798,210.6236998,103.502407
4859,2.4295,2.429249999,2.42975,0.624682723,0.684055447,patch_4862,877.796798,877.949034,210.6236998,104.525754
4860,2.43,2.42975,2.43025,0.617275356,0.67594405,patch_4863,877.949034,878.10127,210.6236998,105.783843
4861,2.4305,2.43025,2.430750001,0.608813226,0.66667764,patch_4864,878.10127,878.253506,210.6236998,107.221076
4862,2.431,2.430750001,2.431249998,0.599623441,0.656614415,patch_4865,878.253506,878.405741,210.6236998,108.781896
4863,2.4315,2.431249998,2.431749999,0.590033351,0.646112839,patch_4866,878.405741,878.557977,210.6236998,110.410705
4864,2.432,2.431749999,2.43225,0.58037007,0.635531115,patch_4867,878.557977,878.710213,210.6236998,112.051945
4865,2.4325,2.43225,2.43275,0.570960877,0.625227629,patch_4868,878.710213,878.862449,210.6236998,113.65003
4866,2.433,2.43275,2.433250001,0.562107261,0.615532525,patch_4869,878.862449,879.014685,210.6236998,115.153754
4867,2.4335,2.433250001,2.433749998,0.553960558,0.606611521,patch_4870,879.014685,879.16692,210.6236998,116.537414
4868,2.434,2.433749998,2.434249999,0.54661828,0.5985714,patch_4871,879.16692,879.319156,210.6236998,117.784448
4869,2.4345,2.434249999,2.43475,0.5401777,0.591518677,patch_4872,879.319156,879.471392,210.6236998,118.878335
4870,2.435,2.43475,2.43525,0.534736096,0.585559878,patch_4873,879.471392,879.623628,210.6236998,119.802553
4871,2.4355,2.43525,2.435750001,0.530391034,0.580801842,patch_4874,879.623628,879.775864,210.6236998,120.540531
4872,2.436,2.435750001,2.436249999,0.527239617,0.577350899,patch_4875,879.775864,879.928099,210.6236998,121.075777
4873,2.4365,2.436249999,2.436749999,0.525379298,0.575313767,patch_4876,879.928099,880.080335,210.6236998,121.391739
4874,2.437,2.436749999,2.43725,0.524885954,0.574773533,patch_4877,880.080335,880.232571,210.6236998,121.47553
4875,2.4375,2.43725,2.437750001,0.52570444,0.575669812,patch_4878,880.232571,880.384807,210.6236998,121.336516
4876,2.438,2.437750001,2.438250001,0.527730464,0.577888399,patch_4879,880.384807,880.537043,210.6236998,120.99241
4877,2.4385,2.438250001,2.438749999,0.530859826,0.58131519,patch_4880,880.537043,880.689278,210.6236998,120.46091
4878,2.439,2.438749999,2.439249999,0.534988046,0.585835775,patch_4881,880.689278,880.841514,210.6236998,119.759761
4879,2.4395,2.439249999,2.43975,0.540010687,0.59133579,patch_4882,880.841514,880.99375,210.6236998,118.906701
4880,2.44,2.43975,2.440250001,0.545823575,0.597701162,patch_4883,880.99375,881.145986,210.6236998,117.919423
4881,2.4405,2.440250001,2.440750001,0.552322268,0.604817521,patch_4884,881.145986,881.298222,210.6236998,116.815666
4882,2.441,2.440750001,2.441249999,0.559360565,0.61252477,patch_4885,881.298222,881.450457,210.6236998,115.620261
4883,2.4415,2.441249999,2.441749999,0.566526474,0.62037176,patch_4886,881.450457,881.602693,210.6236998,114.403182
4884,2.442,2.441749999,2.44225,0.573303341,0.627792732,patch_4887,881.602693,881.754929,210.6236998,113.252179
4885,2.4425,2.44225,2.442750001,0.579174336,0.634221733,patch_4888,881.754929,881.907165,210.6236998,112.255032
4886,2.443,2.442750001,2.443250001,0.583622634,0.639092818,patch_4889,881.907165,882.059401,210.6236998,111.49952
4887,2.4435,2.443250001,2.443749999,0.586131275,0.641839892,patch_4890,882.059401,882.211636,210.6236998,111.073445
4888,2.444,2.443749999,2.444249999,0.586183547,0.641897132,patch_4891,882.211636,882.363872,210.6236998,111.064567
4889,2.4445,2.444249999,2.44475,0.583262442,0.638698392,patch_4892,882.363872,882.516108,210.6236998,111.560696
4890,2.445,2.44475,2.445250001,0.576959372,0.631796249,patch_4893,882.516108,882.668344,210.6236998,112.631228
4891,2.4455,2.445250001,2.445750001,0.567587554,0.62153369,patch_4894,882.668344,882.82058,210.6236998,114.222965
4892,2.446,2.445750001,2.446249999,0.55575657,0.608578235,patch_4895,882.82058,882.972815,210.6236998,116.232374
4893,2.4465,2.446249999,2.446749999,0.542076707,0.593598175,patch_4896,882.972815,883.125051,210.6236998,118.555802
4894,2.447,2.446749999,2.44725,0.527158259,0.577261809,patch_4897,883.125051,883.277287,210.6236998,121.089595
4895,2.4475,2.44725,2.447750001,0.511611578,0.560237499,patch_4898,883.277287,883.429523,210.6236998,123.730089
4896,2.448,2.447750001,2.448250002,0.49604708,0.543193679,patch_4899,883.429523,883.581759,210.6236998,126.373609
4897,2.4485,2.448250002,2.448749999,0.481074899,0.526798474,patch_4900,883.581759,883.733994,210.6236998,128.916528
4898,2.449,2.448749999,2.44925,0.467226652,0.511634025,patch_4901,883.733994,883.88623,210.6236998,131.268555
4899,2.4495,2.44925,2.44975,0.454480352,0.497676258,patch_4902,883.88623,884.038466,210.6236998,133.433424
4900,2.45,2.44975,2.450250001,0.442577572,0.484642183,patch_4903,884.038466,884.190702,210.6236998,135.455027
4901,2.4505,2.450250001,2.450750002,0.431258944,0.472247781,patch_4904,884.190702,884.342938,210.6236998,137.377416
4902,2.451,2.450750002,2.451249999,0.420265169,0.460209107,patch_4905,884.342938,884.495173,210.6236998,139.244631
4903,2.4515,2.451249999,2.45175,0.409336836,0.448242095,patch_4906,884.495173,884.647409,210.6236998,141.100731
4904,2.452,2.45175,2.45225,0.398214607,0.436062758,patch_4907,884.647409,884.799645,210.6236998,142.989763
4905,2.4525,2.45225,2.452750001,0.386639177,0.423387146,patch_4908,884.799645,884.951881,210.6236998,144.955768
4906,2.453,2.452750001,2.453249998,0.374370931,0.409952869,patch_4909,884.951881,885.104116,210.6236998,147.039443
4907,2.4535,2.453249998,2.453749999,0.361316234,0.395657393,patch_4910,885.104116,885.256352,210.6236998,149.256691
4908,2.454,2.453749999,2.45425,0.347446443,0.380469353,patch_4911,885.256352,885.408588,210.6236998,151.612377
4909,2.4545,2.45425,2.45475,0.332733184,0.364357679,patch_4912,885.408588,885.560824,210.6236998,154.11132
4910,2.455,2.45475,2.455250001,0.31714812,0.347291338,patch_4913,885.560824,885.71306,210.6236998,156.758333
4911,2.4555,2.455250001,2.455749998,0.3006629,0.329239288,patch_4914,885.71306,885.865295,210.6236998,159.558231
4912,2.456,2.455749998,2.456249999,0.283249229,0.310170541,patch_4915,885.865295,886.017531,210.6236998,162.51582
4913,2.4565,2.456249999,2.45675,0.264878721,0.290054015,patch_4916,886.017531,886.169767,210.6236998,165.635921
4914,2.457,2.45675,2.45725,0.24554716,0.268885093,patch_4917,886.169767,886.322003,210.6236998,168.91925
4915,2.4575,2.45725,2.457750001,0.225436238,0.246862737,patch_4918,886.322003,886.474239,210.6236998,172.334948
4916,2.458,2.457750001,2.458249999,0.204814149,0.22428063,patch_4919,886.474239,886.626474,210.6236998,175.837464
4917,2.4585,2.458249999,2.458749999,0.183949678,0.201433103,patch_4920,886.626474,886.77871,210.6236998,179.381147
4918,2.459,2.458749999,2.45925,0.163111449,0.178614312,patch_4921,886.77871,886.930946,210.6236998,182.920373
4919,2.4595,2.45925,2.459750001,0.142568245,0.156118587,patch_4922,886.930946,887.083182,210.6236998,186.409491
4920,2.46,2.459750001,2.460250001,0.12258872,0.134240117,patch_4923,887.083182,887.235418,210.6236998,189.802872
4921,2.4605,2.460250001,2.460749999,0.103441624,0.113273193,patch_4924,887.235418,887.387653,210.6236998,193.054871
4922,2.461,2.460749999,2.461249999,0.085384711,0.093500068,patch_4925,887.387653,887.539889,210.6236998,196.12171
4923,2.4615,2.461249999,2.46175,0.068586997,0.075105822,patch_4926,887.539889,887.692125,210.6236998,198.974683
4924,2.462,2.46175,2.462250001,0.053174452,0.058228396,patch_4927,887.692125,887.844361,210.6236998,201.592395
4925,2.4625,2.462250001,2.462750001,0.039272766,0.043005431,patch_4928,887.844361,887.996597,210.6236998,203.953498
4926,2.463,2.462750001,2.463249999,0.027007622,0.029574551,patch_4929,887.996597,888.148832,210.6236998,206.036646
4927,2.4635,2.463249999,2.463749999,0.016504707,0.01807339,patch_4930,888.148832,888.301068,210.6236998,207.820492
4928,2.464,2.463749999,2.46425,0.0078897,0.008639574,patch_4931,888.301068,888.453304,210.6236998,209.28369
4929,2.4645,2.46425,2.464750001,0.001288295,0.00141074,patch_4932,888.453304,888.60554,210.6236998,210.404892
4930,2.465,2.464750001,2.465250001,-0.003207624,-0.003512491,patch_4933,888.60554,888.757776,210.6236998,211.168492
4931,2.4655,2.465250001,2.465749999,-0.005793931,-0.006344613,patch_4934,888.757776,888.910011,210.6236998,211.607758
4932,2.466,2.465749999,2.466249999,-0.006812077,-0.007459529,patch_4935,888.910011,889.062247,210.6236998,211.780683
4933,2.4665,2.466249999,2.46675,-0.006604609,-0.007232342,patch_4936,889.062247,889.214483,210.6236998,211.745446
4934,2.467,2.46675,2.467250001,-0.005514102,-0.006038187,patch_4937,889.214483,889.366719,210.6236998,211.560231
4935,2.4675,2.467250001,2.467750001,-0.003883112,-0.004252181,patch_4938,889.366719,889.518955,210.6236998,211.283219
4936,2.468,2.467750001,2.468249999,-0.002054199,-0.00224944,patch_4939,889.518955,889.67119,210.6236998,210.972591
4937,2.4685,2.468249999,2.468749999,-0.000369931,-0.000405091,patch_4940,889.67119,889.823426,210.6236998,210.68653
4938,2.469,2.468749999,2.46925,0.00085642,0.000937818,patch_4941,889.823426,889.975662,210.6236998,210.478243
4939,2.4695,2.46925,2.469750001,0.001573829,0.001723413,patch_4942,889.975662,890.127898,210.6236998,210.356396
4940,2.47,2.469750001,2.470250002,0.001869508,0.002047195,patch_4943,890.127898,890.280134,210.6236998,210.306177
4941,2.4705,2.470250002,2.470749999,0.001831915,0.002006029,patch_4944,890.280134,890.432369,210.6236998,210.312562
4942,2.471,2.470749999,2.47125,0.001549489,0.00169676,patch_4945,890.432369,890.584605,210.6236998,210.36053
4943,2.4715,2.47125,2.47175,0.00111069,0.001216255,patch_4946,890.584605,890.736841,210.6236998,210.435057
4944,2.472,2.47175,2.472250001,0.000603957,0.00066136,patch_4947,890.736841,890.889077,210.6236998,210.521122
4945,2.4725,2.472250001,2.472750002,0.000117749,0.00012894,patch_4948,890.889077,891.041313,210.6236998,210.603701
4946,2.473,2.472750002,2.473249999,-0.000265859,-0.000291127,patch_4949,891.041313,891.193548,210.6236998,210.668854
4947,2.4735,2.473249999,2.47375,-0.000524804,-0.000574683,patch_4950,891.193548,891.345784,210.6236998,210.712834
4948,2.474,2.47375,2.47425,-0.000669985,-0.000733663,patch_4951,891.345784,891.49802,210.6236998,210.737492
4949,2.4745,2.47425,2.474750001,-0.000712636,-0.000780368,patch_4952,891.49802,891.650256,210.6236998,210.744736
4950,2.475,2.474750001,2.475249998,-0.000663997,-0.000727106,patch_4953,891.650256,891.802491,210.6236998,210.736475
4951,2.4755,2.475249998,2.475749999,-0.000535308,-0.000586186,patch_4954,891.802491,891.954727,210.6236998,210.714618
4952,2.476,2.475749999,2.47625,-0.000337802,-0.000369908,patch_4955,891.954727,892.106963,210.6236998,210.681073
4953,2.4765,2.47625,2.47675,-0.000082725,-0.000090587,patch_4956,892.106963,892.259199,210.6236998,210.63775
4954,2.477,2.47675,2.477250001,0.000216758,0.00023736,patch_4957,892.259199,892.411435,210.6236998,210.586885
4955,2.4775,2.477250001,2.477749998,0.000528257,0.000578466,patch_4958,892.411435,892.56367,210.6236998,210.533979
4956,2.478,2.477749998,2.478249999,0.00080841,0.000885245,patch_4959,892.56367,892.715906,210.6236998,210.486397
4957,2.4785,2.478249999,2.47875,0.001013718,0.001110066,patch_4960,892.715906,892.868142,210.6236998,210.451527
4958,2.479,2.47875,2.47925,0.001100675,0.001205288,patch_4961,892.868142,893.020378,210.6236998,210.436758
4959,2.4795,2.47925,2.479750001,0.001025788,0.001123283,patch_4962,893.020378,893.172614,210.6236998,210.449477
4960,2.48,2.479750001,2.480249999,0.000745558,0.00081642,patch_4963,893.172614,893.324849,210.6236998,210.497072
4961,2.4805,2.480249999,2.480749999,0.000216481,0.000237057,patch_4964,893.324849,893.477085,210.6236998,210.586932
4962,2.481,2.480749999,2.48125,-0.00059206,-0.000648332,patch_4965,893.477085,893.629321,210.6236998,210.724257
4963,2.4815,2.48125,2.481750001,-0.001576081,-0.001725879,patch_4966,893.629321,893.781557,210.6236998,210.891386
4964,2.482,2.481750001,2.482250001,-0.002551429,-0.002793929,patch_4967,893.781557,893.933793,210.6236998,211.057042
4965,2.4825,2.482250001,2.482749999,-0.003332863,-0.003649633,patch_4968,893.933793,894.086028,210.6236998,211.189763
4966,2.483,2.482749999,2.483249999,-0.003735158,-0.004090165,patch_4969,894.086028,894.238264,210.6236998,211.25809
4967,2.4835,2.483249999,2.48375,-0.003573073,-0.003912674,patch_4970,894.238264,894.3905,210.6236998,211.230561
4968,2.484,2.48375,2.484250001,-0.002661378,-0.002914327,patch_4971,894.3905,894.542736,210.6236998,211.075716
4969,2.4845,2.484250001,2.484750001,-0.000814848,-0.000892295,patch_4972,894.542736,894.694972,210.6236998,210.762096
4970,2.485,2.484750001,2.485249999,0.002133358,0.002336122,patch_4973,894.694972,894.847207,210.6236998,210.261364
4971,2.4855,2.485249999,2.485749999,0.006147161,0.006731415,patch_4974,894.847207,894.999443,210.6236998,209.579648
4972,2.486,2.485749999,2.48625,0.011064633,0.012116267,patch_4975,894.999443,895.151679,210.6236998,208.74445
4973,2.4865,2.48625,2.486750001,0.016721978,0.018311312,patch_4976,895.151679,895.303915,210.6236998,207.78359
4974,2.487,2.486750001,2.487250001,0.022955373,0.025137157,patch_4977,895.303915,895.456151,210.6236998,206.724892
4975,2.4875,2.487250001,2.487749999,0.029601024,0.032414442,patch_4978,895.456151,895.608386,210.6236998,205.596175
4976,2.488,2.487749999,2.488249999,0.036495112,0.039963775,patch_4979,895.608386,895.760622,210.6236998,204.425263
4977,2.4885,2.488249999,2.48875,0.043473842,0.047605796,patch_4980,895.760622,895.912858,210.6236998,203.239975
4978,2.489,2.48875,2.489250001,0.050383785,0.055172492,patch_4981,895.912858,896.065094,210.6236998,202.06637
4979,2.4895,2.489250001,2.489750001,0.057192535,0.062628377,patch_4982,896.065094,896.21733,210.6236998,200.909952
4980,2.49,2.489750001,2.490249999,0.063945792,0.070023494,patch_4983,896.21733,896.369565,210.6236998,199.762959
4981,2.4905,2.490249999,2.490749999,0.070690588,0.077409347,patch_4984,896.369565,896.521801,210.6236998,198.617403
4982,2.491,2.490749999,2.49125,0.077473914,0.084837392,patch_4985,896.521801,896.674037,210.6236998,197.465303
4983,2.4915,2.49125,2.491750001,0.084342808,0.092359137,patch_4986,896.674037,896.826273,210.6236998,196.29867
4984,2.492,2.491750001,2.492250002,0.091344271,0.100026051,patch_4987,896.826273,896.978509,210.6236998,195.109521
4985,2.4925,2.492250002,2.492749999,0.098525311,0.107889611,patch_4988,896.978509,897.130744,210.6236998,193.889872
4986,2.493,2.492749999,2.49325,0.105918554,0.115985541,patch_4989,897.130744,897.28298,210.6236998,192.634182
4987,2.4935,2.49325,2.49375,0.113379329,0.124155423,patch_4990,897.28298,897.435216,210.6236998,191.367022
4988,2.494,2.49375,2.494250001,0.120643835,0.132110381,patch_4991,897.435216,897.587452,210.6236998,190.133197
4989,2.4945,2.494250001,2.494750002,0.127446085,0.139559148,patch_4992,897.587452,897.739688,210.6236998,188.977883
4990,2.495,2.494750002,2.495249999,0.133520038,0.146210397,patch_4993,897.739688,897.891923,210.6236998,187.946265
4991,2.4955,2.495249999,2.49575,0.138599707,0.151772862,patch_4994,897.891923,898.044159,210.6236998,187.083519
4992,2.496,2.49575,2.49625,0.142419095,0.155955262,patch_4995,898.044159,898.196395,210.6236998,186.434823
4993,2.4965,2.49625,2.496750001,0.144712161,0.158466271,patch_4996,898.196395,898.348631,210.6236998,186.045362
4994,2.497,2.496750001,2.497249998,0.145238441,0.159042572,patch_4997,898.348631,898.500866,210.6236998,185.955977
4995,2.4975,2.497249998,2.497749999,0.144089268,0.157784175,patch_4998,898.500866,898.653102,210.6236998,186.151156
4996,2.498,2.497749999,2.49825,0.141588104,0.15504529,patch_4999,898.653102,898.805338,210.6236998,186.575961
4997,2.4985,2.49825,2.49875,0.138063176,0.151185337,patch_5000,898.805338,898.957574,210.6236998,187.174645
4998,2.499,2.49875,2.499250001,0.133842765,0.146563798,patch_5001,898.957574,899.10981,210.6236998,187.891452
4999,2.4995,2.499250001,2.499749998,0.129255038,0.141540033,patch_5002,899.10981,899.262045,210.6236998,188.670645
5000,2.5,2.499749998,2.500249999,0.124628258,0.136473502,patch_5003,899.262045,899.414281,210.6236998,189.456471
5001,2.5005,2.500249999,2.50075,0.120290656,0.131723634,patch_5004,899.414281,899.566517,210.6236998,190.193182
5002,2.501,2.50075,2.50125,0.116554021,0.127631852,patch_5005,899.566517,899.718753,210.6236998,190.827823
5003,2.5015,2.50125,2.501750001,0.11350352,0.124291418,patch_5006,899.718753,899.870989,210.6236998,191.345929
5004,2.502,2.501750001,2.502249999,0.111059386,0.121614982,patch_5007,899.870989,900.023224,210.6236998,191.761048
5005,2.5025,2.502249999,2.502749999,0.109138117,0.119511106,patch_5008,900.023224,900.17546,210.6236998,192.087362
5006,2.503,2.502749999,2.50325,0.107656194,0.117888335,patch_5009,900.17546,900.327696,210.6236998,192.339056
5007,2.5035,2.50325,2.503750001,0.106530148,0.116655264,patch_5010,900.327696,900.479932,210.6236998,192.530307
5008,2.504,2.503750001,2.504250001,0.105676471,0.11572045,patch_5011,900.479932,900.632168,210.6236998,192.675298
5009,2.5045,2.504250001,2.504749999,0.105011645,0.114992436,patch_5012,900.632168,900.784403,210.6236998,192.788214
5010,2.505,2.504749999,2.505249999,0.104447012,0.114374137,patch_5013,900.784403,900.936639,210.6236998,192.884113
5011,2.5055,2.505249999,2.50575,0.103818219,0.113685581,patch_5014,900.936639,901.088875,210.6236998,192.990909
5012,2.506,2.50575,2.506250001,0.102903615,0.112684049,patch_5015,901.088875,901.241111,210.6236998,193.146248
5013,2.5065,2.506250001,2.506750001,0.101480141,0.111125281,patch_5016,901.241111,901.393347,210.6236998,193.388015
5014,2.507,2.506750001,2.507249999,0.099324714,0.108764993,patch_5017,901.393347,901.545582,210.6236998,193.754099
5015,2.5075,2.507249999,2.507749999,0.096214288,0.105358937,patch_5018,901.545582,901.697818,210.6236998,194.282383
5016,2.508,2.507749999,2.50825,0.091925784,0.100662834,patch_5019,901.697818,901.850054,210.6236998,195.010755
5017,2.5085,2.50825,2.508750001,0.086236116,0.094432393,patch_5020,901.850054,902.00229,210.6236998,195.977105
5018,2.509,2.508750001,2.509250001,0.078945715,0.08644908,patch_5021,902.00229,902.154526,210.6236998,197.215328
5019,2.5095,2.509250001,2.509749999,0.070218593,0.076892492,patch_5022,902.154526,902.306761,210.6236998,198.697568
5020,2.51,2.509749999,2.510249999,0.060505325,0.06625603,patch_5023,902.306761,902.458997,210.6236998,200.347298
5021,2.5105,2.510249999,2.51075,0.050264198,0.055041539,patch_5024,902.458997,902.611233,210.6236998,202.086681
5022,2.511,2.51075,2.511250001,0.039953519,0.043750885,patch_5025,902.611233,902.763469,210.6236998,203.837877
5023,2.5115,2.511250001,2.511750001,0.030031599,0.03288594,patch_5026,902.763469,902.915705,210.6236998,205.523045
5024,2.512,2.511750001,2.512249999,0.02095675,0.022948576,patch_5027,902.915705,903.06794,210.6236998,207.064344
5025,2.5125,2.512249999,2.512749999,0.013187265,0.014440644,patch_5028,903.06794,903.220176,210.6236998,208.383936
5026,2.513,2.512749999,2.51325,0.007158012,0.007838343,patch_5029,903.220176,903.372412,210.6236998,209.407962
5027,2.5135,2.51325,2.513750001,0.0029176,0.003194903,patch_5030,903.372412,903.524648,210.6236998,210.128166
5028,2.514,2.513750001,2.514250002,0.000198105,0.000216934,patch_5031,903.524648,903.676884,210.6236998,210.590053
5029,2.5145,2.514250002,2.514749999,-0.001277741,-0.001399183,patch_5032,903.676884,903.829119,210.6236998,210.840715
5030,2.515,2.514749999,2.51525,-0.001787205,-0.00195707,patch_5033,903.829119,903.981355,210.6236998,210.927244
5031,2.5155,2.51525,2.51575,-0.001607557,-0.001760347,patch_5034,903.981355,904.133591,210.6236998,210.896732
5032,2.516,2.51575,2.516250001,-0.001016063,-0.001112635,patch_5035,904.133591,904.285827,210.6236998,210.796271
5033,2.5165,2.516250001,2.516750002,-0.000289987,-0.000317548,patch_5036,904.285827,904.438063,210.6236998,210.672952
5034,2.517,2.516750002,2.517249999,0.000302808,0.000331588,patch_5037,904.438063,904.590298,210.6236998,210.57227
5035,2.5175,2.517249999,2.51775,0.00065919,0.000721843,patch_5038,904.590298,904.742534,210.6236998,210.511741
5036,2.518,2.51775,2.51825,0.000816506,0.000894111,patch_5039,904.742534,904.89477,210.6236998,210.485022
5037,2.5185,2.51825,2.518750001,0.000816577,0.000894188,patch_5040,904.89477,905.047006,210.6236998,210.48501
5038,2.519,2.518750001,2.519249998,0.000701235,0.000767884,patch_5041,905.047006,905.199241,210.6236998,210.5046
5039,2.5195,2.519249998,2.519749999,0.000512302,0.000560993,patch_5042,905.199241,905.351477,210.6236998,210.536689
5040,2.52,2.519749999,2.52025,0.000291609,0.000319325,patch_5043,905.351477,905.503713,210.6236998,210.574172
5041,2.5205,2.52025,2.52075,0.000080991,0.000088689,patch_5044,905.503713,905.655949,210.6236998,210.609944
5042,2.521,2.52075,2.521250001,-0.000079174,-0.000086699,patch_5045,905.655949,905.808185,210.6236998,210.637147
5043,2.5215,2.521250001,2.521749998,-0.000175422,-0.000192095,patch_5046,905.808185,905.96042,210.6236998,210.653494
5044,2.522,2.521749998,2.522249999,-0.000218156,-0.00023889,patch_5047,905.96042,906.112656,210.6236998,210.660752
5045,2.5225,2.522249999,2.52275,-0.000218609,-0.000239387,patch_5048,906.112656,906.264892,210.6236998,210.660829
5046,2.523,2.52275,2.52325,-0.000188016,-0.000205886,patch_5049,906.264892,906.417128,210.6236998,210.655633
5047,2.5235,2.52325,2.523750001,-0.000137617,-0.000150696,patch_5050,906.417128,906.569364,210.6236998,210.647073
5048,2.524,2.523750001,2.524249999,-0.000078633,-0.000086106,patch_5051,906.569364,906.721599,210.6236998,210.637055
5049,2.5245,2.524249999,2.524749999,-0.000022316,-0.000024437,patch_5052,906.721599,906.873835,210.6236998,210.62749
5050,2.525,2.524749999,2.52525,0.000020477,0.000022423,patch_5053,906.873835,907.026071,210.6236998,210.620222
5051,2.5255,2.52525,2.525750001,0.000046,0.000050372,patch_5054,907.026071,907.178307,210.6236998,210.615887
5052,2.526,2.525750001,2.526250001,0.000057128,0.000062558,patch_5055,907.178307,907.330543,210.6236998,210.613997
5053,2.5265,2.526250001,2.526749999,0.000056957,0.000062371,patch_5056,907.330543,907.482778,210.6236998,210.614026
5054,2.527,2.526749999,2.527249999,0.000048608,0.000053228,patch_5057,907.482778,907.635014,210.6236998,210.615444
5055,2.5275,2.527249999,2.52775,0.00003519,0.000038535,patch_5058,907.635014,907.78725,210.6236998,210.617723
5056,2.528,2.52775,2.528250001,0.000019799,0.000021681,patch_5059,907.78725,907.939486,210.6236998,210.620337
5057,2.5285,2.528250001,2.528750001,0.000005557,0.000006085,patch_5060,907.939486,908.091722,210.6236998,210.622756
5058,2.529,2.528750001,2.529249999,-0.000004535,-0.000004966,patch_5061,908.091722,908.243957,210.6236998,210.62447
5059,2.5295,2.529249999,2.529749999,-0.000009569,-0.000010478,patch_5062,908.243957,908.396193,210.6236998,210.625325
5060,2.53,2.529749999,2.53025,-0.000010664,-0.000011678,patch_5063,908.396193,908.548429,210.6236998,210.625511
5061,2.5305,2.53025,2.530750001,-0.000009027,-0.000009885,patch_5064,908.548429,908.700665,210.6236998,210.625233
5062,2.531,2.530750001,2.531250001,-0.000005854,-0.00000641,patch_5065,908.700665,908.852901,210.6236998,210.624694
5063,2.5315,2.531250001,2.531749999,-0.00000235,-0.000002574,patch_5066,908.852901,909.005136,210.6236998,210.624099
5064,2.532,2.531749999,2.532249999,0.000000287,0.000000315,patch_5067,909.005136,909.157372,210.6236998,210.623651
5065,2.5325,2.532249999,2.53275,0.000000858,0.00000094,patch_5068,909.157372,909.309608,210.6236998,210.623554
5066,2.533,2.53275,2.533250001,-0.000001779,-0.000001948,patch_5069,909.309608,909.461844,210.6236998,210.624002
5067,2.5335,2.533250001,2.533750001,-0.000007373,-0.000008073,patch_5070,909.461844,909.61408,210.6236998,210.624952
5068,2.534,2.533750001,2.534249999,-0.000014291,-0.000015649,patch_5071,909.61408,909.766315,210.6236998,210.626127
5069,2.5345,2.534249999,2.534749999,-0.000020844,-0.000022825,patch_5072,909.766315,909.918551,210.6236998,210.62724
5070,2.535,2.534749999,2.53525,-0.000025325,-0.000027732,patch_5073,909.918551,910.070787,210.6236998,210.628001
5071,2.5355,2.53525,2.535750001,-0.000026049,-0.000028525,patch_5074,910.070787,910.223023,210.6236998,210.628124
5072,2.536,2.535750001,2.536250001,-0.000021321,-0.000023347,patch_5075,910.223023,910.375259,210.6236998,210.627321
5073,2.5365,2.536250001,2.536749999,-0.000009445,-0.000010343,patch_5076,910.375259,910.527494,210.6236998,210.625304
5074,2.537,2.536749999,2.53725,0.000011139,0.000012197,patch_5077,910.527494,910.67973,210.6236998,210.621808
5075,2.5375,2.53725,2.53775,0.000038564,0.000042229,patch_5078,910.67973,910.831966,210.6236998,210.61715
5076,2.538,2.53775,2.538250001,0.000067414,0.000073821,patch_5079,910.831966,910.984202,210.6236998,210.61225
5077,2.5385,2.538250001,2.538750002,0.000092107,0.000100862,patch_5080,910.984202,911.136438,210.6236998,210.608056
5078,2.539,2.538750002,2.539249999,0.00010708,0.000117257,patch_5081,911.136438,911.288673,210.6236998,210.605513
5079,2.5395,2.539249999,2.53975,0.000106739,0.000116884,patch_5082,911.288673,911.440909,210.6236998,210.605571
5080,2.54,2.53975,2.54025,0.000085519,0.000093647,patch_5083,911.440909,911.593145,210.6236998,210.609175
5081,2.5405,2.54025,2.540750001,0.000037834,0.00004143,patch_5084,911.593145,911.745381,210.6236998,210.617274
5082,2.541,2.540750001,2.541249998,-0.000041439,-0.000045378,patch_5085,911.745381,911.897616,210.6236998,210.630738
5083,2.5415,2.541249998,2.541749999,-0.000145341,-0.000159155,patch_5086,911.897616,912.049852,210.6236998,210.648385
5084,2.542,2.541749999,2.54225,-0.000253912,-0.000278045,patch_5087,912.049852,912.202088,210.6236998,210.666825
5085,2.5425,2.54225,2.54275,-0.000346527,-0.000379463,patch_5088,912.202088,912.354324,210.6236998,210.682555
5086,2.543,2.54275,2.543250001,-0.000402585,-0.000440848,patch_5089,912.354324,912.50656,210.6236998,210.692076
5087,2.5435,2.543250001,2.543749998,-0.000401454,-0.000439611,patch_5090,912.50656,912.658795,210.6236998,210.691884
5088,2.544,2.543749998,2.544249999,-0.000322523,-0.000353177,patch_5091,912.658795,912.811031,210.6236998,210.678478
5089,2.5445,2.544249999,2.54475,-0.000145176,-0.000158975,patch_5092,912.811031,912.963267,210.6236998,210.648357
5090,2.545,2.54475,2.54525,0.000149661,0.000163885,patch_5093,912.963267,913.115503,210.6236998,210.598281
5091,2.5455,2.54525,2.545750001,0.000537072,0.000588117,patch_5094,913.115503,913.267739,210.6236998,210.532482
5092,2.546,2.545750001,2.546249999,0.000942793,0.001032401,patch_5095,913.267739,913.419974,210.6236998,210.463573
5093,2.5465,2.546249999,2.546749999,0.001289938,0.001412539,patch_5096,913.419974,913.57221,210.6236998,210.404613
5094,2.547,2.546749999,2.54725,0.00150161,0.00164433,patch_5097,913.57221,913.724446,210.6236998,210.368662
5095,2.5475,2.54725,2.547750001,0.001500933,0.001643588,patch_5098,913.724446,913.876682,210.6236998,210.368777
5096,2.548,2.547750001,2.548250001,0.001211018,0.001326118,patch_5099,913.876682,914.028918,210.6236998,210.418017
5097,2.5485,2.548250001,2.548749999,0.000554976,0.000607724,patch_5100,914.028918,914.181153,210.6236998,210.529441
5098,2.549,2.548749999,2.549249999,-0.000538887,-0.000590106,patch_5101,914.181153,914.333389,210.6236998,210.715226
5099,2.5495,2.549249999,2.54975,-0.00198165,-0.002169995,patch_5102,914.333389,914.485625,210.6236998,210.960269
5100,2.55,2.54975,2.550250001,-0.003496979,-0.003829348,patch_5103,914.485625,914.637861,210.6236998,211.217637
5101,2.5505,2.550250001,2.550750001,-0.004797946,-0.005253965,patch_5104,914.637861,914.790097,210.6236998,211.438597
5102,2.551,2.550750001,2.551249999,-0.00559762,-0.006129644,patch_5105,914.790097,914.942332,210.6236998,211.574416
5103,2.5515,2.551249999,2.551749999,-0.005609066,-0.006142177,patch_5106,914.942332,915.094568,210.6236998,211.57636
5104,2.552,2.551749999,2.55225,-0.004545354,-0.004977365,patch_5107,915.094568,915.246804,210.6236998,211.395696
5105,2.5525,2.55225,2.552750001,-0.002119554,-0.002321006,patch_5108,915.246804,915.39904,210.6236998,210.983691
5106,2.553,2.552750001,2.553250001,0.001948917,0.002134151,patch_5109,915.39904,915.551276,210.6236998,210.29269
5107,2.5535,2.553250001,2.553749999,0.007727727,0.008462206,patch_5110,915.551276,915.703511,210.6236998,209.3112
5108,2.554,2.553749999,2.554249999,0.015026088,0.016454236,patch_5111,915.703511,915.855747,210.6236998,208.071625
5109,2.5545,2.554249999,2.55475,0.023637674,0.025884307,patch_5112,915.855747,916.007983,210.6236998,206.609008
5110,2.555,2.55475,2.555250001,0.033356153,0.036526475,patch_5113,916.007983,916.160219,210.6236998,204.958393
5111,2.5555,2.555250001,2.555750001,0.04397517,0.048154772,patch_5114,916.160219,916.312455,210.6236998,203.154828
5112,2.556,2.555750001,2.556249999,0.055288411,0.060543276,patch_5115,916.312455,916.46469,210.6236998,201.233354
5113,2.5565,2.556249999,2.556749999,0.067089526,0.073466023,patch_5116,916.46469,916.616926,210.6236998,199.229018
5114,2.557,2.556749999,2.55725,0.079169198,0.086693803,patch_5117,916.616926,916.769162,210.6236998,197.177371
5115,2.5575,2.55725,2.557750001,0.091209364,0.099878322,patch_5118,916.769162,916.921398,210.6236998,195.132434
5116,2.558,2.557750001,2.558250001,0.102754583,0.112520852,patch_5119,916.921398,917.073634,210.6236998,193.17156
5117,2.5585,2.558250001,2.558749999,0.113340652,0.12411307,patch_5120,917.073634,917.225869,210.6236998,191.373591
5118,2.559,2.558749999,2.55925,0.122503359,0.134146643,patch_5121,917.225869,917.378105,210.6236998,189.81737
5119,2.5595,2.55925,2.55975,0.129778504,0.142113251,patch_5122,917.378105,917.530341,210.6236998,188.581738
5120,2.56,2.55975,2.560250001,0.134701877,0.147504564,patch_5123,917.530341,917.682577,210.6236998,187.745538
5121,2.5605,2.560250001,2.560750002,0.136809259,0.149812241,patch_5124,917.682577,917.834813,210.6236998,187.387614
5122,2.561,2.560750002,2.561249999,0.135647162,0.148539693,patch_5125,917.834813,917.987048,210.6236998,187.584988
5123,2.5615,2.561249999,2.56175,0.131188731,0.143657512,patch_5126,917.987048,918.139284,210.6236998,188.342221
5124,2.562,2.56175,2.56225,0.123967571,0.13575002,patch_5127,918.139284,918.29152,210.6236998,189.568684
5125,2.5625,2.56225,2.562750001,0.114555363,0.125443232,patch_5128,918.29152,918.443756,210.6236998,191.167281
5126,2.563,2.562750001,2.563249998,0.103523747,0.113363121,patch_5129,918.443756,918.595991,210.6236998,193.040923
5127,2.5635,2.563249998,2.563749999,0.091444422,0.100135721,patch_5130,918.595991,918.748227,210.6236998,195.092511
5128,2.564,2.563749999,2.56425,0.078889069,0.086387049,patch_5131,918.748227,918.900463,210.6236998,197.224949
5129,2.5645,2.56425,2.56475,0.066429345,0.072743096,patch_5132,918.900463,919.052699,210.6236998,199.341145
5130,2.565,2.56475,2.565250001,0.054631869,0.059824333,patch_5133,919.052699,919.204935,210.6236998,201.344863
5131,2.5655,2.565250001,2.565749998,0.043842618,0.048009622,patch_5134,919.204935,919.35717,210.6236998,203.177341
5132,2.566,2.565749998,2.566249999,0.034106004,0.037347596,patch_5135,919.35717,919.509406,210.6236998,204.831036
5133,2.5665,2.566249999,2.56675,0.025444731,0.027863116,patch_5136,919.509406,919.661642,210.6236998,206.302092
5134,2.567,2.56675,2.56725,0.017881473,0.01958101,patch_5137,919.661642,919.813878,210.6236998,207.586658
5135,2.5675,2.56725,2.567750001,0.011438932,0.012526141,patch_5138,919.813878,919.966114,210.6236998,208.680878
5136,2.568,2.567750001,2.568249999,0.006139795,0.006723349,patch_5139,919.966114,920.118349,210.6236998,209.580899
5137,2.5685,2.568249999,2.568749999,0.002006759,0.00219749,patch_5140,920.118349,920.270585,210.6236998,210.282866
5138,2.569,2.568749999,2.56925,-0.000939228,-0.001028496,patch_5141,920.270585,920.422821,210.6236998,210.783221
5139,2.5695,2.56925,2.569750001,-0.002760705,-0.003023095,patch_5142,920.422821,920.575057,210.6236998,211.092586
5140,2.57,2.569750001,2.570250001,-0.003638952,-0.003984814,patch_5143,920.575057,920.727293,210.6236998,211.24175
5141,2.5705,2.570250001,2.570749999,-0.003764309,-0.004122086,patch_5144,920.727293,920.879528,210.6236998,211.263041
5142,2.571,2.570749999,2.571249999,-0.00332711,-0.003643334,patch_5145,920.879528,921.031764,210.6236998,211.188786
5143,2.5715,2.571249999,2.57175,-0.002517704,-0.002756998,patch_5146,921.031764,921.184,210.6236998,211.051314
5144,2.572,2.57175,2.572250001,-0.001526423,-0.001671502,patch_5147,921.184,921.336236,210.6236998,210.882952
5145,2.5725,2.572250001,2.572750001,-0.000543609,-0.000595276,patch_5148,921.336236,921.488472,210.6236998,210.716028
5146,2.573,2.572750001,2.573249999,0.00024214,0.000265154,patch_5149,921.488472,921.640707,210.6236998,210.582574
5147,2.5735,2.573249999,2.573749999,0.000734389,0.000804189,patch_5150,921.640707,921.792943,210.6236998,210.498969
5148,2.574,2.573749999,2.57425,0.000973133,0.001065624,patch_5151,921.792943,921.945179,210.6236998,210.45842
5149,2.5745,2.57425,2.574750001,0.001009378,0.001105314,patch_5152,921.945179,922.097415,210.6236998,210.452264
5150,2.575,2.574750001,2.575250001,0.000894119,0.0009791,patch_5153,922.097415,922.249651,210.6236998,210.47184
5151,2.5755,2.575250001,2.575749999,0.000678361,0.000742835,patch_5154,922.249651,922.401886,210.6236998,210.508485
5152,2.576,2.575749999,2.576249999,0.000413104,0.000452367,patch_5155,922.401886,922.554122,210.6236998,210.553537
5153,2.5765,2.576249999,2.57675,0.000149349,0.000163543,patch_5156,922.554122,922.706358,210.6236998,210.598334
5154,2.577,2.57675,2.577250001,-0.000062312,-0.000068234,patch_5157,922.706358,922.858594,210.6236998,210.634283
5155,2.5775,2.577250001,2.577750001,-0.000195335,-0.0002139,patch_5158,922.858594,923.01083,210.6236998,210.656876
5156,2.578,2.577750001,2.578249999,-0.00026023,-0.000284963,patch_5159,923.01083,923.163065,210.6236998,210.667898
5157,2.5785,2.578249999,2.578749999,-0.000270651,-0.000296375,patch_5160,923.163065,923.315301,210.6236998,210.669668
5158,2.579,2.578749999,2.57925,-0.000240282,-0.00026312,patch_5161,923.315301,923.467537,210.6236998,210.66451
5159,2.5795,2.57925,2.579750001,-0.00018277,-0.000200141,patch_5162,923.467537,923.619773,210.6236998,210.654742
5160,2.58,2.579750001,2.580250001,-0.000111793,-0.000122418,patch_5163,923.619773,923.772009,210.6236998,210.642687
5161,2.5805,2.580250001,2.580749999,-0.000041016,-0.000044914,patch_5164,923.772009,923.924244,210.6236998,210.630666
5162,2.581,2.580749999,2.58125,0.000016002,0.000017523,patch_5165,923.924244,924.07648,210.6236998,210.620982
5163,2.5815,2.58125,2.58175,0.000051947,0.000056884,patch_5166,924.07648,924.228716,210.6236998,210.614877
5164,2.582,2.58175,2.582250001,0.000069581,0.000076194,patch_5167,924.228716,924.380952,210.6236998,210.611882
5165,2.5825,2.582250001,2.582750002,0.000072566,0.000079463,patch_5168,924.380952,924.533188,210.6236998,210.611375
5166,2.583,2.582750002,2.583249999,0.000064564,0.000070701,patch_5169,924.533188,924.685423,210.6236998,210.612734
5167,2.5835,2.583249999,2.58375,0.000049238,0.000053918,patch_5170,924.685423,924.837659,210.6236998,210.615337
5168,2.584,2.58375,2.58425,0.000030244,0.000033119,patch_5171,924.837659,924.989895,210.6236998,210.618563
5169,2.5845,2.58425,2.584750001,0.000011256,0.000012326,patch_5172,924.989895,925.142131,210.6236998,210.621788
5170,2.585,2.584750001,2.585249998,-0.000004105,-0.000004495,patch_5173,925.142131,925.294366,210.6236998,210.624397
5171,2.5855,2.585249998,2.585749999,-0.000013814,-0.000015127,patch_5174,925.294366,925.446602,210.6236998,210.626046
5172,2.586,2.585749999,2.58625,-0.000018607,-0.000020375,patch_5175,925.446602,925.598838,210.6236998,210.62686
5173,2.5865,2.58625,2.58675,-0.00001946,-0.00002131,patch_5176,925.598838,925.751074,210.6236998,210.627005
5174,2.587,2.58675,2.587250001,-0.000017353,-0.000019002,patch_5177,925.751074,925.90331,210.6236998,210.626647
5175,2.5875,2.587250001,2.587749998,-0.000013266,-0.000014527,patch_5178,925.90331,926.055545,210.6236998,210.625953
5176,2.588,2.587749998,2.588249999,-0.000008185,-0.000008963,patch_5179,926.055545,926.207781,210.6236998,210.62509
5177,2.5885,2.588249999,2.58875,-0.000003092,-0.000003386,patch_5180,926.207781,926.360017,210.6236998,210.624225
5178,2.589,2.58875,2.58925,0.000001047,0.000001146,patch_5181,926.360017,926.512253,210.6236998,210.623522
5179,2.5895,2.58925,2.589750001,0.000003673,0.000004022,patch_5182,926.512253,926.664489,210.6236998,210.623076
5180,2.59,2.589750001,2.590249999,0.000004974,0.000005447,patch_5183,926.664489,926.816724,210.6236998,210.622855
5181,2.5905,2.590249999,2.590749999,0.000005215,0.000005711,patch_5184,926.816724,926.96896,210.6236998,210.622814
5182,2.591,2.590749999,2.59125,0.000004662,0.000005105,patch_5185,926.96896,927.121196,210.6236998,210.622908
5183,2.5915,2.59125,2.591750001,0.000003573,0.000003912,patch_5186,927.121196,927.273432,210.6236998,210.623093
5184,2.592,2.591750001,2.592250001,0.000002213,0.000002423,patch_5187,927.273432,927.425668,210.6236998,210.623324
5185,2.5925,2.592250001,2.592749999,0.000000847,0.000000927,patch_5188,927.425668,927.577903,210.6236998,210.623556
5186,2.593,2.592749999,2.593249999,-0.000000272,-0.000000298,patch_5189,927.577903,927.730139,210.6236998,210.623746
5187,2.5935,2.593249999,2.59375,-0.000000979,-0.000001072,patch_5190,927.730139,927.882375,210.6236998,210.623866
5188,2.594,2.59375,2.594250001,-0.000001332,-0.000001458,patch_5191,927.882375,928.034611,210.6236998,210.623926
5189,2.5945,2.594250001,2.594750001,-0.000001402,-0.000001536,patch_5192,928.034611,928.186847,210.6236998,210.623938
5190,2.595,2.594750001,2.595249999,-0.000001255,-0.000001375,patch_5193,928.186847,928.339082,210.6236998,210.623913
5191,2.5955,2.595249999,2.595749999,-0.000000967,-0.000001059,patch_5194,928.339082,928.491318,210.6236998,210.623864
5192,2.596,2.595749999,2.59625,-0.000000602,-0.000000659,patch_5195,928.491318,928.643554,210.6236998,210.623802
5193,2.5965,2.59625,2.596750001,-0.000000237,-0.000000259,patch_5196,928.643554,928.79579,210.6236998,210.62374
5194,2.597,2.596750001,2.597250001,0.000000064,0.00000007,patch_5197,928.79579,928.948026,210.6236998,210.623689
5195,2.5975,2.597250001,2.597749999,0.000000258,0.000000282,patch_5198,928.948026,929.100261,210.6236998,210.623656
5196,2.598,2.597749999,2.598249999,0.000000352,0.000000386,patch_5199,929.100261,929.252497,210.6236998,210.62364
5197,2.5985,2.598249999,2.59875,0.000000376,0.000000411,patch_5200,929.252497,929.404733,210.6236998,210.623636
5198,2.599,2.59875,2.599250001,0.000000334,0.000000366,patch_5201,929.404733,929.556969,210.6236998,210.623643
5199,2.5995,2.599250001,2.599750001,0.000000258,0.000000282,patch_5202,929.556969,929.709205,210.6236998,210.623656
5200,2.6,2.599750001,2.600249999,0.000000158,0.000000173,patch_5203,929.709205,929.86144,210.6236998,210.623673
5201,2.6005,2.600249999,2.600749999,0.000000064,0.00000007,patch_5204,929.86144,930.013676,210.6236998,210.623689
5202,2.601,2.600749999,2.60125,-0.000000019,-0.000000021,patch_5205,930.013676,930.165912,210.6236998,210.623703
5203,2.6015,2.60125,2.601750001,-0.000000072,-0.000000079,patch_5206,930.165912,930.318148,210.6236998,210.623712
5204,2.602,2.601750001,2.602250001,-0.000000095,-0.000000104,patch_5207,930.318148,930.470384,210.6236998,210.623716
5205,2.6025,2.602250001,2.602749999,-0.000000101,-0.000000111,patch_5208,930.470384,930.622619,210.6236998,210.623717
5206,2.603,2.602749999,2.60325,-0.000000095,-0.000000104,patch_5209,930.622619,930.774855,210.6236998,210.623716
5207,2.6035,2.60325,2.60375,-0.000000072,-0.000000079,patch_5210,930.774855,930.927091,210.6236998,210.623712
5208,2.604,2.60375,2.604250001,-0.000000048,-0.000000053,patch_5211,930.927091,931.079327,210.6236998,210.623708
5209,2.6045,2.604250001,2.604750002,-0.000000019,-0.000000021,patch_5212,931.079327,931.231563,210.6236998,210.623703
5210,2.605,2.604750002,2.605249999,0.000000005,0.000000005,patch_5213,931.231563,931.383798,210.6236998,210.623699
5211,2.6055,2.605249999,2.60575,0.000000016,0.000000018,patch_5214,931.383798,931.536034,210.6236998,210.623697
5212,2.606,2.60575,2.60625,0.000000022,0.000000025,patch_5215,931.536034,931.68827,210.6236998,210.623696
5213,2.6065,2.60625,2.606750001,0.000000022,0.000000025,patch_5216,931.68827,931.840506,210.6236998,210.623696
5214,2.607,2.606750001,2.607249998,0.000000022,0.000000025,patch_5217,931.840506,931.992741,210.6236998,210.623696
5215,2.6075,2.607249998,2.607749999,0.000000016,0.000000018,patch_5218,931.992741,932.144977,210.6236998,210.623697
5216,2.608,2.607749999,2.60825,0.000000011,0.000000012,patch_5219,932.144977,932.297213,210.6236998,210.623698
5217,2.6085,2.60825,2.60875,0.000000005,0.000000005,patch_5220,932.297213,932.449449,210.6236998,210.623699
5218,2.609,2.60875,2.609250001,-0.000000001,-0.000000001,patch_5221,932.449449,932.601685,210.6236998,210.6237
5219,2.6095,2.609250001,2.609749998,-0.000000007,-0.000000008,patch_5222,932.601685,932.75392,210.6236998,210.623701
5220,2.61,2.609749998,2.610249999,-0.000000007,-0.000000008,patch_5223,932.75392,932.906156,210.6236998,210.623701
5221,2.6105,2.610249999,2.61075,-0.000000007,-0.000000008,patch_5224,932.906156,933.058392,210.6236998,210.623701
5222,2.611,2.61075,2.61125,-0.000000007,-0.000000008,patch_5225,933.058392,933.210628,210.6236998,210.623701
5223,2.6115,2.61125,2.611750001,-0.000000007,-0.000000008,patch_5226,933.210628,933.362864,210.6236998,210.623701
5224,2.612,2.611750001,2.612249999,-0.000000007,-0.000000008,patch_5227,933.362864,933.515099,210.6236998,210.623701
5225,2.6125,2.612249999,2.612749999,-0.000000001,-0.000000001,patch_5228,933.515099,933.667335,210.6236998,210.6237
5226,2.613,2.612749999,2.61325,-0.000000001,-0.000000001,patch_5229,933.667335,933.819571,210.6236998,210.6237
5227,2.6135,2.61325,2.613750001,-0.000000001,-0.000000001,patch_5230,933.819571,933.971807,210.6236998,210.6237
5228,2.614,2.613750001,2.614250001,-0.000000001,-0.000000001,patch_5231,933.971807,934.124043,210.6236998,210.6237
5229,2.6145,2.614250001,2.614749999,-0.000000001,-0.000000001,patch_5232,934.124043,934.276278,210.6236998,210.6237
5230,2.615,2.614749999,2.615249999,-0.000000001,-0.000000001,patch_5233,934.276278,934.428514,210.6236998,210.6237
5231,2.6155,2.615249999,2.61575,-0.000000001,-0.000000001,patch_5234,934.428514,934.58075,210.6236998,210.6237
5232,2.616,2.61575,2.616250001,-0.000000001,-0.000000001,patch_5235,934.58075,934.732986,210.6236998,210.6237
5233,2.6165,2.616250001,2.616750001,-0.000000001,-0.000000001,patch_5236,934.732986,934.885222,210.6236998,210.6237
5234,2.617,2.616750001,2.617249999,-0.000000001,-0.000000001,patch_5237,934.885222,935.037457,210.6236998,210.6237
5235,2.6175,2.617249999,2.617749999,-0.000000001,-0.000000001,patch_5238,935.037457,935.189693,210.6236998,210.6237
5236,2.618,2.617749999,2.61825,-0.000000001,-0.000000001,patch_5239,935.189693,935.341929,210.6236998,210.6237
5237,2.6185,2.61825,2.618750001,-0.000000001,-0.000000001,patch_5240,935.341929,935.494165,210.6236998,210.6237
5238,2.619,2.618750001,2.619250001,-0.000000001,-0.000000001,patch_5241,935.494165,935.646401,210.6236998,210.6237
5239,2.6195,2.619250001,2.619749999,-0.000000001,-0.000000001,patch_5242,935.646401,935.798636,210.6236998,210.6237
5240,2.62,2.619749999,2.620249999,-0.000000001,-0.000000001,patch_5243,935.798636,935.950872,210.6236998,210.6237
5241,2.6205,2.620249999,2.62075,-0.000000001,-0.000000001,patch_5244,935.950872,936.103108,210.6236998,210.6237
5242,2.621,2.62075,2.621250001,-0.000000001,-0.000000001,patch_5245,936.103108,936.255344,210.6236998,210.6237
5243,2.6215,2.621250001,2.621750001,-0.000000001,-0.000000001,patch_5246,936.255344,936.40758,210.6236998,210.6237
5244,2.622,2.621750001,2.622249999,-0.000000001,-0.000000001,patch_5247,936.40758,936.559815,210.6236998,210.6237
5245,2.6225,2.622249999,2.622749999,-0.000000001,-0.000000001,patch_5248,936.559815,936.712051,210.6236998,210.6237
5246,2.623,2.622749999,2.62325,-0.000000001,-0.000000001,patch_5249,936.712051,936.864287,210.6236998,210.6237
5247,2.6235,2.62325,2.623750001,-0.000000001,-0.000000001,patch_5250,936.864287,937.016523,210.6236998,210.6237
5248,2.624,2.623750001,2.624250001,-0.000000001,-0.000000001,patch_5251,937.016523,937.168759,210.6236998,210.6237
5249,2.6245,2.624250001,2.624749999,-0.000000001,-0.000000001,patch_5252,937.168759,937.320994,210.6236998,210.6237
5250,2.625,2.624749999,2.62525,-0.000000001,-0.000000001,patch_5253,937.320994,937.47323,210.6236998,210.6237
5251,2.6255,2.62525,2.62575,-0.000000001,-0.000000001,patch_5254,937.47323,937.625466,210.6236998,210.6237
5252,2.626,2.62575,2.626250001,-0.000000001,-0.000000001,patch_5255,937.625466,937.777702,210.6236998,210.6237
5253,2.6265,2.626250001,2.626750002,-0.000000001,-0.000000001,patch_5256,937.777702,937.929938,210.6236998,210.6237
5254,2.627,2.626750002,2.627249999,-0.000000001,-0.000000001,patch_5257,937.929938,938.082173,210.6236998,210.6237
5255,2.6275,2.627249999,2.62775,-0.000000001,-0.000000001,patch_5258,938.082173,938.234409,210.6236998,210.6237
5256,2.628,2.62775,2.62825,-0.000000001,-0.000000001,patch_5259,938.234409,938.386645,210.6236998,210.6237
5257,2.6285,2.62825,2.628750001,-0.000000001,-0.000000001,patch_5260,938.386645,938.538881,210.6236998,210.6237
5258,2.629,2.628750001,2.629249998,-0.000000001,-0.000000001,patch_5261,938.538881,938.691116,210.6236998,210.6237
5259,2.6295,2.629249998,2.629749999,-0.000000001,-0.000000001,patch_5262,938.691116,938.843352,210.6236998,210.6237
5260,2.63,2.629749999,2.63025,-0.000000001,-0.000000001,patch_5263,938.843352,938.995588,210.6236998,210.6237
5261,2.6305,2.63025,2.63075,-0.000000001,-0.000000001,patch_5264,938.995588,939.147824,210.6236998,210.6237
5262,2.631,2.63075,2.631250001,-0.000000001,-0.000000001,patch_5265,939.147824,939.30006,210.6236998,210.6237
5263,2.6315,2.631250001,2.631749998,-0.000000001,-0.000000001,patch_5266,939.30006,939.452295,210.6236998,210.6237
5264,2.632,2.631749998,2.632249999,-0.000000001,-0.000000001,patch_5267,939.452295,939.604531,210.6236998,210.6237
5265,2.6325,2.632249999,2.63275,-0.000000001,-0.000000001,patch_5268,939.604531,939.756767,210.6236998,210.6237
5266,2.633,2.63275,2.63325,-0.000000001,-0.000000001,patch_5269,939.756767,939.909003,210.6236998,210.6237
5267,2.6335,2.63325,2.633750001,-0.000000001,-0.000000001,patch_5270,939.909003,940.061239,210.6236998,210.6237
5268,2.634,2.633750001,2.634249998,-0.000000001,-0.000000001,patch_5271,940.061239,940.213474,210.6236998,210.6237
5269,2.6345,2.634249998,2.634749999,-0.000000001,-0.000000001,patch_5272,940.213474,940.36571,210.6236998,210.6237
5270,2.635,2.634749999,2.63525,-0.000000001,-0.000000001,patch_5273,940.36571,940.517946,210.6236998,210.6237
5271,2.6355,2.63525,2.635750001,-0.000000001,-0.000000001,patch_5274,940.517946,940.670182,210.6236998,210.6237
5272,2.636,2.635750001,2.636250001,-0.000000001,-0.000000001,patch_5275,940.670182,940.822418,210.6236998,210.6237
5273,2.6365,2.636250001,2.636749999,-0.000000001,-0.000000001,patch_5276,940.822418,940.974653,210.6236998,210.6237
5274,2.637,2.636749999,2.637249999,-0.000000001,-0.000000001,patch_5277,940.974653,941.126889,210.6236998,210.6237
5275,2.6375,2.637249999,2.63775,-0.000000001,-0.000000001,patch_5278,941.126889,941.279125,210.6236998,210.6237
5276,2.638,2.63775,2.638250001,-0.000000001,-0.000000001,patch_5279,941.279125,941.431361,210.6236998,210.6237
5277,2.6385,2.638250001,2.638750001,-0.000000001,-0.000000001,patch_5280,941.431361,941.583597,210.6236998,210.6237
5278,2.639,2.638750001,2.639249999,-0.000000001,-0.000000001,patch_5281,941.583597,941.735832,210.6236998,210.6237
5279,2.6395,2.639249999,2.639749999,-0.000000001,-0.000000001,patch_5282,941.735832,941.888068,210.6236998,210.6237
5280,2.64,2.639749999,2.64025,-0.000000001,-0.000000001,patch_5283,941.888068,942.040304,210.6236998,210.6237
5281,2.6405,2.64025,2.640750001,-0.000000001,-0.000000001,patch_5284,942.040304,942.19254,210.6236998,210.6237
5282,2.641,2.640750001,2.641250001,-0.000000001,-0.000000001,patch_5285,942.19254,942.344776,210.6236998,210.6237
5283,2.6415,2.641250001,2.641749999,-0.000000001,-0.000000001,patch_5286,942.344776,942.497011,210.6236998,210.6237
5284,2.642,2.641749999,2.642249999,-0.000000001,-0.000000001,patch_5287,942.497011,942.649247,210.6236998,210.6237
5285,2.6425,2.642249999,2.64275,-0.000000001,-0.000000001,patch_5288,942.649247,942.801483,210.6236998,210.6237
5286,2.643,2.64275,2.643250001,-0.000000001,-0.000000001,patch_5289,942.801483,942.953719,210.6236998,210.6237
5287,2.6435,2.643250001,2.643750001,-0.000000001,-0.000000001,patch_5290,942.953719,943.105955,210.6236998,210.6237
5288,2.644,2.643750001,2.644249999,-0.000000001,-0.000000001,patch_5291,943.105955,943.25819,210.6236998,210.6237
5289,2.6445,2.644249999,2.644749999,-0.000000001,-0.000000001,patch_5292,943.25819,943.410426,210.6236998,210.6237
5290,2.645,2.644749999,2.64525,-0.000000001,-0.000000001,patch_5293,943.410426,943.562662,210.6236998,210.6237
5291,2.6455,2.64525,2.645750001,-0.000000001,-0.000000001,patch_5294,943.562662,943.714898,210.6236998,210.6237
5292,2.646,2.645750001,2.646250001,-0.000000001,-0.000000001,patch_5295,943.714898,943.867134,210.6236998,210.6237
5293,2.6465,2.646250001,2.646749999,-0.000000001,-0.000000001,patch_5296,943.867134,944.019369,210.6236998,210.6237
5294,2.647,2.646749999,2.64725,-0.000000001,-0.000000001,patch_5297,944.019369,944.171605,210.6236998,210.6237
5295,2.6475,2.64725,2.64775,-0.000000001,-0.000000001,patch_5298,944.171605,944.323841,210.6236998,210.6237
5296,2.648,2.64775,2.648250001,-0.000000001,-0.000000001,patch_5299,944.323841,944.476077,210.6236998,210.6237
5297,2.6485,2.648250001,2.648750002,-0.000000001,-0.000000001,patch_5300,944.476077,944.628313,210.6236998,210.6237
5298,2.649,2.648750002,2.649249999,-0.000000001,-0.000000001,patch_5301,944.628313,944.780548,210.6236998,210.6237
5299,2.6495,2.649249999,2.64975,-0.000000001,-0.000000001,patch_5302,944.780548,944.932784,210.6236998,210.6237
5300,2.65,2.64975,2.65025,-0.000000001,-0.000000001,patch_5303,944.932784,945.08502,210.6236998,210.6237
5301,2.6505,2.65025,2.650750001,-0.000000001,-0.000000001,patch_5304,945.08502,945.237256,210.6236998,210.6237
5302,2.651,2.650750001,2.651249998,-0.000000001,-0.000000001,patch_5305,945.237256,945.389491,210.6236998,210.6237
5303,2.6515,2.651249998,2.651749999,-0.000000001,-0.000000001,patch_5306,945.389491,945.541727,210.6236998,210.6237
5304,2.652,2.651749999,2.65225,-0.000000001,-0.000000001,patch_5307,945.541727,945.693963,210.6236998,210.6237
5305,2.6525,2.65225,2.65275,-0.000000001,-0.000000001,patch_5308,945.693963,945.846199,210.6236998,210.6237
5306,2.653,2.65275,2.653250001,-0.000000001,-0.000000001,patch_5309,945.846199,945.998435,210.6236998,210.6237
5307,2.6535,2.653250001,2.653749998,-0.000000001,-0.000000001,patch_5310,945.998435,946.15067,210.6236998,210.6237
5308,2.654,2.653749998,2.654249999,-0.000000001,-0.000000001,patch_5311,946.15067,946.302906,210.6236998,210.6237
5309,2.6545,2.654249999,2.65475,-0.000000001,-0.000000001,patch_5312,946.302906,946.455142,210.6236998,210.6237
5310,2.655,2.65475,2.65525,-0.000000001,-0.000000001,patch_5313,946.455142,946.607378,210.6236998,210.6237
5311,2.6555,2.65525,2.655750001,-0.000000001,-0.000000001,patch_5314,946.607378,946.759614,210.6236998,210.6237
5312,2.656,2.655750001,2.656249998,-0.000000001,-0.000000001,patch_5315,946.759614,946.911849,210.6236998,210.6237
5313,2.6565,2.656249998,2.656749999,-0.000000001,-0.000000001,patch_5316,946.911849,947.064085,210.6236998,210.6237
5314,2.657,2.656749999,2.65725,-0.000000001,-0.000000001,patch_5317,947.064085,947.216321,210.6236998,210.6237
5315,2.6575,2.65725,2.657750001,-0.000000001,-0.000000001,patch_5318,947.216321,947.368557,210.6236998,210.6237
5316,2.658,2.657750001,2.658250001,-0.000000001,-0.000000001,patch_5319,947.368557,947.520793,210.6236998,210.6237
5317,2.6585,2.658250001,2.658749999,-0.000000001,-0.000000001,patch_5320,947.520793,947.673028,210.6236998,210.6237
5318,2.659,2.658749999,2.659249999,-0.000000001,-0.000000001,patch_5321,947.673028,947.825264,210.6236998,210.6237
5319,2.6595,2.659249999,2.65975,-0.000000001,-0.000000001,patch_5322,947.825264,947.9775,210.6236998,210.6237
5320,2.66,2.65975,2.660250001,-0.000000001,-0.000000001,patch_5323,947.9775,948.129736,210.6236998,210.6237
5321,2.6605,2.660250001,2.660750001,-0.000000001,-0.000000001,patch_5324,948.129736,948.281972,210.6236998,210.6237
5322,2.661,2.660750001,2.661249999,-0.000000001,-0.000000001,patch_5325,948.281972,948.434207,210.6236998,210.6237
5323,2.6615,2.661249999,2.661749999,-0.000000001,-0.000000001,patch_5326,948.434207,948.586443,210.6236998,210.6237
5324,2.662,2.661749999,2.66225,-0.000000001,-0.000000001,patch_5327,948.586443,948.738679,210.6236998,210.6237
5325,2.6625,2.66225,2.662750001,-0.000000001,-0.000000001,patch_5328,948.738679,948.890915,210.6236998,210.6237
5326,2.663,2.662750001,2.663250001,-0.000000001,-0.000000001,patch_5329,948.890915,949.043151,210.6236998,210.6237
5327,2.6635,2.663250001,2.663749999,-0.000000001,-0.000000001,patch_5330,949.043151,949.195386,210.6236998,210.6237
5328,2.664,2.663749999,2.664249999,-0.000000001,-0.000000001,patch_5331,949.195386,949.347622,210.6236998,210.6237
5329,2.6645,2.664249999,2.66475,-0.000000001,-0.000000001,patch_5332,949.347622,949.499858,210.6236998,210.6237
5330,2.665,2.66475,2.665250001,-0.000000001,-0.000000001,patch_5333,949.499858,949.652094,210.6236998,210.6237
5331,2.6655,2.665250001,2.665750001,-0.000000001,-0.000000001,patch_5334,949.652094,949.80433,210.6236998,210.6237
5332,2.666,2.665750001,2.666249999,-0.000000001,-0.000000001,patch_5335,949.80433,949.956565,210.6236998,210.6237
5333,2.6665,2.666249999,2.666749999,-0.000000001,-0.000000001,patch_5336,949.956565,950.108801,210.6236998,210.6237
5334,2.667,2.666749999,2.66725,-0.000000001,-0.000000001,patch_5337,950.108801,950.261037,210.6236998,210.6237
5335,2.6675,2.66725,2.667750001,-0.000000001,-0.000000001,patch_5338,950.261037,950.413273,210.6236998,210.6237
5336,2.668,2.667750001,2.668250001,-0.000000001,-0.000000001,patch_5339,950.413273,950.565509,210.6236998,210.6237
5337,2.6685,2.668250001,2.668749999,-0.000000001,-0.000000001,patch_5340,950.565509,950.717744,210.6236998,210.6237
5338,2.669,2.668749999,2.66925,-0.000000001,-0.000000001,patch_5341,950.717744,950.86998,210.6236998,210.6237
5339,2.6695,2.66925,2.66975,-0.000000001,-0.000000001,patch_5342,950.86998,951.022216,210.6236998,210.6237
5340,2.67,2.66975,2.670250001,-0.000000001,-0.000000001,patch_5343,951.022216,951.174452,210.6236998,210.6237
5341,2.6705,2.670250001,2.670750002,-0.000000001,-0.000000001,patch_5344,951.174452,951.326688,210.6236998,210.6237
5342,2.671,2.670750002,2.671249999,-0.000000001,-0.000000001,patch_5345,951.326688,951.478923,210.6236998,210.6237
5343,2.6715,2.671249999,2.67175,-0.000000001,-0.000000001,patch_5346,951.478923,951.631159,210.6236998,210.6237
5344,2.672,2.67175,2.67225,-0.000000001,-0.000000001,patch_5347,951.631159,951.783395,210.6236998,210.6237
5345,2.6725,2.67225,2.672750001,-0.000000001,-0.000000001,patch_5348,951.783395,951.935631,210.6236998,210.6237
5346,2.673,2.672750001,2.673249998,-0.000000001,-0.000000001,patch_5349,951.935631,952.087866,210.6236998,210.6237
5347,2.6735,2.673249998,2.673749999,-0.000000001,-0.000000001,patch_5350,952.087866,952.240102,210.6236998,210.6237
5348,2.674,2.673749999,2.67425,-0.000000001,-0.000000001,patch_5351,952.240102,952.392338,210.6236998,210.6237
5349,2.6745,2.67425,2.67475,-0.000000001,-0.000000001,patch_5352,952.392338,952.544574,210.6236998,210.6237
5350,2.675,2.67475,2.675250001,-0.000000001,-0.000000001,patch_5353,952.544574,952.69681,210.6236998,210.6237
5351,2.6755,2.675250001,2.675749998,-0.000000001,-0.000000001,patch_5354,952.69681,952.849045,210.6236998,210.6237
5352,2.676,2.675749998,2.676249999,-0.000000001,-0.000000001,patch_5355,952.849045,953.001281,210.6236998,210.6237
5353,2.6765,2.676249999,2.67675,-0.000000001,-0.000000001,patch_5356,953.001281,953.153517,210.6236998,210.6237
5354,2.677,2.67675,2.67725,-0.000000001,-0.000000001,patch_5357,953.153517,953.305753,210.6236998,210.6237
5355,2.6775,2.67725,2.677750001,-0.000000001,-0.000000001,patch_5358,953.305753,953.457989,210.6236998,210.6237
5356,2.678,2.677750001,2.678249998,-0.000000001,-0.000000001,patch_5359,953.457989,953.610224,210.6236998,210.6237
5357,2.6785,2.678249998,2.678749999,-0.000000001,-0.000000001,patch_5360,953.610224,953.76246,210.6236998,210.6237
5358,2.679,2.678749999,2.67925,-0.000000001,-0.000000001,patch_5361,953.76246,953.914696,210.6236998,210.6237
5359,2.6795,2.67925,2.679750001,-0.000000001,-0.000000001,patch_5362,953.914696,954.066932,210.6236998,210.6237
5360,2.68,2.679750001,2.680250001,-0.000000001,-0.000000001,patch_5363,954.066932,954.219168,210.6236998,210.6237
5361,2.6805,2.680250001,2.680749999,-0.000000001,-0.000000001,patch_5364,954.219168,954.371403,210.6236998,210.6237
5362,2.681,2.680749999,2.681249999,-0.000000001,-0.000000001,patch_5365,954.371403,954.523639,210.6236998,210.6237
5363,2.6815,2.681249999,2.68175,-0.000000001,-0.000000001,patch_5366,954.523639,954.675875,210.6236998,210.6237
5364,2.682,2.68175,2.682250001,-0.000000001,-0.000000001,patch_5367,954.675875,954.828111,210.6236998,210.6237
5365,2.6825,2.682250001,2.682750001,-0.000000001,-0.000000001,patch_5368,954.828111,954.980347,210.6236998,210.6237
5366,2.683,2.682750001,2.683249999,-0.000000001,-0.000000001,patch_5369,954.980347,955.132582,210.6236998,210.6237
5367,2.6835,2.683249999,2.683749999,-0.000000001,-0.000000001,patch_5370,955.132582,955.284818,210.6236998,210.6237
5368,2.684,2.683749999,2.68425,-0.000000001,-0.000000001,patch_5371,955.284818,955.437054,210.6236998,210.6237
5369,2.6845,2.68425,2.684750001,-0.000000001,-0.000000001,patch_5372,955.437054,955.58929,210.6236998,210.6237
5370,2.685,2.684750001,2.685250001,-0.000000001,-0.000000001,patch_5373,955.58929,955.741526,210.6236998,210.6237
5371,2.6855,2.685250001,2.685749999,-0.000000001,-0.000000001,patch_5374,955.741526,955.893761,210.6236998,210.6237
5372,2.686,2.685749999,2.686249999,-0.000000001,-0.000000001,patch_5375,955.893761,956.045997,210.6236998,210.6237
5373,2.6865,2.686249999,2.68675,-0.000000001,-0.000000001,patch_5376,956.045997,956.198233,210.6236998,210.6237
5374,2.687,2.68675,2.687250001,-0.000000001,-0.000000001,patch_5377,956.198233,956.350469,210.6236998,210.6237
5375,2.6875,2.687250001,2.687750001,-0.000000001,-0.000000001,patch_5378,956.350469,956.502705,210.6236998,210.6237
5376,2.688,2.687750001,2.688249999,-0.000000001,-0.000000001,patch_5379,956.502705,956.65494,210.6236998,210.6237
5377,2.6885,2.688249999,2.688749999,-0.000000001,-0.000000001,patch_5380,956.65494,956.807176,210.6236998,210.6237
5378,2.689,2.688749999,2.68925,-0.000000001,-0.000000001,patch_5381,956.807176,956.959412,210.6236998,210.6237
5379,2.6895,2.68925,2.689750001,-0.000000001,-0.000000001,patch_5382,956.959412,957.111648,210.6236998,210.6237
5380,2.69,2.689750001,2.690250001,-0.000000001,-0.000000001,patch_5383,957.111648,957.263884,210.6236998,210.6237
5381,2.6905,2.690250001,2.690749999,-0.000000001,-0.000000001,patch_5384,957.263884,957.416119,210.6236998,210.6237
5382,2.691,2.690749999,2.69125,-0.000000001,-0.000000001,patch_5385,957.416119,957.568355,210.6236998,210.6237
5383,2.6915,2.69125,2.69175,-0.000000001,-0.000000001,patch_5386,957.568355,957.720591,210.6236998,210.6237
5384,2.692,2.69175,2.692250001,-0.000000001,-0.000000001,patch_5387,957.720591,957.872827,210.6236998,210.6237
5385,2.6925,2.692250001,2.692750002,-0.000000001,-0.000000001,patch_5388,957.872827,958.025063,210.6236998,210.6237
5386,2.693,2.692750002,2.693249999,-0.000000001,-0.000000001,patch_5389,958.025063,958.177298,210.6236998,210.6237
5387,2.6935,2.693249999,2.69375,-0.000000001,-0.000000001,patch_5390,958.177298,958.329534,210.6236998,210.6237
5388,2.694,2.69375,2.69425,-0.000000001,-0.000000001,patch_5391,958.329534,958.48177,210.6236998,210.6237
5389,2.6945,2.69425,2.694750001,-0.000000001,-0.000000001,patch_5392,958.48177,958.634006,210.6236998,210.6237
5390,2.695,2.694750001,2.695249998,-0.000000001,-0.000000001,patch_5393,958.634006,958.786241,210.6236998,210.6237
5391,2.6955,2.695249998,2.695749999,-0.000000001,-0.000000001,patch_5394,958.786241,958.938477,210.6236998,210.6237
5392,2.696,2.695749999,2.69625,-0.000000001,-0.000000001,patch_5395,958.938477,959.090713,210.6236998,210.6237
5393,2.6965,2.69625,2.69675,-0.000000001,-0.000000001,patch_5396,959.090713,959.242949,210.6236998,210.6237
5394,2.697,2.69675,2.697250001,-0.000000001,-0.000000001,patch_5397,959.242949,959.395185,210.6236998,210.6237
5395,2.6975,2.697250001,2.697749998,-0.000000001,-0.000000001,patch_5398,959.395185,959.54742,210.6236998,210.6237
5396,2.698,2.697749998,2.698249999,-0.000000001,-0.000000001,patch_5399,959.54742,959.699656,210.6236998,210.6237
5397,2.6985,2.698249999,2.69875,-0.000000001,-0.000000001,patch_5400,959.699656,959.851892,210.6236998,210.6237
5398,2.699,2.69875,2.69925,-0.000000001,-0.000000001,patch_5401,959.851892,960.004128,210.6236998,210.6237
5399,2.6995,2.69925,2.699750001,-0.000000001,-0.000000001,patch_5402,960.004128,960.156364,210.6236998,210.6237
5400,2.7,2.699750001,2.700249998,-0.000000001,-0.000000001,patch_5403,960.156364,960.308599,210.6236998,210.6237
5401,2.7005,2.700249998,2.700749999,-0.000000001,-0.000000001,patch_5404,960.308599,960.460835,210.6236998,210.6237
5402,2.701,2.700749999,2.70125,-0.000000001,-0.000000001,patch_5405,960.460835,960.613071,210.6236998,210.6237
5403,2.7015,2.70125,2.701750001,-0.000000001,-0.000000001,patch_5406,960.613071,960.765307,210.6236998,210.6237
5404,2.702,2.701750001,2.702250001,-0.000000001,-0.000000001,patch_5407,960.765307,960.917543,210.6236998,210.6237
5405,2.7025,2.702250001,2.702749999,-0.000000001,-0.000000001,patch_5408,960.917543,961.069778,210.6236998,210.6237
5406,2.703,2.702749999,2.703249999,-0.000000001,-0.000000001,patch_5409,961.069778,961.222014,210.6236998,210.6237
5407,2.7035,2.703249999,2.70375,-0.000000001,-0.000000001,patch_5410,961.222014,961.37425,210.6236998,210.6237
5408,2.704,2.70375,2.704250001,-0.000000001,-0.000000001,patch_5411,961.37425,961.526486,210.6236998,210.6237
5409,2.7045,2.704250001,2.704750001,-0.000000001,-0.000000001,patch_5412,961.526486,961.678722,210.6236998,210.6237
5410,2.705,2.704750001,2.705249999,-0.000000001,-0.000000001,patch_5413,961.678722,961.830957,210.6236998,210.6237
5411,2.7055,2.705249999,2.705749999,-0.000000001,-0.000000001,patch_5414,961.830957,961.983193,210.6236998,210.6237
5412,2.706,2.705749999,2.70625,-0.000000001,-0.000000001,patch_5415,961.983193,962.135429,210.6236998,210.6237
5413,2.7065,2.70625,2.706750001,-0.000000001,-0.000000001,patch_5416,962.135429,962.287665,210.6236998,210.6237
5414,2.707,2.706750001,2.707250001,-0.000000001,-0.000000001,patch_5417,962.287665,962.439901,210.6236998,210.6237
5415,2.7075,2.707250001,2.707749999,-0.000000001,-0.000000001,patch_5418,962.439901,962.592136,210.6236998,210.6237
5416,2.708,2.707749999,2.708249999,-0.000000001,-0.000000001,patch_5419,962.592136,962.744372,210.6236998,210.6237
5417,2.7085,2.708249999,2.70875,-0.000000001,-0.000000001,patch_5420,962.744372,962.896608,210.6236998,210.6237
5418,2.709,2.70875,2.709250001,-0.000000001,-0.000000001,patch_5421,962.896608,963.048844,210.6236998,210.6237
5419,2.7095,2.709250001,2.709750001,-0.000000001,-0.000000001,patch_5422,963.048844,963.20108,210.6236998,210.6237
5420,2.71,2.709750001,2.710249999,-0.000000001,-0.000000001,patch_5423,963.20108,963.353315,210.6236998,210.6237
5421,2.7105,2.710249999,2.710749999,-0.000000001,-0.000000001,patch_5424,963.353315,963.505551,210.6236998,210.6237
5422,2.711,2.710749999,2.71125,-0.000000001,-0.000000001,patch_5425,963.505551,963.657787,210.6236998,210.6237
5423,2.7115,2.71125,2.711750001,-0.000000001,-0.000000001,patch_5426,963.657787,963.810023,210.6236998,210.6237
5424,2.712,2.711750001,2.712250001,-0.000000001,-0.000000001,patch_5427,963.810023,963.962259,210.6236998,210.6237
5425,2.7125,2.712250001,2.712749999,-0.000000001,-0.000000001,patch_5428,963.962259,964.114494,210.6236998,210.6237
5426,2.713,2.712749999,2.71325,-0.000000001,-0.000000001,patch_5429,964.114494,964.26673,210.6236998,210.6237
5427,2.7135,2.71325,2.71375,-0.000000001,-0.000000001,patch_5430,964.26673,964.418966,210.6236998,210.6237
5428,2.714,2.71375,2.714250001,-0.000000001,-0.000000001,patch_5431,964.418966,964.571202,210.6236998,210.6237
5429,2.7145,2.714250001,2.714750002,-0.000000001,-0.000000001,patch_5432,964.571202,964.723438,210.6236998,210.6237
5430,2.715,2.714750002,2.715249999,-0.000000001,-0.000000001,patch_5433,964.723438,964.875673,210.6236998,210.6237
5431,2.7155,2.715249999,2.71575,-0.000000001,-0.000000001,patch_5434,964.875673,965.027909,210.6236998,210.6237
5432,2.716,2.71575,2.71625,-0.000000001,-0.000000001,patch_5435,965.027909,965.180145,210.6236998,210.6237
5433,2.7165,2.71625,2.716750001,-0.000000001,-0.000000001,patch_5436,965.180145,965.332381,210.6236998,210.6237
5434,2.717,2.716750001,2.717249998,-0.000000001,-0.000000001,patch_5437,965.332381,965.484616,210.6236998,210.6237
5435,2.7175,2.717249998,2.717749999,-0.000000001,-0.000000001,patch_5438,965.484616,965.636852,210.6236998,210.6237
5436,2.718,2.717749999,2.71825,-0.000000001,-0.000000001,patch_5439,965.636852,965.789088,210.6236998,210.6237
5437,2.7185,2.71825,2.71875,-0.000000001,-0.000000001,patch_5440,965.789088,965.941324,210.6236998,210.6237
5438,2.719,2.71875,2.719250001,-0.000000001,-0.000000001,patch_5441,965.941324,966.09356,210.6236998,210.6237
5439,2.7195,2.719250001,2.719749998,-0.000000001,-0.000000001,patch_5442,966.09356,966.245795,210.6236998,210.6237
5440,2.72,2.719749998,2.720249999,-0.000000001,-0.000000001,patch_5443,966.245795,966.398031,210.6236998,210.6237
5441,2.7205,2.720249999,2.72075,-0.000000001,-0.000000001,patch_5444,966.398031,966.550267,210.6236998,210.6237
5442,2.721,2.72075,2.72125,-0.000000001,-0.000000001,patch_5445,966.550267,966.702503,210.6236998,210.6237
5443,2.7215,2.72125,2.721750001,-0.000000001,-0.000000001,patch_5446,966.702503,966.854739,210.6236998,210.6237
5444,2.722,2.721750001,2.722249998,-0.000000001,-0.000000001,patch_5447,966.854739,967.006974,210.6236998,210.6237
5445,2.7225,2.722249998,2.722749999,-0.000000001,-0.000000001,patch_5448,967.006974,967.15921,210.6236998,210.6237
5446,2.723,2.722749999,2.72325,-0.000000001,-0.000000001,patch_5449,967.15921,967.311446,210.6236998,210.6237
5447,2.7235,2.72325,2.723750001,-0.000000001,-0.000000001,patch_5450,967.311446,967.463682,210.6236998,210.6237
5448,2.724,2.723750001,2.724250001,-0.000000001,-0.000000001,patch_5451,967.463682,967.615918,210.6236998,210.6237
5449,2.7245,2.724250001,2.724749999,-0.000000001,-0.000000001,patch_5452,967.615918,967.768153,210.6236998,210.6237
5450,2.725,2.724749999,2.725249999,-0.000000001,-0.000000001,patch_5453,967.768153,967.920389,210.6236998,210.6237
5451,2.7255,2.725249999,2.72575,-0.000000001,-0.000000001,patch_5454,967.920389,968.072625,210.6236998,210.6237
5452,2.726,2.72575,2.726250001,-0.000000001,-0.000000001,patch_5455,968.072625,968.224861,210.6236998,210.6237
5453,2.7265,2.726250001,2.726750001,-0.000000001,-0.000000001,patch_5456,968.224861,968.377097,210.6236998,210.6237
5454,2.727,2.726750001,2.727249999,-0.000000001,-0.000000001,patch_5457,968.377097,968.529332,210.6236998,210.6237
5455,2.7275,2.727249999,2.727749999,-0.000000001,-0.000000001,patch_5458,968.529332,968.681568,210.6236998,210.6237
5456,2.728,2.727749999,2.72825,-0.000000001,-0.000000001,patch_5459,968.681568,968.833804,210.6236998,210.6237
5457,2.7285,2.72825,2.728750001,-0.000000001,-0.000000001,patch_5460,968.833804,968.98604,210.6236998,210.6237
5458,2.729,2.728750001,2.729250001,-0.000000001,-0.000000001,patch_5461,968.98604,969.138276,210.6236998,210.6237
5459,2.7295,2.729250001,2.729749999,-0.000000001,-0.000000001,patch_5462,969.138276,969.290511,210.6236998,210.6237
5460,2.73,2.729749999,2.730249999,-0.000000001,-0.000000001,patch_5463,969.290511,969.442747,210.6236998,210.6237
5461,2.7305,2.730249999,2.73075,-0.000000001,-0.000000001,patch_5464,969.442747,969.594983,210.6236998,210.6237
5462,2.731,2.73075,2.731250001,-0.000000001,-0.000000001,patch_5465,969.594983,969.747219,210.6236998,210.6237
5463,2.7315,2.731250001,2.731750001,-0.000000001,-0.000000001,patch_5466,969.747219,969.899455,210.6236998,210.6237
5464,2.732,2.731750001,2.732249999,-0.000000001,-0.000000001,patch_5467,969.899455,970.05169,210.6236998,210.6237
5465,2.7325,2.732249999,2.732749999,-0.000000001,-0.000000001,patch_5468,970.05169,970.203926,210.6236998,210.6237
5466,2.733,2.732749999,2.73325,-0.000000001,-0.000000001,patch_5469,970.203926,970.356162,210.6236998,210.6237
5467,2.7335,2.73325,2.733750001,-0.000000001,-0.000000001,patch_5470,970.356162,970.508398,210.6236998,210.6237
5468,2.734,2.733750001,2.734250001,-0.000000001,-0.000000001,patch_5471,970.508398,970.660634,210.6236998,210.6237
5469,2.7345,2.734250001,2.734749999,-0.000000001,-0.000000001,patch_5472,970.660634,970.812869,210.6236998,210.6237
5470,2.735,2.734749999,2.73525,-0.000000001,-0.000000001,patch_5473,970.812869,970.965105,210.6236998,210.6237
5471,2.7355,2.73525,2.73575,-0.000000001,-0.000000001,patch_5474,970.965105,971.117341,210.6236998,210.6237
5472,2.736,2.73575,2.736250001,-0.000000001,-0.000000001,patch_5475,971.117341,971.269577,210.6236998,210.6237
5473,2.7365,2.736250001,2.736750002,-0.000000001,-0.000000001,patch_5476,971.269577,971.421813,210.6236998,210.6237
5474,2.737,2.736750002,2.737249999,-0.000000001,-0.000000001,patch_5477,971.421813,971.574048,210.6236998,210.6237
5475,2.7375,2.737249999,2.73775,-0.000000001,-0.000000001,patch_5478,971.574048,971.726284,210.6236998,210.6237
5476,2.738,2.73775,2.73825,-0.000000001,-0.000000001,patch_5479,971.726284,971.87852,210.6236998,210.6237
5477,2.7385,2.73825,2.738750001,-0.000000001,-0.000000001,patch_5480,971.87852,972.030756,210.6236998,210.6237
5478,2.739,2.738750001,2.739249998,-0.000000001,-0.000000001,patch_5481,972.030756,972.182991,210.6236998,210.6237
5479,2.7395,2.739249998,2.739749999,-0.000000001,-0.000000001,patch_5482,972.182991,972.335227,210.6236998,210.6237
5480,2.74,2.739749999,2.74025,-0.000000001,-0.000000001,patch_5483,972.335227,972.487463,210.6236998,210.6237
5481,2.7405,2.74025,2.74075,-0.000000001,-0.000000001,patch_5484,972.487463,972.639699,210.6236998,210.6237
5482,2.741,2.74075,2.741250001,-0.000000001,-0.000000001,patch_5485,972.639699,972.791935,210.6236998,210.6237
5483,2.7415,2.741250001,2.741749998,-0.000000001,-0.000000001,patch_5486,972.791935,972.94417,210.6236998,210.6237
5484,2.742,2.741749998,2.742249999,-0.000000001,-0.000000001,patch_5487,972.94417,973.096406,210.6236998,210.6237
5485,2.7425,2.742249999,2.74275,-0.000000001,-0.000000001,patch_5488,973.096406,973.248642,210.6236998,210.6237
5486,2.743,2.74275,2.74325,-0.000000001,-0.000000001,patch_5489,973.248642,973.400878,210.6236998,210.6237
5487,2.7435,2.74325,2.743750001,-0.000000001,-0.000000001,patch_5490,973.400878,973.553114,210.6236998,210.6237
5488,2.744,2.743750001,2.744249998,-0.000000001,-0.000000001,patch_5491,973.553114,973.705349,210.6236998,210.6237
5489,2.7445,2.744249998,2.744749999,-0.000000001,-0.000000001,patch_5492,973.705349,973.857585,210.6236998,210.6237
5490,2.745,2.744749999,2.74525,-0.000000001,-0.000000001,patch_5493,973.857585,974.009821,210.6236998,210.6237
5491,2.7455,2.74525,2.74575,-0.000000001,-0.000000001,patch_5494,974.009821,974.162057,210.6236998,210.6237
5492,2.746,2.74575,2.746250001,-0.000000001,-0.000000001,patch_5495,974.162057,974.314293,210.6236998,210.6237
5493,2.7465,2.746250001,2.746749999,-0.000000001,-0.000000001,patch_5496,974.314293,974.466528,210.6236998,210.6237
5494,2.747,2.746749999,2.747249999,-0.000000001,-0.000000001,patch_5497,974.466528,974.618764,210.6236998,210.6237
5495,2.7475,2.747249999,2.74775,-0.000000001,-0.000000001,patch_5498,974.618764,974.771,210.6236998,210.6237
5496,2.748,2.74775,2.748250001,-0.000000001,-0.000000001,patch_5499,974.771,974.923236,210.6236998,210.6237
5497,2.7485,2.748250001,2.748750001,-0.000000001,-0.000000001,patch_5500,974.923236,975.075472,210.6236998,210.6237
5498,2.749,2.748750001,2.749249999,-0.000000001,-0.000000001,patch_5501,975.075472,975.227707,210.6236998,210.6237
5499,2.7495,2.749249999,2.749749999,-0.000000001,-0.000000001,patch_5502,975.227707,975.379943,210.6236998,210.6237
5500,2.75,2.749749999,2.75025,-0.000000001,-0.000000001,patch_5503,975.379943,975.532179,210.6236998,210.6237
5501,2.7505,2.75025,2.750750001,-0.000000001,-0.000000001,patch_5504,975.532179,975.684415,210.6236998,210.6237
5502,2.751,2.750750001,2.751250001,-0.000000001,-0.000000001,patch_5505,975.684415,975.836651,210.6236998,210.6237
5503,2.7515,2.751250001,2.751749999,-0.000000001,-0.000000001,patch_5506,975.836651,975.988886,210.6236998,210.6237
5504,2.752,2.751749999,2.752249999,-0.000000001,-0.000000001,patch_5507,975.988886,976.141122,210.6236998,210.6237
5505,2.7525,2.752249999,2.75275,-0.000000001,-0.000000001,patch_5508,976.141122,976.293358,210.6236998,210.6237
5506,2.753,2.75275,2.753250001,-0.000000001,-0.000000001,patch_5509,976.293358,976.445594,210.6236998,210.6237
5507,2.7535,2.753250001,2.753750001,-0.000000001,-0.000000001,patch_5510,976.445594,976.59783,210.6236998,210.6237
5508,2.754,2.753750001,2.754249999,-0.000000001,-0.000000001,patch_5511,976.59783,976.750065,210.6236998,210.6237
5509,2.7545,2.754249999,2.754749999,-0.000000001,-0.000000001,patch_5512,976.750065,976.902301,210.6236998,210.6237
5510,2.755,2.754749999,2.75525,-0.000000001,-0.000000001,patch_5513,976.902301,977.054537,210.6236998,210.6237
5511,2.7555,2.75525,2.755750001,-0.000000001,-0.000000001,patch_5514,977.054537,977.206773,210.6236998,210.6237
5512,2.756,2.755750001,2.756250001,-0.000000001,-0.000000001,patch_5515,977.206773,977.359009,210.6236998,210.6237
5513,2.7565,2.756250001,2.756749999,-0.000000001,-0.000000001,patch_5516,977.359009,977.511244,210.6236998,210.6237
5514,2.757,2.756749999,2.75725,-0.000000001,-0.000000001,patch_5517,977.511244,977.66348,210.6236998,210.6237
5515,2.7575,2.75725,2.75775,-0.000000001,-0.000000001,patch_5518,977.66348,977.815716,210.6236998,210.6237
5516,2.758,2.75775,2.758250001,-0.000000001,-0.000000001,patch_5519,977.815716,977.967952,210.6236998,210.6237
5517,2.7585,2.758250001,2.758750002,-0.000000001,-0.000000001,patch_5520,977.967952,978.120188,210.6236998,210.6237
5518,2.759,2.758750002,2.759249999,-0.000000001,-0.000000001,patch_5521,978.120188,978.272423,210.6236998,210.6237
5519,2.7595,2.759249999,2.75975,-0.000000001,-0.000000001,patch_5522,978.272423,978.424659,210.6236998,210.6237
5520,2.76,2.75975,2.76025,-0.000000001,-0.000000001,patch_5523,978.424659,978.576895,210.6236998,210.6237
5521,2.7605,2.76025,2.760750001,-0.000000001,-0.000000001,patch_5524,978.576895,978.729131,210.6236998,210.6237
5522,2.761,2.760750001,2.761249998,-0.000000001,-0.000000001,patch_5525,978.729131,978.881366,210.6236998,210.6237
5523,2.7615,2.761249998,2.761749999,-0.000000001,-0.000000001,patch_5526,978.881366,979.033602,210.6236998,210.6237
5524,2.762,2.761749999,2.76225,-0.000000001,-0.000000001,patch_5527,979.033602,979.185838,210.6236998,210.6237
5525,2.7625,2.76225,2.76275,-0.000000001,-0.000000001,patch_5528,979.185838,979.338074,210.6236998,210.6237
5526,2.763,2.76275,2.763250001,-0.000000001,-0.000000001,patch_5529,979.338074,979.49031,210.6236998,210.6237
5527,2.7635,2.763250001,2.763749998,-0.000000001,-0.000000001,patch_5530,979.49031,979.642545,210.6236998,210.6237
5528,2.764,2.763749998,2.764249999,-0.000000001,-0.000000001,patch_5531,979.642545,979.794781,210.6236998,210.6237
5529,2.7645,2.764249999,2.76475,-0.000000001,-0.000000001,patch_5532,979.794781,979.947017,210.6236998,210.6237
5530,2.765,2.76475,2.76525,-0.000000001,-0.000000001,patch_5533,979.947017,980.099253,210.6236998,210.6237
5531,2.7655,2.76525,2.765750001,-0.000000001,-0.000000001,patch_5534,980.099253,980.251489,210.6236998,210.6237
5532,2.766,2.765750001,2.766249998,-0.000000001,-0.000000001,patch_5535,980.251489,980.403724,210.6236998,210.6237
5533,2.7665,2.766249998,2.766749999,-0.000000001,-0.000000001,patch_5536,980.403724,980.55596,210.6236998,210.6237
5534,2.767,2.766749999,2.76725,-0.000000001,-0.000000001,patch_5537,980.55596,980.708196,210.6236998,210.6237
5535,2.7675,2.76725,2.76775,-0.000000001,-0.000000001,patch_5538,980.708196,980.860432,210.6236998,210.6237
5536,2.768,2.76775,2.768250001,-0.000000001,-0.000000001,patch_5539,980.860432,981.012668,210.6236998,210.6237
5537,2.7685,2.768250001,2.768749999,-0.000000001,-0.000000001,patch_5540,981.012668,981.164903,210.6236998,210.6237
5538,2.769,2.768749999,2.769249999,-0.000000001,-0.000000001,patch_5541,981.164903,981.317139,210.6236998,210.6237
5539,2.7695,2.769249999,2.76975,-0.000000001,-0.000000001,patch_5542,981.317139,981.469375,210.6236998,210.6237
5540,2.77,2.76975,2.770250001,-0.000000007,-0.000000008,patch_5543,981.469375,981.621611,210.6236998,210.623701
5541,2.7705,2.770250001,2.770750001,-0.000000007,-0.000000008,patch_5544,981.621611,981.773847,210.6236998,210.623701
5542,2.771,2.770750001,2.771249999,-0.000000007,-0.000000008,patch_5545,981.773847,981.926082,210.6236998,210.623701
5543,2.7715,2.771249999,2.771749999,-0.000000007,-0.000000008,patch_5546,981.926082,982.078318,210.6236998,210.623701
5544,2.772,2.771749999,2.77225,-0.000000007,-0.000000008,patch_5547,982.078318,982.230554,210.6236998,210.623701
5545,2.7725,2.77225,2.772750001,-0.000000007,-0.000000008,patch_5548,982.230554,982.38279,210.6236998,210.623701
5546,2.773,2.772750001,2.773250001,-0.000000001,-0.000000001,patch_5549,982.38279,982.535026,210.6236998,210.6237
5547,2.7735,2.773250001,2.773749999,-0.000000001,-0.000000001,patch_5550,982.535026,982.687261,210.6236998,210.6237
5548,2.774,2.773749999,2.774249999,0.000000005,0.000000005,patch_5551,982.687261,982.839497,210.6236998,210.623699
5549,2.7745,2.774249999,2.77475,0.000000011,0.000000012,patch_5552,982.839497,982.991733,210.6236998,210.623698
5550,2.775,2.77475,2.775250001,0.000000016,0.000000018,patch_5553,982.991733,983.143969,210.6236998,210.623697
5551,2.7755,2.775250001,2.775750001,0.000000022,0.000000025,patch_5554,983.143969,983.296205,210.6236998,210.623696
5552,2.776,2.775750001,2.776249999,0.000000016,0.000000018,patch_5555,983.296205,983.44844,210.6236998,210.623697
5553,2.7765,2.776249999,2.776749999,0.000000016,0.000000018,patch_5556,983.44844,983.600676,210.6236998,210.623697
5554,2.777,2.776749999,2.77725,0.000000005,0.000000005,patch_5557,983.600676,983.752912,210.6236998,210.623699
5555,2.7775,2.77725,2.777750001,-0.000000013,-0.000000014,patch_5558,983.752912,983.905148,210.6236998,210.623702
5556,2.778,2.777750001,2.778250001,-0.000000037,-0.00000004,patch_5559,983.905148,984.057384,210.6236998,210.623706
5557,2.7785,2.778250001,2.778749999,-0.000000054,-0.000000059,patch_5560,984.057384,984.209619,210.6236998,210.623709
5558,2.779,2.778749999,2.77925,-0.000000072,-0.000000079,patch_5561,984.209619,984.361855,210.6236998,210.623712
5559,2.7795,2.77925,2.77975,-0.000000084,-0.000000092,patch_5562,984.361855,984.514091,210.6236998,210.623714
5560,2.78,2.77975,2.780250001,-0.000000084,-0.000000092,patch_5563,984.514091,984.666327,210.6236998,210.623714
5561,2.7805,2.780250001,2.780750002,-0.000000066,-0.000000072,patch_5564,984.666327,984.818563,210.6236998,210.623711
5562,2.781,2.780750002,2.781249999,-0.000000025,-0.000000027,patch_5565,984.818563,984.970798,210.6236998,210.623704
5563,2.7815,2.781249999,2.78175,0.000000034,0.000000037,patch_5566,984.970798,985.123034,210.6236998,210.623694
5564,2.782,2.78175,2.78225,0.000000117,0.000000128,patch_5567,985.123034,985.27527,210.6236998,210.62368
5565,2.7825,2.78225,2.782750001,0.000000193,0.000000211,patch_5568,985.27527,985.427506,210.6236998,210.623667
5566,2.783,2.782750001,2.783249998,0.000000264,0.000000289,patch_5569,985.427506,985.579741,210.6236998,210.623655
5567,2.7835,2.783249998,2.783749999,0.000000299,0.000000328,patch_5570,985.579741,985.731977,210.6236998,210.623649
5568,2.784,2.783749999,2.78425,0.000000293,0.000000321,patch_5571,985.731977,985.884213,210.6236998,210.62365
5569,2.7845,2.78425,2.78475,0.000000228,0.00000025,patch_5572,985.884213,986.036449,210.6236998,210.623661
5570,2.785,2.78475,2.785250001,0.000000087,0.000000095,patch_5573,986.036449,986.188685,210.6236998,210.623685
5571,2.7855,2.785250001,2.785749998,-0.000000142,-0.000000156,patch_5574,986.188685,986.34092,210.6236998,210.623724
5572,2.786,2.785749998,2.786249999,-0.000000437,-0.000000478,patch_5575,986.34092,986.493156,210.6236998,210.623774
5573,2.7865,2.786249999,2.78675,-0.000000737,-0.000000807,patch_5576,986.493156,986.645392,210.6236998,210.623825
5574,2.787,2.78675,2.78725,-0.00000099,-0.000001084,patch_5577,986.645392,986.797628,210.6236998,210.623868
5575,2.7875,2.78725,2.787750001,-0.000001132,-0.000001239,patch_5578,986.797628,986.949864,210.6236998,210.623892
5576,2.788,2.787750001,2.788249998,-0.000001114,-0.00000122,patch_5579,986.949864,987.102099,210.6236998,210.623889
5577,2.7885,2.788249998,2.788749999,-0.000000873,-0.000000956,patch_5580,987.102099,987.254335,210.6236998,210.623848
5578,2.789,2.788749999,2.78925,-0.000000354,-0.000000388,patch_5581,987.254335,987.406571,210.6236998,210.62376
5579,2.7895,2.78925,2.78975,0.000000499,0.000000547,patch_5582,987.406571,987.558807,210.6236998,210.623615
5580,2.79,2.78975,2.790250001,0.000001594,0.000001746,patch_5583,987.558807,987.711043,210.6236998,210.623429
5581,2.7905,2.790250001,2.790749999,0.000002719,0.000002977,patch_5584,987.711043,987.863278,210.6236998,210.623238
5582,2.791,2.790749999,2.791249999,0.000003667,0.000004015,patch_5585,987.863278,988.015514,210.6236998,210.623077
5583,2.7915,2.791249999,2.79175,0.000004214,0.000004615,patch_5586,988.015514,988.16775,210.6236998,210.622984
5584,2.792,2.79175,2.792250001,0.000004156,0.000004551,patch_5587,988.16775,988.319986,210.6236998,210.622994
5585,2.7925,2.792250001,2.792750001,0.000003267,0.000003577,patch_5588,988.319986,988.472222,210.6236998,210.623145
5586,2.793,2.792750001,2.793249999,0.000001341,0.000001469,patch_5589,988.472222,988.624457,210.6236998,210.623472
5587,2.7935,2.793249999,2.793749999,-0.000001815,-0.000001987,patch_5590,988.624457,988.776693,210.6236998,210.624008
5588,2.794,2.793749999,2.79425,-0.000005889,-0.000006449,patch_5591,988.776693,988.928929,210.6236998,210.6247
5589,2.7945,2.79425,2.794750001,-0.000010099,-0.000011059,patch_5592,988.928929,989.081165,210.6236998,210.625415
5590,2.795,2.794750001,2.795250001,-0.000013643,-0.00001494,patch_5593,989.081165,989.233401,210.6236998,210.626017
5591,2.7955,2.795250001,2.795749999,-0.000015722,-0.000017216,patch_5594,989.233401,989.385636,210.6236998,210.62637
5592,2.796,2.795749999,2.796249999,-0.000015539,-0.000017016,patch_5595,989.385636,989.537872,210.6236998,210.626339
5593,2.7965,2.796249999,2.79675,-0.000012283,-0.000013451,patch_5596,989.537872,989.690108,210.6236998,210.625786
5594,2.797,2.79675,2.797250001,-0.000005159,-0.000005649,patch_5597,989.690108,989.842344,210.6236998,210.624576
5595,2.7975,2.797250001,2.797750001,0.000006552,0.000007175,patch_5598,989.842344,989.99458,210.6236998,210.622587
5596,2.798,2.797750001,2.798249999,0.000021725,0.00002379,patch_5599,989.99458,990.146815,210.6236998,210.62001
5597,2.7985,2.798249999,2.798749999,0.000037457,0.000041017,patch_5600,990.146815,990.299051,210.6236998,210.617338
5598,2.799,2.798749999,2.79925,0.000050746,0.000055569,patch_5601,990.299051,990.451287,210.6236998,210.615081
5599,2.7995,2.79925,2.799750001,0.000058612,0.000064183,patch_5602,990.451287,990.603523,210.6236998,210.613745
5600,2.8,2.799750001,2.800250001,0.000058064,0.000063583,patch_5603,990.603523,990.755759,210.6236998,210.613838
5601,2.8005,2.800250001,2.800749999,0.000046112,0.000050495,patch_5604,990.755759,990.907994,210.6236998,210.615868
5602,2.801,2.800749999,2.80125,0.000019764,0.000021643,patch_5605,990.907994,991.06023,210.6236998,210.620343
5603,2.8015,2.80125,2.80175,-0.000023676,-0.000025926,patch_5606,991.06023,991.212466,210.6236998,210.627721
5604,2.802,2.80175,2.802250001,-0.000080199,-0.000087821,patch_5607,991.212466,991.364702,210.6236998,210.637321
5605,2.8025,2.802250001,2.802750002,-0.000138953,-0.00015216,patch_5608,991.364702,991.516938,210.6236998,210.6473
5606,2.803,2.802750002,2.803249999,-0.000188776,-0.000206718,patch_5609,991.516938,991.669173,210.6236998,210.655762
5607,2.8035,2.803249999,2.80375,-0.000218515,-0.000239283,patch_5610,991.669173,991.821409,210.6236998,210.660813
5608,2.804,2.80375,2.80425,-0.000217025,-0.000237652,patch_5611,991.821409,991.973645,210.6236998,210.66056
5609,2.8045,2.80425,2.804750001,-0.000173138,-0.000189593,patch_5612,991.973645,992.125881,210.6236998,210.653106
5610,2.805,2.804750001,2.805249998,-0.000075701,-0.000082895,patch_5613,992.125881,992.278116,210.6236998,210.636557
5611,2.8055,2.805249998,2.805749999,0.000085466,0.000093589,patch_5614,992.278116,992.430352,210.6236998,210.609184
5612,2.806,2.805749999,2.80625,0.000295966,0.000324096,patch_5615,992.430352,992.582588,210.6236998,210.573432
5613,2.8065,2.80625,2.80675,0.00051541,0.000564397,patch_5616,992.582588,992.734824,210.6236998,210.536161
5614,2.807,2.80675,2.807250001,0.000702165,0.000768902,patch_5617,992.734824,992.88706,210.6236998,210.504442
5615,2.8075,2.807250001,2.807749998,0.000814599,0.000892022,patch_5618,992.88706,993.039295,210.6236998,210.485346
5616,2.808,2.807749998,2.808249999,0.000811083,0.000888173,patch_5619,993.039295,993.191531,210.6236998,210.485943
5617,2.8085,2.808249999,2.80875,0.000649982,0.000711759,patch_5620,993.191531,993.343767,210.6236998,210.513305
5618,2.809,2.80875,2.80925,0.000289666,0.000317198,patch_5621,993.343767,993.496003,210.6236998,210.574502
5619,2.8095,2.80925,2.809750001,-0.000308221,-0.000337516,patch_5622,993.496003,993.648239,210.6236998,210.676049
5620,2.81,2.809750001,2.810249998,-0.001092128,-0.001195929,patch_5623,993.648239,993.800474,210.6236998,210.80919
5621,2.8105,2.810249998,2.810749999,-0.00191175,-0.002093451,patch_5624,993.800474,993.95271,210.6236998,210.948397
5622,2.811,2.810749999,2.81125,-0.002611714,-0.002859944,patch_5625,993.95271,994.104946,210.6236998,211.067281
5623,2.8115,2.81125,2.81175,-0.003036642,-0.003325259,patch_5626,994.104946,994.257182,210.6236998,211.139452
5624,2.812,2.81175,2.812250001,-0.003031172,-0.003319269,patch_5627,994.257182,994.409418,210.6236998,211.138523
5625,2.8125,2.812250001,2.812749999,-0.00243992,-0.002671821,patch_5628,994.409418,994.561653,210.6236998,211.038103
5626,2.813,2.812749999,2.813249999,-0.00110753,-0.001212795,patch_5629,994.561653,994.713889,210.6236998,210.811806
5627,2.8135,2.813249999,2.81375,0.001114405,0.001220323,patch_5630,994.713889,994.866125,210.6236998,210.434426
5628,2.814,2.81375,2.814250001,0.004167655,0.004563768,patch_5631,994.866125,995.018361,210.6236998,209.915853
5629,2.8145,2.814250001,2.814750001,0.007757861,0.008495203,patch_5632,995.018361,995.170597,210.6236998,209.306082
5630,2.815,2.814750001,2.815249999,0.011577761,0.012678164,patch_5633,995.170597,995.322832,210.6236998,208.657299
5631,2.8155,2.815249999,2.815749999,0.015320106,0.0167762,patch_5634,995.322832,995.475068,210.6236998,208.021688
5632,2.816,2.815749999,2.81625,0.018677638,0.020452847,patch_5635,995.475068,995.627304,210.6236998,207.451435
5633,2.8165,2.81625,2.816750001,0.021343089,0.023371634,patch_5636,995.627304,995.77954,210.6236998,206.998727
5634,2.817,2.816750001,2.817250001,0.023009216,0.025196118,patch_5637,995.77954,995.931776,210.6236998,206.715747
5635,2.8175,2.817250001,2.817749999,0.023377963,0.025599912,patch_5638,995.931776,996.084011,210.6236998,206.653118
5636,2.818,2.817749999,2.818249999,0.022447203,0.024580689,patch_5639,996.084011,996.236247,210.6236998,206.811201
5637,2.8185,2.818249999,2.81875,0.020566448,0.022521178,patch_5640,996.236247,996.388483,210.6236998,207.130634
5638,2.819,2.81875,2.819250001,0.018105727,0.019826579,patch_5641,996.388483,996.540719,210.6236998,207.54857
5639,2.8195,2.819250001,2.819750001,0.015435042,0.016902059,patch_5642,996.540719,996.692955,210.6236998,208.002167
5640,2.82,2.819750001,2.820249999,0.012924422,0.014152819,patch_5643,996.692955,996.84519,210.6236998,208.428578
5641,2.8205,2.820249999,2.820749999,0.010943881,0.011984038,patch_5644,996.84519,996.997426,210.6236998,208.764959
5642,2.821,2.820749999,2.82125,0.00986343,0.010800895,patch_5645,996.997426,997.149662,210.6236998,208.948466
5643,2.8215,2.82125,2.821750001,0.010043767,0.010998373,patch_5646,997.149662,997.301898,210.6236998,208.917837
5644,2.822,2.821750001,2.822250001,0.011520702,0.012615682,patch_5647,997.301898,997.454134,210.6236998,208.66699
5645,2.8225,2.822250001,2.822749999,0.013928385,0.015252203,patch_5648,997.454134,997.606369,210.6236998,208.258062
5646,2.823,2.822749999,2.82325,0.016876068,0.018480047,patch_5649,997.606369,997.758605,210.6236998,207.757419
5647,2.8235,2.82325,2.82375,0.019973011,0.021871338,patch_5650,997.758605,997.910841,210.6236998,207.231425
5648,2.824,2.82375,2.824250001,0.022828467,0.02499819,patch_5651,997.910841,998.063077,210.6236998,206.746446
5649,2.8245,2.824250001,2.824750002,0.025051704,0.027432733,patch_5652,998.063077,998.215313,210.6236998,206.368845
5650,2.825,2.824750002,2.825249999,0.026251971,0.02874708,patch_5653,998.215313,998.367548,210.6236998,206.164988
5651,2.8255,2.825249999,2.82575,0.02604657,0.028522156,patch_5654,998.367548,998.519784,210.6236998,206.199874
5652,2.826,2.82575,2.82625,0.024358787,0.026673958,patch_5655,998.519784,998.67202,210.6236998,206.486532
5653,2.8265,2.82625,2.826750001,0.021505392,0.023549363,patch_5656,998.67202,998.824256,210.6236998,206.971161
5654,2.827,2.826750001,2.827249998,0.017829054,0.019523609,patch_5657,998.824256,998.976491,210.6236998,207.595561
5655,2.8275,2.827249998,2.827749999,0.013672461,0.014971954,patch_5658,998.976491,999.128727,210.6236998,208.301529
5656,2.828,2.827749999,2.82825,0.009378287,0.010269643,patch_5659,999.128727,999.280963,210.6236998,209.030864
5657,2.8285,2.82825,2.82875,0.005289215,0.005791926,patch_5660,999.280963,999.433199,210.6236998,209.725364
5658,2.829,2.82875,2.829250001,0.00174792,0.00191405,patch_5661,999.433199,999.585435,210.6236998,210.326828
5659,2.8295,2.829250001,2.829749998,-0.000907981,-0.00099428,patch_5662,999.585435,999.73767,210.6236998,210.777914
5660,2.83,2.829749998,2.830249999,-0.002551288,-0.002793774,patch_5663,999.73767,999.889906,210.6236998,211.057018
5661,2.8305,2.830249999,2.83075,-0.003336331,-0.003653431,patch_5664,999.889906,1000.042142,210.6236998,211.190352
5662,2.831,2.83075,2.83125,-0.003437118,-0.003763798,patch_5665,1000.042142,1000.194378,210.6236998,211.20747
5663,2.8315,2.83125,2.831750001,-0.003027646,-0.003315407,patch_5666,1000.194378,1000.346614,210.6236998,211.137924
5664,2.832,2.831750001,2.832249998,-0.002281921,-0.002498806,patch_5667,1000.346614,1000.498849,210.6236998,211.011268
5665,2.8325,2.832249998,2.832749999,-0.001373947,-0.001504533,patch_5668,1000.498849,1000.651085,210.6236998,210.857055
5666,2.833,2.832749999,2.83325,-0.000477719,-0.000523124,patch_5669,1000.651085,1000.803321,210.6236998,210.704837
5667,2.8335,2.83325,2.83375,0.00023468,0.000256985,patch_5670,1000.803321,1000.955557,210.6236998,210.583841
5668,2.834,2.83375,2.834250001,0.000678814,0.000743332,patch_5671,1000.955557,1001.107793,210.6236998,210.508408
5669,2.8345,2.834250001,2.834749999,0.000892276,0.000977082,patch_5672,1001.107793,1001.260028,210.6236998,210.472153
5670,2.835,2.834749999,2.835249999,0.000921692,0.001009293,patch_5673,1001.260028,1001.412264,210.6236998,210.467157
5671,2.8355,2.835249999,2.83575,0.000813686,0.000891022,patch_5674,1001.412264,1001.5645,210.6236998,210.485501
5672,2.836,2.83575,2.836250001,0.000614879,0.00067332,patch_5675,1001.5645,1001.716736,210.6236998,210.519267
5673,2.8365,2.836250001,2.836750001,0.000371895,0.000407242,patch_5676,1001.716736,1001.868972,210.6236998,210.560536
5674,2.837,2.836750001,2.837249999,0.000131361,0.000143847,patch_5677,1001.868972,1002.021207,210.6236998,210.601389
5675,2.8375,2.837249999,2.837749999,-0.000060563,-0.000066319,patch_5678,1002.021207,1002.173443,210.6236998,210.633986
5676,2.838,2.837749999,2.83825,-0.000180592,-0.000197756,patch_5679,1002.173443,1002.325679,210.6236998,210.654372
5677,2.8385,2.83825,2.838750001,-0.000238622,-0.000261301,patch_5680,1002.325679,1002.477915,210.6236998,210.664228
5678,2.839,2.838750001,2.839250001,-0.000247153,-0.000270644,patch_5681,1002.477915,1002.630151,210.6236998,210.665677
5679,2.8395,2.839250001,2.839749999,-0.000218674,-0.000239458,patch_5682,1002.630151,1002.782386,210.6236998,210.66084
5680,2.84,2.839749999,2.840249999,-0.000165678,-0.000181425,patch_5683,1002.782386,1002.934622,210.6236998,210.651839
5681,2.8405,2.840249999,2.84075,-0.000100659,-0.000110226,patch_5684,1002.934622,1003.086858,210.6236998,210.640796
5682,2.841,2.84075,2.841250001,-0.000036105,-0.000039537,patch_5685,1003.086858,1003.239094,210.6236998,210.629832
5683,2.8415,2.841250001,2.841750001,0.000015596,0.000017078,patch_5686,1003.239094,1003.39133,210.6236998,210.621051
5684,2.842,2.841750001,2.842249999,0.000048031,0.000052597,patch_5687,1003.39133,1003.543565,210.6236998,210.615542
5685,2.8425,2.842249999,2.842749999,0.000063811,0.000069876,patch_5688,1003.543565,1003.695801,210.6236998,210.612862
5686,2.843,2.842749999,2.84325,0.000066272,0.000072571,patch_5689,1003.695801,1003.848037,210.6236998,210.612444
5687,2.8435,2.84325,2.843750001,0.000058765,0.00006435,patch_5690,1003.848037,1004.000273,210.6236998,210.613719
5688,2.844,2.843750001,2.844250001,0.000044634,0.000048876,patch_5691,1004.000273,1004.152509,210.6236998,210.616119
5689,2.8445,2.844250001,2.844749999,0.000027236,0.000029824,patch_5692,1004.152509,1004.304744,210.6236998,210.619074
5690,2.845,2.844749999,2.84525,0.000009914,0.000010856,patch_5693,1004.304744,1004.45698,210.6236998,210.622016
5691,2.8455,2.84525,2.84575,-0.000004011,-0.000004392,patch_5694,1004.45698,1004.609216,210.6236998,210.624381
5692,2.846,2.84575,2.846250001,-0.000012778,-0.000013992,patch_5695,1004.609216,1004.761452,210.6236998,210.62587
5693,2.8465,2.846250001,2.846750002,-0.000017064,-0.000018686,patch_5696,1004.761452,1004.913688,210.6236998,210.626598
5694,2.847,2.846750002,2.847249999,-0.000017771,-0.00001946,patch_5697,1004.913688,1005.065923,210.6236998,210.626718
5695,2.8475,2.847249999,2.84775,-0.000015792,-0.000017293,patch_5698,1005.065923,1005.218159,210.6236998,210.626382
5696,2.848,2.84775,2.84825,-0.00001203,-0.000013173,patch_5699,1005.218159,1005.370395,210.6236998,210.625743
5697,2.8485,2.84825,2.848750001,-0.000007373,-0.000008073,patch_5700,1005.370395,1005.522631,210.6236998,210.624952
5698,2.849,2.848750001,2.849249998,-0.000002727,-0.000002986,patch_5701,1005.522631,1005.674866,210.6236998,210.624163
5699,2.8495,2.849249998,2.849749999,0.000001029,0.000001127,patch_5702,1005.674866,1005.827102,210.6236998,210.623525
5700,2.85,2.849749999,2.85025,0.000003396,0.000003719,patch_5703,1005.827102,1005.979338,210.6236998,210.623123
5701,2.8505,2.85025,2.85075,0.000004562,0.000004995,patch_5704,1005.979338,1006.131574,210.6236998,210.622925
5702,2.851,2.85075,2.851250001,0.000004762,0.000005215,patch_5705,1006.131574,1006.28381,210.6236998,210.622891
5703,2.8515,2.851250001,2.851749998,0.000004244,0.000004647,patch_5706,1006.28381,1006.436045,210.6236998,210.622979
5704,2.852,2.851749998,2.852249999,0.000003237,0.000003545,patch_5707,1006.436045,1006.588281,210.6236998,210.62315
5705,2.8525,2.852249999,2.85275,0.000001995,0.000002184,patch_5708,1006.588281,1006.740517,210.6236998,210.623361
5706,2.853,2.85275,2.85325,0.000000747,0.000000818,patch_5709,1006.740517,1006.892753,210.6236998,210.623573
5707,2.8535,2.85325,2.853750001,-0.000000266,-0.000000291,patch_5710,1006.892753,1007.044989,210.6236998,210.623745
5708,2.854,2.853750001,2.854249998,-0.000000908,-0.000000994,patch_5711,1007.044989,1007.197224,210.6236998,210.623854
5709,2.8545,2.854249998,2.854749999,-0.00000122,-0.000001336,patch_5712,1007.197224,1007.34946,210.6236998,210.623907
5710,2.855,2.854749999,2.85525,-0.000001279,-0.0000014,patch_5713,1007.34946,1007.501696,210.6236998,210.623917
5711,2.8555,2.85525,2.85575,-0.000001143,-0.000001252,patch_5714,1007.501696,1007.653932,210.6236998,210.623894
5712,2.856,2.85575,2.856250001,-0.000000873,-0.000000956,patch_5715,1007.653932,1007.806168,210.6236998,210.623848
5713,2.8565,2.856250001,2.856749999,-0.000000543,-0.000000594,patch_5716,1007.806168,1007.958403,210.6236998,210.623792
5714,2.857,2.856749999,2.857249999,-0.000000207,-0.000000227,patch_5717,1007.958403,1008.110639,210.6236998,210.623735
5715,2.8575,2.857249999,2.85775,0.000000064,0.00000007,patch_5718,1008.110639,1008.262875,210.6236998,210.623689
5716,2.858,2.85775,2.858250001,0.00000024,0.000000263,patch_5719,1008.262875,1008.415111,210.6236998,210.623659
5717,2.8585,2.858250001,2.858750001,0.000000323,0.000000353,patch_5720,1008.415111,1008.567347,210.6236998,210.623645
5718,2.859,2.858750001,2.859249999,0.00000034,0.000000373,patch_5721,1008.567347,1008.719582,210.6236998,210.623642
5719,2.8595,2.859249999,2.859749999,0.000000305,0.000000334,patch_5722,1008.719582,1008.871818,210.6236998,210.623648
5720,2.86,2.859749999,2.86025,0.000000234,0.000000257,patch_5723,1008.871818,1009.024054,210.6236998,210.62366
5721,2.8605,2.86025,2.860750001,0.000000146,0.00000016,patch_5724,1009.024054,1009.17629,210.6236998,210.623675
5722,2.861,2.860750001,2.861250001,0.000000052,0.000000057,patch_5725,1009.17629,1009.328526,210.6236998,210.623691
5723,2.8615,2.861250001,2.861749999,-0.000000019,-0.000000021,patch_5726,1009.328526,1009.480761,210.6236998,210.623703
5724,2.862,2.861749999,2.862249999,-0.000000066,-0.000000072,patch_5727,1009.480761,1009.632997,210.6236998,210.623711
5725,2.8625,2.862249999,2.86275,-0.000000089,-0.000000098,patch_5728,1009.632997,1009.785233,210.6236998,210.623715
5726,2.863,2.86275,2.863250001,-0.000000095,-0.000000104,patch_5729,1009.785233,1009.937469,210.6236998,210.623716
5727,2.8635,2.863250001,2.863750001,-0.000000084,-0.000000092,patch_5730,1009.937469,1010.089705,210.6236998,210.623714
5728,2.864,2.863750001,2.864249999,-0.000000066,-0.000000072,patch_5731,1010.089705,1010.24194,210.6236998,210.623711
5729,2.8645,2.864249999,2.864749999,-0.000000042,-0.000000046,patch_5732,1010.24194,1010.394176,210.6236998,210.623707
5730,2.865,2.864749999,2.86525,-0.000000019,-0.000000021,patch_5733,1010.394176,1010.546412,210.6236998,210.623703
5731,2.8655,2.86525,2.865750001,0.000000005,0.000000005,patch_5734,1010.546412,1010.698648,210.6236998,210.623699
5732,2.866,2.865750001,2.866250001,0.000000016,0.000000018,patch_5735,1010.698648,1010.850884,210.6236998,210.623697
5733,2.8665,2.866250001,2.866749999,0.000000022,0.000000025,patch_5736,1010.850884,1011.003119,210.6236998,210.623696
5734,2.867,2.866749999,2.86725,0.000000022,0.000000025,patch_5737,1011.003119,1011.155355,210.6236998,210.623696
5735,2.8675,2.86725,2.86775,0.000000022,0.000000025,patch_5738,1011.155355,1011.307591,210.6236998,210.623696
5736,2.868,2.86775,2.868250001,0.000000016,0.000000018,patch_5739,1011.307591,1011.459827,210.6236998,210.623697
5737,2.8685,2.868250001,2.868750002,0.000000011,0.000000012,patch_5740,1011.459827,1011.612063,210.6236998,210.623698
5738,2.869,2.868750002,2.869249999,0.000000005,0.000000005,patch_5741,1011.612063,1011.764298,210.6236998,210.623699
5739,2.8695,2.869249999,2.86975,-0.000000001,-0.000000001,patch_5742,1011.764298,1011.916534,210.6236998,210.6237
5740,2.87,2.86975,2.87025,-0.000000007,-0.000000008,patch_5743,1011.916534,1012.06877,210.6236998,210.623701
5741,2.8705,2.87025,2.870750001,-0.000000007,-0.000000008,patch_5744,1012.06877,1012.221006,210.6236998,210.623701
5742,2.871,2.870750001,2.871249998,-0.000000007,-0.000000008,patch_5745,1012.221006,1012.373241,210.6236998,210.623701
5743,2.8715,2.871249998,2.871749999,-0.000000007,-0.000000008,patch_5746,1012.373241,1012.525477,210.6236998,210.623701
5744,2.872,2.871749999,2.87225,-0.000000007,-0.000000008,patch_5747,1012.525477,1012.677713,210.6236998,210.623701
5745,2.8725,2.87225,2.87275,-0.000000001,-0.000000001,patch_5748,1012.677713,1012.829949,210.6236998,210.6237
5746,2.873,2.87275,2.873250001,-0.000000001,-0.000000001,patch_5749,1012.829949,1012.982185,210.6236998,210.6237
5747,2.8735,2.873250001,2.873749998,-0.000000001,-0.000000001,patch_5750,1012.982185,1013.13442,210.6236998,210.6237
5748,2.874,2.873749998,2.874249999,-0.000000001,-0.000000001,patch_5751,1013.13442,1013.286656,210.6236998,210.6237
5749,2.8745,2.874249999,2.87475,-0.000000001,-0.000000001,patch_5752,1013.286656,1013.438892,210.6236998,210.6237
5750,2.875,2.87475,2.87525,-0.000000001,-0.000000001,patch_5753,1013.438892,1013.591128,210.6236998,210.6237
5751,2.8755,2.87525,2.875750001,-0.000000007,-0.000000008,patch_5754,1013.591128,1013.743364,210.6236998,210.623701
5752,2.876,2.875750001,2.876249998,-0.000000007,-0.000000008,patch_5755,1013.743364,1013.895599,210.6236998,210.623701
5753,2.8765,2.876249998,2.876749999,-0.000000007,-0.000000008,patch_5756,1013.895599,1014.047835,210.6236998,210.623701
5754,2.877,2.876749999,2.87725,-0.000000001,-0.000000001,patch_5757,1014.047835,1014.200071,210.6236998,210.6237
5755,2.8775,2.87725,2.87775,-0.000000001,-0.000000001,patch_5758,1014.200071,1014.352307,210.6236998,210.6237
5756,2.878,2.87775,2.878250001,0.000000005,0.000000005,patch_5759,1014.352307,1014.504543,210.6236998,210.623699
5757,2.8785,2.878250001,2.878749999,0.000000005,0.000000005,patch_5760,1014.504543,1014.656778,210.6236998,210.623699
5758,2.879,2.878749999,2.879249999,0.000000011,0.000000012,patch_5761,1014.656778,1014.809014,210.6236998,210.623698
5759,2.8795,2.879249999,2.87975,0.000000016,0.000000018,patch_5762,1014.809014,1014.96125,210.6236998,210.623697
5760,2.88,2.87975,2.880250001,0.000000016,0.000000018,patch_5763,1014.96125,1015.113486,210.6236998,210.623697
5761,2.8805,2.880250001,2.880750001,0.000000011,0.000000012,patch_5764,1015.113486,1015.265722,210.6236998,210.623698
5762,2.881,2.880750001,2.881249999,0.000000005,0.000000005,patch_5765,1015.265722,1015.417957,210.6236998,210.623699
5763,2.8815,2.881249999,2.881749999,-0.000000007,-0.000000008,patch_5766,1015.417957,1015.570193,210.6236998,210.623701
5764,2.882,2.881749999,2.88225,-0.000000019,-0.000000021,patch_5767,1015.570193,1015.722429,210.6236998,210.623703
5765,2.8825,2.88225,2.882750001,-0.000000037,-0.00000004,patch_5768,1015.722429,1015.874665,210.6236998,210.623706
5766,2.883,2.882750001,2.883250001,-0.000000054,-0.000000059,patch_5769,1015.874665,1016.026901,210.6236998,210.623709
5767,2.8835,2.883250001,2.883749999,-0.000000066,-0.000000072,patch_5770,1016.026901,1016.179136,210.6236998,210.623711
5768,2.884,2.883749999,2.884249999,-0.000000066,-0.000000072,patch_5771,1016.179136,1016.331372,210.6236998,210.623711
5769,2.8845,2.884249999,2.88475,-0.00000006,-0.000000066,patch_5772,1016.331372,1016.483608,210.6236998,210.62371
5770,2.885,2.88475,2.885250001,-0.000000037,-0.00000004,patch_5773,1016.483608,1016.635844,210.6236998,210.623706
5771,2.8855,2.885250001,2.885750001,0.000000005,0.000000005,patch_5774,1016.635844,1016.78808,210.6236998,210.623699
5772,2.886,2.885750001,2.886249999,0.000000064,0.00000007,patch_5775,1016.78808,1016.940315,210.6236998,210.623689
5773,2.8865,2.886249999,2.886749999,0.000000128,0.000000141,patch_5776,1016.940315,1017.092551,210.6236998,210.623678
5774,2.887,2.886749999,2.88725,0.000000187,0.000000205,patch_5777,1017.092551,1017.244787,210.6236998,210.623668
5775,2.8875,2.88725,2.887750001,0.000000223,0.000000244,patch_5778,1017.244787,1017.397023,210.6236998,210.623662
5776,2.888,2.887750001,2.888250001,0.000000234,0.000000257,patch_5779,1017.397023,1017.549259,210.6236998,210.62366
5777,2.8885,2.888250001,2.888749999,0.000000205,0.000000224,patch_5780,1017.549259,1017.701494,210.6236998,210.623665
5778,2.889,2.888749999,2.88925,0.000000117,0.000000128,patch_5781,1017.701494,1017.85373,210.6236998,210.62368
5779,2.8895,2.88925,2.88975,-0.000000031,-0.000000034,patch_5782,1017.85373,1018.005966,210.6236998,210.623705
5780,2.89,2.88975,2.890250001,-0.000000243,-0.000000266,patch_5783,1018.005966,1018.158202,210.6236998,210.623741
5781,2.8905,2.890250001,2.890750002,-0.000000484,-0.00000053,patch_5784,1018.158202,1018.310438,210.6236998,210.623782
5782,2.891,2.890750002,2.891249999,-0.000000702,-0.000000769,patch_5785,1018.310438,1018.462673,210.6236998,210.623819
5783,2.8915,2.891249999,2.89175,-0.000000849,-0.00000093,patch_5786,1018.462673,1018.614909,210.6236998,210.623844
5784,2.892,2.89175,2.89225,-0.00000089,-0.000000975,patch_5787,1018.614909,1018.767145,210.6236998,210.623851
5785,2.8925,2.89225,2.892750001,-0.000000772,-0.000000846,patch_5788,1018.767145,1018.919381,210.6236998,210.623831
5786,2.893,2.892750001,2.893249998,-0.00000046,-0.000000504,patch_5789,1018.919381,1019.071616,210.6236998,210.623778
5787,2.8935,2.893249998,2.893749999,0.000000099,0.000000108,patch_5790,1019.071616,1019.223852,210.6236998,210.623683
5788,2.894,2.893749999,2.89425,0.000000894,0.000000979,patch_5791,1019.223852,1019.376088,210.6236998,210.623548
5789,2.8945,2.89425,2.89475,0.000001777,0.000001946,patch_5792,1019.376088,1019.528324,210.6236998,210.623398
5790,2.895,2.89475,2.895250001,0.000002589,0.000002836,patch_5793,1019.528324,1019.68056,210.6236998,210.62326
5791,2.8955,2.895250001,2.895749998,0.000003155,0.000003455,patch_5794,1019.68056,1019.832795,210.6236998,210.623164
5792,2.896,2.895749998,2.896249999,0.000003314,0.000003629,patch_5795,1019.832795,1019.985031,210.6236998,210.623137
5793,2.8965,2.896249999,2.89675,0.000002896,0.000003171,patch_5796,1019.985031,1020.137267,210.6236998,210.623208
5794,2.897,2.89675,2.89725,0.000001736,0.000001901,patch_5797,1020.137267,1020.289503,210.6236998,210.623405
5795,2.8975,2.89725,2.897750001,-0.000000337,-0.000000369,patch_5798,1020.289503,1020.441739,210.6236998,210.623757
5796,2.898,2.897750001,2.898249998,-0.000003292,-0.000003605,patch_5799,1020.441739,1020.593974,210.6236998,210.624259
5797,2.8985,2.898249998,2.898749999,-0.000006596,-0.000007222,patch_5800,1020.593974,1020.74621,210.6236998,210.62482
5798,2.899,2.898749999,2.89925,-0.000009628,-0.000010543,patch_5801,1020.74621,1020.898446,210.6236998,210.625335
5799,2.8995,2.89925,2.89975,-0.000011759,-0.000012877,patch_5802,1020.898446,1021.050682,210.6236998,210.625697
5800,2.9,2.89975,2.900250001,-0.000012377,-0.000013554,patch_5803,1021.050682,1021.202918,210.6236998,210.625802
5801,2.9005,2.900250001,2.900749999,-0.000010852,-0.000011884,patch_5804,1021.202918,1021.355153,210.6236998,210.625543
5802,2.901,2.900749999,2.901249999,-0.000006572,-0.000007197,patch_5805,1021.355153,1021.507389,210.6236998,210.624816
5803,2.9015,2.901249999,2.90175,0.0000011,0.000001204,patch_5806,1021.507389,1021.659625,210.6236998,210.623513
5804,2.902,2.90175,2.902250001,0.000012092,0.000013242,patch_5807,1021.659625,1021.811861,210.6236998,210.621646
5805,2.9025,2.902250001,2.902750001,0.000024421,0.000026743,patch_5808,1021.811861,1021.964097,210.6236998,210.619552
5806,2.903,2.902750001,2.903249999,0.000035767,0.000039167,patch_5809,1021.964097,1022.116332,210.6236998,210.617625
5807,2.9035,2.903249999,2.903749999,0.000043804,0.000047967,patch_5810,1022.116332,1022.268568,210.6236998,210.61626
5808,2.904,2.903749999,2.90425,0.000046206,0.000050598,patch_5811,1022.268568,1022.420804,210.6236998,210.615852
5809,2.9045,2.90425,2.904750001,0.00004066,0.000044524,patch_5812,1022.420804,1022.57304,210.6236998,210.616794
5810,2.905,2.904750001,2.905250001,0.000024834,0.000027194,patch_5813,1022.57304,1022.725276,210.6236998,210.619482
5811,2.9055,2.905250001,2.905749999,-0.000003587,-0.000003928,patch_5814,1022.725276,1022.877511,210.6236998,210.624309
5812,2.906,2.905749999,2.906249999,-0.000044466,-0.000048692,patch_5815,1022.877511,1023.029747,210.6236998,210.631252
5813,2.9065,2.906249999,2.90675,-0.000090473,-0.000099072,patch_5816,1023.029747,1023.181983,210.6236998,210.639066
5814,2.907,2.90675,2.907250001,-0.000132924,-0.000145558,patch_5817,1023.181983,1023.334219,210.6236998,210.646276
5815,2.9075,2.907250001,2.907750001,-0.000163164,-0.000178672,patch_5818,1023.334219,1023.486455,210.6236998,210.651412
5816,2.908,2.907750001,2.908249999,-0.000172519,-0.000188916,patch_5819,1023.486455,1023.63869,210.6236998,210.653001
5817,2.9085,2.908249999,2.908749999,-0.000152324,-0.000166802,patch_5820,1023.63869,1023.790926,210.6236998,210.649571
5818,2.909,2.908749999,2.90925,-0.000093911,-0.000102837,patch_5821,1023.790926,1023.943162,210.6236998,210.63965
5819,2.9095,2.90925,2.909750001,0.000011386,0.000012468,patch_5822,1023.943162,1024.095398,210.6236998,210.621766
5820,2.91,2.909750001,2.910250001,0.000163432,0.000178966,patch_5823,1024.095398,1024.247634,210.6236998,210.595942
5821,2.9105,2.910250001,2.910749999,0.000335067,0.000366914,patch_5824,1024.247634,1024.399869,210.6236998,210.566791
5822,2.911,2.910749999,2.91125,0.000493949,0.000540897,patch_5825,1024.399869,1024.552105,210.6236998,210.539806
5823,2.9115,2.91125,2.91175,0.000607719,0.00066548,patch_5826,1024.552105,1024.704341,210.6236998,210.520483
5824,2.912,2.91175,2.912250001,0.000644047,0.00070526,patch_5827,1024.704341,1024.856577,210.6236998,210.514313
5825,2.9125,2.912250001,2.912750002,0.000570573,0.000624803,patch_5828,1024.856577,1025.008813,210.6236998,210.526792
5826,2.913,2.912750002,2.913249999,0.00035495,0.000388686,patch_5829,1025.008813,1025.161048,210.6236998,210.563414
5827,2.9135,2.913249999,2.91375,-0.000035145,-0.000038486,patch_5830,1025.161048,1025.313284,210.6236998,210.629669
5828,2.914,2.91375,2.91425,-0.000600574,-0.000657655,patch_5831,1025.313284,1025.46552,210.6236998,210.725703
5829,2.9145,2.91425,2.914750001,-0.001240924,-0.001358867,patch_5832,1025.46552,1025.617756,210.6236998,210.834462
5830,2.915,2.914750001,2.915249998,-0.001835479,-0.002009932,patch_5833,1025.617756,1025.769991,210.6236998,210.935443
5831,2.9155,2.915249998,2.915749999,-0.002263516,-0.002478651,patch_5834,1025.769991,1025.922227,210.6236998,211.008142
5832,2.916,2.915749999,2.91625,-0.002404317,-0.002632834,patch_5835,1025.922227,1026.074463,210.6236998,211.032056
5833,2.9165,2.91625,2.91675,-0.002137158,-0.002340283,patch_5836,1026.074463,1026.226699,210.6236998,210.986681
5834,2.917,2.91675,2.917250001,-0.001341323,-0.001468808,patch_5837,1026.226699,1026.378935,210.6236998,210.851514
5835,2.9175,2.917250001,2.917749998,0.000103889,0.000113763,patch_5838,1026.378935,1026.53117,210.6236998,210.606055
5836,2.918,2.917749998,2.918249999,0.002250531,0.002464432,patch_5839,1026.53117,1026.683406,210.6236998,210.241463
5837,2.9185,2.918249999,2.91875,0.004919791,0.005387391,patch_5840,1026.683406,1026.835642,210.6236998,209.788108
5838,2.919,2.91875,2.91925,0.007884389,0.008633758,patch_5841,1026.835642,1026.987878,210.6236998,209.284592
5839,2.9195,2.91925,2.919750001,0.010917056,0.011954663,patch_5842,1026.987878,1027.140114,210.6236998,208.769515
5840,2.92,2.919750001,2.920249998,0.013790517,0.015101231,patch_5843,1027.140114,1027.292349,210.6236998,208.281478
5841,2.9205,2.920249998,2.920749999,0.016277491,0.017824579,patch_5844,1027.292349,1027.444585,210.6236998,207.859083
5842,2.921,2.920749999,2.92125,0.018150704,0.019875831,patch_5845,1027.444585,1027.596821,210.6236998,207.540931
5843,2.9215,2.92125,2.92175,0.019182899,0.02100613,patch_5846,1027.596821,1027.749057,210.6236998,207.36562
5844,2.922,2.92175,2.922250001,0.019224985,0.021052216,patch_5847,1027.749057,1027.901293,210.6236998,207.358472
5845,2.9225,2.922250001,2.922749999,0.018402778,0.020151863,patch_5848,1027.901293,1028.053528,210.6236998,207.498118
5846,2.923,2.922749999,2.923249999,0.016902474,0.018508963,patch_5849,1028.053528,1028.205764,210.6236998,207.752934
5847,2.9235,2.923249999,2.92375,0.014910287,0.016327429,patch_5850,1028.205764,1028.358,210.6236998,208.091293
5848,2.924,2.92375,2.924250001,0.012612399,0.013811139,patch_5851,1028.358,1028.510236,210.6236998,208.481573
5849,2.9245,2.924250001,2.924750001,0.010195024,0.011164006,patch_5852,1028.510236,1028.662472,210.6236998,208.892147
5850,2.925,2.924750001,2.925249999,0.007844358,0.008589922,patch_5853,1028.662472,1028.814707,210.6236998,209.291391
5851,2.9255,2.925249999,2.925749999,0.005746596,0.006292779,patch_5854,1028.814707,1028.966943,210.6236998,209.647681
5852,2.926,2.925749999,2.92625,0.004045077,0.00442954,patch_5855,1028.966943,1029.119179,210.6236998,209.936672
5853,2.9265,2.92625,2.926750001,0.002725493,0.002984537,patch_5856,1029.119179,1029.271415,210.6236998,210.160794
5854,2.927,2.926750001,2.927250001,0.001737322,0.001902445,patch_5857,1029.271415,1029.423651,210.6236998,210.328628
5855,2.9275,2.927250001,2.927749999,0.001030027,0.001127925,patch_5858,1029.423651,1029.575886,210.6236998,210.448757
5856,2.928,2.927749999,2.928249999,0.000553092,0.000605661,patch_5859,1029.575886,1029.728122,210.6236998,210.529761
5857,2.9285,2.928249999,2.92875,0.000255982,0.000280312,patch_5860,1029.728122,1029.880358,210.6236998,210.580223
5858,2.929,2.92875,2.929250001,0.000088169,0.000096548,patch_5861,1029.880358,1030.032594,210.6236998,210.608725
5859,2.9295,2.929250001,2.929750001,-0.000000873,-0.000000956,patch_5862,1030.032594,1030.18483,210.6236998,210.623848
5860,2.93,2.929750001,2.930249999,-0.000053704,-0.000058808,patch_5863,1030.18483,1030.337065,210.6236998,210.632821
5861,2.9305,2.930249999,2.930749999,-0.000082271,-0.000090091,patch_5864,1030.337065,1030.489301,210.6236998,210.637673
5862,2.931,2.930749999,2.93125,-0.000091138,-0.000099801,patch_5865,1030.489301,1030.641537,210.6236998,210.639179
5863,2.9315,2.93125,2.931750001,-0.00008488,-0.000092947,patch_5866,1030.641537,1030.793773,210.6236998,210.638116
5864,2.932,2.931750001,2.932250001,-0.00006807,-0.00007454,patch_5867,1030.793773,1030.946009,210.6236998,210.635261
5865,2.9325,2.932250001,2.932749999,-0.000045278,-0.000049582,patch_5868,1030.946009,1031.098244,210.6236998,210.63139
5866,2.933,2.932749999,2.93325,-0.000021079,-0.000023083,patch_5869,1031.098244,1031.25048,210.6236998,210.62728
5867,2.9335,2.93325,2.93375,-0.000000037,-0.00000004,patch_5870,1031.25048,1031.402716,210.6236998,210.623706
5868,2.934,2.93375,2.934250001,0.000014224,0.000015576,patch_5871,1031.402716,1031.554952,210.6236998,210.621284
5869,2.9345,2.934250001,2.934750002,0.000021966,0.000024054,patch_5872,1031.554952,1031.707188,210.6236998,210.619969
5870,2.935,2.934750002,2.935249999,0.000024415,0.000026736,patch_5873,1031.707188,1031.859423,210.6236998,210.619553
5871,2.9355,2.935249999,2.93575,0.00002279,0.000024957,patch_5874,1031.859423,1032.011659,210.6236998,210.619829
5872,2.936,2.93575,2.93625,0.000018322,0.000020063,patch_5875,1032.011659,1032.163895,210.6236998,210.620588
5873,2.9365,2.93625,2.936750001,0.000012228,0.00001339,patch_5876,1032.163895,1032.316131,210.6236998,210.621623
5874,2.937,2.936750001,2.937249998,0.000005739,0.000006285,patch_5877,1032.316131,1032.468366,210.6236998,210.622725
5875,2.9375,2.937249998,2.937749999,0.000000081,0.000000089,patch_5878,1032.468366,1032.620602,210.6236998,210.623686
5876,2.938,2.937749999,2.93825,-0.000003769,-0.000004128,patch_5879,1032.620602,1032.772838,210.6236998,210.62434
5877,2.9385,2.93825,2.93875,-0.000005871,-0.000006429,patch_5880,1032.772838,1032.925074,210.6236998,210.624697
5878,2.939,2.93875,2.939250001,-0.000006543,-0.000007164,patch_5881,1032.925074,1033.07731,210.6236998,210.624811
5879,2.9395,2.939250001,2.939749998,-0.000006124,-0.000006707,patch_5882,1033.07731,1033.229545,210.6236998,210.62474
5880,2.94,2.939749998,2.940249999,-0.000004935,-0.000005404,patch_5883,1033.229545,1033.381781,210.6236998,210.624538
5881,2.9405,2.940249999,2.94075,-0.000003304,-0.000003618,patch_5884,1033.381781,1033.534017,210.6236998,210.624261
5882,2.941,2.94075,2.94125,-0.000001567,-0.000001716,patch_5885,1033.534017,1033.686253,210.6236998,210.623966
5883,2.9415,2.94125,2.941750001,-0.000000042,-0.000000046,patch_5886,1033.686253,1033.838489,210.6236998,210.623707
5884,2.942,2.941750001,2.942249998,0.000000994,0.000001088,patch_5887,1033.838489,1033.990724,210.6236998,210.623531
5885,2.9425,2.942249998,2.942749999,0.000001565,0.000001714,patch_5888,1033.990724,1034.14296,210.6236998,210.623434
5886,2.943,2.942749999,2.94325,0.000001747,0.000001914,patch_5889,1034.14296,1034.295196,210.6236998,210.623403
5887,2.9435,2.94325,2.94375,0.000001642,0.000001798,patch_5890,1034.295196,1034.447432,210.6236998,210.623421
5888,2.944,2.94375,2.944250001,0.000001324,0.000001449,patch_5891,1034.447432,1034.599668,210.6236998,210.623475
5889,2.9445,2.944250001,2.944749999,0.000000888,0.000000972,patch_5892,1034.599668,1034.751903,210.6236998,210.623549
5890,2.945,2.944749999,2.945249999,0.000000423,0.000000463,patch_5893,1034.751903,1034.904139,210.6236998,210.623628
5891,2.9455,2.945249999,2.94575,0.000000016,0.000000018,patch_5894,1034.904139,1035.056375,210.6236998,210.623697
5892,2.946,2.94575,2.946250001,-0.000000266,-0.000000291,patch_5895,1035.056375,1035.208611,210.6236998,210.623745
5893,2.9465,2.946250001,2.946750001,-0.000000419,-0.000000459,patch_5896,1035.208611,1035.360847,210.6236998,210.623771
5894,2.947,2.946750001,2.947249999,-0.000000472,-0.000000517,patch_5897,1035.360847,1035.513082,210.6236998,210.62378
5895,2.9475,2.947249999,2.947749999,-0.000000443,-0.000000485,patch_5898,1035.513082,1035.665318,210.6236998,210.623775
5896,2.948,2.947749999,2.94825,-0.000000354,-0.000000388,patch_5899,1035.665318,1035.817554,210.6236998,210.62376
5897,2.9485,2.94825,2.948750001,-0.000000243,-0.000000266,patch_5900,1035.817554,1035.96979,210.6236998,210.623741
5898,2.949,2.948750001,2.949250001,-0.000000119,-0.00000013,patch_5901,1035.96979,1036.122026,210.6236998,210.62372
5899,2.9495,2.949250001,2.949749999,-0.000000007,-0.000000008,patch_5902,1036.122026,1036.274261,210.6236998,210.623701
5900,2.95,2.949749999,2.950249999,0.000000064,0.00000007,patch_5903,1036.274261,1036.426497,210.6236998,210.623689
5901,2.9505,2.950249999,2.95075,0.000000105,0.000000115,patch_5904,1036.426497,1036.578733,210.6236998,210.623682
5902,2.951,2.95075,2.951250001,0.000000117,0.000000128,patch_5905,1036.578733,1036.730969,210.6236998,210.62368
5903,2.9515,2.951250001,2.951750001,0.000000111,0.000000121,patch_5906,1036.730969,1036.883205,210.6236998,210.623681
5904,2.952,2.951750001,2.952249999,0.000000087,0.000000095,patch_5907,1036.883205,1037.03544,210.6236998,210.623685
5905,2.9525,2.952249999,2.952749999,0.000000058,0.000000063,patch_5908,1037.03544,1037.187676,210.6236998,210.62369
5906,2.953,2.952749999,2.95325,0.000000022,0.000000025,patch_5909,1037.187676,1037.339912,210.6236998,210.623696
5907,2.9535,2.95325,2.953750001,-0.000000001,-0.000000001,patch_5910,1037.339912,1037.492148,210.6236998,210.6237
5908,2.954,2.953750001,2.954250001,-0.000000013,-0.000000014,patch_5911,1037.492148,1037.644384,210.6236998,210.623702
5909,2.9545,2.954250001,2.954749999,-0.000000019,-0.000000021,patch_5912,1037.644384,1037.796619,210.6236998,210.623703
5910,2.955,2.954749999,2.95525,-0.000000013,-0.000000014,patch_5913,1037.796619,1037.948855,210.6236998,210.623702
5911,2.9555,2.95525,2.95575,-0.000000007,-0.000000008,patch_5914,1037.948855,1038.101091,210.6236998,210.623701
5912,2.956,2.95575,2.956250001,0.000000005,0.000000005,patch_5915,1038.101091,1038.253327,210.6236998,210.623699
5913,2.9565,2.956250001,2.956750002,0.000000011,0.000000012,patch_5916,1038.253327,1038.405563,210.6236998,210.623698
5914,2.957,2.956750002,2.957249999,0.000000011,0.000000012,patch_5917,1038.405563,1038.557798,210.6236998,210.623698
5915,2.9575,2.957249999,2.95775,-0.000000001,-0.000000001,patch_5918,1038.557798,1038.710034,210.6236998,210.6237
5916,2.958,2.95775,2.95825,-0.000000019,-0.000000021,patch_5919,1038.710034,1038.86227,210.6236998,210.623703
5917,2.9585,2.95825,2.958750001,-0.000000048,-0.000000053,patch_5920,1038.86227,1039.014506,210.6236998,210.623708
5918,2.959,2.958750001,2.959249998,-0.000000078,-0.000000085,patch_5921,1039.014506,1039.166741,210.6236998,210.623713
5919,2.9595,2.959249998,2.959749999,-0.000000101,-0.000000111,patch_5922,1039.166741,1039.318977,210.6236998,210.623717
5920,2.96,2.959749999,2.96025,-0.000000113,-0.000000124,patch_5923,1039.318977,1039.471213,210.6236998,210.623719
5921,2.9605,2.96025,2.96075,-0.000000107,-0.000000117,patch_5924,1039.471213,1039.623449,210.6236998,210.623718
5922,2.961,2.96075,2.961250001,-0.000000072,-0.000000079,patch_5925,1039.623449,1039.775685,210.6236998,210.623712
5923,2.9615,2.961250001,2.961749998,-0.000000013,-0.000000014,patch_5926,1039.775685,1039.92792,210.6236998,210.623702
5924,2.962,2.961749998,2.962249999,0.000000087,0.000000095,patch_5927,1039.92792,1040.080156,210.6236998,210.623685
5925,2.9625,2.962249999,2.96275,0.000000205,0.000000224,patch_5928,1040.080156,1040.232392,210.6236998,210.623665
5926,2.963,2.96275,2.96325,0.000000317,0.000000347,patch_5929,1040.232392,1040.384628,210.6236998,210.623646
5927,2.9635,2.96325,2.963750001,0.000000399,0.000000437,patch_5930,1040.384628,1040.536864,210.6236998,210.623632
5928,2.964,2.963750001,2.964249998,0.000000435,0.000000476,patch_5931,1040.536864,1040.689099,210.6236998,210.623626
5929,2.9645,2.964249998,2.964749999,0.000000405,0.000000444,patch_5932,1040.689099,1040.841335,210.6236998,210.623631
5930,2.965,2.964749999,2.96525,0.000000276,0.000000302,patch_5933,1040.841335,1040.993571,210.6236998,210.623653
5931,2.9655,2.96525,2.96575,0.000000034,0.000000037,patch_5934,1040.993571,1041.145807,210.6236998,210.623694
5932,2.966,2.96575,2.966250001,-0.000000331,-0.000000362,patch_5935,1041.145807,1041.298043,210.6236998,210.623756
5933,2.9665,2.966250001,2.966749999,-0.000000767,-0.000000839,patch_5936,1041.298043,1041.450278,210.6236998,210.62383
5934,2.967,2.966749999,2.967249999,-0.000001185,-0.000001297,patch_5937,1041.450278,1041.602514,210.6236998,210.623901
5935,2.9675,2.967249999,2.96775,-0.000001508,-0.000001652,patch_5938,1041.602514,1041.75475,210.6236998,210.623956
5936,2.968,2.96775,2.968250001,-0.00000165,-0.000001807,patch_5939,1041.75475,1041.906986,210.6236998,210.62398
5937,2.9685,2.968250001,2.968750001,-0.000001526,-0.000001671,patch_5940,1041.906986,1042.059222,210.6236998,210.623959
5938,2.969,2.968750001,2.969249999,-0.000001061,-0.000001162,patch_5941,1042.059222,1042.211457,210.6236998,210.62388
5939,2.9695,2.969249999,2.969749999,-0.000000166,-0.000000182,patch_5942,1042.211457,1042.363693,210.6236998,210.623728
5940,2.97,2.969749999,2.97025,0.0000012,0.000001314,patch_5943,1042.363693,1042.515929,210.6236998,210.623496
5941,2.9705,2.97025,2.970750001,0.000002825,0.000003093,patch_5944,1042.515929,1042.668165,210.6236998,210.62322
5942,2.971,2.970750001,2.971250001,0.000004391,0.000004808,patch_5945,1042.668165,1042.820401,210.6236998,210.622954
5943,2.9715,2.971250001,2.971749999,0.000005604,0.000006137,patch_5946,1042.820401,1042.972636,210.6236998,210.622748
5944,2.972,2.971749999,2.972249999,0.00000614,0.000006723,patch_5947,1042.972636,1043.124872,210.6236998,210.622657
5945,2.9725,2.972249999,2.97275,0.000005704,0.000006246,patch_5948,1043.124872,1043.277108,210.6236998,210.622731
5946,2.973,2.97275,2.973250001,0.000003979,0.000004357,patch_5949,1043.277108,1043.429344,210.6236998,210.623024
5947,2.9735,2.973250001,2.973750001,0.000000664,0.000000727,patch_5950,1043.429344,1043.58158,210.6236998,210.623587
5948,2.974,2.973750001,2.974249999,-0.000004411,-0.00000483,patch_5951,1043.58158,1043.733815,210.6236998,210.624449
5949,2.9745,2.974249999,2.974749999,-0.000010452,-0.000011445,patch_5952,1043.733815,1043.886051,210.6236998,210.625475
5950,2.975,2.974749999,2.97525,-0.000016322,-0.000017873,patch_5953,1043.886051,1044.038287,210.6236998,210.626472
5951,2.9755,2.97525,2.975750001,-0.000020862,-0.000022844,patch_5954,1044.038287,1044.190523,210.6236998,210.627243
5952,2.976,2.975750001,2.976250001,-0.000022922,-0.000025101,patch_5955,1044.190523,1044.342759,210.6236998,210.627593
5953,2.9765,2.976250001,2.976749999,-0.00002135,-0.00002338,patch_5956,1044.342759,1044.494994,210.6236998,210.627326
5954,2.977,2.976749999,2.977249999,-0.000015003,-0.000016429,patch_5957,1044.494994,1044.64723,210.6236998,210.626248
5955,2.9775,2.977249999,2.97775,-0.000002715,-0.000002974,patch_5958,1044.64723,1044.799466,210.6236998,210.624161
5956,2.978,2.97775,2.978250001,0.000016125,0.000017658,patch_5959,1044.799466,1044.951702,210.6236998,210.620961
5957,2.9785,2.978250001,2.978750002,0.000038664,0.000042339,patch_5960,1044.951702,1045.103938,210.6236998,210.617133
5958,2.979,2.978750002,2.979249999,0.000060602,0.000066362,patch_5961,1045.103938,1045.256173,210.6236998,210.613407
5959,2.9795,2.979249999,2.97975,0.000077653,0.000085033,patch_5962,1045.256173,1045.408409,210.6236998,210.610511
5960,2.98,2.97975,2.98025,0.000085513,0.000093641,patch_5963,1045.408409,1045.560645,210.6236998,210.609176
5961,2.9805,2.98025,2.980750001,0.00007989,0.000087483,patch_5964,1045.560645,1045.712881,210.6236998,210.610131
5962,2.981,2.980750001,2.981249998,0.000056486,0.000061855,patch_5965,1045.712881,1045.865116,210.6236998,210.614106
5963,2.9815,2.981249998,2.981749999,0.000011009,0.000012055,patch_5966,1045.865116,1046.017352,210.6236998,210.62183
5964,2.982,2.981749999,2.98225,-0.000058991,-0.000064598,patch_5967,1046.017352,1046.169588,210.6236998,210.633719
5965,2.9825,2.98225,2.98275,-0.00014301,-0.000156602,patch_5968,1046.169588,1046.321824,210.6236998,210.647989
5966,2.983,2.98275,2.983250001,-0.000225044,-0.000246434,patch_5969,1046.321824,1046.47406,210.6236998,210.661922
5967,2.9835,2.983250001,2.983749998,-0.000289068,-0.000316543,patch_5970,1046.47406,1046.626295,210.6236998,210.672796
5968,2.984,2.983749998,2.984249999,-0.000319037,-0.00034936,patch_5971,1046.626295,1046.778531,210.6236998,210.677886
5969,2.9845,2.984249999,2.98475,-0.000298924,-0.000327336,patch_5972,1046.778531,1046.930767,210.6236998,210.67447
5970,2.985,2.98475,2.98525,-0.000212704,-0.00023292,patch_5973,1046.930767,1047.083003,210.6236998,210.659826
5971,2.9855,2.98525,2.985750001,-0.00004433,-0.000048544,patch_5974,1047.083003,1047.235239,210.6236998,210.631229
5972,2.986,2.985750001,2.986249998,0.000215675,0.000236173,patch_5975,1047.235239,1047.387474,210.6236998,210.587069
5973,2.9865,2.986249998,2.986749999,0.000528905,0.000579175,patch_5976,1047.387474,1047.53971,210.6236998,210.533869
5974,2.987,2.986749999,2.98725,0.000835624,0.000915045,patch_5977,1047.53971,1047.691946,210.6236998,210.481775
5975,2.9875,2.98725,2.98775,0.001075999,0.001178267,patch_5978,1047.691946,1047.844182,210.6236998,210.440949
5976,2.988,2.98775,2.988250001,0.001190198,0.00130332,patch_5979,1047.844182,1047.996418,210.6236998,210.421553
5977,2.9885,2.988250001,2.988749999,0.001118397,0.001224694,patch_5980,1047.996418,1048.148653,210.6236998,210.433748
5978,2.989,2.988749999,2.989249999,0.000800756,0.000876864,patch_5981,1048.148653,1048.300889,210.6236998,210.487697
5979,2.9895,2.989249999,2.98975,0.000177451,0.000194317,patch_5982,1048.300889,1048.453125,210.6236998,210.593561
5980,2.99,2.98975,2.990250001,-0.000788306,-0.00086323,patch_5983,1048.453125,1048.605361,210.6236998,210.757588
5981,2.9905,2.990250001,2.990750001,-0.001955961,-0.002141865,patch_5984,1048.605361,1048.757597,210.6236998,210.955906
5982,2.991,2.990750001,2.991249999,-0.003102668,-0.00339756,patch_5985,1048.757597,1048.909832,210.6236998,211.150666
5983,2.9915,2.991249999,2.991749999,-0.004005137,-0.004385804,patch_5986,1048.909832,1049.062068,210.6236998,211.303944
5984,2.992,2.991749999,2.99225,-0.004440074,-0.004862079,patch_5987,1049.062068,1049.214304,210.6236998,211.377815
5985,2.9925,2.99225,2.992750001,-0.004184185,-0.004581869,patch_5988,1049.214304,1049.36654,210.6236998,211.334354
5986,2.993,2.992750001,2.993250001,-0.00301418,-0.003300662,patch_5989,1049.36654,1049.518776,210.6236998,211.135637
5987,2.9935,2.993250001,2.993749999,-0.00070676,-0.000773934,patch_5990,1049.518776,1049.671011,210.6236998,210.743738
5988,2.994,2.993749999,2.994249999,0.002921268,0.003198919,patch_5991,1049.671011,1049.823247,210.6236998,210.127543
5989,2.9945,2.994249999,2.99475,0.007729128,0.00846374,patch_5992,1049.823247,1049.975483,210.6236998,209.310962
5990,2.995,2.99475,2.995250001,0.013419291,0.014694723,patch_5993,1049.975483,1050.127719,210.6236998,208.344528
5991,2.9955,2.995250001,2.995750001,0.019693212,0.021564945,patch_5994,1050.127719,1050.279955,210.6236998,207.278947
5992,2.996,2.995750001,2.996249999,0.026252348,0.028747492,patch_5995,1050.279955,1050.43219,210.6236998,206.164924
5993,2.9965,2.996249999,2.996749999,0.032798149,0.035915436,patch_5996,1050.43219,1050.584426,210.6236998,205.053166
5994,2.997,2.996749999,2.99725,0.039032067,0.042741855,patch_5997,1050.584426,1050.736662,210.6236998,203.994379
5995,2.9975,2.99725,2.997750001,0.044655557,0.048899827,patch_5998,1050.736662,1050.888898,210.6236998,203.039269
5996,2.998,2.997750001,2.998250001,0.049402702,0.054098162,patch_5999,1050.888898,1051.041134,210.6236998,202.233
5997,2.9985,2.998250001,2.998749999,0.053284618,0.058349034,patch_6000,1051.041134,1051.193369,210.6236998,201.573684
5998,2.999,2.998749999,2.999249999,0.056452145,0.061817616,patch_6001,1051.193369,1051.345605,210.6236998,201.035702
5999,2.9995,2.999249999,2.99975,0.059057187,0.064670254,patch_6002,1051.345605,1051.497841,210.6236998,200.593254
6000,3,2.99975,3.000250001,0.06125165,0.067073289,patch_6003,1051.497841,1051.650077,210.6236998,200.22054
6001,3.0005,3.000250001,3.000750002,0.063187438,0.069193063,patch_6004,1051.650077,1051.802313,210.6236998,199.89176
6002,3.001,3.000750002,3.001249999,0.065016475,0.07119594,patch_6005,1051.802313,1051.954548,210.6236998,199.581111
6003,3.0015,3.001249999,3.00175,0.066890654,0.07324825,patch_6006,1051.954548,1052.106784,210.6236998,199.262795
6004,3.002,3.00175,3.00225,0.068932464,0.075484123,patch_6007,1052.106784,1052.25902,210.6236998,198.916008
6005,3.0025,3.00225,3.002750001,0.071001834,0.077750176,patch_6008,1052.25902,1052.411256,210.6236998,198.56454
6006,3.003,3.002750001,3.003249998,0.072820674,0.079741886,patch_6009,1052.411256,1052.563491,210.6236998,198.255623
6007,3.0035,3.003249998,3.003749999,0.074109676,0.081153402,patch_6010,1052.563491,1052.715727,210.6236998,198.036695
6008,3.004,3.003749999,3.00425,0.074589532,0.081678864,patch_6011,1052.715727,1052.867963,210.6236998,197.955195
6009,3.0045,3.00425,3.00475,0.073980916,0.081012403,patch_6012,1052.867963,1053.020199,210.6236998,198.058564
6010,3.005,3.00475,3.005250001,0.072004531,0.078848174,patch_6013,1053.020199,1053.172435,210.6236998,198.394239
6011,3.0055,3.005250001,3.005749998,0.068381072,0.074880324,patch_6014,1053.172435,1053.32467,210.6236998,199.009658
6012,3.006,3.005749998,3.006249999,0.062882474,0.068859114,patch_6015,1053.32467,1053.476906,210.6236998,199.943556
6013,3.0065,3.006249999,3.00675,0.055762231,0.06106213,patch_6016,1053.476906,1053.629142,210.6236998,201.152879
6014,3.007,3.00675,3.00725,0.04753749,0.052055673,patch_6017,1053.629142,1053.781378,210.6236998,202.549793
6015,3.0075,3.00725,3.007750001,0.03872811,0.042409008,patch_6018,1053.781378,1053.933614,210.6236998,204.046004
6016,3.008,3.007750001,3.008249998,0.029853946,0.032691403,patch_6019,1053.933614,1054.085849,210.6236998,205.553218
6017,3.0085,3.008249998,3.008749999,0.021434862,0.02347213,patch_6020,1054.085849,1054.238085,210.6236998,206.98314
6018,3.009,3.008749999,3.00925,0.013990708,0.015320449,patch_6021,1054.238085,1054.390321,210.6236998,208.247477
6019,3.0095,3.00925,3.00975,0.00804134,0.008805626,patch_6022,1054.390321,1054.542557,210.6236998,209.257935
6020,3.01,3.00975,3.010250001,0.004058631,0.004444382,patch_6023,1054.542557,1054.694793,210.6236998,209.93437
6021,3.0105,3.010250001,3.010749999,0.002040025,0.002233918,patch_6024,1054.694793,1054.847028,210.6236998,210.277216
6022,3.011,3.010749999,3.011249999,0.001712322,0.001875069,patch_6025,1054.847028,1054.999264,210.6236998,210.332874
6023,3.0115,3.011249999,3.01175,0.002799173,0.00306522,patch_6026,1054.999264,1055.1515,210.6236998,210.14828
6024,3.012,3.01175,3.012250001,0.005024217,0.005501742,patch_6027,1055.1515,1055.303736,210.6236998,209.770372
6025,3.0125,3.012250001,3.012750001,0.008111105,0.008882021,patch_6028,1055.303736,1055.455972,210.6236998,209.246086
6026,3.013,3.012750001,3.013249999,0.01178348,0.012903436,patch_6029,1055.455972,1055.608207,210.6236998,208.622359
6027,3.0135,3.013249999,3.013749999,0.015764982,0.017263359,patch_6030,1055.608207,1055.760443,210.6236998,207.946129
6028,3.014,3.013749999,3.01425,0.01979291,0.021674119,patch_6031,1055.760443,1055.912679,210.6236998,207.262014
6029,3.0145,3.01425,3.014750001,0.023746674,0.026003668,patch_6032,1055.912679,1056.064915,210.6236998,206.590495
6030,3.015,3.014750001,3.015250001,0.027590131,0.030212424,patch_6033,1056.064915,1056.217151,210.6236998,205.937711
6031,3.0155,3.015250001,3.015749999,0.031288254,0.034262034,patch_6034,1056.217151,1056.369386,210.6236998,205.309611
6032,3.016,3.015749999,3.016249999,0.034806004,0.038114127,patch_6035,1056.369386,1056.521622,210.6236998,204.712146
6033,3.0165,3.016249999,3.01675,0.038108361,0.041730355,patch_6036,1056.521622,1056.673858,210.6236998,204.151264
6034,3.017,3.01675,3.017250001,0.041160293,0.045072356,patch_6037,1056.673858,1056.826094,210.6236998,203.632915
6035,3.0175,3.017250001,3.017750001,0.04392676,0.048101762,patch_6038,1056.826094,1056.97833,210.6236998,203.16305
6036,3.018,3.017750001,3.018249999,0.046372055,0.050779469,patch_6039,1056.97833,1057.130565,210.6236998,202.747734
6037,3.0185,3.018249999,3.018749999,0.048452836,0.053058017,patch_6040,1057.130565,1057.282801,210.6236998,202.394328
6038,3.019,3.018749999,3.01925,0.050121072,0.054884809,patch_6041,1057.282801,1057.435037,210.6236998,202.11099
6039,3.0195,3.01925,3.019750001,0.051328658,0.05620717,patch_6042,1057.435037,1057.587273,210.6236998,201.90589
6040,3.02,3.019750001,3.020250001,0.05202748,0.056972411,patch_6043,1057.587273,1057.739509,210.6236998,201.7872
6041,3.0205,3.020250001,3.020749999,0.052169441,0.057127865,patch_6044,1057.739509,1057.891744,210.6236998,201.763089
6042,3.021,3.020749999,3.021249999,0.051706425,0.056620841,patch_6045,1057.891744,1058.04398,210.6236998,201.841729
6043,3.0215,3.021249999,3.02175,0.050590335,0.055398673,patch_6046,1058.04398,1058.196216,210.6236998,202.031289
6044,3.022,3.02175,3.022250001,0.048780833,0.053417188,patch_6047,1058.196216,1058.348452,210.6236998,202.33862
6045,3.0225,3.022250001,3.022750002,0.046327802,0.05073101,patch_6048,1058.348452,1058.500688,210.6236998,202.75525
6046,3.023,3.022750002,3.023249999,0.043339212,0.04745837,patch_6049,1058.500688,1058.652923,210.6236998,203.262841
6047,3.0235,3.023249999,3.02375,0.03992398,0.043718539,patch_6050,1058.652923,1058.805159,210.6236998,203.842894
6048,3.024,3.02375,3.02425,0.036191048,0.039630812,patch_6051,1058.805159,1058.957395,210.6236998,204.476906
6049,3.0245,3.02425,3.024750001,0.032249342,0.035314468,patch_6052,1058.957395,1059.109631,210.6236998,205.146377
6050,3.025,3.024750001,3.025249998,0.028207802,0.030888801,patch_6053,1059.109631,1059.261866,210.6236998,205.832804
6051,3.0255,3.025249998,3.025749999,0.024175353,0.02647309,patch_6054,1059.261866,1059.414102,210.6236998,206.517687
6052,3.026,3.025749999,3.02625,0.020257939,0.022183347,patch_6055,1059.414102,1059.566338,210.6236998,207.183032
6053,3.0265,3.02625,3.02675,0.01652492,0.018095524,patch_6056,1059.566338,1059.718574,210.6236998,207.817059
6054,3.027,3.02675,3.027250001,0.013021118,0.014258705,patch_6057,1059.718574,1059.87081,210.6236998,208.412155
6055,3.0275,3.027250001,3.027749998,0.009790915,0.010721489,patch_6058,1059.87081,1060.023045,210.6236998,208.960782
6056,3.028,3.027749998,3.028249999,0.006878684,0.007532465,patch_6059,1060.023045,1060.175281,210.6236998,209.455404
6057,3.0285,3.028249999,3.02875,0.00432881,0.00474024,patch_6060,1060.175281,1060.327517,210.6236998,209.888482
6058,3.029,3.02875,3.02925,0.002185659,0.002393395,patch_6061,1060.327517,1060.479753,210.6236998,210.252481
6059,3.0295,3.02925,3.029750001,0.00049362,0.000540535,patch_6062,1060.479753,1060.631989,210.6236998,210.539862
6060,3.03,3.029750001,3.030249998,-0.000708002,-0.000775294,patch_6063,1060.631989,1060.784224,210.6236998,210.743949
6061,3.0305,3.030249998,3.030749999,-0.001445472,-0.001582856,patch_6064,1060.784224,1060.93646,210.6236998,210.869203
6062,3.031,3.030749999,3.03125,-0.001790809,-0.001961015,patch_6065,1060.93646,1061.088696,210.6236998,210.927856
6063,3.0315,3.03125,3.03175,-0.001816968,-0.001989661,patch_6066,1061.088696,1061.240932,210.6236998,210.932299
6064,3.032,3.03175,3.032250001,-0.0015969,-0.001748677,patch_6067,1061.240932,1061.393168,210.6236998,210.894922
6065,3.0325,3.032250001,3.032749999,-0.001203566,-0.001317959,patch_6068,1061.393168,1061.545403,210.6236998,210.828117
6066,3.033,3.032749999,3.033249999,-0.00070991,-0.000777383,patch_6069,1061.545403,1061.697639,210.6236998,210.744273
6067,3.0335,3.033249999,3.03375,-0.000188893,-0.000206847,patch_6070,1061.697639,1061.849875,210.6236998,210.655782
6068,3.034,3.03375,3.034250001,0.00029158,0.000319293,patch_6071,1061.849875,1062.002111,210.6236998,210.574177
6069,3.0345,3.034250001,3.034750001,0.000732829,0.00080248,patch_6072,1062.002111,1062.154347,210.6236998,210.499234
6070,3.035,3.034750001,3.035249999,0.00118643,0.001299194,patch_6073,1062.154347,1062.306582,210.6236998,210.422193
6071,3.0355,3.035249999,3.035749999,0.001705092,0.001867152,patch_6074,1062.306582,1062.458818,210.6236998,210.334102
6072,3.036,3.035749999,3.03625,0.002341515,0.002564064,patch_6075,1062.458818,1062.611054,210.6236998,210.22601
6073,3.0365,3.03625,3.036750001,0.003148419,0.00344766,patch_6076,1062.611054,1062.76329,210.6236998,210.088963
6074,3.037,3.036750001,3.037250001,0.004178501,0.004575645,patch_6077,1062.76329,1062.915526,210.6236998,209.914011
6075,3.0375,3.037250001,3.037749999,0.005484466,0.006005735,patch_6078,1062.915526,1063.067761,210.6236998,209.692202
6076,3.038,3.037749999,3.038249999,0.00711131,0.007787202,patch_6079,1063.067761,1063.219997,210.6236998,209.415894
6077,3.0385,3.038249999,3.03875,0.008991807,0.009846429,patch_6080,1063.219997,1063.372233,210.6236998,209.096505
6078,3.039,3.03875,3.039250001,0.010973961,0.012016977,patch_6081,1063.372233,1063.524469,210.6236998,208.75985
6079,3.0395,3.039250001,3.039750001,0.012903715,0.014130144,patch_6082,1063.524469,1063.676705,210.6236998,208.432095
6080,3.04,3.039750001,3.040249999,0.014626978,0.016017193,patch_6083,1063.676705,1063.82894,210.6236998,208.139411
6081,3.0405,3.040249999,3.040749999,0.015989684,0.017509417,patch_6084,1063.82894,1063.981176,210.6236998,207.907965
6082,3.041,3.040749999,3.04125,0.016837756,0.018438094,patch_6085,1063.981176,1064.133412,210.6236998,207.763926
6083,3.0415,3.04125,3.041750001,0.017017121,0.018634507,patch_6086,1064.133412,1064.285648,210.6236998,207.733462
6084,3.042,3.041750001,3.042250001,0.016385903,0.017943295,patch_6087,1064.285648,1064.437884,210.6236998,207.84067
6085,3.0425,3.042250001,3.042749999,0.014990525,0.016415294,patch_6088,1064.437884,1064.590119,210.6236998,208.077665
6086,3.043,3.042749999,3.043249999,0.013025392,0.014263385,patch_6089,1064.590119,1064.742355,210.6236998,208.411429
6087,3.0435,3.043249999,3.04375,0.01068888,0.011704801,patch_6090,1064.742355,1064.894591,210.6236998,208.808269
6088,3.044,3.04375,3.044250001,0.008179368,0.008956772,patch_6091,1064.894591,1065.046827,210.6236998,209.234492
6089,3.0445,3.044250001,3.044750002,0.005695231,0.006236532,patch_6092,1065.046827,1065.199063,210.6236998,209.656405
6090,3.045,3.044750002,3.045249999,0.003434861,0.003761326,patch_6093,1065.199063,1065.351298,210.6236998,210.040313
6091,3.0455,3.045249999,3.04575,0.001596627,0.001748378,patch_6094,1065.351298,1065.503534,210.6236998,210.352524
6092,3.046,3.04575,3.04625,0.000377277,0.000413135,patch_6095,1065.503534,1065.65577,210.6236998,210.559622
6093,3.0465,3.04625,3.046750001,-0.000053209,-0.000058266,patch_6096,1065.65577,1065.808006,210.6236998,210.632737
6094,3.047,3.046750001,3.047249998,0.000453235,0.000496313,patch_6097,1065.808006,1065.960241,210.6236998,210.546721
6095,3.0475,3.047249998,3.047749999,0.002044052,0.002238328,patch_6098,1065.960241,1066.112477,210.6236998,210.276532
6096,3.048,3.047749999,3.04825,0.004866684,0.005329236,patch_6099,1066.112477,1066.264713,210.6236998,209.797128
6097,3.0485,3.04825,3.04875,0.00906856,0.009930478,patch_6100,1066.264713,1066.416949,210.6236998,209.083469
6098,3.049,3.04875,3.049250001,0.014797123,0.01620351,patch_6101,1066.416949,1066.569185,210.6236998,208.110513
6099,3.0495,3.049250001,3.049749998,0.022199816,0.024309788,patch_6102,1066.569185,1066.72142,210.6236998,206.853218
6100,3.05,3.049749998,3.050249999,0.031407199,0.034392284,patch_6103,1066.72142,1066.873656,210.6236998,205.289409
6101,3.0505,3.050249999,3.05075,0.042255304,0.046271443,patch_6104,1066.873656,1067.025892,210.6236998,203.446935
6102,3.051,3.05075,3.05125,0.054329719,0.059493466,patch_6105,1067.025892,1067.178128,210.6236998,201.396181
6103,3.0515,3.05125,3.051750001,0.067208065,0.073595829,patch_6106,1067.178128,1067.330364,210.6236998,199.208885
6104,3.052,3.051750001,3.052249998,0.080467951,0.088115996,patch_6107,1067.330364,1067.482599,210.6236998,196.956787
6105,3.0525,3.052249998,3.052749999,0.093687006,0.10259145,patch_6108,1067.482599,1067.634835,210.6236998,194.711624
6106,3.053,3.052749999,3.05325,0.10644285,0.116559669,patch_6109,1067.634835,1067.787071,210.6236998,192.545134
6107,3.0535,3.05325,3.05375,0.118313088,0.129558109,patch_6110,1067.787071,1067.939307,210.6236998,190.529058
6108,3.054,3.05375,3.054250001,0.128891508,0.141141951,patch_6111,1067.939307,1068.091543,210.6236998,188.732388
6109,3.0545,3.054250001,3.054749999,0.13807222,0.15119524,patch_6112,1068.091543,1068.243778,210.6236998,187.173109
6110,3.055,3.054749999,3.055249999,0.146015,0.159892938,patch_6113,1068.243778,1068.396014,210.6236998,185.824084
6111,3.0555,3.055249999,3.05575,0.152888815,0.167420073,patch_6114,1068.396014,1068.54825,210.6236998,184.656615
6112,3.056,3.05575,3.056250001,0.158862576,0.173961607,patch_6115,1068.54825,1068.700486,210.6236998,183.642014
6113,3.0565,3.056250001,3.056750001,0.16410522,0.179702536,patch_6116,1068.700486,1068.852722,210.6236998,182.751588
6114,3.057,3.056750001,3.057249999,0.168785673,0.184827842,patch_6117,1068.852722,1069.004957,210.6236998,181.956646
6115,3.0575,3.057249999,3.057749999,0.173072887,0.189522532,patch_6118,1069.004957,1069.157193,210.6236998,181.228493
6116,3.058,3.057749999,3.05825,0.177126497,0.193961416,patch_6119,1069.157193,1069.309429,210.6236998,180.540016
6117,3.0585,3.05825,3.058750001,0.180921315,0.198116911,patch_6120,1069.309429,1069.461665,210.6236998,179.895493
6118,3.059,3.058750001,3.059250001,0.184262137,0.20177526,patch_6121,1069.461665,1069.613901,210.6236998,179.328078
6119,3.0595,3.059250001,3.059749999,0.186947507,0.204715859,patch_6122,1069.613901,1069.766136,210.6236998,178.871987
6120,3.06,3.059749999,3.060249999,0.188775925,0.206718059,patch_6123,1069.766136,1069.918372,210.6236998,178.561443
6121,3.0605,3.060249999,3.06075,0.189545837,0.207561146,patch_6124,1069.918372,1070.070608,210.6236998,178.430679
6122,3.061,3.06075,3.061250001,0.189055802,0.207024536,patch_6125,1070.070608,1070.222844,210.6236998,178.513908
6123,3.0615,3.061250001,3.061750001,0.187104299,0.204887553,patch_6126,1070.222844,1070.37508,210.6236998,178.845357
6124,3.062,3.061750001,3.062249999,0.183501805,0.200942662,patch_6127,1070.37508,1070.527315,210.6236998,179.457215
6125,3.0625,3.062249999,3.062749999,0.178313388,0.195261114,patch_6128,1070.527315,1070.679551,210.6236998,180.338431
6126,3.063,3.062749999,3.06325,0.171847685,0.188180881,patch_6129,1070.679551,1070.831787,210.6236998,181.436585
6127,3.0635,3.06325,3.063750001,0.164423019,0.18005054,patch_6130,1070.831787,1070.984023,210.6236998,182.697612
6128,3.064,3.063750001,3.064250001,0.156357791,0.171218756,patch_6131,1070.984023,1071.136259,210.6236998,184.067434
6129,3.0645,3.064250001,3.064749999,0.147970359,0.162034144,patch_6132,1071.136259,1071.288494,210.6236998,185.49198
6130,3.065,3.064749999,3.065249999,0.139579118,0.152845361,patch_6133,1071.288494,1071.44073,210.6236998,186.917173
6131,3.0655,3.065249999,3.06575,0.131502421,0.144001017,patch_6134,1071.44073,1071.592966,210.6236998,188.288943
6132,3.066,3.06575,3.066250001,0.124053768,0.13584441,patch_6135,1071.592966,1071.745202,210.6236998,189.554044
6133,3.0665,3.066250001,3.066750002,0.117435812,0.128597453,patch_6136,1071.745202,1071.897438,210.6236998,190.678057
6134,3.067,3.066750002,3.067249999,0.111740939,0.122361313,patch_6137,1071.897438,1072.049673,210.6236998,191.645291
6135,3.0675,3.067249999,3.06775,0.107056794,0.117231964,patch_6138,1072.049673,1072.201909,210.6236998,192.44086
6136,3.068,3.06775,3.06825,0.103471004,0.113305365,patch_6139,1072.201909,1072.354145,210.6236998,193.049881
6137,3.0685,3.06825,3.068750001,0.101071199,0.110677471,patch_6140,1072.354145,1072.506381,210.6236998,193.457471
6138,3.069,3.068750001,3.069249998,0.099945017,0.109444252,patch_6141,1072.506381,1072.658616,210.6236998,193.648745
6139,3.0695,3.069249998,3.069749999,0.100180075,0.109701651,patch_6142,1072.658616,1072.810852,210.6236998,193.608822
6140,3.07,3.069749999,3.07025,0.101849712,0.111529978,patch_6143,1072.810852,1072.963088,210.6236998,193.325246
6141,3.0705,3.07025,3.07075,0.104676653,0.114625605,patch_6144,1072.963088,1073.115324,210.6236998,192.84511
6142,3.071,3.07075,3.071250001,0.108020949,0.118287758,patch_6145,1073.115324,1073.26756,210.6236998,192.277105
6143,3.0715,3.071250001,3.071749998,0.111225916,0.12179734,patch_6146,1073.26756,1073.419795,210.6236998,191.732764
6144,3.072,3.071749998,3.072249999,0.113634865,0.124435246,patch_6147,1073.419795,1073.572031,210.6236998,191.323621
6145,3.0725,3.072249999,3.07275,0.114591114,0.125482381,patch_6148,1073.572031,1073.724267,210.6236998,191.161209
6146,3.073,3.07275,3.07325,0.113437948,0.124219613,patch_6149,1073.724267,1073.876503,210.6236998,191.357066
6147,3.0735,3.07325,3.073750001,0.109518692,0.119927853,patch_6150,1073.876503,1074.028739,210.6236998,192.022724
6148,3.074,3.073750001,3.074249998,0.10220401,0.11191795,patch_6151,1074.028739,1074.180974,210.6236998,193.265071
6149,3.0745,3.074249998,3.074749999,0.091585158,0.100289833,patch_6152,1074.180974,1074.33321,210.6236998,195.068608
6150,3.075,3.074749999,3.07525,0.078528706,0.085992436,patch_6153,1074.33321,1074.485446,210.6236998,197.286154
6151,3.0755,3.07525,3.07575,0.063939574,0.070016686,patch_6154,1074.485446,1074.637682,210.6236998,199.764015
6152,3.076,3.07575,3.076250001,0.048722662,0.053353488,patch_6155,1074.637682,1074.789918,210.6236998,202.3485
6153,3.0765,3.076250001,3.076749999,0.033782865,0.036993744,patch_6156,1074.789918,1074.942153,210.6236998,204.885919
6154,3.077,3.076749999,3.077249999,0.020025089,0.021928365,patch_6157,1074.942153,1075.094389,210.6236998,207.22258
6155,3.0775,3.077249999,3.07775,0.008354247,0.009148273,patch_6158,1075.094389,1075.246625,210.6236998,209.20479
6156,3.078,3.07775,3.078250001,-0.000347758,-0.00038081,patch_6159,1075.246625,1075.398861,210.6236998,210.682764
6157,3.0785,3.078250001,3.078750001,-0.005852291,-0.006408519,patch_6160,1075.398861,1075.551097,210.6236998,211.61767
6158,3.079,3.078750001,3.079249999,-0.008661763,-0.009485017,patch_6161,1075.551097,1075.703332,210.6236998,212.094839
6159,3.0795,3.079249999,3.079749999,-0.009317186,-0.010202734,patch_6162,1075.703332,1075.855568,210.6236998,212.206158
6160,3.08,3.079749999,3.08025,-0.008359572,-0.009154104,patch_6163,1075.855568,1076.007804,210.6236998,212.043514
6161,3.0805,3.08025,3.080750001,-0.006329932,-0.006931558,patch_6164,1076.007804,1076.16004,210.6236998,211.698794
6162,3.081,3.080750001,3.081250001,-0.003769284,-0.004127534,patch_6165,1076.16004,1076.312276,210.6236998,211.263886
6163,3.0815,3.081250001,3.081749999,-0.001218627,-0.001334451,patch_6166,1076.312276,1076.464511,210.6236998,210.830675
6164,3.082,3.081749999,3.082249999,0.000790735,0.00086589,patch_6167,1076.464511,1076.616747,210.6236998,210.489399
6165,3.0825,3.082249999,3.08275,0.002026347,0.002218941,patch_6168,1076.616747,1076.768983,210.6236998,210.279539
6166,3.083,3.08275,3.083250001,0.002603557,0.002851011,patch_6169,1076.768983,1076.921219,210.6236998,210.181504
6167,3.0835,3.083250001,3.083750001,0.002657313,0.002909876,patch_6170,1076.921219,1077.073455,210.6236998,210.172374
6168,3.084,3.083750001,3.084249999,0.002322533,0.002543277,patch_6171,1077.073455,1077.22569,210.6236998,210.229234
6169,3.0845,3.084249999,3.084749999,0.001734166,0.001898989,patch_6172,1077.22569,1077.377926,210.6236998,210.329164
6170,3.085,3.084749999,3.08525,0.001027136,0.00112476,patch_6173,1077.377926,1077.530162,210.6236998,210.449248
6171,3.0855,3.08525,3.085750001,0.000336386,0.000368358,patch_6174,1077.530162,1077.682398,210.6236998,210.566567
6172,3.086,3.085750001,3.086250001,-0.000205373,-0.000224893,patch_6175,1077.682398,1077.834634,210.6236998,210.658581
6173,3.0865,3.086250001,3.086749999,-0.000539382,-0.000590647,patch_6176,1077.834634,1077.986869,210.6236998,210.71531
6174,3.087,3.086749999,3.087249999,-0.000696427,-0.000762619,patch_6177,1077.986869,1078.139105,210.6236998,210.741983
6175,3.0875,3.087249999,3.08775,-0.000712671,-0.000780407,patch_6178,1078.139105,1078.291341,210.6236998,210.744742
6176,3.088,3.08775,3.088250001,-0.000624266,-0.000683599,patch_6179,1078.291341,1078.443577,210.6236998,210.729727
6177,3.0885,3.088250001,3.088750001,-0.000467368,-0.000511789,patch_6180,1078.443577,1078.595813,210.6236998,210.703079
6178,3.089,3.088750001,3.089249999,-0.000278129,-0.000304563,patch_6181,1078.595813,1078.748048,210.6236998,210.670938
6179,3.0895,3.089249999,3.08975,-0.00009271,-0.000101522,patch_6182,1078.748048,1078.900284,210.6236998,210.639446
6180,3.09,3.08975,3.09025,0.000053272,0.000058335,patch_6183,1078.900284,1079.05252,210.6236998,210.614652
6181,3.0905,3.09025,3.090750001,0.000143555,0.000157199,patch_6184,1079.05252,1079.204756,210.6236998,210.599318
6182,3.091,3.090750001,3.091249998,0.000186277,0.000203981,patch_6185,1079.204756,1079.356991,210.6236998,210.592062
6183,3.0915,3.091249998,3.091749999,0.000191122,0.000209288,patch_6186,1079.356991,1079.509227,210.6236998,210.591239
6184,3.092,3.091749999,3.09225,0.000167783,0.00018373,patch_6187,1079.509227,1079.661463,210.6236998,210.595203
6185,3.0925,3.09225,3.09275,0.00012595,0.000137921,patch_6188,1079.661463,1079.813699,210.6236998,210.602308
6186,3.093,3.09275,3.093250001,0.000075298,0.000082454,patch_6189,1079.813699,1079.965935,210.6236998,210.610911
6187,3.0935,3.093250001,3.093749998,0.000025528,0.000027955,patch_6190,1079.965935,1080.11817,210.6236998,210.619364
6188,3.094,3.093749998,3.094249999,-0.000013802,-0.000015114,patch_6191,1080.11817,1080.270406,210.6236998,210.626044
6189,3.0945,3.094249999,3.09475,-0.000038207,-0.000041838,patch_6192,1080.270406,1080.422642,210.6236998,210.630189
6190,3.095,3.09475,3.09525,-0.000049824,-0.000054559,patch_6193,1080.422642,1080.574878,210.6236998,210.632162
6191,3.0955,3.09525,3.095750001,-0.000051254,-0.000056126,patch_6194,1080.574878,1080.727114,210.6236998,210.632405
6192,3.096,3.095750001,3.096249998,-0.000045096,-0.000049382,patch_6195,1080.727114,1080.879349,210.6236998,210.631359
6193,3.0965,3.096249998,3.096749999,-0.000033944,-0.000037171,patch_6196,1080.879349,1081.031585,210.6236998,210.629465
6194,3.097,3.096749999,3.09725,-0.000020391,-0.000022329,patch_6197,1081.031585,1081.183821,210.6236998,210.627163
6195,3.0975,3.09725,3.09775,-0.000007031,-0.000007699,patch_6198,1081.183821,1081.336057,210.6236998,210.624894
6196,3.098,3.09775,3.098250001,0.000003567,0.000003906,patch_6199,1081.336057,1081.488293,210.6236998,210.623094
6197,3.0985,3.098250001,3.098749999,0.000010161,0.000011127,patch_6200,1081.488293,1081.640528,210.6236998,210.621974
6198,3.099,3.098749999,3.099249999,0.000013323,0.000014589,patch_6201,1081.640528,1081.792764,210.6236998,210.621437
6199,3.0995,3.099249999,3.09975,0.000013741,0.000015047,patch_6202,1081.792764,1081.945,210.6236998,210.621366
6200,3.1,3.09975,3.100250001,0.000012116,0.000013267,patch_6203,1081.945,1082.097236,210.6236998,210.621642
6201,3.1005,3.100250001,3.100750001,0.000009143,0.000010012,patch_6204,1082.097236,1082.249472,210.6236998,210.622147
6202,3.101,3.100750001,3.101249999,0.000005516,0.00000604,patch_6205,1082.249472,1082.401707,210.6236998,210.622763
6203,3.1015,3.101249999,3.101749999,0.00000193,0.000002113,patch_6206,1082.401707,1082.553943,210.6236998,210.623372
6204,3.102,3.101749999,3.10225,-0.000000926,-0.000001014,patch_6207,1082.553943,1082.706179,210.6236998,210.623857
6205,3.1025,3.10225,3.102750001,-0.000002704,-0.000002961,patch_6208,1082.706179,1082.858415,210.6236998,210.624159
6206,3.103,3.102750001,3.103250001,-0.000003563,-0.000003902,patch_6209,1082.858415,1083.010651,210.6236998,210.624305
6207,3.1035,3.103250001,3.103749999,-0.000003687,-0.000004037,patch_6210,1083.010651,1083.162886,210.6236998,210.624326
6208,3.104,3.103749999,3.104249999,-0.000003257,-0.000003567,patch_6211,1083.162886,1083.315122,210.6236998,210.624253
6209,3.1045,3.104249999,3.10475,-0.000002462,-0.000002696,patch_6212,1083.315122,1083.467358,210.6236998,210.624118
6210,3.105,3.10475,3.105250001,-0.000001491,-0.000001632,patch_6213,1083.467358,1083.619594,210.6236998,210.623953
6211,3.1055,3.105250001,3.105750001,-0.000000531,-0.000000582,patch_6214,1083.619594,1083.77183,210.6236998,210.62379
6212,3.106,3.105750001,3.106249999,0.000000234,0.000000257,patch_6215,1083.77183,1083.924065,210.6236998,210.62366
6213,3.1065,3.106249999,3.106749999,0.000000711,0.000000779,patch_6216,1083.924065,1084.076301,210.6236998,210.623579
6214,3.107,3.106749999,3.10725,0.000000941,0.00000103,patch_6217,1084.076301,1084.228537,210.6236998,210.62354
6215,3.1075,3.10725,3.107750001,0.000000976,0.000001069,patch_6218,1084.228537,1084.380773,210.6236998,210.623534
6216,3.108,3.107750001,3.108250001,0.000000858,0.00000094,patch_6219,1084.380773,1084.533009,210.6236998,210.623554
6217,3.1085,3.108250001,3.108749999,0.000000646,0.000000708,patch_6220,1084.533009,1084.685244,210.6236998,210.62359
6218,3.109,3.108749999,3.109249999,0.000000393,0.000000431,patch_6221,1084.685244,1084.83748,210.6236998,210.623633
6219,3.1095,3.109249999,3.10975,0.00000014,0.000000153,patch_6222,1084.83748,1084.989716,210.6236998,210.623676
6220,3.11,3.10975,3.110250001,-0.00000006,-0.000000066,patch_6223,1084.989716,1085.141952,210.6236998,210.62371
6221,3.1105,3.110250001,3.110750001,-0.000000178,-0.000000195,patch_6224,1085.141952,1085.294188,210.6236998,210.62373
6222,3.111,3.110750001,3.111249999,-0.000000231,-0.000000253,patch_6225,1085.294188,1085.446423,210.6236998,210.623739
6223,3.1115,3.111249999,3.11175,-0.000000231,-0.000000253,patch_6226,1085.446423,1085.598659,210.6236998,210.623739
6224,3.112,3.11175,3.11225,-0.00000019,-0.000000208,patch_6227,1085.598659,1085.750895,210.6236998,210.623732
6225,3.1125,3.11225,3.112750001,-0.000000137,-0.00000015,patch_6228,1085.750895,1085.903131,210.6236998,210.623723
6226,3.113,3.112750001,3.113249998,-0.000000072,-0.000000079,patch_6229,1085.903131,1086.055366,210.6236998,210.623712
6227,3.1135,3.113249998,3.113749999,-0.000000025,-0.000000027,patch_6230,1086.055366,1086.207602,210.6236998,210.623704
6228,3.114,3.113749999,3.11425,-0.000000001,-0.000000001,patch_6231,1086.207602,1086.359838,210.6236998,210.6237
6229,3.1145,3.11425,3.11475,-0.000000007,-0.000000008,patch_6232,1086.359838,1086.512074,210.6236998,210.623701
6230,3.115,3.11475,3.115250001,-0.000000037,-0.00000004,patch_6233,1086.512074,1086.66431,210.6236998,210.623706
6231,3.1155,3.115250001,3.115749998,-0.000000078,-0.000000085,patch_6234,1086.66431,1086.816545,210.6236998,210.623713
6232,3.116,3.115749998,3.116249999,-0.000000113,-0.000000124,patch_6235,1086.816545,1086.968781,210.6236998,210.623719
6233,3.1165,3.116249999,3.11675,-0.000000131,-0.000000143,patch_6236,1086.968781,1087.121017,210.6236998,210.623722
6234,3.117,3.11675,3.11725,-0.000000119,-0.00000013,patch_6237,1087.121017,1087.273253,210.6236998,210.62372
6235,3.1175,3.11725,3.117750001,-0.000000066,-0.000000072,patch_6238,1087.273253,1087.425489,210.6236998,210.623711
6236,3.118,3.117750001,3.118249998,0.000000034,0.000000037,patch_6239,1087.425489,1087.577724,210.6236998,210.623694
6237,3.1185,3.118249998,3.118749999,0.000000187,0.000000205,patch_6240,1087.577724,1087.72996,210.6236998,210.623668
6238,3.119,3.118749999,3.11925,0.000000364,0.000000398,patch_6241,1087.72996,1087.882196,210.6236998,210.623638
6239,3.1195,3.11925,3.11975,0.000000517,0.000000566,patch_6242,1087.882196,1088.034432,210.6236998,210.623612
6240,3.12,3.11975,3.120250001,0.000000623,0.000000682,patch_6243,1088.034432,1088.186668,210.6236998,210.623594
6241,3.1205,3.120250001,3.120749999,0.000000641,0.000000701,patch_6244,1088.186668,1088.338903,210.6236998,210.623591
6242,3.121,3.120749999,3.121249999,0.00000054,0.000000592,patch_6245,1088.338903,1088.491139,210.6236998,210.623608
6243,3.1215,3.121249999,3.12175,0.000000287,0.000000315,patch_6246,1088.491139,1088.643375,210.6236998,210.623651
6244,3.122,3.12175,3.122250001,-0.000000148,-0.000000162,patch_6247,1088.643375,1088.795611,210.6236998,210.623725
6245,3.1225,3.122250001,3.122750001,-0.000000755,-0.000000827,patch_6248,1088.795611,1088.947847,210.6236998,210.623828
6246,3.123,3.122750001,3.123249999,-0.000001414,-0.000001549,patch_6249,1088.947847,1089.100082,210.6236998,210.62394
6247,3.1235,3.123249999,3.123749999,-0.000001997,-0.000002187,patch_6250,1089.100082,1089.252318,210.6236998,210.624039
6248,3.124,3.123749999,3.12425,-0.000002386,-0.000002612,patch_6251,1089.252318,1089.404554,210.6236998,210.624105
6249,3.1245,3.12425,3.124750001,-0.00000245,-0.000002683,patch_6252,1089.404554,1089.55679,210.6236998,210.624116
6250,3.125,3.124750001,3.125250001,-0.000002068,-0.000002264,patch_6253,1089.55679,1089.709026,210.6236998,210.624051
6251,3.1255,3.125250001,3.125749999,-0.000001114,-0.00000122,patch_6254,1089.709026,1089.861261,210.6236998,210.623889
6252,3.126,3.125749999,3.126249999,0.000000529,0.000000579,patch_6255,1089.861261,1090.013497,210.6236998,210.62361
6253,3.1265,3.126249999,3.12675,0.00000279,0.000003055,patch_6256,1090.013497,1090.165733,210.6236998,210.623226
6254,3.127,3.12675,3.127250001,0.000005245,0.000005743,patch_6257,1090.165733,1090.317969,210.6236998,210.622809
6255,3.1275,3.127250001,3.127750001,0.000007435,0.000008142,patch_6258,1090.317969,1090.470205,210.6236998,210.622437
6256,3.128,3.127750001,3.128249999,0.000008889,0.000009734,patch_6259,1090.470205,1090.62244,210.6236998,210.62219
6257,3.1285,3.128249999,3.128749999,0.000009148,0.000010018,patch_6260,1090.62244,1090.774676,210.6236998,210.622146
6258,3.129,3.128749999,3.12925,0.000007747,0.000008483,patch_6261,1090.774676,1090.926912,210.6236998,210.622384
6259,3.1295,3.12925,3.129750001,0.000004226,0.000004628,patch_6262,1090.926912,1091.079148,210.6236998,210.622982
6260,3.13,3.129750001,3.130250001,-0.000001868,-0.000002045,patch_6263,1091.079148,1091.231384,210.6236998,210.624017
6261,3.1305,3.130250001,3.130749999,-0.000010287,-0.000011265,patch_6264,1091.231384,1091.383619,210.6236998,210.625447
6262,3.131,3.130749999,3.131249999,-0.00001946,-0.00002131,patch_6265,1091.383619,1091.535855,210.6236998,210.627005
6263,3.1315,3.131249999,3.13175,-0.000027644,-0.000030272,patch_6266,1091.535855,1091.688091,210.6236998,210.628395
6264,3.132,3.13175,3.132250001,-0.000033126,-0.000036274,patch_6267,1091.688091,1091.840327,210.6236998,210.629326
6265,3.1325,3.132250001,3.132750001,-0.000034174,-0.000037422,patch_6268,1091.840327,1091.992563,210.6236998,210.629504
6266,3.133,3.132750001,3.133249999,-0.000029063,-0.000031826,patch_6269,1091.992563,1092.144798,210.6236998,210.628636
6267,3.1335,3.133249999,3.13375,-0.000016057,-0.000017583,patch_6270,1092.144798,1092.297034,210.6236998,210.626427
6268,3.134,3.13375,3.13425,0.00000654,0.000007162,patch_6271,1092.297034,1092.44927,210.6236998,210.622589
6269,3.1345,3.13425,3.134750001,0.000037881,0.000041481,patch_6272,1092.44927,1092.601506,210.6236998,210.617266
6270,3.135,3.134750001,3.135249998,0.000072107,0.00007896,patch_6273,1092.601506,1092.753741,210.6236998,210.611453
6271,3.1355,3.135249998,3.135749999,0.00010277,0.000112538,patch_6274,1092.753741,1092.905977,210.6236998,210.606245
6272,3.136,3.135749999,3.13625,0.000123425,0.000135155,patch_6275,1092.905977,1093.058213,210.6236998,210.602737
6273,3.1365,3.13625,3.13675,0.000127629,0.000139759,patch_6276,1093.058213,1093.210449,210.6236998,210.602023
6274,3.137,3.13675,3.137250001,0.000108935,0.000119288,patch_6277,1093.210449,1093.362685,210.6236998,210.605198
6275,3.1375,3.137250001,3.137749998,0.000060896,0.000066684,patch_6278,1093.362685,1093.51492,210.6236998,210.613357
6276,3.138,3.137749998,3.138249999,-0.000022863,-0.000025037,patch_6279,1093.51492,1093.667156,210.6236998,210.627583
6277,3.1385,3.138249999,3.13875,-0.000139489,-0.000152747,patch_6280,1093.667156,1093.819392,210.6236998,210.647391
6278,3.139,3.13875,3.13925,-0.000267236,-0.000292636,patch_6281,1093.819392,1093.971628,210.6236998,210.669088
6279,3.1395,3.13925,3.139750001,-0.000382054,-0.000418366,patch_6282,1093.971628,1094.123864,210.6236998,210.688589
6280,3.14,3.139750001,3.140249998,-0.000459879,-0.000503588,patch_6283,1094.123864,1094.276099,210.6236998,210.701807
6281,3.1405,3.140249998,3.140749999,-0.000476671,-0.000521976,patch_6284,1094.276099,1094.428335,210.6236998,210.704659
6282,3.141,3.140749999,3.14125,-0.000408367,-0.00044718,patch_6285,1094.428335,1094.580571,210.6236998,210.693058
6283,3.1415,3.14125,3.14175,-0.000230915,-0.000252862,patch_6286,1094.580571,1094.732807,210.6236998,210.662919
6284,3.142,3.14175,3.142250001,0.000079549,0.000087109,patch_6287,1094.732807,1094.885043,210.6236998,210.610189
6285,3.1425,3.142250001,3.142749999,0.000513503,0.000562308,patch_6288,1094.885043,1095.037278,210.6236998,210.536485
6286,3.143,3.142749999,3.143249999,0.000990302,0.001084425,patch_6289,1095.037278,1095.189514,210.6236998,210.455504
6287,3.1435,3.143249999,3.14375,0.001420187,0.001555169,patch_6290,1095.189514,1095.34175,210.6236998,210.382491
6288,3.144,3.14375,3.144250001,0.001713388,0.001876236,patch_6291,1095.34175,1095.493986,210.6236998,210.332693
6289,3.1445,3.144250001,3.144750001,0.001780126,0.001949317,patch_6292,1095.493986,1095.646222,210.6236998,210.321358
6290,3.145,3.144750001,3.145249999,0.001530648,0.001676128,patch_6293,1095.646222,1095.798457,210.6236998,210.36373
6291,3.1455,3.145249999,3.145749999,0.000875172,0.000958353,patch_6294,1095.798457,1095.950693,210.6236998,210.475058
6292,3.146,3.145749999,3.14625,-0.000275397,-0.000301572,patch_6295,1095.950693,1096.102929,210.6236998,210.670474
6293,3.1465,3.14625,3.146750001,-0.001871984,-0.002049906,patch_6296,1096.102929,1096.255165,210.6236998,210.941643
6294,3.147,3.146750001,3.147250001,-0.003558383,-0.003896588,patch_6297,1096.255165,1096.407401,210.6236998,211.228066
6295,3.1475,3.147250001,3.147749999,-0.004937045,-0.005406284,patch_6298,1096.407401,1096.559636,210.6236998,211.462222
6296,3.148,3.147749999,3.148249999,-0.005610414,-0.006143654,patch_6299,1096.559636,1096.711872,210.6236998,211.576589
6297,3.1485,3.148249999,3.14875,-0.005180917,-0.005673336,patch_6300,1096.711872,1096.864108,210.6236998,211.503642
6298,3.149,3.14875,3.149250001,-0.003250999,-0.003559989,patch_6301,1096.864108,1097.016344,210.6236998,211.175859
6299,3.1495,3.149250001,3.149750001,0.000576897,0.000631727,patch_6302,1097.016344,1097.16858,210.6236998,210.525718
6300,3.15,3.149750001,3.150249999,0.006699553,0.00733631,patch_6303,1097.16858,1097.320815,210.6236998,209.485828
6301,3.1505,3.150249999,3.150749999,0.015316368,0.016772106,patch_6304,1097.320815,1097.473051,210.6236998,208.022323
6302,3.151,3.150749999,3.15125,0.026169112,0.028656345,patch_6305,1097.473051,1097.625287,210.6236998,206.179061
6303,3.1515,3.15125,3.151750001,0.038934907,0.04263546,patch_6306,1097.625287,1097.777523,210.6236998,204.010881
6304,3.152,3.151750001,3.152250001,0.053290853,0.058355861,patch_6307,1097.777523,1097.929759,210.6236998,201.572625
6305,3.1525,3.152250001,3.152749999,0.068914053,0.075463962,patch_6308,1097.929759,1098.081994,210.6236998,198.919135
6306,3.153,3.152749999,3.153249999,0.085481642,0.093606211,patch_6309,1098.081994,1098.23423,210.6236998,196.105247
6307,3.1535,3.153249999,3.15375,0.102670682,0.112428977,patch_6310,1098.23423,1098.386466,210.6236998,193.18581
6308,3.154,3.15375,3.154250001,0.120158393,0.1315788,patch_6311,1098.386466,1098.538702,210.6236998,190.215646
6309,3.1545,3.154250001,3.154750001,0.137640415,0.150722394,patch_6312,1098.538702,1098.690938,210.6236998,187.246448
6310,3.155,3.154750001,3.155249999,0.154857216,0.16957556,patch_6313,1098.690938,1098.843173,210.6236998,184.322296
6311,3.1555,3.155249999,3.15575,0.171555921,0.187861386,patch_6314,1098.843173,1098.995409,210.6236998,181.486139
6312,3.156,3.15575,3.15625,0.187483578,0.205302881,patch_6315,1098.995409,1099.147645,210.6236998,178.780939
6313,3.1565,3.15625,3.156750001,0.202387319,0.221623142,patch_6316,1099.147645,1099.299881,210.6236998,176.249644
6314,3.157,3.156750001,3.157249998,0.21601425,0.23654524,patch_6317,1099.299881,1099.452116,210.6236998,173.935206
6315,3.1575,3.157249998,3.157749999,0.228111415,0.249792175,patch_6318,1099.452116,1099.604352,210.6236998,171.880588
6316,3.158,3.157749999,3.15825,0.238426175,0.261087297,patch_6319,1099.604352,1099.756588,210.6236998,170.128699
6317,3.1585,3.15825,3.15875,0.246787247,0.270243044,patch_6320,1099.756588,1099.908824,210.6236998,168.70863
6318,3.159,3.15875,3.159250001,0.253229111,0.277297172,patch_6321,1099.908824,1100.06106,210.6236998,167.614525
6319,3.1595,3.159250001,3.159749998,0.257818133,0.282322356,patch_6322,1100.06106,1100.213295,210.6236998,166.835112
6320,3.16,3.159749998,3.160249999,0.26062074,0.285391336,patch_6323,1100.213295,1100.365531,210.6236998,166.359109
6321,3.1605,3.160249999,3.16075,0.26170334,0.286576831,patch_6324,1100.365531,1100.517767,210.6236998,166.175237
6322,3.161,3.16075,3.16125,0.26113233,0.28595155,patch_6325,1100.517767,1100.670003,210.6236998,166.272219
6323,3.1615,3.16125,3.161750001,0.258974101,0.283588192,patch_6326,1100.670003,1100.822239,210.6236998,166.638779
6324,3.162,3.161750001,3.162249998,0.255295302,0.279559744,patch_6327,1100.822239,1100.974474,210.6236998,167.263597
6325,3.1625,3.162249998,3.162749999,0.250301417,0.274091217,patch_6328,1100.974474,1101.12671,210.6236998,168.111773
6326,3.163,3.162749999,3.16325,0.244563486,0.267807927,patch_6329,1101.12671,1101.278946,210.6236998,169.08632
6327,3.1635,3.16325,3.16375,0.238712263,0.261400576,patch_6330,1101.278946,1101.431182,210.6236998,170.080109
6328,3.164,3.16375,3.164250001,0.233378382,0.255559738,patch_6331,1101.431182,1101.583418,210.6236998,170.986031
6329,3.1645,3.164250001,3.164749999,0.229192567,0.250976085,patch_6332,1101.583418,1101.735653,210.6236998,171.696962
6330,3.165,3.164749999,3.165249999,0.226785449,0.248340183,patch_6333,1101.735653,1101.887889,210.6236998,172.105794
6331,3.1655,3.165249999,3.16575,0.226787745,0.248342698,patch_6334,1101.887889,1102.040125,210.6236998,172.105404
6332,3.166,3.16575,3.166250001,0.229829679,0.251673751,patch_6335,1102.040125,1102.192361,210.6236998,171.588753
6333,3.1665,3.166250001,3.166750001,0.236211658,0.258662303,patch_6336,1102.192361,1102.344597,210.6236998,170.504819
6334,3.167,3.166750001,3.167249999,0.245326474,0.268643432,patch_6337,1102.344597,1102.496832,210.6236998,168.956732
6335,3.1675,3.167249999,3.167749999,0.256411939,0.280782512,patch_6338,1102.496832,1102.649068,210.6236998,167.073944
6336,3.168,3.167749999,3.16825,0.268705933,0.294244983,patch_6339,1102.649068,1102.801304,210.6236998,164.985896
6337,3.1685,3.16825,3.168750001,0.281446363,0.308196323,patch_6340,1102.801304,1102.95354,210.6236998,162.822024
6338,3.169,3.168750001,3.169250001,0.293871102,0.321801965,patch_6341,1102.95354,1103.105776,210.6236998,160.71177
6339,3.1695,3.169250001,3.169749999,0.30521795,0.33422727,patch_6342,1103.105776,1103.258011,210.6236998,158.784588
6340,3.17,3.169749999,3.170249999,0.314725187,0.344638119,patch_6343,1103.258011,1103.410247,210.6236998,157.169851
6341,3.1705,3.170249999,3.17075,0.321919799,0.35251654,patch_6344,1103.410247,1103.562483,210.6236998,155.947897
6342,3.171,3.17075,3.171250001,0.32715967,0.358254432,patch_6345,1103.562483,1103.714719,210.6236998,155.057942
6343,3.1715,3.171250001,3.171750001,0.330950973,0.362406078,patch_6346,1103.714719,1103.866955,210.6236998,154.414016
6344,3.172,3.171750001,3.172249999,0.333800046,0.36552594,patch_6347,1103.866955,1104.01919,210.6236998,153.930121
6345,3.1725,3.172249999,3.172749999,0.33621314,0.368168386,patch_6348,1104.01919,1104.171426,210.6236998,153.520274
6346,3.173,3.172749999,3.17325,0.338696446,0.370887717,patch_6349,1104.171426,1104.323662,210.6236998,153.098502
6347,3.1735,3.17325,3.173750001,0.341756256,0.374238345,patch_6350,1104.323662,1104.475898,210.6236998,152.578815
6348,3.174,3.173750001,3.174250001,0.345898689,0.378774494,patch_6351,1104.475898,1104.628134,210.6236998,151.875252
6349,3.1745,3.174250001,3.174749999,0.351382997,0.384780056,patch_6352,1104.628134,1104.780369,210.6236998,150.943781
6350,3.175,3.174749999,3.175249999,0.357727318,0.39172737,patch_6353,1104.780369,1104.932605,210.6236998,149.866243
6351,3.1755,3.175249999,3.17575,0.364310948,0.398936739,patch_6354,1104.932605,1105.084841,210.6236998,148.74806
6352,3.176,3.17575,3.176250001,0.370513231,0.405728516,patch_6355,1105.084841,1105.237077,210.6236998,147.694646
6353,3.1765,3.176250001,3.176750001,0.375713524,0.411423068,patch_6356,1105.237077,1105.389313,210.6236998,146.811413
6354,3.177,3.176750001,3.177249999,0.379291206,0.41534079,patch_6357,1105.389313,1105.541548,210.6236998,146.203769
6355,3.1775,3.177249999,3.17775,0.380625662,0.416802079,patch_6358,1105.541548,1105.693784,210.6236998,145.977121
6356,3.178,3.17775,3.17825,0.379096296,0.415127355,patch_6359,1105.693784,1105.84602,210.6236998,146.236873
6357,3.1785,3.17825,3.178750001,0.374297857,0.40987285,patch_6360,1105.84602,1105.998256,210.6236998,147.051854
6358,3.179,3.178750001,3.179249998,0.366501448,0.401335434,patch_6361,1105.998256,1106.150491,210.6236998,148.376019
6359,3.1795,3.179249998,3.179749999,0.356110453,0.389956832,patch_6362,1106.150491,1106.302727,210.6236998,150.140856
6360,3.18,3.179749999,3.18025,0.343528299,0.376178811,patch_6363,1106.302727,1106.454963,210.6236998,152.277846
6361,3.1805,3.18025,3.18075,0.329158452,0.360443187,patch_6364,1106.454963,1106.607199,210.6236998,154.718463
6362,3.181,3.18075,3.181250001,0.31340432,0.34319171,patch_6365,1106.607199,1106.759435,210.6236998,157.394191
6363,3.1815,3.181250001,3.181749998,0.296669334,0.324866155,patch_6366,1106.759435,1106.91167,210.6236998,160.23651
6364,3.182,3.181749998,3.182249999,0.279356898,0.305908264,patch_6367,1106.91167,1107.063906,210.6236998,163.176905
6365,3.1825,3.182249999,3.18275,0.261802461,0.286685373,patch_6368,1107.063906,1107.216142,210.6236998,166.158402
6366,3.183,3.18275,3.18325,0.244118422,0.267320562,patch_6369,1107.216142,1107.368378,210.6236998,169.161911
6367,3.1835,3.18325,3.183750001,0.22637142,0.247886802,patch_6370,1107.368378,1107.520614,210.6236998,172.176114
6368,3.184,3.183750001,3.184249998,0.208628055,0.228457027,patch_6371,1107.520614,1107.672849,210.6236998,175.189699
6369,3.1845,3.184249998,3.184749999,0.190955027,0.209104272,patch_6372,1107.672849,1107.825085,210.6236998,178.191338
6370,3.185,3.184749999,3.18525,0.173418907,0.189901439,patch_6373,1107.825085,1107.977321,210.6236998,181.169724
6371,3.1855,3.18525,3.18575,0.156086381,0.17092155,patch_6374,1107.977321,1108.129557,210.6236998,184.113531
6372,3.186,3.18575,3.186250001,0.139024105,0.152237597,patch_6375,1108.129557,1108.281793,210.6236998,187.011438
6373,3.1865,3.186250001,3.186749999,0.122319224,0.133945007,patch_6376,1108.281793,1108.434028,210.6236998,189.848644
6374,3.187,3.186749999,3.187249999,0.106129472,0.116216506,patch_6377,1108.434028,1108.586264,210.6236998,192.598359
6375,3.1875,3.187249999,3.18775,0.090627632,0.0992413,patch_6378,1108.586264,1108.7385,210.6236998,195.231237
6376,3.188,3.18775,3.188250001,0.075986505,0.083208612,patch_6379,1108.7385,1108.890736,210.6236998,197.717929
6377,3.1885,3.188250001,3.188750001,0.062378915,0.068307694,patch_6380,1108.890736,1109.042972,210.6236998,200.029082
6378,3.189,3.188750001,3.189249999,0.049977669,0.054727776,patch_6381,1109.042972,1109.195207,210.6236998,202.135346
6379,3.1895,3.189249999,3.189749999,0.038955579,0.042658097,patch_6382,1109.195207,1109.347443,210.6236998,204.00737
6380,3.19,3.189749999,3.19025,0.029485435,0.032287867,patch_6383,1109.347443,1109.499679,210.6236998,205.615807
6381,3.1905,3.19025,3.190750001,0.021675043,0.023735138,patch_6384,1109.499679,1109.651915,210.6236998,206.942347
6382,3.191,3.190750001,3.191250001,0.015398726,0.016862292,patch_6385,1109.651915,1109.804151,210.6236998,208.008335
6383,3.1915,3.191250001,3.191749999,0.010478457,0.011474377,patch_6386,1109.804151,1109.956386,210.6236998,208.844008
6384,3.192,3.191749999,3.192249999,0.006736193,0.007376432,patch_6387,1109.956386,1110.108622,210.6236998,209.479605
6385,3.1925,3.192249999,3.19275,0.003993907,0.004373506,patch_6388,1110.108622,1110.260858,210.6236998,209.945363
6386,3.193,3.19275,3.193250001,0.002073556,0.002270636,patch_6389,1110.260858,1110.413094,210.6236998,210.271521
6387,3.1935,3.193250001,3.193750001,0.000797106,0.000872866,patch_6390,1110.413094,1110.56533,210.6236998,210.488317
6388,3.194,3.193750001,3.194249999,-0.000013467,-0.000014746,patch_6391,1110.56533,1110.717565,210.6236998,210.625987
6389,3.1945,3.194249999,3.194749999,-0.000513334,-0.000562124,patch_6392,1110.717565,1110.869801,210.6236998,210.710886
6390,3.195,3.194749999,3.19525,-0.000771726,-0.000845074,patch_6393,1110.869801,1111.022037,210.6236998,210.754772
6391,3.1955,3.19525,3.195750001,-0.000837722,-0.000917343,patch_6394,1111.022037,1111.174273,210.6236998,210.765981
6392,3.196,3.195750001,3.196250001,-0.000760386,-0.000832657,patch_6395,1111.174273,1111.326509,210.6236998,210.752846
6393,3.1965,3.196250001,3.196749999,-0.000588804,-0.000644767,patch_6396,1111.326509,1111.478744,210.6236998,210.723704
6394,3.197,3.196749999,3.197249999,-0.000372045,-0.000407406,patch_6397,1111.478744,1111.63098,210.6236998,210.686889
6395,3.1975,3.197249999,3.19775,-0.000159184,-0.000174313,patch_6398,1111.63098,1111.783216,210.6236998,210.650736
6396,3.198,3.19775,3.198250001,0.000000705,0.000000772,patch_6399,1111.783216,1111.935452,210.6236998,210.62358
6397,3.1985,3.198250001,3.198750001,0.000071471,0.000078264,patch_6400,1111.935452,1112.087688,210.6236998,210.611561
6398,3.199,3.198750001,3.199249999,0.00006775,0.000074189,patch_6401,1112.087688,1112.239923,210.6236998,210.612193
6399,3.1995,3.199249999,3.19975,0.000016626,0.000018206,patch_6402,1112.239923,1112.392159,210.6236998,210.620876
6400,3.2,3.19975,3.20025,-0.000054793,-0.000060001,patch_6403,1112.392159,1112.544395,210.6236998,210.633006
6401,3.2005,3.20025,3.200750001,-0.000119417,-0.000130767,patch_6404,1112.544395,1112.696631,210.6236998,210.643982
6402,3.201,3.200750001,3.201249998,-0.000150146,-0.000164416,patch_6405,1112.696631,1112.848866,210.6236998,210.649201
6403,3.2015,3.201249998,3.201749999,-0.000119894,-0.00013129,patch_6406,1112.848866,1113.001102,210.6236998,210.644063
6404,3.202,3.201749999,3.20225,-0.000001556,-0.000001703,patch_6407,1113.001102,1113.153338,210.6236998,210.623964
6405,3.2025,3.20225,3.20275,0.000217953,0.000238668,patch_6408,1113.153338,1113.305574,210.6236998,210.586682
6406,3.203,3.20275,3.203250001,0.000494108,0.000541071,patch_6409,1113.305574,1113.45781,210.6236998,210.539779
6407,3.2035,3.203250001,3.203749998,0.000767602,0.000840559,patch_6410,1113.45781,1113.610045,210.6236998,210.493328
6408,3.204,3.203749998,3.204249999,0.000979121,0.001072181,patch_6411,1113.610045,1113.762281,210.6236998,210.457403
6409,3.2045,3.204249999,3.20475,0.001069363,0.001171001,patch_6412,1113.762281,1113.914517,210.6236998,210.442076
6410,3.205,3.20475,3.20525,0.000979015,0.001072065,patch_6413,1113.914517,1114.066753,210.6236998,210.457421
6411,3.2055,3.20525,3.205750001,0.000648769,0.000710431,patch_6414,1114.066753,1114.218989,210.6236998,210.513511
6412,3.206,3.205750001,3.206249998,0.000019311,0.000021146,patch_6415,1114.218989,1114.371224,210.6236998,210.62042
6413,3.2065,3.206249998,3.206749999,-0.000926916,-0.001015015,patch_6416,1114.371224,1114.52346,210.6236998,210.78113
6414,3.207,3.206749999,3.20725,-0.002028004,-0.002220755,patch_6417,1114.52346,1114.675696,210.6236998,210.968142
6415,3.2075,3.20725,3.20775,-0.003073806,-0.003365955,patch_6418,1114.675696,1114.827932,210.6236998,211.145764
6416,3.208,3.20775,3.208250001,-0.003854174,-0.004220492,patch_6419,1114.827932,1114.980168,210.6236998,211.278304
6417,3.2085,3.208250001,3.208749998,-0.004158967,-0.004554255,patch_6420,1114.980168,1115.132403,210.6236998,211.330071
6418,3.209,3.208749998,3.209249999,-0.003778045,-0.004137128,patch_6421,1115.132403,1115.284639,210.6236998,211.265374
6419,3.2095,3.209249999,3.20975,-0.002501259,-0.00273899,patch_6422,1115.284639,1115.436875,210.6236998,211.048521
6420,3.21,3.20975,3.210250001,-0.000118469,-0.000129729,patch_6423,1115.436875,1115.589111,210.6236998,210.643821
6421,3.2105,3.210250001,3.210750001,0.00350207,0.003834923,patch_6424,1115.589111,1115.741347,210.6236998,210.028898
6422,3.211,3.210750001,3.211249999,0.008139472,0.008913085,patch_6425,1115.741347,1115.893582,210.6236998,209.241268
6423,3.2115,3.211249999,3.211749999,0.013473753,0.014754361,patch_6426,1115.893582,1116.045818,210.6236998,208.335278
6424,3.212,3.211749999,3.21225,0.019184924,0.021008348,patch_6427,1116.045818,1116.198054,210.6236998,207.365276
6425,3.2125,3.21225,3.212750001,0.024952983,0.027324629,patch_6428,1116.198054,1116.35029,210.6236998,206.385612
6426,3.213,3.212750001,3.213250001,0.03045794,0.033352803,patch_6429,1116.35029,1116.502526,210.6236998,205.450634
6427,3.2135,3.213250001,3.213749999,0.035379805,0.038742464,patch_6430,1116.502526,1116.654761,210.6236998,204.61469
6428,3.214,3.213749999,3.214249999,0.039398571,0.043143192,patch_6431,1116.654761,1116.806997,210.6236998,203.932131
6429,3.2145,3.214249999,3.21475,0.042290054,0.046309496,patch_6432,1116.806997,1116.959233,210.6236998,203.441033
6430,3.215,3.21475,3.215250001,0.044280835,0.048489489,patch_6433,1116.959233,1117.111469,210.6236998,203.102913
6431,3.2155,3.215250001,3.215750001,0.045730021,0.050076412,patch_6434,1117.111469,1117.263705,210.6236998,202.856779
6432,3.216,3.215750001,3.216249999,0.04699672,0.051463505,patch_6435,1117.263705,1117.41594,210.6236998,202.641639
6433,3.2165,3.216249999,3.216749999,0.048440048,0.053044013,patch_6436,1117.41594,1117.568176,210.6236998,202.3965
6434,3.217,3.216749999,3.21725,0.050419118,0.055211183,patch_6437,1117.568176,1117.720412,210.6236998,202.060369
6435,3.2175,3.21725,3.217750001,0.053293043,0.05835826,patch_6438,1117.720412,1117.872648,210.6236998,201.572253
6436,3.218,3.217750001,3.218250001,0.05742094,0.06287849,patch_6439,1117.872648,1118.024884,210.6236998,200.871159
6437,3.2185,3.218250001,3.218749999,0.063077472,0.069072645,patch_6440,1118.024884,1118.177119,210.6236998,199.910437
6438,3.219,3.218749999,3.219249999,0.070121433,0.076786097,patch_6441,1118.177119,1118.329355,210.6236998,198.71407
6439,3.2195,3.219249999,3.21975,0.078283839,0.085724296,patch_6442,1118.329355,1118.481591,210.6236998,197.327743
6440,3.22,3.21975,3.220250001,0.087295606,0.095592583,patch_6443,1118.481591,1118.633827,210.6236998,195.797158
6441,3.2205,3.220250001,3.220750001,0.096887716,0.106096371,patch_6444,1118.633827,1118.786063,210.6236998,194.168006
6442,3.221,3.220750001,3.221249999,0.106791125,0.116941045,patch_6445,1118.786063,1118.938298,210.6236998,192.485982
6443,3.2215,3.221249999,3.22175,0.116736772,0.127831973,patch_6446,1118.938298,1119.090534,210.6236998,190.796784
6444,3.222,3.22175,3.22225,0.126455634,0.13847456,patch_6447,1119.090534,1119.24277,210.6236998,189.146104
6445,3.2225,3.22225,3.222750001,0.135663165,0.148557217,patch_6448,1119.24277,1119.395006,210.6236998,187.58227
6446,3.223,3.222750001,3.223249998,0.143994822,0.157680753,patch_6449,1119.395006,1119.547241,210.6236998,186.167197
6447,3.2235,3.223249998,3.223749999,0.151060444,0.165417924,patch_6450,1119.547241,1119.699477,210.6236998,184.967151
6448,3.224,3.223749999,3.22425,0.156469848,0.171341463,patch_6451,1119.699477,1119.851713,210.6236998,184.048402
6449,3.2245,3.22425,3.22475,0.159832802,0.175024048,patch_6452,1119.851713,1120.003949,210.6236998,183.477228
6450,3.225,3.22475,3.225250001,0.160759181,0.176038474,patch_6453,1120.003949,1120.156185,210.6236998,183.319889
6451,3.2255,3.225250001,3.225749998,0.158858713,0.173957378,patch_6454,1120.156185,1120.30842,210.6236998,183.64267
6452,3.226,3.225749998,3.226249999,0.153741226,0.168353501,patch_6455,1120.30842,1120.460656,210.6236998,184.511839
6453,3.2265,3.226249999,3.22675,0.145156412,0.158952747,patch_6456,1120.460656,1120.612892,210.6236998,185.969909
6454,3.227,3.22675,3.22725,0.133608802,0.146307598,patch_6457,1120.612892,1120.765128,210.6236998,187.931189
6455,3.2275,3.22725,3.227750001,0.119856378,0.131248081,patch_6458,1120.765128,1120.917364,210.6236998,190.266941
6456,3.228,3.227750001,3.228249998,0.104657259,0.114604367,patch_6459,1120.917364,1121.069599,210.6236998,192.848404
6457,3.2285,3.228249998,3.228749999,0.088769603,0.097206676,patch_6460,1121.069599,1121.221835,210.6236998,195.54681
6458,3.229,3.228749999,3.22925,0.072951565,0.079885218,patch_6461,1121.221835,1121.374071,210.6236998,198.233392
6459,3.2295,3.22925,3.22975,0.057961286,0.063470194,patch_6462,1121.374071,1121.526307,210.6236998,200.779385
6460,3.23,3.22975,3.230250001,0.044556907,0.048791801,patch_6463,1121.526307,1121.678543,210.6236998,203.056024
6461,3.2305,3.230250001,3.230749998,0.033375883,0.03654808,patch_6464,1121.678543,1121.830778,210.6236998,204.955042
6462,3.231,3.230749998,3.231249999,0.024373771,0.026690367,patch_6465,1121.830778,1121.983014,210.6236998,206.483987
6463,3.2315,3.231249999,3.23175,0.017266911,0.018908038,patch_6466,1121.983014,1122.13525,210.6236998,207.691037
6464,3.232,3.23175,3.232250001,0.011771381,0.012890187,patch_6467,1122.13525,1122.287486,210.6236998,208.624414
6465,3.2325,3.232250001,3.232750001,0.007603265,0.008325914,patch_6468,1122.287486,1122.439722,210.6236998,209.332339
6466,3.233,3.232750001,3.233249999,0.004478643,0.004904313,patch_6469,1122.439722,1122.591957,210.6236998,209.863034
6467,3.2335,3.233249999,3.233749999,0.002113599,0.002314485,patch_6470,1122.591957,1122.744193,210.6236998,210.26472
6468,3.234,3.233749999,3.23425,0.000224212,0.000245522,patch_6471,1122.744193,1122.896429,210.6236998,210.585619
6469,3.2345,3.23425,3.234750001,-0.001415586,-0.001550129,patch_6472,1122.896429,1123.048665,210.6236998,210.864127
6470,3.235,3.234750001,3.235250001,-0.002689533,-0.002945159,patch_6473,1123.048665,1123.200901,210.6236998,211.080498
6471,3.2355,3.235250001,3.235749999,-0.003355943,-0.003674907,patch_6474,1123.200901,1123.353136,210.6236998,211.193683
6472,3.236,3.235749999,3.236249999,-0.003172933,-0.003474503,patch_6475,1123.353136,1123.505372,210.6236998,211.1626
6473,3.2365,3.236249999,3.23675,-0.001898626,-0.00207908,patch_6476,1123.505372,1123.657608,210.6236998,210.946168
6474,3.237,3.23675,3.237250001,0.000708866,0.000776239,patch_6477,1123.657608,1123.809844,210.6236998,210.503304
6475,3.2375,3.237250001,3.237750001,0.004891424,0.005356327,patch_6478,1123.809844,1123.96208,210.6236998,209.792926
6476,3.238,3.237750001,3.238249999,0.010890926,0.01192605,patch_6479,1123.96208,1124.114315,210.6236998,208.773953
6477,3.2385,3.238249999,3.238749999,0.018890617,0.020686068,patch_6480,1124.114315,1124.266551,210.6236998,207.415262
6478,3.239,3.238749999,3.23925,0.028710195,0.031438945,patch_6481,1124.266551,1124.418787,210.6236998,205.747476
6479,3.2395,3.23925,3.239750001,0.04003026,0.043834921,patch_6482,1124.418787,1124.571023,210.6236998,203.824843
6480,3.24,3.239750001,3.240250001,0.052531145,0.057523947,patch_6483,1124.571023,1124.723259,210.6236998,201.701656
6481,3.2405,3.240250001,3.240749999,0.06589315,0.072155938,patch_6484,1124.723259,1124.875494,210.6236998,199.432214
6482,3.241,3.240749999,3.241249999,0.079796601,0.087380838,patch_6485,1124.875494,1125.02773,210.6236998,197.070811
6483,3.2415,3.241249999,3.24175,0.093921823,0.102848585,patch_6486,1125.02773,1125.179966,210.6236998,194.671742
6484,3.242,3.24175,3.242250001,0.107949118,0.1182091,patch_6487,1125.179966,1125.332202,210.6236998,192.289305
6485,3.2425,3.242250001,3.242750001,0.121603175,0.1331609,patch_6488,1125.332202,1125.484438,210.6236998,189.97026
6486,3.243,3.242750001,3.243249999,0.134896692,0.147717895,patch_6489,1125.484438,1125.636673,210.6236998,187.71245
6487,3.2435,3.243249999,3.24375,0.14795753,0.162020095,patch_6490,1125.636673,1125.788909,210.6236998,185.494159
6488,3.244,3.24375,3.24425,0.160913777,0.176207764,patch_6491,1125.788909,1125.941145,210.6236998,183.293632
6489,3.2445,3.24425,3.244750001,0.17389354,0.190421183,patch_6492,1125.941145,1126.093381,210.6236998,181.089111
6490,3.245,3.244750001,3.245249998,0.187024996,0.204800713,patch_6493,1126.093381,1126.245616,210.6236998,178.858826
6491,3.2455,3.245249998,3.245749999,0.200436187,0.219486565,patch_6494,1126.245616,1126.397852,210.6236998,176.58103
6492,3.246,3.245749999,3.24625,0.214255284,0.234619093,patch_6495,1126.397852,1126.550088,210.6236998,174.233954
6493,3.2465,3.24625,3.24675,0.228569568,0.250293873,patch_6496,1126.550088,1126.702324,210.6236998,171.802774
6494,3.247,3.24675,3.247250001,0.243188363,0.266302105,patch_6497,1126.702324,1126.85456,210.6236998,169.319875
6495,3.2475,3.247250001,3.247749998,0.257805021,0.282307998,patch_6498,1126.85456,1127.006795,210.6236998,166.837339
6496,3.248,3.247749998,3.248249999,0.272112546,0.297975376,patch_6499,1127.006795,1127.159031,210.6236998,164.407307
6497,3.2485,3.248249999,3.24875,0.285803942,0.312968066,patch_6500,1127.159031,1127.311267,210.6236998,162.08192
6498,3.249,3.24875,3.24925,0.29857221,0.326949888,patch_6501,1127.311267,1127.463503,210.6236998,159.91332
6499,3.2495,3.24925,3.249750001,0.310110388,0.339584708,patch_6502,1127.463503,1127.615739,210.6236998,157.953642
6500,3.25,3.249750001,3.250249998,0.320111364,0.350536222,patch_6503,1127.615739,1127.767974,210.6236998,156.255047
6501,3.2505,3.250249998,3.250749999,0.328347084,0.359554704,patch_6504,1127.767974,1127.92021,210.6236998,154.856268
6502,3.251,3.250749999,3.25125,0.335152537,0.367006978,patch_6505,1127.92021,1128.072446,210.6236998,153.70041
6503,3.2515,3.25125,3.25175,0.341107845,0.373528306,patch_6506,1128.072446,1128.224682,210.6236998,152.688943
6504,3.252,3.25175,3.252250001,0.34679404,0.379754943,patch_6507,1128.224682,1128.376918,210.6236998,151.723183
6505,3.2525,3.252250001,3.252749998,0.352792264,0.386323266,patch_6508,1128.376918,1128.529153,210.6236998,150.704427
6506,3.253,3.252749998,3.253249999,0.359683513,0.393869492,patch_6509,1128.529153,1128.681389,210.6236998,149.533997
6507,3.2535,3.253249999,3.25375,0.368048878,0.403029939,patch_6510,1128.681389,1128.833625,210.6236998,148.113199
6508,3.254,3.25375,3.254250001,0.378469494,0.414440978,patch_6511,1128.833625,1128.985861,210.6236998,146.343331
6509,3.2545,3.254250001,3.254750001,0.391420212,0.428622593,patch_6512,1128.985861,1129.138097,210.6236998,144.143743
6510,3.255,3.254750001,3.255249999,0.40658036,0.445223631,patch_6513,1129.138097,1129.290332,210.6236998,141.568899
6511,3.2555,3.255249999,3.255749999,0.423268137,0.463497491,patch_6514,1129.290332,1129.442568,210.6236998,138.734598
6512,3.256,3.255749999,3.25625,0.440799918,0.482695573,patch_6515,1129.442568,1129.594804,210.6236998,135.756949
6513,3.2565,3.25625,3.256750001,0.458492188,0.502069397,patch_6516,1129.594804,1129.74704,210.6236998,132.752042
6514,3.257,3.256750001,3.257250001,0.475661274,0.520870313,patch_6517,1129.74704,1129.899276,210.6236998,129.835994
6515,3.2575,3.257250001,3.257749999,0.491623728,0.538349912,patch_6518,1129.899276,1130.051511,210.6236998,127.124884
6516,3.258,3.257749999,3.258249999,0.505695818,0.553759478,patch_6519,1130.051511,1130.203747,210.6236998,124.734839
6517,3.2585,3.258249999,3.25875,0.517252383,0.566414433,patch_6520,1130.203747,1130.355983,210.6236998,122.772038
6518,3.259,3.25875,3.259250001,0.526126859,0.57613238,patch_6521,1130.355983,1130.508219,210.6236998,121.264771
6519,3.2595,3.259250001,3.259750001,0.532370027,0.582968928,patch_6522,1130.508219,1130.660455,210.6236998,120.204413
6520,3.26,3.259750001,3.260249999,0.536033807,0.586980929,patch_6523,1130.660455,1130.81269,210.6236998,119.582146
6521,3.2605,3.260249999,3.260749999,0.537170109,0.588225231,patch_6524,1130.81269,1130.964926,210.6236998,119.389153
6522,3.261,3.260749999,3.26125,0.535830913,0.586758752,patch_6525,1130.964926,1131.117162,210.6236998,119.616606
6523,3.2615,3.26125,3.261750001,0.532068313,0.582638537,patch_6526,1131.117162,1131.269398,210.6236998,120.255657
6524,3.262,3.261750001,3.262250001,0.525934099,0.575921299,patch_6527,1131.269398,1131.421634,210.6236998,121.29751
6525,3.2625,3.262250001,3.262749999,0.517509221,0.566695681,patch_6528,1131.421634,1131.573869,210.6236998,122.728416
6526,3.263,3.262749999,3.263249999,0.50711381,0.555312243,patch_6529,1131.573869,1131.726105,210.6236998,124.494003
6527,3.2635,3.263249999,3.26375,0.495185878,0.542250625,patch_6530,1131.726105,1131.878341,210.6236998,126.519878
6528,3.264,3.26375,3.264250001,0.48216417,0.527991275,patch_6531,1131.878341,1132.030577,210.6236998,128.731523
6529,3.2645,3.264250001,3.264750001,0.46848777,0.513015006,patch_6532,1132.030577,1132.182813,210.6236998,131.054363
6530,3.265,3.264750001,3.265249999,0.454595505,0.497802356,patch_6533,1132.182813,1132.335048,210.6236998,133.413866
6531,3.2655,3.265249999,3.26575,0.440926252,0.482833914,patch_6534,1132.335048,1132.487284,210.6236998,135.735492
6532,3.266,3.26575,3.26625,0.427918852,0.468590231,patch_6535,1132.487284,1132.63952,210.6236998,137.944707
6533,3.2665,3.26625,3.266750001,0.415952949,0.455487034,patch_6536,1132.63952,1132.791756,210.6236998,139.977031
6534,3.267,3.266750001,3.267249998,0.404893725,0.443376691,patch_6537,1132.791756,1132.943991,210.6236998,141.855362
6535,3.2675,3.267249998,3.267749999,0.394341588,0.431821629,patch_6538,1132.943991,1133.096227,210.6236998,143.647568
6536,3.268,3.267749999,3.26825,0.383894859,0.420381995,patch_6539,1133.096227,1133.248463,210.6236998,145.421871
6537,3.2685,3.26825,3.26875,0.373151957,0.408618038,patch_6540,1133.248463,1133.400699,210.6236998,147.246477
6538,3.269,3.26875,3.269250001,0.361711051,0.396089736,patch_6541,1133.400699,1133.552935,210.6236998,149.189634
6539,3.2695,3.269250001,3.269749998,0.349170594,0.382357376,patch_6542,1133.552935,1133.70517,210.6236998,151.319542
6540,3.27,3.269749998,3.270249999,0.335128874,0.366981066,patch_6543,1133.70517,1133.857406,210.6236998,153.704429
6541,3.2705,3.270249999,3.27075,0.319277793,0.349623426,patch_6544,1133.857406,1134.009642,210.6236998,156.396623
6542,3.271,3.27075,3.27125,0.302164912,0.330884057,patch_6545,1134.009642,1134.161878,210.6236998,159.303125
6543,3.2715,3.27125,3.271750001,0.284796323,0.311864678,patch_6546,1134.161878,1134.314114,210.6236998,162.253057
6544,3.272,3.271750001,3.272249998,0.268182338,0.293671623,patch_6547,1134.314114,1134.466349,210.6236998,165.074825
6545,3.2725,3.272249998,3.272749999,0.25333333,0.277411297,patch_6548,1134.466349,1134.618585,210.6236998,167.596824
6546,3.273,3.272749999,3.27325,0.241259663,0.264190093,patch_6549,1134.618585,1134.770821,210.6236998,169.647451
6547,3.2735,3.27325,3.27375,0.232971724,0.25511443,patch_6550,1134.770821,1134.923057,210.6236998,171.055099
6548,3.274,3.27375,3.274250001,0.229479815,0.251290634,patch_6551,1134.923057,1135.075293,210.6236998,171.648175
6549,3.2745,3.274250001,3.274749998,0.231650214,0.253667318,patch_6552,1135.075293,1135.227528,210.6236998,171.279548
6550,3.275,3.274749998,3.275249999,0.238962258,0.261674332,patch_6553,1135.227528,1135.379764,210.6236998,170.037649
6551,3.2755,3.275249999,3.27575,0.250121263,0.27389394,patch_6554,1135.379764,1135.532,210.6236998,168.142371
6552,3.276,3.27575,3.276250001,0.263824105,0.288899164,patch_6555,1135.532,1135.684236,210.6236998,165.81504
6553,3.2765,3.276250001,3.276750001,0.278767641,0.305263002,patch_6556,1135.684236,1135.836472,210.6236998,163.276986
6554,3.277,3.276750001,3.277249999,0.293648779,0.321558512,patch_6557,1135.836472,1135.988707,210.6236998,160.74953
6555,3.2775,3.277249999,3.277749999,0.307164401,0.336358721,patch_6558,1135.988707,1136.140943,210.6236998,158.453997
6556,3.278,3.277749999,3.27825,0.318011341,0.348236604,patch_6559,1136.140943,1136.293179,210.6236998,156.611721
6557,3.2785,3.27825,3.278750001,0.325010802,0.355901326,patch_6560,1136.293179,1136.445415,210.6236998,155.422912
6558,3.279,3.278750001,3.279250001,0.328242747,0.35944045,patch_6561,1136.445415,1136.597651,210.6236998,154.873989
6559,3.2795,3.279250001,3.279749999,0.328519073,0.359743039,patch_6562,1136.597651,1136.749886,210.6236998,154.827057
6560,3.28,3.279749999,3.280249999,0.326660809,0.357708157,patch_6563,1136.749886,1136.902122,210.6236998,155.14267
6561,3.2805,3.280249999,3.28075,0.323488831,0.3542347,patch_6564,1136.902122,1137.054358,210.6236998,155.681408
6562,3.281,3.28075,3.281250001,0.319824098,0.350221654,patch_6565,1137.054358,1137.206594,210.6236998,156.303837
6563,3.2815,3.281250001,3.281750001,0.316487551,0.346567986,patch_6566,1137.206594,1137.35883,210.6236998,156.870526
6564,3.282,3.281750001,3.282249999,0.314300177,0.344172714,patch_6567,1137.35883,1137.511065,210.6236998,157.242036
6565,3.2825,3.282249999,3.282749999,0.314027189,0.34387378,patch_6568,1137.511065,1137.663301,210.6236998,157.288401
6566,3.283,3.282749999,3.28325,0.315838363,0.345857096,patch_6569,1137.663301,1137.815537,210.6236998,156.980786
6567,3.2835,3.28325,3.283750001,0.31954315,0.349914003,patch_6570,1137.815537,1137.967773,210.6236998,156.351554
6568,3.284,3.283750001,3.284250001,0.324945895,0.35583025,patch_6571,1137.967773,1138.120009,210.6236998,155.433936
6569,3.2845,3.284250001,3.284749999,0.331850916,0.363391556,patch_6572,1138.120009,1138.272244,210.6236998,154.261167
6570,3.285,3.284749999,3.285249999,0.340062526,0.372383636,patch_6573,1138.272244,1138.42448,210.6236998,152.866483
6571,3.2855,3.285249999,3.28575,0.349385169,0.382592345,patch_6574,1138.42448,1138.576716,210.6236998,151.283098
6572,3.286,3.28575,3.286250001,0.359623164,0.393803406,patch_6575,1138.576716,1138.728952,210.6236998,149.544247
6573,3.2865,3.286250001,3.286750001,0.370581241,0.405802989,patch_6576,1138.728952,1138.881188,210.6236998,147.683095
6574,3.287,3.286750001,3.287249999,0.38206786,0.418381349,patch_6577,1138.881188,1139.033423,210.6236998,145.732174
6575,3.2875,3.287249999,3.28775,0.393894045,0.43133155,patch_6578,1139.033423,1139.185659,210.6236998,143.72358
6576,3.288,3.28775,3.28825,0.405870793,0.444446623,patch_6579,1139.185659,1139.337895,210.6236998,141.689414
6577,3.2885,3.28825,3.288750001,0.41780907,0.457519569,patch_6580,1139.337895,1139.490131,210.6236998,139.661782
6578,3.289,3.288750001,3.289249998,0.429519949,0.470343504,patch_6581,1139.490131,1139.642366,210.6236998,137.672772
6579,3.2895,3.289249998,3.289749999,0.440814343,0.482711369,patch_6582,1139.642366,1139.794602,210.6236998,135.754499
6580,3.29,3.289749999,3.29025,0.451503336,0.494416293,patch_6583,1139.794602,1139.946838,210.6236998,133.939049
6581,3.2905,3.29025,3.29075,0.46140051,0.50525414,patch_6584,1139.946838,1140.099074,210.6236998,132.258084
6582,3.291,3.29075,3.291250001,0.470351339,0.515055697,patch_6585,1140.099074,1140.25131,210.6236998,130.737849
6583,3.2915,3.291250001,3.291749998,0.478222281,0.52367473,patch_6586,1140.25131,1140.403545,210.6236998,129.401025
6584,3.292,3.291749998,3.292249999,0.484879909,0.530965129,patch_6587,1140.403545,1140.555781,210.6236998,128.270274
6585,3.2925,3.292249999,3.29275,0.490190922,0.536780925,patch_6588,1140.555781,1140.708017,210.6236998,127.368236
6586,3.293,3.29275,3.29325,0.494022067,0.540976201,patch_6589,1140.708017,1140.860253,210.6236998,126.717543
6587,3.2935,3.29325,3.293750001,0.496239987,0.543404922,patch_6590,1140.860253,1141.012489,210.6236998,126.340845
6588,3.294,3.293750001,3.294249998,0.49671137,0.543921107,patch_6591,1141.012489,1141.164724,210.6236998,126.260784
6589,3.2945,3.294249998,3.294749999,0.495328274,0.542406556,patch_6592,1141.164724,1141.31696,210.6236998,126.495693
6590,3.295,3.294749999,3.29525,0.492301401,0.539091994,patch_6593,1141.31696,1141.469196,210.6236998,127.009786
6591,3.2955,3.29525,3.29575,0.488059011,0.534446388,patch_6594,1141.469196,1141.621432,210.6236998,127.730326
6592,3.296,3.29575,3.296250001,0.483033715,0.528943465,patch_6595,1141.621432,1141.773668,210.6236998,128.583837
6593,3.2965,3.296250001,3.296749998,0.477657913,0.523056722,patch_6596,1141.773668,1141.925903,210.6236998,129.496879
6594,3.297,3.296749998,3.297249999,0.472364334,0.517260016,patch_6597,1141.925903,1142.078139,210.6236998,130.395956
6595,3.2975,3.297249999,3.29775,0.467585324,0.512026788,patch_6598,1142.078139,1142.230375,210.6236998,131.207637
6596,3.298,3.29775,3.298250001,0.463753401,0.507830661,patch_6599,1142.230375,1142.382611,210.6236998,131.858462
6597,3.2985,3.298250001,3.298750001,0.461270537,0.505111814,patch_6600,1142.382611,1142.534847,210.6236998,132.280159
6598,3.299,3.298750001,3.299249999,0.460129977,0.50386285,patch_6601,1142.534847,1142.687082,210.6236998,132.473875
6599,3.2995,3.299249999,3.299749999,0.460034725,0.503758544,patch_6602,1142.687082,1142.839318,210.6236998,132.490053
6600,3.3,3.299749999,3.30025,0.460681646,0.504466952,patch_6603,1142.839318,1142.991554,210.6236998,132.380178
6601,3.3005,3.30025,3.300750001,0.461767496,0.505656006,patch_6604,1142.991554,1143.14379,210.6236998,132.195754
6602,3.301,3.300750001,3.301250001,0.462989148,0.50699377,patch_6605,1143.14379,1143.296026,210.6236998,131.988265
6603,3.3015,3.301250001,3.301749999,0.464043316,0.508148131,patch_6606,1143.296026,1143.448261,210.6236998,131.809222
6604,3.302,3.301749999,3.302249999,0.464626967,0.508787255,patch_6607,1143.448261,1143.600497,210.6236998,131.710093
6605,3.3025,3.302249999,3.30275,0.464460849,0.508605348,patch_6608,1143.600497,1143.752733,210.6236998,131.738307
6606,3.303,3.30275,3.303250001,0.463605194,0.507668367,patch_6609,1143.752733,1143.904969,210.6236998,131.883634
6607,3.3035,3.303250001,3.303750001,0.462371018,0.50631689,patch_6610,1143.904969,1144.057205,210.6236998,132.09325
6608,3.304,3.303750001,3.304249999,0.461075333,0.504898057,patch_6611,1144.057205,1144.20944,210.6236998,132.313313
6609,3.3045,3.304249999,3.304749999,0.460035054,0.503758905,patch_6612,1144.20944,1144.361676,210.6236998,132.489997
6610,3.305,3.304749999,3.30525,0.459567039,0.503246408,patch_6613,1144.361676,1144.513912,210.6236998,132.569486
6611,3.3055,3.30525,3.305750001,0.459988352,0.503707764,patch_6614,1144.513912,1144.666148,210.6236998,132.497929
6612,3.306,3.305750001,3.306250001,0.461615827,0.505489921,patch_6615,1144.666148,1144.818384,210.6236998,132.221514
6613,3.3065,3.306250001,3.306749999,0.464751512,0.508923637,patch_6616,1144.818384,1144.970619,210.6236998,131.68894
6614,3.307,3.306749999,3.307249999,0.469471455,0.514092185,patch_6617,1144.970619,1145.122855,210.6236998,130.887291
6615,3.3075,3.307249999,3.30775,0.475678531,0.52088921,patch_6618,1145.122855,1145.275091,210.6236998,129.833063
6616,3.308,3.30775,3.308250001,0.48327097,0.529203269,patch_6619,1145.275091,1145.427327,210.6236998,128.543541
6617,3.3085,3.308250001,3.308750001,0.49214697,0.538922886,patch_6620,1145.427327,1145.579563,210.6236998,127.036015
6618,3.309,3.308750001,3.309249999,0.502204775,0.54993663,patch_6621,1145.579563,1145.731798,210.6236998,125.327768
6619,3.3095,3.309249999,3.30975,0.513342736,0.562133195,patch_6622,1145.731798,1145.884034,210.6236998,123.436064
6620,3.31,3.30975,3.31025,0.525459048,0.575401097,patch_6623,1145.884034,1146.03627,210.6236998,121.378194
6621,3.3105,3.31025,3.310750001,0.538457511,0.589634993,patch_6624,1146.03627,1146.188506,210.6236998,119.170497
6622,3.311,3.310750001,3.311249998,0.552329304,0.604825225,patch_6625,1146.188506,1146.340741,210.6236998,116.814471
6623,3.3115,3.311249998,3.311749999,0.567135872,0.621039078,patch_6626,1146.340741,1146.492977,210.6236998,114.29968
6624,3.312,3.311749999,3.31225,0.582940398,0.638345739,patch_6627,1146.492977,1146.645213,210.6236998,111.615393
6625,3.3125,3.31225,3.31275,0.599806245,0.656814594,patch_6628,1146.645213,1146.797449,210.6236998,108.750848
6626,3.313,3.31275,3.313250001,0.617796661,0.676514902,patch_6629,1146.797449,1146.949685,210.6236998,105.695303
6627,3.3135,3.313250001,3.313749998,0.636974927,0.697515959,patch_6630,1146.949685,1147.10192,210.6236998,102.43801
6628,3.314,3.313749998,3.314249999,0.657404303,0.719887036,patch_6631,1147.10192,1147.254156,210.6236998,98.968225
6629,3.3145,3.314249999,3.31475,0.679130376,0.743678056,patch_6632,1147.254156,1147.406392,210.6236998,95.278205
6630,3.315,3.31475,3.31525,0.701899348,0.768611096,patch_6633,1147.406392,1147.558628,210.6236998,91.411056
6631,3.3155,3.31525,3.315750001,0.725208225,0.794135356,patch_6634,1147.558628,1147.710864,210.6236998,87.452208
6632,3.316,3.315750001,3.316249998,0.748546423,0.819691724,patch_6635,1147.710864,1147.863099,210.6236998,83.48838
6633,3.3165,3.316249998,3.316749999,0.771403312,0.844721036,patch_6636,1147.863099,1148.015335,210.6236998,79.606299
6634,3.317,3.316749999,3.31725,0.793268325,0.868664201,patch_6637,1148.015335,1148.167571,210.6236998,75.892681
6635,3.3175,3.31725,3.31775,0.81363088,0.890962107,patch_6638,1148.167571,1148.319807,210.6236998,72.434245
6636,3.318,3.31775,3.318250001,0.831980345,0.91105559,patch_6639,1148.319807,1148.472043,210.6236998,69.317718
6637,3.3185,3.318250001,3.318749998,0.847820698,0.928401483,patch_6640,1148.472043,1148.624278,210.6236998,66.627346
6638,3.319,3.318749998,3.319249999,0.860916792,0.94274229,patch_6641,1148.624278,1148.776514,210.6236998,64.403067
6639,3.3195,3.319249999,3.31975,0.871259094,0.954067573,patch_6642,1148.776514,1148.92875,210.6236998,62.6465
6640,3.32,3.31975,3.32025,0.878846051,0.962375629,patch_6643,1148.92875,1149.080986,210.6236998,61.357909
6641,3.3205,3.32025,3.320750001,0.883675637,0.967664241,patch_6644,1149.080986,1149.233222,210.6236998,60.537638
6642,3.321,3.320750001,3.321249999,0.885746238,0.969931641,patch_6645,1149.233222,1149.385457,210.6236998,60.185961
6643,3.3215,3.321249999,3.321749999,0.8850559,0.969175691,patch_6646,1149.385457,1149.537693,210.6236998,60.30321
6644,3.322,3.321749999,3.32225,0.881602822,0.965394416,patch_6647,1149.537693,1149.689929,210.6236998,60.889691
6645,3.3225,3.32225,3.322750001,0.875394521,0.958596049,patch_6648,1149.689929,1149.842165,210.6236998,61.944127
6646,3.323,3.322750001,3.323250001,0.866613926,0.948980906,patch_6649,1149.842165,1149.994401,210.6236998,63.435449
6647,3.3235,3.323250001,3.323749999,0.855602917,0.936923361,patch_6650,1149.994401,1150.146636,210.6236998,65.305591
6648,3.324,3.323749999,3.324249999,0.842708586,0.922803493,patch_6651,1150.146636,1150.298872,210.6236998,67.495602
6649,3.3245,3.324249999,3.32475,0.828278124,0.907001493,patch_6652,1150.298872,1150.451108,210.6236998,69.946514
6650,3.325,3.32475,3.325250001,0.812658964,0.889897816,patch_6653,1150.451108,1150.603344,210.6236998,72.599318
6651,3.3255,3.325250001,3.325750001,0.796198308,0.871872664,patch_6654,1150.603344,1150.75558,210.6236998,75.395044
6652,3.326,3.325750001,3.326249999,0.779243349,0.853306227,patch_6655,1150.75558,1150.907815,210.6236998,78.274724
6653,3.3265,3.326249999,3.326749999,0.762145399,0.834583209,patch_6656,1150.907815,1151.060051,210.6236998,81.17869
6654,3.327,3.326749999,3.32725,0.745338677,0.816179099,patch_6657,1151.060051,1151.212287,210.6236998,84.033193
6655,3.3275,3.32725,3.327750001,0.729335126,0.798654497,patch_6658,1151.212287,1151.364523,210.6236998,86.751283
6656,3.328,3.327750001,3.328250001,0.714649558,0.782573144,patch_6659,1151.364523,1151.516759,210.6236998,89.245523
6657,3.3285,3.328250001,3.328749999,0.70179683,0.768498834,patch_6660,1151.516759,1151.668994,210.6236998,91.428468
6658,3.329,3.328749999,3.329249999,0.691291865,0.756995429,patch_6661,1151.668994,1151.82123,210.6236998,93.212662
6659,3.3295,3.329249999,3.32975,0.683649481,0.748626677,patch_6662,1151.82123,1151.973466,210.6236998,94.510667
6660,3.33,3.32975,3.330250001,0.679384587,0.743956428,patch_6663,1151.973466,1152.125702,210.6236998,95.235029
6661,3.3305,3.330250001,3.330750001,0.678978206,0.743511423,patch_6664,1152.125702,1152.277938,210.6236998,95.30405
6662,3.331,3.330750001,3.331249999,0.682168483,0.747004918,patch_6665,1152.277938,1152.430173,210.6236998,94.762204
6663,3.3315,3.331249999,3.33175,0.687969443,0.753357228,patch_6666,1152.430173,1152.582409,210.6236998,93.776952
6664,3.332,3.33175,3.33225,0.695365605,0.761456356,patch_6667,1152.582409,1152.734645,210.6236998,92.520766
6665,3.3325,3.33225,3.332750001,0.703341004,0.770189773,patch_6668,1152.734645,1152.886881,210.6236998,91.166201
6666,3.333,3.332750001,3.333249998,0.710880099,0.778445418,patch_6669,1152.886881,1153.039116,210.6236998,89.885739
6667,3.3335,3.333249998,3.333749999,0.716967046,0.785110897,patch_6670,1153.039116,1153.191352,210.6236998,88.851914
6668,3.334,3.333749999,3.33425,0.72058606,0.789073879,patch_6671,1153.191352,1153.343588,210.6236998,88.23725
6669,3.3345,3.33425,3.33475,0.720756706,0.789260744,patch_6672,1153.343588,1153.495824,210.6236998,88.208267
6670,3.335,3.33475,3.335250001,0.717326284,0.785504279,patch_6673,1153.495824,1153.64806,210.6236998,88.7909
6671,3.3355,3.335250001,3.335749998,0.710981251,0.778556184,patch_6674,1153.64806,1153.800295,210.6236998,89.868559
6672,3.336,3.335749998,3.336249999,0.702445623,0.769209292,patch_6675,1153.800295,1153.952531,210.6236998,91.318275
6673,3.3365,3.336249999,3.33675,0.692442893,0.758255856,patch_6676,1153.952531,1154.104767,210.6236998,93.017168
6674,3.337,3.33675,3.33725,0.68169713,0.746488766,patch_6677,1154.104767,1154.257003,210.6236998,94.84226
6675,3.3375,3.33725,3.337750001,0.670931878,0.734700334,patch_6678,1154.257003,1154.409239,210.6236998,96.670662
6676,3.338,3.337750001,3.338249998,0.66087097,0.723683192,patch_6679,1154.409239,1154.561474,210.6236998,98.379436
6677,3.3385,3.338249998,3.338749999,0.652215897,0.714205501,patch_6680,1154.561474,1154.71371,210.6236998,99.849439
6678,3.339,3.338749999,3.33925,0.645100117,0.706413404,patch_6681,1154.71371,1154.865946,210.6236998,101.058004
6679,3.3395,3.33925,3.33975,0.639059247,0.699798382,patch_6682,1154.865946,1155.018182,210.6236998,102.084003
6680,3.34,3.33975,3.340250001,0.633599998,0.69382026,patch_6683,1155.018182,1155.170418,210.6236998,103.011218
6681,3.3405,3.340250001,3.340749998,0.628229259,0.687939062,patch_6684,1155.170418,1155.322653,210.6236998,103.9234
6682,3.341,3.340749998,3.341249999,0.622454047,0.681614947,patch_6685,1155.322653,1155.474889,210.6236998,104.904279
6683,3.3415,3.341249999,3.34175,0.615781128,0.674307804,patch_6686,1155.474889,1155.627125,210.6236998,106.037627
6684,3.342,3.34175,3.34225,0.607717455,0.665477721,patch_6687,1155.627125,1155.779361,210.6236998,107.407185
6685,3.3425,3.34225,3.342750001,0.597790777,0.654607567,patch_6688,1155.779361,1155.931597,210.6236998,109.093161
6686,3.343,3.342750001,3.343249999,0.586099505,0.641805102,patch_6689,1155.931597,1156.083832,210.6236998,111.078841
6687,3.3435,3.343249999,3.343749999,0.573367235,0.627862699,patch_6690,1156.083832,1156.236068,210.6236998,113.241327
6688,3.344,3.343749999,3.34425,0.560349225,0.613607397,patch_6691,1156.236068,1156.388304,210.6236998,115.452344
6689,3.3445,3.34425,3.344750001,0.547801014,0.599866546,patch_6692,1156.388304,1156.54054,210.6236998,117.583569
6690,3.345,3.344750001,3.345250001,0.536478099,0.58746745,patch_6693,1156.54054,1156.692776,210.6236998,119.506686
6691,3.3455,3.345250001,3.345749999,0.527135786,0.577237199,patch_6694,1156.692776,1156.845011,210.6236998,121.093412
6692,3.346,3.345749999,3.346249999,0.520529629,0.570003163,patch_6695,1156.845011,1156.997247,210.6236998,122.215421
6693,3.3465,3.346249999,3.34675,0.517393049,0.566568468,patch_6696,1156.997247,1157.149483,210.6236998,122.748147
6694,3.347,3.34675,3.347250001,0.517817199,0.567032932,patch_6697,1157.149483,1157.301719,210.6236998,122.676108
6695,3.3475,3.347250001,3.347750001,0.521160306,0.570693782,patch_6698,1157.301719,1157.453955,210.6236998,122.108305
6696,3.348,3.347750001,3.348249999,0.52674085,0.576804727,patch_6699,1157.453955,1157.60619,210.6236998,121.160489
6697,3.3485,3.348249999,3.348749999,0.533877373,0.584619538,patch_6700,1157.60619,1157.758426,210.6236998,119.948401
6698,3.349,3.348749999,3.34925,0.541888357,0.593391923,patch_6701,1157.758426,1157.910662,210.6236998,118.587792
6699,3.3495,3.34925,3.349750001,0.550092278,0.602375582,patch_6702,1157.910662,1158.062898,210.6236998,117.194414
6700,3.35,3.349750001,3.350250001,0.557807742,0.610824359,patch_6703,1158.062898,1158.215134,210.6236998,115.883997
6701,3.3505,3.350250001,3.350749999,0.564363122,0.618002793,patch_6704,1158.215134,1158.367369,210.6236998,114.770612
6702,3.351,3.350749999,3.351249999,0.569410739,0.623530158,patch_6705,1158.367369,1158.519605,210.6236998,113.91331
6703,3.3515,3.351249999,3.35175,0.572985647,0.627444843,patch_6706,1158.519605,1158.671841,210.6236998,113.306137
6704,3.352,3.35175,3.352250001,0.575145543,0.629810025,patch_6707,1158.671841,1158.824077,210.6236998,112.939294
6705,3.3525,3.352250001,3.352750001,0.575947937,0.630688683,patch_6708,1158.824077,1158.976313,210.6236998,112.803013
6706,3.353,3.352750001,3.353249999,0.575450536,0.630144007,patch_6709,1158.976313,1159.128548,210.6236998,112.887493
6707,3.3535,3.353249999,3.35375,0.573710676,0.628238782,patch_6710,1159.128548,1159.280784,210.6236998,113.182996
6708,3.354,3.35375,3.35425,0.570786056,0.625036193,patch_6711,1159.280784,1159.43302,210.6236998,113.679722
6709,3.3545,3.35425,3.354750001,0.566734966,0.620600069,patch_6712,1159.43302,1159.585256,210.6236998,114.367771
6710,3.355,3.354750001,3.355249998,0.56164199,0.615023033,patch_6713,1159.585256,1159.737491,210.6236998,115.232777
6711,3.3555,3.355249998,3.355749999,0.555624007,0.608433072,patch_6714,1159.737491,1159.889727,210.6236998,116.254889
6712,3.356,3.355749999,3.35625,0.548799813,0.600960276,patch_6715,1159.889727,1160.041963,210.6236998,117.41393
6713,3.3565,3.35625,3.35675,0.541288432,0.592734979,patch_6716,1160.041963,1160.194199,210.6236998,118.689685
6714,3.357,3.35675,3.357250001,0.533208785,0.583887404,patch_6717,1160.194199,1160.346435,210.6236998,120.061956
6715,3.3575,3.357250001,3.357749998,0.524679599,0.574547565,patch_6718,1160.346435,1160.49867,210.6236998,121.510578
6716,3.358,3.357749998,3.358249999,0.515819907,0.564845807,patch_6719,1160.49867,1160.650906,210.6236998,123.015334
6717,3.3585,3.358249999,3.35875,0.506746765,0.554910313,patch_6720,1160.650906,1160.803142,210.6236998,124.556343
6718,3.359,3.35875,3.35925,0.497509148,0.54479471,patch_6721,1160.803142,1160.955378,210.6236998,126.125287
6719,3.3595,3.35925,3.359750001,0.488068726,0.534457026,patch_6722,1160.955378,1161.107614,210.6236998,127.728676
6720,3.36,3.359750001,3.360249998,0.478381481,0.523849061,patch_6723,1161.107614,1161.259849,210.6236998,129.373986
6721,3.3605,3.360249998,3.360749999,0.468403309,0.512922518,patch_6724,1161.259849,1161.412085,210.6236998,131.068708
6722,3.361,3.360749999,3.36125,0.458090157,0.501629156,patch_6725,1161.412085,1161.564321,210.6236998,132.820324
6723,3.3615,3.36125,3.36175,0.447397943,0.489920705,patch_6726,1161.564321,1161.716557,210.6236998,134.636321
6724,3.362,3.36175,3.362250001,0.436282573,0.477748879,patch_6727,1161.716557,1161.868793,210.6236998,136.524188
6725,3.3625,3.362250001,3.362749998,0.424700349,0.465065827,patch_6728,1161.868793,1162.021028,210.6236998,138.491347
6726,3.363,3.362749998,3.363249999,0.412616879,0.451833888,patch_6729,1162.021028,1162.173264,210.6236998,140.543639
6727,3.3635,3.363249999,3.36375,0.400010673,0.43802953,patch_6730,1162.173264,1162.3255,210.6236998,142.684714
6728,3.364,3.36375,3.36425,0.386861053,0.42363011,patch_6731,1162.3255,1162.477736,210.6236998,144.918084
6729,3.3645,3.36425,3.364750001,0.373147518,0.408613177,patch_6732,1162.477736,1162.629972,210.6236998,147.247231
6730,3.365,3.364750001,3.365249999,0.358849284,0.392955973,patch_6733,1162.629972,1162.782207,210.6236998,149.675685
6731,3.3655,3.365249999,3.365749999,0.343945832,0.376636028,patch_6734,1162.782207,1162.934443,210.6236998,152.206931
6732,3.366,3.365749999,3.36625,0.328416466,0.35963068,patch_6735,1162.934443,1163.086679,210.6236998,154.844484
6733,3.3665,3.36625,3.366750001,0.31224489,0.341922082,patch_6736,1163.086679,1163.238915,210.6236998,157.591112
6734,3.367,3.366750001,3.367250001,0.295609325,0.323705398,patch_6737,1163.238915,1163.391151,210.6236998,160.416545
6735,3.3675,3.367250001,3.367749999,0.278958082,0.305471543,patch_6738,1163.391151,1163.543386,210.6236998,163.244641
6736,3.368,3.367749999,3.368249999,0.262759445,0.287733313,patch_6739,1163.543386,1163.695622,210.6236998,165.995865
6737,3.3685,3.368249999,3.36875,0.24748173,0.271003534,patch_6740,1163.695622,1163.847858,210.6236998,168.590677
6738,3.369,3.36875,3.369250001,0.233593162,0.255794933,patch_6741,1163.847858,1164.000094,210.6236998,170.949552
6739,3.3695,3.369250001,3.369750001,0.221562088,0.242620369,patch_6742,1164.000094,1164.15233,210.6236998,172.992945
6740,3.37,3.369750001,3.370249999,0.211856709,0.231992547,patch_6743,1164.15233,1164.304565,210.6236998,174.641335
6741,3.3705,3.370249999,3.370749999,0.204934773,0.224412717,patch_6744,1164.304565,1164.456801,210.6236998,175.816977
6742,3.371,3.370749999,3.37125,0.200726178,0.219804119,patch_6745,1164.456801,1164.609037,210.6236998,176.531777
6743,3.3715,3.37125,3.371750001,0.198398186,0.217254864,patch_6746,1164.609037,1164.761273,210.6236998,176.92717
6744,3.372,3.371750001,3.372250001,0.197058513,0.215787862,patch_6747,1164.761273,1164.913509,210.6236998,177.154704
6745,3.3725,3.372250001,3.372749999,0.195814923,0.214426075,patch_6748,1164.913509,1165.065744,210.6236998,177.365919
6746,3.373,3.372749999,3.373249999,0.193775132,0.212192414,patch_6749,1165.065744,1165.21798,210.6236998,177.712363
6747,3.3735,3.373249999,3.37375,0.190046888,0.20810982,patch_6750,1165.21798,1165.370216,210.6236998,178.345579
6748,3.374,3.37375,3.374250001,0.183737918,0.201201216,patch_6751,1165.370216,1165.522452,210.6236998,179.417113
6749,3.3745,3.374250001,3.374750001,0.173968197,0.190502936,patch_6752,1165.522452,1165.674688,210.6236998,181.076431
6750,3.375,3.374750001,3.375249999,0.160535763,0.175793821,patch_6753,1165.674688,1165.826923,210.6236998,183.357835
6751,3.3755,3.375249999,3.37575,0.14425823,0.157969196,patch_6754,1165.826923,1165.979159,210.6236998,186.122459
6752,3.376,3.37575,3.37625,0.126037448,0.138016628,patch_6755,1165.979159,1166.131395,210.6236998,189.21713
6753,3.3765,3.37625,3.376750001,0.10677511,0.116923508,patch_6756,1166.131395,1166.283631,210.6236998,192.488702
6754,3.377,3.376750001,3.377249998,0.087373054,0.095677392,patch_6757,1166.283631,1166.435866,210.6236998,195.784004
6755,3.3775,3.377249998,3.377749999,0.068733056,0.075265762,patch_6758,1166.435866,1166.588102,210.6236998,198.949876
6756,3.378,3.377749999,3.37825,0.051756901,0.056676115,patch_6759,1166.588102,1166.740338,210.6236998,201.833156
6757,3.3785,3.37825,3.37875,0.037338744,0.04088759,patch_6760,1166.740338,1166.892574,210.6236998,204.281978
6758,3.379,3.37875,3.379250001,0.025903779,0.028365794,patch_6761,1166.892574,1167.04481,210.6236998,206.224126
6759,3.3795,3.379250001,3.379749998,0.017143038,0.018772391,patch_6762,1167.04481,1167.197045,210.6236998,207.712076
6760,3.38,3.379749998,3.380249999,0.010683581,0.011698998,patch_6763,1167.197045,1167.349281,210.6236998,208.809169
6761,3.3805,3.380249999,3.38075,0.006152454,0.006737211,patch_6764,1167.349281,1167.501517,210.6236998,209.578749
6762,3.381,3.38075,3.38125,0.003176704,0.003478633,patch_6765,1167.501517,1167.653753,210.6236998,210.084159
6763,3.3815,3.38125,3.381750001,0.001383395,0.001514879,patch_6766,1167.653753,1167.805989,210.6236998,210.38874
6764,3.382,3.381750001,3.382249998,0.000399568,0.000437545,patch_6767,1167.805989,1167.958224,210.6236998,210.555836
6765,3.3825,3.382249998,3.382749999,-0.000145895,-0.000159761,patch_6768,1167.958224,1168.11046,210.6236998,210.648479
6766,3.383,3.382749999,3.38325,-0.000498444,-0.000545818,patch_6769,1168.11046,1168.262696,210.6236998,210.708357
6767,3.3835,3.38325,3.38375,-0.000698711,-0.00076512,patch_6770,1168.262696,1168.414932,210.6236998,210.742371
6768,3.384,3.38375,3.384250001,-0.000768476,-0.000841515,patch_6771,1168.414932,1168.567168,210.6236998,210.75422
6769,3.3845,3.384250001,3.384749998,-0.000729528,-0.000798866,patch_6772,1168.567168,1168.719403,210.6236998,210.747605
6770,3.385,3.384749998,3.385249999,-0.000603653,-0.000661027,patch_6773,1168.719403,1168.871639,210.6236998,210.726226
6771,3.3855,3.385249999,3.38575,-0.000412647,-0.000451867,patch_6774,1168.871639,1169.023875,210.6236998,210.693785
6772,3.386,3.38575,3.38625,-0.000178284,-0.000195228,patch_6775,1169.023875,1169.176111,210.6236998,210.65398
6773,3.3865,3.38625,3.386750001,0.000077618,0.000084995,patch_6776,1169.176111,1169.328347,210.6236998,210.610517
6774,3.387,3.386750001,3.387249999,0.000331611,0.000363129,patch_6777,1169.328347,1169.480582,210.6236998,210.567378
6775,3.3875,3.387249999,3.387749999,0.000557467,0.000610451,patch_6778,1169.480582,1169.632818,210.6236998,210.529018
6776,3.388,3.387749999,3.38825,0.000728666,0.000797922,patch_6779,1169.632818,1169.785054,210.6236998,210.499941
6777,3.3885,3.38825,3.388750001,0.000818714,0.000896528,patch_6780,1169.785054,1169.93729,210.6236998,210.484647
6778,3.389,3.388750001,3.389250001,0.000801098,0.000877238,patch_6781,1169.93729,1170.089526,210.6236998,210.487639
6779,3.3895,3.389250001,3.389749999,0.000649316,0.00071103,patch_6782,1170.089526,1170.241761,210.6236998,210.513418
6780,3.39,3.389749999,3.390249999,0.000336857,0.000368874,patch_6783,1170.241761,1170.393997,210.6236998,210.566487
6781,3.3905,3.390249999,3.39075,-0.000161368,-0.000176705,patch_6784,1170.393997,1170.546233,210.6236998,210.651107
6782,3.391,3.39075,3.391250001,-0.000745967,-0.000816867,patch_6785,1170.546233,1170.698469,210.6236998,210.750397
6783,3.3915,3.391250001,3.391750001,-0.001097568,-0.001201886,patch_6786,1170.698469,1170.850705,210.6236998,210.810114
6784,3.392,3.391750001,3.392249999,-0.000874315,-0.000957414,patch_6787,1170.850705,1171.00294,210.6236998,210.772196
6785,3.3925,3.392249999,3.392749999,0.000265662,0.000290912,patch_6788,1171.00294,1171.155176,210.6236998,210.578579
6786,3.393,3.392749999,3.39325,0.002664207,0.002917426,patch_6789,1171.155176,1171.307412,210.6236998,210.171203
6787,3.3935,3.39325,3.393750001,0.006663196,0.007296497,patch_6790,1171.307412,1171.459648,210.6236998,209.492003
6788,3.394,3.393750001,3.394250001,0.01260448,0.013802468,patch_6791,1171.459648,1171.611884,210.6236998,208.482918
6789,3.3945,3.394250001,3.394749999,0.020826476,0.02280592,patch_6792,1171.611884,1171.764119,210.6236998,207.08647
6790,3.395,3.394749999,3.395249999,0.031322115,0.034299113,patch_6793,1171.764119,1171.916355,210.6236998,205.30386
6791,3.3955,3.395249999,3.39575,0.043448236,0.047577756,patch_6794,1171.916355,1172.068591,210.6236998,203.244324
6792,3.396,3.39575,3.396250001,0.056493253,0.061862632,patch_6795,1172.068591,1172.220827,210.6236998,201.02872
6793,3.3965,3.396250001,3.396750001,0.069745586,0.076374527,patch_6796,1172.220827,1172.373063,210.6236998,198.777905
6794,3.397,3.396750001,3.397249999,0.082493646,0.090334222,patch_6797,1172.373063,1172.525298,210.6236998,196.612737
6795,3.3975,3.397249999,3.39775,0.094025848,0.102962498,patch_6798,1172.525298,1172.677534,210.6236998,194.654074
6796,3.398,3.39775,3.39825,0.103630593,0.113480122,patch_6799,1172.677534,1172.82977,210.6236998,193.022776
6797,3.3985,3.39825,3.398750001,0.11060002,0.121111956,patch_6800,1172.82977,1172.982006,210.6236998,191.839068
6798,3.399,3.398750001,3.399249998,0.114656062,0.125553502,patch_6801,1172.982006,1173.134241,210.6236998,191.150178
6799,3.3995,3.399249998,3.399749999,0.116344993,0.127402957,patch_6802,1173.134241,1173.286477,210.6236998,190.863325
6800,3.4,3.399749999,3.40025,0.116306469,0.127360772,patch_6803,1173.286477,1173.438713,210.6236998,190.869868
6801,3.4005,3.40025,3.40075,0.115180134,0.126127385,patch_6804,1173.438713,1173.590949,210.6236998,191.061168
6802,3.401,3.40075,3.401250001,0.113605615,0.124403216,patch_6805,1173.590949,1173.743185,210.6236998,191.328589
6803,3.4015,3.401250001,3.401749998,0.112222549,0.122888697,patch_6806,1173.743185,1173.89542,210.6236998,191.563493
6804,3.402,3.401749998,3.402249999,0.111670556,0.122284241,patch_6807,1173.89542,1174.047656,210.6236998,191.657245
6805,3.4025,3.402249999,3.40275,0.112587239,0.123288048,patch_6808,1174.047656,1174.199892,210.6236998,191.501553
6806,3.403,3.40275,3.40325,0.115334412,0.126296326,patch_6809,1174.199892,1174.352128,210.6236998,191.034965
6807,3.4035,3.40325,3.403750001,0.119722572,0.131101557,patch_6810,1174.352128,1174.504364,210.6236998,190.289667
6808,3.404,3.403750001,3.404249998,0.125496607,0.137424383,patch_6811,1174.504364,1174.656599,210.6236998,189.308988
6809,3.4045,3.404249998,3.404749999,0.132401451,0.144985495,patch_6812,1174.656599,1174.808835,210.6236998,188.136249
6810,3.405,3.404749999,3.40525,0.140181969,0.15350551,patch_6813,1174.808835,1174.961071,210.6236998,186.814783
6811,3.4055,3.40525,3.40575,0.148583114,0.162705137,patch_6814,1174.961071,1175.113307,210.6236998,185.387908
6812,3.406,3.40575,3.406250001,0.157349731,0.172304974,patch_6815,1175.113307,1175.265543,210.6236998,183.89896
6813,3.4065,3.406250001,3.406749998,0.166226951,0.182025926,patch_6816,1175.265543,1175.417778,210.6236998,182.391227
6814,3.407,3.406749998,3.407249999,0.174990265,0.191622146,patch_6817,1175.417778,1175.570014,210.6236998,180.90284
6815,3.4075,3.407249999,3.40775,0.183478431,0.200917066,patch_6818,1175.570014,1175.72225,210.6236998,179.461185
6816,3.408,3.40775,3.40825,0.191538166,0.209742835,patch_6819,1175.72225,1175.874486,210.6236998,178.092296
6817,3.4085,3.40825,3.408750001,0.19901621,0.217931628,patch_6820,1175.874486,1176.026722,210.6236998,176.822203
6818,3.409,3.408750001,3.409249999,0.20575927,0.225315579,patch_6821,1176.026722,1176.178957,210.6236998,175.676942
6819,3.4095,3.409249999,3.409749999,0.211614044,0.231726817,patch_6822,1176.178957,1176.331193,210.6236998,174.68255
6820,3.41,3.409749999,3.41025,0.216427238,0.23699748,patch_6823,1176.331193,1176.483429,210.6236998,173.865063
6821,3.4105,3.41025,3.410750001,0.22004604,0.24096023,patch_6824,1176.483429,1176.635665,210.6236998,173.250435
6822,3.411,3.410750001,3.411250001,0.222404596,0.243542953,patch_6825,1176.635665,1176.787901,210.6236998,172.849851
6823,3.4115,3.411250001,3.411749999,0.223626077,0.24488053,patch_6826,1176.787901,1176.940136,210.6236998,172.642391
6824,3.412,3.411749999,3.412249999,0.223858386,0.245134918,patch_6827,1176.940136,1177.092372,210.6236998,172.602935
6825,3.4125,3.412249999,3.41275,0.223249494,0.244468154,patch_6828,1177.092372,1177.244608,210.6236998,172.706351
6826,3.413,3.41275,3.413250001,0.221947414,0.243042319,patch_6829,1177.244608,1177.396844,210.6236998,172.9275
6827,3.4135,3.413250001,3.413750001,0.220100043,0.241019365,patch_6830,1177.396844,1177.54908,210.6236998,173.241263
6828,3.414,3.413750001,3.414249999,0.217855345,0.238561321,patch_6831,1177.54908,1177.701315,210.6236998,173.622509
6829,3.4145,3.414249999,3.414749999,0.215360905,0.235829798,patch_6832,1177.701315,1177.853551,210.6236998,174.046172
6830,3.415,3.414749999,3.41525,0.212674306,0.232887851,patch_6833,1177.853551,1178.005787,210.6236998,174.502472
6831,3.4155,3.41525,3.415750001,0.209649128,0.229575147,patch_6834,1178.005787,1178.158023,210.6236998,175.016277
6832,3.416,3.415750001,3.416250001,0.206110953,0.225700688,patch_6835,1178.158023,1178.310259,210.6236998,175.617211
6833,3.4165,3.416250001,3.416749999,0.201885267,0.221073373,patch_6836,1178.310259,1178.462494,210.6236998,176.334914
6834,3.417,3.416749999,3.417249999,0.196797578,0.215502126,patch_6837,1178.462494,1178.61473,210.6236998,177.199022
6835,3.4175,3.417249999,3.41775,0.190673437,0.208795919,patch_6838,1178.61473,1178.766966,210.6236998,178.239164
6836,3.418,3.41775,3.418250001,0.183338372,0.200763696,patch_6839,1178.766966,1178.919202,210.6236998,179.484973
6837,3.4185,3.418250001,3.418750001,0.174618315,0.191214845,patch_6840,1178.919202,1179.071438,210.6236998,180.966013
6838,3.419,3.418750001,3.419249999,0.164455543,0.180086156,patch_6841,1179.071438,1179.223673,210.6236998,182.692088
6839,3.4195,3.419249999,3.41975,0.153067469,0.167615706,patch_6842,1179.223673,1179.375909,210.6236998,184.626272
6840,3.42,3.41975,3.42025,0.140711199,0.15408504,patch_6843,1179.375909,1179.528145,210.6236998,186.724897
6841,3.4205,3.42025,3.420750001,0.127643909,0.139775774,patch_6844,1179.528145,1179.680381,210.6236998,188.944284
6842,3.421,3.420750001,3.421249998,0.114122751,0.124969503,patch_6845,1179.680381,1179.832616,210.6236998,191.240757
6843,3.4215,3.421249998,3.421749999,0.100404859,0.1099478,patch_6846,1179.832616,1179.984852,210.6236998,193.570644
6844,3.422,3.421749999,3.42225,0.086747382,0.094992253,patch_6847,1179.984852,1180.137088,210.6236998,195.89027
6845,3.4225,3.42225,3.42275,0.073407404,0.080384382,patch_6848,1180.137088,1180.289324,210.6236998,198.155971
6846,3.423,3.42275,3.423250001,0.060614555,0.066375642,patch_6849,1180.289324,1180.44156,210.6236998,200.328746
6847,3.4235,3.423250001,3.423749998,0.048530802,0.053143393,patch_6850,1180.44156,1180.593795,210.6236998,202.381086
6848,3.424,3.423749998,3.424249999,0.037307868,0.04085378,patch_6851,1180.593795,1180.746031,210.6236998,204.287222
6849,3.4245,3.424249999,3.42475,0.027097482,0.029672951,patch_6852,1180.746031,1180.898267,210.6236998,206.021384
6850,3.425,3.42475,3.42525,0.018051342,0.019767024,patch_6853,1180.898267,1181.050503,210.6236998,207.557807
6851,3.4255,3.42525,3.425750001,0.010321164,0.011302135,patch_6854,1181.050503,1181.202739,210.6236998,208.870723
6852,3.426,3.425750001,3.426249998,0.004058666,0.004444421,patch_6855,1181.202739,1181.354974,210.6236998,209.934364
6853,3.4265,3.426249998,3.426749999,-0.000584665,-0.000640234,patch_6856,1181.354974,1181.50721,210.6236998,210.723001
6854,3.427,3.426749999,3.42725,-0.003564777,-0.00390359,patch_6857,1181.50721,1181.659446,210.6236998,211.229152
6855,3.4275,3.42725,3.42775,-0.005114321,-0.005600409,patch_6858,1181.659446,1181.811682,210.6236998,211.492331
6856,3.428,3.42775,3.428250001,-0.00550988,-0.006033565,patch_6859,1181.811682,1181.963918,210.6236998,211.559514
6857,3.4285,3.428250001,3.428749998,-0.005028058,-0.005505948,patch_6860,1181.963918,1182.116153,210.6236998,211.47768
6858,3.429,3.428749998,3.429249999,-0.003945441,-0.004320433,patch_6861,1182.116153,1182.268389,210.6236998,211.293805
6859,3.4295,3.429249999,3.42975,-0.002538623,-0.002779906,patch_6862,1182.268389,1182.420625,210.6236998,211.054867
6860,3.43,3.42975,3.43025,-0.001084203,-0.001187251,patch_6863,1182.420625,1182.572861,210.6236998,210.807844
6861,3.4305,3.43025,3.430750001,0.000141371,0.000154807,patch_6864,1182.572861,1182.725097,210.6236998,210.599689
6862,3.431,3.430750001,3.431249999,0.000946367,0.001036314,patch_6865,1182.725097,1182.877332,210.6236998,210.462966
6863,3.4315,3.431249999,3.431749999,0.00136695,0.001496871,patch_6866,1182.877332,1183.029568,210.6236998,210.391533
6864,3.432,3.431749999,3.43225,0.001477193,0.001617592,patch_6867,1183.029568,1183.181804,210.6236998,210.372809
6865,3.4325,3.43225,3.432750001,0.001351183,0.001479605,patch_6868,1183.181804,1183.33404,210.6236998,210.394211
6866,3.433,3.432750001,3.433250001,0.001062999,0.001164031,patch_6869,1183.33404,1183.486276,210.6236998,210.443157
6867,3.4335,3.433250001,3.433749999,0.000686722,0.000751991,patch_6870,1183.486276,1183.638511,210.6236998,210.507065
6868,3.434,3.433749999,3.434249999,0.000296432,0.000324606,patch_6871,1183.638511,1183.790747,210.6236998,210.573353
6869,3.4345,3.434249999,3.43475,-0.000033809,-0.000037022,patch_6872,1183.790747,1183.942983,210.6236998,210.629442
6870,3.435,3.43475,3.435250001,-0.000251769,-0.000275698,patch_6873,1183.942983,1184.095219,210.6236998,210.666461
6871,3.4355,3.435250001,3.435750001,-0.000366499,-0.000401332,patch_6874,1184.095219,1184.247455,210.6236998,210.685947
6872,3.436,3.435750001,3.436249999,-0.000397722,-0.000435523,patch_6875,1184.247455,1184.39969,210.6236998,210.69125
6873,3.4365,3.436249999,3.436749999,-0.000365174,-0.000399882,patch_6876,1184.39969,1184.551926,210.6236998,210.685722
6874,3.437,3.436749999,3.43725,-0.000288585,-0.000316014,patch_6877,1184.551926,1184.704162,210.6236998,210.672714
6875,3.4375,3.43725,3.437750001,-0.000187686,-0.000205525,patch_6878,1184.704162,1184.856398,210.6236998,210.655577
6876,3.438,3.437750001,3.438250001,-0.000082207,-0.00009002,patch_6879,1184.856398,1185.008634,210.6236998,210.637662
6877,3.4385,3.438250001,3.438749999,0.000008124,0.000008896,patch_6880,1185.008634,1185.160869,210.6236998,210.62232
6878,3.439,3.438749999,3.439249999,0.00006908,0.000075646,patch_6881,1185.160869,1185.313105,210.6236998,210.611967
6879,3.4395,3.439249999,3.43975,0.000102558,0.000112306,patch_6882,1185.313105,1185.465341,210.6236998,210.606281
6880,3.44,3.43975,3.440250001,0.000113398,0.000124176,patch_6883,1185.465341,1185.617577,210.6236998,210.60444
6881,3.4405,3.440250001,3.440750001,0.000106444,0.000116561,patch_6884,1185.617577,1185.769813,210.6236998,210.605621
6882,3.441,3.440750001,3.441249999,0.000086538,0.000094763,patch_6885,1185.769813,1185.922048,210.6236998,210.609002
6883,3.4415,3.441249999,3.44175,0.000058523,0.000064086,patch_6886,1185.922048,1186.074284,210.6236998,210.61376
6884,3.442,3.44175,3.44225,0.000027242,0.000029831,patch_6887,1186.074284,1186.22652,210.6236998,210.619073
6885,3.4425,3.44225,3.442750001,-0.000002462,-0.000002696,patch_6888,1186.22652,1186.378756,210.6236998,210.624118
6886,3.443,3.442750001,3.443249998,-0.000026714,-0.000029253,patch_6889,1186.378756,1186.530991,210.6236998,210.628237
6887,3.4435,3.443249998,3.443749999,-0.000044584,-0.000048821,patch_6890,1186.530991,1186.683227,210.6236998,210.631272
6888,3.444,3.443749999,3.44425,-0.000055717,-0.000061013,patch_6891,1186.683227,1186.835463,210.6236998,210.633163
6889,3.4445,3.44425,3.44475,-0.000059745,-0.000065423,patch_6892,1186.835463,1186.987699,210.6236998,210.633847
6890,3.445,3.44475,3.445250001,-0.000056312,-0.000061664,patch_6893,1186.987699,1187.139935,210.6236998,210.633264
6891,3.4455,3.445250001,3.445749998,-0.000045055,-0.000049337,patch_6894,1187.139935,1187.29217,210.6236998,210.631352
6892,3.446,3.445749998,3.446249999,-0.000025613,-0.000028047,patch_6895,1187.29217,1187.444406,210.6236998,210.62805
6893,3.4465,3.446249999,3.44675,0.000002372,0.000002597,patch_6896,1187.444406,1187.596642,210.6236998,210.623297
6894,3.447,3.44675,3.44725,0.000037893,0.000041494,patch_6897,1187.596642,1187.748878,210.6236998,210.617264
6895,3.4475,3.44725,3.447750001,0.000075539,0.000082719,patch_6898,1187.748878,1187.901114,210.6236998,210.61087
6896,3.448,3.447750001,3.448249998,0.000109029,0.000119392,patch_6899,1187.901114,1188.053349,210.6236998,210.605182
6897,3.4485,3.448249998,3.448749999,0.000132074,0.000144627,patch_6900,1188.053349,1188.205585,210.6236998,210.601268
6898,3.449,3.448749999,3.44925,0.000138386,0.000151538,patch_6901,1188.205585,1188.357821,210.6236998,210.600196
6899,3.4495,3.44925,3.44975,0.000121682,0.000133247,patch_6902,1188.357821,1188.510057,210.6236998,210.603033
6900,3.45,3.44975,3.450250001,0.000075669,0.000082861,patch_6903,1188.510057,1188.662293,210.6236998,210.610848
6901,3.4505,3.450250001,3.450749998,-0.00000593,-0.000006494,patch_6904,1188.662293,1188.814528,210.6236998,210.624707
6902,3.451,3.450749998,3.451249999,-0.00012325,-0.000134965,patch_6905,1188.814528,1188.966764,210.6236998,210.644633
6903,3.4515,3.451249999,3.45175,-0.000255832,-0.000280147,patch_6906,1188.966764,1189.119,210.6236998,210.667151
6904,3.452,3.45175,3.45225,-0.000378881,-0.000414891,patch_6907,1189.119,1189.271236,210.6236998,210.68805
6905,3.4525,3.45225,3.452750001,-0.000467621,-0.000512066,patch_6908,1189.271236,1189.423472,210.6236998,210.703122
6906,3.453,3.452750001,3.453249999,-0.000497266,-0.000544529,patch_6909,1189.423472,1189.575707,210.6236998,210.708157
6907,3.4535,3.453249999,3.453749999,-0.000443028,-0.000485136,patch_6910,1189.575707,1189.727943,210.6236998,210.698945
6908,3.454,3.453749999,3.45425,-0.000280131,-0.000306755,patch_6911,1189.727943,1189.880179,210.6236998,210.671278
6909,3.4545,3.45425,3.454750001,0.000016214,0.000017755,patch_6912,1189.880179,1190.032415,210.6236998,210.620946
6910,3.455,3.454750001,3.455250001,0.000448478,0.000491103,patch_6913,1190.032415,1190.184651,210.6236998,210.547529
6911,3.4555,3.455250001,3.455749999,0.000940933,0.001030363,patch_6914,1190.184651,1190.336886,210.6236998,210.463889
6912,3.456,3.455749999,3.456249999,0.00140074,0.001533873,patch_6915,1190.336886,1190.489122,210.6236998,210.385794
6913,3.4565,3.456249999,3.45675,0.001735043,0.00189995,patch_6916,1190.489122,1190.641358,210.6236998,210.329015
6914,3.457,3.45675,3.457250001,0.001850997,0.002026925,patch_6917,1190.641358,1190.793594,210.6236998,210.309321
6915,3.4575,3.457250001,3.457750001,0.001655752,0.001813122,patch_6918,1190.793594,1190.94583,210.6236998,210.342482
6916,3.458,3.457750001,3.458249999,0.001056463,0.001156874,patch_6919,1190.94583,1191.098065,210.6236998,210.444267
6917,3.4585,3.458249999,3.458749999,-0.000039726,-0.000043502,patch_6920,1191.098065,1191.250301,210.6236998,210.630447
6918,3.459,3.458749999,3.45925,-0.001637897,-0.00179357,patch_6921,1191.250301,1191.402537,210.6236998,210.901885
6919,3.4595,3.45925,3.459750001,-0.003421433,-0.003746622,patch_6922,1191.402537,1191.554773,210.6236998,211.204806
6920,3.46,3.459750001,3.460250001,-0.004999985,-0.005475207,patch_6923,1191.554773,1191.707009,210.6236998,211.472912
6921,3.4605,3.460250001,3.460749999,-0.005983212,-0.006551884,patch_6924,1191.707009,1191.859244,210.6236998,211.639906
6922,3.461,3.460749999,3.461249999,-0.005980768,-0.006549208,patch_6925,1191.859244,1192.01148,210.6236998,211.639491
6923,3.4615,3.461249999,3.46175,-0.004602312,-0.005039737,patch_6926,1192.01148,1192.163716,210.6236998,211.40537
6924,3.462,3.46175,3.462250001,-0.001457501,-0.001596028,patch_6927,1192.163716,1192.315952,210.6236998,210.871246
6925,3.4625,3.462250001,3.462750001,0.003844009,0.004209362,patch_6928,1192.315952,1192.468188,210.6236998,209.970822
6926,3.463,3.462750001,3.463249999,0.011521161,0.012616185,patch_6929,1192.468188,1192.620423,210.6236998,208.666912
6927,3.4635,3.463249999,3.46375,0.021135532,0.023144351,patch_6930,1192.620423,1192.772659,210.6236998,207.033979
6928,3.464,3.46375,3.46425,0.032091155,0.035141246,patch_6931,1192.772659,1192.924895,210.6236998,205.173244
6929,3.4645,3.46425,3.464750001,0.043792036,0.047954233,patch_6932,1192.924895,1193.077131,210.6236998,203.185932
6930,3.465,3.464750001,3.465249998,0.055642214,0.060930706,patch_6933,1193.077131,1193.229366,210.6236998,201.173263
6931,3.4655,3.465249998,3.465749999,0.067045679,0.07341801,patch_6934,1193.229366,1193.381602,210.6236998,199.236465
6932,3.466,3.465749999,3.46625,0.077406481,0.08476355,patch_6935,1193.381602,1193.533838,210.6236998,197.476756
6933,3.4665,3.46625,3.46675,0.08612861,0.09431467,patch_6936,1193.533838,1193.686074,210.6236998,195.995364
6934,3.467,3.46675,3.467250001,0.092762834,0.101579441,patch_6937,1193.686074,1193.83831,210.6236998,194.868588
6935,3.4675,3.467250001,3.467749998,0.097448534,0.106710492,patch_6938,1193.83831,1193.990545,210.6236998,194.072755
6936,3.468,3.467749998,3.468249999,0.100472705,0.110022093,patch_6939,1193.990545,1194.142781,210.6236998,193.559121
6937,3.4685,3.468249999,3.46875,0.102122358,0.111828537,patch_6940,1194.142781,1194.295017,210.6236998,193.278939
6938,3.469,3.46875,3.46925,0.102684489,0.112444096,patch_6941,1194.295017,1194.447253,210.6236998,193.183465
6939,3.4695,3.46925,3.469750001,0.102446098,0.112183048,patch_6942,1194.447253,1194.599489,210.6236998,193.223954
6940,3.47,3.469750001,3.470249998,0.101694186,0.11135967,patch_6943,1194.599489,1194.751724,210.6236998,193.351661
6941,3.4705,3.470249998,3.470749999,0.100715753,0.110288242,patch_6944,1194.751724,1194.90396,210.6236998,193.517841
6942,3.471,3.470749999,3.47125,0.09971597,0.109193435,patch_6945,1194.90396,1195.056196,210.6236998,193.687647
6943,3.4715,3.47125,3.47175,0.098556452,0.107923711,patch_6946,1195.056196,1195.208432,210.6236998,193.884583
6944,3.472,3.47175,3.472250001,0.097008763,0.106228923,patch_6947,1195.208432,1195.360668,210.6236998,194.147447
6945,3.4725,3.472250001,3.472749998,0.094844422,0.103858873,patch_6948,1195.360668,1195.512903,210.6236998,194.515045
6946,3.473,3.472749998,3.473249999,0.091834977,0.100563396,patch_6949,1195.512903,1195.665139,210.6236998,195.026178
6947,3.4735,3.473249999,3.47375,0.087751969,0.096092321,patch_6950,1195.665139,1195.817375,210.6236998,195.719648
6948,3.474,3.47375,3.47425,0.082366917,0.090195449,patch_6951,1195.817375,1195.969611,210.6236998,196.634261
6949,3.4745,3.47425,3.474750001,0.075451375,0.082622621,patch_6952,1195.969611,1196.121847,210.6236998,197.808817
6950,3.475,3.474750001,3.475249999,0.06688947,0.073246954,patch_6953,1196.121847,1196.274082,210.6236998,199.262996
6951,3.4755,3.475249999,3.475749999,0.057059759,0.062482981,patch_6954,1196.274082,1196.426318,210.6236998,200.932503
6952,3.476,3.475749999,3.47625,0.046476457,0.050893794,patch_6955,1196.426318,1196.578554,210.6236998,202.730002
6953,3.4765,3.47625,3.476750001,0.035653781,0.039042481,patch_6956,1196.578554,1196.73079,210.6236998,204.568157
6954,3.477,3.476750001,3.477250001,0.025105948,0.027492133,patch_6957,1196.73079,1196.883026,210.6236998,206.359632
6955,3.4775,3.477250001,3.477749999,0.015347173,0.016805839,patch_6958,1196.883026,1197.035261,210.6236998,208.017091
6956,3.478,3.477749999,3.478249999,0.006891684,0.007546701,patch_6959,1197.035261,1197.187497,210.6236998,209.453196
6957,3.4785,3.478249999,3.47875,0.000253686,0.000277798,patch_6960,1197.187497,1197.339733,210.6236998,210.580613
6958,3.479,3.47875,3.479250001,-0.004180888,-0.004578258,patch_6961,1197.339733,1197.491969,210.6236998,211.333794
6959,3.4795,3.479250001,3.479750001,-0.006615508,-0.007244276,patch_6962,1197.491969,1197.644205,210.6236998,211.747297
6960,3.48,3.479750001,3.480249999,-0.007422771,-0.008128265,patch_6963,1197.644205,1197.79644,210.6236998,211.884405
6961,3.4805,3.480249999,3.480749999,-0.006975299,-0.007638263,patch_6964,1197.79644,1197.948676,210.6236998,211.808405
6962,3.481,3.480749999,3.48125,-0.005645712,-0.006182306,patch_6965,1197.948676,1198.100912,210.6236998,211.582584
6963,3.4815,3.48125,3.481750001,-0.003806618,-0.004168417,patch_6966,1198.100912,1198.253148,210.6236998,211.270227
6964,3.482,3.481750001,3.482250001,-0.001830651,-0.002004645,patch_6967,1198.253148,1198.405384,210.6236998,210.934623
6965,3.4825,3.482250001,3.482749999,-0.00009042,-0.000099014,patch_6968,1198.405384,1198.557619,210.6236998,210.639057
6966,3.483,3.482749999,3.483249999,0.001106621,0.0012118,patch_6969,1198.557619,1198.709855,210.6236998,210.435748
6967,3.4835,3.483249999,3.48375,0.00176629,0.001934166,patch_6970,1198.709855,1198.862091,210.6236998,210.323708
6968,3.484,3.48375,3.484250001,0.001988412,0.0021774,patch_6971,1198.862091,1199.014327,210.6236998,210.285982
6969,3.4845,3.484250001,3.484750001,0.001872823,0.002050825,patch_6972,1199.014327,1199.166563,210.6236998,210.305614
6970,3.485,3.484750001,3.485249999,0.001519373,0.001663781,patch_6973,1199.166563,1199.318798,210.6236998,210.365645
6971,3.4855,3.485249999,3.48575,0.001027907,0.001125604,patch_6974,1199.318798,1199.471034,210.6236998,210.449117
6972,3.486,3.48575,3.48625,0.000498259,0.000545616,patch_6975,1199.471034,1199.62327,210.6236998,210.539074
6973,3.4865,3.48625,3.486750001,0.00003028,0.000033158,patch_6976,1199.62327,1199.775506,210.6236998,210.618557
6974,3.487,3.486750001,3.487249998,-0.000292831,-0.000320663,patch_6977,1199.775506,1199.927741,210.6236998,210.673435
6975,3.4875,3.487249998,3.487749999,-0.000471555,-0.000516373,patch_6978,1199.927741,1200.079977,210.6236998,210.70379
6976,3.488,3.487749999,3.48825,-0.00053264,-0.000583265,patch_6979,1200.079977,1200.232213,210.6236998,210.714165
6977,3.4885,3.48825,3.48875,-0.00050283,-0.000550622,patch_6980,1200.232213,1200.384449,210.6236998,210.709102
6978,3.489,3.48875,3.489250001,-0.000408885,-0.000447747,patch_6981,1200.384449,1200.536685,210.6236998,210.693146
6979,3.4895,3.489250001,3.489749998,-0.000277552,-0.000303932,patch_6982,1200.536685,1200.68892,210.6236998,210.67084
6980,3.49,3.489749998,3.490249999,-0.000135591,-0.000148478,patch_6983,1200.68892,1200.841156,210.6236998,210.646729
6981,3.4905,3.490249999,3.49075,-0.000009745,-0.000010672,patch_6984,1200.841156,1200.993392,210.6236998,210.625355
6982,3.491,3.49075,3.49125,0.000077465,0.000084827,patch_6985,1200.993392,1201.145628,210.6236998,210.610543
6983,3.4915,3.49125,3.491750001,0.00012588,0.000137844,patch_6986,1201.145628,1201.297864,210.6236998,210.60232
6984,3.492,3.491750001,3.492249998,0.000142672,0.000156232,patch_6987,1201.297864,1201.450099,210.6236998,210.599468
6985,3.4925,3.492249998,3.492749999,0.000134994,0.000147825,patch_6988,1201.450099,1201.602335,210.6236998,210.600772
6986,3.493,3.492749999,3.49325,0.00011003,0.000120488,patch_6989,1201.602335,1201.754571,210.6236998,210.605012
6987,3.4935,3.49325,3.49375,0.000074933,0.000082055,patch_6990,1201.754571,1201.906807,210.6236998,210.610973
6988,3.494,3.49375,3.494250001,0.000036886,0.000040392,patch_6991,1201.906807,1202.059043,210.6236998,210.617435
6989,3.4945,3.494250001,3.494749998,0.000003049,0.000003338,patch_6992,1202.059043,1202.211278,210.6236998,210.623182
6990,3.495,3.494749998,3.495249999,-0.000020491,-0.000022438,patch_6993,1202.211278,1202.363514,210.6236998,210.62718
6991,3.4955,3.495249999,3.49575,-0.000033603,-0.000036797,patch_6994,1202.363514,1202.51575,210.6236998,210.629407
6992,3.496,3.49575,3.49625,-0.000038219,-0.000041851,patch_6995,1202.51575,1202.667986,210.6236998,210.630191
6993,3.4965,3.49625,3.496750001,-0.000036246,-0.000039691,patch_6996,1202.667986,1202.820222,210.6236998,210.629856
6994,3.497,3.496750001,3.497249999,-0.000029611,-0.000032425,patch_6997,1202.820222,1202.972457,210.6236998,210.628729
6995,3.4975,3.497249999,3.497749999,-0.000020232,-0.000022155,patch_6998,1202.972457,1203.124693,210.6236998,210.627136
6996,3.498,3.497749999,3.49825,-0.000010034,-0.000010988,patch_6999,1203.124693,1203.276929,210.6236998,210.625404
6997,3.4985,3.49825,3.498750001,-0.000000937,-0.000001026,patch_7000,1203.276929,1203.429165,210.6236998,210.623859
6998,3.499,3.498750001,3.499250001,0.000005416,0.00000593,patch_7001,1203.429165,1203.581401,210.6236998,210.62278
6999,3.4995,3.499250001,3.499749999,0.000008966,0.000009818,patch_7002,1203.581401,1203.733636,210.6236998,210.622177
7000,3.5,3.499749999,3.500249999,0.000010232,0.000011204,patch_7003,1203.733636,1203.885872,210.6236998,210.621962
7001,3.5005,3.500249999,3.50075,0.000009725,0.00001065,patch_7004,1203.885872,1204.038108,210.6236998,210.622048
7002,3.501,3.50075,3.501250001,0.000007965,0.000008722,patch_7005,1204.038108,1204.190344,210.6236998,210.622347
7003,3.5015,3.501250001,3.501750001,0.000005457,0.000005975,patch_7006,1204.190344,1204.34258,210.6236998,210.622773
7004,3.502,3.501750001,3.502249999,0.000002725,0.000002984,patch_7007,1204.34258,1204.494815,210.6236998,210.623237
7005,3.5025,3.502249999,3.502749999,0.000000281,0.000000308,patch_7008,1204.494815,1204.647051,210.6236998,210.623652
7006,3.503,3.502749999,3.50325,-0.000001432,-0.000001568,patch_7009,1204.647051,1204.799287,210.6236998,210.623943
7007,3.5035,3.50325,3.503750001,-0.000002398,-0.000002625,patch_7010,1204.799287,1204.951523,210.6236998,210.624107
7008,3.504,3.503750001,3.504250001,-0.000002745,-0.000003006,patch_7011,1204.951523,1205.103759,210.6236998,210.624166
7009,3.5045,3.504250001,3.504749999,-0.000002615,-0.000002864,patch_7012,1205.103759,1205.255994,210.6236998,210.624144
7010,3.505,3.504749999,3.505249999,-0.000002144,-0.000002348,patch_7013,1205.255994,1205.40823,210.6236998,210.624064
7011,3.5055,3.505249999,3.50575,-0.000001479,-0.00000162,patch_7014,1205.40823,1205.560466,210.6236998,210.623951
7012,3.506,3.50575,3.506250001,-0.000000743,-0.000000814,patch_7015,1205.560466,1205.712702,210.6236998,210.623826
7013,3.5065,3.506250001,3.506750001,-0.000000084,-0.000000092,patch_7016,1205.712702,1205.864938,210.6236998,210.623714
7014,3.507,3.506750001,3.507249999,0.000000376,0.000000411,patch_7017,1205.864938,1206.017173,210.6236998,210.623636
7015,3.5075,3.507249999,3.50775,0.000000635,0.000000695,patch_7018,1206.017173,1206.169409,210.6236998,210.623592
7016,3.508,3.50775,3.50825,0.000000735,0.000000805,patch_7019,1206.169409,1206.321645,210.6236998,210.623575
7017,3.5085,3.50825,3.508750001,0.000000699,0.000000766,patch_7020,1206.321645,1206.473881,210.6236998,210.623581
7018,3.509,3.508750001,3.509249998,0.000000576,0.000000631,patch_7021,1206.473881,1206.626116,210.6236998,210.623602
7019,3.5095,3.509249998,3.509749999,0.000000393,0.000000431,patch_7022,1206.626116,1206.778352,210.6236998,210.623633
7020,3.51,3.509749999,3.51025,0.000000199,0.000000218,patch_7023,1206.778352,1206.930588,210.6236998,210.623666
7021,3.5105,3.51025,3.51075,0.000000022,0.000000025,patch_7024,1206.930588,1207.082824,210.6236998,210.623696
7022,3.511,3.51075,3.511250001,-0.000000101,-0.000000111,patch_7025,1207.082824,1207.23506,210.6236998,210.623717
7023,3.5115,3.511250001,3.511749998,-0.000000172,-0.000000188,patch_7026,1207.23506,1207.387295,210.6236998,210.623729
7024,3.512,3.511749998,3.512249999,-0.000000201,-0.000000221,patch_7027,1207.387295,1207.539531,210.6236998,210.623734
7025,3.5125,3.512249999,3.51275,-0.00000019,-0.000000208,patch_7028,1207.539531,1207.691767,210.6236998,210.623732
7026,3.513,3.51275,3.51325,-0.00000016,-0.000000175,patch_7029,1207.691767,1207.844003,210.6236998,210.623727
7027,3.5135,3.51325,3.513750001,-0.000000107,-0.000000117,patch_7030,1207.844003,1207.996239,210.6236998,210.623718
7028,3.514,3.513750001,3.514249998,-0.000000054,-0.000000059,patch_7031,1207.996239,1208.148474,210.6236998,210.623709
7029,3.5145,3.514249998,3.514749999,-0.000000007,-0.000000008,patch_7032,1208.148474,1208.30071,210.6236998,210.623701
7030,3.515,3.514749999,3.51525,0.000000022,0.000000025,patch_7033,1208.30071,1208.452946,210.6236998,210.623696
7031,3.5155,3.51525,3.51575,0.000000046,0.00000005,patch_7034,1208.452946,1208.605182,210.6236998,210.623692
7032,3.516,3.51575,3.516250001,0.000000052,0.000000057,patch_7035,1208.605182,1208.757418,210.6236998,210.623691
7033,3.5165,3.516250001,3.516749998,0.000000046,0.00000005,patch_7036,1208.757418,1208.909653,210.6236998,210.623692
7034,3.517,3.516749998,3.517249999,0.00000004,0.000000044,patch_7037,1208.909653,1209.061889,210.6236998,210.623693
7035,3.5175,3.517249999,3.51775,0.000000028,0.000000031,patch_7038,1209.061889,1209.214125,210.6236998,210.623695
7036,3.518,3.51775,3.51825,0.000000011,0.000000012,patch_7039,1209.214125,1209.366361,210.6236998,210.623698
7037,3.5185,3.51825,3.518750001,-0.000000001,-0.000000001,patch_7040,1209.366361,1209.518597,210.6236998,210.6237
7038,3.519,3.518750001,3.519249999,-0.000000007,-0.000000008,patch_7041,1209.518597,1209.670832,210.6236998,210.623701
7039,3.5195,3.519249999,3.519749999,-0.000000013,-0.000000014,patch_7042,1209.670832,1209.823068,210.6236998,210.623702
7040,3.52,3.519749999,3.52025,-0.000000019,-0.000000021,patch_7043,1209.823068,1209.975304,210.6236998,210.623703
7041,3.5205,3.52025,3.520750001,-0.000000013,-0.000000014,patch_7044,1209.975304,1210.12754,210.6236998,210.623702
7042,3.521,3.520750001,3.521250001,-0.000000013,-0.000000014,patch_7045,1210.12754,1210.279776,210.6236998,210.623702
7043,3.5215,3.521250001,3.521749999,-0.000000007,-0.000000008,patch_7046,1210.279776,1210.432011,210.6236998,210.623701
7044,3.522,3.521749999,3.522249999,-0.000000007,-0.000000008,patch_7047,1210.432011,1210.584247,210.6236998,210.623701
7045,3.5225,3.522249999,3.52275,-0.000000001,-0.000000001,patch_7048,1210.584247,1210.736483,210.6236998,210.6237
7046,3.523,3.52275,3.523250001,-0.000000001,-0.000000001,patch_7049,1210.736483,1210.888719,210.6236998,210.6237
7047,3.5235,3.523250001,3.523750001,-0.000000001,-0.000000001,patch_7050,1210.888719,1211.040955,210.6236998,210.6237
7048,3.524,3.523750001,3.524249999,-0.000000001,-0.000000001,patch_7051,1211.040955,1211.19319,210.6236998,210.6237
7049,3.5245,3.524249999,3.524749999,-0.000000001,-0.000000001,patch_7052,1211.19319,1211.345426,210.6236998,210.6237
7050,3.525,3.524749999,3.52525,-0.000000001,-0.000000001,patch_7053,1211.345426,1211.497662,210.6236998,210.6237
7051,3.5255,3.52525,3.525750001,-0.000000001,-0.000000001,patch_7054,1211.497662,1211.649898,210.6236998,210.6237
7052,3.526,3.525750001,3.526250001,-0.000000001,-0.000000001,patch_7055,1211.649898,1211.802134,210.6236998,210.6237
7053,3.5265,3.526250001,3.526749999,-0.000000001,-0.000000001,patch_7056,1211.802134,1211.954369,210.6236998,210.6237
7054,3.527,3.526749999,3.527249999,-0.000000001,-0.000000001,patch_7057,1211.954369,1212.106605,210.6236998,210.6237
7055,3.5275,3.527249999,3.52775,-0.000000001,-0.000000001,patch_7058,1212.106605,1212.258841,210.6236998,210.6237
7056,3.528,3.52775,3.528250001,-0.000000001,-0.000000001,patch_7059,1212.258841,1212.411077,210.6236998,210.6237
7057,3.5285,3.528250001,3.528750001,-0.000000001,-0.000000001,patch_7060,1212.411077,1212.563313,210.6236998,210.6237
7058,3.529,3.528750001,3.529249999,-0.000000001,-0.000000001,patch_7061,1212.563313,1212.715548,210.6236998,210.6237
7059,3.5295,3.529249999,3.52975,-0.000000001,-0.000000001,patch_7062,1212.715548,1212.867784,210.6236998,210.6237
7060,3.53,3.52975,3.53025,-0.000000001,-0.000000001,patch_7063,1212.867784,1213.02002,210.6236998,210.6237
7061,3.5305,3.53025,3.530750001,-0.000000001,-0.000000001,patch_7064,1213.02002,1213.172256,210.6236998,210.6237
7062,3.531,3.530750001,3.531249998,-0.000000001,-0.000000001,patch_7065,1213.172256,1213.324491,210.6236998,210.6237
7063,3.5315,3.531249998,3.531749999,-0.000000001,-0.000000001,patch_7066,1213.324491,1213.476727,210.6236998,210.6237
7064,3.532,3.531749999,3.53225,-0.000000001,-0.000000001,patch_7067,1213.476727,1213.628963,210.6236998,210.6237
7065,3.5325,3.53225,3.53275,-0.000000001,-0.000000001,patch_7068,1213.628963,1213.781199,210.6236998,210.6237
7066,3.533,3.53275,3.533250001,-0.000000001,-0.000000001,patch_7069,1213.781199,1213.933435,210.6236998,210.6237
7067,3.5335,3.533250001,3.533749998,-0.000000001,-0.000000001,patch_7070,1213.933435,1214.08567,210.6236998,210.6237
7068,3.534,3.533749998,3.534249999,-0.000000001,-0.000000001,patch_7071,1214.08567,1214.237906,210.6236998,210.6237
7069,3.5345,3.534249999,3.53475,-0.000000001,-0.000000001,patch_7072,1214.237906,1214.390142,210.6236998,210.6237
7070,3.535,3.53475,3.53525,-0.000000001,-0.000000001,patch_7073,1214.390142,1214.542378,210.6236998,210.6237
7071,3.5355,3.53525,3.535750001,-0.000000001,-0.000000001,patch_7074,1214.542378,1214.694614,210.6236998,210.6237
7072,3.536,3.535750001,3.536249998,-0.000000001,-0.000000001,patch_7075,1214.694614,1214.846849,210.6236998,210.6237
7073,3.5365,3.536249998,3.536749999,-0.000000001,-0.000000001,patch_7076,1214.846849,1214.999085,210.6236998,210.6237
7074,3.537,3.536749999,3.53725,-0.000000001,-0.000000001,patch_7077,1214.999085,1215.151321,210.6236998,210.6237
7075,3.5375,3.53725,3.53775,-0.000000001,-0.000000001,patch_7078,1215.151321,1215.303557,210.6236998,210.6237
7076,3.538,3.53775,3.538250001,-0.000000001,-0.000000001,patch_7079,1215.303557,1215.455793,210.6236998,210.6237
7077,3.5385,3.538250001,3.538749998,-0.000000001,-0.000000001,patch_7080,1215.455793,1215.608028,210.6236998,210.6237
7078,3.539,3.538749998,3.539249999,-0.000000001,-0.000000001,patch_7081,1215.608028,1215.760264,210.6236998,210.6237
7079,3.5395,3.539249999,3.53975,-0.000000001,-0.000000001,patch_7082,1215.760264,1215.9125,210.6236998,210.6237
7080,3.54,3.53975,3.54025,-0.000000001,-0.000000001,patch_7083,1215.9125,1216.064736,210.6236998,210.6237
7081,3.5405,3.54025,3.540750001,-0.000000001,-0.000000001,patch_7084,1216.064736,1216.216972,210.6236998,210.6237
7082,3.541,3.540750001,3.541249999,-0.000000001,-0.000000001,patch_7085,1216.216972,1216.369207,210.6236998,210.6237
7083,3.5415,3.541249999,3.541749999,-0.000000001,-0.000000001,patch_7086,1216.369207,1216.521443,210.6236998,210.6237
7084,3.542,3.541749999,3.54225,-0.000000001,-0.000000001,patch_7087,1216.521443,1216.673679,210.6236998,210.6237
7085,3.5425,3.54225,3.542750001,-0.000000001,-0.000000001,patch_7088,1216.673679,1216.825915,210.6236998,210.6237
7086,3.543,3.542750001,3.543250001,-0.000000001,-0.000000001,patch_7089,1216.825915,1216.978151,210.6236998,210.6237
7087,3.5435,3.543250001,3.543749999,-0.000000001,-0.000000001,patch_7090,1216.978151,1217.130386,210.6236998,210.6237
7088,3.544,3.543749999,3.544249999,-0.000000001,-0.000000001,patch_7091,1217.130386,1217.282622,210.6236998,210.6237
7089,3.5445,3.544249999,3.54475,-0.000000001,-0.000000001,patch_7092,1217.282622,1217.434858,210.6236998,210.6237
7090,3.545,3.54475,3.545250001,-0.000000001,-0.000000001,patch_7093,1217.434858,1217.587094,210.6236998,210.6237
7091,3.5455,3.545250001,3.545750001,-0.000000001,-0.000000001,patch_7094,1217.587094,1217.73933,210.6236998,210.6237
7092,3.546,3.545750001,3.546249999,-0.000000001,-0.000000001,patch_7095,1217.73933,1217.891565,210.6236998,210.6237
7093,3.5465,3.546249999,3.546749999,-0.000000001,-0.000000001,patch_7096,1217.891565,1218.043801,210.6236998,210.6237
7094,3.547,3.546749999,3.54725,-0.000000001,-0.000000001,patch_7097,1218.043801,1218.196037,210.6236998,210.6237
7095,3.5475,3.54725,3.547750001,-0.000000001,-0.000000001,patch_7098,1218.196037,1218.348273,210.6236998,210.6237
7096,3.548,3.547750001,3.548250001,-0.000000001,-0.000000001,patch_7099,1218.348273,1218.500509,210.6236998,210.6237
7097,3.5485,3.548250001,3.548749999,-0.000000001,-0.000000001,patch_7100,1218.500509,1218.652744,210.6236998,210.6237
7098,3.549,3.548749999,3.549249999,-0.000000001,-0.000000001,patch_7101,1218.652744,1218.80498,210.6236998,210.6237
7099,3.5495,3.549249999,3.54975,-0.000000001,-0.000000001,patch_7102,1218.80498,1218.957216,210.6236998,210.6237
7100,3.55,3.54975,3.550250001,-0.000000001,-0.000000001,patch_7103,1218.957216,1219.109452,210.6236998,210.6237
7101,3.5505,3.550250001,3.550750001,-0.000000001,-0.000000001,patch_7104,1219.109452,1219.261688,210.6236998,210.6237
7102,3.551,3.550750001,3.551249999,-0.000000001,-0.000000001,patch_7105,1219.261688,1219.413923,210.6236998,210.6237
7103,3.5515,3.551249999,3.551749999,-0.000000001,-0.000000001,patch_7106,1219.413923,1219.566159,210.6236998,210.6237
7104,3.552,3.551749999,3.55225,-0.000000001,-0.000000001,patch_7107,1219.566159,1219.718395,210.6236998,210.6237
7105,3.5525,3.55225,3.552750001,-0.000000001,-0.000000001,patch_7108,1219.718395,1219.870631,210.6236998,210.6237
7106,3.553,3.552750001,3.553249998,-0.000000001,-0.000000001,patch_7109,1219.870631,1220.022866,210.6236998,210.6237
7107,3.5535,3.553249998,3.553749999,-0.000000001,-0.000000001,patch_7110,1220.022866,1220.175102,210.6236998,210.6237
7108,3.554,3.553749999,3.55425,-0.000000001,-0.000000001,patch_7111,1220.175102,1220.327338,210.6236998,210.6237
7109,3.5545,3.55425,3.55475,-0.000000001,-0.000000001,patch_7112,1220.327338,1220.479574,210.6236998,210.6237
7110,3.555,3.55475,3.555250001,-0.000000001,-0.000000001,patch_7113,1220.479574,1220.63181,210.6236998,210.6237
7111,3.5555,3.555250001,3.555749998,-0.000000001,-0.000000001,patch_7114,1220.63181,1220.784045,210.6236998,210.6237
7112,3.556,3.555749998,3.556249999,-0.000000001,-0.000000001,patch_7115,1220.784045,1220.936281,210.6236998,210.6237
7113,3.5565,3.556249999,3.55675,-0.000000001,-0.000000001,patch_7116,1220.936281,1221.088517,210.6236998,210.6237
7114,3.557,3.55675,3.55725,-0.000000001,-0.000000001,patch_7117,1221.088517,1221.240753,210.6236998,210.6237
7115,3.5575,3.55725,3.557750001,-0.000000001,-0.000000001,patch_7118,1221.240753,1221.392989,210.6236998,210.6237
7116,3.558,3.557750001,3.558249998,-0.000000001,-0.000000001,patch_7119,1221.392989,1221.545224,210.6236998,210.6237
7117,3.5585,3.558249998,3.558749999,-0.000000001,-0.000000001,patch_7120,1221.545224,1221.69746,210.6236998,210.6237
7118,3.559,3.558749999,3.55925,-0.000000001,-0.000000001,patch_7121,1221.69746,1221.849696,210.6236998,210.6237
7119,3.5595,3.55925,3.55975,-0.000000001,-0.000000001,patch_7122,1221.849696,1222.001932,210.6236998,210.6237
7120,3.56,3.55975,3.560250001,-0.000000001,-0.000000001,patch_7123,1222.001932,1222.154168,210.6236998,210.6237
7121,3.5605,3.560250001,3.560749998,-0.000000001,-0.000000001,patch_7124,1222.154168,1222.306403,210.6236998,210.6237
7122,3.561,3.560749998,3.561249999,-0.000000001,-0.000000001,patch_7125,1222.306403,1222.458639,210.6236998,210.6237
7123,3.5615,3.561249999,3.56175,-0.000000001,-0.000000001,patch_7126,1222.458639,1222.610875,210.6236998,210.6237
7124,3.562,3.56175,3.56225,-0.000000001,-0.000000001,patch_7127,1222.610875,1222.763111,210.6236998,210.6237
7125,3.5625,3.56225,3.562750001,-0.000000001,-0.000000001,patch_7128,1222.763111,1222.915347,210.6236998,210.6237
7126,3.563,3.562750001,3.563249999,-0.000000001,-0.000000001,patch_7129,1222.915347,1223.067582,210.6236998,210.6237
7127,3.5635,3.563249999,3.563749999,-0.000000001,-0.000000001,patch_7130,1223.067582,1223.219818,210.6236998,210.6237
7128,3.564,3.563749999,3.56425,-0.000000001,-0.000000001,patch_7131,1223.219818,1223.372054,210.6236998,210.6237
7129,3.5645,3.56425,3.564750001,-0.000000001,-0.000000001,patch_7132,1223.372054,1223.52429,210.6236998,210.6237
7130,3.565,3.564750001,3.565250001,-0.000000001,-0.000000001,patch_7133,1223.52429,1223.676526,210.6236998,210.6237
7131,3.5655,3.565250001,3.565749999,-0.000000001,-0.000000001,patch_7134,1223.676526,1223.828761,210.6236998,210.6237
7132,3.566,3.565749999,3.566249999,-0.000000001,-0.000000001,patch_7135,1223.828761,1223.980997,210.6236998,210.6237
7133,3.5665,3.566249999,3.56675,-0.000000001,-0.000000001,patch_7136,1223.980997,1224.133233,210.6236998,210.6237
7134,3.567,3.56675,3.567250001,-0.000000001,-0.000000001,patch_7137,1224.133233,1224.285469,210.6236998,210.6237
7135,3.5675,3.567250001,3.567750001,-0.000000001,-0.000000001,patch_7138,1224.285469,1224.437705,210.6236998,210.6237
7136,3.568,3.567750001,3.568249999,-0.000000001,-0.000000001,patch_7139,1224.437705,1224.58994,210.6236998,210.6237
7137,3.5685,3.568249999,3.568749999,-0.000000001,-0.000000001,patch_7140,1224.58994,1224.742176,210.6236998,210.6237
7138,3.569,3.568749999,3.56925,-0.000000001,-0.000000001,patch_7141,1224.742176,1224.894412,210.6236998,210.6237
7139,3.5695,3.56925,3.569750001,-0.000000001,-0.000000001,patch_7142,1224.894412,1225.046648,210.6236998,210.6237
7140,3.57,3.569750001,3.570250001,-0.000000001,-0.000000001,patch_7143,1225.046648,1225.198884,210.6236998,210.6237
7141,3.5705,3.570250001,3.570749999,-0.000000001,-0.000000001,patch_7144,1225.198884,1225.351119,210.6236998,210.6237
7142,3.571,3.570749999,3.571249999,-0.000000001,-0.000000001,patch_7145,1225.351119,1225.503355,210.6236998,210.6237
7143,3.5715,3.571249999,3.57175,-0.000000001,-0.000000001,patch_7146,1225.503355,1225.655591,210.6236998,210.6237
7144,3.572,3.57175,3.572250001,-0.000000001,-0.000000001,patch_7147,1225.655591,1225.807827,210.6236998,210.6237
7145,3.5725,3.572250001,3.572750001,-0.000000001,-0.000000001,patch_7148,1225.807827,1225.960063,210.6236998,210.6237
7146,3.573,3.572750001,3.573249999,-0.000000001,-0.000000001,patch_7149,1225.960063,1226.112298,210.6236998,210.6237
7147,3.5735,3.573249999,3.573749999,-0.000000001,-0.000000001,patch_7150,1226.112298,1226.264534,210.6236998,210.6237
7148,3.574,3.573749999,3.57425,-0.000000001,-0.000000001,patch_7151,1226.264534,1226.41677,210.6236998,210.6237
7149,3.5745,3.57425,3.574750001,-0.000000001,-0.000000001,patch_7152,1226.41677,1226.569006,210.6236998,210.6237
7150,3.575,3.574750001,3.575249998,-0.000000001,-0.000000001,patch_7153,1226.569006,1226.721241,210.6236998,210.6237
7151,3.5755,3.575249998,3.575749999,-0.000000001,-0.000000001,patch_7154,1226.721241,1226.873477,210.6236998,210.6237
7152,3.576,3.575749999,3.57625,-0.000000001,-0.000000001,patch_7155,1226.873477,1227.025713,210.6236998,210.6237
7153,3.5765,3.57625,3.57675,-0.000000001,-0.000000001,patch_7156,1227.025713,1227.177949,210.6236998,210.6237
7154,3.577,3.57675,3.577250001,-0.000000001,-0.000000001,patch_7157,1227.177949,1227.330185,210.6236998,210.6237
7155,3.5775,3.577250001,3.577749998,-0.000000001,-0.000000001,patch_7158,1227.330185,1227.48242,210.6236998,210.6237
7156,3.578,3.577749998,3.578249999,-0.000000001,-0.000000001,patch_7159,1227.48242,1227.634656,210.6236998,210.6237
7157,3.5785,3.578249999,3.57875,-0.000000001,-0.000000001,patch_7160,1227.634656,1227.786892,210.6236998,210.6237
7158,3.579,3.57875,3.57925,-0.000000001,-0.000000001,patch_7161,1227.786892,1227.939128,210.6236998,210.6237
7159,3.5795,3.57925,3.579750001,-0.000000001,-0.000000001,patch_7162,1227.939128,1228.091364,210.6236998,210.6237
7160,3.58,3.579750001,3.580249998,-0.000000001,-0.000000001,patch_7163,1228.091364,1228.243599,210.6236998,210.6237
7161,3.5805,3.580249998,3.580749999,-0.000000001,-0.000000001,patch_7164,1228.243599,1228.395835,210.6236998,210.6237
7162,3.581,3.580749999,3.58125,-0.000000001,-0.000000001,patch_7165,1228.395835,1228.548071,210.6236998,210.6237
7163,3.5815,3.58125,3.58175,-0.000000001,-0.000000001,patch_7166,1228.548071,1228.700307,210.6236998,210.6237
7164,3.582,3.58175,3.582250001,-0.000000001,-0.000000001,patch_7167,1228.700307,1228.852543,210.6236998,210.6237
7165,3.5825,3.582250001,3.582749998,-0.000000001,-0.000000001,patch_7168,1228.852543,1229.004778,210.6236998,210.6237
7166,3.583,3.582749998,3.583249999,-0.000000001,-0.000000001,patch_7169,1229.004778,1229.157014,210.6236998,210.6237
7167,3.5835,3.583249999,3.58375,-0.000000001,-0.000000001,patch_7170,1229.157014,1229.30925,210.6236998,210.6237
7168,3.584,3.58375,3.58425,-0.000000001,-0.000000001,patch_7171,1229.30925,1229.461486,210.6236998,210.6237
7169,3.5845,3.58425,3.584750001,-0.000000001,-0.000000001,patch_7172,1229.461486,1229.613722,210.6236998,210.6237
7170,3.585,3.584750001,3.585249999,-0.000000001,-0.000000001,patch_7173,1229.613722,1229.765957,210.6236998,210.6237
7171,3.5855,3.585249999,3.585749999,-0.000000001,-0.000000001,patch_7174,1229.765957,1229.918193,210.6236998,210.6237
7172,3.586,3.585749999,3.58625,-0.000000001,-0.000000001,patch_7175,1229.918193,1230.070429,210.6236998,210.6237
7173,3.5865,3.58625,3.586750001,-0.000000001,-0.000000001,patch_7176,1230.070429,1230.222665,210.6236998,210.6237
7174,3.587,3.586750001,3.587250001,-0.000000001,-0.000000001,patch_7177,1230.222665,1230.374901,210.6236998,210.6237
7175,3.5875,3.587250001,3.587749999,-0.000000001,-0.000000001,patch_7178,1230.374901,1230.527136,210.6236998,210.6237
7176,3.588,3.587749999,3.588249999,-0.000000001,-0.000000001,patch_7179,1230.527136,1230.679372,210.6236998,210.6237
7177,3.5885,3.588249999,3.58875,-0.000000001,-0.000000001,patch_7180,1230.679372,1230.831608,210.6236998,210.6237
7178,3.589,3.58875,3.589250001,-0.000000001,-0.000000001,patch_7181,1230.831608,1230.983844,210.6236998,210.6237
7179,3.5895,3.589250001,3.589750001,-0.000000001,-0.000000001,patch_7182,1230.983844,1231.13608,210.6236998,210.6237
7180,3.59,3.589750001,3.590249999,-0.000000001,-0.000000001,patch_7183,1231.13608,1231.288315,210.6236998,210.6237
7181,3.5905,3.590249999,3.590749999,-0.000000001,-0.000000001,patch_7184,1231.288315,1231.440551,210.6236998,210.6237
7182,3.591,3.590749999,3.59125,-0.000000001,-0.000000001,patch_7185,1231.440551,1231.592787,210.6236998,210.6237
7183,3.5915,3.59125,3.591750001,-0.000000001,-0.000000001,patch_7186,1231.592787,1231.745023,210.6236998,210.6237
7184,3.592,3.591750001,3.592250001,-0.000000001,-0.000000001,patch_7187,1231.745023,1231.897259,210.6236998,210.6237
7185,3.5925,3.592250001,3.592749999,-0.000000001,-0.000000001,patch_7188,1231.897259,1232.049494,210.6236998,210.6237
7186,3.593,3.592749999,3.593249999,-0.000000001,-0.000000001,patch_7189,1232.049494,1232.20173,210.6236998,210.6237
7187,3.5935,3.593249999,3.59375,-0.000000001,-0.000000001,patch_7190,1232.20173,1232.353966,210.6236998,210.6237
7188,3.594,3.59375,3.594250001,-0.000000001,-0.000000001,patch_7191,1232.353966,1232.506202,210.6236998,210.6237
7189,3.5945,3.594250001,3.594750001,-0.000000001,-0.000000001,patch_7192,1232.506202,1232.658438,210.6236998,210.6237
7190,3.595,3.594750001,3.595249999,-0.000000001,-0.000000001,patch_7193,1232.658438,1232.810673,210.6236998,210.6237
7191,3.5955,3.595249999,3.595749999,-0.000000001,-0.000000001,patch_7194,1232.810673,1232.962909,210.6236998,210.6237
7192,3.596,3.595749999,3.59625,-0.000000001,-0.000000001,patch_7195,1232.962909,1233.115145,210.6236998,210.6237
7193,3.5965,3.59625,3.596750001,-0.000000001,-0.000000001,patch_7196,1233.115145,1233.267381,210.6236998,210.6237
7194,3.597,3.596750001,3.597249998,-0.000000001,-0.000000001,patch_7197,1233.267381,1233.419616,210.6236998,210.6237
7195,3.5975,3.597249998,3.597749999,-0.000000001,-0.000000001,patch_7198,1233.419616,1233.571852,210.6236998,210.6237
7196,3.598,3.597749999,3.59825,-0.000000001,-0.000000001,patch_7199,1233.571852,1233.724088,210.6236998,210.6237
7197,3.5985,3.59825,3.59875,-0.000000001,-0.000000001,patch_7200,1233.724088,1233.876324,210.6236998,210.6237
7198,3.599,3.59875,3.599250001,-0.000000001,-0.000000001,patch_7201,1233.876324,1234.02856,210.6236998,210.6237
7199,3.5995,3.599250001,3.599749998,-0.000000001,-0.000000001,patch_7202,1234.02856,1234.180795,210.6236998,210.6237
7200,3.6,3.599749998,3.600249999,-0.000000001,-0.000000001,patch_7203,1234.180795,1234.333031,210.6236998,210.6237
7201,3.6005,3.600249999,3.60075,-0.000000001,-0.000000001,patch_7204,1234.333031,1234.485267,210.6236998,210.6237
7202,3.601,3.60075,3.60125,-0.000000001,-0.000000001,patch_7205,1234.485267,1234.637503,210.6236998,210.6237
7203,3.6015,3.60125,3.601750001,-0.000000001,-0.000000001,patch_7206,1234.637503,1234.789739,210.6236998,210.6237
7204,3.602,3.601750001,3.602249998,-0.000000001,-0.000000001,patch_7207,1234.789739,1234.941974,210.6236998,210.6237
7205,3.6025,3.602249998,3.602749999,-0.000000001,-0.000000001,patch_7208,1234.941974,1235.09421,210.6236998,210.6237
7206,3.603,3.602749999,3.60325,-0.000000001,-0.000000001,patch_7209,1235.09421,1235.246446,210.6236998,210.6237
7207,3.6035,3.60325,3.60375,-0.000000001,-0.000000001,patch_7210,1235.246446,1235.398682,210.6236998,210.6237
7208,3.604,3.60375,3.604250001,-0.000000001,-0.000000001,patch_7211,1235.398682,1235.550918,210.6236998,210.6237
7209,3.6045,3.604250001,3.604749998,-0.000000001,-0.000000001,patch_7212,1235.550918,1235.703153,210.6236998,210.6237
7210,3.605,3.604749998,3.605249999,-0.000000001,-0.000000001,patch_7213,1235.703153,1235.855389,210.6236998,210.6237
7211,3.6055,3.605249999,3.60575,-0.000000001,-0.000000001,patch_7214,1235.855389,1236.007625,210.6236998,210.6237
7212,3.606,3.60575,3.60625,-0.000000001,-0.000000001,patch_7215,1236.007625,1236.159861,210.6236998,210.6237
7213,3.6065,3.60625,3.606750001,-0.000000001,-0.000000001,patch_7216,1236.159861,1236.312097,210.6236998,210.6237
7214,3.607,3.606750001,3.607249999,-0.000000001,-0.000000001,patch_7217,1236.312097,1236.464332,210.6236998,210.6237
7215,3.6075,3.607249999,3.607749999,-0.000000001,-0.000000001,patch_7218,1236.464332,1236.616568,210.6236998,210.6237
7216,3.608,3.607749999,3.60825,-0.000000001,-0.000000001,patch_7219,1236.616568,1236.768804,210.6236998,210.6237
7217,3.6085,3.60825,3.608750001,-0.000000001,-0.000000001,patch_7220,1236.768804,1236.92104,210.6236998,210.6237
7218,3.609,3.608750001,3.609250001,-0.000000001,-0.000000001,patch_7221,1236.92104,1237.073276,210.6236998,210.6237
7219,3.6095,3.609250001,3.609749999,-0.000000001,-0.000000001,patch_7222,1237.073276,1237.225511,210.6236998,210.6237
7220,3.61,3.609749999,3.610249999,-0.000000001,-0.000000001,patch_7223,1237.225511,1237.377747,210.6236998,210.6237
7221,3.6105,3.610249999,3.61075,-0.000000001,-0.000000001,patch_7224,1237.377747,1237.529983,210.6236998,210.6237
7222,3.611,3.61075,3.611250001,-0.000000001,-0.000000001,patch_7225,1237.529983,1237.682219,210.6236998,210.6237
7223,3.6115,3.611250001,3.611750001,-0.000000001,-0.000000001,patch_7226,1237.682219,1237.834455,210.6236998,210.6237
7224,3.612,3.611750001,3.612249999,-0.000000001,-0.000000001,patch_7227,1237.834455,1237.98669,210.6236998,210.6237
7225,3.6125,3.612249999,3.612749999,-0.000000001,-0.000000001,patch_7228,1237.98669,1238.138926,210.6236998,210.6237
7226,3.613,3.612749999,3.61325,-0.000000001,-0.000000001,patch_7229,1238.138926,1238.291162,210.6236998,210.6237
7227,3.6135,3.61325,3.613750001,-0.000000001,-0.000000001,patch_7230,1238.291162,1238.443398,210.6236998,210.6237
7228,3.614,3.613750001,3.614250001,-0.000000001,-0.000000001,patch_7231,1238.443398,1238.595634,210.6236998,210.6237
7229,3.6145,3.614250001,3.614749999,-0.000000001,-0.000000001,patch_7232,1238.595634,1238.747869,210.6236998,210.6237
7230,3.615,3.614749999,3.615249999,-0.000000001,-0.000000001,patch_7233,1238.747869,1238.900105,210.6236998,210.6237
7231,3.6155,3.615249999,3.61575,-0.000000001,-0.000000001,patch_7234,1238.900105,1239.052341,210.6236998,210.6237
7232,3.616,3.61575,3.616250001,-0.000000001,-0.000000001,patch_7235,1239.052341,1239.204577,210.6236998,210.6237
7233,3.6165,3.616250001,3.616750001,-0.000000001,-0.000000001,patch_7236,1239.204577,1239.356813,210.6236998,210.6237
7234,3.617,3.616750001,3.617249999,-0.000000001,-0.000000001,patch_7237,1239.356813,1239.509048,210.6236998,210.6237
7235,3.6175,3.617249999,3.617749999,-0.000000001,-0.000000001,patch_7238,1239.509048,1239.661284,210.6236998,210.6237
7236,3.618,3.617749999,3.61825,-0.000000001,-0.000000001,patch_7239,1239.661284,1239.81352,210.6236998,210.6237
7237,3.6185,3.61825,3.618750001,-0.000000001,-0.000000001,patch_7240,1239.81352,1239.965756,210.6236998,210.6237
7238,3.619,3.618750001,3.619249998,-0.000000001,-0.000000001,patch_7241,1239.965756,1240.117991,210.6236998,210.6237
7239,3.6195,3.619249998,3.619749999,-0.000000001,-0.000000001,patch_7242,1240.117991,1240.270227,210.6236998,210.6237
7240,3.62,3.619749999,3.62025,-0.000000001,-0.000000001,patch_7243,1240.270227,1240.422463,210.6236998,210.6237
7241,3.6205,3.62025,3.62075,-0.000000001,-0.000000001,patch_7244,1240.422463,1240.574699,210.6236998,210.6237
7242,3.621,3.62075,3.621250001,-0.000000001,-0.000000001,patch_7245,1240.574699,1240.726935,210.6236998,210.6237
7243,3.6215,3.621250001,3.621749998,-0.000000001,-0.000000001,patch_7246,1240.726935,1240.87917,210.6236998,210.6237
7244,3.622,3.621749998,3.622249999,-0.000000001,-0.000000001,patch_7247,1240.87917,1241.031406,210.6236998,210.6237
7245,3.6225,3.622249999,3.62275,-0.000000001,-0.000000001,patch_7248,1241.031406,1241.183642,210.6236998,210.6237
7246,3.623,3.62275,3.62325,-0.000000001,-0.000000001,patch_7249,1241.183642,1241.335878,210.6236998,210.6237
7247,3.6235,3.62325,3.623750001,-0.000000001,-0.000000001,patch_7250,1241.335878,1241.488114,210.6236998,210.6237
7248,3.624,3.623750001,3.624249998,-0.000000001,-0.000000001,patch_7251,1241.488114,1241.640349,210.6236998,210.6237
7249,3.6245,3.624249998,3.624749999,-0.000000001,-0.000000001,patch_7252,1241.640349,1241.792585,210.6236998,210.6237
7250,3.625,3.624749999,3.62525,-0.000000001,-0.000000001,patch_7253,1241.792585,1241.944821,210.6236998,210.6237
7251,3.6255,3.62525,3.62575,-0.000000001,-0.000000001,patch_7254,1241.944821,1242.097057,210.6236998,210.6237
7252,3.626,3.62575,3.626250001,-0.000000001,-0.000000001,patch_7255,1242.097057,1242.249293,210.6236998,210.6237
7253,3.6265,3.626250001,3.626749998,-0.000000001,-0.000000001,patch_7256,1242.249293,1242.401528,210.6236998,210.6237
7254,3.627,3.626749998,3.627249999,-0.000000001,-0.000000001,patch_7257,1242.401528,1242.553764,210.6236998,210.6237
7255,3.6275,3.627249999,3.62775,-0.000000001,-0.000000001,patch_7258,1242.553764,1242.706,210.6236998,210.6237
7256,3.628,3.62775,3.62825,-0.000000001,-0.000000001,patch_7259,1242.706,1242.858236,210.6236998,210.6237
7257,3.6285,3.62825,3.628750001,-0.000000001,-0.000000001,patch_7260,1242.858236,1243.010472,210.6236998,210.6237
7258,3.629,3.628750001,3.629249999,-0.000000001,-0.000000001,patch_7261,1243.010472,1243.162707,210.6236998,210.6237
7259,3.6295,3.629249999,3.629749999,-0.000000001,-0.000000001,patch_7262,1243.162707,1243.314943,210.6236998,210.6237
7260,3.63,3.629749999,3.63025,-0.000000001,-0.000000001,patch_7263,1243.314943,1243.467179,210.6236998,210.6237
7261,3.6305,3.63025,3.630750001,-0.000000001,-0.000000001,patch_7264,1243.467179,1243.619415,210.6236998,210.6237
7262,3.631,3.630750001,3.631250001,-0.000000001,-0.000000001,patch_7265,1243.619415,1243.771651,210.6236998,210.6237
7263,3.6315,3.631250001,3.631749999,-0.000000001,-0.000000001,patch_7266,1243.771651,1243.923886,210.6236998,210.6237
7264,3.632,3.631749999,3.632249999,-0.000000001,-0.000000001,patch_7267,1243.923886,1244.076122,210.6236998,210.6237
7265,3.6325,3.632249999,3.63275,-0.000000001,-0.000000001,patch_7268,1244.076122,1244.228358,210.6236998,210.6237
7266,3.633,3.63275,3.633250001,-0.000000001,-0.000000001,patch_7269,1244.228358,1244.380594,210.6236998,210.6237
7267,3.6335,3.633250001,3.633750001,-0.000000001,-0.000000001,patch_7270,1244.380594,1244.53283,210.6236998,210.6237
7268,3.634,3.633750001,3.634249999,-0.000000001,-0.000000001,patch_7271,1244.53283,1244.685065,210.6236998,210.6237
7269,3.6345,3.634249999,3.634749999,-0.000000001,-0.000000001,patch_7272,1244.685065,1244.837301,210.6236998,210.6237
7270,3.635,3.634749999,3.63525,-0.000000001,-0.000000001,patch_7273,1244.837301,1244.989537,210.6236998,210.6237
7271,3.6355,3.63525,3.635750001,-0.000000001,-0.000000001,patch_7274,1244.989537,1245.141773,210.6236998,210.6237
7272,3.636,3.635750001,3.636250001,-0.000000001,-0.000000001,patch_7275,1245.141773,1245.294009,210.6236998,210.6237
7273,3.6365,3.636250001,3.636749999,-0.000000001,-0.000000001,patch_7276,1245.294009,1245.446244,210.6236998,210.6237
7274,3.637,3.636749999,3.637249999,-0.000000001,-0.000000001,patch_7277,1245.446244,1245.59848,210.6236998,210.6237
7275,3.6375,3.637249999,3.63775,-0.000000001,-0.000000001,patch_7278,1245.59848,1245.750716,210.6236998,210.6237
7276,3.638,3.63775,3.638250001,-0.000000001,-0.000000001,patch_7279,1245.750716,1245.902952,210.6236998,210.6237
7277,3.6385,3.638250001,3.638750001,-0.000000001,-0.000000001,patch_7280,1245.902952,1246.055188,210.6236998,210.6237
7278,3.639,3.638750001,3.639249999,-0.000000001,-0.000000001,patch_7281,1246.055188,1246.207423,210.6236998,210.6237
7279,3.6395,3.639249999,3.639749999,-0.000000001,-0.000000001,patch_7282,1246.207423,1246.359659,210.6236998,210.6237
7280,3.64,3.639749999,3.64025,-0.000000001,-0.000000001,patch_7283,1246.359659,1246.511895,210.6236998,210.6237
7281,3.6405,3.64025,3.640750001,-0.000000001,-0.000000001,patch_7284,1246.511895,1246.664131,210.6236998,210.6237
7282,3.641,3.640750001,3.641249998,-0.000000001,-0.000000001,patch_7285,1246.664131,1246.816366,210.6236998,210.6237
7283,3.6415,3.641249998,3.641749999,-0.000000001,-0.000000001,patch_7286,1246.816366,1246.968602,210.6236998,210.6237
7284,3.642,3.641749999,3.64225,-0.000000001,-0.000000001,patch_7287,1246.968602,1247.120838,210.6236998,210.6237
7285,3.6425,3.64225,3.64275,-0.000000001,-0.000000001,patch_7288,1247.120838,1247.273074,210.6236998,210.6237
7286,3.643,3.64275,3.643250001,-0.000000001,-0.000000001,patch_7289,1247.273074,1247.42531,210.6236998,210.6237
7287,3.6435,3.643250001,3.643749998,-0.000000001,-0.000000001,patch_7290,1247.42531,1247.577545,210.6236998,210.6237
7288,3.644,3.643749998,3.644249999,-0.000000001,-0.000000001,patch_7291,1247.577545,1247.729781,210.6236998,210.6237
7289,3.6445,3.644249999,3.64475,-0.000000001,-0.000000001,patch_7292,1247.729781,1247.882017,210.6236998,210.6237
7290,3.645,3.64475,3.64525,-0.000000001,-0.000000001,patch_7293,1247.882017,1248.034253,210.6236998,210.6237
7291,3.6455,3.64525,3.645750001,-0.000000001,-0.000000001,patch_7294,1248.034253,1248.186489,210.6236998,210.6237
7292,3.646,3.645750001,3.646249998,-0.000000001,-0.000000001,patch_7295,1248.186489,1248.338724,210.6236998,210.6237
7293,3.6465,3.646249998,3.646749999,-0.000000001,-0.000000001,patch_7296,1248.338724,1248.49096,210.6236998,210.6237
7294,3.647,3.646749999,3.64725,-0.000000001,-0.000000001,patch_7297,1248.49096,1248.643196,210.6236998,210.6237
7295,3.6475,3.64725,3.64775,-0.000000001,-0.000000001,patch_7298,1248.643196,1248.795432,210.6236998,210.6237
7296,3.648,3.64775,3.648250001,-0.000000001,-0.000000001,patch_7299,1248.795432,1248.947668,210.6236998,210.6237
7297,3.6485,3.648250001,3.648749998,-0.000000001,-0.000000001,patch_7300,1248.947668,1249.099903,210.6236998,210.6237
7298,3.649,3.648749998,3.649249999,-0.000000001,-0.000000001,patch_7301,1249.099903,1249.252139,210.6236998,210.6237
7299,3.6495,3.649249999,3.64975,-0.000000001,-0.000000001,patch_7302,1249.252139,1249.404375,210.6236998,210.6237
7300,3.65,3.64975,3.65025,-0.000000001,-0.000000001,patch_7303,1249.404375,1249.556611,210.6236998,210.6237
7301,3.6505,3.65025,3.650750001,-0.000000001,-0.000000001,patch_7304,1249.556611,1249.708847,210.6236998,210.6237
7302,3.651,3.650750001,3.651249999,-0.000000001,-0.000000001,patch_7305,1249.708847,1249.861082,210.6236998,210.6237
7303,3.6515,3.651249999,3.651749999,-0.000000001,-0.000000001,patch_7306,1249.861082,1250.013318,210.6236998,210.6237
7304,3.652,3.651749999,3.65225,-0.000000001,-0.000000001,patch_7307,1250.013318,1250.165554,210.6236998,210.6237
7305,3.6525,3.65225,3.652750001,-0.000000001,-0.000000001,patch_7308,1250.165554,1250.31779,210.6236998,210.6237
7306,3.653,3.652750001,3.653250001,-0.000000001,-0.000000001,patch_7309,1250.31779,1250.470026,210.6236998,210.6237
7307,3.6535,3.653250001,3.653749999,-0.000000001,-0.000000001,patch_7310,1250.470026,1250.622261,210.6236998,210.6237
7308,3.654,3.653749999,3.654249999,-0.000000001,-0.000000001,patch_7311,1250.622261,1250.774497,210.6236998,210.6237
7309,3.6545,3.654249999,3.65475,-0.000000001,-0.000000001,patch_7312,1250.774497,1250.926733,210.6236998,210.6237
7310,3.655,3.65475,3.655250001,-0.000000001,-0.000000001,patch_7313,1250.926733,1251.078969,210.6236998,210.6237
7311,3.6555,3.655250001,3.655750001,-0.000000001,-0.000000001,patch_7314,1251.078969,1251.231205,210.6236998,210.6237
7312,3.656,3.655750001,3.656249999,-0.000000001,-0.000000001,patch_7315,1251.231205,1251.38344,210.6236998,210.6237
7313,3.6565,3.656249999,3.656749999,-0.000000001,-0.000000001,patch_7316,1251.38344,1251.535676,210.6236998,210.6237
7314,3.657,3.656749999,3.65725,-0.000000001,-0.000000001,patch_7317,1251.535676,1251.687912,210.6236998,210.6237
7315,3.6575,3.65725,3.657750001,-0.000000001,-0.000000001,patch_7318,1251.687912,1251.840148,210.6236998,210.6237
7316,3.658,3.657750001,3.658250001,-0.000000001,-0.000000001,patch_7319,1251.840148,1251.992384,210.6236998,210.6237
7317,3.6585,3.658250001,3.658749999,-0.000000001,-0.000000001,patch_7320,1251.992384,1252.144619,210.6236998,210.6237
7318,3.659,3.658749999,3.659249999,-0.000000001,-0.000000001,patch_7321,1252.144619,1252.296855,210.6236998,210.6237
7319,3.6595,3.659249999,3.65975,-0.000000001,-0.000000001,patch_7322,1252.296855,1252.449091,210.6236998,210.6237
7320,3.66,3.65975,3.660250001,-0.000000001,-0.000000001,patch_7323,1252.449091,1252.601327,210.6236998,210.6237
7321,3.6605,3.660250001,3.660750001,-0.000000001,-0.000000001,patch_7324,1252.601327,1252.753563,210.6236998,210.6237
7322,3.661,3.660750001,3.661249999,-0.000000001,-0.000000001,patch_7325,1252.753563,1252.905798,210.6236998,210.6237
7323,3.6615,3.661249999,3.661749999,-0.000000001,-0.000000001,patch_7326,1252.905798,1253.058034,210.6236998,210.6237
7324,3.662,3.661749999,3.66225,-0.000000001,-0.000000001,patch_7327,1253.058034,1253.21027,210.6236998,210.6237
7325,3.6625,3.66225,3.662750001,-0.000000001,-0.000000001,patch_7328,1253.21027,1253.362506,210.6236998,210.6237
7326,3.663,3.662750001,3.663249998,-0.000000001,-0.000000001,patch_7329,1253.362506,1253.514741,210.6236998,210.6237
7327,3.6635,3.663249998,3.663749999,-0.000000001,-0.000000001,patch_7330,1253.514741,1253.666977,210.6236998,210.6237
7328,3.664,3.663749999,3.66425,-0.000000001,-0.000000001,patch_7331,1253.666977,1253.819213,210.6236998,210.6237
7329,3.6645,3.66425,3.66475,-0.000000001,-0.000000001,patch_7332,1253.819213,1253.971449,210.6236998,210.6237
7330,3.665,3.66475,3.665250001,-0.000000001,-0.000000001,patch_7333,1253.971449,1254.123685,210.6236998,210.6237
7331,3.6655,3.665250001,3.665749998,-0.000000001,-0.000000001,patch_7334,1254.123685,1254.27592,210.6236998,210.6237
7332,3.666,3.665749998,3.666249999,-0.000000001,-0.000000001,patch_7335,1254.27592,1254.428156,210.6236998,210.6237
7333,3.6665,3.666249999,3.66675,-0.000000001,-0.000000001,patch_7336,1254.428156,1254.580392,210.6236998,210.6237
7334,3.667,3.66675,3.66725,-0.000000001,-0.000000001,patch_7337,1254.580392,1254.732628,210.6236998,210.6237
7335,3.6675,3.66725,3.667750001,-0.000000001,-0.000000001,patch_7338,1254.732628,1254.884864,210.6236998,210.6237
7336,3.668,3.667750001,3.668249998,-0.000000001,-0.000000001,patch_7339,1254.884864,1255.037099,210.6236998,210.6237
7337,3.6685,3.668249998,3.668749999,-0.000000001,-0.000000001,patch_7340,1255.037099,1255.189335,210.6236998,210.6237
7338,3.669,3.668749999,3.66925,-0.000000001,-0.000000001,patch_7341,1255.189335,1255.341571,210.6236998,210.6237
7339,3.6695,3.66925,3.66975,-0.000000001,-0.000000001,patch_7342,1255.341571,1255.493807,210.6236998,210.6237
7340,3.67,3.66975,3.670250001,-0.000000001,-0.000000001,patch_7343,1255.493807,1255.646043,210.6236998,210.6237
7341,3.6705,3.670250001,3.670749998,-0.000000001,-0.000000001,patch_7344,1255.646043,1255.798278,210.6236998,210.6237
7342,3.671,3.670749998,3.671249999,-0.000000001,-0.000000001,patch_7345,1255.798278,1255.950514,210.6236998,210.6237
7343,3.6715,3.671249999,3.67175,-0.000000001,-0.000000001,patch_7346,1255.950514,1256.10275,210.6236998,210.6237
7344,3.672,3.67175,3.67225,-0.000000001,-0.000000001,patch_7347,1256.10275,1256.254986,210.6236998,210.6237
7345,3.6725,3.67225,3.672750001,-0.000000001,-0.000000001,patch_7348,1256.254986,1256.407222,210.6236998,210.6237
7346,3.673,3.672750001,3.673249999,-0.000000001,-0.000000001,patch_7349,1256.407222,1256.559457,210.6236998,210.6237
7347,3.6735,3.673249999,3.673749999,-0.000000001,-0.000000001,patch_7350,1256.559457,1256.711693,210.6236998,210.6237
7348,3.674,3.673749999,3.67425,-0.000000001,-0.000000001,patch_7351,1256.711693,1256.863929,210.6236998,210.6237
7349,3.6745,3.67425,3.674750001,-0.000000001,-0.000000001,patch_7352,1256.863929,1257.016165,210.6236998,210.6237
7350,3.675,3.674750001,3.675250001,-0.000000001,-0.000000001,patch_7353,1257.016165,1257.168401,210.6236998,210.6237
7351,3.6755,3.675250001,3.675749999,-0.000000001,-0.000000001,patch_7354,1257.168401,1257.320636,210.6236998,210.6237
7352,3.676,3.675749999,3.676249999,-0.000000001,-0.000000001,patch_7355,1257.320636,1257.472872,210.6236998,210.6237
7353,3.6765,3.676249999,3.67675,-0.000000001,-0.000000001,patch_7356,1257.472872,1257.625108,210.6236998,210.6237
7354,3.677,3.67675,3.677250001,-0.000000001,-0.000000001,patch_7357,1257.625108,1257.777344,210.6236998,210.6237
7355,3.6775,3.677250001,3.677750001,-0.000000001,-0.000000001,patch_7358,1257.777344,1257.92958,210.6236998,210.6237
7356,3.678,3.677750001,3.678249999,-0.000000001,-0.000000001,patch_7359,1257.92958,1258.081815,210.6236998,210.6237
7357,3.6785,3.678249999,3.678749999,-0.000000001,-0.000000001,patch_7360,1258.081815,1258.234051,210.6236998,210.6237
7358,3.679,3.678749999,3.67925,-0.000000001,-0.000000001,patch_7361,1258.234051,1258.386287,210.6236998,210.6237
7359,3.6795,3.67925,3.679750001,-0.000000001,-0.000000001,patch_7362,1258.386287,1258.538523,210.6236998,210.6237
7360,3.68,3.679750001,3.680250001,-0.000000001,-0.000000001,patch_7363,1258.538523,1258.690759,210.6236998,210.6237
7361,3.6805,3.680250001,3.680749999,-0.000000001,-0.000000001,patch_7364,1258.690759,1258.842994,210.6236998,210.6237
7362,3.681,3.680749999,3.681249999,-0.000000001,-0.000000001,patch_7365,1258.842994,1258.99523,210.6236998,210.6237
7363,3.6815,3.681249999,3.68175,-0.000000001,-0.000000001,patch_7366,1258.99523,1259.147466,210.6236998,210.6237
7364,3.682,3.68175,3.682250001,-0.000000001,-0.000000001,patch_7367,1259.147466,1259.299702,210.6236998,210.6237
7365,3.6825,3.682250001,3.682750001,-0.000000001,-0.000000001,patch_7368,1259.299702,1259.451938,210.6236998,210.6237
7366,3.683,3.682750001,3.683249999,-0.000000001,-0.000000001,patch_7369,1259.451938,1259.604173,210.6236998,210.6237
7367,3.6835,3.683249999,3.683749999,-0.000000001,-0.000000001,patch_7370,1259.604173,1259.756409,210.6236998,210.6237
7368,3.684,3.683749999,3.68425,-0.000000001,-0.000000001,patch_7371,1259.756409,1259.908645,210.6236998,210.6237
7369,3.6845,3.68425,3.684750001,-0.000000001,-0.000000001,patch_7372,1259.908645,1260.060881,210.6236998,210.6237
7370,3.685,3.684750001,3.685249998,-0.000000001,-0.000000001,patch_7373,1260.060881,1260.213116,210.6236998,210.6237
7371,3.6855,3.685249998,3.685749999,-0.000000001,-0.000000001,patch_7374,1260.213116,1260.365352,210.6236998,210.6237
7372,3.686,3.685749999,3.68625,-0.000000001,-0.000000001,patch_7375,1260.365352,1260.517588,210.6236998,210.6237
7373,3.6865,3.68625,3.68675,-0.000000001,-0.000000001,patch_7376,1260.517588,1260.669824,210.6236998,210.6237
7374,3.687,3.68675,3.687250001,-0.000000001,-0.000000001,patch_7377,1260.669824,1260.82206,210.6236998,210.6237
7375,3.6875,3.687250001,3.687749998,-0.000000001,-0.000000001,patch_7378,1260.82206,1260.974295,210.6236998,210.6237
7376,3.688,3.687749998,3.688249999,-0.000000001,-0.000000001,patch_7379,1260.974295,1261.126531,210.6236998,210.6237
7377,3.6885,3.688249999,3.68875,-0.000000001,-0.000000001,patch_7380,1261.126531,1261.278767,210.6236998,210.6237
7378,3.689,3.68875,3.68925,-0.000000001,-0.000000001,patch_7381,1261.278767,1261.431003,210.6236998,210.6237
7379,3.6895,3.68925,3.689750001,-0.000000001,-0.000000001,patch_7382,1261.431003,1261.583239,210.6236998,210.6237
7380,3.69,3.689750001,3.690249998,-0.000000001,-0.000000001,patch_7383,1261.583239,1261.735474,210.6236998,210.6237
7381,3.6905,3.690249998,3.690749999,-0.000000001,-0.000000001,patch_7384,1261.735474,1261.88771,210.6236998,210.6237
7382,3.691,3.690749999,3.69125,-0.000000001,-0.000000001,patch_7385,1261.88771,1262.039946,210.6236998,210.6237
7383,3.6915,3.69125,3.69175,-0.000000001,-0.000000001,patch_7386,1262.039946,1262.192182,210.6236998,210.6237
7384,3.692,3.69175,3.692250001,-0.000000001,-0.000000001,patch_7387,1262.192182,1262.344418,210.6236998,210.6237
7385,3.6925,3.692250001,3.692749998,-0.000000001,-0.000000001,patch_7388,1262.344418,1262.496653,210.6236998,210.6237
7386,3.693,3.692749998,3.693249999,-0.000000001,-0.000000001,patch_7389,1262.496653,1262.648889,210.6236998,210.6237
7387,3.6935,3.693249999,3.69375,-0.000000001,-0.000000001,patch_7390,1262.648889,1262.801125,210.6236998,210.6237
7388,3.694,3.69375,3.69425,-0.000000001,-0.000000001,patch_7391,1262.801125,1262.953361,210.6236998,210.6237
7389,3.6945,3.69425,3.694750001,-0.000000001,-0.000000001,patch_7392,1262.953361,1263.105597,210.6236998,210.6237
7390,3.695,3.694750001,3.695249999,-0.000000001,-0.000000001,patch_7393,1263.105597,1263.257832,210.6236998,210.6237
7391,3.6955,3.695249999,3.695749999,-0.000000001,-0.000000001,patch_7394,1263.257832,1263.410068,210.6236998,210.6237
7392,3.696,3.695749999,3.69625,-0.000000001,-0.000000001,patch_7395,1263.410068,1263.562304,210.6236998,210.6237
7393,3.6965,3.69625,3.696750001,-0.000000001,-0.000000001,patch_7396,1263.562304,1263.71454,210.6236998,210.6237
7394,3.697,3.696750001,3.697250001,-0.000000001,-0.000000001,patch_7397,1263.71454,1263.866776,210.6236998,210.6237
7395,3.6975,3.697250001,3.697749999,-0.000000001,-0.000000001,patch_7398,1263.866776,1264.019011,210.6236998,210.6237
7396,3.698,3.697749999,3.698249999,-0.000000001,-0.000000001,patch_7399,1264.019011,1264.171247,210.6236998,210.6237
7397,3.6985,3.698249999,3.69875,-0.000000001,-0.000000001,patch_7400,1264.171247,1264.323483,210.6236998,210.6237
7398,3.699,3.69875,3.699250001,-0.000000001,-0.000000001,patch_7401,1264.323483,1264.475719,210.6236998,210.6237
7399,3.6995,3.699250001,3.699750001,-0.000000001,-0.000000001,patch_7402,1264.475719,1264.627955,210.6236998,210.6237
7400,3.7,3.699750001,3.700249999,-0.000000001,-0.000000001,patch_7403,1264.627955,1264.78019,210.6236998,210.6237
7401,3.7005,3.700249999,3.700749999,-0.000000001,-0.000000001,patch_7404,1264.78019,1264.932426,210.6236998,210.6237
7402,3.701,3.700749999,3.70125,-0.000000001,-0.000000001,patch_7405,1264.932426,1265.084662,210.6236998,210.6237
7403,3.7015,3.70125,3.701750001,-0.000000001,-0.000000001,patch_7406,1265.084662,1265.236898,210.6236998,210.6237
7404,3.702,3.701750001,3.702250001,-0.000000001,-0.000000001,patch_7407,1265.236898,1265.389134,210.6236998,210.6237
7405,3.7025,3.702250001,3.702749999,-0.000000001,-0.000000001,patch_7408,1265.389134,1265.541369,210.6236998,210.6237
7406,3.703,3.702749999,3.703249999,-0.000000001,-0.000000001,patch_7409,1265.541369,1265.693605,210.6236998,210.6237
7407,3.7035,3.703249999,3.70375,-0.000000001,-0.000000001,patch_7410,1265.693605,1265.845841,210.6236998,210.6237
7408,3.704,3.70375,3.704250001,-0.000000001,-0.000000001,patch_7411,1265.845841,1265.998077,210.6236998,210.6237
7409,3.7045,3.704250001,3.704750001,-0.000000001,-0.000000001,patch_7412,1265.998077,1266.150313,210.6236998,210.6237
7410,3.705,3.704750001,3.705249999,-0.000000001,-0.000000001,patch_7413,1266.150313,1266.302548,210.6236998,210.6237
7411,3.7055,3.705249999,3.705749999,-0.000000001,-0.000000001,patch_7414,1266.302548,1266.454784,210.6236998,210.6237
7412,3.706,3.705749999,3.70625,-0.000000001,-0.000000001,patch_7415,1266.454784,1266.60702,210.6236998,210.6237
7413,3.7065,3.70625,3.706750001,-0.000000001,-0.000000001,patch_7416,1266.60702,1266.759256,210.6236998,210.6237
7414,3.707,3.706750001,3.707249998,-0.000000001,-0.000000001,patch_7417,1266.759256,1266.911491,210.6236998,210.6237
7415,3.7075,3.707249998,3.707749999,-0.000000001,-0.000000001,patch_7418,1266.911491,1267.063727,210.6236998,210.6237
7416,3.708,3.707749999,3.70825,-0.000000001,-0.000000001,patch_7419,1267.063727,1267.215963,210.6236998,210.6237
7417,3.7085,3.70825,3.70875,-0.000000001,-0.000000001,patch_7420,1267.215963,1267.368199,210.6236998,210.6237
7418,3.709,3.70875,3.709250001,-0.000000001,-0.000000001,patch_7421,1267.368199,1267.520435,210.6236998,210.6237
7419,3.7095,3.709250001,3.709749998,-0.000000001,-0.000000001,patch_7422,1267.520435,1267.67267,210.6236998,210.6237
7420,3.71,3.709749998,3.710249999,-0.000000001,-0.000000001,patch_7423,1267.67267,1267.824906,210.6236998,210.6237
7421,3.7105,3.710249999,3.71075,-0.000000001,-0.000000001,patch_7424,1267.824906,1267.977142,210.6236998,210.6237
7422,3.711,3.71075,3.71125,-0.000000001,-0.000000001,patch_7425,1267.977142,1268.129378,210.6236998,210.6237
7423,3.7115,3.71125,3.711750001,-0.000000001,-0.000000001,patch_7426,1268.129378,1268.281614,210.6236998,210.6237
7424,3.712,3.711750001,3.712249998,-0.000000001,-0.000000001,patch_7427,1268.281614,1268.433849,210.6236998,210.6237
7425,3.7125,3.712249998,3.712749999,-0.000000007,-0.000000008,patch_7428,1268.433849,1268.586085,210.6236998,210.623701
7426,3.713,3.712749999,3.71325,-0.000000007,-0.000000008,patch_7429,1268.586085,1268.738321,210.6236998,210.623701
7427,3.7135,3.71325,3.71375,-0.000000007,-0.000000008,patch_7430,1268.738321,1268.890557,210.6236998,210.623701
7428,3.714,3.71375,3.714250001,-0.000000007,-0.000000008,patch_7431,1268.890557,1269.042793,210.6236998,210.623701
7429,3.7145,3.714250001,3.714749998,-0.000000001,-0.000000001,patch_7432,1269.042793,1269.195028,210.6236998,210.6237
7430,3.715,3.714749998,3.715249999,-0.000000001,-0.000000001,patch_7433,1269.195028,1269.347264,210.6236998,210.6237
7431,3.7155,3.715249999,3.71575,-0.000000001,-0.000000001,patch_7434,1269.347264,1269.4995,210.6236998,210.6237
7432,3.716,3.71575,3.71625,0.000000005,0.000000005,patch_7435,1269.4995,1269.651736,210.6236998,210.623699
7433,3.7165,3.71625,3.716750001,0.000000005,0.000000005,patch_7436,1269.651736,1269.803972,210.6236998,210.623699
7434,3.717,3.716750001,3.717249999,0.000000011,0.000000012,patch_7437,1269.803972,1269.956207,210.6236998,210.623698
7435,3.7175,3.717249999,3.717749999,0.000000011,0.000000012,patch_7438,1269.956207,1270.108443,210.6236998,210.623698
7436,3.718,3.717749999,3.71825,0.000000011,0.000000012,patch_7439,1270.108443,1270.260679,210.6236998,210.623698
7437,3.7185,3.71825,3.718750001,0.000000005,0.000000005,patch_7440,1270.260679,1270.412915,210.6236998,210.623699
7438,3.719,3.718750001,3.719250001,-0.000000001,-0.000000001,patch_7441,1270.412915,1270.565151,210.6236998,210.6237
7439,3.7195,3.719250001,3.719749999,-0.000000013,-0.000000014,patch_7442,1270.565151,1270.717386,210.6236998,210.623702
7440,3.72,3.719749999,3.720249999,-0.000000025,-0.000000027,patch_7443,1270.717386,1270.869622,210.6236998,210.623704
7441,3.7205,3.720249999,3.72075,-0.000000037,-0.00000004,patch_7444,1270.869622,1271.021858,210.6236998,210.623706
7442,3.721,3.72075,3.721250001,-0.000000042,-0.000000046,patch_7445,1271.021858,1271.174094,210.6236998,210.623707
7443,3.7215,3.721250001,3.721750001,-0.000000048,-0.000000053,patch_7446,1271.174094,1271.32633,210.6236998,210.623708
7444,3.722,3.721750001,3.722249999,-0.000000042,-0.000000046,patch_7447,1271.32633,1271.478565,210.6236998,210.623707
7445,3.7225,3.722249999,3.722749999,-0.000000025,-0.000000027,patch_7448,1271.478565,1271.630801,210.6236998,210.623704
7446,3.723,3.722749999,3.72325,-0.000000001,-0.000000001,patch_7449,1271.630801,1271.783037,210.6236998,210.6237
7447,3.7235,3.72325,3.723750001,0.000000034,0.000000037,patch_7450,1271.783037,1271.935273,210.6236998,210.623694
7448,3.724,3.723750001,3.724250001,0.000000081,0.000000089,patch_7451,1271.935273,1272.087509,210.6236998,210.623686
7449,3.7245,3.724250001,3.724749999,0.000000122,0.000000134,patch_7452,1272.087509,1272.239744,210.6236998,210.623679
7450,3.725,3.724749999,3.725249999,0.000000152,0.000000166,patch_7453,1272.239744,1272.39198,210.6236998,210.623674
7451,3.7255,3.725249999,3.72575,0.000000164,0.000000179,patch_7454,1272.39198,1272.544216,210.6236998,210.623672
7452,3.726,3.72575,3.726250001,0.000000146,0.00000016,patch_7455,1272.544216,1272.696452,210.6236998,210.623675
7453,3.7265,3.726250001,3.726750001,0.000000093,0.000000102,patch_7456,1272.696452,1272.848688,210.6236998,210.623684
7454,3.727,3.726750001,3.727249999,-0.000000007,-0.000000008,patch_7457,1272.848688,1273.000923,210.6236998,210.623701
7455,3.7275,3.727249999,3.727749999,-0.000000148,-0.000000162,patch_7458,1273.000923,1273.153159,210.6236998,210.623725
7456,3.728,3.727749999,3.72825,-0.000000307,-0.000000337,patch_7459,1273.153159,1273.305395,210.6236998,210.623752
7457,3.7285,3.72825,3.728750001,-0.00000046,-0.000000504,patch_7460,1273.305395,1273.457631,210.6236998,210.623778
7458,3.729,3.728750001,3.729249998,-0.000000572,-0.000000627,patch_7461,1273.457631,1273.609866,210.6236998,210.623797
7459,3.7295,3.729249998,3.729749999,-0.000000614,-0.000000672,patch_7462,1273.609866,1273.762102,210.6236998,210.623804
7460,3.73,3.729749999,3.73025,-0.000000549,-0.000000601,patch_7463,1273.762102,1273.914338,210.6236998,210.623793
7461,3.7305,3.73025,3.73075,-0.000000354,-0.000000388,patch_7464,1273.914338,1274.066574,210.6236998,210.62376
7462,3.731,3.73075,3.731250001,-0.000000001,-0.000000001,patch_7465,1274.066574,1274.21881,210.6236998,210.6237
7463,3.7315,3.731250001,3.731749998,0.000000529,0.000000579,patch_7466,1274.21881,1274.371045,210.6236998,210.62361
7464,3.732,3.731749998,3.732249999,0.000001129,0.000001237,patch_7467,1274.371045,1274.523281,210.6236998,210.623508
7465,3.7325,3.732249999,3.73275,0.000001695,0.000001856,patch_7468,1274.523281,1274.675517,210.6236998,210.623412
7466,3.733,3.73275,3.73325,0.000002113,0.000002313,patch_7469,1274.675517,1274.827753,210.6236998,210.623341
7467,3.7335,3.73325,3.733750001,0.000002272,0.000002487,patch_7470,1274.827753,1274.979989,210.6236998,210.623314
7468,3.734,3.733750001,3.734249998,0.000002048,0.000002242,patch_7471,1274.979989,1275.132224,210.6236998,210.623352
7469,3.7345,3.734249998,3.734749999,0.000001329,0.000001456,patch_7472,1275.132224,1275.28446,210.6236998,210.623474
7470,3.735,3.734749999,3.73525,0.000000011,0.000000012,patch_7473,1275.28446,1275.436696,210.6236998,210.623698
7471,3.7355,3.73525,3.73575,-0.000001938,-0.000002122,patch_7474,1275.436696,1275.588932,210.6236998,210.624029
7472,3.736,3.73575,3.736250001,-0.000004193,-0.000004592,patch_7475,1275.588932,1275.741168,210.6236998,210.624412
7473,3.7365,3.736250001,3.736749998,-0.000006313,-0.000006913,patch_7476,1275.741168,1275.893403,210.6236998,210.624772
7474,3.737,3.736749998,3.737249999,-0.000007885,-0.000008634,patch_7477,1275.893403,1276.045639,210.6236998,210.625039
7475,3.7375,3.737249999,3.73775,-0.00000848,-0.000009286,patch_7478,1276.045639,1276.197875,210.6236998,210.62514
7476,3.738,3.73775,3.73825,-0.000007673,-0.000008402,patch_7479,1276.197875,1276.350111,210.6236998,210.625003
7477,3.7385,3.73825,3.738750001,-0.000005035,-0.000005514,patch_7480,1276.350111,1276.502347,210.6236998,210.624555
7478,3.739,3.738750001,3.739249999,-0.000000142,-0.000000156,patch_7481,1276.502347,1276.654582,210.6236998,210.623724
7479,3.7395,3.739249999,3.739749999,0.000007111,0.000007787,patch_7482,1276.654582,1276.806818,210.6236998,210.622492
7480,3.74,3.739749999,3.74025,0.000015507,0.000016981,patch_7483,1276.806818,1276.959054,210.6236998,210.621066
7481,3.7405,3.74025,3.740750001,0.00002345,0.000025679,patch_7484,1276.959054,1277.11129,210.6236998,210.619717
7482,3.741,3.740750001,3.741250001,0.000029361,0.000032152,patch_7485,1277.11129,1277.263526,210.6236998,210.618713
7483,3.7415,3.741250001,3.741749999,0.000031646,0.000034653,patch_7486,1277.263526,1277.415761,210.6236998,210.618325
7484,3.742,3.741749999,3.742249999,0.000028719,0.000031449,patch_7487,1277.415761,1277.567997,210.6236998,210.618822
7485,3.7425,3.742249999,3.74275,0.000018987,0.000020792,patch_7488,1277.567997,1277.720233,210.6236998,210.620475
7486,3.743,3.74275,3.743250001,0.000000876,0.000000959,patch_7489,1277.720233,1277.872469,210.6236998,210.623551
7487,3.7435,3.743250001,3.743750001,-0.000026102,-0.000028583,patch_7490,1277.872469,1278.024705,210.6236998,210.628133
7488,3.744,3.743750001,3.744249999,-0.000057407,-0.000062863,patch_7491,1278.024705,1278.17694,210.6236998,210.63345
7489,3.7445,3.744249999,3.744749999,-0.000087129,-0.00009541,patch_7492,1278.17694,1278.329176,210.6236998,210.638498
7490,3.745,3.744749999,3.74525,-0.000109337,-0.000119729,patch_7493,1278.329176,1278.481412,210.6236998,210.64227
7491,3.7455,3.74525,3.745750001,-0.00011811,-0.000129336,patch_7494,1278.481412,1278.633648,210.6236998,210.64376
7492,3.746,3.745750001,3.746250001,-0.000107518,-0.000117737,patch_7495,1278.633648,1278.785884,210.6236998,210.641961
7493,3.7465,3.746250001,3.746749999,-0.000071638,-0.000078447,patch_7496,1278.785884,1278.938119,210.6236998,210.635867
7494,3.747,3.746749999,3.747249999,-0.000004552,-0.000004985,patch_7497,1278.938119,1279.090355,210.6236998,210.624473
7495,3.7475,3.747249999,3.74775,0.000095705,0.000104801,patch_7498,1279.090355,1279.242591,210.6236998,210.607445
7496,3.748,3.74775,3.748250001,0.000212477,0.000232672,patch_7499,1279.242591,1279.394827,210.6236998,210.587612
7497,3.7485,3.748250001,3.748750001,0.000323657,0.000354419,patch_7500,1279.394827,1279.547063,210.6236998,210.568729
7498,3.749,3.748750001,3.749249999,0.000407122,0.000445817,patch_7501,1279.547063,1279.699298,210.6236998,210.554553
7499,3.7495,3.749249999,3.749749999,0.000440771,0.000482664,patch_7502,1279.699298,1279.851534,210.6236998,210.548838
7500,3.75,3.749749999,3.75025,0.000402494,0.000440749,patch_7503,1279.851534,1280.00377,210.6236998,210.555339
7501,3.7505,3.75025,3.750750001,0.000270178,0.000295857,patch_7504,1280.00377,1280.156006,210.6236998,210.577812
7502,3.751,3.750750001,3.751249998,0.000021707,0.00002377,patch_7505,1280.156006,1280.308241,210.6236998,210.620013
7503,3.7515,3.751249998,3.751749999,-0.000350908,-0.00038426,patch_7506,1280.308241,1280.460477,210.6236998,210.683299
7504,3.752,3.751749999,3.75225,-0.000786392,-0.000861135,patch_7507,1280.460477,1280.612713,210.6236998,210.757263
7505,3.7525,3.75225,3.75275,-0.001202224,-0.001316489,patch_7508,1280.612713,1280.764949,210.6236998,210.827889
7506,3.753,3.75275,3.753250001,-0.001515896,-0.001659974,patch_7509,1280.764949,1280.917185,210.6236998,210.881164
7507,3.7535,3.753250001,3.753749998,-0.001644886,-0.001801223,patch_7510,1280.917185,1281.06942,210.6236998,210.903072
7508,3.754,3.753749998,3.754249999,-0.001506676,-0.001649877,patch_7511,1281.06942,1281.221656,210.6236998,210.879598
7509,3.7545,3.754249999,3.75475,-0.001018742,-0.001115568,patch_7512,1281.221656,1281.373892,210.6236998,210.796726
7510,3.755,3.75475,3.75525,-0.00009858,-0.00010795,patch_7513,1281.373892,1281.526128,210.6236998,210.640443
7511,3.7555,3.75525,3.755750001,0.001314013,0.001438903,patch_7514,1281.526128,1281.678364,210.6236998,210.400524
7512,3.756,3.755750001,3.756249998,0.00316447,0.003465235,patch_7515,1281.678364,1281.830599,210.6236998,210.086237
7513,3.7565,3.756249998,3.756749999,0.005361476,0.005871055,patch_7516,1281.830599,1281.982835,210.6236998,209.713091
7514,3.757,3.756749999,3.75725,0.0078137,0.008556351,patch_7517,1281.982835,1282.135071,210.6236998,209.296598
7515,3.7575,3.75725,3.75775,0.010429823,0.011421122,patch_7518,1282.135071,1282.287307,210.6236998,208.852268
7516,3.758,3.75775,3.758250001,0.013118502,0.014365345,patch_7519,1282.287307,1282.439543,210.6236998,208.395615
7517,3.7585,3.758250001,3.758749998,0.015788416,0.017289019,patch_7520,1282.439543,1282.591778,210.6236998,207.942149
7518,3.759,3.758749998,3.759249999,0.018348228,0.020092128,patch_7521,1282.591778,1282.744014,210.6236998,207.507383
7519,3.7595,3.759249999,3.75975,0.020707755,0.022675915,patch_7522,1282.744014,1282.89625,210.6236998,207.106634
7520,3.76,3.75975,3.76025,0.02278299,0.02494839,patch_7523,1282.89625,1283.048486,210.6236998,206.75417
7521,3.7605,3.76025,3.760750001,0.024491986,0.026819818,patch_7524,1283.048486,1283.200722,210.6236998,206.463909
7522,3.761,3.760750001,3.761249999,0.025752792,0.028200457,patch_7525,1283.200722,1283.352957,210.6236998,206.24977
7523,3.7615,3.761249999,3.761749999,0.026483468,0.029000578,patch_7526,1283.352957,1283.505193,210.6236998,206.12567
7524,3.762,3.761749999,3.76225,0.026602065,0.029130448,patch_7527,1283.505193,1283.657429,210.6236998,206.105527
7525,3.7625,3.76225,3.762750001,0.02602664,0.028500331,patch_7528,1283.657429,1283.809665,210.6236998,206.203259
7526,3.763,3.762750001,3.763250001,0.02467525,0.027020499,patch_7529,1283.809665,1283.961901,210.6236998,206.432783
7527,3.7635,3.763250001,3.763749999,0.022500293,0.024638825,patch_7530,1283.961901,1284.114136,210.6236998,206.802184
7528,3.764,3.763749999,3.764249999,0.019647605,0.021515004,patch_7531,1284.114136,1284.266372,210.6236998,207.286693
7529,3.7645,3.764249999,3.76475,0.016330687,0.017882831,patch_7532,1284.266372,1284.418608,210.6236998,207.850048
7530,3.765,3.76475,3.765250001,0.012763109,0.013976173,patch_7533,1284.418608,1284.570844,210.6236998,208.455976
7531,3.7655,3.765250001,3.765750001,0.009158437,0.010028897,patch_7534,1284.570844,1284.72308,210.6236998,209.068204
7532,3.766,3.765750001,3.766249999,0.005730252,0.006274882,patch_7535,1284.72308,1284.875315,210.6236998,209.650457
7533,3.7665,3.766249999,3.766749999,0.002692116,0.002947987,patch_7536,1284.875315,1285.027551,210.6236998,210.166463
7534,3.767,3.766749999,3.76725,0.000257602,0.000282085,patch_7537,1285.027551,1285.179787,210.6236998,210.579948
7535,3.7675,3.76725,3.767750001,-0.00139804,-0.001530916,patch_7538,1285.179787,1285.332023,210.6236998,210.861147
7536,3.768,3.767750001,3.768250001,-0.002325626,-0.002546665,patch_7539,1285.332023,1285.484259,210.6236998,211.018691
7537,3.7685,3.768250001,3.768749999,-0.002658581,-0.002911265,patch_7540,1285.484259,1285.636494,210.6236998,211.075241
7538,3.769,3.768749999,3.769249999,-0.002530427,-0.002770931,patch_7541,1285.636494,1285.78873,210.6236998,211.053475
7539,3.7695,3.769249999,3.76975,-0.002074706,-0.002271896,patch_7542,1285.78873,1285.940966,210.6236998,210.976074
7540,3.77,3.76975,3.770250001,-0.001424953,-0.001560387,patch_7543,1285.940966,1286.093202,210.6236998,210.865718
7541,3.7705,3.770250001,3.770750001,-0.000714709,-0.000782638,patch_7544,1286.093202,1286.245438,210.6236998,210.745088
7542,3.771,3.770750001,3.771249999,-0.000077508,-0.000084875,patch_7545,1286.245438,1286.397673,210.6236998,210.636864
7543,3.7715,3.771249999,3.771749999,0.000370824,0.000406069,patch_7546,1286.397673,1286.549909,210.6236998,210.560718
7544,3.772,3.771749999,3.77225,0.000623875,0.000683171,patch_7547,1286.549909,1286.702145,210.6236998,210.517739
7545,3.7725,3.77225,3.772750001,0.000717002,0.00078515,patch_7548,1286.702145,1286.854381,210.6236998,210.501922
7546,3.773,3.772750001,3.773249998,0.000685632,0.000750798,patch_7549,1286.854381,1287.006616,210.6236998,210.50725
7547,3.7735,3.773249998,3.773749999,0.000565197,0.000618916,patch_7550,1287.006616,1287.158852,210.6236998,210.527705
7548,3.774,3.773749999,3.77425,0.000391125,0.000428299,patch_7551,1287.158852,1287.311088,210.6236998,210.55727
7549,3.7745,3.77425,3.77475,0.000198847,0.000217747,patch_7552,1287.311088,1287.463324,210.6236998,210.589927
7550,3.775,3.77475,3.775250001,0.000023797,0.000026059,patch_7553,1287.463324,1287.61556,210.6236998,210.619658
7551,3.7755,3.775250001,3.775749998,-0.000102932,-0.000112715,patch_7554,1287.61556,1287.767795,210.6236998,210.641182
7552,3.776,3.775749998,3.776249999,-0.000178319,-0.000195267,patch_7555,1287.767795,1287.920031,210.6236998,210.653986
7553,3.7765,3.776249999,3.77675,-0.000210513,-0.000230521,patch_7556,1287.920031,1288.072267,210.6236998,210.659454
7554,3.777,3.77675,3.77725,-0.000207705,-0.000227446,patch_7557,1288.072267,1288.224503,210.6236998,210.658977
7555,3.7775,3.77725,3.777750001,-0.000178083,-0.000195009,patch_7558,1288.224503,1288.376739,210.6236998,210.653946
7556,3.778,3.777750001,3.778249998,-0.000129833,-0.000142173,patch_7559,1288.376739,1288.528974,210.6236998,210.645751
7557,3.7785,3.778249998,3.778749999,-0.000071137,-0.000077899,patch_7560,1288.528974,1288.68121,210.6236998,210.635782
7558,3.779,3.778749999,3.77925,-0.000010193,-0.000011162,patch_7561,1288.68121,1288.833446,210.6236998,210.625431
7559,3.7795,3.77925,3.77975,0.000045341,0.00004965,patch_7562,1288.833446,1288.985682,210.6236998,210.615999
7560,3.78,3.77975,3.780250001,0.000091307,0.000099985,patch_7563,1288.985682,1289.137918,210.6236998,210.608192
7561,3.7805,3.780250001,3.780749998,0.00012502,0.000136903,patch_7564,1289.137918,1289.290153,210.6236998,210.602466
7562,3.781,3.780749998,3.781249999,0.000143796,0.000157463,patch_7565,1289.290153,1289.442389,210.6236998,210.599277
7563,3.7815,3.781249999,3.78175,0.00014495,0.000158727,patch_7566,1289.442389,1289.594625,210.6236998,210.599081
7564,3.782,3.78175,3.78225,0.000125803,0.00013776,patch_7567,1289.594625,1289.746861,210.6236998,210.602333
7565,3.7825,3.78225,3.782750001,0.00008367,0.000091623,patch_7568,1289.746861,1289.899097,210.6236998,210.609489
7566,3.783,3.782750001,3.783249998,0.000015861,0.000017368,patch_7569,1289.899097,1290.051332,210.6236998,210.621006
7567,3.7835,3.783249998,3.783749999,-0.000078374,-0.000085823,patch_7570,1290.051332,1290.203568,210.6236998,210.637011
7568,3.784,3.783749999,3.78425,-0.000186085,-0.000203771,patch_7571,1290.203568,1290.355804,210.6236998,210.655305
7569,3.7845,3.78425,3.784750001,-0.000288379,-0.000315788,patch_7572,1290.355804,1290.50804,210.6236998,210.672679
7570,3.785,3.784750001,3.785250001,-0.000366334,-0.000401152,patch_7573,1290.50804,1290.660276,210.6236998,210.685919
7571,3.7855,3.785250001,3.785749999,-0.000401036,-0.000439153,patch_7574,1290.660276,1290.812511,210.6236998,210.691813
7572,3.786,3.785749999,3.786249999,-0.000373552,-0.000409056,patch_7575,1290.812511,1290.964747,210.6236998,210.687145
7573,3.7865,3.786249999,3.78675,-0.000264975,-0.00029016,patch_7576,1290.964747,1291.116983,210.6236998,210.668704
7574,3.787,3.78675,3.787250001,-0.000056377,-0.000061735,patch_7577,1291.116983,1291.269219,210.6236998,210.633275
7575,3.7875,3.787250001,3.787750001,0.000266245,0.00029155,patch_7578,1291.269219,1291.421455,210.6236998,210.57848
7576,3.788,3.787750001,3.788249999,0.000680092,0.000744731,patch_7579,1291.421455,1291.57369,210.6236998,210.508191
7577,3.7885,3.788249999,3.788749999,0.001145734,0.00125463,patch_7580,1291.57369,1291.725926,210.6236998,210.429105
7578,3.789,3.788749999,3.78925,0.001623658,0.001777978,patch_7581,1291.725926,1291.878162,210.6236998,210.347933
7579,3.7895,3.78925,3.789750001,0.002074357,0.002271513,patch_7582,1291.878162,1292.030398,210.6236998,210.271385
7580,3.79,3.789750001,3.790250001,0.0024583,0.002691948,patch_7583,1292.030398,1292.182634,210.6236998,210.206175
7581,3.7905,3.790250001,3.790749999,0.00273598,0.00299602,patch_7584,1292.182634,1292.334869,210.6236998,210.159013
7582,3.791,3.790749999,3.791249999,0.002867884,0.003140461,patch_7585,1292.334869,1292.487105,210.6236998,210.13661
7583,3.7915,3.791249999,3.79175,0.002820717,0.003088811,patch_7586,1292.487105,1292.639341,210.6236998,210.144621
7584,3.792,3.79175,3.792250001,0.002609999,0.002858065,patch_7587,1292.639341,1292.791577,210.6236998,210.18041
7585,3.7925,3.792250001,3.792750001,0.002274282,0.002490441,patch_7588,1292.791577,1292.943813,210.6236998,210.237429
7586,3.793,3.792750001,3.793249999,0.001852257,0.002028304,patch_7589,1292.943813,1293.096048,210.6236998,210.309107
7587,3.7935,3.793249999,3.793749999,0.001382606,0.001514015,patch_7590,1293.096048,1293.248284,210.6236998,210.388874
7588,3.794,3.793749999,3.79425,0.000904022,0.000989945,patch_7591,1293.248284,1293.40052,210.6236998,210.470158
7589,3.7945,3.79425,3.794750001,0.00045519,0.000498453,patch_7592,1293.40052,1293.552756,210.6236998,210.546389
7590,3.795,3.794750001,3.795249998,0.000074803,0.000081913,patch_7593,1293.552756,1293.704991,210.6236998,210.610995
7591,3.7955,3.795249998,3.795749999,-0.000202465,-0.000221708,patch_7594,1293.704991,1293.857227,210.6236998,210.658087
7592,3.796,3.795749999,3.79625,-0.000375024,-0.000410668,patch_7595,1293.857227,1294.009463,210.6236998,210.687395
7593,3.7965,3.79625,3.79675,-0.000457536,-0.000501022,patch_7596,1294.009463,1294.161699,210.6236998,210.701409
7594,3.797,3.79675,3.797250001,-0.000464795,-0.000508972,patch_7597,1294.161699,1294.313935,210.6236998,210.702642
7595,3.7975,3.797250001,3.797749998,-0.000411587,-0.000450706,patch_7598,1294.313935,1294.46617,210.6236998,210.693605
7596,3.798,3.797749998,3.798249999,-0.000312702,-0.000342422,patch_7599,1294.46617,1294.618406,210.6236998,210.67681
7597,3.7985,3.798249999,3.79875,-0.000182923,-0.000200309,patch_7600,1294.618406,1294.770642,210.6236998,210.654768
7598,3.799,3.79875,3.79925,-0.000037035,-0.000040555,patch_7601,1294.770642,1294.922878,210.6236998,210.62999
7599,3.7995,3.79925,3.799750001,0.000110295,0.000120778,patch_7602,1294.922878,1295.075114,210.6236998,210.604967
7600,3.8,3.799750001,3.800249998,0.00024549,0.000268823,patch_7603,1295.075114,1295.227349,210.6236998,210.582005
7601,3.8005,3.800249998,3.800749999,0.000355516,0.000389305,patch_7604,1295.227349,1295.379585,210.6236998,210.563318
7602,3.801,3.800749999,3.80125,0.000427352,0.00046797,patch_7605,1295.379585,1295.531821,210.6236998,210.551117
7603,3.8015,3.80125,3.80175,0.000447972,0.000490549,patch_7606,1295.531821,1295.684057,210.6236998,210.547615
7604,3.802,3.80175,3.802250001,0.000404355,0.000442787,patch_7607,1295.684057,1295.836293,210.6236998,210.555023
7605,3.8025,3.802250001,3.802749998,0.000283478,0.000310421,patch_7608,1295.836293,1295.988528,210.6236998,210.575553
7606,3.803,3.802749998,3.803249999,0.000072313,0.000079186,patch_7609,1295.988528,1296.140764,210.6236998,210.611418
7607,3.8035,3.803249999,3.80375,-0.000220593,-0.000241559,patch_7610,1296.140764,1296.293,210.6236998,210.661166
7608,3.804,3.80375,3.80425,-0.00039025,-0.000427341,patch_7611,1296.293,1296.445236,210.6236998,210.689981
7609,3.8045,3.80425,3.804750001,-0.000126718,-0.000138762,patch_7612,1296.445236,1296.597472,210.6236998,210.645222
7610,3.805,3.804750001,3.805249998,0.000880954,0.000964684,patch_7613,1296.597472,1296.749707,210.6236998,210.474076
7611,3.8055,3.805249998,3.805749999,0.002943701,0.003223484,patch_7614,1296.749707,1296.901943,210.6236998,210.123733
7612,3.806,3.805749999,3.80625,0.006372457,0.006978125,patch_7615,1296.901943,1297.054179,210.6236998,209.541383
7613,3.8065,3.80625,3.806750001,0.011478168,0.012569107,patch_7616,1297.054179,1297.206415,210.6236998,208.674214
7614,3.807,3.806750001,3.807250001,0.018571775,0.020336922,patch_7617,1297.206415,1297.358651,210.6236998,207.469415
7615,3.8075,3.807250001,3.807749999,0.027901036,0.030552879,patch_7618,1297.358651,1297.510886,210.6236998,205.884906
7616,3.808,3.807749999,3.808249999,0.039108191,0.042825213,patch_7619,1297.510886,1297.663122,210.6236998,203.98145
7617,3.8085,3.808249999,3.80875,0.051498403,0.056393048,patch_7620,1297.663122,1297.815358,210.6236998,201.87706
7618,3.809,3.80875,3.809250001,0.064373192,0.070491517,patch_7621,1297.815358,1297.967594,210.6236998,199.690368
7619,3.8095,3.809250001,3.809750001,0.077034084,0.084355759,patch_7622,1297.967594,1298.11983,210.6236998,197.540005
7620,3.81,3.809750001,3.810249999,0.088782592,0.097220899,patch_7623,1298.11983,1298.272065,210.6236998,195.544604
7621,3.8105,3.810249999,3.810749999,0.098920253,0.108322089,patch_7624,1298.272065,1298.424301,210.6236998,193.822794
7622,3.811,3.810749999,3.81125,0.106748562,0.116894437,patch_7625,1298.424301,1298.576537,210.6236998,192.493211
7623,3.8115,3.81125,3.811750001,0.111651521,0.122263396,patch_7626,1298.576537,1298.728773,210.6236998,191.660478
7624,3.812,3.811750001,3.812250001,0.113845436,0.124665831,patch_7627,1298.728773,1298.881009,210.6236998,191.287857
7625,3.8125,3.812250001,3.812749999,0.114029218,0.12486708,patch_7628,1298.881009,1299.033244,210.6236998,191.256643
7626,3.813,3.812749999,3.813249999,0.112907729,0.123639,patch_7629,1299.033244,1299.18548,210.6236998,191.44712
7627,3.8135,3.813249999,3.81375,0.111185803,0.121753414,patch_7630,1299.18548,1299.337716,210.6236998,191.739577
7628,3.814,3.81375,3.814250001,0.109568267,0.11998214,patch_7631,1299.337716,1299.489952,210.6236998,192.014304
7629,3.8145,3.814250001,3.814750001,0.108759997,0.119097048,patch_7632,1299.489952,1299.642188,210.6236998,192.151583
7630,3.815,3.814750001,3.815249999,0.109465819,0.119869955,patch_7633,1299.642188,1299.794423,210.6236998,192.031704
7631,3.8155,3.815249999,3.815749999,0.112320987,0.122996491,patch_7634,1299.794423,1299.946659,210.6236998,191.546774
7632,3.816,3.815749999,3.81625,0.117220302,0.128361459,patch_7635,1299.946659,1300.098895,210.6236998,190.71466
7633,3.8165,3.81625,3.816750001,0.123611454,0.135360056,patch_7636,1300.098895,1300.251131,210.6236998,189.629168
7634,3.817,3.816750001,3.817249998,0.13093598,0.143380738,patch_7637,1300.251131,1300.403366,210.6236998,188.385149
7635,3.8175,3.817249998,3.817749999,0.138635382,0.151811927,patch_7638,1300.403366,1300.555602,210.6236998,187.07746
7636,3.818,3.817749999,3.81825,0.146151155,0.160042034,patch_7639,1300.555602,1300.707838,210.6236998,185.800959
7637,3.8185,3.81825,3.81875,0.152924802,0.167459479,patch_7640,1300.707838,1300.860074,210.6236998,184.650503
7638,3.819,3.81875,3.819250001,0.158397882,0.173452746,patch_7641,1300.860074,1301.01231,210.6236998,183.720939
7639,3.8195,3.819250001,3.819749998,0.162060142,0.177463084,patch_7642,1301.01231,1301.164545,210.6236998,183.09893
7640,3.82,3.819749998,3.820249999,0.163943182,0.179525097,patch_7643,1301.164545,1301.316781,210.6236998,182.779109
7641,3.8205,3.820249999,3.82075,0.164419304,0.180046472,patch_7644,1301.316781,1301.469017,210.6236998,182.698243
7642,3.821,3.82075,3.82125,0.16386601,0.179440591,patch_7645,1301.469017,1301.621253,210.6236998,182.792216
7643,3.8215,3.82125,3.821750001,0.16266085,0.178120886,patch_7646,1301.621253,1301.773489,210.6236998,182.996904
7644,3.822,3.821750001,3.822249998,0.161181371,0.176500791,patch_7647,1301.773489,1301.925724,210.6236998,183.248183
7645,3.8225,3.822249998,3.822749999,0.15980507,0.17499368,patch_7648,1301.925724,1302.07796,210.6236998,183.481938
7646,3.823,3.822749999,3.82325,0.158909525,0.174013019,patch_7649,1302.07796,1302.230196,210.6236998,183.63404
7647,3.8235,3.82325,3.82375,0.158850488,0.17394837,patch_7650,1302.230196,1302.382432,210.6236998,183.644067
7648,3.824,3.82375,3.824250001,0.159725379,0.174906415,patch_7651,1302.382432,1302.534668,210.6236998,183.495473
7649,3.8245,3.824250001,3.824749998,0.16146259,0.176808738,patch_7652,1302.534668,1302.686903,210.6236998,183.20042
7650,3.825,3.824749998,3.825249999,0.163987605,0.179573743,patch_7653,1302.686903,1302.839139,210.6236998,182.771564
7651,3.8255,3.825249999,3.82575,0.167225927,0.183119849,patch_7654,1302.839139,1302.991375,210.6236998,182.221558
7652,3.826,3.82575,3.82625,0.171102967,0.187365382,patch_7655,1302.991375,1303.143611,210.6236998,181.56307
7653,3.8265,3.82625,3.826750001,0.175544247,0.192228781,patch_7656,1303.143611,1303.295847,210.6236998,180.80875
7654,3.827,3.826750001,3.827249998,0.180475221,0.197628417,patch_7657,1303.295847,1303.448082,210.6236998,179.971259
7655,3.8275,3.827249998,3.827749999,0.185817062,0.203477972,patch_7658,1303.448082,1303.600318,210.6236998,179.063985
7656,3.828,3.827749999,3.82825,0.191437526,0.20963263,patch_7659,1303.600318,1303.752554,210.6236998,178.109389
7657,3.8285,3.82825,3.828750001,0.197167785,0.215907519,patch_7660,1303.752554,1303.90479,210.6236998,177.136145
7658,3.829,3.828750001,3.829250001,0.202838389,0.222117084,patch_7661,1303.90479,1304.057026,210.6236998,176.173033
7659,3.8295,3.829250001,3.829749999,0.208279904,0.228075786,patch_7662,1304.057026,1304.209261,210.6236998,175.24883
7660,3.83,3.829749999,3.830249999,0.213322834,0.233598019,patch_7663,1304.209261,1304.361497,210.6236998,174.392324
7661,3.8305,3.830249999,3.83075,0.217797728,0.238498227,patch_7664,1304.361497,1304.513733,210.6236998,173.632295
7662,3.831,3.83075,3.831250001,0.221535086,0.242590802,patch_7665,1304.513733,1304.665969,210.6236998,172.997531
7663,3.8315,3.831250001,3.831750001,0.224369941,0.245695094,patch_7666,1304.665969,1304.818205,210.6236998,172.516051
7664,3.832,3.831750001,3.832249999,0.226196081,0.247694799,patch_7667,1304.818205,1304.97044,210.6236998,172.205894
7665,3.8325,3.832249999,3.832749999,0.226949065,0.24851935,patch_7668,1304.97044,1305.122676,210.6236998,172.078005
7666,3.833,3.832749999,3.83325,0.226565346,0.24809916,patch_7669,1305.122676,1305.274912,210.6236998,172.143177
7667,3.8335,3.83325,3.833750001,0.224981294,0.246364553,patch_7670,1305.274912,1305.427148,210.6236998,172.412217
7668,3.834,3.833750001,3.834250001,0.22213341,0.243245993,patch_7671,1305.427148,1305.579384,210.6236998,172.89591
7669,3.8345,3.834250001,3.834749999,0.217958093,0.238673835,patch_7672,1305.579384,1305.731619,210.6236998,173.605058
7670,3.835,3.834749999,3.835249999,0.212391792,0.232578486,patch_7673,1305.731619,1305.883855,210.6236998,174.550455
7671,3.8355,3.835249999,3.83575,0.205382257,0.224902732,patch_7674,1305.883855,1306.036091,210.6236998,175.740975
7672,3.836,3.83575,3.836250001,0.197036893,0.215764187,patch_7675,1306.036091,1306.188327,210.6236998,177.158376
7673,3.8365,3.836250001,3.836750001,0.187580792,0.205409334,patch_7676,1306.188327,1306.340563,210.6236998,178.764428
7674,3.837,3.836750001,3.837249999,0.177241698,0.194087566,patch_7677,1306.340563,1306.492798,210.6236998,180.52045
7675,3.8375,3.837249999,3.837749999,0.166247487,0.182048414,patch_7678,1306.492798,1306.645034,210.6236998,182.387739
7676,3.838,3.837749999,3.83825,0.15482594,0.169541311,patch_7679,1306.645034,1306.79727,210.6236998,184.327608
7677,3.8385,3.83825,3.838750001,0.143204868,0.156815719,patch_7680,1306.79727,1306.949506,210.6236998,186.301365
7678,3.839,3.838750001,3.839249998,0.131612093,0.144121112,patch_7681,1306.949506,1307.101741,210.6236998,188.270316
7679,3.8395,3.839249998,3.839749999,0.120267947,0.131698767,patch_7682,1307.101741,1307.253977,210.6236998,190.197039
7680,3.84,3.839749999,3.84025,0.109281643,0.119668274,patch_7683,1307.253977,1307.406213,210.6236998,192.062985
7681,3.8405,3.84025,3.84075,0.098677081,0.108055805,patch_7684,1307.406213,1307.558449,210.6236998,193.864095
7682,3.841,3.84075,3.841250001,0.088476003,0.09688517,patch_7685,1307.558449,1307.710685,210.6236998,195.596676
7683,3.8415,3.841250001,3.841749998,0.078700118,0.086180139,patch_7686,1307.710685,1307.86292,210.6236998,197.257041
7684,3.842,3.841749998,3.842249999,0.069371175,0.075964531,patch_7687,1307.86292,1308.015156,210.6236998,198.841496
7685,3.8425,3.842249999,3.84275,0.060510889,0.066262122,patch_7688,1308.015156,1308.167392,210.6236998,200.346353
7686,3.843,3.84275,3.84325,0.052140991,0.057096711,patch_7689,1308.167392,1308.319628,210.6236998,201.767921
7687,3.8435,3.84325,3.843750001,0.044285886,0.048495021,patch_7690,1308.319628,1308.471864,210.6236998,203.102055
7688,3.844,3.843750001,3.844249998,0.037012131,0.040529934,patch_7691,1308.471864,1308.624099,210.6236998,204.337451
7689,3.8445,3.844249998,3.844749999,0.030419952,0.033311204,patch_7692,1308.624099,1308.776335,210.6236998,205.457086
7690,3.845,3.844749999,3.84525,0.024610531,0.026949629,patch_7693,1308.776335,1308.928571,210.6236998,206.443775
7691,3.8455,3.84525,3.84575,0.019685022,0.021555977,patch_7694,1308.928571,1309.080807,210.6236998,207.280338
7692,3.846,3.84575,3.846250001,0.015744604,0.017241044,patch_7695,1309.080807,1309.233043,210.6236998,207.94959
7693,3.8465,3.846250001,3.846749998,0.012890444,0.014115611,patch_7696,1309.233043,1309.385278,210.6236998,208.434349
7694,3.847,3.846749998,3.847249999,0.011223698,0.01229045,patch_7697,1309.385278,1309.537514,210.6236998,208.717434
7695,3.8475,3.847249999,3.84775,0.010832955,0.011862569,patch_7698,1309.537514,1309.68975,210.6236998,208.783799
7696,3.848,3.84775,3.84825,0.011594906,0.012696939,patch_7699,1309.68975,1309.841986,210.6236998,208.654387
7697,3.8485,3.84825,3.848750001,0.013210334,0.014465905,patch_7700,1309.841986,1309.994222,210.6236998,208.380018
7698,3.849,3.848750001,3.849249998,0.015374686,0.016835967,patch_7701,1309.994222,1310.146457,210.6236998,208.012418
7699,3.8495,3.849249998,3.849749999,0.017783406,0.019473623,patch_7702,1310.146457,1310.298693,210.6236998,207.603314
7700,3.85,3.849749999,3.85025,0.020131929,0.02204536,patch_7703,1310.298693,1310.450929,210.6236998,207.204434
7701,3.8505,3.85025,3.850750001,0.022115709,0.024217687,patch_7704,1310.450929,1310.603165,210.6236998,206.867503
7702,3.851,3.850750001,3.851250001,0.023430194,0.025657107,patch_7705,1310.603165,1310.755401,210.6236998,206.644247
7703,3.8515,3.851250001,3.851749999,0.02378508,0.026045724,patch_7706,1310.755401,1310.907636,210.6236998,206.583972
7704,3.852,3.851749999,3.852249999,0.02314556,0.025345421,patch_7707,1310.907636,1311.059872,210.6236998,206.69259
7705,3.8525,3.852249999,3.85275,0.021697457,0.023759684,patch_7708,1311.059872,1311.212108,210.6236998,206.93854
7706,3.853,3.85275,3.853250001,0.01963388,0.021499975,patch_7709,1311.212108,1311.364344,210.6236998,207.289024
7707,3.8535,3.853250001,3.853750001,0.017147907,0.018777723,patch_7710,1311.364344,1311.51658,210.6236998,207.711249
7708,3.854,3.853750001,3.854249999,0.014432633,0.015804377,patch_7711,1311.51658,1311.668815,210.6236998,208.172419
7709,3.8545,3.854249999,3.854749999,0.01168115,0.01279138,patch_7712,1311.668815,1311.821051,210.6236998,208.639739
7710,3.855,3.854749999,3.85525,0.009086541,0.009950168,patch_7713,1311.821051,1311.973287,210.6236998,209.080415
7711,3.8555,3.85525,3.855750001,0.00683562,0.007485309,patch_7714,1311.973287,1312.125523,210.6236998,209.462718
7712,3.856,3.855750001,3.856250001,0.00499492,0.00546966,patch_7715,1312.125523,1312.277759,210.6236998,209.775348
7713,3.8565,3.856250001,3.856749999,0.003522995,0.003857837,patch_7716,1312.277759,1312.429994,210.6236998,210.025344
7714,3.857,3.856749999,3.857249999,0.002374528,0.002600214,patch_7717,1312.429994,1312.58223,210.6236998,210.220403
7715,3.8575,3.857249999,3.85775,0.001504218,0.001647186,patch_7718,1312.58223,1312.734466,210.6236998,210.368219
7716,3.858,3.85775,3.858250001,0.000866758,0.000949139,patch_7719,1312.734466,1312.886702,210.6236998,210.476487
7717,3.8585,3.858250001,3.858750001,0.000416849,0.000456468,patch_7720,1312.886702,1313.038938,210.6236998,210.552901
7718,3.859,3.858750001,3.859249999,0.000109182,0.000119559,patch_7721,1313.038938,1313.191173,210.6236998,210.605156
7719,3.8595,3.859249999,3.859749999,-0.000098716,-0.000108098,patch_7722,1313.191173,1313.343409,210.6236998,210.640466
7720,3.86,3.859749999,3.86025,-0.000191496,-0.000209696,patch_7723,1313.343409,1313.495645,210.6236998,210.656224
7721,3.8605,3.86025,3.860750001,-0.000099811,-0.000109298,patch_7724,1313.495645,1313.647881,210.6236998,210.640652
7722,3.861,3.860750001,3.861249998,0.000247781,0.000271331,patch_7725,1313.647881,1313.800116,210.6236998,210.581616
7723,3.8615,3.861249998,3.861749999,0.000922698,0.001010396,patch_7726,1313.800116,1313.952352,210.6236998,210.466986
7724,3.862,3.861749999,3.86225,0.001996373,0.002186117,patch_7727,1313.952352,1314.104588,210.6236998,210.28463
7725,3.8625,3.86225,3.86275,0.003540234,0.003876715,patch_7728,1314.104588,1314.256824,210.6236998,210.022416
7726,3.863,3.86275,3.863250001,0.005625714,0.006160408,patch_7729,1314.256824,1314.40906,210.6236998,209.668212
7727,3.8635,3.863250001,3.863749998,0.008316706,0.009107164,patch_7730,1314.40906,1314.561295,210.6236998,209.211166
7728,3.864,3.863749998,3.864249999,0.011512583,0.012606792,patch_7731,1314.561295,1314.713531,210.6236998,208.668369
7729,3.8645,3.864249999,3.86475,0.01495282,0.016374005,patch_7732,1314.713531,1314.865767,210.6236998,208.084069
7730,3.865,3.86475,3.86525,0.01837033,0.020116331,patch_7733,1314.865767,1315.018003,210.6236998,207.503629
7731,3.8655,3.86525,3.865750001,0.021497985,0.023541252,patch_7734,1315.018003,1315.170239,210.6236998,206.972419
7732,3.866,3.865750001,3.866249998,0.024068695,0.026356295,patch_7735,1315.170239,1315.322474,210.6236998,206.535802
7733,3.8665,3.866249998,3.866749999,0.025815344,0.028268954,patch_7736,1315.322474,1315.47471,210.6236998,206.239146
7734,3.867,3.866749999,3.86725,0.026470826,0.028986736,patch_7737,1315.47471,1315.626946,210.6236998,206.127817
7735,3.8675,3.86725,3.86775,0.025779929,0.028230173,patch_7738,1315.626946,1315.779182,210.6236998,206.245161
7736,3.868,3.86775,3.868250001,0.023766051,0.026024886,patch_7739,1315.779182,1315.931418,210.6236998,206.587204
7737,3.8685,3.868250001,3.868749998,0.020734162,0.022704832,patch_7740,1315.931418,1316.083653,210.6236998,207.102149
7738,3.869,3.868749998,3.869249999,0.017001695,0.018617615,patch_7741,1316.083653,1316.235889,210.6236998,207.736082
7739,3.8695,3.869249999,3.86975,0.012886081,0.014110834,patch_7742,1316.235889,1316.388125,210.6236998,208.43509
7740,3.87,3.86975,3.87025,0.008704759,0.009532099,patch_7743,1316.388125,1316.540361,210.6236998,209.145258
7741,3.8705,3.87025,3.870750001,0.00477517,0.005229024,patch_7744,1316.540361,1316.692597,210.6236998,209.812671
7742,3.871,3.870750001,3.871249998,0.001414735,0.001549198,patch_7745,1316.692597,1316.844832,210.6236998,210.383417
7743,3.8715,3.871249998,3.871749999,-0.001068006,-0.001169514,patch_7746,1316.844832,1316.997068,210.6236998,210.805093
7744,3.872,3.871749999,3.87225,-0.002589029,-0.002835102,patch_7747,1316.997068,1317.149304,210.6236998,211.063428
7745,3.8725,3.87225,3.872750001,-0.003300239,-0.003613908,patch_7748,1317.149304,1317.30154,210.6236998,211.184222
7746,3.873,3.872750001,3.873250001,-0.003364716,-0.003684514,patch_7749,1317.30154,1317.453776,210.6236998,211.195173
7747,3.8735,3.873250001,3.873749999,-0.002945576,-0.003225537,patch_7750,1317.453776,1317.606011,210.6236998,211.123985
7748,3.874,3.873749999,3.874249999,-0.002205898,-0.002415557,patch_7751,1317.606011,1317.758247,210.6236998,210.998356
7749,3.8745,3.874249999,3.87475,-0.001308787,-0.00143318,patch_7752,1317.758247,1317.910483,210.6236998,210.845988
7750,3.875,3.87475,3.875250001,-0.00041734,-0.000457006,patch_7753,1317.910483,1318.062719,210.6236998,210.694582
7751,3.8755,3.875250001,3.875750001,0.000308578,0.000337907,patch_7754,1318.062719,1318.214955,210.6236998,210.57129
7752,3.876,3.875750001,3.876249999,0.000796747,0.000872473,patch_7755,1318.214955,1318.36719,210.6236998,210.488378
7753,3.8765,3.876249999,3.876749999,0.001070741,0.001172509,patch_7756,1318.36719,1318.519426,210.6236998,210.441842
7754,3.877,3.876749999,3.87725,0.001159011,0.001269169,patch_7757,1318.519426,1318.671662,210.6236998,210.42685
7755,3.8775,3.87725,3.877750001,0.001089994,0.001193592,patch_7758,1318.671662,1318.823898,210.6236998,210.438572
7756,3.878,3.877750001,3.878250001,0.000892129,0.000976921,patch_7759,1318.823898,1318.976134,210.6236998,210.472178
7757,3.8785,3.878250001,3.878749999,0.000593859,0.000650302,patch_7760,1318.976134,1319.128369,210.6236998,210.522837
7758,3.879,3.878749999,3.879249999,0.000223623,0.000244877,patch_7761,1319.128369,1319.280605,210.6236998,210.585719
7759,3.8795,3.879249999,3.87975,-0.000189818,-0.000207859,patch_7762,1319.280605,1319.432841,210.6236998,210.655939
7760,3.88,3.87975,3.880250001,-0.00060834,-0.000666159,patch_7763,1319.432841,1319.585077,210.6236998,210.727022
7761,3.8805,3.880250001,3.880750001,-0.000983198,-0.001076645,patch_7764,1319.585077,1319.737313,210.6236998,210.790689
7762,3.881,3.880750001,3.881249999,-0.001265052,-0.001385289,patch_7765,1319.737313,1319.889548,210.6236998,210.83856
7763,3.8815,3.881249999,3.881749999,-0.001404575,-0.001538073,patch_7766,1319.889548,1320.041784,210.6236998,210.862257
7764,3.882,3.881749999,3.88225,-0.001352439,-0.001480981,patch_7767,1320.041784,1320.19402,210.6236998,210.853402
7765,3.8825,3.88225,3.882750001,-0.001059303,-0.001159985,patch_7768,1320.19402,1320.346256,210.6236998,210.803615
7766,3.883,3.882750001,3.883249998,-0.000475841,-0.000521067,patch_7769,1320.346256,1320.498491,210.6236998,210.704518
7767,3.8835,3.883249998,3.883749999,0.000447583,0.000490123,patch_7770,1320.498491,1320.650727,210.6236998,210.547681
7768,3.884,3.883749999,3.88425,0.001770211,0.00193846,patch_7771,1320.650727,1320.802963,210.6236998,210.323042
7769,3.8845,3.88425,3.88475,0.003562643,0.003901253,patch_7772,1320.802963,1320.955199,210.6236998,210.01861
7770,3.885,3.88475,3.885250001,0.005896141,0.006456537,patch_7773,1320.955199,1321.107435,210.6236998,209.622282
7771,3.8855,3.885250001,3.885749998,0.008841962,0.009682343,patch_7774,1321.107435,1321.25967,210.6236998,209.121955
7772,3.886,3.885749998,3.886249999,0.012471368,0.013656705,patch_7775,1321.25967,1321.411906,210.6236998,208.505526
7773,3.8865,3.886249999,3.88675,0.016855613,0.018457648,patch_7776,1321.411906,1321.564142,210.6236998,207.760893
7774,3.887,3.88675,3.88725,0.022065968,0.02416322,patch_7777,1321.564142,1321.716378,210.6236998,206.875951
7775,3.8875,3.88725,3.887750001,0.02816863,0.030845907,patch_7778,1321.716378,1321.868614,210.6236998,205.839457
7776,3.888,3.887750001,3.888249998,0.03505567,0.038387522,patch_7779,1321.868614,1322.020849,210.6236998,204.669742
7777,3.8885,3.888249998,3.888749999,0.042404984,0.046435349,patch_7780,1322.020849,1322.173085,210.6236998,203.421513
7778,3.889,3.888749999,3.88925,0.049881309,0.054622258,patch_7781,1322.173085,1322.325321,210.6236998,202.151712
7779,3.8895,3.88925,3.88975,0.057149389,0.06258113,patch_7782,1322.325321,1322.477557,210.6236998,200.91728
7780,3.89,3.88975,3.890250001,0.063873955,0.06994483,patch_7783,1322.477557,1322.629793,210.6236998,199.77516
7781,3.8905,3.890250001,3.890749998,0.069719738,0.076346223,patch_7784,1322.629793,1322.782028,210.6236998,198.782295
7782,3.891,3.890749998,3.891249999,0.074351482,0.08141819,patch_7785,1322.782028,1322.934264,210.6236998,197.995626
7783,3.8915,3.891249999,3.89175,0.077442921,0.084803453,patch_7786,1322.934264,1323.0865,210.6236998,197.470567
7784,3.892,3.89175,3.89225,0.079005088,0.086514095,patch_7787,1323.0865,1323.238736,210.6236998,197.205244
7785,3.8925,3.89225,3.892750001,0.079480686,0.087034897,patch_7788,1323.238736,1323.390972,210.6236998,197.124467
7786,3.893,3.892750001,3.893249998,0.079340515,0.086881403,patch_7789,1323.390972,1323.543207,210.6236998,197.148274
7787,3.8935,3.893249998,3.893749999,0.079055464,0.086569259,patch_7790,1323.543207,1323.695443,210.6236998,197.196688
7788,3.894,3.893749999,3.89425,0.07909636,0.086614043,patch_7791,1323.695443,1323.847679,210.6236998,197.189742
7789,3.8945,3.89425,3.89475,0.079934046,0.087531346,patch_7792,1323.847679,1323.999915,210.6236998,197.047467
7790,3.895,3.89475,3.895250001,0.082039368,0.089836767,patch_7793,1323.999915,1324.152151,210.6236998,196.689893
7791,3.8955,3.895250001,3.895749999,0.08587278,0.094034525,patch_7794,1324.152151,1324.304386,210.6236998,196.038815
7792,3.896,3.895749999,3.896249999,0.091467567,0.100161066,patch_7795,1324.304386,1324.456622,210.6236998,195.08858
7793,3.8965,3.896249999,3.89675,0.098288451,0.107630238,patch_7796,1324.456622,1324.608858,210.6236998,193.930101
7794,3.897,3.89675,3.897250001,0.105760796,0.11581279,patch_7797,1324.608858,1324.761094,210.6236998,192.660976
7795,3.8975,3.897250001,3.897750001,0.113309912,0.124079408,patch_7798,1324.761094,1324.91333,210.6236998,191.378812
7796,3.898,3.897750001,3.898249999,0.120361162,0.131800842,patch_7799,1324.91333,1325.065565,210.6236998,190.181207
7797,3.8985,3.898249999,3.898749999,0.12633988,0.138347805,patch_7800,1325.065565,1325.217801,210.6236998,189.165764
7798,3.899,3.898749999,3.89925,0.130671412,0.143091025,patch_7801,1325.217801,1325.370037,210.6236998,188.430084
7799,3.8995,3.89925,3.899750001,0.132790893,0.145411952,patch_7802,1325.370037,1325.522273,210.6236998,188.070105
7800,3.9,3.899750001,3.900250001,0.132575913,0.145176538,patch_7803,1325.522273,1325.674509,210.6236998,188.106618
7801,3.9005,3.900250001,3.900749999,0.130516722,0.142921632,patch_7804,1325.674509,1325.826744,210.6236998,188.456357
7802,3.901,3.900749999,3.901249999,0.12714858,0.139233367,patch_7805,1325.826744,1325.97898,210.6236998,189.028412
7803,3.9015,3.901249999,3.90175,0.123006707,0.134697831,patch_7806,1325.97898,1326.131216,210.6236998,189.73188
7804,3.902,3.90175,3.902250001,0.118626401,0.1299012,patch_7807,1326.131216,1326.283452,210.6236998,190.475844
7805,3.9025,3.902250001,3.902750001,0.114542857,0.125429538,patch_7808,1326.283452,1326.435688,210.6236998,191.169405
7806,3.903,3.902750001,3.903249999,0.111291365,0.121869009,patch_7809,1326.435688,1326.587923,210.6236998,191.721648
7807,3.9035,3.903249999,3.903749999,0.109400412,0.119798331,patch_7810,1326.587923,1326.740159,210.6236998,192.042813
7808,3.904,3.903749999,3.90425,0.109063453,0.119429347,patch_7811,1326.740159,1326.892395,210.6236998,192.100043
7809,3.9045,3.90425,3.904750001,0.109991116,0.120445179,patch_7812,1326.892395,1327.044631,210.6236998,191.942486
7810,3.905,3.904750001,3.905249998,0.111856475,0.12248783,patch_7813,1327.044631,1327.196866,210.6236998,191.625668
7811,3.9055,3.905249998,3.905749999,0.114332598,0.125199295,patch_7814,1327.196866,1327.349102,210.6236998,191.205116
7812,3.906,3.905749999,3.90625,0.117092595,0.128221615,patch_7815,1327.349102,1327.501338,210.6236998,190.73635
7813,3.9065,3.90625,3.90675,0.119809511,0.131196759,patch_7816,1327.501338,1327.653574,210.6236998,190.274901
7814,3.907,3.90675,3.907250001,0.122156456,0.133766769,patch_7817,1327.653574,1327.80581,210.6236998,189.876289
7815,3.9075,3.907250001,3.907749998,0.123810455,0.135577971,patch_7818,1327.80581,1327.958045,210.6236998,189.595369
7816,3.908,3.907749998,3.908249999,0.124666823,0.136515732,patch_7819,1327.958045,1328.110281,210.6236998,189.449921
7817,3.9085,3.908249999,3.90875,0.124948177,0.136823827,patch_7820,1328.110281,1328.262517,210.6236998,189.402135
7818,3.909,3.90875,3.90925,0.124904048,0.136775504,patch_7821,1328.262517,1328.414753,210.6236998,189.40963
7819,3.9095,3.90925,3.909750001,0.12478396,0.136644003,patch_7822,1328.414753,1328.566989,210.6236998,189.430026
7820,3.91,3.909750001,3.910249998,0.124837451,0.136702577,patch_7823,1328.566989,1328.719224,210.6236998,189.420941
7821,3.9105,3.910249998,3.910749999,0.125314085,0.137224514,patch_7824,1328.719224,1328.87146,210.6236998,189.339988
7822,3.911,3.910749999,3.91125,0.126463336,0.138482994,patch_7825,1328.87146,1329.023696,210.6236998,189.144796
7823,3.9115,3.91125,3.91175,0.1285319,0.140748164,patch_7826,1329.023696,1329.175932,210.6236998,188.793465
7824,3.912,3.91175,3.912250001,0.131589354,0.144096212,patch_7827,1329.175932,1329.328168,210.6236998,188.274178
7825,3.9125,3.912250001,3.912749998,0.13542886,0.148300643,patch_7828,1329.328168,1329.480403,210.6236998,187.622065
7826,3.913,3.912749998,3.913249999,0.139819635,0.153108737,patch_7829,1329.480403,1329.632639,210.6236998,186.876323
7827,3.9135,3.913249999,3.91375,0.144530846,0.158267724,patch_7830,1329.632639,1329.784875,210.6236998,186.076157
7828,3.914,3.91375,3.91425,0.149331729,0.163524904,patch_7831,1329.784875,1329.937111,210.6236998,185.260761
7829,3.9145,3.91425,3.914750001,0.153991399,0.168627451,patch_7832,1329.937111,1330.089347,210.6236998,184.469349
7830,3.915,3.914750001,3.915249998,0.158279102,0.173322677,patch_7833,1330.089347,1330.241582,210.6236998,183.741113
7831,3.9155,3.915249998,3.915749999,0.161965248,0.177359172,patch_7834,1330.241582,1330.393818,210.6236998,183.115047
7832,3.916,3.915749999,3.91625,0.164906307,0.180579762,patch_7835,1330.393818,1330.546054,210.6236998,182.615529
7833,3.9165,3.91625,3.91675,0.167098491,0.182980302,patch_7836,1330.546054,1330.69829,210.6236998,182.243202
7834,3.917,3.91675,3.917250001,0.168550804,0.184570648,patch_7837,1330.69829,1330.850526,210.6236998,181.996537
7835,3.9175,3.917250001,3.917749999,0.1692723,0.185360719,patch_7838,1330.850526,1331.002761,210.6236998,181.873996
7836,3.918,3.917749999,3.918249999,0.169272046,0.185360442,patch_7839,1331.002761,1331.154997,210.6236998,181.874039
7837,3.9185,3.918249999,3.91875,0.168559011,0.184579636,patch_7840,1331.154997,1331.307233,210.6236998,181.995143
7838,3.919,3.91875,3.919250001,0.167142273,0.183028244,patch_7841,1331.307233,1331.459469,210.6236998,182.235766
7839,3.9195,3.919250001,3.919750001,0.165032041,0.180717446,patch_7842,1331.459469,1331.611705,210.6236998,182.594174
7840,3.92,3.919750001,3.920249999,0.162329538,0.177758085,patch_7843,1331.611705,1331.76394,210.6236998,183.053175
7841,3.9205,3.920249999,3.920749999,0.15929003,0.174429688,patch_7844,1331.76394,1331.916176,210.6236998,183.569414
7842,3.921,3.920749999,3.92125,0.156183671,0.171028087,patch_7845,1331.916176,1332.068412,210.6236998,184.097007
7843,3.9215,3.92125,3.921750001,0.153280642,0.167849141,patch_7846,1332.068412,1332.220648,210.6236998,184.590066
7844,3.922,3.921750001,3.922250001,0.150851097,0.165188681,patch_7847,1332.220648,1332.372884,210.6236998,185.002707
7845,3.9225,3.922250001,3.922749999,0.149165181,0.163342527,patch_7848,1332.372884,1332.525119,210.6236998,185.289048
7846,3.923,3.922749999,3.923249999,0.148493048,0.162606512,patch_7849,1332.525119,1332.677355,210.6236998,185.403205
7847,3.9235,3.923249999,3.92375,0.149102152,0.163273508,patch_7850,1332.677355,1332.829591,210.6236998,185.299753
7848,3.924,3.92375,3.924250001,0.151020466,0.165374146,patch_7851,1332.829591,1332.981827,210.6236998,184.973941
7849,3.9245,3.924250001,3.924750001,0.153854025,0.16847702,patch_7852,1332.981827,1333.134063,210.6236998,184.492681
7850,3.925,3.924750001,3.925249999,0.157165955,0.172103732,patch_7853,1333.134063,1333.286298,210.6236998,183.930173
7851,3.9255,3.925249999,3.925749999,0.16051936,0.175775859,patch_7854,1333.286298,1333.438534,210.6236998,183.360621
7852,3.926,3.925749999,3.92625,0.163477298,0.179014934,patch_7855,1333.438534,1333.59077,210.6236998,182.858236
7853,3.9265,3.92625,3.926750001,0.165602833,0.181342489,patch_7856,1333.59077,1333.743006,210.6236998,182.497229
7854,3.927,3.926750001,3.927249998,0.166459094,0.182280134,patch_7857,1333.743006,1333.895241,210.6236998,182.351799
7855,3.9275,3.927249998,3.927749999,0.165611729,0.181352231,patch_7858,1333.895241,1334.047477,210.6236998,182.495718
7856,3.928,3.927749999,3.92825,0.16288428,0.178365552,patch_7859,1334.047477,1334.199713,210.6236998,182.958956
7857,3.9285,3.92825,3.92875,0.158573803,0.173645388,patch_7860,1334.199713,1334.351949,210.6236998,183.69106
7858,3.929,3.92875,3.929250001,0.153028056,0.167572547,patch_7861,1334.351949,1334.504185,210.6236998,184.632966
7859,3.9295,3.929250001,3.929749998,0.146594853,0.160527903,patch_7862,1334.504185,1334.65642,210.6236998,185.7256
7860,3.93,3.929749998,3.930249999,0.13962194,0.152892253,patch_7863,1334.65642,1334.808656,210.6236998,186.9099
7861,3.9305,3.930249999,3.93075,0.132457138,0.145046475,patch_7864,1334.808656,1334.960892,210.6236998,188.126791
7862,3.931,3.93075,3.93125,0.125448209,0.137371385,patch_7865,1334.960892,1335.113128,210.6236998,189.317208
7863,3.9315,3.93125,3.931750001,0.118941963,0.130246755,patch_7866,1335.113128,1335.265364,210.6236998,190.422248
7864,3.932,3.931750001,3.932249998,0.113171767,0.123928133,patch_7867,1335.265364,1335.417599,210.6236998,191.402275
7865,3.9325,3.932249998,3.932749999,0.108154013,0.118433469,patch_7868,1335.417599,1335.569835,210.6236998,192.254505
7866,3.933,3.932749999,3.93325,0.103880647,0.113753943,patch_7869,1335.569835,1335.722071,210.6236998,192.980306
7867,3.9335,3.93325,3.93375,0.100343568,0.109880683,patch_7870,1335.722071,1335.874307,210.6236998,193.581054
7868,3.934,3.93375,3.934250001,0.097534708,0.106804856,patch_7871,1335.874307,1336.026543,210.6236998,194.058119
7869,3.9345,3.934250001,3.934749998,0.09544599,0.104517616,patch_7872,1336.026543,1336.178778,210.6236998,194.412873
7870,3.935,3.934749998,3.935249999,0.094069324,0.103010105,patch_7873,1336.178778,1336.331014,210.6236998,194.64669
7871,3.9355,3.935249999,3.93575,0.093396102,0.102272897,patch_7874,1336.331014,1336.48325,210.6236998,194.761032
7872,3.936,3.93575,3.93625,0.093345673,0.102217675,patch_7875,1336.48325,1336.635486,210.6236998,194.769597
7873,3.9365,3.93625,3.936750001,0.093693729,0.102598813,patch_7876,1336.635486,1336.787722,210.6236998,194.710482
7874,3.937,3.936750001,3.937249998,0.094198949,0.103152051,patch_7877,1336.787722,1336.939957,210.6236998,194.624674
7875,3.9375,3.937249998,3.937749999,0.094619997,0.103613117,patch_7878,1336.939957,1337.092193,210.6236998,194.553162
7876,3.938,3.937749999,3.93825,0.094715538,0.103717739,patch_7879,1337.092193,1337.244429,210.6236998,194.536935
7877,3.9385,3.93825,3.93875,0.094244262,0.10320167,patch_7880,1337.244429,1337.396665,210.6236998,194.616978
7878,3.939,3.93875,3.939250001,0.092964833,0.101800638,patch_7881,1337.396665,1337.548901,210.6236998,194.83428
7879,3.9395,3.939250001,3.939749999,0.090636899,0.099251448,patch_7882,1337.548901,1337.701136,210.6236998,195.229663
7880,3.94,3.939749999,3.940249999,0.087171745,0.095456949,patch_7883,1337.701136,1337.853372,210.6236998,195.818195
7881,3.9405,3.940249999,3.94075,0.082795908,0.090665212,patch_7884,1337.853372,1338.005608,210.6236998,196.5614
7882,3.941,3.94075,3.941250001,0.077775187,0.085167299,patch_7885,1338.005608,1338.157844,210.6236998,197.414134
7883,3.9415,3.941250001,3.941750001,0.072375356,0.079254244,patch_7886,1338.157844,1338.31008,210.6236998,198.331257
7884,3.942,3.941750001,3.942249999,0.066862216,0.073217109,patch_7887,1338.31008,1338.462315,210.6236998,199.267625
7885,3.9425,3.942249999,3.942749999,0.061501551,0.067346942,patch_7888,1338.462315,1338.614551,210.6236998,200.178096
7886,3.943,3.942749999,3.94325,0.056559161,0.061934804,patch_7889,1338.614551,1338.766787,210.6236998,201.017526
7887,3.9435,3.94325,3.943750001,0.052300161,0.05727101,patch_7890,1338.766787,1338.919023,210.6236998,201.740887
7888,3.944,3.943750001,3.944250001,0.048864475,0.05350878,patch_7891,1338.919023,1339.071259,210.6236998,202.324414
7889,3.9445,3.944250001,3.944749999,0.046120699,0.050504223,patch_7892,1339.071259,1339.223494,210.6236998,202.790425
7890,3.945,3.944749999,3.945249999,0.043901937,0.04807458,patch_7893,1339.223494,1339.37573,210.6236998,203.167266
7891,3.9455,3.945249999,3.94575,0.042041295,0.046037093,patch_7894,1339.37573,1339.527966,210.6236998,203.483283
7892,3.946,3.94575,3.946250001,0.040371876,0.044209005,patch_7895,1339.527966,1339.680202,210.6236998,203.766822
7893,3.9465,3.946250001,3.946750001,0.038726791,0.042407564,patch_7896,1339.680202,1339.832438,210.6236998,204.046228
7894,3.947,3.946750001,3.947249999,0.036939128,0.040449993,patch_7897,1339.832438,1339.984673,210.6236998,204.34985
7895,3.9475,3.947249999,3.947749999,0.034842514,0.038154107,patch_7898,1339.984673,1340.136909,210.6236998,204.705945
7896,3.948,3.947749999,3.94825,0.032385309,0.035463358,patch_7899,1340.136909,1340.289145,210.6236998,205.123284
7897,3.9485,3.94825,3.948750001,0.02977525,0.032605227,patch_7900,1340.289145,1340.441381,210.6236998,205.566584
7898,3.949,3.948750001,3.949249998,0.027255681,0.029846187,patch_7901,1340.441381,1340.593616,210.6236998,205.994515
7899,3.9495,3.949249998,3.949749999,0.025069962,0.027452726,patch_7902,1340.593616,1340.745852,210.6236998,206.365744
7900,3.95,3.949749999,3.95025,0.023461422,0.025691304,patch_7903,1340.745852,1340.898088,210.6236998,206.638943
7901,3.9505,3.95025,3.95075,0.02267343,0.024828417,patch_7904,1340.898088,1341.050324,210.6236998,206.772778
7902,3.951,3.95075,3.951250001,0.02294932,0.025130529,patch_7905,1341.050324,1341.20256,210.6236998,206.72592
7903,3.9515,3.951250001,3.951749998,0.024531882,0.026863505,patch_7906,1341.20256,1341.354795,210.6236998,206.457133
7904,3.952,3.951749998,3.952249999,0.027508049,0.030122541,patch_7907,1341.354795,1341.507031,210.6236998,205.951652
7905,3.9525,3.952249999,3.95275,0.031597263,0.034600412,patch_7908,1341.507031,1341.659267,210.6236998,205.257128
7906,3.953,3.95275,3.95325,0.03646602,0.039931919,patch_7909,1341.659267,1341.811503,210.6236998,204.430204
7907,3.9535,3.95325,3.953750001,0.041780813,0.045751854,patch_7910,1341.811503,1341.963739,210.6236998,203.527524
7908,3.954,3.953750001,3.954249998,0.047208151,0.051695031,patch_7911,1341.963739,1342.115974,210.6236998,202.605729
7909,3.9545,3.954249998,3.954749999,0.052414532,0.05739625,patch_7912,1342.115974,1342.26821,210.6236998,201.721462
7910,3.955,3.954749999,3.95525,0.057066459,0.062490318,patch_7913,1342.26821,1342.420446,210.6236998,200.931365
7911,3.9555,3.95525,3.95575,0.060830931,0.066612583,patch_7914,1342.420446,1342.572682,210.6236998,200.291996
7912,3.956,3.95575,3.956250001,0.063548689,0.06958865,patch_7915,1342.572682,1342.724918,210.6236998,199.830404
7913,3.9565,3.956250001,3.956749998,0.065488046,0.071712332,patch_7916,1342.724918,1342.877153,210.6236998,199.501018
7914,3.957,3.956749998,3.957249999,0.06698185,0.073348113,patch_7917,1342.877153,1343.029389,210.6236998,199.247306
7915,3.9575,3.957249999,3.95775,0.068362996,0.074860531,patch_7918,1343.029389,1343.181625,210.6236998,199.012728
7916,3.958,3.95775,3.95825,0.069964346,0.07661408,patch_7919,1343.181625,1343.333861,210.6236998,198.74075
7917,3.9585,3.95825,3.958750001,0.072118772,0.078973273,patch_7920,1343.333861,1343.486097,210.6236998,198.374836
7918,3.959,3.958750001,3.959249998,0.07515914,0.082302611,patch_7921,1343.486097,1343.638332,210.6236998,197.858451
7919,3.9595,3.959249998,3.959749999,0.07941791,0.086966154,patch_7922,1343.638332,1343.790568,210.6236998,197.135129
7920,3.96,3.959749999,3.96025,0.085036619,0.093118891,patch_7923,1343.790568,1343.942804,210.6236998,196.180831
7921,3.9605,3.96025,3.96075,0.091666474,0.100378878,patch_7924,1343.942804,1344.09504,210.6236998,195.054797
7922,3.961,3.96075,3.961250001,0.098881069,0.108279182,patch_7925,1344.09504,1344.247276,210.6236998,193.829449
7923,3.9615,3.961250001,3.961749999,0.106253993,0.116352862,patch_7926,1344.247276,1344.399511,210.6236998,192.57721
7924,3.962,3.961749999,3.962249999,0.113358816,0.12413296,patch_7927,1344.399511,1344.551747,210.6236998,191.370506
7925,3.9625,3.962249999,3.96275,0.119769127,0.131152537,patch_7928,1344.551747,1344.703983,210.6236998,190.28176
7926,3.963,3.96275,3.963250001,0.125058514,0.136944651,patch_7929,1344.703983,1344.856219,210.6236998,189.383395
7927,3.9635,3.963250001,3.963750001,0.128800883,0.141042713,patch_7930,1344.856219,1345.008455,210.6236998,188.74778
7928,3.964,3.963750001,3.964249999,0.130769402,0.143198329,patch_7931,1345.008455,1345.16069,210.6236998,188.413441
7929,3.9645,3.964249999,3.964749999,0.131271602,0.143748259,patch_7932,1345.16069,1345.312926,210.6236998,188.328146
7930,3.965,3.964749999,3.96525,0.130703653,0.143126331,patch_7933,1345.312926,1345.465162,210.6236998,188.424608
7931,3.9655,3.96525,3.965750001,0.129461735,0.141766375,patch_7934,1345.465162,1345.617398,210.6236998,188.635539
7932,3.966,3.965750001,3.966250001,0.127942008,0.140102205,patch_7935,1345.617398,1345.769634,210.6236998,188.893654
7933,3.9665,3.966250001,3.966749999,0.12654066,0.138567667,patch_7936,1345.769634,1345.921869,210.6236998,189.131663
7934,3.967,3.966749999,3.967249999,0.125653858,0.13759658,patch_7937,1345.921869,1346.074105,210.6236998,189.28228
7935,3.9675,3.967249999,3.96775,0.125677568,0.137622543,patch_7938,1346.074105,1346.226341,210.6236998,189.278253
7936,3.968,3.96775,3.968250001,0.126837805,0.138893054,patch_7939,1346.226341,1346.378577,210.6236998,189.081195
7937,3.9685,3.968250001,3.968750001,0.128884461,0.141134234,patch_7940,1346.378577,1346.530813,210.6236998,188.733585
7938,3.969,3.968750001,3.969249999,0.131484757,0.143981674,patch_7941,1346.530813,1346.683048,210.6236998,188.291943
7939,3.9695,3.969249999,3.969749999,0.134305893,0.147070944,patch_7942,1346.683048,1346.835284,210.6236998,187.812793
7940,3.97,3.969749999,3.97025,0.137015043,0.150037584,patch_7943,1346.835284,1346.98752,210.6236998,187.352663
7941,3.9705,3.97025,3.970750001,0.139279406,0.152517162,patch_7944,1346.98752,1347.139756,210.6236998,186.968077
7942,3.971,3.970750001,3.971249998,0.140766203,0.154145272,patch_7945,1347.139756,1347.291991,210.6236998,186.715555
7943,3.9715,3.971249998,3.971749999,0.141142722,0.154557576,patch_7946,1347.291991,1347.444227,210.6236998,186.651606
7944,3.972,3.971749999,3.97225,0.140217108,0.153543988,patch_7947,1347.444227,1347.596463,210.6236998,186.808815
7945,3.9725,3.97225,3.97275,0.138209671,0.151345754,patch_7948,1347.596463,1347.748699,210.6236998,187.149764
7946,3.973,3.97275,3.973250001,0.135415624,0.148286149,patch_7949,1347.748699,1347.900935,210.6236998,187.624313
7947,3.9735,3.973250001,3.973749998,0.132130265,0.144688535,patch_7950,1347.900935,1348.05317,210.6236998,188.182308
7948,3.974,3.973749998,3.974249999,0.128648814,0.14087619,patch_7951,1348.05317,1348.205406,210.6236998,188.773608
7949,3.9745,3.974249999,3.97475,0.125266583,0.137172496,patch_7952,1348.205406,1348.357642,210.6236998,189.348056
7950,3.975,3.97475,3.97525,0.122278799,0.133900739,patch_7953,1348.357642,1348.509878,210.6236998,189.85551
7951,3.9755,3.97525,3.975750001,0.119980681,0.131384198,patch_7954,1348.509878,1348.662114,210.6236998,190.245829
7952,3.976,3.975750001,3.976249998,0.118547428,0.129814721,patch_7955,1348.662114,1348.814349,210.6236998,190.489257
7953,3.9765,3.976249998,3.976749999,0.117787367,0.128982421,patch_7956,1348.814349,1348.966585,210.6236998,190.618348
7954,3.977,3.976749999,3.97725,0.117438909,0.128600844,patch_7957,1348.966585,1349.118821,210.6236998,190.677531
7955,3.9775,3.97725,3.97775,0.117240497,0.128383574,patch_7958,1349.118821,1349.271057,210.6236998,190.71123
7956,3.978,3.97775,3.978250001,0.116930534,0.12804415,patch_7959,1349.271057,1349.423293,210.6236998,190.763875
7957,3.9785,3.978250001,3.978749998,0.11624745,0.127296143,patch_7960,1349.423293,1349.575528,210.6236998,190.879892
7958,3.979,3.978749998,3.979249999,0.114929662,0.125853106,patch_7961,1349.575528,1349.727764,210.6236998,191.103709
7959,3.9795,3.979249999,3.97975,0.112715622,0.123428634,patch_7962,1349.727764,1349.88,210.6236998,191.479748
7960,3.98,3.97975,3.98025,0.109444894,0.119847041,patch_7963,1349.88,1350.032236,210.6236998,192.035258
7961,3.9805,3.98025,3.980750001,0.105280146,0.115286456,patch_7964,1350.032236,1350.184472,210.6236998,192.742611
7962,3.981,3.980750001,3.981249998,0.100448464,0.109995549,patch_7965,1350.184472,1350.336707,210.6236998,193.563238
7963,3.9815,3.981249998,3.981749999,0.095176976,0.104223035,patch_7966,1350.336707,1350.488943,210.6236998,194.458563
7964,3.982,3.981749999,3.98225,0.089692798,0.098217614,patch_7967,1350.488943,1350.641179,210.6236998,195.390012
7965,3.9825,3.98225,3.98275,0.084223032,0.092227977,patch_7968,1350.641179,1350.793415,210.6236998,196.319013
7966,3.983,3.98275,3.983250001,0.078994784,0.086502812,patch_7969,1350.793415,1350.945651,210.6236998,197.206994
7967,3.9835,3.983250001,3.983749999,0.074235145,0.081290796,patch_7970,1350.945651,1351.097886,210.6236998,198.015385
7968,3.984,3.983749999,3.984249999,0.070118471,0.076782854,patch_7971,1351.097886,1351.250122,210.6236998,198.714573
7969,3.9845,3.984249999,3.98475,0.066642672,0.072976698,patch_7972,1351.250122,1351.402358,210.6236998,199.304913
7970,3.985,3.98475,3.985250001,0.063768928,0.069829821,patch_7973,1351.402358,1351.554594,210.6236998,199.792998
7971,3.9855,3.985250001,3.985750001,0.061458382,0.067299669,patch_7974,1351.554594,1351.70683,210.6236998,200.185428
7972,3.986,3.985750001,3.986249999,0.059672184,0.065343704,patch_7975,1351.70683,1351.859065,210.6236998,200.488801
7973,3.9865,3.986249999,3.986749999,0.058371494,0.06391939,patch_7976,1351.859065,1352.011301,210.6236998,200.709714
7974,3.987,3.986749999,3.98725,0.057517446,0.06298417,patch_7977,1352.011301,1352.163537,210.6236998,200.854768
7975,3.9875,3.98725,3.987750001,0.057071205,0.062495515,patch_7978,1352.163537,1352.315773,210.6236998,200.930559
7976,3.988,3.987750001,3.988250001,0.056959066,0.062372718,patch_7979,1352.315773,1352.468009,210.6236998,200.949605
7977,3.9885,3.988250001,3.988749999,0.056985561,0.062401731,patch_7980,1352.468009,1352.620244,210.6236998,200.945105
7978,3.989,3.988749999,3.989249999,0.05692862,0.062339378,patch_7981,1352.620244,1352.77248,210.6236998,200.954776
7979,3.9895,3.989249999,3.98975,0.056566185,0.061942496,patch_7982,1352.77248,1352.924716,210.6236998,201.016333
7980,3.99,3.98975,3.990250001,0.055676198,0.060967921,patch_7983,1352.924716,1353.076952,210.6236998,201.167491
7981,3.9905,3.990250001,3.990750001,0.054036589,0.059172476,patch_7984,1353.076952,1353.229188,210.6236998,201.445967
7982,3.991,3.990750001,3.991249999,0.051425294,0.056312991,patch_7985,1353.229188,1353.381423,210.6236998,201.889477
7983,3.9915,3.991249999,3.991749999,0.047620267,0.052146317,patch_7986,1353.381423,1353.533659,210.6236998,202.535734
7984,3.992,3.991749999,3.99225,0.04251001,0.046550357,patch_7987,1353.533659,1353.685895,210.6236998,203.403675
7985,3.9925,3.99225,3.992750001,0.036387241,0.039845652,patch_7988,1353.685895,1353.838131,210.6236998,204.443584
7986,3.993,3.992750001,3.993249998,0.029636981,0.032453816,patch_7989,1353.838131,1353.990366,210.6236998,205.590068
7987,3.9935,3.993249998,3.993749999,0.022644267,0.024796483,patch_7990,1353.990366,1354.142602,210.6236998,206.777731
7988,3.994,3.993749999,3.99425,0.01579415,0.017295299,patch_7991,1354.142602,1354.294838,210.6236998,207.941175
7989,3.9945,3.99425,3.99475,0.009471656,0.010371886,patch_7992,1354.294838,1354.447074,210.6236998,209.015006
7990,3.995,3.99475,3.995250001,0.004061822,0.004447877,patch_7993,1354.447074,1354.59931,210.6236998,209.933828
7991,3.9955,3.995250001,3.995749998,-0.000050318,-0.000055101,patch_7994,1354.59931,1354.751545,210.6236998,210.632246
7992,3.996,3.995749998,3.996249999,-0.002601534,-0.002848796,patch_7995,1354.751545,1354.903781,210.6236998,211.065552
7993,3.9965,3.996249999,3.99675,-0.003794354,-0.004154987,patch_7996,1354.903781,1355.056017,210.6236998,211.268144
7994,3.997,3.99675,3.99725,-0.003942626,-0.004317352,patch_7997,1355.056017,1355.208253,210.6236998,211.293327
7995,3.9975,3.99725,3.997750001,-0.003360182,-0.003679549,patch_7998,1355.208253,1355.360489,210.6236998,211.194403
7996,3.998,3.997750001,3.998249998,-0.002360859,-0.002585246,patch_7999,1355.360489,1355.512724,210.6236998,211.024675
7997,3.9985,3.998249998,3.998749999,-0.001258499,-0.001378113,patch_8000,1355.512724,1355.66496,210.6236998,210.837447
7998,3.999,3.998749999,3.99925,-0.000366934,-0.000401809,patch_8001,1355.66496,1355.817196,210.6236998,210.686021
7999,3.9995,3.99925,3.99975,-0.000000001,-0.000000001,patch_8002,1355.817196,1355.969432,210.6236998,210.6237
