sample_index,time_sec,bar_left_time_sec_rendered,bar_right_time_sec_rendered,gradcam_scaled_amplitude_rendered,gradcam_normalized_approx,svg_group_id,svg_left_x,svg_right_x,svg_baseline_y,svg_top_y
0,0,-0.000250001,0.000250001,0.000000002,0.000000002,patch_10,114.579119,114.735165,461.176571286,461.176571
1,0.0005,0.000250001,0.000749999,0.000000002,0.000000002,patch_11,114.735165,114.89121,461.176571286,461.176571
2,0.001,0.000749999,0.001250001,0.000000002,0.000000002,patch_12,114.89121,115.047256,461.176571286,461.176571
3,0.0015,0.001250001,0.00175,0.000000002,0.000000002,patch_13,115.047256,115.203301,461.176571286,461.176571
4,0.002,0.00175,0.002250001,0.000000002,0.000000002,patch_14,115.203301,115.359347,461.176571286,461.176571
5,0.0025,0.002250001,0.00275,0.000000002,0.000000002,patch_15,115.359347,115.515392,461.176571286,461.176571
6,0.003,0.00275,0.003250002,0.000000002,0.000000002,patch_16,115.515392,115.671438,461.176571286,461.176571
7,0.0035,0.003250002,0.00375,0.000000002,0.000000002,patch_17,115.671438,115.827483,461.176571286,461.176571
8,0.004,0.00375,0.004249999,0.000000002,0.000000002,patch_18,115.827483,115.983528,461.176571286,461.176571
9,0.0045,0.004249999,0.004750001,0.000000002,0.000000002,patch_19,115.983528,116.139574,461.176571286,461.176571
10,0.005,0.004750001,0.005249999,0.000000002,0.000000002,patch_20,116.139574,116.295619,461.176571286,461.176571
11,0.0055,0.005249999,0.005750001,0.000000002,0.000000002,patch_21,116.295619,116.451665,461.176571286,461.176571
12,0.006,0.005750001,0.006249999,0.000000002,0.000000002,patch_22,116.451665,116.60771,461.176571286,461.176571
13,0.0065,0.006249999,0.006750001,0.000000002,0.000000002,patch_23,116.60771,116.763756,461.176571286,461.176571
14,0.007,0.006750001,0.00725,0.000000002,0.000000002,patch_24,116.763756,116.919801,461.176571286,461.176571
15,0.0075,0.00725,0.007750001,0.000000002,0.000000002,patch_25,116.919801,117.075847,461.176571286,461.176571
16,0.008,0.007750001,0.00825,0.000000002,0.000000002,patch_26,117.075847,117.231892,461.176571286,461.176571
17,0.0085,0.00825,0.008750002,0.000000002,0.000000002,patch_27,117.231892,117.387938,461.176571286,461.176571
18,0.009,0.008750002,0.00925,0.000000002,0.000000002,patch_28,117.387938,117.543983,461.176571286,461.176571
19,0.0095,0.00925,0.009749999,0.000000002,0.000000002,patch_29,117.543983,117.700028,461.176571286,461.176571
20,0.01,0.009749999,0.010250001,0.000000002,0.000000002,patch_30,117.700028,117.856074,461.176571286,461.176571
21,0.0105,0.010250001,0.010749999,0.000000002,0.000000002,patch_31,117.856074,118.012119,461.176571286,461.176571
22,0.011,0.010749999,0.011250001,0.000000002,0.000000002,patch_32,118.012119,118.168165,461.176571286,461.176571
23,0.0115,0.011250001,0.011749999,0.000000002,0.000000002,patch_33,118.168165,118.32421,461.176571286,461.176571
24,0.012,0.011749999,0.012250001,0.000000002,0.000000002,patch_34,118.32421,118.480256,461.176571286,461.176571
25,0.0125,0.012250001,0.01275,0.000000002,0.000000002,patch_35,118.480256,118.636301,461.176571286,461.176571
26,0.013,0.01275,0.013250001,0.000000002,0.000000002,patch_36,118.636301,118.792347,461.176571286,461.176571
27,0.0135,0.013250001,0.01375,0.000000002,0.000000002,patch_37,118.792347,118.948392,461.176571286,461.176571
28,0.014,0.01375,0.014250002,0.000000002,0.000000002,patch_38,118.948392,119.104438,461.176571286,461.176571
29,0.0145,0.014250002,0.01475,0.000000002,0.000000002,patch_39,119.104438,119.260483,461.176571286,461.176571
30,0.015,0.01475,0.015249999,0.000000002,0.000000002,patch_40,119.260483,119.416528,461.176571286,461.176571
31,0.0155,0.015249999,0.015750001,0.000000002,0.000000002,patch_41,119.416528,119.572574,461.176571286,461.176571
32,0.016,0.015750001,0.016249999,0.000000002,0.000000002,patch_42,119.572574,119.728619,461.176571286,461.176571
33,0.0165,0.016249999,0.016750001,0.000000002,0.000000002,patch_43,119.728619,119.884665,461.176571286,461.176571
34,0.017,0.016750001,0.017249999,0.000000002,0.000000002,patch_44,119.884665,120.04071,461.176571286,461.176571
35,0.0175,0.017249999,0.017750001,0.000000002,0.000000002,patch_45,120.04071,120.196756,461.176571286,461.176571
36,0.018,0.017750001,0.01825,0.000000002,0.000000002,patch_46,120.196756,120.352801,461.176571286,461.176571
37,0.0185,0.01825,0.018750001,0.000000002,0.000000002,patch_47,120.352801,120.508847,461.176571286,461.176571
38,0.019,0.018750001,0.01925,0.000000002,0.000000002,patch_48,120.508847,120.664892,461.176571286,461.176571
39,0.0195,0.01925,0.019750002,0.000000002,0.000000002,patch_49,120.664892,120.820938,461.176571286,461.176571
40,0.02,0.019750002,0.02025,0.000000002,0.000000002,patch_50,120.820938,120.976983,461.176571286,461.176571
41,0.0205,0.02025,0.020749999,0.000000002,0.000000002,patch_51,120.976983,121.133028,461.176571286,461.176571
42,0.021,0.020749999,0.021250001,0.000000002,0.000000002,patch_52,121.133028,121.289074,461.176571286,461.176571
43,0.0215,0.021250001,0.021749999,0.000000002,0.000000002,patch_53,121.289074,121.445119,461.176571286,461.176571
44,0.022,0.021749999,0.022250001,0.000000002,0.000000002,patch_54,121.445119,121.601165,461.176571286,461.176571
45,0.0225,0.022250001,0.022749999,0.000000002,0.000000002,patch_55,121.601165,121.75721,461.176571286,461.176571
46,0.023,0.022749999,0.023250001,0.000000002,0.000000002,patch_56,121.75721,121.913256,461.176571286,461.176571
47,0.0235,0.023250001,0.02375,0.000000002,0.000000002,patch_57,121.913256,122.069301,461.176571286,461.176571
48,0.024,0.02375,0.024250001,0.000000002,0.000000002,patch_58,122.069301,122.225347,461.176571286,461.176571
49,0.0245,0.024250001,0.02475,0.000000002,0.000000002,patch_59,122.225347,122.381392,461.176571286,461.176571
50,0.025,0.02475,0.025250002,0.000000002,0.000000002,patch_60,122.381392,122.537438,461.176571286,461.176571
51,0.0255,0.025250002,0.02575,0.000000002,0.000000002,patch_61,122.537438,122.693483,461.176571286,461.176571
52,0.026,0.02575,0.026249999,0.000000002,0.000000002,patch_62,122.693483,122.849528,461.176571286,461.176571
53,0.0265,0.026249999,0.026750001,0.000000002,0.000000002,patch_63,122.849528,123.005574,461.176571286,461.176571
54,0.027,0.026750001,0.027249999,0.000000002,0.000000002,patch_64,123.005574,123.161619,461.176571286,461.176571
55,0.0275,0.027249999,0.027750001,0.000000002,0.000000002,patch_65,123.161619,123.317665,461.176571286,461.176571
56,0.028,0.027750001,0.028249999,0.000000002,0.000000002,patch_66,123.317665,123.47371,461.176571286,461.176571
57,0.0285,0.028249999,0.028750001,0.000000002,0.000000002,patch_67,123.47371,123.629756,461.176571286,461.176571
58,0.029,0.028750001,0.02925,0.000000002,0.000000002,patch_68,123.629756,123.785801,461.176571286,461.176571
59,0.0295,0.02925,0.029750001,0.000000002,0.000000002,patch_69,123.785801,123.941847,461.176571286,461.176571
60,0.03,0.029750001,0.03025,0.000000002,0.000000002,patch_70,123.941847,124.097892,461.176571286,461.176571
61,0.0305,0.03025,0.030750002,0.000000002,0.000000002,patch_71,124.097892,124.253938,461.176571286,461.176571
62,0.031,0.030750002,0.03125,0.000000002,0.000000002,patch_72,124.253938,124.409983,461.176571286,461.176571
63,0.0315,0.03125,0.031749999,0.000000002,0.000000002,patch_73,124.409983,124.566028,461.176571286,461.176571
64,0.032,0.031749999,0.032250001,0.000000002,0.000000002,patch_74,124.566028,124.722074,461.176571286,461.176571
65,0.0325,0.032250001,0.032749999,0.000000002,0.000000002,patch_75,124.722074,124.878119,461.176571286,461.176571
66,0.033,0.032749999,0.033250001,0.000000002,0.000000002,patch_76,124.878119,125.034165,461.176571286,461.176571
67,0.0335,0.033250001,0.033749999,0.000000002,0.000000002,patch_77,125.034165,125.19021,461.176571286,461.176571
68,0.034,0.033749999,0.034250001,0.000000002,0.000000002,patch_78,125.19021,125.346256,461.176571286,461.176571
69,0.0345,0.034250001,0.03475,0.000000002,0.000000002,patch_79,125.346256,125.502301,461.176571286,461.176571
70,0.035,0.03475,0.035250001,0.000000002,0.000000002,patch_80,125.502301,125.658347,461.176571286,461.176571
71,0.0355,0.035250001,0.03575,0.000000002,0.000000002,patch_81,125.658347,125.814392,461.176571286,461.176571
72,0.036,0.03575,0.036250002,0.000000002,0.000000002,patch_82,125.814392,125.970438,461.176571286,461.176571
73,0.0365,0.036250002,0.03675,0.000000002,0.000000002,patch_83,125.970438,126.126483,461.176571286,461.176571
74,0.037,0.03675,0.037249999,0.000000002,0.000000002,patch_84,126.126483,126.282528,461.176571286,461.176571
75,0.0375,0.037249999,0.037750001,0.000000002,0.000000002,patch_85,126.282528,126.438574,461.176571286,461.176571
76,0.038,0.037750001,0.038249999,0.000000002,0.000000002,patch_86,126.438574,126.594619,461.176571286,461.176571
77,0.0385,0.038249999,0.038750001,0.000000002,0.000000002,patch_87,126.594619,126.750665,461.176571286,461.176571
78,0.039,0.038750001,0.039249999,0.000000002,0.000000002,patch_88,126.750665,126.90671,461.176571286,461.176571
79,0.0395,0.039249999,0.039750001,0.000000002,0.000000002,patch_89,126.90671,127.062756,461.176571286,461.176571
80,0.04,0.039750001,0.04025,0.000000002,0.000000002,patch_90,127.062756,127.218801,461.176571286,461.176571
81,0.0405,0.04025,0.040750001,0.000000002,0.000000002,patch_91,127.218801,127.374847,461.176571286,461.176571
82,0.041,0.040750001,0.04125,0.000000002,0.000000002,patch_92,127.374847,127.530892,461.176571286,461.176571
83,0.0415,0.04125,0.041750002,0.000000002,0.000000002,patch_93,127.530892,127.686938,461.176571286,461.176571
84,0.042,0.041750002,0.04225,0.000000002,0.000000002,patch_94,127.686938,127.842983,461.176571286,461.176571
85,0.0425,0.04225,0.042749999,0.000000002,0.000000002,patch_95,127.842983,127.999028,461.176571286,461.176571
86,0.043,0.042749999,0.043250001,0.000000002,0.000000002,patch_96,127.999028,128.155074,461.176571286,461.176571
87,0.0435,0.043250001,0.043749999,0.000000002,0.000000002,patch_97,128.155074,128.311119,461.176571286,461.176571
88,0.044,0.043749999,0.044250001,0.000000002,0.000000002,patch_98,128.311119,128.467165,461.176571286,461.176571
89,0.0445,0.044250001,0.044749999,0.000000002,0.000000002,patch_99,128.467165,128.62321,461.176571286,461.176571
90,0.045,0.044749999,0.045250001,0.000000002,0.000000002,patch_100,128.62321,128.779256,461.176571286,461.176571
91,0.0455,0.045250001,0.04575,0.000000002,0.000000002,patch_101,128.779256,128.935301,461.176571286,461.176571
92,0.046,0.04575,0.046250001,0.000000002,0.000000002,patch_102,128.935301,129.091347,461.176571286,461.176571
93,0.0465,0.046250001,0.04675,0.000000002,0.000000002,patch_103,129.091347,129.247392,461.176571286,461.176571
94,0.047,0.04675,0.047250002,0.000000002,0.000000002,patch_104,129.247392,129.403438,461.176571286,461.176571
95,0.0475,0.047250002,0.04775,0.000000002,0.000000002,patch_105,129.403438,129.559483,461.176571286,461.176571
96,0.048,0.04775,0.048249999,0.000000002,0.000000002,patch_106,129.559483,129.715528,461.176571286,461.176571
97,0.0485,0.048249999,0.048750001,0.000000002,0.000000002,patch_107,129.715528,129.871574,461.176571286,461.176571
98,0.049,0.048750001,0.049249999,0.000000002,0.000000002,patch_108,129.871574,130.027619,461.176571286,461.176571
99,0.0495,0.049249999,0.049750001,0.000000002,0.000000002,patch_109,130.027619,130.183665,461.176571286,461.176571
100,0.05,0.049750001,0.050249999,0.000000002,0.000000002,patch_110,130.183665,130.33971,461.176571286,461.176571
101,0.0505,0.050249999,0.050750001,0.000000002,0.000000002,patch_111,130.33971,130.495756,461.176571286,461.176571
102,0.051,0.050750001,0.05125,0.000000002,0.000000002,patch_112,130.495756,130.651801,461.176571286,461.176571
103,0.0515,0.05125,0.051750001,0.000000002,0.000000002,patch_113,130.651801,130.807847,461.176571286,461.176571
104,0.052,0.051750001,0.05225,0.000000002,0.000000002,patch_114,130.807847,130.963892,461.176571286,461.176571
105,0.0525,0.05225,0.052750002,0.000000002,0.000000002,patch_115,130.963892,131.119938,461.176571286,461.176571
106,0.053,0.052750002,0.05325,0.000000002,0.000000002,patch_116,131.119938,131.275983,461.176571286,461.176571
107,0.0535,0.05325,0.053749999,0.000000002,0.000000002,patch_117,131.275983,131.432028,461.176571286,461.176571
108,0.054,0.053749999,0.054250001,0.000000002,0.000000002,patch_118,131.432028,131.588074,461.176571286,461.176571
109,0.0545,0.054250001,0.054749999,0.000000002,0.000000002,patch_119,131.588074,131.744119,461.176571286,461.176571
110,0.055,0.054749999,0.055250001,0.000000002,0.000000002,patch_120,131.744119,131.900165,461.176571286,461.176571
111,0.0555,0.055250001,0.055749999,0.000000002,0.000000002,patch_121,131.900165,132.05621,461.176571286,461.176571
112,0.056,0.055749999,0.056250001,0.000000002,0.000000002,patch_122,132.05621,132.212256,461.176571286,461.176571
113,0.0565,0.056250001,0.05675,0.000000002,0.000000002,patch_123,132.212256,132.368301,461.176571286,461.176571
114,0.057,0.05675,0.057250001,0.000000002,0.000000002,patch_124,132.368301,132.524347,461.176571286,461.176571
115,0.0575,0.057250001,0.05775,0.000000002,0.000000002,patch_125,132.524347,132.680392,461.176571286,461.176571
116,0.058,0.05775,0.058250002,0.000000002,0.000000002,patch_126,132.680392,132.836438,461.176571286,461.176571
117,0.0585,0.058250002,0.05875,0.000000002,0.000000002,patch_127,132.836438,132.992483,461.176571286,461.176571
118,0.059,0.05875,0.059249999,0.000000002,0.000000002,patch_128,132.992483,133.148528,461.176571286,461.176571
119,0.0595,0.059249999,0.059750001,0.000000002,0.000000002,patch_129,133.148528,133.304574,461.176571286,461.176571
120,0.06,0.059750001,0.060249999,0.000000002,0.000000002,patch_130,133.304574,133.460619,461.176571286,461.176571
121,0.0605,0.060249999,0.060750001,0.000000002,0.000000002,patch_131,133.460619,133.616665,461.176571286,461.176571
122,0.061,0.060750001,0.061249999,0.000000002,0.000000002,patch_132,133.616665,133.77271,461.176571286,461.176571
123,0.0615,0.061249999,0.061750001,0.000000002,0.000000002,patch_133,133.77271,133.928756,461.176571286,461.176571
124,0.062,0.061750001,0.06225,0.000000002,0.000000002,patch_134,133.928756,134.084801,461.176571286,461.176571
125,0.0625,0.06225,0.062750001,0.000000002,0.000000002,patch_135,134.084801,134.240847,461.176571286,461.176571
126,0.063,0.062750001,0.06325,0.000000002,0.000000002,patch_136,134.240847,134.396892,461.176571286,461.176571
127,0.0635,0.06325,0.063750002,0.000000002,0.000000002,patch_137,134.396892,134.552938,461.176571286,461.176571
128,0.064,0.063750002,0.06425,0.000000002,0.000000002,patch_138,134.552938,134.708983,461.176571286,461.176571
129,0.0645,0.06425,0.064749999,0.000000002,0.000000002,patch_139,134.708983,134.865028,461.176571286,461.176571
130,0.065,0.064749999,0.065250001,0.000000002,0.000000002,patch_140,134.865028,135.021074,461.176571286,461.176571
131,0.0655,0.065250001,0.065749999,0.000000002,0.000000002,patch_141,135.021074,135.177119,461.176571286,461.176571
132,0.066,0.065749999,0.066250001,0.000000002,0.000000002,patch_142,135.177119,135.333165,461.176571286,461.176571
133,0.0665,0.066250001,0.066749999,0.000000002,0.000000002,patch_143,135.333165,135.48921,461.176571286,461.176571
134,0.067,0.066749999,0.067250001,0.000000002,0.000000002,patch_144,135.48921,135.645256,461.176571286,461.176571
135,0.0675,0.067250001,0.06775,0.000000002,0.000000002,patch_145,135.645256,135.801301,461.176571286,461.176571
136,0.068,0.06775,0.068250001,0.000000002,0.000000002,patch_146,135.801301,135.957347,461.176571286,461.176571
137,0.0685,0.068250001,0.06875,0.000000002,0.000000002,patch_147,135.957347,136.113392,461.176571286,461.176571
138,0.069,0.06875,0.069250002,0.000000002,0.000000002,patch_148,136.113392,136.269438,461.176571286,461.176571
139,0.0695,0.069250002,0.06975,0.000000002,0.000000002,patch_149,136.269438,136.425483,461.176571286,461.176571
140,0.07,0.06975,0.070249999,0.000000002,0.000000002,patch_150,136.425483,136.581528,461.176571286,461.176571
141,0.0705,0.070249999,0.070750001,0.000000002,0.000000002,patch_151,136.581528,136.737574,461.176571286,461.176571
142,0.071,0.070750001,0.071249999,0.000000002,0.000000002,patch_152,136.737574,136.893619,461.176571286,461.176571
143,0.0715,0.071249999,0.071750001,0.000000002,0.000000002,patch_153,136.893619,137.049665,461.176571286,461.176571
144,0.072,0.071750001,0.072249999,0.000000002,0.000000002,patch_154,137.049665,137.20571,461.176571286,461.176571
145,0.0725,0.072249999,0.072750001,0.000000002,0.000000002,patch_155,137.20571,137.361756,461.176571286,461.176571
146,0.073,0.072750001,0.07325,0.000000002,0.000000002,patch_156,137.361756,137.517801,461.176571286,461.176571
147,0.0735,0.07325,0.073750001,0.000000002,0.000000002,patch_157,137.517801,137.673847,461.176571286,461.176571
148,0.074,0.073750001,0.07425,0.000000002,0.000000002,patch_158,137.673847,137.829892,461.176571286,461.176571
149,0.0745,0.07425,0.074750002,0.000000002,0.000000002,patch_159,137.829892,137.985938,461.176571286,461.176571
150,0.075,0.074750002,0.07525,0.000000002,0.000000002,patch_160,137.985938,138.141983,461.176571286,461.176571
151,0.0755,0.07525,0.075749999,0.000000002,0.000000002,patch_161,138.141983,138.298028,461.176571286,461.176571
152,0.076,0.075749999,0.076250001,0.000000002,0.000000002,patch_162,138.298028,138.454074,461.176571286,461.176571
153,0.0765,0.076250001,0.076749999,0.000000002,0.000000002,patch_163,138.454074,138.610119,461.176571286,461.176571
154,0.077,0.076749999,0.077250001,0.000000002,0.000000002,patch_164,138.610119,138.766165,461.176571286,461.176571
155,0.0775,0.077250001,0.077749999,0.000000002,0.000000002,patch_165,138.766165,138.92221,461.176571286,461.176571
156,0.078,0.077749999,0.078250001,0.000000002,0.000000002,patch_166,138.92221,139.078256,461.176571286,461.176571
157,0.0785,0.078250001,0.07875,0.000000002,0.000000002,patch_167,139.078256,139.234301,461.176571286,461.176571
158,0.079,0.07875,0.079250001,0.000000002,0.000000002,patch_168,139.234301,139.390347,461.176571286,461.176571
159,0.0795,0.079250001,0.07975,0.000000002,0.000000002,patch_169,139.390347,139.546392,461.176571286,461.176571
160,0.08,0.07975,0.080250002,0.000000002,0.000000002,patch_170,139.546392,139.702438,461.176571286,461.176571
161,0.0805,0.080250002,0.08075,0.000000002,0.000000002,patch_171,139.702438,139.858483,461.176571286,461.176571
162,0.081,0.08075,0.081249999,0.000000002,0.000000002,patch_172,139.858483,140.014528,461.176571286,461.176571
163,0.0815,0.081249999,0.081750001,0.000000002,0.000000002,patch_173,140.014528,140.170574,461.176571286,461.176571
164,0.082,0.081750001,0.082249999,0.000000002,0.000000002,patch_174,140.170574,140.326619,461.176571286,461.176571
165,0.0825,0.082249999,0.082750001,0.000000002,0.000000002,patch_175,140.326619,140.482665,461.176571286,461.176571
166,0.083,0.082750001,0.083249999,0.000000002,0.000000002,patch_176,140.482665,140.63871,461.176571286,461.176571
167,0.0835,0.083249999,0.083750001,0.000000002,0.000000002,patch_177,140.63871,140.794756,461.176571286,461.176571
168,0.084,0.083750001,0.08425,0.000000002,0.000000002,patch_178,140.794756,140.950801,461.176571286,461.176571
169,0.0845,0.08425,0.084750001,0.000000002,0.000000002,patch_179,140.950801,141.106847,461.176571286,461.176571
170,0.085,0.084750001,0.08525,0.000000002,0.000000002,patch_180,141.106847,141.262892,461.176571286,461.176571
171,0.0855,0.08525,0.085750002,0.000000002,0.000000002,patch_181,141.262892,141.418938,461.176571286,461.176571
172,0.086,0.085750002,0.08625,0.000000002,0.000000002,patch_182,141.418938,141.574983,461.176571286,461.176571
173,0.0865,0.08625,0.086749999,0.000000002,0.000000002,patch_183,141.574983,141.731028,461.176571286,461.176571
174,0.087,0.086749999,0.087250001,0.000000002,0.000000002,patch_184,141.731028,141.887074,461.176571286,461.176571
175,0.0875,0.087250001,0.087749999,0.000000002,0.000000002,patch_185,141.887074,142.043119,461.176571286,461.176571
176,0.088,0.087749999,0.088250001,0.000000002,0.000000002,patch_186,142.043119,142.199165,461.176571286,461.176571
177,0.0885,0.088250001,0.088749999,0.000000002,0.000000002,patch_187,142.199165,142.35521,461.176571286,461.176571
178,0.089,0.088749999,0.089250001,0.000000002,0.000000002,patch_188,142.35521,142.511256,461.176571286,461.176571
179,0.0895,0.089250001,0.08975,0.000000002,0.000000002,patch_189,142.511256,142.667301,461.176571286,461.176571
180,0.09,0.08975,0.090250001,0.000000002,0.000000002,patch_190,142.667301,142.823347,461.176571286,461.176571
181,0.0905,0.090250001,0.09075,0.000000002,0.000000002,patch_191,142.823347,142.979392,461.176571286,461.176571
182,0.091,0.09075,0.091250002,0.000000002,0.000000002,patch_192,142.979392,143.135438,461.176571286,461.176571
183,0.0915,0.091250002,0.09175,0.000000002,0.000000002,patch_193,143.135438,143.291483,461.176571286,461.176571
184,0.092,0.09175,0.092249999,0.000000002,0.000000002,patch_194,143.291483,143.447528,461.176571286,461.176571
185,0.0925,0.092249999,0.092750001,0.000000002,0.000000002,patch_195,143.447528,143.603574,461.176571286,461.176571
186,0.093,0.092750001,0.093249999,0.000000002,0.000000002,patch_196,143.603574,143.759619,461.176571286,461.176571
187,0.0935,0.093249999,0.093750001,0.000000002,0.000000002,patch_197,143.759619,143.915665,461.176571286,461.176571
188,0.094,0.093750001,0.094249999,0.000000002,0.000000002,patch_198,143.915665,144.07171,461.176571286,461.176571
189,0.0945,0.094249999,0.094750001,0.000000002,0.000000002,patch_199,144.07171,144.227756,461.176571286,461.176571
190,0.095,0.094750001,0.09525,0.000000002,0.000000002,patch_200,144.227756,144.383801,461.176571286,461.176571
191,0.0955,0.09525,0.095750001,0.000000002,0.000000002,patch_201,144.383801,144.539847,461.176571286,461.176571
192,0.096,0.095750001,0.09625,0.000000002,0.000000002,patch_202,144.539847,144.695892,461.176571286,461.176571
193,0.0965,0.09625,0.096750002,0.000000002,0.000000002,patch_203,144.695892,144.851938,461.176571286,461.176571
194,0.097,0.096750002,0.09725,0.000000002,0.000000002,patch_204,144.851938,145.007983,461.176571286,461.176571
195,0.0975,0.09725,0.097749999,0.000000002,0.000000002,patch_205,145.007983,145.164028,461.176571286,461.176571
196,0.098,0.097749999,0.098250001,0.000000002,0.000000002,patch_206,145.164028,145.320074,461.176571286,461.176571
197,0.0985,0.098250001,0.098749999,0.000000002,0.000000002,patch_207,145.320074,145.476119,461.176571286,461.176571
198,0.099,0.098749999,0.099250001,0.000000002,0.000000002,patch_208,145.476119,145.632165,461.176571286,461.176571
199,0.0995,0.099250001,0.099749999,0.000000002,0.000000002,patch_209,145.632165,145.78821,461.176571286,461.176571
200,0.1,0.099749999,0.100250001,0.000000002,0.000000002,patch_210,145.78821,145.944256,461.176571286,461.176571
201,0.1005,0.100250001,0.10075,0.000000002,0.000000002,patch_211,145.944256,146.100301,461.176571286,461.176571
202,0.101,0.10075,0.101250001,0.000000002,0.000000002,patch_212,146.100301,146.256347,461.176571286,461.176571
203,0.1015,0.101250001,0.10175,0.000000002,0.000000002,patch_213,146.256347,146.412392,461.176571286,461.176571
204,0.102,0.10175,0.102250002,0.000000002,0.000000002,patch_214,146.412392,146.568438,461.176571286,461.176571
205,0.1025,0.102250002,0.10275,0.000000002,0.000000002,patch_215,146.568438,146.724483,461.176571286,461.176571
206,0.103,0.10275,0.103249999,0.000000002,0.000000002,patch_216,146.724483,146.880528,461.176571286,461.176571
207,0.1035,0.103249999,0.103750001,0.000000002,0.000000002,patch_217,146.880528,147.036574,461.176571286,461.176571
208,0.104,0.103750001,0.104249999,0.000000002,0.000000002,patch_218,147.036574,147.192619,461.176571286,461.176571
209,0.1045,0.104249999,0.104750001,0.000000002,0.000000002,patch_219,147.192619,147.348665,461.176571286,461.176571
210,0.105,0.104750001,0.105249999,0.000000002,0.000000002,patch_220,147.348665,147.50471,461.176571286,461.176571
211,0.1055,0.105249999,0.105750001,0.000000002,0.000000002,patch_221,147.50471,147.660756,461.176571286,461.176571
212,0.106,0.105750001,0.10625,0.000000002,0.000000002,patch_222,147.660756,147.816801,461.176571286,461.176571
213,0.1065,0.10625,0.106750001,0.000000002,0.000000002,patch_223,147.816801,147.972847,461.176571286,461.176571
214,0.107,0.106750001,0.10725,0.000000002,0.000000002,patch_224,147.972847,148.128892,461.176571286,461.176571
215,0.1075,0.10725,0.107750002,0.000000002,0.000000002,patch_225,148.128892,148.284938,461.176571286,461.176571
216,0.108,0.107750002,0.10825,0.000000002,0.000000002,patch_226,148.284938,148.440983,461.176571286,461.176571
217,0.1085,0.10825,0.108749999,0.000000002,0.000000002,patch_227,148.440983,148.597028,461.176571286,461.176571
218,0.109,0.108749999,0.109250001,0.000000002,0.000000002,patch_228,148.597028,148.753074,461.176571286,461.176571
219,0.1095,0.109250001,0.109749999,0.000000002,0.000000002,patch_229,148.753074,148.909119,461.176571286,461.176571
220,0.11,0.109749999,0.110250001,0.000000002,0.000000002,patch_230,148.909119,149.065165,461.176571286,461.176571
221,0.1105,0.110250001,0.110749999,0.000000002,0.000000002,patch_231,149.065165,149.22121,461.176571286,461.176571
222,0.111,0.110749999,0.111250001,0.000000002,0.000000002,patch_232,149.22121,149.377256,461.176571286,461.176571
223,0.1115,0.111250001,0.11175,0.000000002,0.000000002,patch_233,149.377256,149.533301,461.176571286,461.176571
224,0.112,0.11175,0.112250001,0.000000002,0.000000002,patch_234,149.533301,149.689347,461.176571286,461.176571
225,0.1125,0.112250001,0.11275,0.000000002,0.000000002,patch_235,149.689347,149.845392,461.176571286,461.176571
226,0.113,0.11275,0.113250002,0.000000002,0.000000002,patch_236,149.845392,150.001438,461.176571286,461.176571
227,0.1135,0.113250002,0.11375,0.000000002,0.000000002,patch_237,150.001438,150.157483,461.176571286,461.176571
228,0.114,0.11375,0.114249999,0.000000002,0.000000002,patch_238,150.157483,150.313528,461.176571286,461.176571
229,0.1145,0.114249999,0.114750001,0.000000002,0.000000002,patch_239,150.313528,150.469574,461.176571286,461.176571
230,0.115,0.114750001,0.115249999,0.000000002,0.000000002,patch_240,150.469574,150.625619,461.176571286,461.176571
231,0.1155,0.115249999,0.115750001,0.000000002,0.000000002,patch_241,150.625619,150.781665,461.176571286,461.176571
232,0.116,0.115750001,0.116249999,0.000000002,0.000000002,patch_242,150.781665,150.93771,461.176571286,461.176571
233,0.1165,0.116249999,0.116750001,0.000000002,0.000000002,patch_243,150.93771,151.093756,461.176571286,461.176571
234,0.117,0.116750001,0.11725,-0.000000004,-0.000000005,patch_244,151.093756,151.249801,461.176571286,461.176572
235,0.1175,0.11725,0.117750001,-0.000000004,-0.000000005,patch_245,151.249801,151.405847,461.176571286,461.176572
236,0.118,0.117750001,0.11825,-0.000000004,-0.000000005,patch_246,151.405847,151.561892,461.176571286,461.176572
237,0.1185,0.11825,0.118750002,-0.000000004,-0.000000005,patch_247,151.561892,151.717938,461.176571286,461.176572
238,0.119,0.118750002,0.11925,-0.000000004,-0.000000005,patch_248,151.717938,151.873983,461.176571286,461.176572
239,0.1195,0.11925,0.119749999,-0.000000004,-0.000000005,patch_249,151.873983,152.030028,461.176571286,461.176572
240,0.12,0.119749999,0.120250001,-0.000000004,-0.000000005,patch_250,152.030028,152.186074,461.176571286,461.176572
241,0.1205,0.120250001,0.120749999,0.000000002,0.000000002,patch_251,152.186074,152.342119,461.176571286,461.176571
242,0.121,0.120749999,0.121250001,0.000000008,0.000000009,patch_252,152.342119,152.498165,461.176571286,461.17657
243,0.1215,0.121250001,0.121749999,0.000000014,0.000000016,patch_253,152.498165,152.65421,461.176571286,461.176569
244,0.122,0.121749999,0.122250001,0.000000021,0.000000023,patch_254,152.65421,152.810256,461.176571286,461.176568
245,0.1225,0.122250001,0.12275,0.000000021,0.000000023,patch_255,152.810256,152.966301,461.176571286,461.176568
246,0.123,0.12275,0.123250001,0.000000021,0.000000023,patch_256,152.966301,153.122347,461.176571286,461.176568
247,0.1235,0.123250001,0.12375,0.000000014,0.000000016,patch_257,153.122347,153.278392,461.176571286,461.176569
248,0.124,0.12375,0.124250002,0.000000008,0.000000009,patch_258,153.278392,153.434438,461.176571286,461.17657
249,0.1245,0.124250002,0.12475,-0.000000011,-0.000000012,patch_259,153.434438,153.590483,461.176571286,461.176573
250,0.125,0.12475,0.125249999,-0.00000003,-0.000000032,patch_260,153.590483,153.746528,461.176571286,461.176576
251,0.1255,0.125249999,0.125750001,-0.000000049,-0.000000053,patch_261,153.746528,153.902574,461.176571286,461.176579
252,0.126,0.125750001,0.126249999,-0.000000067,-0.000000074,patch_262,153.902574,154.058619,461.176571286,461.176582
253,0.1265,0.126249999,0.126750001,-0.00000008,-0.000000088,patch_263,154.058619,154.214665,461.176571286,461.176584
254,0.127,0.126750001,0.127249999,-0.00000008,-0.000000088,patch_264,154.214665,154.37071,461.176571286,461.176584
255,0.1275,0.127249999,0.127750001,-0.000000061,-0.000000067,patch_265,154.37071,154.526756,461.176571286,461.176581
256,0.128,0.127750001,0.12825,-0.000000023,-0.000000026,patch_266,154.526756,154.682801,461.176571286,461.176575
257,0.1285,0.12825,0.128750001,0.000000033,0.000000036,patch_267,154.682801,154.838847,461.176571286,461.176566
258,0.129,0.128750001,0.12925,0.000000109,0.000000119,patch_268,154.838847,154.994892,461.176571286,461.176554
259,0.1295,0.12925,0.129750002,0.000000184,0.000000202,patch_269,154.994892,155.150938,461.176571286,461.176542
260,0.13,0.129750002,0.13025,0.000000254,0.000000278,patch_270,155.150938,155.306983,461.176571286,461.176531
261,0.1305,0.13025,0.130749999,0.000000291,0.000000319,patch_271,155.306983,155.463028,461.176571286,461.176525
262,0.131,0.130749999,0.131250001,0.000000285,0.000000312,patch_272,155.463028,155.619074,461.176571286,461.176526
263,0.1315,0.131250001,0.131749999,0.000000228,0.00000025,patch_273,155.619074,155.775119,461.176571286,461.176535
264,0.132,0.131749999,0.132250001,0.000000096,0.000000105,patch_274,155.775119,155.931165,461.176571286,461.176556
265,0.1325,0.132250001,0.132749999,-0.000000118,-0.000000129,patch_275,155.931165,156.08721,461.176571286,461.17659
266,0.133,0.132749999,0.133250001,-0.000000401,-0.000000439,patch_276,156.08721,156.243256,461.176571286,461.176635
267,0.1335,0.133250001,0.13375,-0.000000691,-0.000000756,patch_277,156.243256,156.399301,461.176571286,461.176681
268,0.134,0.13375,0.134250001,-0.000000936,-0.000001025,patch_278,156.399301,156.555347,461.176571286,461.17672
269,0.1345,0.134250001,0.13475,-0.000001081,-0.000001184,patch_279,156.555347,156.711392,461.176571286,461.176743
270,0.135,0.13475,0.135250002,-0.000001075,-0.000001177,patch_280,156.711392,156.867438,461.176571286,461.176742
271,0.1355,0.135250002,0.13575,-0.000000854,-0.000000936,patch_281,156.867438,157.023483,461.176571286,461.176707
272,0.136,0.13575,0.136249999,-0.00000037,-0.000000405,patch_282,157.023483,157.179528,461.176571286,461.17663
273,0.1365,0.136249999,0.136750001,0.00000043,0.000000471,patch_283,157.179528,157.335574,461.176571286,461.176503
274,0.137,0.136750001,0.137249999,0.000001475,0.000001615,patch_284,157.335574,157.491619,461.176571286,461.176337
275,0.1375,0.137249999,0.137750001,0.000002564,0.000002808,patch_285,157.491619,157.647665,461.176571286,461.176164
276,0.138,0.137750001,0.138249999,0.00000349,0.000003821,patch_286,157.647665,157.80371,461.176571286,461.176017
277,0.1385,0.138249999,0.138750001,0.000004037,0.000004421,patch_287,157.80371,157.959756,461.176571286,461.17593
278,0.139,0.138750001,0.13925,0.000004018,0.0000044,patch_288,157.959756,158.115801,461.176571286,461.175933
279,0.1395,0.13925,0.139750001,0.000003206,0.000003511,patch_289,158.115801,158.271847,461.176571286,461.176062
280,0.14,0.139750001,0.14025,0.000001412,0.000001546,patch_290,158.271847,158.427892,461.176571286,461.176347
281,0.1405,0.14025,0.140750002,-0.000001566,-0.000001715,patch_291,158.427892,158.583938,461.176571286,461.17682
282,0.141,0.140750002,0.14125,-0.00000545,-0.000005968,patch_292,158.583938,158.739983,461.176571286,461.177437
283,0.1415,0.14125,0.141749999,-0.000009511,-0.000010415,patch_293,158.739983,158.896028,461.176571286,461.178082
284,0.142,0.141749999,0.142250001,-0.000012973,-0.000014206,patch_294,158.896028,159.052074,461.176571286,461.178632
285,0.1425,0.142250001,0.142749999,-0.000015057,-0.000016488,patch_295,159.052074,159.208119,461.176571286,461.178963
286,0.143,0.142749999,0.143250001,-0.000015007,-0.000016433,patch_296,159.208119,159.364165,461.176571286,461.178955
287,0.1435,0.143250001,0.143749999,-0.000012042,-0.000013186,patch_297,159.364165,159.52021,461.176571286,461.178484
288,0.144,0.143749999,0.144250001,-0.0000054,-0.000005913,patch_298,159.52021,159.676256,461.176571286,461.177429
289,0.1445,0.144250001,0.14475,0.000005636,0.000006172,patch_299,159.676256,159.832301,461.176571286,461.175676
290,0.145,0.14475,0.145250001,0.000020122,0.000022035,patch_300,159.832301,159.988347,461.176571286,461.173375
291,0.1455,0.145250001,0.14575,0.000035282,0.000038635,patch_301,159.988347,160.144392,461.176571286,461.170967
292,0.146,0.14575,0.146250002,0.000048245,0.00005283,patch_302,160.144392,160.300438,461.176571286,461.168908
293,0.1465,0.146250002,0.14675,0.000056133,0.000061468,patch_303,160.300438,160.456483,461.176571286,461.167655
294,0.147,0.14675,0.147249999,0.000056082,0.000061413,patch_304,160.456483,160.612528,461.176571286,461.167663
295,0.1475,0.147249999,0.147750001,0.00004521,0.000049507,patch_305,160.612528,160.768574,461.176571286,461.16939
296,0.148,0.147750001,0.148249999,0.000020645,0.000022607,patch_306,160.768574,160.924619,461.176571286,461.173292
297,0.1485,0.148249999,0.148750001,-0.000020289,-0.000022217,patch_307,160.924619,161.080665,461.176571286,461.179794
298,0.149,0.148750001,0.149249999,-0.000074229,-0.000081284,patch_308,161.080665,161.23671,461.176571286,461.188362
299,0.1495,0.149249999,0.149750001,-0.000130857,-0.000143295,patch_309,161.23671,161.392756,461.176571286,461.197357
300,0.15,0.149750001,0.15025,-0.00017944,-0.000196495,patch_310,161.392756,161.548801,461.176571286,461.205074
301,0.1505,0.15025,0.150750001,-0.000209249,-0.000229137,patch_311,161.548801,161.704847,461.176571286,461.209809
302,0.151,0.150750001,0.15125,-0.00020957,-0.000229489,patch_312,161.704847,161.860892,461.176571286,461.20986
303,0.1515,0.15125,0.151750002,-0.000169682,-0.000185809,patch_313,161.860892,162.016938,461.176571286,461.203524
304,0.152,0.151750002,0.15225,-0.000078856,-0.000086351,patch_314,162.016938,162.172983,461.176571286,461.189097
305,0.1525,0.15225,0.152749999,0.000072967,0.000079902,patch_315,162.172983,162.329028,461.176571286,461.164981
306,0.153,0.152749999,0.153250001,0.000273839,0.000299866,patch_316,162.329028,162.485074,461.176571286,461.133074
307,0.1535,0.153250001,0.153749999,0.000485306,0.000531432,patch_317,162.485074,162.641119,461.176571286,461.099484
308,0.154,0.153749999,0.154250001,0.00066736,0.000730789,patch_318,162.641119,162.797165,461.176571286,461.070566
309,0.1545,0.154250001,0.154749999,0.000779975,0.000854107,patch_319,162.797165,162.95321,461.176571286,461.052678
310,0.155,0.154749999,0.155250001,0.000783129,0.000857561,patch_320,162.95321,163.109256,461.176571286,461.052177
311,0.1555,0.155250001,0.15575,0.000636808,0.000697333,patch_321,163.109256,163.265301,461.176571286,461.075419
312,0.156,0.15575,0.156250001,0.000300985,0.000329592,patch_322,163.265301,163.421347,461.176571286,461.128762
313,0.1565,0.156250001,0.15675,-0.000262119,-0.000287032,patch_323,163.421347,163.577392,461.176571286,461.218207
314,0.157,0.15675,0.157250002,-0.001010042,-0.001106041,patch_324,163.577392,163.733438,461.176571286,461.337009
315,0.1575,0.157250002,0.15775,-0.001799773,-0.001970831,patch_325,163.733438,163.889483,461.176571286,461.462452
316,0.158,0.15775,0.158249999,-0.002481957,-0.002717854,patch_326,163.889483,164.045528,461.176571286,461.570812
317,0.1585,0.158249999,0.158750001,-0.00290724,-0.003183557,patch_327,164.045528,164.201574,461.176571286,461.638365
318,0.159,0.158750001,0.159249999,-0.002926259,-0.003204384,patch_328,164.201574,164.357619,461.176571286,461.641386
319,0.1595,0.159249999,0.159750001,-0.002389665,-0.002616789,patch_329,164.357619,164.513665,461.176571286,461.556152
320,0.16,0.159750001,0.160249999,-0.00114809,-0.00125721,patch_330,164.513665,164.66971,461.176571286,461.358937
321,0.1605,0.160249999,0.160750001,0.000946832,0.001036823,patch_331,164.66971,164.825756,461.176571286,461.026174
322,0.161,0.160750001,0.16125,0.004004914,0.00438556,patch_332,164.825756,164.981801,461.176571286,460.54042
323,0.1615,0.16125,0.161750001,0.00808572,0.008854224,patch_333,164.981801,165.137847,461.176571286,459.892214
324,0.162,0.161750001,0.16225,0.013245442,0.014504349,patch_334,165.137847,165.293892,461.176571286,459.07263
325,0.1625,0.16225,0.162750002,0.019540274,0.021397472,patch_335,165.293892,165.449938,461.176571286,458.072742
326,0.163,0.162750002,0.16325,0.027026399,0.029595112,patch_336,165.449938,165.605983,461.176571286,456.883626
327,0.1635,0.16325,0.163749999,0.035760009,0.039158805,patch_337,165.605983,165.762028,461.176571286,455.496356
328,0.164,0.163749999,0.164250001,0.045797299,0.050150086,patch_338,165.762028,165.918074,461.176571286,453.902006
329,0.1645,0.164250001,0.164749999,0.057189503,0.062625057,patch_339,165.918074,166.074119,461.176571286,452.092438
330,0.165,0.164749999,0.165250001,0.069775838,0.076407655,patch_340,166.074119,166.230165,461.176571286,450.093191
331,0.1655,0.165250001,0.165749999,0.083108036,0.091007007,patch_341,166.230165,166.38621,461.176571286,447.975469
332,0.166,0.165749999,0.166250001,0.096717333,0.105909794,patch_342,166.38621,166.542256,461.176571286,445.813732
333,0.1665,0.166250001,0.16675,0.110135006,0.120602744,patch_343,166.542256,166.698301,461.176571286,443.682433
334,0.167,0.16675,0.167250001,0.122892271,0.134572518,patch_344,166.698301,166.854347,461.176571286,441.656035
335,0.1675,0.167250001,0.16775,0.134520412,0.147305851,patch_345,166.854347,167.010392,461.176571286,439.80899
336,0.168,0.16775,0.168250002,0.144550708,0.158289473,patch_346,167.010392,167.166438,461.176571286,438.215751
337,0.1685,0.168250002,0.16875,0.152520046,0.167016254,patch_347,167.166438,167.322483,461.176571286,436.94988
338,0.169,0.16875,0.169249999,0.1582337,0.17327296,patch_348,167.322483,167.478528,461.176571286,436.042308
339,0.1695,0.169249999,0.169750001,0.161875455,0.177260843,patch_349,167.478528,167.634574,461.176571286,435.463842
340,0.17,0.169750001,0.170249999,0.16365762,0.179212395,patch_350,167.634574,167.790619,461.176571286,435.180758
341,0.1705,0.170249999,0.170750001,0.163792553,0.179360152,patch_351,167.790619,167.946665,461.176571286,435.159325
342,0.171,0.170750001,0.171249999,0.162492556,0.177936597,patch_352,167.946665,168.10271,461.176571286,435.36582
343,0.1715,0.171249999,0.171750001,0.159969953,0.175174234,patch_353,168.10271,168.258756,461.176571286,435.766517
344,0.172,0.171750001,0.17225,0.156437086,0.171305587,patch_354,168.258756,168.414801,461.176571286,436.327687
345,0.1725,0.17225,0.172750001,0.152105019,0.166561781,patch_355,168.414801,168.570847,461.176571286,437.015804
346,0.173,0.172750001,0.17325,0.147119212,0.161102099,patch_356,168.570847,168.726892,461.176571286,437.807763
347,0.1735,0.17325,0.173750002,0.141528799,0.154980349,patch_357,168.726892,168.882938,461.176571286,438.695759
348,0.174,0.173750002,0.17425,0.135375214,0.148241898,patch_358,168.882938,169.038983,461.176571286,439.673211
349,0.1745,0.17425,0.174749999,0.128699942,0.140932177,patch_359,169.038983,169.195028,461.176571286,440.733529
350,0.175,0.174749999,0.175250001,0.121544427,0.13309657,patch_360,169.195028,169.351074,461.176571286,441.87013
351,0.1755,0.175250001,0.175749999,0.113950108,0.124780451,patch_361,169.351074,169.507119,461.176571286,443.076432
352,0.176,0.175749999,0.176250001,0.105958433,0.11602921,patch_362,169.507119,169.663165,461.176571286,444.345851
353,0.1765,0.176250001,0.176749999,0.097611425,0.106888864,patch_363,169.663165,169.81921,461.176571286,445.671712
354,0.177,0.176749999,0.177250001,0.088984039,0.097441492,patch_364,169.81921,169.975256,461.176571286,447.042109
355,0.1775,0.177250001,0.17775,0.080201506,0.087824227,patch_365,169.975256,170.131301,461.176571286,448.43715
356,0.178,0.17775,0.178250001,0.071393293,0.078178841,patch_366,170.131301,170.287347,461.176571286,449.83627
357,0.1785,0.178250001,0.17875,0.062688919,0.068647163,patch_367,170.287347,170.443392,461.176571286,451.218896
358,0.179,0.17875,0.179250002,0.054217833,0.059370945,patch_368,170.443392,170.599438,461.176571286,452.564466
359,0.1795,0.179250002,0.17975,0.046109539,0.050492002,patch_369,170.599438,170.755483,461.176571286,453.852409
360,0.18,0.17975,0.180249999,0.038493519,0.04215212,patch_370,170.755483,170.911528,461.176571286,455.062158
361,0.1805,0.180249999,0.180750001,0.031498434,0.03449219,patch_371,170.911528,171.067574,461.176571286,456.173276
362,0.181,0.180750001,0.181249999,0.025200069,0.0275952,patch_372,171.067574,171.223619,461.176571286,457.173725
363,0.1815,0.181249999,0.181750001,0.019590147,0.021452085,patch_373,171.223619,171.379665,461.176571286,458.06482
364,0.182,0.181750001,0.182249999,0.014652872,0.016045548,patch_374,171.379665,171.53571,461.176571286,458.84907
365,0.1825,0.182249999,0.182750001,0.010372448,0.011358293,patch_375,171.53571,171.691756,461.176571286,459.528984
366,0.183,0.182750001,0.18325,0.006733086,0.007373029,patch_376,171.691756,171.847801,461.176571286,460.10707
367,0.1835,0.18325,0.183750001,0.003719009,0.004072481,patch_377,171.847801,172.003847,461.176571286,460.585834
368,0.184,0.183750001,0.18425,0.001314409,0.001439337,patch_378,172.003847,172.159892,461.176571286,460.967787
369,0.1845,0.18425,0.184750002,-0.000496697,-0.000543906,patch_379,172.159892,172.315938,461.176571286,461.255468
370,0.185,0.184750002,0.18525,-0.001745801,-0.00191173,patch_380,172.315938,172.471983,461.176571286,461.453879
371,0.1855,0.18525,0.185749999,-0.002489984,-0.002726644,patch_381,172.471983,172.628028,461.176571286,461.572087
372,0.186,0.185749999,0.186250001,-0.002788758,-0.003053814,patch_382,172.628028,172.784074,461.176571286,461.619545
373,0.1865,0.186250001,0.186749999,-0.002701627,-0.002958403,patch_383,172.784074,172.940119,461.176571286,461.605705
374,0.187,0.186749999,0.187250001,-0.002288092,-0.002505563,patch_384,172.940119,173.096165,461.176571286,461.540018
375,0.1875,0.187250001,0.187749999,-0.001607658,-0.001760457,patch_385,173.096165,173.25221,461.176571286,461.431936
376,0.188,0.187749999,0.188250001,-0.000719824,-0.000788239,patch_386,173.25221,173.408256,461.176571286,461.29091
377,0.1885,0.188250001,0.18875,0.000316353,0.00034642,patch_387,173.408256,173.564301,461.176571286,461.126321
378,0.189,0.18875,0.189250001,0.001478534,0.001619061,patch_388,173.564301,173.720347,461.176571286,460.941717
379,0.1895,0.189250001,0.18975,0.002807705,0.003074562,patch_389,173.720347,173.876392,461.176571286,460.730588
380,0.19,0.18975,0.190250002,0.004351131,0.004764683,patch_390,173.876392,174.032438,461.176571286,460.485426
381,0.1905,0.190250002,0.19075,0.006156062,0.006741162,patch_391,174.032438,174.188483,461.176571286,460.198726
382,0.191,0.19075,0.191249999,0.00826977,0.009055767,patch_392,174.188483,174.344528,461.176571286,459.862979
383,0.1915,0.191249999,0.191750001,0.010739496,0.011760228,patch_393,174.344528,174.500574,461.176571286,459.470681
384,0.192,0.191750001,0.192249999,0.013612522,0.014906318,patch_394,174.500574,174.656619,461.176571286,459.014322
385,0.1925,0.192249999,0.192750001,0.016935074,0.018544661,patch_395,174.656619,174.812665,461.176571286,458.486559
386,0.193,0.192750001,0.193249999,0.020659482,0.022623054,patch_396,174.812665,174.96871,461.176571286,457.894964
387,0.1935,0.193249999,0.193750001,0.024569357,0.026904542,patch_397,174.96871,175.124756,461.176571286,457.273909
388,0.194,0.193750001,0.19425,0.0284307,0.031132885,patch_398,175.124756,175.280801,461.176571286,456.660563
389,0.1945,0.19425,0.194750001,0.032009518,0.03505185,patch_399,175.280801,175.436847,461.176571286,456.092094
390,0.195,0.194750001,0.19525,0.035071819,0.038405206,patch_400,175.436847,175.592892,461.176571286,455.60567
391,0.1955,0.19525,0.195750002,0.03738359,0.040936699,patch_401,175.592892,175.748938,461.176571286,455.238462
392,0.196,0.195750002,0.19625,0.03871086,0.042390118,patch_402,175.748938,175.904983,461.176571286,455.027635
393,0.1965,0.19625,0.196749999,0.038821076,0.04251081,patch_403,175.904983,176.061028,461.176571286,455.010128
394,0.197,0.196749999,0.197250001,0.037636394,0.04121353,patch_404,176.061028,176.217074,461.176571286,455.198306
395,0.1975,0.197250001,0.197749999,0.035368452,0.038730032,patch_405,176.217074,176.373119,461.176571286,455.558552
396,0.198,0.197749999,0.198250001,0.032260704,0.03532691,patch_406,176.373119,176.529165,461.176571286,456.052195
397,0.1985,0.198250001,0.198749999,0.028556567,0.031270714,patch_407,176.529165,176.68521,461.176571286,456.64057
398,0.199,0.198749999,0.199250001,0.024499489,0.026828034,patch_408,176.68521,176.841256,461.176571286,457.285007
399,0.1995,0.199250001,0.19975,0.020332901,0.022265434,patch_409,176.841256,176.997301,461.176571286,457.946839
400,0.2,0.19975,0.200250001,0.016300238,0.017849488,patch_410,176.997301,177.153347,461.176571286,458.587398
401,0.2005,0.200250001,0.20075,0.012644218,0.013845982,patch_411,177.153347,177.309392,461.176571286,459.16813
402,0.201,0.20075,0.201250002,0.009519409,0.010424177,patch_412,177.309392,177.465438,461.176571286,459.664483
403,0.2015,0.201250002,0.20175,0.006908479,0.007565093,patch_413,177.465438,177.621483,461.176571286,460.07921
404,0.202,0.20175,0.202249999,0.004774248,0.005228014,patch_414,177.621483,177.777528,461.176571286,460.418217
405,0.2025,0.202249999,0.202750001,0.003079521,0.003372213,patch_415,177.777528,177.933574,461.176571286,460.687412
406,0.203,0.202750001,0.203249999,0.001787122,0.001956979,patch_416,177.933574,178.089619,461.176571286,460.8927
407,0.2035,0.203249999,0.203750001,0.000859865,0.000941591,patch_417,178.089619,178.245665,461.176571286,461.039988
408,0.204,0.203750001,0.204249999,0.000260562,0.000285326,patch_418,178.245665,178.40171,461.176571286,461.135183
409,0.2045,0.204249999,0.204750001,-0.000048058,-0.000052626,patch_419,178.40171,178.557756,461.176571286,461.184205
410,0.205,0.204750001,0.20525,-0.000115106,-0.000126046,patch_420,178.557756,178.713801,461.176571286,461.194855
411,0.2055,0.20525,0.205750001,-0.000013817,-0.00001513,patch_421,178.713801,178.869847,461.176571286,461.178766
412,0.206,0.205750001,0.20625,0.000179676,0.000196754,patch_422,178.869847,179.025892,461.176571286,461.148031
413,0.2065,0.20625,0.206750002,0.000389217,0.00042621,patch_423,179.025892,179.181938,461.176571286,461.114747
414,0.207,0.206750002,0.20725,0.000538667,0.000589864,patch_424,179.181938,179.337983,461.176571286,461.091008
415,0.2075,0.20725,0.207749999,0.000551869,0.000604321,patch_425,179.337983,179.494028,461.176571286,461.088911
416,0.208,0.207749999,0.208250001,0.00035269,0.000386212,patch_426,179.494028,179.650074,461.176571286,461.120549
417,0.2085,0.208250001,0.208749999,-0.000134528,-0.000147314,patch_427,179.650074,179.806119,461.176571286,461.19794
418,0.209,0.208749999,0.209250001,-0.000901016,-0.000986652,patch_428,179.806119,179.962165,461.176571286,461.319691
419,0.2095,0.209250001,0.209749999,-0.001759116,-0.001926311,patch_429,179.962165,180.11821,461.176571286,461.455994
420,0.21,0.209749999,0.210250001,-0.00249837,-0.002735826,patch_430,180.11821,180.274256,461.176571286,461.573419
421,0.2105,0.210250001,0.21075,-0.002908323,-0.003184743,patch_431,180.274256,180.430301,461.176571286,461.638537
422,0.211,0.21075,0.211250001,-0.002778509,-0.003042591,patch_432,180.430301,180.586347,461.176571286,461.617917
423,0.2115,0.211250001,0.21175,-0.001898468,-0.002078907,patch_433,180.586347,180.742392,461.176571286,461.478129
424,0.212,0.21175,0.212250002,-0.000057741,-0.000063229,patch_434,180.742392,180.898438,461.176571286,461.185743
425,0.2125,0.212250002,0.21275,0.002953301,0.003233997,patch_435,180.898438,181.054483,461.176571286,460.707461
426,0.213,0.21275,0.213249999,0.007176348,0.007858421,patch_436,181.054483,181.210528,461.176571286,460.036661
427,0.2135,0.213249999,0.213750001,0.012281935,0.013449266,patch_437,181.210528,181.366574,461.176571286,459.225676
428,0.214,0.213750001,0.214249999,0.017890919,0.019591354,patch_438,181.366574,181.522619,461.176571286,458.33473
429,0.2145,0.214249999,0.214750001,0.02362417,0.02586952,patch_439,181.522619,181.678665,461.176571286,457.424045
430,0.215,0.214750001,0.215249999,0.029102554,0.031868594,patch_440,181.678665,181.83471,461.176571286,456.553844
431,0.2155,0.215249999,0.215750001,0.033946919,0.037173391,patch_441,181.83471,181.990756,461.176571286,455.784352
432,0.216,0.215750001,0.21625,0.037778144,0.041368753,patch_442,181.990756,182.146801,461.176571286,455.17579
433,0.2165,0.21625,0.216750001,0.040217854,0.044040344,patch_443,182.146801,182.302847,461.176571286,454.78826
434,0.217,0.216750001,0.21725,0.041079537,0.044983925,patch_444,182.302847,182.458892,461.176571286,454.651388
435,0.2175,0.21725,0.217750002,0.040618949,0.044479561,patch_445,182.458892,182.614938,461.176571286,454.724549
436,0.218,0.217750002,0.21825,0.039153927,0.042875297,patch_446,182.614938,182.770983,461.176571286,454.957257
437,0.2185,0.21825,0.218749999,0.037002314,0.040519184,patch_447,182.770983,182.927028,461.176571286,455.299025
438,0.219,0.218749999,0.219250001,0.034481958,0.037759282,patch_448,182.927028,183.083074,461.176571286,455.699365
439,0.2195,0.219250001,0.219749999,0.03191071,0.03494365,patch_449,183.083074,183.239119,461.176571286,456.107789
440,0.22,0.219749999,0.220250001,0.029606411,0.03242034,patch_450,183.239119,183.395165,461.176571286,456.47381
441,0.2205,0.220250001,0.220749999,0.027886652,0.030537128,patch_451,183.395165,183.55121,461.176571286,456.746981
442,0.221,0.220749999,0.221250001,0.026989985,0.029555238,patch_452,183.55121,183.707256,461.176571286,456.88941
443,0.2215,0.221250001,0.22175,0.026964872,0.029527738,patch_453,183.707256,183.863301,461.176571286,456.893399
444,0.222,0.22175,0.222250001,0.02783178,0.030477041,patch_454,183.863301,184.019347,461.176571286,456.755697
445,0.2225,0.222250001,0.22275,0.029611164,0.032425545,patch_455,184.019347,184.175392,461.176571286,456.473055
446,0.223,0.22275,0.223250002,0.032323489,0.035395662,patch_456,184.175392,184.331438,461.176571286,456.042222
447,0.2235,0.223250002,0.22375,0.035989211,0.039409791,patch_457,184.331438,184.487483,461.176571286,455.459949
448,0.224,0.22375,0.224249999,0.040628802,0.04449035,patch_458,184.487483,184.643528,461.176571286,454.722984
449,0.2245,0.224249999,0.224750001,0.046262514,0.050659517,patch_459,184.643528,184.799574,461.176571286,453.82811
450,0.225,0.224750001,0.225249999,0.052832046,0.057853448,patch_460,184.799574,184.955619,461.176571286,452.784588
451,0.2255,0.225249999,0.225750001,0.060081899,0.06579236,patch_461,184.955619,185.111665,461.176571286,451.633002
452,0.226,0.225750001,0.226249999,0.067726092,0.074163092,patch_462,185.111665,185.26771,461.176571286,450.418778
453,0.2265,0.226249999,0.226750001,0.075478675,0.082652517,patch_463,185.26771,185.423756,461.176571286,449.187337
454,0.227,0.226750001,0.22725,0.08305368,0.090947485,patch_464,185.423756,185.579801,461.176571286,447.984103
455,0.2275,0.22725,0.227750001,0.090165151,0.098734863,patch_465,185.579801,185.735847,461.176571286,446.854498
456,0.228,0.227750001,0.22825,0.096527113,0.105701495,patch_466,185.735847,185.891892,461.176571286,445.843947
457,0.2285,0.22825,0.228750002,0.101853862,0.111534522,patch_467,185.891892,186.047938,461.176571286,444.997832
458,0.229,0.228750002,0.22925,0.105981191,0.116054132,patch_468,186.047938,186.203983,461.176571286,444.342236
459,0.2295,0.22925,0.229749999,0.109063436,0.119429327,patch_469,186.203983,186.360028,461.176571286,443.852644
460,0.23,0.229749999,0.230250001,0.111306442,0.121885519,patch_470,186.360028,186.516074,461.176571286,443.496359
461,0.2305,0.230250001,0.230749999,0.112916091,0.123648156,patch_471,186.516074,186.672119,461.176571286,443.240678
462,0.231,0.230749999,0.231250001,0.114098229,0.124942651,patch_472,186.672119,186.828165,461.176571286,443.052904
463,0.2315,0.231250001,0.231749999,0.115058727,0.125994438,patch_473,186.828165,186.98421,461.176571286,442.900336
464,0.232,0.231749999,0.232250001,0.116003454,0.127028957,patch_474,186.98421,187.140256,461.176571286,442.750273
465,0.2325,0.232250001,0.23275,0.117138111,0.128271457,patch_475,187.140256,187.296301,461.176571286,442.570041
466,0.233,0.23275,0.233250001,0.118575559,0.129845526,patch_476,187.296301,187.452347,461.176571286,442.341713
467,0.2335,0.233250001,0.23375,0.120174342,0.131596265,patch_477,187.452347,187.608392,461.176571286,442.087758
468,0.234,0.23375,0.234250002,0.121749939,0.133321614,patch_478,187.608392,187.764438,461.176571286,441.837486
469,0.2345,0.234250002,0.23475,0.123117821,0.134819506,patch_479,187.764438,187.920483,461.176571286,441.620208
470,0.235,0.23475,0.235249999,0.12409344,0.135887852,patch_480,187.920483,188.076528,461.176571286,441.465238
471,0.2355,0.235249999,0.235750001,0.124492288,0.136324608,patch_481,188.076528,188.232574,461.176571286,441.401884
472,0.236,0.235750001,0.236249999,0.124129816,0.135927685,patch_482,188.232574,188.388619,461.176571286,441.45946
473,0.2365,0.236249999,0.236750001,0.122821622,0.134495155,patch_483,188.388619,188.544665,461.176571286,441.667257
474,0.237,0.236750001,0.237249999,0.120483195,0.131934473,patch_484,188.544665,188.70071,461.176571286,442.038699
475,0.2375,0.237249999,0.237750001,0.117315878,0.12846612,patch_485,188.70071,188.856756,461.176571286,442.541804
476,0.238,0.237750001,0.23825,0.113571708,0.124366087,patch_486,188.856756,189.012801,461.176571286,443.136538
477,0.2385,0.23825,0.238750001,0.10950272,0.119910363,patch_487,189.012801,189.168847,461.176571286,443.782867
478,0.239,0.238750001,0.23925,0.105360948,0.115374938,patch_488,189.168847,189.324892,461.176571286,444.440757
479,0.2395,0.23925,0.239750002,0.101398443,0.111035818,patch_489,189.324892,189.480938,461.176571286,445.070172
480,0.24,0.239750002,0.24025,0.097867263,0.107169019,patch_490,189.480938,189.636983,461.176571286,445.631074
481,0.2405,0.24025,0.240749999,0.09501937,0.104050448,patch_491,189.636983,189.793028,461.176571286,446.083441
482,0.241,0.240749999,0.241250001,0.093006724,0.101846511,patch_492,189.793028,189.949074,461.176571286,446.403135
483,0.2415,0.241250001,0.241749999,0.091682634,0.100396574,patch_493,189.949074,190.105119,461.176571286,446.613457
484,0.242,0.241749999,0.242250001,0.090844805,0.099479114,patch_494,190.105119,190.261165,461.176571286,446.74654
485,0.2425,0.242250001,0.242749999,0.09029103,0.098872706,patch_495,190.261165,190.41721,461.176571286,446.834503
486,0.243,0.242749999,0.243250001,0.089819004,0.098355816,patch_496,190.41721,190.573256,461.176571286,446.909481
487,0.2435,0.243250001,0.24375,0.089226512,0.09770701,patch_497,190.573256,190.729301,461.176571286,447.003594
488,0.244,0.24375,0.244250001,0.088311292,0.096704804,patch_498,190.729301,190.885347,461.176571286,447.14897
489,0.2445,0.244250001,0.24475,0.086871118,0.095127749,patch_499,190.885347,191.041392,461.176571286,447.377731
490,0.245,0.24475,0.245250002,0.084783474,0.092841686,patch_500,191.041392,191.197438,461.176571286,447.709338
491,0.2455,0.245250002,0.24575,0.082174672,0.089984932,patch_501,191.197438,191.353483,461.176571286,448.123727
492,0.246,0.24575,0.246249999,0.079219446,0.086748827,patch_502,191.353483,191.509528,461.176571286,448.593143
493,0.2465,0.246249999,0.246750001,0.076092516,0.083324699,patch_503,191.509528,191.665574,461.176571286,449.089833
494,0.247,0.246750001,0.247249999,0.072968619,0.079903893,patch_504,191.665574,191.821619,461.176571286,449.586041
495,0.2475,0.247249999,0.247750001,0.070022478,0.076677737,patch_505,191.821619,191.977665,461.176571286,450.054014
496,0.248,0.247750001,0.248249999,0.06742883,0.073837576,patch_506,191.977665,192.13371,461.176571286,450.465996
497,0.2485,0.248249999,0.248750001,0.065362376,0.071574717,patch_507,192.13371,192.289756,461.176571286,450.794237
498,0.249,0.248750001,0.24925,0.063917745,0.069992782,patch_508,192.289756,192.445801,461.176571286,451.023706
499,0.2495,0.24925,0.249750001,0.0629282,0.068909186,patch_509,192.445801,192.601847,461.176571286,451.180888
500,0.25,0.249750001,0.25025,0.062173749,0.068083029,patch_510,192.601847,192.757892,461.176571286,451.300727
501,0.2505,0.25025,0.250750002,0.061434408,0.067273417,patch_511,192.757892,192.913938,461.176571286,451.418166
502,0.251,0.250750002,0.25125,0.060490222,0.066239491,patch_512,192.913938,193.069983,461.176571286,451.568143
503,0.2515,0.25125,0.251749999,0.0591212,0.064740352,patch_513,193.069983,193.226028,461.176571286,451.785602
504,0.252,0.251749999,0.252250001,0.057107365,0.062535112,patch_514,193.226028,193.382074,461.176571286,452.105485
505,0.2525,0.252250001,0.252749999,0.054228762,0.059382913,patch_515,193.382074,193.538119,461.176571286,452.56273
506,0.253,0.252749999,0.253250001,0.050370189,0.055157604,patch_516,193.538119,193.694165,461.176571286,453.175636
507,0.2535,0.253250001,0.253749999,0.045773974,0.050124544,patch_517,193.694165,193.85021,461.176571286,453.905711
508,0.254,0.253749999,0.254250001,0.040758647,0.044632537,patch_518,193.85021,194.006256,461.176571286,454.702359
509,0.2545,0.254250001,0.25475,0.035642742,0.039030392,patch_519,194.006256,194.162301,461.176571286,455.514983
510,0.255,0.25475,0.255250001,0.030744782,0.033666908,patch_520,194.162301,194.318347,461.176571286,456.292988
511,0.2555,0.255250001,0.25575,0.026383303,0.028890894,patch_521,194.318347,194.474392,461.176571286,456.985777
512,0.256,0.25575,0.256250002,0.022876827,0.025051146,patch_522,194.474392,194.630438,461.176571286,457.542755
513,0.2565,0.256250002,0.25675,0.020543877,0.022496462,patch_523,194.630438,194.786483,461.176571286,457.913327
514,0.257,0.25675,0.257249999,0.019585596,0.021447101,patch_524,194.786483,194.942528,461.176571286,458.065543
515,0.2575,0.257249999,0.257750001,0.019784245,0.021664631,patch_525,194.942528,195.098574,461.176571286,458.033989
516,0.258,0.257750001,0.258249999,0.020828668,0.022808321,patch_526,195.098574,195.254619,461.176571286,457.86809
517,0.2585,0.258249999,0.258750001,0.022407703,0.024537434,patch_527,195.254619,195.410665,461.176571286,457.617272
518,0.259,0.258750001,0.259249999,0.024210191,0.026511239,patch_528,195.410665,195.56671,461.176571286,457.33096
519,0.2595,0.259249999,0.259750001,0.025924975,0.028389004,patch_529,195.56671,195.722756,461.176571286,457.058579
520,0.26,0.259750001,0.26025,0.0272409,0.029830001,patch_530,195.722756,195.878801,461.176571286,456.849554
521,0.2605,0.26025,0.260750001,0.027846814,0.030493504,patch_531,195.878801,196.034847,461.176571286,456.753309
522,0.261,0.260750001,0.26125,0.027517167,0.030132526,patch_532,196.034847,196.190892,461.176571286,456.805671
523,0.2615,0.26125,0.261750002,0.026346059,0.028850109,patch_533,196.190892,196.346938,461.176571286,456.991693
524,0.262,0.261750002,0.26225,0.024502133,0.026830929,patch_534,196.346938,196.502983,461.176571286,457.284587
525,0.2625,0.26225,0.262749999,0.022154043,0.024259665,patch_535,196.502983,196.659028,461.176571286,457.657564
526,0.263,0.262749999,0.263250001,0.019470438,0.021320998,patch_536,196.659028,196.815074,461.176571286,458.083835
527,0.2635,0.263250001,0.263749999,0.016619963,0.018199601,patch_537,196.815074,196.971119,461.176571286,458.536612
528,0.264,0.263749999,0.264250001,0.013771276,0.015080162,patch_538,196.971119,197.127165,461.176571286,458.989105
529,0.2645,0.264250001,0.264749999,0.011093029,0.012147361,patch_539,197.127165,197.28321,461.176571286,459.414525
530,0.265,0.264749999,0.265250001,0.008721877,0.009550845,patch_540,197.28321,197.439256,461.176571286,459.791165
531,0.2655,0.265250001,0.26575,0.006669589,0.007303497,patch_541,197.439256,197.595301,461.176571286,460.117156
532,0.266,0.26575,0.266250001,0.004917421,0.005384795,patch_542,197.595301,197.751347,461.176571286,460.395475
533,0.2665,0.266250001,0.26675,0.003446658,0.003774244,patch_543,197.751347,197.907392,461.176571286,460.629095
534,0.267,0.26675,0.267250002,0.002238569,0.002451333,patch_544,197.907392,198.063438,461.176571286,460.820991
535,0.2675,0.267250002,0.26775,0.00127442,0.001395547,patch_545,198.063438,198.219483,461.176571286,460.974139
536,0.268,0.26775,0.268249999,0.000535494,0.00058639,patch_546,198.219483,198.375528,461.176571286,461.091512
537,0.2685,0.268249999,0.268750001,0.000003049,0.000003339,patch_547,198.375528,198.531574,461.176571286,461.176087
538,0.269,0.268750001,0.269249999,-0.00034342,-0.00037606,patch_548,198.531574,198.687619,461.176571286,461.231121
539,0.2695,0.269249999,0.269750001,-0.000531732,-0.00058227,patch_549,198.687619,198.843665,461.176571286,461.261033
540,0.27,0.269750001,0.270249999,-0.000591577,-0.000647804,patch_550,198.843665,198.99971,461.176571286,461.270539
541,0.2705,0.270249999,0.270750001,-0.000552627,-0.000605151,patch_551,198.99971,199.155756,461.176571286,461.264352
542,0.271,0.270750001,0.27125,-0.00044457,-0.000486824,patch_552,199.155756,199.311801,461.176571286,461.247188
543,0.2715,0.27125,0.271750001,-0.000297091,-0.000325328,patch_553,199.311801,199.467847,461.176571286,461.223762
544,0.272,0.271750001,0.27225,-0.000139866,-0.00015316,patch_554,199.467847,199.623892,461.176571286,461.198788
545,0.2725,0.27225,0.272750002,-0.000002579,-0.000002825,patch_555,199.623892,199.779938,461.176571286,461.176981
546,0.273,0.272750002,0.27325,0.00009096,0.000099605,patch_556,199.779938,199.935983,461.176571286,461.162123
547,0.2735,0.27325,0.273749999,0.000141998,0.000155494,patch_557,199.935983,200.092028,461.176571286,461.154016
548,0.274,0.273749999,0.274250001,0.000158492,0.000173556,patch_558,200.092028,200.248074,461.176571286,461.151396
549,0.2745,0.274250001,0.274749999,0.000148394,0.000162498,patch_559,200.248074,200.404119,461.176571286,461.153
550,0.275,0.274749999,0.275250001,0.000119661,0.000131034,patch_560,200.404119,200.560165,461.176571286,461.157564
551,0.2755,0.275250001,0.275749999,0.000080238,0.000087865,patch_561,200.560165,200.71621,461.176571286,461.163826
552,0.276,0.275749999,0.276250001,0.00003809,0.00004171,patch_562,200.71621,200.872256,461.176571286,461.170521
553,0.2765,0.276250001,0.27675,0.000001166,0.000001277,patch_563,200.872256,201.028301,461.176571286,461.176386
554,0.277,0.27675,0.277250001,-0.000024085,-0.000026374,patch_564,201.028301,201.184347,461.176571286,461.180397
555,0.2775,0.277250001,0.27775,-0.000037923,-0.000041527,patch_565,201.184347,201.340392,461.176571286,461.182595
556,0.278,0.27775,0.278250002,-0.000042468,-0.000046504,patch_566,201.340392,201.496438,461.176571286,461.183317
557,0.2785,0.278250002,0.27875,-0.000039855,-0.000043643,patch_567,201.496438,201.652483,461.176571286,461.182902
558,0.279,0.27875,0.279249999,-0.000032212,-0.000035274,patch_568,201.652483,201.808528,461.176571286,461.181688
559,0.2795,0.279249999,0.279750001,-0.00002168,-0.000023741,patch_569,201.808528,201.964574,461.176571286,461.180015
560,0.28,0.279750001,0.280249999,-0.00001038,-0.000011366,patch_570,201.964574,202.120619,461.176571286,461.17822
561,0.2805,0.280249999,0.280750001,-0.000000439,-0.000000481,patch_571,202.120619,202.276665,461.176571286,461.176641
562,0.281,0.280750001,0.281249999,0.000006385,0.000006992,patch_572,202.276665,202.43271,461.176571286,461.175557
563,0.2815,0.281249999,0.281750001,0.000010144,0.000011108,patch_573,202.43271,202.588756,461.176571286,461.17496
564,0.282,0.281750001,0.28225,0.000011403,0.000012487,patch_574,202.588756,202.744801,461.176571286,461.17476
565,0.2825,0.28225,0.282750001,0.000010736,0.000011756,patch_575,202.744801,202.900847,461.176571286,461.174866
566,0.283,0.282750001,0.28325,0.000008709,0.000009536,patch_576,202.900847,203.056892,461.176571286,461.175188
567,0.2835,0.28325,0.283750002,0.000005888,0.000006448,patch_577,203.056892,203.212938,461.176571286,461.175636
568,0.284,0.283750002,0.28425,0.000002847,0.000003118,patch_578,203.212938,203.368983,461.176571286,461.176119
569,0.2845,0.28425,0.284749999,0.000000153,0.000000167,patch_579,203.368983,203.525028,461.176571286,461.176547
570,0.285,0.284749999,0.285250001,-0.000001717,-0.00000188,patch_580,203.525028,203.681074,461.176571286,461.176844
571,0.2855,0.285250001,0.285749999,-0.000002775,-0.000003038,patch_581,203.681074,203.837119,461.176571286,461.177012
572,0.286,0.285749999,0.286250001,-0.000003152,-0.000003452,patch_582,203.837119,203.993165,461.176571286,461.177072
573,0.2865,0.286250001,0.286749999,-0.000003007,-0.000003293,patch_583,203.993165,204.14921,461.176571286,461.177049
574,0.287,0.286749999,0.287250001,-0.000002479,-0.000002714,patch_584,204.14921,204.305256,461.176571286,461.176965
575,0.2875,0.287250001,0.28775,-0.000001717,-0.00000188,patch_585,204.305256,204.461301,461.176571286,461.176844
576,0.288,0.28775,0.288250001,-0.000000861,-0.000000942,patch_586,204.461301,204.617347,461.176571286,461.176708
577,0.2885,0.288250001,0.28875,-0.000000061,-0.000000067,patch_587,204.617347,204.773392,461.176571286,461.176581
578,0.289,0.28875,0.289250002,0.000000562,0.000000616,patch_588,204.773392,204.929438,461.176571286,461.176482
579,0.2895,0.289250002,0.28975,0.000000984,0.000001077,patch_589,204.929438,205.085483,461.176571286,461.176415
580,0.29,0.28975,0.290249999,0.000001217,0.000001332,patch_590,205.085483,205.241528,461.176571286,461.176378
581,0.2905,0.290249999,0.290750001,0.00000128,0.000001401,patch_591,205.241528,205.397574,461.176571286,461.176368
582,0.291,0.290750001,0.291249999,0.000001179,0.000001291,patch_592,205.397574,205.553619,461.176571286,461.176384
583,0.2915,0.291249999,0.291750001,0.000000934,0.000001022,patch_593,205.553619,205.709665,461.176571286,461.176423
584,0.292,0.291750001,0.292249999,0.000000556,0.000000609,patch_594,205.709665,205.86571,461.176571286,461.176483
585,0.2925,0.292249999,0.292750001,0.000000052,0.000000057,patch_595,205.86571,206.021756,461.176571286,461.176563
586,0.293,0.292750001,0.29325,-0.00000054,-0.000000591,patch_596,206.021756,206.177801,461.176571286,461.176657
587,0.2935,0.29325,0.293750001,-0.000001157,-0.000001267,patch_597,206.177801,206.333847,461.176571286,461.176755
588,0.294,0.293750001,0.29425,-0.000001704,-0.000001866,patch_598,206.333847,206.489892,461.176571286,461.176842
589,0.2945,0.29425,0.294750002,-0.000002095,-0.000002294,patch_599,206.489892,206.645938,461.176571286,461.176904
590,0.295,0.294750002,0.29525,-0.000002221,-0.000002432,patch_600,206.645938,206.801983,461.176571286,461.176924
591,0.2955,0.29525,0.295749999,-0.000002006,-0.000002197,patch_601,206.801983,206.958028,461.176571286,461.17689
592,0.296,0.295749999,0.296250001,-0.000001352,-0.00000148,patch_602,206.958028,207.114074,461.176571286,461.176786
593,0.2965,0.296250001,0.296749999,-0.000000168,-0.000000184,patch_603,207.114074,207.270119,461.176571286,461.176598
594,0.297,0.296749999,0.297250001,0.000001582,0.000001732,patch_604,207.270119,207.426165,461.176571286,461.17632
595,0.2975,0.297250001,0.297749999,0.000003628,0.000003973,patch_605,207.426165,207.58221,461.176571286,461.175995
596,0.298,0.297749999,0.298250001,0.000005586,0.000006117,patch_606,207.58221,207.738256,461.176571286,461.175684
597,0.2985,0.298250001,0.29875,0.000007072,0.000007744,patch_607,207.738256,207.894301,461.176571286,461.175448
598,0.299,0.29875,0.299250001,0.000007714,0.000008447,patch_608,207.894301,208.050347,461.176571286,461.175346
599,0.2995,0.299250001,0.29975,0.000007116,0.000007792,patch_609,208.050347,208.206392,461.176571286,461.175441
600,0.3,0.29975,0.300250002,0.000004906,0.000005372,patch_610,208.206392,208.362438,461.176571286,461.175792
601,0.3005,0.300250002,0.30075,0.000000701,0.000000767,patch_611,208.362438,208.518483,461.176571286,461.17646
602,0.301,0.30075,0.301249999,-0.000005683,-0.000006223,patch_612,208.518483,208.674528,461.176571286,461.177474
603,0.3015,0.301249999,0.301750001,-0.000013244,-0.000014503,patch_613,208.674528,208.830574,461.176571286,461.178675
604,0.302,0.301750001,0.302249999,-0.000020541,-0.000022493,patch_614,208.830574,208.986619,461.176571286,461.179834
605,0.3025,0.302249999,0.302750001,-0.000026144,-0.000028628,patch_615,208.986619,209.142665,461.176571286,461.180724
606,0.303,0.302750001,0.303249999,-0.000028611,-0.000031331,patch_616,209.142665,209.29871,461.176571286,461.181116
607,0.3035,0.303249999,0.303750001,-0.000026521,-0.000029042,patch_617,209.29871,209.454756,461.176571286,461.180784
608,0.304,0.303750001,0.30425,-0.000018425,-0.000020176,patch_618,209.454756,209.610801,461.176571286,461.179498
609,0.3045,0.30425,0.304750001,-0.000002894,-0.000003169,patch_619,209.610801,209.766847,461.176571286,461.177031
610,0.305,0.304750001,0.30525,0.00002079,0.000022766,patch_620,209.766847,209.922892,461.176571286,461.173269
611,0.3055,0.30525,0.305750002,0.00004895,0.000053602,patch_621,209.922892,210.078938,461.176571286,461.168796
612,0.306,0.305750002,0.30625,0.000076228,0.000083473,patch_622,210.078938,210.234983,461.176571286,461.164463
613,0.3065,0.30625,0.306749999,0.000097274,0.00010652,patch_623,210.234983,210.391028,461.176571286,461.16112
614,0.307,0.306749999,0.307250001,0.000106724,0.000116867,patch_624,210.391028,210.547074,461.176571286,461.159619
615,0.3075,0.307250001,0.307749999,0.000099213,0.000108643,patch_625,210.547074,210.703119,461.176571286,461.160812
616,0.308,0.307749999,0.308250001,0.000069398,0.000075993,patch_626,210.703119,210.859165,461.176571286,461.165548
617,0.3085,0.308250001,0.308749999,0.000011913,0.000013045,patch_627,210.859165,211.01521,461.176571286,461.174679
618,0.309,0.308749999,0.309250001,-0.000076073,-0.000083304,patch_628,211.01521,211.171256,461.176571286,461.188655
619,0.3095,0.309250001,0.30975,-0.000181058,-0.000198266,patch_629,211.171256,211.327301,461.176571286,461.205331
620,0.31,0.30975,0.310250001,-0.000283071,-0.000309975,patch_630,211.327301,211.483347,461.176571286,461.221535
621,0.3105,0.310250001,0.31075,-0.000362105,-0.000396521,patch_631,211.483347,211.639392,461.176571286,461.234089
622,0.311,0.31075,0.311250002,-0.000398166,-0.000436009,patch_632,211.639392,211.795438,461.176571286,461.239817
623,0.3115,0.311250002,0.31175,-0.000371259,-0.000406545,patch_633,211.795438,211.951483,461.176571286,461.235543
624,0.312,0.31175,0.312249999,-0.000261383,-0.000286226,patch_634,211.951483,212.107528,461.176571286,461.21809
625,0.3125,0.312249999,0.312750001,-0.000048549,-0.000053164,patch_635,212.107528,212.263574,461.176571286,461.184283
626,0.313,0.312750001,0.313249999,0.000278315,0.000304767,patch_636,212.263574,212.419619,461.176571286,461.132363
627,0.3135,0.313249999,0.313750001,0.000669727,0.000733381,patch_637,212.419619,212.575665,461.176571286,461.07019
628,0.314,0.313750001,0.314249999,0.001051155,0.001151062,patch_638,212.575665,212.73171,461.176571286,461.009603
629,0.3145,0.314249999,0.314750001,0.001347958,0.001476074,patch_639,212.73171,212.887756,461.176571286,460.962458
630,0.315,0.314750001,0.31525,0.001485509,0.001626699,patch_640,212.887756,213.043801,461.176571286,460.940609
631,0.3155,0.31525,0.315750001,0.001389169,0.001521202,patch_641,213.043801,213.199847,461.176571286,460.955912
632,0.316,0.315750001,0.31625,0.000984322,0.001077876,patch_642,213.199847,213.355892,461.176571286,461.020219
633,0.3165,0.31625,0.316750002,0.000196328,0.000214988,patch_643,213.355892,213.511938,461.176571286,461.145386
634,0.317,0.316750002,0.31725,-0.001017861,-0.001114603,patch_644,213.511938,213.667983,461.176571286,461.338251
635,0.3175,0.31725,0.317749999,-0.002477085,-0.002712518,patch_645,213.667983,213.824028,461.176571286,461.570038
636,0.318,0.317749999,0.318250001,-0.003903206,-0.004274185,patch_646,213.824028,213.980074,461.176571286,461.796567
637,0.3185,0.318250001,0.318749999,-0.005017699,-0.005494604,patch_647,213.980074,214.136119,461.176571286,461.973596
638,0.319,0.318749999,0.319250001,-0.005542036,-0.006068776,patch_648,214.136119,214.292165,461.176571286,462.056883
639,0.3195,0.319250001,0.319749999,-0.005197688,-0.005691701,patch_649,214.292165,214.44821,461.176571286,462.002186
640,0.32,0.319749999,0.320250001,-0.003706137,-0.004058385,patch_650,214.44821,214.604256,461.176571286,461.765264
641,0.3205,0.320250001,0.32075,-0.000788848,-0.000863824,patch_651,214.604256,214.760301,461.176571286,461.301874
642,0.321,0.32075,0.321250001,0.003777885,0.004136952,patch_652,214.760301,214.916347,461.176571286,460.576482
643,0.3215,0.321250001,0.32175,0.009809539,0.010741882,patch_653,214.916347,215.072392,461.176571286,459.618398
644,0.322,0.32175,0.322250002,0.016937359,0.018547163,patch_654,215.072392,215.228438,461.176571286,458.486196
645,0.3225,0.322250002,0.32275,0.024791709,0.027148028,patch_655,215.228438,215.384483,461.176571286,457.23859
646,0.323,0.32275,0.323249999,0.033002948,0.0361397,patch_656,215.384483,215.540528,461.176571286,455.934295
647,0.3235,0.323249999,0.323750001,0.041201437,0.045117412,patch_657,215.540528,215.696574,461.176571286,454.632025
648,0.324,0.323750001,0.324249999,0.049017524,0.053676375,patch_658,215.696574,215.852619,461.176571286,453.390497
649,0.3245,0.324249999,0.324750001,0.056081583,0.061411835,patch_659,215.852619,216.008665,461.176571286,452.268423
650,0.325,0.324750001,0.325249999,0.062081494,0.067982006,patch_660,216.008665,216.16471,461.176571286,451.315381
651,0.3255,0.325249999,0.325750001,0.067155024,0.073537747,patch_661,216.16471,216.320756,461.176571286,450.509488
652,0.326,0.325750001,0.32625,0.071651631,0.078461732,patch_662,216.320756,216.476801,461.176571286,449.795235
653,0.3265,0.32625,0.326750001,0.075921982,0.083137957,patch_663,216.476801,216.632847,461.176571286,449.116921
654,0.327,0.326750001,0.32725,0.080316784,0.087950461,patch_664,216.632847,216.788892,461.176571286,448.418839
655,0.3275,0.32725,0.327750002,0.085186697,0.093283233,patch_665,216.788892,216.944938,461.176571286,447.645289
656,0.328,0.327750002,0.32825,0.090882421,0.099520305,patch_666,216.944938,217.100983,461.176571286,446.740565
657,0.3285,0.32825,0.328749999,0.097754636,0.107045687,patch_667,217.100983,217.257028,461.176571286,445.648964
658,0.329,0.328749999,0.329250001,0.106089298,0.116172514,patch_668,217.257028,217.413074,461.176571286,444.325064
659,0.3295,0.329250001,0.329749999,0.115640926,0.126631972,patch_669,217.413074,217.569119,461.176571286,442.807858
660,0.33,0.329749999,0.330250001,0.125903187,0.137869606,patch_670,217.569119,217.725165,461.176571286,441.177773
661,0.3305,0.330250001,0.330749999,0.136368064,0.149329113,patch_671,217.725165,217.88121,461.176571286,439.515504
662,0.331,0.330749999,0.331250001,0.146527437,0.16045408,patch_672,217.88121,218.037256,461.176571286,437.901762
663,0.3315,0.331250001,0.33175,0.155873239,0.170688149,patch_673,218.037256,218.193301,461.176571286,436.41725
664,0.332,0.33175,0.332250001,0.163897411,0.179474976,patch_674,218.193301,218.349347,461.176571286,435.142669
665,0.3325,0.332250001,0.33275,0.17009188,0.186258196,patch_675,218.349347,218.505392,461.176571286,434.158723
666,0.333,0.33275,0.333250002,0.174007472,0.190545944,patch_676,218.505392,218.661438,461.176571286,433.53676
667,0.3335,0.333250002,0.33375,0.175703571,0.192403248,patch_677,218.661438,218.817483,461.176571286,433.267347
668,0.334,0.33375,0.334249999,0.175499558,0.192179845,patch_678,218.817483,218.973528,461.176571286,433.299753
669,0.3345,0.334249999,0.334750001,0.173716945,0.190227804,patch_679,218.973528,219.129574,461.176571286,433.582908
670,0.335,0.334750001,0.335249999,0.170677214,0.186899163,patch_680,219.129574,219.285619,461.176571286,434.065747
671,0.3355,0.335249999,0.335750001,0.166701865,0.182545979,patch_681,219.285619,219.441665,461.176571286,434.697202
672,0.336,0.335750001,0.336249999,0.162112412,0.177520323,patch_682,219.441665,219.59771,461.176571286,435.426203
673,0.3365,0.336249999,0.336750001,0.157230349,0.172174245,patch_683,219.59771,219.753756,461.176571286,436.201683
674,0.337,0.336750001,0.33725,0.15236862,0.166850435,patch_684,219.753756,219.909801,461.176571286,436.973933
675,0.3375,0.33725,0.337750001,0.147762773,0.161806828,patch_685,219.909801,220.065847,461.176571286,437.705538
676,0.338,0.337750001,0.33825,0.143607095,0.157256175,patch_686,220.065847,220.221892,461.176571286,438.365637
677,0.3385,0.33825,0.338750002,0.140095501,0.153410823,patch_687,220.221892,220.377938,461.176571286,438.923428
678,0.339,0.338750002,0.33925,0.137421849,0.150483054,patch_688,220.377938,220.533983,461.176571286,439.348118
679,0.3395,0.33925,0.339749999,0.135780048,0.148685209,patch_689,220.533983,220.690028,461.176571286,439.608906
680,0.34,0.339749999,0.340250001,0.135364026,0.148229647,patch_690,220.690028,220.846074,461.176571286,439.674988
681,0.3405,0.340250001,0.340749999,0.136367604,0.14932861,patch_691,220.846074,221.002119,461.176571286,439.515577
682,0.341,0.340749999,0.341250001,0.138948617,0.152154934,patch_692,221.002119,221.158165,461.176571286,439.105602
683,0.3415,0.341250001,0.341749999,0.142919465,0.156503189,patch_693,221.158165,221.31421,461.176571286,438.474862
684,0.342,0.341749999,0.342250001,0.147900878,0.161958059,patch_694,221.31421,221.470256,461.176571286,437.683601
685,0.3425,0.342250001,0.34275,0.1535116,0.16810205,patch_695,221.470256,221.626301,461.176571286,436.792379
686,0.343,0.34275,0.343250001,0.159370315,0.174517604,patch_696,221.626301,221.782347,461.176571286,435.861765
687,0.3435,0.343250001,0.34375,0.165095748,0.180787208,patch_697,221.782347,221.938392,461.176571286,434.952322
688,0.344,0.34375,0.344250002,0.170306533,0.18649325,patch_698,221.938392,222.094438,461.176571286,434.124627
689,0.3445,0.344250002,0.34475,0.1746214,0.191218222,patch_699,222.094438,222.250483,461.176571286,433.439242
690,0.345,0.34475,0.345249999,0.177700503,0.194589978,patch_700,222.250483,222.406528,461.176571286,432.950149
691,0.3455,0.345249999,0.345750001,0.17962056,0.196692526,patch_701,222.406528,222.562574,461.176571286,432.645162
692,0.346,0.345750001,0.346249999,0.180699332,0.197873829,patch_702,222.562574,222.718619,461.176571286,432.473807
693,0.3465,0.346249999,0.346750001,0.18125735,0.198484883,patch_703,222.718619,222.874665,461.176571286,432.38517
694,0.347,0.346750001,0.347249999,0.18161532,0.198876877,patch_704,222.874665,223.03071,461.176571286,432.328309
695,0.3475,0.347249999,0.347750001,0.182093825,0.199400861,patch_705,223.03071,223.186756,461.176571286,432.252302
696,0.348,0.347750001,0.34825,0.183013528,0.200407977,patch_706,223.186756,223.342801,461.176571286,432.106214
697,0.3485,0.34825,0.348750001,0.184695022,0.202249288,patch_707,223.342801,223.498847,461.176571286,431.839121
698,0.349,0.348750001,0.34925,0.187416551,0.205229484,patch_708,223.498847,223.654892,461.176571286,431.406826
699,0.3495,0.34925,0.349750002,0.19100684,0.20916101,patch_709,223.654892,223.810938,461.176571286,430.836535
700,0.35,0.349750002,0.35025,0.195023953,0.213559928,patch_710,223.810938,223.966983,461.176571286,430.198446
701,0.3505,0.35025,0.350749999,0.199022249,0.217938241,patch_711,223.966983,224.123028,461.176571286,429.563346
702,0.351,0.350749999,0.351250001,0.202556041,0.221807901,patch_712,224.123028,224.279074,461.176571286,429.002029
703,0.3515,0.351250001,0.351749999,0.205179644,0.224680862,patch_713,224.279074,224.435119,461.176571286,428.585289
704,0.352,0.351749999,0.352250001,0.206447439,0.226069155,patch_714,224.435119,224.591165,461.176571286,428.383909
705,0.3525,0.352250001,0.352749999,0.205913735,0.225484725,patch_715,224.591165,224.74721,461.176571286,428.468684
706,0.353,0.352749999,0.353250001,0.203177795,0.222488749,patch_716,224.74721,224.903256,461.176571286,428.903268
707,0.3535,0.353250001,0.35375,0.198341487,0.217192776,patch_717,224.903256,225.059301,461.176571286,429.67148
708,0.354,0.35375,0.354250001,0.191821797,0.210053424,patch_718,225.059301,225.215347,461.176571286,430.707085
709,0.3545,0.354250001,0.35475,0.184040519,0.201532578,patch_719,225.215347,225.371392,461.176571286,431.943084
710,0.355,0.35475,0.355250002,0.175419523,0.192092203,patch_720,225.371392,225.527438,461.176571286,433.312466
711,0.3555,0.355250002,0.35575,0.166380598,0.182194176,patch_721,225.527438,225.683483,461.176571286,434.748233
712,0.356,0.35575,0.356249999,0.157345607,0.172300459,patch_722,225.683483,225.839528,461.176571286,436.183375
713,0.3565,0.356249999,0.356750001,0.148736315,0.1628729,patch_723,225.839528,225.995574,461.176571286,437.550898
714,0.357,0.356750001,0.357249999,0.140946638,0.154342856,patch_724,225.995574,226.151619,461.176571286,438.788231
715,0.3575,0.357249999,0.357750001,0.134040056,0.14677984,patch_725,226.151619,226.307665,461.176571286,439.885291
716,0.358,0.357750001,0.358249999,0.12786448,0.140017309,patch_726,226.307665,226.46371,461.176571286,440.866236
717,0.3585,0.358249999,0.358750001,0.122264108,0.133884652,patch_727,226.46371,226.619756,461.176571286,441.755814
718,0.359,0.358750001,0.35925,0.117083126,0.128211246,patch_728,226.619756,226.775801,461.176571286,442.578775
719,0.3595,0.35925,0.359750001,0.112165694,0.122826439,patch_729,226.775801,226.931847,461.176571286,443.359873
720,0.36,0.359750001,0.36025,0.107356042,0.117559655,patch_730,226.931847,227.087892,461.176571286,444.123851
721,0.3605,0.36025,0.360750002,0.102498355,0.112240271,patch_731,227.087892,227.243938,461.176571286,444.895459
722,0.361,0.360750002,0.36125,0.097449309,0.10671134,patch_732,227.243938,227.399983,461.176571286,445.697463
723,0.3615,0.36125,0.361749999,0.092221488,0.100986643,patch_733,227.399983,227.556028,461.176571286,446.527864
724,0.362,0.361749999,0.362250001,0.086933419,0.095195971,patch_734,227.556028,227.712074,461.176571286,447.367835
725,0.3625,0.362250001,0.362749999,0.081705592,0.089471268,patch_735,227.712074,227.868119,461.176571286,448.198237
726,0.363,0.362749999,0.363250001,0.076658554,0.083944536,patch_736,227.868119,228.024165,461.176571286,448.999922
727,0.3635,0.363250001,0.363749999,0.071912801,0.078747725,patch_737,228.024165,228.18021,461.176571286,449.75375
728,0.364,0.363749999,0.364250001,0.067588887,0.074012847,patch_738,228.18021,228.336256,461.176571286,450.440572
729,0.3645,0.364250001,0.36475,0.063807315,0.069871857,patch_739,228.336256,228.492301,461.176571286,451.041247
730,0.365,0.36475,0.365250001,0.06067465,0.066441448,patch_740,228.492301,228.648347,461.176571286,451.538848
731,0.3655,0.365250001,0.36575,0.058113121,0.06363646,patch_741,228.648347,228.804392,461.176571286,451.945728
732,0.366,0.36575,0.366250002,0.055914638,0.061229022,patch_742,228.804392,228.960438,461.176571286,452.294941
733,0.3665,0.366250002,0.36675,0.053868342,0.058988238,patch_743,228.960438,229.116483,461.176571286,452.61998
734,0.367,0.36675,0.367249999,0.05176341,0.056683243,patch_744,229.116483,229.272528,461.176571286,452.954333
735,0.3675,0.367249999,0.367750001,0.049388992,0.054083149,patch_745,229.272528,229.428574,461.176571286,453.331492
736,0.368,0.367750001,0.368249999,0.046534242,0.050957071,patch_746,229.428574,229.584619,461.176571286,453.784948
737,0.3685,0.368249999,0.368750001,0.042988312,0.04707412,patch_747,229.584619,229.740665,461.176571286,454.348193
738,0.369,0.368750001,0.369249999,0.038559981,0.042224899,patch_748,229.740665,229.89671,461.176571286,455.051601
739,0.3695,0.369249999,0.369750001,0.033332015,0.036500044,patch_749,229.89671,230.052756,461.176571286,455.882025
740,0.37,0.369750001,0.37025,0.027588823,0.030210992,patch_750,230.052756,230.208801,461.176571286,456.794289
741,0.3705,0.37025,0.370750001,0.02161947,0.023674284,patch_751,230.208801,230.364847,461.176571286,457.742477
742,0.371,0.370750001,0.37125,0.015713022,0.01720646,patch_752,230.364847,230.520892,461.176571286,458.680673
743,0.3715,0.37125,0.371750002,0.010158538,0.011124052,patch_753,230.520892,230.676938,461.176571286,459.562962
744,0.372,0.371750002,0.37225,0.005245091,0.005743609,patch_754,230.676938,230.832983,461.176571286,460.343427
745,0.3725,0.37225,0.372749999,0.001261741,0.001381663,patch_755,230.832983,230.989028,461.176571286,460.976153
746,0.373,0.372749999,0.373250001,-0.001521233,-0.001665818,patch_756,230.989028,231.145074,461.176571286,461.418208
747,0.3735,0.373250001,0.373749999,-0.003112292,-0.003408098,patch_757,231.145074,231.301119,461.176571286,461.670936
748,0.374,0.373749999,0.374250001,-0.003733208,-0.004088029,patch_758,231.301119,231.457165,461.176571286,461.769564
749,0.3745,0.374250001,0.374749999,-0.003611188,-0.003954412,patch_759,231.457165,231.61321,461.176571286,461.750182
750,0.375,0.374749999,0.375250001,-0.002973418,-0.003256026,patch_760,231.61321,231.769256,461.176571286,461.648877
751,0.3755,0.375250001,0.37575,-0.002047106,-0.002241672,patch_761,231.769256,231.925301,461.176571286,461.501739
752,0.376,0.37575,0.376250001,-0.001059436,-0.00116013,patch_762,231.925301,232.081347,461.176571286,461.344855
753,0.3765,0.376250001,0.37675,-0.000237617,-0.000260201,patch_763,232.081347,232.237392,461.176571286,461.214315
754,0.377,0.37675,0.377250002,0.000203461,0.000222799,patch_764,232.237392,232.393438,461.176571286,461.144253
755,0.3775,0.377250002,0.37775,0.000242563,0.000265617,patch_765,232.393438,232.549483,461.176571286,461.138042
756,0.378,0.37775,0.378249999,0.000012656,0.000013859,patch_766,232.549483,232.705528,461.176571286,461.174561
757,0.3785,0.378249999,0.378750001,-0.000349004,-0.000382175,patch_767,232.705528,232.861574,461.176571286,461.232008
758,0.379,0.378750001,0.379249999,-0.00070518,-0.000772204,patch_768,232.861574,233.017619,461.176571286,461.288584
759,0.3795,0.379249999,0.379750001,-0.000918624,-0.001005934,patch_769,233.017619,233.173665,461.176571286,461.322488
760,0.38,0.379750001,0.380249999,-0.000852093,-0.00093308,patch_770,233.173665,233.32971,461.176571286,461.31192
761,0.3805,0.380249999,0.380750001,-0.000368344,-0.000403353,patch_771,233.32971,233.485756,461.176571286,461.23508
762,0.381,0.380750001,0.38125,0.00066318,0.000726212,patch_772,233.485756,233.641801,461.176571286,461.07123
763,0.3815,0.38125,0.381750001,0.002261006,0.002475903,patch_773,233.641801,233.797847,461.176571286,460.817427
764,0.382,0.381750001,0.38225,0.004350892,0.004764421,patch_774,233.797847,233.953892,461.176571286,460.485464
765,0.3825,0.38225,0.382750002,0.006855779,0.007507384,patch_775,233.953892,234.109938,461.176571286,460.087581
766,0.383,0.382750002,0.38325,0.009698617,0.010620419,patch_776,234.109938,234.265983,461.176571286,459.636017
767,0.3835,0.38325,0.383749999,0.012802362,0.014019157,patch_777,234.265983,234.422028,461.176571286,459.14301
768,0.384,0.383749999,0.384250001,0.016089961,0.017619225,patch_778,234.422028,234.578074,461.176571286,458.620799
769,0.3845,0.384250001,0.384749999,0.01948437,0.021336254,patch_779,234.578074,234.734119,461.176571286,458.081622
770,0.385,0.384749999,0.385250001,0.022914254,0.02509213,patch_780,234.734119,234.890165,461.176571286,457.53681
771,0.3855,0.385250001,0.385749999,0.026410305,0.028920462,patch_781,234.890165,235.04621,461.176571286,456.981488
772,0.386,0.385749999,0.386250001,0.030091117,0.032951115,patch_782,235.04621,235.202256,461.176571286,456.396818
773,0.3865,0.386250001,0.38675,0.034078131,0.037317074,patch_783,235.202256,235.358301,461.176571286,455.76351
774,0.387,0.38675,0.387250001,0.038492807,0.042151341,patch_784,235.358301,235.514347,461.176571286,455.062271
775,0.3875,0.387250001,0.38775,0.043456612,0.047586929,patch_785,235.514347,235.670392,461.176571286,454.273807
776,0.388,0.38775,0.388250002,0.049090986,0.05375682,patch_786,235.670392,235.826438,461.176571286,453.378828
777,0.3885,0.388250002,0.38875,0.055517395,0.060794024,patch_787,235.826438,235.982483,461.176571286,452.35804
778,0.389,0.38875,0.389249999,0.06284678,0.068820027,patch_788,235.982483,236.138528,461.176571286,451.193821
779,0.3895,0.389249999,0.389750001,0.070990083,0.077737308,patch_789,236.138528,236.294574,461.176571286,449.900317
780,0.39,0.389750001,0.390249999,0.079679052,0.087252116,patch_790,236.294574,236.450619,461.176571286,448.520138
781,0.3905,0.390249999,0.390750001,0.088639113,0.097063782,patch_791,236.450619,236.606665,461.176571286,447.096898
782,0.391,0.390750001,0.391249999,0.097595667,0.106871609,patch_792,236.606665,236.76271,461.176571286,445.674215
783,0.3915,0.391249999,0.391750001,0.106274135,0.116374918,patch_793,236.76271,236.918756,461.176571286,444.295704
784,0.392,0.391750001,0.39225,0.114399918,0.125273013,patch_794,236.918756,237.074801,461.176571286,443.004983
785,0.3925,0.39225,0.392750001,0.121698454,0.133265236,patch_795,237.074801,237.230847,461.176571286,441.845664
786,0.393,0.392750001,0.39325,0.127902971,0.140059458,patch_796,237.230847,237.386892,461.176571286,440.860122
787,0.3935,0.39325,0.393750002,0.132905695,0.145537664,patch_797,237.386892,237.542938,461.176571286,440.065476
788,0.394,0.393750002,0.39425,0.136747018,0.149744084,patch_798,237.542938,237.698983,461.176571286,439.45531
789,0.3945,0.39425,0.394749999,0.139472973,0.152729127,patch_799,237.698983,237.855028,461.176571286,439.022312
790,0.395,0.394749999,0.395250001,0.141129656,0.154543269,patch_800,237.855028,238.011074,461.176571286,438.75916
791,0.3955,0.395250001,0.395749999,0.141763044,0.155236857,patch_801,238.011074,238.167119,461.176571286,438.658551
792,0.396,0.395749999,0.396250001,0.141419232,0.154860367,patch_802,238.167119,238.323165,461.176571286,438.713163
793,0.3965,0.396250001,0.396749999,0.14014426,0.153464216,patch_803,238.323165,238.47921,461.176571286,438.915683
794,0.397,0.396749999,0.397250001,0.137981698,0.151096115,patch_804,238.47921,238.635256,461.176571286,439.25919
795,0.3975,0.397250001,0.39775,0.134922206,0.147745834,patch_805,238.635256,238.791301,461.176571286,439.745168
796,0.398,0.39775,0.398250001,0.130904973,0.143346784,patch_806,238.791301,238.947347,461.176571286,440.383276
797,0.3985,0.398250001,0.39875,0.12586717,0.137830166,patch_807,238.947347,239.103392,461.176571286,441.183494
798,0.399,0.39875,0.399250002,0.119745899,0.131127101,patch_808,239.103392,239.259438,461.176571286,442.155813
799,0.3995,0.399250002,0.39975,0.112478318,0.123168776,patch_809,239.259438,239.415483,461.176571286,443.310215
800,0.4,0.39975,0.400249999,0.104001534,0.113886319,patch_810,239.415483,239.571528,461.176571286,444.65669
801,0.4005,0.400249999,0.400750001,0.094252712,0.103210923,patch_811,239.571528,239.727574,461.176571286,446.205219
802,0.401,0.400750001,0.401249999,0.083180693,0.091086569,patch_812,239.727574,239.883619,461.176571286,447.963928
803,0.4015,0.401249999,0.401750001,0.071008535,0.077757514,patch_813,239.883619,240.039665,461.176571286,449.897386
804,0.402,0.401750001,0.402249999,0.058235532,0.063770505,patch_814,240.039665,240.19571,461.176571286,451.926284
805,0.4025,0.402249999,0.402750001,0.045373188,0.049685665,patch_815,240.19571,240.351756,461.176571286,453.969373
806,0.403,0.402750001,0.40325,0.032932998,0.036063102,patch_816,240.351756,240.507801,461.176571286,455.945406
807,0.4035,0.40325,0.403750001,0.021426474,0.023462945,patch_817,240.507801,240.663847,461.176571286,457.773133
808,0.404,0.403750001,0.40425,0.011365097,0.012445288,patch_818,240.663847,240.819892,461.176571286,459.371309
809,0.4045,0.40425,0.404750002,0.003260373,0.003570253,patch_819,240.819892,240.975938,461.176571286,460.658685
810,0.405,0.404750002,0.40525,-0.002395054,-0.002622691,patch_820,240.975938,241.131983,461.176571286,461.557008
811,0.4055,0.40525,0.405749999,-0.005581345,-0.006111822,patch_821,241.131983,241.288028,461.176571286,462.063127
812,0.406,0.405749999,0.406250001,-0.006774242,-0.007418097,patch_822,241.288028,241.444074,461.176571286,462.25261
813,0.4065,0.406250001,0.406749999,-0.006472906,-0.007088121,patch_823,241.444074,241.600119,461.176571286,462.204745
814,0.407,0.406749999,0.407250001,-0.005176491,-0.005668489,patch_824,241.600119,241.756165,461.176571286,461.998819
815,0.4075,0.407250001,0.407749999,-0.003384164,-0.003705811,patch_825,241.756165,241.91221,461.176571286,461.714121
816,0.408,0.407749999,0.408250001,-0.001595073,-0.001746677,patch_826,241.91221,242.068256,461.176571286,461.429937
817,0.4085,0.408250001,0.40875,-0.000308385,-0.000337695,patch_827,242.068256,242.224301,461.176571286,461.225556
818,0.409,0.40875,0.409250001,-0.000007156,-0.000007836,patch_828,242.224301,242.380347,461.176571286,461.177708
819,0.4095,0.409250001,0.40975,-0.000739585,-0.000809879,patch_829,242.380347,242.536392,461.176571286,461.294049
820,0.41,0.40975,0.410250002,-0.002079849,-0.002277527,patch_830,242.536392,242.692438,461.176571286,461.50694
821,0.4105,0.410250002,0.41075,-0.003578149,-0.003918233,patch_831,242.692438,242.848483,461.176571286,461.744934
822,0.411,0.41075,0.411249999,-0.004784701,-0.005239461,patch_832,242.848483,243.004528,461.176571286,461.936586
823,0.4115,0.411249999,0.411750001,-0.005249709,-0.005748665,patch_833,243.004528,243.160574,461.176571286,462.010449
824,0.412,0.411750001,0.412249999,-0.00452338,-0.004953303,patch_834,243.160574,243.316619,461.176571286,461.895077
825,0.4125,0.412249999,0.412750001,-0.002155924,-0.002360833,patch_835,243.316619,243.472665,461.176571286,461.519024
826,0.413,0.412750001,0.413249999,0.002289934,0.00250758,patch_836,243.472665,243.62871,461.176571286,460.812832
827,0.4135,0.413249999,0.413750001,0.008886531,0.009731148,patch_837,243.62871,243.784756,461.176571286,459.765011
828,0.414,0.413750001,0.41425,0.017292459,0.018936014,patch_838,243.784756,243.940801,461.176571286,458.429791
829,0.4145,0.41425,0.414750001,0.027143974,0.029723862,patch_839,243.940801,244.096847,461.176571286,456.86495
830,0.415,0.414750001,0.41525,0.038077327,0.041696372,patch_840,244.096847,244.252892,461.176571286,455.128267
831,0.4155,0.41525,0.415750002,0.049728787,0.05445524,patch_841,244.252892,244.408938,461.176571286,453.277518
832,0.416,0.415750002,0.41625,0.061734604,0.067602145,patch_842,244.408938,244.564983,461.176571286,451.370482
833,0.4165,0.41625,0.416749999,0.073731047,0.080738785,patch_843,244.564983,244.721028,461.176571286,449.464935
834,0.417,0.416749999,0.417250001,0.085364262,0.093477675,patch_844,244.721028,244.877074,461.176571286,447.617084
835,0.4175,0.417250001,0.417749999,0.096592807,0.105773432,patch_845,244.877074,245.033119,461.176571286,445.833512
836,0.418,0.417749999,0.418250001,0.107743658,0.117984112,patch_846,245.033119,245.189165,461.176571286,444.062281
837,0.4185,0.418250001,0.418749999,0.119164966,0.130490953,patch_847,245.189165,245.34521,461.176571286,442.24809
838,0.419,0.418749999,0.419250001,0.131204905,0.143675223,patch_848,245.34521,245.501256,461.176571286,440.335634
839,0.4195,0.419250001,0.41975,0.144211618,0.157918154,patch_849,245.501256,245.657301,461.176571286,438.269613
840,0.42,0.41975,0.420250001,0.158533292,0.173601027,patch_850,245.657301,245.813347,461.176571286,435.99472
841,0.4205,0.420250001,0.42075,0.174518034,0.191105031,patch_851,245.813347,245.969392,461.176571286,433.455661
842,0.421,0.42075,0.421250002,0.192499562,0.210795607,patch_852,245.969392,246.125438,461.176571286,430.599427
843,0.4215,0.421250002,0.42175,0.212314591,0.232493947,patch_853,246.125438,246.281483,461.176571286,427.451955
844,0.422,0.42175,0.422249999,0.233190373,0.25535386,patch_854,246.281483,246.437528,461.176571286,424.13599
845,0.4225,0.422249999,0.422750001,0.254316863,0.278488309,patch_855,246.437528,246.593574,461.176571286,420.780202
846,0.423,0.422750001,0.423249999,0.274883987,0.301010228,patch_856,246.593574,246.749619,461.176571286,417.513265
847,0.4235,0.423249999,0.423750001,0.294081625,0.322032497,patch_857,246.749619,246.905665,461.176571286,414.463861
848,0.424,0.423750001,0.424249999,0.311099766,0.340668121,patch_858,246.905665,247.06171,461.176571286,411.760654
849,0.4245,0.424249999,0.424750001,0.325128377,0.356030076,patch_859,247.06171,247.217756,461.176571286,409.532312
850,0.425,0.424750001,0.42525,0.335379388,0.367255391,patch_860,247.217756,247.373801,461.176571286,407.904014
851,0.4255,0.42525,0.425750001,0.341889025,0.374383733,patch_861,247.373801,247.529847,461.176571286,406.870006
852,0.426,0.425750001,0.42625,0.345745293,0.378606519,patch_862,247.529847,247.685892,461.176571286,406.257466
853,0.4265,0.42625,0.426750002,0.348104477,0.38118993,patch_863,247.685892,247.841938,461.176571286,405.882727
854,0.427,0.426750002,0.42725,0.350123047,0.383400354,patch_864,247.841938,247.997983,461.176571286,405.562092
855,0.4275,0.42725,0.427749999,0.352957216,0.386503896,patch_865,247.997983,248.154028,461.176571286,405.111905
856,0.428,0.427749999,0.428250001,0.357763349,0.391766826,patch_866,248.154028,248.310074,461.176571286,404.348486
857,0.4285,0.428250001,0.428749999,0.365697917,0.400455532,patch_867,248.310074,248.466119,461.176571286,403.088138
858,0.429,0.428749999,0.429250001,0.377892405,0.41380904,patch_868,248.466119,248.622165,461.176571286,401.151133
859,0.4295,0.429250001,0.429749999,0.394468813,0.431960947,patch_869,248.622165,248.77821,461.176571286,398.518092
860,0.43,0.429749999,0.430250001,0.414208679,0.453576981,patch_870,248.77821,248.934256,461.176571286,395.382559
861,0.4305,0.430250001,0.43075,0.435801089,0.477221632,patch_871,248.934256,249.090301,461.176571286,391.952763
862,0.431,0.43075,0.431250001,0.457935154,0.501459421,patch_872,249.090301,249.246347,461.176571286,388.436929
863,0.4315,0.431250001,0.43175,0.479299842,0.524854707,patch_873,249.246347,249.402392,461.176571286,385.043305
864,0.432,0.43175,0.432250002,0.498584327,0.545972078,patch_874,249.402392,249.558438,461.176571286,381.980106
865,0.4325,0.432250002,0.43275,0.514477669,0.563375997,patch_875,249.558438,249.714483,461.176571286,379.455565
866,0.433,0.43275,0.433249999,0.52568632,0.57564997,patch_876,249.714483,249.870528,461.176571286,377.675153
867,0.4335,0.433249999,0.433750001,0.531696852,0.582231771,patch_877,249.870528,250.026574,461.176571286,376.720424
868,0.434,0.433750001,0.434249999,0.533073126,0.583738852,patch_878,250.026574,250.182619,461.176571286,376.501813
869,0.4345,0.434249999,0.434750001,0.530458029,0.580875204,patch_879,250.182619,250.338665,461.176571286,376.917202
870,0.435,0.434750001,0.435249999,0.524494291,0.574344645,patch_880,250.338665,250.49471,461.176571286,377.864498
871,0.4355,0.435249999,0.435750001,0.515824612,0.56485096,patch_881,250.49471,250.650756,461.176571286,379.241613
872,0.436,0.435750001,0.43625,0.505091847,0.553098104,patch_882,250.650756,250.806801,461.176571286,380.946434
873,0.4365,0.43625,0.436750001,0.492938728,0.539789895,patch_883,250.806801,250.962847,461.176571286,382.876868
874,0.437,0.436750001,0.43725,0.480002342,0.525623976,patch_884,250.962847,251.118892,461.176571286,384.931718
875,0.4375,0.43725,0.437750002,0.466635436,0.510986618,patch_885,251.118892,251.274938,461.176571286,387.054953
876,0.438,0.437750002,0.43825,0.452782421,0.495816948,patch_886,251.274938,251.430983,461.176571286,389.255403
877,0.4385,0.43825,0.438749999,0.438355982,0.480019354,patch_887,251.430983,251.587028,461.176571286,391.546937
878,0.439,0.438749999,0.439250001,0.423268884,0.463498308,patch_888,251.587028,251.743074,461.176571286,393.943412
879,0.4395,0.439250001,0.439749999,0.407433894,0.446158288,patch_889,251.743074,251.899119,461.176571286,396.458684
880,0.44,0.439749999,0.440250001,0.390763701,0.427903683,patch_890,251.899119,252.055165,461.176571286,399.106622
881,0.4405,0.440250001,0.440749999,0.373171092,0.408638991,patch_891,252.055165,252.21121,461.176571286,401.901079
882,0.441,0.440749999,0.441250001,0.354572084,0.388272248,patch_892,252.21121,252.367256,461.176571286,404.855395
883,0.4415,0.441250001,0.44175,0.335068496,0.366914949,patch_893,252.367256,252.523301,461.176571286,407.953397
884,0.442,0.44175,0.442250001,0.315039482,0.344982286,patch_894,252.523301,252.679347,461.176571286,411.134859
885,0.4425,0.442250001,0.44275,0.294886944,0.322914357,patch_895,252.679347,252.835392,461.176571286,414.335942
886,0.443,0.44275,0.443250002,0.275012819,0.301151305,patch_896,252.835392,252.991438,461.176571286,417.492801
887,0.4435,0.443250002,0.44375,0.255819079,0.280133302,patch_897,252.991438,253.147483,461.176571286,420.541586
888,0.444,0.44375,0.444249999,0.237707629,0.260300457,patch_898,253.147483,253.303528,461.176571286,423.418457
889,0.4445,0.444249999,0.444750001,0.221080409,0.24209291,patch_899,253.303528,253.459574,461.176571286,426.059569
890,0.445,0.444750001,0.445249999,0.206339508,0.225950966,patch_900,253.459574,253.615619,461.176571286,428.401053
891,0.4455,0.445249999,0.445750001,0.193895843,0.212324597,patch_901,253.615619,253.771665,461.176571286,430.377638
892,0.446,0.445750001,0.446249999,0.184174123,0.20167888,patch_902,253.771665,253.92771,461.176571286,431.921862
893,0.4465,0.446249999,0.446750001,0.177600234,0.194480179,patch_903,253.92771,254.083756,461.176571286,432.966076
894,0.447,0.446750001,0.44725,0.174600064,0.191194859,patch_904,254.083756,254.239801,461.176571286,433.442631
895,0.4475,0.44725,0.447750001,0.1755995,0.192289285,patch_905,254.239801,254.395847,461.176571286,433.283878
896,0.448,0.447750001,0.44825,0.181024434,0.19822983,patch_906,254.395847,254.551892,461.176571286,432.422167
897,0.4485,0.44825,0.448750002,0.191300766,0.209482872,patch_907,254.551892,254.707938,461.176571286,430.789847
898,0.449,0.448750002,0.44925,0.2068429,0.226502202,patch_908,254.707938,254.863983,461.176571286,428.321093
899,0.4495,0.44925,0.449749999,0.227285801,0.24888809,patch_909,254.863983,255.020028,461.176571286,425.073888
900,0.45,0.449749999,0.450250001,0.251001116,0.274857419,patch_910,255.020028,255.176074,461.176571286,421.306884
901,0.4505,0.450250001,0.450749999,0.276245089,0.302500695,patch_911,255.176074,255.332119,461.176571286,417.297064
902,0.451,0.450749999,0.451250001,0.301273911,0.329908372,patch_912,255.332119,255.488165,461.176571286,413.321419
903,0.4515,0.451250001,0.451749999,0.324343771,0.355170897,patch_913,255.488165,255.64421,461.176571286,409.656941
904,0.452,0.451749999,0.452250001,0.343711016,0.376378895,patch_914,255.64421,255.800256,461.176571286,406.580596
905,0.4525,0.452250001,0.45275,0.357631741,0.391622709,patch_915,255.800256,255.956301,461.176571286,404.369391
906,0.453,0.45275,0.453250001,0.36437887,0.399011116,patch_916,255.956301,256.112347,461.176571286,403.297659
907,0.4535,0.453250001,0.45375,0.363499402,0.39804806,patch_917,256.112347,256.268392,461.176571286,403.437356
908,0.454,0.45375,0.454250002,0.356690407,0.390591906,patch_918,256.268392,256.424438,461.176571286,404.518915
909,0.4545,0.454250002,0.45475,0.34585607,0.378727824,patch_919,256.424438,256.580483,461.176571286,406.23987
910,0.455,0.45475,0.455249999,0.332900703,0.36454112,patch_920,256.580483,256.736528,461.176571286,408.297735
911,0.4555,0.455249999,0.455750001,0.319728493,0.350116962,patch_921,256.736528,256.892574,461.176571286,410.390044
912,0.456,0.455750001,0.456249999,0.30824372,0.337540623,patch_922,256.892574,257.048619,461.176571286,412.214316
913,0.4565,0.456249999,0.456750001,0.300350545,0.328897245,patch_923,257.048619,257.204665,461.176571286,413.468089
914,0.457,0.456750001,0.457249999,0.297941413,0.326259137,patch_924,257.204665,257.36071,461.176571286,413.850762
915,0.4575,0.457249999,0.457750001,0.301881166,0.330573343,patch_925,257.36071,257.516756,461.176571286,413.224961
916,0.458,0.457750001,0.45825,0.311228693,0.340809301,patch_926,257.516756,257.672801,461.176571286,411.740175
917,0.4585,0.45825,0.458750001,0.324859646,0.355735803,patch_927,257.672801,257.828847,461.176571286,409.574998
918,0.459,0.458750001,0.45925,0.341649593,0.374121544,patch_928,257.828847,257.984892,461.176571286,406.908038
919,0.4595,0.45925,0.459750002,0.360474169,0.394735295,patch_929,257.984892,258.140938,461.176571286,403.917892
920,0.46,0.459750002,0.46025,0.380208911,0.416345717,patch_930,258.140938,258.296983,461.176571286,400.783173
921,0.4605,0.46025,0.460749999,0.399729491,0.437721623,patch_931,258.296983,258.453028,461.176571286,397.682472
922,0.461,0.460749999,0.461250001,0.417915221,0.457635809,patch_932,258.453028,258.609074,461.176571286,394.793802
923,0.4615,0.461250001,0.461749999,0.434012111,0.475262622,patch_933,258.609074,258.765119,461.176571286,392.236929
924,0.462,0.461749999,0.462250001,0.447937753,0.49051182,patch_934,258.765119,258.921165,461.176571286,390.024943
925,0.4625,0.462250001,0.462749999,0.459681423,0.503371663,patch_935,258.921165,259.07721,461.176571286,388.159547
926,0.463,0.462749999,0.463250001,0.469232352,0.513830356,patch_936,259.07721,259.233256,461.176571286,386.642452
927,0.4635,0.463250001,0.46375,0.476579905,0.521876255,patch_937,259.233256,259.389301,461.176571286,385.475347
928,0.464,0.46375,0.464250001,0.481713324,0.527497578,patch_938,259.389301,259.545347,461.176571286,384.659941
929,0.4645,0.464250001,0.46475,0.48462197,0.530682675,patch_939,259.545347,259.701392,461.176571286,384.197924
930,0.465,0.46475,0.465250002,0.485296574,0.531421397,patch_940,259.701392,259.857438,461.176571286,384.090768
931,0.4655,0.465250002,0.46575,0.483909069,0.529902017,patch_941,259.857438,260.013483,461.176571286,384.311163
932,0.466,0.46575,0.466249999,0.480976224,0.52669042,patch_942,260.013483,260.169528,461.176571286,384.777024
933,0.4665,0.466249999,0.466750001,0.47705367,0.522395048,patch_943,260.169528,260.325574,461.176571286,385.400093
934,0.467,0.466750001,0.467249999,0.472697051,0.517624356,patch_944,260.325574,260.481619,461.176571286,386.09211
935,0.4675,0.467249999,0.467750001,0.46846208,0.512986875,patch_945,260.481619,260.637665,461.176571286,386.764804
936,0.468,0.467750001,0.468249999,0.464904308,0.509090956,patch_946,260.637665,260.79371,461.176571286,387.32993
937,0.4685,0.468249999,0.468750001,0.462579429,0.506545109,patch_947,260.79371,260.949756,461.176571286,387.69922
938,0.469,0.468750001,0.46925,0.462040903,0.505955399,patch_948,260.949756,261.105801,461.176571286,387.784761
939,0.4695,0.46925,0.469750001,0.463557391,0.507616021,patch_949,261.105801,261.261847,461.176571286,387.543878
940,0.47,0.469750001,0.47025,0.466831265,0.511201059,patch_950,261.261847,261.417892,461.176571286,387.023847
941,0.4705,0.47025,0.470749999,0.471497952,0.51631129,patch_951,261.417892,261.573937,461.176571286,386.282578
942,0.471,0.470750002,0.47125,0.477192877,0.522547486,patch_952,261.573938,261.729983,461.176571286,385.377981
943,0.4715,0.47125,0.471749999,0.483551414,0.529510368,patch_953,261.729983,261.886028,461.176571286,384.367974
944,0.472,0.471749999,0.472250001,0.490209102,0.536800834,patch_954,261.886028,262.042074,461.176571286,383.310449
945,0.4725,0.472250001,0.472749999,0.496801285,0.544019568,patch_955,262.042074,262.198119,461.176571286,382.263329
946,0.473,0.472749999,0.473250001,0.502964315,0.55076836,patch_956,262.198119,262.354165,461.176571286,381.284377
947,0.4735,0.473250001,0.473749999,0.508479413,0.556807639,patch_957,262.354165,262.51021,461.176571286,380.408344
948,0.474,0.473749999,0.474250001,0.513427794,0.562226337,patch_958,262.51021,262.666256,461.176571286,379.62233
949,0.4745,0.474250001,0.47475,0.517927945,0.567154203,patch_959,262.666256,262.822301,461.176571286,378.907514
950,0.475,0.47475,0.475250001,0.522098418,0.571721057,patch_960,262.822301,262.978347,461.176571286,378.245065
951,0.4755,0.475250001,0.47575,0.526057719,0.576056668,patch_961,262.978347,263.134392,461.176571286,377.616159
952,0.476,0.47575,0.476250002,0.529924394,0.58029085,patch_962,263.134392,263.290438,461.176571286,377.001966
953,0.4765,0.476250002,0.47675,0.533816875,0.58455329,patch_963,263.290438,263.446483,461.176571286,376.383674
954,0.477,0.47675,0.477249999,0.537853416,0.588973483,patch_964,263.446483,263.602528,461.176571286,375.742499
955,0.4775,0.477249999,0.477750001,0.542099536,0.593623173,patch_965,263.602528,263.758574,461.176571286,375.068034
956,0.478,0.477750001,0.478249999,0.546506463,0.598448954,patch_966,263.758574,263.914619,461.176571286,374.368026
957,0.4785,0.478249999,0.478750001,0.551010787,0.603381391,patch_967,263.914619,264.070665,461.176571286,373.652547
958,0.479,0.478750001,0.479249999,0.555548907,0.608350834,patch_968,264.070665,264.22671,461.176571286,372.9317
959,0.4795,0.479249999,0.479750001,0.560057399,0.613287835,patch_969,264.22671,264.382756,461.176571286,372.215559
960,0.48,0.479750001,0.48025,0.564472731,0.61812282,patch_970,264.382756,264.538801,461.176571286,371.514216
961,0.4805,0.48025,0.480750001,0.568731246,0.622786084,patch_971,264.538801,264.694847,461.176571286,370.837782
962,0.481,0.480750001,0.48125,0.572769941,0.627208635,patch_972,264.694847,264.850892,461.176571286,370.196265
963,0.4815,0.48125,0.481750002,0.576618315,0.631422776,patch_973,264.850892,265.006938,461.176571286,369.584979
964,0.482,0.481750002,0.48225,0.580514548,0.635689325,patch_974,265.006938,265.162983,461.176571286,368.966091
965,0.4825,0.48225,0.482749999,0.584725142,0.640300113,patch_975,265.162983,265.319028,461.176571286,368.297269
966,0.483,0.482749999,0.483250001,0.589516996,0.645547408,patch_976,265.319028,265.475074,461.176571286,367.536118
967,0.4835,0.483250001,0.483749999,0.595156671,0.651723103,patch_977,265.475074,265.631119,461.176571286,366.640297
968,0.484,0.483749999,0.484250001,0.601910946,0.659119335,patch_978,265.631119,265.787165,461.176571286,365.56743
969,0.4845,0.484250001,0.484749999,0.610046442,0.668028067,patch_979,265.787165,265.94321,461.176571286,364.275166
970,0.485,0.484749999,0.485250001,0.619829594,0.678741055,patch_980,265.94321,266.099256,461.176571286,362.721184
971,0.4855,0.485250001,0.48575,0.63143295,0.691447247,patch_981,266.099256,266.255301,461.176571286,360.878076
972,0.486,0.48575,0.486250001,0.644808468,0.706094036,patch_982,266.255301,266.411347,461.176571286,358.753473
973,0.4865,0.486250001,0.48675,0.659876347,0.722594035,patch_983,266.411347,266.567392,461.176571286,356.360051
974,0.487,0.48675,0.487250002,0.676556883,0.740859967,patch_984,266.567392,266.723438,461.176571286,353.71047
975,0.4875,0.487250002,0.48775,0.694770516,0.760804707,patch_985,266.723438,266.879483,461.176571286,350.817368
976,0.488,0.48775,0.488249999,0.714437423,0.782340847,patch_986,266.879483,267.035528,461.176571286,347.693424
977,0.4885,0.488249999,0.488750001,0.735477985,0.805381201,patch_987,267.035528,267.191574,461.176571286,344.351285
978,0.489,0.488750001,0.489249999,0.757811902,0.829837836,patch_988,267.191574,267.347619,461.176571286,340.803706
979,0.4895,0.489249999,0.489750001,0.781173704,0.855420052,patch_989,267.347619,267.503665,461.176571286,337.092855
980,0.49,0.489750001,0.490249999,0.804842766,0.88133873,patch_990,267.503665,267.65971,461.176571286,333.333198
981,0.4905,0.490249999,0.490750001,0.828030522,0.906730357,patch_991,267.65971,267.815756,461.176571286,329.649993
982,0.491,0.490750001,0.49125,0.849947926,0.930730892,patch_992,267.815756,267.971801,461.176571286,326.168574
983,0.4915,0.49125,0.491750001,0.869806349,0.952476752,patch_993,267.971801,268.127847,461.176571286,323.014209
984,0.492,0.491750001,0.49225,0.886816854,0.971104014,patch_994,268.127847,268.283892,461.176571286,320.312215
985,0.4925,0.49225,0.492750002,0.900190591,0.985748852,patch_995,268.283892,268.439938,461.176571286,318.187895
986,0.493,0.492750002,0.49325,0.909139509,0.995548316,patch_996,268.439938,268.595983,461.176571286,316.766425
987,0.4935,0.49325,0.493749999,0.913204789,0.999999979,patch_997,268.595983,268.752028,461.176571286,316.120685
988,0.494,0.493749999,0.494250001,0.912770624,0.999524549,patch_998,268.752028,268.908074,461.176571286,316.189649
989,0.4945,0.494250001,0.494749999,0.908354638,0.994688847,patch_999,268.908074,269.064119,461.176571286,316.891096
990,0.495,0.494749999,0.495250001,0.900474009,0.986059208,patch_1000,269.064119,269.220165,461.176571286,318.142876
991,0.4955,0.495250001,0.495749999,0.889646352,0.97420244,patch_1001,269.220165,269.37621,461.176571286,319.86277
992,0.496,0.495749999,0.496250001,0.876389083,0.959685139,patch_1002,269.37621,269.532256,461.176571286,321.96859
993,0.4965,0.496250001,0.49675,0.861219463,0.943073728,patch_1003,269.532256,269.688301,461.176571286,324.378173
994,0.497,0.49675,0.497250001,0.844654915,0.924934809,patch_1004,269.688301,269.844347,461.176571286,327.00933
995,0.4975,0.497250001,0.49775,0.827161844,0.905779117,patch_1005,269.844347,270.000392,461.176571286,329.787976
996,0.498,0.49775,0.498250002,0.809070106,0.885967856,patch_1006,270.000392,270.156438,461.176571286,332.661716
997,0.4985,0.498250002,0.49875,0.79068708,0.865837622,patch_1007,270.156438,270.312483,461.176571286,335.581725
998,0.499,0.49875,0.499249999,0.772320088,0.845724947,patch_1008,270.312483,270.468528,461.176571286,338.499187
999,0.4995,0.499249999,0.499750001,0.754276573,0.825966494,patch_1009,270.468528,270.624574,461.176571286,341.365267
1000,0.5,0.499750001,0.500249999,0.736863847,0.806898781,patch_1010,270.624574,270.780619,461.176571286,344.131151
1001,0.5005,0.500249999,0.500750001,0.720389482,0.788858618,patch_1011,270.780619,270.936665,461.176571286,346.747983
1002,0.501,0.500750001,0.501249999,0.705160615,0.772182328,patch_1012,270.936665,271.09271,461.176571286,349.166977
1003,0.5015,0.501249999,0.501750001,0.691439805,0.75715743,patch_1013,271.09271,271.248756,461.176571286,351.346427
1004,0.502,0.501750001,0.50225,0.679364561,0.743934499,patch_1014,271.248756,271.404801,461.176571286,353.264491
1005,0.5025,0.50225,0.502750001,0.669050808,0.73264048,patch_1015,271.404801,271.560847,461.176571286,354.902755
1006,0.503,0.502750001,0.50325,0.660614309,0.723402137,patch_1016,271.560847,271.716892,461.176571286,356.242831
1007,0.5035,0.50325,0.503750002,0.65417099,0.716346415,patch_1017,271.716892,271.872938,461.176571286,357.266305
1008,0.504,0.503750002,0.50425,0.649836658,0.711600127,patch_1018,271.872938,272.028983,461.176571286,357.954782
1009,0.5045,0.50425,0.504749999,0.647727073,0.709290038,patch_1019,272.028983,272.185028,461.176571286,358.289874
1010,0.505,0.504749999,0.505250001,0.647958038,0.709542955,patch_1020,272.185028,272.341074,461.176571286,358.253187
1011,0.5055,0.505250001,0.505749999,0.65049857,0.712324951,patch_1021,272.341074,272.497119,461.176571286,357.849642
1012,0.506,0.505749999,0.506250001,0.654889821,0.717133567,patch_1022,272.497119,272.653165,461.176571286,357.152124
1013,0.5065,0.506250001,0.506749999,0.660595177,0.723381186,patch_1023,272.653165,272.80921,461.176571286,356.24587
1014,0.507,0.506749999,0.507250001,0.667078372,0.730480574,patch_1024,272.80921,272.965256,461.176571286,355.216062
1015,0.5075,0.507250001,0.50775,0.673802554,0.737843853,patch_1025,272.965256,273.121301,461.176571286,354.147975
1016,0.508,0.50775,0.508250001,0.680231507,0.744883843,patch_1026,273.121301,273.277347,461.176571286,353.126783
1017,0.5085,0.508250001,0.50875,0.685828504,0.751012805,patch_1027,273.277347,273.433392,461.176571286,352.237741
1018,0.509,0.50875,0.509250002,0.690057154,0.755643365,patch_1028,273.433392,273.589438,461.176571286,351.566051
1019,0.5095,0.509250002,0.50975,0.692511375,0.758330846,patch_1029,273.589438,273.745483,461.176571286,351.176216
1020,0.51,0.50975,0.510249999,0.69318229,0.759065529,patch_1030,273.745483,273.901528,461.176571286,351.069646
1021,0.5105,0.510249999,0.510750001,0.692136702,0.757920563,patch_1031,273.901528,274.057574,461.176571286,351.23573
1022,0.511,0.510750001,0.511249999,0.689441085,0.754968742,patch_1032,274.057574,274.213619,461.176571286,351.663909
1023,0.5115,0.511249999,0.511750001,0.685162128,0.750283093,patch_1033,274.213619,274.369665,461.176571286,352.34359
1024,0.512,0.511750001,0.512249999,0.679366588,0.743936719,patch_1034,274.369665,274.52571,461.176571286,353.264169
1025,0.5125,0.512249999,0.512750001,0.672120928,0.736002397,patch_1035,274.52571,274.681756,461.176571286,354.415089
1026,0.513,0.512750001,0.51325,0.663491962,0.726553295,patch_1036,274.681756,274.837801,461.176571286,355.785737
1027,0.5135,0.51325,0.513750001,0.653576371,0.71569528,patch_1037,274.837801,274.993847,461.176571286,357.360756
1028,0.514,0.513750001,0.51425,0.642566678,0.703639175,patch_1038,274.993847,275.149892,461.176571286,359.109565
1029,0.5145,0.51425,0.514750002,0.630674596,0.690616815,patch_1039,275.149892,275.305938,461.176571286,360.998535
1030,0.515,0.514750002,0.51525,0.618111611,0.676859787,patch_1040,275.305938,275.461983,461.176571286,362.994073
1031,0.5155,0.51525,0.515749999,0.605089424,0.662599911,patch_1041,275.461983,275.618028,461.176571286,365.062552
1032,0.516,0.515749999,0.516250001,0.591819526,0.648068781,patch_1042,275.618028,275.774074,461.176571286,367.170378
1033,0.5165,0.516250001,0.516749999,0.578513618,0.633498217,patch_1043,275.774074,275.930119,461.176571286,369.283924
1034,0.517,0.516749999,0.517250001,0.565383254,0.619119884,patch_1044,275.930119,276.086165,461.176571286,371.369586
1035,0.5175,0.517250001,0.517749999,0.552642402,0.605168082,patch_1045,276.086165,276.24221,461.176571286,373.393377
1036,0.518,0.517749999,0.518250001,0.54051262,0.591885429,patch_1046,276.24221,276.398256,461.176571286,375.320104
1037,0.5185,0.518250001,0.51875,0.529217122,0.579516355,patch_1047,276.398256,276.554301,461.176571286,377.114311
1038,0.519,0.51875,0.519250001,0.518979193,0.568305366,patch_1048,276.554301,276.710347,461.176571286,378.740531
1039,0.5195,0.519250001,0.51975,0.510021921,0.558496754,patch_1049,276.710347,276.866392,461.176571286,380.163328
1040,0.52,0.51975,0.520250002,0.502568659,0.5503351,patch_1050,276.866392,277.022438,461.176571286,381.347224
1041,0.5205,0.520250002,0.52075,0.496842502,0.544064703,patch_1051,277.022438,277.178483,461.176571286,382.256782
1042,0.521,0.52075,0.521249999,0.493066697,0.539930027,patch_1052,277.178483,277.334528,461.176571286,382.856541
1043,0.5215,0.521249999,0.521750001,0.49135613,0.53805688,patch_1053,277.334528,277.490574,461.176571286,383.128252
1044,0.522,0.521750001,0.522249999,0.49144807,0.538157559,patch_1054,277.490574,277.646619,461.176571286,383.113648
1045,0.5225,0.522249999,0.522750001,0.492997673,0.539854443,patch_1055,277.646619,277.802665,461.176571286,382.867505
1046,0.523,0.522750001,0.523249999,0.495660181,0.542770009,patch_1056,277.802665,277.95871,461.176571286,382.444585
1047,0.5235,0.523249999,0.523750001,0.499090614,0.546526485,patch_1057,277.95871,278.114756,461.176571286,381.899686
1048,0.524,0.523750001,0.52425,0.502944232,0.550746369,patch_1058,278.114756,278.270801,461.176571286,381.287567
1049,0.5245,0.52425,0.524750001,0.506876047,0.555051882,patch_1059,278.270801,278.426847,461.176571286,380.663027
1050,0.525,0.524750001,0.52525,0.510541378,0.559065583,patch_1060,278.426847,278.582892,461.176571286,380.080816
1051,0.5255,0.52525,0.525750002,0.513610541,0.562426453,patch_1061,278.582892,278.738938,461.176571286,379.593302
1052,0.526,0.525750002,0.52625,0.515809358,0.564834256,patch_1062,278.738938,278.894983,461.176571286,379.244036
1053,0.5265,0.52625,0.526749999,0.516876697,0.56600304,patch_1063,278.894983,279.051028,461.176571286,379.074497
1054,0.527,0.526749999,0.527250001,0.516550897,0.565646274,patch_1064,279.051028,279.207074,461.176571286,379.126248
1055,0.5275,0.527250001,0.527749999,0.514570711,0.563477882,patch_1065,279.207074,279.363119,461.176571286,379.440786
1056,0.528,0.527749999,0.528250001,0.510674655,0.559211527,patch_1066,279.363119,279.519165,461.176571286,380.059646
1057,0.5285,0.528250001,0.528749999,0.504601419,0.552561062,patch_1067,279.519165,279.67521,461.176571286,381.024335
1058,0.529,0.528749999,0.529250001,0.49608943,0.543240055,patch_1068,279.67521,279.831256,461.176571286,382.376402
1059,0.5295,0.529250001,0.52975,0.485058931,0.531161166,patch_1069,279.831256,279.987301,461.176571286,384.128516
1060,0.53,0.52975,0.530250001,0.472121506,0.516994109,patch_1070,279.987301,280.143347,461.176571286,386.183531
1061,0.5305,0.530250001,0.53075,0.458053706,0.50158924,patch_1071,280.143347,280.299392,461.176571286,388.418098
1062,0.531,0.53075,0.531250002,0.443631976,0.485796803,patch_1072,280.299392,280.455438,461.176571286,390.708884
1063,0.5315,0.531250002,0.53175,0.429632929,0.470467222,patch_1073,280.455438,280.611483,461.176571286,392.93253
1064,0.532,0.53175,0.532249999,0.416833012,0.456450742,patch_1074,280.611483,280.767528,461.176571286,394.965703
1065,0.5325,0.532249999,0.532750001,0.406008717,0.444597655,patch_1075,280.767528,280.923574,461.176571286,396.685063
1066,0.533,0.532750001,0.533249999,0.397936584,0.435758311,patch_1076,280.923574,281.079619,461.176571286,397.967262
1067,0.5335,0.533249999,0.533750001,0.393094567,0.430456086,patch_1077,281.079619,281.235665,461.176571286,398.736381
1068,0.534,0.533750001,0.534249999,0.390769927,0.427910501,patch_1078,281.235665,281.39171,461.176571286,399.105633
1069,0.5345,0.534249999,0.534750001,0.389953226,0.427016177,patch_1079,281.39171,281.547756,461.176571286,399.23536
1070,0.535,0.534750001,0.53525,0.389634936,0.426667635,patch_1080,281.547756,281.703801,461.176571286,399.285918
1071,0.5355,0.53525,0.535750001,0.388805656,0.425759537,patch_1081,281.703801,281.859847,461.176571286,399.417643
1072,0.536,0.535750001,0.53625,0.386455834,0.423186377,patch_1082,281.859847,282.015892,461.176571286,399.790895
1073,0.5365,0.53625,0.536750002,0.381576062,0.417842809,patch_1083,282.015892,282.171938,461.176571286,400.566011
1074,0.537,0.536750002,0.53725,0.373156813,0.408623356,patch_1084,282.171938,282.327983,461.176571286,401.903347
1075,0.5375,0.53725,0.537749999,0.360504445,0.394768448,patch_1085,282.327983,282.484028,461.176571286,403.913083
1076,0.538,0.537749999,0.538250001,0.344243046,0.376961491,patch_1086,282.484028,282.640074,461.176571286,406.496087
1077,0.5385,0.538250001,0.538749999,0.325340209,0.356262042,patch_1087,282.640074,282.796119,461.176571286,409.498664
1078,0.539,0.538749999,0.539250001,0.304763585,0.33372972,patch_1088,282.796119,282.952165,461.176571286,412.76711
1079,0.5395,0.539250001,0.539749999,0.283480789,0.31042411,patch_1089,282.952165,283.10821,461.176571286,416.147726
1080,0.54,0.539749999,0.540250001,0.262459454,0.28740481,patch_1090,283.10821,283.264256,461.176571286,419.486811
1081,0.5405,0.540250001,0.54075,0.242667153,0.265731357,patch_1091,283.264256,283.420301,461.176571286,422.630673
1082,0.541,0.54075,0.541250001,0.225071547,0.246463384,patch_1092,283.420301,283.576347,461.176571286,425.425606
1083,0.5415,0.541250001,0.54175,0.210429417,0.230429598,patch_1093,283.576347,283.732392,461.176571286,427.751401
1084,0.542,0.54175,0.542250002,0.198577299,0.217451001,patch_1094,283.732392,283.888438,461.176571286,429.634023
1085,0.5425,0.542250002,0.54275,0.189100696,0.207073697,patch_1095,283.888438,284.044483,461.176571286,431.139312
1086,0.543,0.54275,0.543249999,0.181585177,0.198843869,patch_1096,284.044483,284.200528,461.176571286,432.333097
1087,0.5435,0.543249999,0.543750001,0.175616277,0.192307658,patch_1097,284.200528,284.356574,461.176571286,433.281213
1088,0.544,0.543750001,0.544249999,0.17077951,0.187011182,patch_1098,284.356574,284.512619,461.176571286,434.049498
1089,0.5445,0.544249999,0.544750001,0.166660397,0.182500569,patch_1099,284.512619,284.668665,461.176571286,434.703789
1090,0.545,0.544750001,0.545249999,0.162844464,0.178321952,patch_1100,284.668665,284.82471,461.176571286,435.309922
1091,0.5455,0.545249999,0.545750001,0.158943371,0.174050081,patch_1101,284.82471,284.980756,461.176571286,435.929582
1092,0.546,0.545750001,0.54625,0.154687745,0.169389981,patch_1102,284.980756,285.136801,461.176571286,436.605557
1093,0.5465,0.54625,0.546750001,0.149842365,0.164084074,patch_1103,285.136801,285.292847,461.176571286,437.37521
1094,0.547,0.546750001,0.54725,0.14417188,0.15787464,patch_1104,285.292847,285.448892,461.176571286,438.275925
1095,0.5475,0.54725,0.547750002,0.137440962,0.150503984,patch_1105,285.448892,285.604938,461.176571286,439.345082
1096,0.548,0.547750002,0.54825,0.129414322,0.141714455,patch_1106,285.604938,285.760983,461.176571286,440.620055
1097,0.5485,0.54825,0.548749999,0.119856625,0.131248351,patch_1107,285.760983,285.917028,461.176571286,442.138225
1098,0.549,0.548749999,0.549250001,0.108532571,0.118848007,patch_1108,285.917028,286.073074,461.176571286,443.936968
1099,0.5495,0.549250001,0.549749999,0.09533069,0.104391358,patch_1109,286.073074,286.229119,461.176571286,446.03399
1100,0.55,0.549749999,0.550250001,0.080731187,0.088404251,patch_1110,286.229119,286.385165,461.176571286,448.353014
1101,0.5505,0.550250001,0.550749999,0.065390826,0.071605871,patch_1111,286.385165,286.54121,461.176571286,450.789718
1102,0.551,0.550749999,0.551250001,0.049966318,0.054715347,patch_1112,286.54121,286.697256,461.176571286,453.239788
1103,0.5515,0.551250001,0.55175,0.035114458,0.038451898,patch_1113,286.697256,286.853301,461.176571286,455.598897
1104,0.552,0.55175,0.552250001,0.021491998,0.023534696,patch_1114,286.853301,287.009347,461.176571286,457.762725
1105,0.5525,0.552250001,0.55275,0.009755699,0.010682926,patch_1115,287.009347,287.165392,461.176571286,459.62695
1106,0.553,0.55275,0.553250002,0.000562326,0.000615772,patch_1116,287.165392,287.321438,461.176571286,461.08725
1107,0.5535,0.553250002,0.55375,-0.005586853,-0.006117854,patch_1117,287.321438,287.477483,461.176571286,462.064002
1108,0.554,0.55375,0.554249999,-0.008968004,-0.009820365,patch_1118,287.477483,287.633528,461.176571286,462.601073
1109,0.5545,0.554249999,0.554750001,-0.010099778,-0.011059708,patch_1119,287.633528,287.789574,461.176571286,462.780847
1110,0.555,0.554750001,0.555249999,-0.009500921,-0.010403933,patch_1120,287.789574,287.945619,461.176571286,462.685723
1111,0.5555,0.555249999,0.555750001,-0.007690161,-0.008421069,patch_1121,287.945619,288.101665,461.176571286,462.398097
1112,0.556,0.555750001,0.556249999,-0.005186243,-0.005679168,patch_1122,288.101665,288.25771,461.176571286,462.000368
1113,0.5565,0.556249999,0.556750001,-0.002507907,-0.002746271,patch_1123,288.25771,288.413756,461.176571286,461.574934
1114,0.557,0.556750001,0.55725,-0.000173881,-0.000190407,patch_1124,288.413756,288.569801,461.176571286,461.204191
1115,0.5575,0.55725,0.557750001,0.001382823,0.001514253,patch_1125,288.569801,288.725847,461.176571286,460.95692
1116,0.558,0.557750001,0.55825,0.002177817,0.002384807,patch_1126,288.725847,288.881892,461.176571286,460.830641
1117,0.5585,0.55825,0.558750002,0.002372991,0.002598531,patch_1127,288.881892,289.037938,461.176571286,460.799639
1118,0.559,0.558750002,0.55925,0.002130311,0.002332786,patch_1128,289.037938,289.193983,461.176571286,460.838187
1119,0.5595,0.55925,0.559749999,0.001611741,0.001764929,patch_1129,289.193983,289.350028,461.176571286,460.920558
1120,0.56,0.559749999,0.560250001,0.00097926,0.001072333,patch_1130,289.350028,289.506074,461.176571286,461.021023
1121,0.5605,0.560250001,0.560749999,0.00039482,0.000432346,patch_1131,289.506074,289.662119,461.176571286,461.113857
1122,0.561,0.560749999,0.561250001,0.000020399,0.000022338,patch_1132,289.662119,289.818165,461.176571286,461.173331
1123,0.5615,0.561250001,0.561749999,-0.000016914,-0.000018522,patch_1133,289.818165,289.97421,461.176571286,461.179258
1124,0.562,0.561749999,0.562250001,0.000218904,0.00023971,patch_1134,289.97421,290.130256,461.176571286,461.1418
1125,0.5625,0.562250001,0.56275,0.00059877,0.00065568,patch_1135,290.130256,290.286301,461.176571286,461.081461
1126,0.563,0.56275,0.563250001,0.00099357,0.001088003,patch_1136,290.286301,290.442347,461.176571286,461.01875
1127,0.5635,0.563250001,0.56375,0.001274156,0.001395257,patch_1137,290.442347,290.598392,461.176571286,460.974181
1128,0.564,0.56375,0.564249999,0.0013114,0.001436042,patch_1138,290.598392,290.754437,461.176571286,460.968265
1129,0.5645,0.564250002,0.56475,0.000976169,0.001068949,patch_1139,290.754438,290.910483,461.176571286,461.021514
1130,0.565,0.56475,0.565249999,0.000139341,0.000152585,patch_1140,290.910483,291.066528,461.176571286,461.154438
1131,0.5655,0.565249999,0.565750001,-0.001271351,-0.001392186,patch_1141,291.066528,291.222574,461.176571286,461.378516
1132,0.566,0.565750001,0.566249999,-0.003001887,-0.0032872,patch_1142,291.222574,291.378619,461.176571286,461.653399
1133,0.5665,0.566249999,0.566750001,-0.004682097,-0.005127105,patch_1143,291.378619,291.534665,461.176571286,461.920288
1134,0.567,0.566750001,0.567249999,-0.005941676,-0.006506401,patch_1144,291.534665,291.69071,461.176571286,462.120363
1135,0.5675,0.567249999,0.567750001,-0.006410329,-0.007019596,patch_1145,291.69071,291.846756,461.176571286,462.194805
1136,0.568,0.567750001,0.56825,-0.005717738,-0.006261178,patch_1146,291.846756,292.002801,461.176571286,462.084792
1137,0.5685,0.56825,0.568750001,-0.003493606,-0.003825654,patch_1147,292.002801,292.158847,461.176571286,461.731505
1138,0.569,0.568750001,0.56925,0.000632382,0.000692487,patch_1148,292.158847,292.314892,461.176571286,461.076122
1139,0.5695,0.56925,0.569750002,0.006934197,0.007593255,patch_1149,292.314892,292.470938,461.176571286,460.075125
1140,0.57,0.569750002,0.57025,0.015107019,0.01654286,patch_1150,292.470938,292.626983,461.176571286,458.776932
1141,0.5705,0.57025,0.570749999,0.024630833,0.026971861,patch_1151,292.626983,292.783028,461.176571286,457.264144
1142,0.571,0.570749999,0.571250001,0.034985261,0.038310422,patch_1152,292.783028,292.939074,461.176571286,455.619419
1143,0.5715,0.571250001,0.571749999,0.045649921,0.0499887,patch_1153,292.939074,293.095119,461.176571286,453.925416
1144,0.572,0.571749999,0.572250001,0.056104435,0.061436859,patch_1154,293.095119,293.251165,461.176571286,452.264793
1145,0.5725,0.572250001,0.572749999,0.065828428,0.072085066,patch_1155,293.251165,293.40721,461.176571286,450.720208
1146,0.573,0.572749999,0.573250001,0.074301517,0.081363475,patch_1156,293.40721,293.563256,461.176571286,449.37432
1147,0.5735,0.573250001,0.57375,0.081094981,0.088802622,patch_1157,293.563256,293.719301,461.176571286,448.295228
1148,0.574,0.57375,0.574250001,0.086357069,0.094564842,patch_1158,293.719301,293.875347,461.176571286,447.459384
1149,0.5745,0.574250001,0.57475,0.09046004,0.099057779,patch_1159,293.875347,294.031392,461.176571286,446.807657
1150,0.575,0.57475,0.575250002,0.093776649,0.102689614,patch_1160,294.031392,294.187438,461.176571286,446.280838
1151,0.5755,0.575250002,0.57575,0.096679641,0.10586852,patch_1161,294.187438,294.343483,461.176571286,445.819719
1152,0.576,0.57575,0.576249999,0.0995418,0.109002712,patch_1162,294.343483,294.499528,461.176571286,445.365086
1153,0.5765,0.576249999,0.576750001,0.102735829,0.112500315,patch_1163,294.499528,294.655574,461.176571286,444.857738
1154,0.577,0.576750001,0.577249999,0.106634536,0.116769573,patch_1164,294.655574,294.811619,461.176571286,444.238457
1155,0.5775,0.577249999,0.577750001,0.111541353,0.122142757,patch_1165,294.811619,294.967665,461.176571286,443.459045
1156,0.578,0.577750001,0.578249999,0.117302601,0.128451581,patch_1166,294.967665,295.12371,461.176571286,442.543913
1157,0.5785,0.578249999,0.578750001,0.123579353,0.135324904,patch_1167,295.12371,295.279756,461.176571286,441.546897
1158,0.579,0.578750001,0.57925,0.13003209,0.142390939,patch_1168,295.279756,295.435801,461.176571286,440.521927
1159,0.5795,0.57925,0.579750001,0.136321383,0.149277995,patch_1169,295.435801,295.591847,461.176571286,439.522919
1160,0.58,0.579750001,0.58025,0.142107712,0.155614284,patch_1170,295.591847,295.747892,461.176571286,438.603803
1161,0.5805,0.58025,0.580750002,0.147051585,0.161028045,patch_1171,295.747892,295.903938,461.176571286,437.818505
1162,0.581,0.580750002,0.58125,0.150813597,0.165147616,patch_1172,295.903938,296.059983,461.176571286,437.220937
1163,0.5815,0.58125,0.581749999,0.15312229,0.167675738,patch_1173,296.059983,296.216028,461.176571286,436.854218
1164,0.582,0.581749999,0.582250001,0.154177712,0.168831472,patch_1174,296.216028,296.372074,461.176571286,436.686572
1165,0.5825,0.582250001,0.582749999,0.154379131,0.169052035,patch_1175,296.372074,296.528119,461.176571286,436.654578
1166,0.583,0.582749999,0.583250001,0.154126598,0.1687755,patch_1176,296.528119,296.684165,461.176571286,436.694691
1167,0.5835,0.583250001,0.583749999,0.153820081,0.16843985,patch_1177,296.684165,296.84021,461.176571286,436.743379
1168,0.584,0.583749999,0.584250001,0.153859674,0.168483206,patch_1178,296.84021,296.996256,461.176571286,436.73709
1169,0.5845,0.584250001,0.58475,0.154645338,0.169343543,patch_1179,296.996256,297.152301,461.176571286,436.612293
1170,0.585,0.58475,0.585250001,0.156577092,0.1714589,patch_1180,297.152301,297.308347,461.176571286,436.305448
1171,0.5855,0.585250001,0.58575,0.159977765,0.175182789,patch_1181,297.308347,297.464392,461.176571286,435.765276
1172,0.586,0.58575,0.586250002,0.16460943,0.180254669,patch_1182,297.464392,297.620438,461.176571286,435.02957
1173,0.5865,0.586250002,0.58675,0.169986827,0.186143158,patch_1183,297.620438,297.776483,461.176571286,434.17541
1174,0.587,0.58675,0.587249999,0.175623637,0.192315717,patch_1184,297.776483,297.932528,461.176571286,433.280044
1175,0.5875,0.587249999,0.587750001,0.181033537,0.198239799,patch_1185,297.932528,298.088574,461.176571286,432.420721
1176,0.588,0.587750001,0.588249999,0.185730159,0.203382809,patch_1186,298.088574,298.244619,461.176571286,431.674697
1177,0.5885,0.588249999,0.588750001,0.189227161,0.207212182,patch_1187,298.244619,298.400665,461.176571286,431.119224
1178,0.589,0.588750001,0.589249999,0.191038236,0.20919539,patch_1188,298.400665,298.55671,461.176571286,430.831548
1179,0.5895,0.589249999,0.589750001,0.190736321,0.208864779,patch_1189,298.55671,298.712756,461.176571286,430.879505
1180,0.59,0.589750001,0.59025,0.18834649,0.206247809,patch_1190,298.712756,298.868801,461.176571286,431.259112
1181,0.5905,0.59025,0.590750001,0.184101668,0.201599538,patch_1191,298.868801,299.024847,461.176571286,431.933371
1182,0.591,0.590750001,0.59125,0.178236008,0.195176379,patch_1192,299.024847,299.180892,461.176571286,432.865088
1183,0.5915,0.59125,0.591750002,0.17098358,0.187234647,patch_1193,299.180892,299.336938,461.176571286,434.017083
1184,0.592,0.591750002,0.59225,0.162578509,0.178030719,patch_1194,299.336938,299.492983,461.176571286,435.352167
1185,0.5925,0.59225,0.592749999,0.153254893,0.167820944,patch_1195,299.492983,299.649028,461.176571286,436.833155
1186,0.593,0.592749999,0.593250001,0.143246814,0.156861651,patch_1196,299.649028,299.805074,461.176571286,438.422865
1187,0.5935,0.593250001,0.593749999,0.132779079,0.145399014,patch_1197,299.805074,299.961119,461.176571286,440.085588
1188,0.594,0.593749999,0.594250001,0.122002019,0.133597652,patch_1198,299.961119,300.117165,461.176571286,441.797445
1189,0.5945,0.594250001,0.594749999,0.111030275,0.121583104,patch_1199,300.117165,300.27321,461.176571286,443.540226
1190,0.595,0.594749999,0.595250001,0.099978207,0.109480597,patch_1200,300.27321,300.429256,461.176571286,445.295766
1191,0.5955,0.595250001,0.59575,0.088960217,0.097415406,patch_1201,300.429256,300.585301,461.176571286,447.045893
1192,0.596,0.59575,0.596250001,0.078090688,0.085512786,patch_1202,300.585301,300.741347,461.176571286,448.772438
1193,0.5965,0.596250001,0.59675,0.067484004,0.073897994,patch_1203,300.741347,300.897392,461.176571286,450.457232
1194,0.597,0.59675,0.597250002,0.057254561,0.062696298,patch_1204,300.897392,301.053438,461.176571286,452.082104
1195,0.5975,0.597250002,0.59775,0.047514905,0.05203094,patch_1205,301.053438,301.209483,461.176571286,453.629177
1196,0.598,0.59775,0.598249999,0.038362081,0.04200819,patch_1206,301.209483,301.365528,461.176571286,455.083036
1197,0.5985,0.598249999,0.598750001,0.029885353,0.032725795,patch_1207,301.365528,301.521574,461.176571286,456.429502
1198,0.599,0.598750001,0.599249999,0.022173981,0.024281498,patch_1208,301.521574,301.677619,461.176571286,457.654397
1199,0.5995,0.599249999,0.599750001,0.015317177,0.016772992,patch_1209,301.677619,301.833665,461.176571286,458.74355
1200,0.6,0.599750001,0.600249999,0.009404175,0.010297991,patch_1210,301.833665,301.98971,461.176571286,459.682787
1201,0.6005,0.600249999,0.600750001,0.004524208,0.00495421,patch_1211,301.98971,302.145756,461.176571286,460.457934
1202,0.601,0.600750001,0.60125,0.000766502,0.000839354,patch_1212,302.145756,302.301801,461.176571286,461.054818
1203,0.6015,0.60125,0.601750001,-0.001799351,-0.00197037,patch_1213,302.301801,302.457847,461.176571286,461.462385
1204,0.602,0.601750001,0.60225,-0.003277335,-0.003588829,patch_1214,302.457847,302.613892,461.176571286,461.697152
1205,0.6025,0.60225,0.602750002,-0.003861927,-0.004228982,patch_1215,302.613892,302.769938,461.176571286,461.79001
1206,0.603,0.602750002,0.60325,-0.003748368,-0.00410463,patch_1216,302.769938,302.925983,461.176571286,461.771972
1207,0.6035,0.60325,0.603749999,-0.003131902,-0.003429573,patch_1217,302.925983,303.082028,461.176571286,461.674051
1208,0.604,0.603749999,0.604250001,-0.002207793,-0.002417632,patch_1218,303.082028,303.238074,461.176571286,461.527263
1209,0.6045,0.604250001,0.604749999,-0.001171277,-0.0012826,patch_1219,303.238074,303.394119,461.176571286,461.36262
1210,0.605,0.604749999,0.605250001,-0.000217603,-0.000238285,patch_1220,303.394119,303.550165,461.176571286,461.211136
1211,0.6055,0.605250001,0.605749999,0.000474056,0.000519112,patch_1221,303.550165,303.70621,461.176571286,461.101271
1212,0.606,0.605749999,0.606250001,0.000874024,0.000957095,patch_1222,303.70621,303.862256,461.176571286,461.037739
1213,0.6065,0.606250001,0.60675,0.001033817,0.001132076,patch_1223,303.862256,304.018301,461.176571286,461.012357
1214,0.607,0.60675,0.607250001,0.001005771,0.001101364,patch_1224,304.018301,304.174347,461.176571286,461.016812
1215,0.6075,0.607250001,0.60775,0.000842206,0.000922253,patch_1225,304.174347,304.330392,461.176571286,461.042793
1216,0.608,0.60775,0.608250002,0.000595453,0.000652047,patch_1226,304.330392,304.486438,461.176571286,461.081988
1217,0.6085,0.608250002,0.60875,0.000317838,0.000348047,patch_1227,304.486438,304.642483,461.176571286,461.126085
1218,0.609,0.60875,0.609249999,0.000061685,0.000067548,patch_1228,304.642483,304.798528,461.176571286,461.166773
1219,0.6095,0.609249999,0.609750001,-0.000124725,-0.00013658,patch_1229,304.798528,304.954574,461.176571286,461.196383
1220,0.61,0.609750001,0.610249999,-0.000232763,-0.000254886,patch_1230,304.954574,305.110619,461.176571286,461.213544
1221,0.6105,0.610249999,0.610750001,-0.00027624,-0.000302495,patch_1231,305.110619,305.266665,461.176571286,461.22045
1222,0.611,0.610750001,0.611249999,-0.000269214,-0.000294802,patch_1232,305.266665,305.42271,461.176571286,461.219334
1223,0.6115,0.611249999,0.611750001,-0.00022575,-0.000247206,patch_1233,305.42271,305.578756,461.176571286,461.21243
1224,0.612,0.611750001,0.61225,-0.000159899,-0.000175096,patch_1234,305.578756,305.734801,461.176571286,461.20197
1225,0.6125,0.61225,0.612750001,-0.000085725,-0.000093872,patch_1235,305.734801,305.890847,461.176571286,461.190188
1226,0.613,0.612750001,0.61325,-0.000017286,-0.000018929,patch_1236,305.890847,306.046892,461.176571286,461.179317
1227,0.6135,0.61325,0.613750002,0.00003238,0.000035457,patch_1237,306.046892,306.202938,461.176571286,461.171428
1228,0.614,0.613750002,0.61425,0.000060854,0.000066638,patch_1238,306.202938,306.358983,461.176571286,461.166905
1229,0.6145,0.61425,0.614749999,0.000071972,0.000078813,patch_1239,306.358983,306.515028,461.176571286,461.165139
1230,0.615,0.614749999,0.615250001,0.000069656,0.000076276,patch_1240,306.515028,306.671074,461.176571286,461.165507
1231,0.6155,0.615250001,0.615749999,0.000057807,0.000063302,patch_1241,306.671074,306.827119,461.176571286,461.167389
1232,0.616,0.615749999,0.616250001,0.00004035,0.000044185,patch_1242,306.827119,306.983165,461.176571286,461.170162
1233,0.6165,0.616250001,0.616749999,0.000021193,0.000023207,patch_1243,306.983165,307.13921,461.176571286,461.173205
1234,0.617,0.616749999,0.617250001,0.000004245,0.000004648,patch_1244,307.13921,307.295256,461.176571286,461.175897
1235,0.6175,0.617250001,0.61775,-0.00000686,-0.000007512,patch_1245,307.295256,307.451301,461.176571286,461.177661
1236,0.618,0.61775,0.618250001,-0.000011727,-0.000012841,patch_1246,307.451301,307.607347,461.176571286,461.178434
1237,0.6185,0.618250001,0.61875,-0.000011928,-0.000013062,patch_1247,307.607347,307.763392,461.176571286,461.178466
1238,0.619,0.61875,0.619250002,-0.000009051,-0.000009911,patch_1248,307.763392,307.919438,461.176571286,461.178009
1239,0.6195,0.619250002,0.61975,-0.000004701,-0.000005148,patch_1249,307.919438,308.075483,461.176571286,461.177318
1240,0.62,0.61975,0.620249999,-0.000000464,-0.000000508,patch_1250,308.075483,308.231528,461.176571286,461.176645
1241,0.6205,0.620249999,0.620750001,0.000002054,0.000002249,patch_1251,308.231528,308.387574,461.176571286,461.176245
1242,0.621,0.620750001,0.621249999,0.000001261,0.000001381,patch_1252,308.387574,308.543619,461.176571286,461.176371
1243,0.6215,0.621249999,0.621750001,-0.000004241,-0.000004645,patch_1253,308.543619,308.699665,461.176571286,461.177245
1244,0.622,0.621750001,0.622249999,-0.000013496,-0.000014779,patch_1254,308.699665,308.85571,461.176571286,461.178715
1245,0.6225,0.622249999,0.622750001,-0.000024053,-0.00002634,patch_1255,308.85571,309.011756,461.176571286,461.180392
1246,0.623,0.622750001,0.62325,-0.000033446,-0.000036625,patch_1256,309.011756,309.167801,461.176571286,461.181884
1247,0.6235,0.62325,0.623750001,-0.000039201,-0.000042926,patch_1257,309.167801,309.323847,461.176571286,461.182798
1248,0.624,0.623750001,0.62425,-0.000038842,-0.000042533,patch_1258,309.323847,309.479892,461.176571286,461.182741
1249,0.6245,0.62425,0.624750002,-0.000029902,-0.000032744,patch_1259,309.479892,309.635938,461.176571286,461.181321
1250,0.625,0.624750002,0.62525,-0.000009901,-0.000010842,patch_1260,309.635938,309.791983,461.176571286,461.178144
1251,0.6255,0.62525,0.625749999,0.000023119,0.000025316,patch_1261,309.791983,309.948028,461.176571286,461.172899
1252,0.626,0.625749999,0.626250001,0.000065016,0.000071195,patch_1262,309.948028,310.104074,461.176571286,461.166244
1253,0.6265,0.626250001,0.626749999,0.000107561,0.000117784,patch_1263,310.104074,310.260119,461.176571286,461.159486
1254,0.627,0.626749999,0.627250001,0.00014247,0.000156011,patch_1264,310.260119,310.416165,461.176571286,461.153941
1255,0.6275,0.627250001,0.627749999,0.000161445,0.000176789,patch_1265,310.416165,310.57221,461.176571286,461.150927
1256,0.628,0.627749999,0.628250001,0.000156194,0.000171039,patch_1266,310.57221,310.728256,461.176571286,461.151761
1257,0.6285,0.628250001,0.62875,0.000118427,0.000129683,patch_1267,310.728256,310.884301,461.176571286,461.15776
1258,0.629,0.62875,0.629250001,0.000039846,0.000043633,patch_1268,310.884301,311.040347,461.176571286,461.170242
1259,0.6295,0.629250001,0.62975,-0.00008614,-0.000094327,patch_1269,311.040347,311.196392,461.176571286,461.190254
1260,0.63,0.62975,0.630250002,-0.000244246,-0.00026746,patch_1270,311.196392,311.352438,461.176571286,461.215368
1261,0.6305,0.630250002,0.63075,-0.00040409,-0.000442496,patch_1271,311.352438,311.508483,461.176571286,461.240758
1262,0.631,0.63075,0.631249999,-0.000534962,-0.000585807,patch_1272,311.508483,311.664528,461.176571286,461.261546
1263,0.6315,0.631249999,0.631750001,-0.000606164,-0.000663777,patch_1273,311.664528,311.820574,461.176571286,461.272856
1264,0.632,0.631750001,0.632249999,-0.000587007,-0.000642799,patch_1274,311.820574,311.976619,461.176571286,461.269813
1265,0.6325,0.632249999,0.632750001,-0.000446774,-0.000489237,patch_1275,311.976619,312.132665,461.176571286,461.247538
1266,0.633,0.632750001,0.633249999,-0.00015478,-0.000169491,patch_1276,312.132665,312.28871,461.176571286,461.201157
1267,0.6335,0.633249999,0.633750001,0.000313765,0.000343587,patch_1277,312.28871,312.444756,461.176571286,461.126732
1268,0.634,0.633750001,0.63425,0.000903418,0.000989283,patch_1278,312.444756,312.600801,461.176571286,461.03307
1269,0.6345,0.63425,0.634750001,0.00150094,0.001643596,patch_1279,312.600801,312.756847,461.176571286,460.938158
1270,0.635,0.634750001,0.63525,0.001991828,0.002181141,patch_1280,312.756847,312.912892,461.176571286,460.860184
1271,0.6355,0.63525,0.635750002,0.002261567,0.002476516,patch_1281,312.912892,313.068938,461.176571286,460.817338
1272,0.636,0.635750002,0.63625,0.002195665,0.002404351,patch_1282,313.068938,313.224983,461.176571286,460.827806
1273,0.6365,0.63625,0.636749999,0.001679607,0.001839245,patch_1283,313.224983,313.381028,461.176571286,460.909778
1274,0.637,0.636749999,0.637250001,0.00059889,0.000655811,patch_1284,313.381028,313.537074,461.176571286,461.081442
1275,0.6375,0.637250001,0.637749999,-0.001140479,-0.001248875,patch_1285,313.537074,313.693119,461.176571286,461.357728
1276,0.638,0.637749999,0.638250001,-0.003337527,-0.003654741,patch_1286,313.693119,313.849165,461.176571286,461.706713
1277,0.6385,0.638250001,0.638749999,-0.005570296,-0.006099723,patch_1287,313.849165,314.00521,461.176571286,462.061372
1278,0.639,0.638749999,0.639250001,-0.007411445,-0.008115863,patch_1288,314.00521,314.161256,461.176571286,462.353825
1279,0.6395,0.639250001,0.63975,-0.008433658,-0.009235231,patch_1289,314.161256,314.317301,461.176571286,462.516196
1280,0.64,0.63975,0.640250001,-0.008209612,-0.008989892,patch_1290,314.317301,314.473347,461.176571286,462.480608
1281,0.6405,0.640250001,0.64075,-0.006311973,-0.006911893,patch_1291,314.473347,314.629392,461.176571286,462.179182
1282,0.641,0.64075,0.641250002,-0.002313426,-0.002533304,patch_1292,314.629392,314.785438,461.176571286,461.544042
1283,0.6415,0.641250002,0.64175,0.004173364,0.00457002,patch_1293,314.785438,314.941483,461.176571286,460.513663
1284,0.642,0.64175,0.642249999,0.012925716,0.014154236,patch_1294,314.941483,315.097528,461.176571286,459.123416
1285,0.6425,0.642249999,0.642750001,0.023245393,0.025454742,patch_1295,315.097528,315.253574,461.176571286,457.484211
1286,0.643,0.642750001,0.643249999,0.034421571,0.037693156,patch_1296,315.253574,315.409619,461.176571286,455.708957
1287,0.6435,0.643249999,0.643750001,0.045743435,0.050091102,patch_1297,315.409619,315.565665,461.176571286,453.910562
1288,0.644,0.643750001,0.644249999,0.056500141,0.061870175,patch_1298,315.565665,315.72171,461.176571286,452.201938
1289,0.6445,0.644249999,0.644750001,0.065980881,0.072252008,patch_1299,315.72171,315.877756,461.176571286,450.695992
1290,0.645,0.644750001,0.64525,0.073474831,0.080458217,patch_1300,315.877756,316.033801,461.176571286,449.505633
1291,0.6455,0.64525,0.645750001,0.078305794,0.085748337,patch_1301,316.033801,316.189847,461.176571286,448.73827
1292,0.646,0.645750001,0.64625,0.080358611,0.087996264,patch_1302,316.189847,316.345892,461.176571286,448.412195
1293,0.6465,0.64625,0.646750002,0.079973085,0.087574095,patch_1303,316.345892,316.501938,461.176571286,448.473433
1294,0.647,0.646750002,0.64725,0.077502212,0.08486838,patch_1304,316.501938,316.657983,461.176571286,448.865913
1295,0.6475,0.64725,0.647749999,0.073298915,0.080265581,patch_1305,316.657983,316.814028,461.176571286,449.533576
1296,0.648,0.647749999,0.648250001,0.067716152,0.074152207,patch_1306,316.814028,316.970074,461.176571286,450.420357
1297,0.6485,0.648250001,0.648749999,0.061106876,0.066914755,patch_1307,316.970074,317.126119,461.176571286,451.470192
1298,0.649,0.648749999,0.649250001,0.053824053,0.058939739,patch_1308,317.126119,317.282165,461.176571286,452.627015
1299,0.6495,0.649250001,0.649749999,0.046215562,0.050608102,patch_1309,317.282165,317.43821,461.176571286,453.835568
1300,0.65,0.649749999,0.650250001,0.038541755,0.042204941,patch_1310,317.43821,317.594256,461.176571286,455.054496
1301,0.6505,0.650250001,0.65075,0.030989175,0.033934529,patch_1311,317.594256,317.750301,461.176571286,456.254168
1302,0.651,0.65075,0.651250001,0.023742061,0.025998615,patch_1312,317.750301,317.906347,461.176571286,457.405319
1303,0.6515,0.651250001,0.65175,0.016984645,0.018598943,patch_1313,317.906347,318.062392,461.176571286,458.478685
1304,0.652,0.65175,0.652250002,0.010901147,0.011937242,patch_1314,318.062392,318.218438,461.176571286,459.445004
1305,0.6525,0.652250002,0.65275,0.005675813,0.006215268,patch_1315,318.218438,318.374483,461.176571286,460.27501
1306,0.653,0.65275,0.653249999,0.001492863,0.001634751,patch_1316,318.374483,318.530528,461.176571286,460.939441
1307,0.6535,0.653249999,0.653750001,-0.001474331,-0.001614459,patch_1317,318.530528,318.686574,461.176571286,461.410758
1308,0.654,0.653750001,0.654249999,-0.00325192,-0.003560998,patch_1318,318.686574,318.842619,461.176571286,461.693115
1309,0.6545,0.654249999,0.654750001,-0.004041123,-0.00442521,patch_1319,318.842619,318.998665,461.176571286,461.818474
1310,0.655,0.654750001,0.655249999,-0.004049099,-0.004433944,patch_1320,318.998665,319.15471,461.176571286,461.819741
1311,0.6555,0.655249999,0.655750001,-0.003483011,-0.003814052,patch_1321,319.15471,319.310756,461.176571286,461.729822
1312,0.656,0.655750001,0.65625,-0.002550006,-0.00279237,patch_1322,319.310756,319.466801,461.176571286,461.581621
1313,0.6565,0.65625,0.656750001,-0.001457251,-0.001595755,patch_1323,319.466801,319.622847,461.176571286,461.408045
1314,0.657,0.656750001,0.65725,-0.000411903,-0.000451052,patch_1324,319.622847,319.778892,461.176571286,461.241999
1315,0.6575,0.65725,0.657750002,0.000385585,0.000422232,patch_1325,319.778892,319.934938,461.176571286,461.115324
1316,0.658,0.657750002,0.65825,0.000866293,0.000948629,patch_1326,319.934938,320.090983,461.176571286,461.038967
1317,0.6585,0.65825,0.658749999,0.001081323,0.001184097,patch_1327,320.090983,320.247028,461.176571286,461.004811
1318,0.659,0.658749999,0.659250001,0.001086196,0.001189433,patch_1328,320.247028,320.403074,461.176571286,461.004037
1319,0.6595,0.659250001,0.659749999,0.000936413,0.001025414,patch_1329,320.403074,320.559119,461.176571286,461.027829
1320,0.66,0.659749999,0.660250001,0.000687487,0.000752829,patch_1330,320.559119,320.715165,461.176571286,461.067369
1321,0.6605,0.660250001,0.660749999,0.000394915,0.000432449,patch_1331,320.715165,320.87121,461.176571286,461.113842
1322,0.661,0.660749999,0.661250001,0.000114215,0.000125071,patch_1332,320.87121,321.027256,461.176571286,461.158429
1323,0.6615,0.661250001,0.66175,-0.000100765,-0.000110342,patch_1333,321.027256,321.183301,461.176571286,461.192577
1324,0.662,0.66175,0.662250001,-0.000230749,-0.00025268,patch_1334,321.183301,321.339347,461.176571286,461.213224
1325,0.6625,0.662250001,0.66275,-0.000289329,-0.000316828,patch_1335,321.339347,321.495392,461.176571286,461.222529
1326,0.663,0.66275,0.663250002,-0.000291368,-0.000319061,patch_1336,321.495392,321.651438,461.176571286,461.222853
1327,0.6635,0.663250002,0.66375,-0.00025175,-0.000275678,patch_1337,321.651438,321.807483,461.176571286,461.21656
1328,0.664,0.66375,0.664249999,-0.000185339,-0.000202954,patch_1338,321.807483,321.963528,461.176571286,461.206011
1329,0.6645,0.664249999,0.664750001,-0.00010701,-0.00011718,patch_1339,321.963528,322.119574,461.176571286,461.193569
1330,0.665,0.664750001,0.665249999,-0.00003164,-0.000034647,patch_1340,322.119574,322.275619,461.176571286,461.181597
1331,0.6655,0.665249999,0.665750001,0.000026311,0.000028812,patch_1341,322.275619,322.431665,461.176571286,461.172392
1332,0.666,0.665750001,0.666249999,0.000061459,0.0000673,patch_1342,322.431665,322.58771,461.176571286,461.166809
1333,0.6665,0.666249999,0.666750001,0.000077412,0.000084769,patch_1343,322.58771,322.743756,461.176571286,461.164275
1334,0.667,0.666750001,0.66725,0.000078155,0.000085583,patch_1344,322.743756,322.899801,461.176571286,461.164157
1335,0.6675,0.66725,0.667750001,0.000067679,0.000074111,patch_1345,322.899801,323.055847,461.176571286,461.165821
1336,0.668,0.667750001,0.66825,0.000049963,0.000054712,patch_1346,323.055847,323.211892,461.176571286,461.168635
1337,0.6685,0.66825,0.668750002,0.000028993,0.000031748,patch_1347,323.211892,323.367938,461.176571286,461.171966
1338,0.669,0.668750002,0.66925,0.000008753,0.000009584,patch_1348,323.367938,323.523983,461.176571286,461.175181
1339,0.6695,0.66925,0.669749999,-0.00000686,-0.000007512,patch_1349,323.523983,323.680028,461.176571286,461.177661
1340,0.67,0.669749999,0.670250001,-0.000016367,-0.000017922,patch_1350,323.680028,323.836074,461.176571286,461.179171
1341,0.6705,0.670250001,0.670749999,-0.000020711,-0.000022679,patch_1351,323.836074,323.992119,461.176571286,461.179861
1342,0.671,0.670749999,0.671250001,-0.000020962,-0.000022955,patch_1352,323.992119,324.148165,461.176571286,461.179901
1343,0.6715,0.671250001,0.671749999,-0.000018192,-0.000019921,patch_1353,324.148165,324.30421,461.176571286,461.179461
1344,0.672,0.671749999,0.672250001,-0.000013471,-0.000014751,patch_1354,324.30421,324.460256,461.176571286,461.178711
1345,0.6725,0.672250001,0.67275,-0.000007855,-0.000008602,patch_1355,324.460256,324.616301,461.176571286,461.177819
1346,0.673,0.67275,0.673250001,-0.000002422,-0.000002652,patch_1356,324.616301,324.772347,461.176571286,461.176956
1347,0.6735,0.673250001,0.67375,0.00000179,0.00000196,patch_1357,324.772347,324.928392,461.176571286,461.176287
1348,0.674,0.67375,0.674250002,0.000004358,0.000004773,patch_1358,324.928392,325.084438,461.176571286,461.175879
1349,0.6745,0.674250002,0.67475,0.000005542,0.000006069,patch_1359,325.084438,325.240483,461.176571286,461.175691
1350,0.675,0.67475,0.675249999,0.000005624,0.000006158,patch_1360,325.240483,325.396528,461.176571286,461.175678
1351,0.6755,0.675249999,0.675750001,0.000004893,0.000005359,patch_1361,325.396528,325.552574,461.176571286,461.175794
1352,0.676,0.675750001,0.676249999,0.000003628,0.000003973,patch_1362,325.552574,325.708619,461.176571286,461.175995
1353,0.6765,0.676249999,0.676750001,0.00000213,0.000002332,patch_1363,325.708619,325.864665,461.176571286,461.176233
1354,0.677,0.676750001,0.677249999,0.000000669,0.000000733,patch_1364,325.864665,326.02071,461.176571286,461.176465
1355,0.6775,0.677249999,0.677750001,-0.000000464,-0.000000508,patch_1365,326.02071,326.176756,461.176571286,461.176645
1356,0.678,0.677750001,0.67825,-0.000001163,-0.000001273,patch_1366,326.176756,326.332801,461.176571286,461.176756
1357,0.6785,0.67825,0.678750001,-0.000001484,-0.000001625,patch_1367,326.332801,326.488847,461.176571286,461.176807
1358,0.679,0.678750001,0.67925,-0.000001509,-0.000001653,patch_1368,326.488847,326.644892,461.176571286,461.176811
1359,0.6795,0.67925,0.679750002,-0.000001314,-0.000001439,patch_1369,326.644892,326.800938,461.176571286,461.17678
1360,0.68,0.679750002,0.68025,-0.00000098,-0.000001073,patch_1370,326.800938,326.956983,461.176571286,461.176727
1361,0.6805,0.68025,0.680749999,-0.000000577,-0.000000632,patch_1371,326.956983,327.113028,461.176571286,461.176663
1362,0.681,0.680749999,0.681250001,-0.000000187,-0.000000205,patch_1372,327.113028,327.269074,461.176571286,461.176601
1363,0.6815,0.681250001,0.681749999,0.000000121,0.000000133,patch_1373,327.269074,327.425119,461.176571286,461.176552
1364,0.682,0.681749999,0.682250001,0.00000031,0.00000034,patch_1374,327.425119,327.581165,461.176571286,461.176522
1365,0.6825,0.682250001,0.682749999,0.000000398,0.000000436,patch_1375,327.581165,327.73721,461.176571286,461.176508
1366,0.683,0.682749999,0.683250001,0.000000405,0.000000443,patch_1376,327.73721,327.893256,461.176571286,461.176507
1367,0.6835,0.683250001,0.68375,0.000000354,0.000000388,patch_1377,327.893256,328.049301,461.176571286,461.176515
1368,0.684,0.68375,0.684250001,0.000000266,0.000000292,patch_1378,328.049301,328.205347,461.176571286,461.176529
1369,0.6845,0.684250001,0.68475,0.000000153,0.000000167,patch_1379,328.205347,328.361392,461.176571286,461.176547
1370,0.685,0.68475,0.685250002,0.000000052,0.000000057,patch_1380,328.361392,328.517438,461.176571286,461.176563
1371,0.6855,0.685250002,0.68575,-0.00000003,-0.000000032,patch_1381,328.517438,328.673483,461.176571286,461.176576
1372,0.686,0.68575,0.686249999,-0.00000008,-0.000000088,patch_1382,328.673483,328.829528,461.176571286,461.176584
1373,0.6865,0.686249999,0.686750001,-0.000000105,-0.000000115,patch_1383,328.829528,328.985574,461.176571286,461.176588
1374,0.687,0.686750001,0.687249999,-0.000000112,-0.000000122,patch_1384,328.985574,329.141619,461.176571286,461.176589
1375,0.6875,0.687249999,0.687750001,-0.000000093,-0.000000101,patch_1385,329.141619,329.297665,461.176571286,461.176586
1376,0.688,0.687750001,0.688249999,-0.000000074,-0.000000081,patch_1386,329.297665,329.45371,461.176571286,461.176583
1377,0.6885,0.688249999,0.688750001,-0.000000042,-0.000000046,patch_1387,329.45371,329.609756,461.176571286,461.176578
1378,0.689,0.688750001,0.68925,-0.000000017,-0.000000019,patch_1388,329.609756,329.765801,461.176571286,461.176574
1379,0.6895,0.68925,0.689750001,0.000000008,0.000000009,patch_1389,329.765801,329.921847,461.176571286,461.17657
1380,0.69,0.689750001,0.69025,0.000000021,0.000000023,patch_1390,329.921847,330.077892,461.176571286,461.176568
1381,0.6905,0.69025,0.690750002,0.000000027,0.00000003,patch_1391,330.077892,330.233938,461.176571286,461.176567
1382,0.691,0.690750002,0.69125,0.000000027,0.00000003,patch_1392,330.233938,330.389983,461.176571286,461.176567
1383,0.6915,0.69125,0.691749999,0.000000027,0.00000003,patch_1393,330.389983,330.546028,461.176571286,461.176567
1384,0.692,0.691749999,0.692250001,0.000000021,0.000000023,patch_1394,330.546028,330.702074,461.176571286,461.176568
1385,0.6925,0.692250001,0.692749999,0.000000014,0.000000016,patch_1395,330.702074,330.858119,461.176571286,461.176569
1386,0.693,0.692749999,0.693250001,0.000000002,0.000000002,patch_1396,330.858119,331.014165,461.176571286,461.176571
1387,0.6935,0.693250001,0.693749999,-0.000000004,-0.000000005,patch_1397,331.014165,331.17021,461.176571286,461.176572
1388,0.694,0.693749999,0.694250001,-0.000000004,-0.000000005,patch_1398,331.17021,331.326256,461.176571286,461.176572
1389,0.6945,0.694250001,0.69475,-0.000000011,-0.000000012,patch_1399,331.326256,331.482301,461.176571286,461.176573
1390,0.695,0.69475,0.695250001,-0.000000011,-0.000000012,patch_1400,331.482301,331.638347,461.176571286,461.176573
1391,0.6955,0.695250001,0.69575,-0.000000004,-0.000000005,patch_1401,331.638347,331.794392,461.176571286,461.176572
1392,0.696,0.69575,0.696250002,-0.000000004,-0.000000005,patch_1402,331.794392,331.950438,461.176571286,461.176572
1393,0.6965,0.696250002,0.69675,-0.000000004,-0.000000005,patch_1403,331.950438,332.106483,461.176571286,461.176572
1394,0.697,0.69675,0.697249999,0.000000002,0.000000002,patch_1404,332.106483,332.262528,461.176571286,461.176571
1395,0.6975,0.697249999,0.697750001,0.000000002,0.000000002,patch_1405,332.262528,332.418574,461.176571286,461.176571
1396,0.698,0.697750001,0.698249999,0.000000002,0.000000002,patch_1406,332.418574,332.574619,461.176571286,461.176571
1397,0.6985,0.698249999,0.698750001,0.000000002,0.000000002,patch_1407,332.574619,332.730665,461.176571286,461.176571
1398,0.699,0.698750001,0.699249999,0.000000002,0.000000002,patch_1408,332.730665,332.88671,461.176571286,461.176571
1399,0.6995,0.699249999,0.699750001,0.000000002,0.000000002,patch_1409,332.88671,333.042756,461.176571286,461.176571
1400,0.7,0.699750001,0.70025,0.000000002,0.000000002,patch_1410,333.042756,333.198801,461.176571286,461.176571
1401,0.7005,0.70025,0.700750001,0.000000002,0.000000002,patch_1411,333.198801,333.354847,461.176571286,461.176571
1402,0.701,0.700750001,0.70125,0.000000002,0.000000002,patch_1412,333.354847,333.510892,461.176571286,461.176571
1403,0.7015,0.70125,0.701750002,0.000000002,0.000000002,patch_1413,333.510892,333.666938,461.176571286,461.176571
1404,0.702,0.701750002,0.70225,0.000000002,0.000000002,patch_1414,333.666938,333.822983,461.176571286,461.176571
1405,0.7025,0.70225,0.702749999,0.000000002,0.000000002,patch_1415,333.822983,333.979028,461.176571286,461.176571
1406,0.703,0.702749999,0.703250001,0.000000002,0.000000002,patch_1416,333.979028,334.135074,461.176571286,461.176571
1407,0.7035,0.703250001,0.703749999,0.000000002,0.000000002,patch_1417,334.135074,334.291119,461.176571286,461.176571
1408,0.704,0.703749999,0.704250001,0.000000002,0.000000002,patch_1418,334.291119,334.447165,461.176571286,461.176571
1409,0.7045,0.704250001,0.704749999,0.000000002,0.000000002,patch_1419,334.447165,334.60321,461.176571286,461.176571
1410,0.705,0.704749999,0.705250001,0.000000002,0.000000002,patch_1420,334.60321,334.759256,461.176571286,461.176571
1411,0.7055,0.705250001,0.70575,0.000000002,0.000000002,patch_1421,334.759256,334.915301,461.176571286,461.176571
1412,0.706,0.70575,0.706250001,0.000000002,0.000000002,patch_1422,334.915301,335.071347,461.176571286,461.176571
1413,0.7065,0.706250001,0.70675,0.000000002,0.000000002,patch_1423,335.071347,335.227392,461.176571286,461.176571
1414,0.707,0.70675,0.707250002,0.000000002,0.000000002,patch_1424,335.227392,335.383438,461.176571286,461.176571
1415,0.7075,0.707250002,0.70775,0.000000002,0.000000002,patch_1425,335.383438,335.539483,461.176571286,461.176571
1416,0.708,0.70775,0.708249999,0.000000002,0.000000002,patch_1426,335.539483,335.695528,461.176571286,461.176571
1417,0.7085,0.708249999,0.708750001,0.000000002,0.000000002,patch_1427,335.695528,335.851574,461.176571286,461.176571
1418,0.709,0.708750001,0.709249999,0.000000002,0.000000002,patch_1428,335.851574,336.007619,461.176571286,461.176571
1419,0.7095,0.709249999,0.709750001,0.000000002,0.000000002,patch_1429,336.007619,336.163665,461.176571286,461.176571
1420,0.71,0.709750001,0.710249999,0.000000002,0.000000002,patch_1430,336.163665,336.31971,461.176571286,461.176571
1421,0.7105,0.710249999,0.710750001,0.000000002,0.000000002,patch_1431,336.31971,336.475756,461.176571286,461.176571
1422,0.711,0.710750001,0.71125,0.000000002,0.000000002,patch_1432,336.475756,336.631801,461.176571286,461.176571
1423,0.7115,0.71125,0.711750001,0.000000002,0.000000002,patch_1433,336.631801,336.787847,461.176571286,461.176571
1424,0.712,0.711750001,0.71225,0.000000002,0.000000002,patch_1434,336.787847,336.943892,461.176571286,461.176571
1425,0.7125,0.71225,0.712750002,0.000000002,0.000000002,patch_1435,336.943892,337.099938,461.176571286,461.176571
1426,0.713,0.712750002,0.71325,0.000000002,0.000000002,patch_1436,337.099938,337.255983,461.176571286,461.176571
1427,0.7135,0.71325,0.713749999,0.000000002,0.000000002,patch_1437,337.255983,337.412028,461.176571286,461.176571
1428,0.714,0.713749999,0.714250001,0.000000002,0.000000002,patch_1438,337.412028,337.568074,461.176571286,461.176571
1429,0.7145,0.714250001,0.714749999,0.000000002,0.000000002,patch_1439,337.568074,337.724119,461.176571286,461.176571
1430,0.715,0.714749999,0.715250001,0.000000002,0.000000002,patch_1440,337.724119,337.880165,461.176571286,461.176571
1431,0.7155,0.715250001,0.715749999,0.000000002,0.000000002,patch_1441,337.880165,338.03621,461.176571286,461.176571
1432,0.716,0.715749999,0.716250001,0.000000002,0.000000002,patch_1442,338.03621,338.192256,461.176571286,461.176571
1433,0.7165,0.716250001,0.71675,0.000000002,0.000000002,patch_1443,338.192256,338.348301,461.176571286,461.176571
1434,0.717,0.71675,0.717250001,0.000000002,0.000000002,patch_1444,338.348301,338.504347,461.176571286,461.176571
1435,0.7175,0.717250001,0.71775,0.000000002,0.000000002,patch_1445,338.504347,338.660392,461.176571286,461.176571
1436,0.718,0.71775,0.718250002,0.000000002,0.000000002,patch_1446,338.660392,338.816438,461.176571286,461.176571
1437,0.7185,0.718250002,0.71875,0.000000002,0.000000002,patch_1447,338.816438,338.972483,461.176571286,461.176571
1438,0.719,0.71875,0.719249999,0.000000002,0.000000002,patch_1448,338.972483,339.128528,461.176571286,461.176571
1439,0.7195,0.719249999,0.719750001,0.000000002,0.000000002,patch_1449,339.128528,339.284574,461.176571286,461.176571
1440,0.72,0.719750001,0.720249999,0.000000002,0.000000002,patch_1450,339.284574,339.440619,461.176571286,461.176571
1441,0.7205,0.720249999,0.720750001,0.000000002,0.000000002,patch_1451,339.440619,339.596665,461.176571286,461.176571
1442,0.721,0.720750001,0.721249999,0.000000002,0.000000002,patch_1452,339.596665,339.75271,461.176571286,461.176571
1443,0.7215,0.721249999,0.721750001,0.000000002,0.000000002,patch_1453,339.75271,339.908756,461.176571286,461.176571
1444,0.722,0.721750001,0.72225,0.000000002,0.000000002,patch_1454,339.908756,340.064801,461.176571286,461.176571
1445,0.7225,0.72225,0.722750001,0.000000002,0.000000002,patch_1455,340.064801,340.220847,461.176571286,461.176571
1446,0.723,0.722750001,0.72325,0.000000002,0.000000002,patch_1456,340.220847,340.376892,461.176571286,461.176571
1447,0.7235,0.72325,0.723750002,0.000000002,0.000000002,patch_1457,340.376892,340.532938,461.176571286,461.176571
1448,0.724,0.723750002,0.72425,0.000000002,0.000000002,patch_1458,340.532938,340.688983,461.176571286,461.176571
1449,0.7245,0.72425,0.724749999,0.000000002,0.000000002,patch_1459,340.688983,340.845028,461.176571286,461.176571
1450,0.725,0.724749999,0.725250001,0.000000002,0.000000002,patch_1460,340.845028,341.001074,461.176571286,461.176571
1451,0.7255,0.725250001,0.725749999,0.000000002,0.000000002,patch_1461,341.001074,341.157119,461.176571286,461.176571
1452,0.726,0.725749999,0.726250001,0.000000002,0.000000002,patch_1462,341.157119,341.313165,461.176571286,461.176571
1453,0.7265,0.726250001,0.726749999,0.000000002,0.000000002,patch_1463,341.313165,341.46921,461.176571286,461.176571
1454,0.727,0.726749999,0.727250001,0.000000002,0.000000002,patch_1464,341.46921,341.625256,461.176571286,461.176571
1455,0.7275,0.727250001,0.72775,0.000000002,0.000000002,patch_1465,341.625256,341.781301,461.176571286,461.176571
1456,0.728,0.72775,0.728250001,0.000000002,0.000000002,patch_1466,341.781301,341.937347,461.176571286,461.176571
1457,0.7285,0.728250001,0.72875,0.000000002,0.000000002,patch_1467,341.937347,342.093392,461.176571286,461.176571
1458,0.729,0.72875,0.729250002,0.000000002,0.000000002,patch_1468,342.093392,342.249438,461.176571286,461.176571
1459,0.7295,0.729250002,0.72975,0.000000002,0.000000002,patch_1469,342.249438,342.405483,461.176571286,461.176571
1460,0.73,0.72975,0.730249999,0.000000002,0.000000002,patch_1470,342.405483,342.561528,461.176571286,461.176571
1461,0.7305,0.730249999,0.730750001,0.000000002,0.000000002,patch_1471,342.561528,342.717574,461.176571286,461.176571
1462,0.731,0.730750001,0.731249999,0.000000002,0.000000002,patch_1472,342.717574,342.873619,461.176571286,461.176571
1463,0.7315,0.731249999,0.731750001,0.000000002,0.000000002,patch_1473,342.873619,343.029665,461.176571286,461.176571
1464,0.732,0.731750001,0.732249999,0.000000002,0.000000002,patch_1474,343.029665,343.18571,461.176571286,461.176571
1465,0.7325,0.732249999,0.732750001,0.000000002,0.000000002,patch_1475,343.18571,343.341756,461.176571286,461.176571
1466,0.733,0.732750001,0.73325,0.000000002,0.000000002,patch_1476,343.341756,343.497801,461.176571286,461.176571
1467,0.7335,0.73325,0.733750001,0.000000002,0.000000002,patch_1477,343.497801,343.653847,461.176571286,461.176571
1468,0.734,0.733750001,0.73425,0.000000002,0.000000002,patch_1478,343.653847,343.809892,461.176571286,461.176571
1469,0.7345,0.73425,0.734750002,0.000000002,0.000000002,patch_1479,343.809892,343.965938,461.176571286,461.176571
1470,0.735,0.734750002,0.73525,0.000000002,0.000000002,patch_1480,343.965938,344.121983,461.176571286,461.176571
1471,0.7355,0.73525,0.735749999,0.000000002,0.000000002,patch_1481,344.121983,344.278028,461.176571286,461.176571
1472,0.736,0.735749999,0.736250001,0.000000002,0.000000002,patch_1482,344.278028,344.434074,461.176571286,461.176571
1473,0.7365,0.736250001,0.736749999,0.000000002,0.000000002,patch_1483,344.434074,344.590119,461.176571286,461.176571
1474,0.737,0.736749999,0.737250001,0.000000002,0.000000002,patch_1484,344.590119,344.746165,461.176571286,461.176571
1475,0.7375,0.737250001,0.737749999,0.000000002,0.000000002,patch_1485,344.746165,344.90221,461.176571286,461.176571
1476,0.738,0.737749999,0.738250001,0.000000002,0.000000002,patch_1486,344.90221,345.058256,461.176571286,461.176571
1477,0.7385,0.738250001,0.73875,0.000000002,0.000000002,patch_1487,345.058256,345.214301,461.176571286,461.176571
1478,0.739,0.73875,0.739250001,0.000000002,0.000000002,patch_1488,345.214301,345.370347,461.176571286,461.176571
1479,0.7395,0.739250001,0.73975,0.000000002,0.000000002,patch_1489,345.370347,345.526392,461.176571286,461.176571
1480,0.74,0.73975,0.740250002,0.000000002,0.000000002,patch_1490,345.526392,345.682438,461.176571286,461.176571
1481,0.7405,0.740250002,0.74075,0.000000002,0.000000002,patch_1491,345.682438,345.838483,461.176571286,461.176571
1482,0.741,0.74075,0.741249999,0.000000002,0.000000002,patch_1492,345.838483,345.994528,461.176571286,461.176571
1483,0.7415,0.741249999,0.741750001,0.000000002,0.000000002,patch_1493,345.994528,346.150574,461.176571286,461.176571
1484,0.742,0.741750001,0.742249999,0.000000002,0.000000002,patch_1494,346.150574,346.306619,461.176571286,461.176571
1485,0.7425,0.742249999,0.742750001,0.000000002,0.000000002,patch_1495,346.306619,346.462665,461.176571286,461.176571
1486,0.743,0.742750001,0.743249999,0.000000002,0.000000002,patch_1496,346.462665,346.61871,461.176571286,461.176571
1487,0.7435,0.743249999,0.743750001,0.000000002,0.000000002,patch_1497,346.61871,346.774756,461.176571286,461.176571
1488,0.744,0.743750001,0.74425,0.000000002,0.000000002,patch_1498,346.774756,346.930801,461.176571286,461.176571
1489,0.7445,0.74425,0.744750001,0.000000002,0.000000002,patch_1499,346.930801,347.086847,461.176571286,461.176571
1490,0.745,0.744750001,0.74525,0.000000002,0.000000002,patch_1500,347.086847,347.242892,461.176571286,461.176571
1491,0.7455,0.74525,0.745750002,0.000000002,0.000000002,patch_1501,347.242892,347.398938,461.176571286,461.176571
1492,0.746,0.745750002,0.74625,0.000000002,0.000000002,patch_1502,347.398938,347.554983,461.176571286,461.176571
1493,0.7465,0.74625,0.746749999,0.000000002,0.000000002,patch_1503,347.554983,347.711028,461.176571286,461.176571
1494,0.747,0.746749999,0.747250001,0.000000002,0.000000002,patch_1504,347.711028,347.867074,461.176571286,461.176571
1495,0.7475,0.747250001,0.747749999,0.000000002,0.000000002,patch_1505,347.867074,348.023119,461.176571286,461.176571
1496,0.748,0.747749999,0.748250001,0.000000002,0.000000002,patch_1506,348.023119,348.179165,461.176571286,461.176571
1497,0.7485,0.748250001,0.748749999,0.000000002,0.000000002,patch_1507,348.179165,348.33521,461.176571286,461.176571
1498,0.749,0.748749999,0.749250001,0.000000002,0.000000002,patch_1508,348.33521,348.491256,461.176571286,461.176571
1499,0.7495,0.749250001,0.74975,0.000000002,0.000000002,patch_1509,348.491256,348.647301,461.176571286,461.176571
1500,0.75,0.74975,0.750250001,0.000000002,0.000000002,patch_1510,348.647301,348.803347,461.176571286,461.176571
1501,0.7505,0.750250001,0.75075,0.000000002,0.000000002,patch_1511,348.803347,348.959392,461.176571286,461.176571
1502,0.751,0.75075,0.751250002,0.000000002,0.000000002,patch_1512,348.959392,349.115438,461.176571286,461.176571
1503,0.7515,0.751250002,0.75175,0.000000002,0.000000002,patch_1513,349.115438,349.271483,461.176571286,461.176571
1504,0.752,0.75175,0.752249999,0.000000002,0.000000002,patch_1514,349.271483,349.427528,461.176571286,461.176571
1505,0.7525,0.752249999,0.752750001,0.000000002,0.000000002,patch_1515,349.427528,349.583574,461.176571286,461.176571
1506,0.753,0.752750001,0.753249999,0.000000002,0.000000002,patch_1516,349.583574,349.739619,461.176571286,461.176571
1507,0.7535,0.753249999,0.753750001,0.000000002,0.000000002,patch_1517,349.739619,349.895665,461.176571286,461.176571
1508,0.754,0.753750001,0.754249999,0.000000002,0.000000002,patch_1518,349.895665,350.05171,461.176571286,461.176571
1509,0.7545,0.754249999,0.754750001,0.000000002,0.000000002,patch_1519,350.05171,350.207756,461.176571286,461.176571
1510,0.755,0.754750001,0.75525,0.000000002,0.000000002,patch_1520,350.207756,350.363801,461.176571286,461.176571
1511,0.7555,0.75525,0.755750001,0.000000002,0.000000002,patch_1521,350.363801,350.519847,461.176571286,461.176571
1512,0.756,0.755750001,0.75625,0.000000002,0.000000002,patch_1522,350.519847,350.675892,461.176571286,461.176571
1513,0.7565,0.75625,0.756750002,0.000000002,0.000000002,patch_1523,350.675892,350.831938,461.176571286,461.176571
1514,0.757,0.756750002,0.75725,0.000000002,0.000000002,patch_1524,350.831938,350.987983,461.176571286,461.176571
1515,0.7575,0.75725,0.757749999,0.000000002,0.000000002,patch_1525,350.987983,351.144028,461.176571286,461.176571
1516,0.758,0.757749999,0.758250001,0.000000002,0.000000002,patch_1526,351.144028,351.300074,461.176571286,461.176571
1517,0.7585,0.758250001,0.758749999,0.000000002,0.000000002,patch_1527,351.300074,351.456119,461.176571286,461.176571
1518,0.759,0.758749999,0.759250001,0.000000002,0.000000002,patch_1528,351.456119,351.612165,461.176571286,461.176571
1519,0.7595,0.759250001,0.759749999,0.000000002,0.000000002,patch_1529,351.612165,351.76821,461.176571286,461.176571
1520,0.76,0.759749999,0.760250001,0.000000002,0.000000002,patch_1530,351.76821,351.924256,461.176571286,461.176571
1521,0.7605,0.760250001,0.76075,0.000000002,0.000000002,patch_1531,351.924256,352.080301,461.176571286,461.176571
1522,0.761,0.76075,0.761250001,0.000000002,0.000000002,patch_1532,352.080301,352.236347,461.176571286,461.176571
1523,0.7615,0.761250001,0.76175,0.000000002,0.000000002,patch_1533,352.236347,352.392392,461.176571286,461.176571
1524,0.762,0.76175,0.762250002,0.000000002,0.000000002,patch_1534,352.392392,352.548438,461.176571286,461.176571
1525,0.7625,0.762250002,0.76275,0.000000002,0.000000002,patch_1535,352.548438,352.704483,461.176571286,461.176571
1526,0.763,0.76275,0.763249999,0.000000002,0.000000002,patch_1536,352.704483,352.860528,461.176571286,461.176571
1527,0.7635,0.763249999,0.763750001,0.000000002,0.000000002,patch_1537,352.860528,353.016574,461.176571286,461.176571
1528,0.764,0.763750001,0.764249999,0.000000002,0.000000002,patch_1538,353.016574,353.172619,461.176571286,461.176571
1529,0.7645,0.764249999,0.764750001,0.000000002,0.000000002,patch_1539,353.172619,353.328665,461.176571286,461.176571
1530,0.765,0.764750001,0.765249999,0.000000002,0.000000002,patch_1540,353.328665,353.48471,461.176571286,461.176571
1531,0.7655,0.765249999,0.765750001,0.000000002,0.000000002,patch_1541,353.48471,353.640756,461.176571286,461.176571
1532,0.766,0.765750001,0.76625,0.000000002,0.000000002,patch_1542,353.640756,353.796801,461.176571286,461.176571
1533,0.7665,0.76625,0.766750001,0.000000002,0.000000002,patch_1543,353.796801,353.952847,461.176571286,461.176571
1534,0.767,0.766750001,0.76725,0.000000002,0.000000002,patch_1544,353.952847,354.108892,461.176571286,461.176571
1535,0.7675,0.76725,0.767750002,0.000000002,0.000000002,patch_1545,354.108892,354.264938,461.176571286,461.176571
1536,0.768,0.767750002,0.76825,0.000000002,0.000000002,patch_1546,354.264938,354.420983,461.176571286,461.176571
1537,0.7685,0.76825,0.768749999,0.000000002,0.000000002,patch_1547,354.420983,354.577028,461.176571286,461.176571
1538,0.769,0.768749999,0.769250001,0.000000002,0.000000002,patch_1548,354.577028,354.733074,461.176571286,461.176571
1539,0.7695,0.769250001,0.769749999,0.000000002,0.000000002,patch_1549,354.733074,354.889119,461.176571286,461.176571
1540,0.77,0.769749999,0.770250001,0.000000002,0.000000002,patch_1550,354.889119,355.045165,461.176571286,461.176571
1541,0.7705,0.770250001,0.770749999,0.000000002,0.000000002,patch_1551,355.045165,355.20121,461.176571286,461.176571
1542,0.771,0.770749999,0.771250001,0.000000002,0.000000002,patch_1552,355.20121,355.357256,461.176571286,461.176571
1543,0.7715,0.771250001,0.77175,0.000000002,0.000000002,patch_1553,355.357256,355.513301,461.176571286,461.176571
1544,0.772,0.77175,0.772250001,0.000000002,0.000000002,patch_1554,355.513301,355.669347,461.176571286,461.176571
1545,0.7725,0.772250001,0.77275,0.000000002,0.000000002,patch_1555,355.669347,355.825392,461.176571286,461.176571
1546,0.773,0.77275,0.773250002,0.000000002,0.000000002,patch_1556,355.825392,355.981438,461.176571286,461.176571
1547,0.7735,0.773250002,0.77375,0.000000002,0.000000002,patch_1557,355.981438,356.137483,461.176571286,461.176571
1548,0.774,0.77375,0.774249999,0.000000002,0.000000002,patch_1558,356.137483,356.293528,461.176571286,461.176571
1549,0.7745,0.774249999,0.774750001,0.000000002,0.000000002,patch_1559,356.293528,356.449574,461.176571286,461.176571
1550,0.775,0.774750001,0.775249999,0.000000002,0.000000002,patch_1560,356.449574,356.605619,461.176571286,461.176571
1551,0.7755,0.775249999,0.775750001,0.000000002,0.000000002,patch_1561,356.605619,356.761665,461.176571286,461.176571
1552,0.776,0.775750001,0.776249999,0.000000002,0.000000002,patch_1562,356.761665,356.91771,461.176571286,461.176571
1553,0.7765,0.776249999,0.776750001,0.000000002,0.000000002,patch_1563,356.91771,357.073756,461.176571286,461.176571
1554,0.777,0.776750001,0.77725,0.000000002,0.000000002,patch_1564,357.073756,357.229801,461.176571286,461.176571
1555,0.7775,0.77725,0.777750001,0.000000002,0.000000002,patch_1565,357.229801,357.385847,461.176571286,461.176571
1556,0.778,0.777750001,0.77825,0.000000002,0.000000002,patch_1566,357.385847,357.541892,461.176571286,461.176571
1557,0.7785,0.77825,0.778750002,0.000000002,0.000000002,patch_1567,357.541892,357.697938,461.176571286,461.176571
1558,0.779,0.778750002,0.77925,0.000000002,0.000000002,patch_1568,357.697938,357.853983,461.176571286,461.176571
1559,0.7795,0.77925,0.779749999,0.000000002,0.000000002,patch_1569,357.853983,358.010028,461.176571286,461.176571
1560,0.78,0.779749999,0.780250001,0.000000002,0.000000002,patch_1570,358.010028,358.166074,461.176571286,461.176571
1561,0.7805,0.780250001,0.780749999,0.000000002,0.000000002,patch_1571,358.166074,358.322119,461.176571286,461.176571
1562,0.781,0.780749999,0.781250001,0.000000002,0.000000002,patch_1572,358.322119,358.478165,461.176571286,461.176571
1563,0.7815,0.781250001,0.781749999,0.000000002,0.000000002,patch_1573,358.478165,358.63421,461.176571286,461.176571
1564,0.782,0.781749999,0.782250001,0.000000002,0.000000002,patch_1574,358.63421,358.790256,461.176571286,461.176571
1565,0.7825,0.782250001,0.78275,0.000000002,0.000000002,patch_1575,358.790256,358.946301,461.176571286,461.176571
1566,0.783,0.78275,0.783250001,0.000000002,0.000000002,patch_1576,358.946301,359.102347,461.176571286,461.176571
1567,0.7835,0.783250001,0.78375,0.000000002,0.000000002,patch_1577,359.102347,359.258392,461.176571286,461.176571
1568,0.784,0.78375,0.784250002,0.000000002,0.000000002,patch_1578,359.258392,359.414438,461.176571286,461.176571
1569,0.7845,0.784250002,0.78475,0.000000002,0.000000002,patch_1579,359.414438,359.570483,461.176571286,461.176571
1570,0.785,0.78475,0.785249999,0.000000002,0.000000002,patch_1580,359.570483,359.726528,461.176571286,461.176571
1571,0.7855,0.785249999,0.785750001,0.000000002,0.000000002,patch_1581,359.726528,359.882574,461.176571286,461.176571
1572,0.786,0.785750001,0.786249999,0.000000002,0.000000002,patch_1582,359.882574,360.038619,461.176571286,461.176571
1573,0.7865,0.786249999,0.786750001,0.000000002,0.000000002,patch_1583,360.038619,360.194665,461.176571286,461.176571
1574,0.787,0.786750001,0.787249999,0.000000002,0.000000002,patch_1584,360.194665,360.35071,461.176571286,461.176571
1575,0.7875,0.787249999,0.787750001,0.000000002,0.000000002,patch_1585,360.35071,360.506756,461.176571286,461.176571
1576,0.788,0.787750001,0.78825,0.000000002,0.000000002,patch_1586,360.506756,360.662801,461.176571286,461.176571
1577,0.7885,0.78825,0.788750001,0.000000002,0.000000002,patch_1587,360.662801,360.818847,461.176571286,461.176571
1578,0.789,0.788750001,0.78925,0.000000002,0.000000002,patch_1588,360.818847,360.974892,461.176571286,461.176571
1579,0.7895,0.78925,0.789750002,0.000000002,0.000000002,patch_1589,360.974892,361.130938,461.176571286,461.176571
1580,0.79,0.789750002,0.79025,0.000000002,0.000000002,patch_1590,361.130938,361.286983,461.176571286,461.176571
1581,0.7905,0.79025,0.790749999,0.000000002,0.000000002,patch_1591,361.286983,361.443028,461.176571286,461.176571
1582,0.791,0.790749999,0.791250001,0.000000002,0.000000002,patch_1592,361.443028,361.599074,461.176571286,461.176571
1583,0.7915,0.791250001,0.791749999,0.000000002,0.000000002,patch_1593,361.599074,361.755119,461.176571286,461.176571
1584,0.792,0.791749999,0.792250001,0.000000002,0.000000002,patch_1594,361.755119,361.911165,461.176571286,461.176571
1585,0.7925,0.792250001,0.792749999,0.000000002,0.000000002,patch_1595,361.911165,362.06721,461.176571286,461.176571
1586,0.793,0.792749999,0.793250001,0.000000002,0.000000002,patch_1596,362.06721,362.223256,461.176571286,461.176571
1587,0.7935,0.793250001,0.79375,0.000000002,0.000000002,patch_1597,362.223256,362.379301,461.176571286,461.176571
1588,0.794,0.79375,0.794250001,0.000000002,0.000000002,patch_1598,362.379301,362.535347,461.176571286,461.176571
1589,0.7945,0.794250001,0.79475,0.000000002,0.000000002,patch_1599,362.535347,362.691392,461.176571286,461.176571
1590,0.795,0.79475,0.795250002,0.000000002,0.000000002,patch_1600,362.691392,362.847438,461.176571286,461.176571
1591,0.7955,0.795250002,0.79575,0.000000002,0.000000002,patch_1601,362.847438,363.003483,461.176571286,461.176571
1592,0.796,0.79575,0.796249999,0.000000002,0.000000002,patch_1602,363.003483,363.159528,461.176571286,461.176571
1593,0.7965,0.796249999,0.796750001,0.000000002,0.000000002,patch_1603,363.159528,363.315574,461.176571286,461.176571
1594,0.797,0.796750001,0.797249999,0.000000002,0.000000002,patch_1604,363.315574,363.471619,461.176571286,461.176571
1595,0.7975,0.797249999,0.797750001,0.000000002,0.000000002,patch_1605,363.471619,363.627665,461.176571286,461.176571
1596,0.798,0.797750001,0.798249999,0.000000002,0.000000002,patch_1606,363.627665,363.78371,461.176571286,461.176571
1597,0.7985,0.798249999,0.798750001,0.000000002,0.000000002,patch_1607,363.78371,363.939756,461.176571286,461.176571
1598,0.799,0.798750001,0.79925,0.000000002,0.000000002,patch_1608,363.939756,364.095801,461.176571286,461.176571
1599,0.7995,0.79925,0.799750001,0.000000002,0.000000002,patch_1609,364.095801,364.251847,461.176571286,461.176571
1600,0.8,0.799750001,0.80025,0.000000002,0.000000002,patch_1610,364.251847,364.407892,461.176571286,461.176571
1601,0.8005,0.80025,0.800750002,0.000000002,0.000000002,patch_1611,364.407892,364.563938,461.176571286,461.176571
1602,0.801,0.800750002,0.80125,0.000000002,0.000000002,patch_1612,364.563938,364.719983,461.176571286,461.176571
1603,0.8015,0.80125,0.801749999,0.000000002,0.000000002,patch_1613,364.719983,364.876028,461.176571286,461.176571
1604,0.802,0.801749999,0.802250001,0.000000002,0.000000002,patch_1614,364.876028,365.032074,461.176571286,461.176571
1605,0.8025,0.802250001,0.802749999,0.000000002,0.000000002,patch_1615,365.032074,365.188119,461.176571286,461.176571
1606,0.803,0.802749999,0.803250001,0.000000002,0.000000002,patch_1616,365.188119,365.344165,461.176571286,461.176571
1607,0.8035,0.803250001,0.803749999,0.000000002,0.000000002,patch_1617,365.344165,365.50021,461.176571286,461.176571
1608,0.804,0.803749999,0.804250001,0.000000002,0.000000002,patch_1618,365.50021,365.656256,461.176571286,461.176571
1609,0.8045,0.804250001,0.80475,0.000000002,0.000000002,patch_1619,365.656256,365.812301,461.176571286,461.176571
1610,0.805,0.80475,0.805250001,0.000000002,0.000000002,patch_1620,365.812301,365.968347,461.176571286,461.176571
1611,0.8055,0.805250001,0.80575,0.000000002,0.000000002,patch_1621,365.968347,366.124392,461.176571286,461.176571
1612,0.806,0.80575,0.806250002,0.000000002,0.000000002,patch_1622,366.124392,366.280438,461.176571286,461.176571
1613,0.8065,0.806250002,0.80675,0.000000002,0.000000002,patch_1623,366.280438,366.436483,461.176571286,461.176571
1614,0.807,0.80675,0.807249999,0.000000002,0.000000002,patch_1624,366.436483,366.592528,461.176571286,461.176571
1615,0.8075,0.807249999,0.807750001,0.000000002,0.000000002,patch_1625,366.592528,366.748574,461.176571286,461.176571
1616,0.808,0.807750001,0.808249999,0.000000002,0.000000002,patch_1626,366.748574,366.904619,461.176571286,461.176571
1617,0.8085,0.808249999,0.808750001,0.000000002,0.000000002,patch_1627,366.904619,367.060665,461.176571286,461.176571
1618,0.809,0.808750001,0.809249999,0.000000002,0.000000002,patch_1628,367.060665,367.21671,461.176571286,461.176571
1619,0.8095,0.809249999,0.809750001,0.000000002,0.000000002,patch_1629,367.21671,367.372756,461.176571286,461.176571
1620,0.81,0.809750001,0.81025,0.000000002,0.000000002,patch_1630,367.372756,367.528801,461.176571286,461.176571
1621,0.8105,0.81025,0.810750001,0.000000002,0.000000002,patch_1631,367.528801,367.684847,461.176571286,461.176571
1622,0.811,0.810750001,0.81125,0.000000002,0.000000002,patch_1632,367.684847,367.840892,461.176571286,461.176571
1623,0.8115,0.81125,0.811750002,0.000000002,0.000000002,patch_1633,367.840892,367.996938,461.176571286,461.176571
1624,0.812,0.811750002,0.81225,0.000000002,0.000000002,patch_1634,367.996938,368.152983,461.176571286,461.176571
1625,0.8125,0.81225,0.812749999,0.000000002,0.000000002,patch_1635,368.152983,368.309028,461.176571286,461.176571
1626,0.813,0.812749999,0.813250001,0.000000002,0.000000002,patch_1636,368.309028,368.465074,461.176571286,461.176571
1627,0.8135,0.813250001,0.813749999,0.000000002,0.000000002,patch_1637,368.465074,368.621119,461.176571286,461.176571
1628,0.814,0.813749999,0.814250001,0.000000002,0.000000002,patch_1638,368.621119,368.777165,461.176571286,461.176571
1629,0.8145,0.814250001,0.814749999,0.000000002,0.000000002,patch_1639,368.777165,368.93321,461.176571286,461.176571
1630,0.815,0.814749999,0.815250001,0.000000002,0.000000002,patch_1640,368.93321,369.089256,461.176571286,461.176571
1631,0.8155,0.815250001,0.81575,0.000000002,0.000000002,patch_1641,369.089256,369.245301,461.176571286,461.176571
1632,0.816,0.81575,0.816250001,0.000000002,0.000000002,patch_1642,369.245301,369.401347,461.176571286,461.176571
1633,0.8165,0.816250001,0.81675,0.000000002,0.000000002,patch_1643,369.401347,369.557392,461.176571286,461.176571
1634,0.817,0.81675,0.817250002,0.000000002,0.000000002,patch_1644,369.557392,369.713438,461.176571286,461.176571
1635,0.8175,0.817250002,0.81775,0.000000002,0.000000002,patch_1645,369.713438,369.869483,461.176571286,461.176571
1636,0.818,0.81775,0.818249999,0.000000002,0.000000002,patch_1646,369.869483,370.025528,461.176571286,461.176571
1637,0.8185,0.818249999,0.818750001,0.000000002,0.000000002,patch_1647,370.025528,370.181574,461.176571286,461.176571
1638,0.819,0.818750001,0.819249999,0.000000002,0.000000002,patch_1648,370.181574,370.337619,461.176571286,461.176571
1639,0.8195,0.819249999,0.819750001,0.000000002,0.000000002,patch_1649,370.337619,370.493665,461.176571286,461.176571
1640,0.82,0.819750001,0.820249999,0.000000002,0.000000002,patch_1650,370.493665,370.64971,461.176571286,461.176571
1641,0.8205,0.820249999,0.820750001,0.000000002,0.000000002,patch_1651,370.64971,370.805756,461.176571286,461.176571
1642,0.821,0.820750001,0.82125,0.000000002,0.000000002,patch_1652,370.805756,370.961801,461.176571286,461.176571
1643,0.8215,0.82125,0.821750001,0.000000002,0.000000002,patch_1653,370.961801,371.117847,461.176571286,461.176571
1644,0.822,0.821750001,0.82225,0.000000002,0.000000002,patch_1654,371.117847,371.273892,461.176571286,461.176571
1645,0.8225,0.82225,0.822750002,0.000000002,0.000000002,patch_1655,371.273892,371.429938,461.176571286,461.176571
1646,0.823,0.822750002,0.82325,0.000000002,0.000000002,patch_1656,371.429938,371.585983,461.176571286,461.176571
1647,0.8235,0.82325,0.823749999,0.000000002,0.000000002,patch_1657,371.585983,371.742028,461.176571286,461.176571
1648,0.824,0.823749999,0.824250001,0.000000002,0.000000002,patch_1658,371.742028,371.898074,461.176571286,461.176571
1649,0.8245,0.824250001,0.824749999,0.000000002,0.000000002,patch_1659,371.898074,372.054119,461.176571286,461.176571
1650,0.825,0.824749999,0.825250001,0.000000002,0.000000002,patch_1660,372.054119,372.210165,461.176571286,461.176571
1651,0.8255,0.825250001,0.825749999,0.000000002,0.000000002,patch_1661,372.210165,372.36621,461.176571286,461.176571
1652,0.826,0.825749999,0.826250001,0.000000002,0.000000002,patch_1662,372.36621,372.522256,461.176571286,461.176571
1653,0.8265,0.826250001,0.82675,0.000000002,0.000000002,patch_1663,372.522256,372.678301,461.176571286,461.176571
1654,0.827,0.82675,0.827250001,0.000000002,0.000000002,patch_1664,372.678301,372.834347,461.176571286,461.176571
1655,0.8275,0.827250001,0.82775,0.000000002,0.000000002,patch_1665,372.834347,372.990392,461.176571286,461.176571
1656,0.828,0.82775,0.828250002,0.000000002,0.000000002,patch_1666,372.990392,373.146438,461.176571286,461.176571
1657,0.8285,0.828250002,0.82875,0.000000002,0.000000002,patch_1667,373.146438,373.302483,461.176571286,461.176571
1658,0.829,0.82875,0.829249999,0.000000002,0.000000002,patch_1668,373.302483,373.458528,461.176571286,461.176571
1659,0.8295,0.829249999,0.829750001,0.000000002,0.000000002,patch_1669,373.458528,373.614574,461.176571286,461.176571
1660,0.83,0.829750001,0.830249999,0.000000002,0.000000002,patch_1670,373.614574,373.770619,461.176571286,461.176571
1661,0.8305,0.830249999,0.830750001,0.000000002,0.000000002,patch_1671,373.770619,373.926665,461.176571286,461.176571
1662,0.831,0.830750001,0.831249999,0.000000002,0.000000002,patch_1672,373.926665,374.08271,461.176571286,461.176571
1663,0.8315,0.831249999,0.831750001,0.000000002,0.000000002,patch_1673,374.08271,374.238756,461.176571286,461.176571
1664,0.832,0.831750001,0.83225,0.000000002,0.000000002,patch_1674,374.238756,374.394801,461.176571286,461.176571
1665,0.8325,0.83225,0.832750001,0.000000002,0.000000002,patch_1675,374.394801,374.550847,461.176571286,461.176571
1666,0.833,0.832750001,0.83325,0.000000002,0.000000002,patch_1676,374.550847,374.706892,461.176571286,461.176571
1667,0.8335,0.83325,0.833750002,0.000000002,0.000000002,patch_1677,374.706892,374.862938,461.176571286,461.176571
1668,0.834,0.833750002,0.83425,0.000000002,0.000000002,patch_1678,374.862938,375.018983,461.176571286,461.176571
1669,0.8345,0.83425,0.834749999,0.000000002,0.000000002,patch_1679,375.018983,375.175028,461.176571286,461.176571
1670,0.835,0.834749999,0.835250001,0.000000002,0.000000002,patch_1680,375.175028,375.331074,461.176571286,461.176571
1671,0.8355,0.835250001,0.835749999,0.000000002,0.000000002,patch_1681,375.331074,375.487119,461.176571286,461.176571
1672,0.836,0.835749999,0.836250001,0.000000002,0.000000002,patch_1682,375.487119,375.643165,461.176571286,461.176571
1673,0.8365,0.836250001,0.836749999,0.000000002,0.000000002,patch_1683,375.643165,375.79921,461.176571286,461.176571
1674,0.837,0.836749999,0.837250001,0.000000002,0.000000002,patch_1684,375.79921,375.955256,461.176571286,461.176571
1675,0.8375,0.837250001,0.83775,0.000000002,0.000000002,patch_1685,375.955256,376.111301,461.176571286,461.176571
1676,0.838,0.83775,0.838250001,0.000000002,0.000000002,patch_1686,376.111301,376.267347,461.176571286,461.176571
1677,0.8385,0.838250001,0.83875,0.000000002,0.000000002,patch_1687,376.267347,376.423392,461.176571286,461.176571
1678,0.839,0.83875,0.839250002,0.000000002,0.000000002,patch_1688,376.423392,376.579438,461.176571286,461.176571
1679,0.8395,0.839250002,0.83975,0.000000002,0.000000002,patch_1689,376.579438,376.735483,461.176571286,461.176571
1680,0.84,0.83975,0.840249999,0.000000002,0.000000002,patch_1690,376.735483,376.891528,461.176571286,461.176571
1681,0.8405,0.840249999,0.840750001,0.000000002,0.000000002,patch_1691,376.891528,377.047574,461.176571286,461.176571
1682,0.841,0.840750001,0.841249999,0.000000002,0.000000002,patch_1692,377.047574,377.203619,461.176571286,461.176571
1683,0.8415,0.841249999,0.841750001,0.000000002,0.000000002,patch_1693,377.203619,377.359665,461.176571286,461.176571
1684,0.842,0.841750001,0.842249999,0.000000002,0.000000002,patch_1694,377.359665,377.51571,461.176571286,461.176571
1685,0.8425,0.842249999,0.842750001,0.000000002,0.000000002,patch_1695,377.51571,377.671756,461.176571286,461.176571
1686,0.843,0.842750001,0.84325,0.000000002,0.000000002,patch_1696,377.671756,377.827801,461.176571286,461.176571
1687,0.8435,0.84325,0.843750001,0.000000002,0.000000002,patch_1697,377.827801,377.983847,461.176571286,461.176571
1688,0.844,0.843750001,0.84425,0.000000002,0.000000002,patch_1698,377.983847,378.139892,461.176571286,461.176571
1689,0.8445,0.84425,0.844750002,0.000000002,0.000000002,patch_1699,378.139892,378.295938,461.176571286,461.176571
1690,0.845,0.844750002,0.84525,0.000000002,0.000000002,patch_1700,378.295938,378.451983,461.176571286,461.176571
1691,0.8455,0.84525,0.845749999,0.000000002,0.000000002,patch_1701,378.451983,378.608028,461.176571286,461.176571
1692,0.846,0.845749999,0.846250001,0.000000002,0.000000002,patch_1702,378.608028,378.764074,461.176571286,461.176571
1693,0.8465,0.846250001,0.846749999,0.000000002,0.000000002,patch_1703,378.764074,378.920119,461.176571286,461.176571
1694,0.847,0.846749999,0.847250001,0.000000002,0.000000002,patch_1704,378.920119,379.076165,461.176571286,461.176571
1695,0.8475,0.847250001,0.847749999,0.000000002,0.000000002,patch_1705,379.076165,379.23221,461.176571286,461.176571
1696,0.848,0.847749999,0.848250001,0.000000002,0.000000002,patch_1706,379.23221,379.388256,461.176571286,461.176571
1697,0.8485,0.848250001,0.84875,0.000000002,0.000000002,patch_1707,379.388256,379.544301,461.176571286,461.176571
1698,0.849,0.84875,0.849250001,0.000000002,0.000000002,patch_1708,379.544301,379.700347,461.176571286,461.176571
1699,0.8495,0.849250001,0.84975,0.000000002,0.000000002,patch_1709,379.700347,379.856392,461.176571286,461.176571
1700,0.85,0.84975,0.850250002,0.000000002,0.000000002,patch_1710,379.856392,380.012438,461.176571286,461.176571
1701,0.8505,0.850250002,0.85075,0.000000002,0.000000002,patch_1711,380.012438,380.168483,461.176571286,461.176571
1702,0.851,0.85075,0.851249999,0.000000002,0.000000002,patch_1712,380.168483,380.324528,461.176571286,461.176571
1703,0.8515,0.851249999,0.851750001,0.000000002,0.000000002,patch_1713,380.324528,380.480574,461.176571286,461.176571
1704,0.852,0.851750001,0.852249999,0.000000002,0.000000002,patch_1714,380.480574,380.636619,461.176571286,461.176571
1705,0.8525,0.852249999,0.852750001,0.000000002,0.000000002,patch_1715,380.636619,380.792665,461.176571286,461.176571
1706,0.853,0.852750001,0.853249999,0.000000002,0.000000002,patch_1716,380.792665,380.94871,461.176571286,461.176571
1707,0.8535,0.853249999,0.853750001,0.000000002,0.000000002,patch_1717,380.94871,381.104756,461.176571286,461.176571
1708,0.854,0.853750001,0.85425,0.000000002,0.000000002,patch_1718,381.104756,381.260801,461.176571286,461.176571
1709,0.8545,0.85425,0.854750001,0.000000002,0.000000002,patch_1719,381.260801,381.416847,461.176571286,461.176571
1710,0.855,0.854750001,0.85525,0.000000002,0.000000002,patch_1720,381.416847,381.572892,461.176571286,461.176571
1711,0.8555,0.85525,0.855750002,0.000000002,0.000000002,patch_1721,381.572892,381.728938,461.176571286,461.176571
1712,0.856,0.855750002,0.85625,0.000000002,0.000000002,patch_1722,381.728938,381.884983,461.176571286,461.176571
1713,0.8565,0.85625,0.856749999,0.000000002,0.000000002,patch_1723,381.884983,382.041028,461.176571286,461.176571
1714,0.857,0.856749999,0.857250001,0.000000002,0.000000002,patch_1724,382.041028,382.197074,461.176571286,461.176571
1715,0.8575,0.857250001,0.857749999,0.000000002,0.000000002,patch_1725,382.197074,382.353119,461.176571286,461.176571
1716,0.858,0.857749999,0.858250001,0.000000002,0.000000002,patch_1726,382.353119,382.509165,461.176571286,461.176571
1717,0.8585,0.858250001,0.858749999,0.000000002,0.000000002,patch_1727,382.509165,382.66521,461.176571286,461.176571
1718,0.859,0.858749999,0.859250001,0.000000002,0.000000002,patch_1728,382.66521,382.821256,461.176571286,461.176571
1719,0.8595,0.859250001,0.85975,0.000000002,0.000000002,patch_1729,382.821256,382.977301,461.176571286,461.176571
1720,0.86,0.85975,0.860250001,0.000000002,0.000000002,patch_1730,382.977301,383.133347,461.176571286,461.176571
1721,0.8605,0.860250001,0.86075,0.000000002,0.000000002,patch_1731,383.133347,383.289392,461.176571286,461.176571
1722,0.861,0.86075,0.861250002,0.000000002,0.000000002,patch_1732,383.289392,383.445438,461.176571286,461.176571
1723,0.8615,0.861250002,0.86175,0.000000002,0.000000002,patch_1733,383.445438,383.601483,461.176571286,461.176571
1724,0.862,0.86175,0.862249999,0.000000002,0.000000002,patch_1734,383.601483,383.757528,461.176571286,461.176571
1725,0.8625,0.862249999,0.862750001,0.000000002,0.000000002,patch_1735,383.757528,383.913574,461.176571286,461.176571
1726,0.863,0.862750001,0.863249999,0.000000002,0.000000002,patch_1736,383.913574,384.069619,461.176571286,461.176571
1727,0.8635,0.863249999,0.863750001,0.000000002,0.000000002,patch_1737,384.069619,384.225665,461.176571286,461.176571
1728,0.864,0.863750001,0.864249999,0.000000002,0.000000002,patch_1738,384.225665,384.38171,461.176571286,461.176571
1729,0.8645,0.864249999,0.864750001,0.000000002,0.000000002,patch_1739,384.38171,384.537756,461.176571286,461.176571
1730,0.865,0.864750001,0.86525,0.000000002,0.000000002,patch_1740,384.537756,384.693801,461.176571286,461.176571
1731,0.8655,0.86525,0.865750001,0.000000002,0.000000002,patch_1741,384.693801,384.849847,461.176571286,461.176571
1732,0.866,0.865750001,0.86625,0.000000002,0.000000002,patch_1742,384.849847,385.005892,461.176571286,461.176571
1733,0.8665,0.86625,0.866750002,0.000000002,0.000000002,patch_1743,385.005892,385.161938,461.176571286,461.176571
1734,0.867,0.866750002,0.86725,-0.000000004,-0.000000005,patch_1744,385.161938,385.317983,461.176571286,461.176572
1735,0.8675,0.86725,0.867749999,-0.000000004,-0.000000005,patch_1745,385.317983,385.474028,461.176571286,461.176572
1736,0.868,0.867749999,0.868250001,-0.000000004,-0.000000005,patch_1746,385.474028,385.630074,461.176571286,461.176572
1737,0.8685,0.868250001,0.868749999,-0.000000004,-0.000000005,patch_1747,385.630074,385.786119,461.176571286,461.176572
1738,0.869,0.868749999,0.869250001,-0.000000004,-0.000000005,patch_1748,385.786119,385.942165,461.176571286,461.176572
1739,0.8695,0.869250001,0.869749999,0.000000002,0.000000002,patch_1749,385.942165,386.09821,461.176571286,461.176571
1740,0.87,0.869749999,0.870250001,0.000000002,0.000000002,patch_1750,386.09821,386.254256,461.176571286,461.176571
1741,0.8705,0.870250001,0.87075,0.000000002,0.000000002,patch_1751,386.254256,386.410301,461.176571286,461.176571
1742,0.871,0.87075,0.871250001,0.000000008,0.000000009,patch_1752,386.410301,386.566347,461.176571286,461.17657
1743,0.8715,0.871250001,0.87175,0.000000008,0.000000009,patch_1753,386.566347,386.722392,461.176571286,461.17657
1744,0.872,0.87175,0.872250002,0.000000008,0.000000009,patch_1754,386.722392,386.878438,461.176571286,461.17657
1745,0.8725,0.872250002,0.87275,0.000000008,0.000000009,patch_1755,386.878438,387.034483,461.176571286,461.17657
1746,0.873,0.87275,0.873249999,0.000000008,0.000000009,patch_1756,387.034483,387.190528,461.176571286,461.17657
1747,0.8735,0.873249999,0.873750001,0.000000002,0.000000002,patch_1757,387.190528,387.346574,461.176571286,461.176571
1748,0.874,0.873750001,0.874249999,-0.000000004,-0.000000005,patch_1758,387.346574,387.502619,461.176571286,461.176572
1749,0.8745,0.874249999,0.874750001,-0.000000017,-0.000000019,patch_1759,387.502619,387.658665,461.176571286,461.176574
1750,0.875,0.874750001,0.875249999,-0.000000023,-0.000000026,patch_1760,387.658665,387.81471,461.176571286,461.176575
1751,0.8755,0.875249999,0.875750001,-0.00000003,-0.000000032,patch_1761,387.81471,387.970756,461.176571286,461.176576
1752,0.876,0.875750001,0.87625,-0.000000036,-0.000000039,patch_1762,387.970756,388.126801,461.176571286,461.176577
1753,0.8765,0.87625,0.876750001,-0.000000036,-0.000000039,patch_1763,388.126801,388.282847,461.176571286,461.176577
1754,0.877,0.876750001,0.87725,-0.000000023,-0.000000026,patch_1764,388.282847,388.438892,461.176571286,461.176575
1755,0.8775,0.87725,0.877750002,-0.000000004,-0.000000005,patch_1765,388.438892,388.594938,461.176571286,461.176572
1756,0.878,0.877750002,0.87825,0.000000021,0.000000023,patch_1766,388.594938,388.750983,461.176571286,461.176568
1757,0.8785,0.87825,0.878749999,0.000000058,0.000000064,patch_1767,388.750983,388.907028,461.176571286,461.176562
1758,0.879,0.878749999,0.879250001,0.00000009,0.000000098,patch_1768,388.907028,389.063074,461.176571286,461.176557
1759,0.8795,0.879250001,0.879749999,0.000000121,0.000000133,patch_1769,389.063074,389.219119,461.176571286,461.176552
1760,0.88,0.879749999,0.880250001,0.000000134,0.000000147,patch_1770,389.219119,389.375165,461.176571286,461.17655
1761,0.8805,0.880250001,0.880749999,0.000000128,0.00000014,patch_1771,389.375165,389.53121,461.176571286,461.176551
1762,0.881,0.880749999,0.881250001,0.000000096,0.000000105,patch_1772,389.53121,389.687256,461.176571286,461.176556
1763,0.8815,0.881250001,0.88175,0.000000027,0.00000003,patch_1773,389.687256,389.843301,461.176571286,461.176567
1764,0.882,0.88175,0.882250001,-0.00000008,-0.000000088,patch_1774,389.843301,389.999347,461.176571286,461.176584
1765,0.8825,0.882250001,0.88275,-0.000000212,-0.000000232,patch_1775,389.999347,390.155392,461.176571286,461.176605
1766,0.883,0.88275,0.883250002,-0.000000344,-0.000000377,patch_1776,390.155392,390.311438,461.176571286,461.176626
1767,0.8835,0.883250002,0.88375,-0.000000451,-0.000000494,patch_1777,390.311438,390.467483,461.176571286,461.176643
1768,0.884,0.88375,0.884249999,-0.000000508,-0.000000556,patch_1778,390.467483,390.623528,461.176571286,461.176652
1769,0.8845,0.884249999,0.884750001,-0.000000489,-0.000000536,patch_1779,390.623528,390.779574,461.176571286,461.176649
1770,0.885,0.884750001,0.885249999,-0.000000363,-0.000000398,patch_1780,390.779574,390.935619,461.176571286,461.176629
1771,0.8855,0.885249999,0.885750001,-0.000000112,-0.000000122,patch_1781,390.935619,391.091665,461.176571286,461.176589
1772,0.886,0.885750001,0.886249999,0.000000285,0.000000312,patch_1782,391.091665,391.24771,461.176571286,461.176526
1773,0.8865,0.886249999,0.886750001,0.000000782,0.000000857,patch_1783,391.24771,391.403756,461.176571286,461.176447
1774,0.887,0.886750001,0.88725,0.00000128,0.000001401,patch_1784,391.403756,391.559801,461.176571286,461.176368
1775,0.8875,0.88725,0.887750001,0.000001683,0.000001843,patch_1785,391.559801,391.715847,461.176571286,461.176304
1776,0.888,0.887750001,0.88825,0.000001897,0.000002077,patch_1786,391.715847,391.871892,461.176571286,461.17627
1777,0.8885,0.88825,0.888750002,0.000001821,0.000001994,patch_1787,391.871892,392.027938,461.176571286,461.176282
1778,0.889,0.888750002,0.88925,0.000001368,0.000001498,patch_1788,392.027938,392.183983,461.176571286,461.176354
1779,0.8895,0.88925,0.889749999,0.000000436,0.000000478,patch_1789,392.183983,392.340028,461.176571286,461.176502
1780,0.89,0.889749999,0.890250001,-0.000001043,-0.000001142,patch_1790,392.340028,392.496074,461.176571286,461.176737
1781,0.8905,0.890250001,0.890749999,-0.000002888,-0.000003162,patch_1791,392.496074,392.652119,461.176571286,461.17703
1782,0.891,0.890749999,0.891250001,-0.000004745,-0.000005196,patch_1792,392.652119,392.808165,461.176571286,461.177325
1783,0.8915,0.891250001,0.891749999,-0.000006256,-0.000006851,patch_1793,392.808165,392.96421,461.176571286,461.177565
1784,0.892,0.891749999,0.892250001,-0.000007062,-0.000007733,patch_1794,392.96421,393.120256,461.176571286,461.177693
1785,0.8925,0.892250001,0.89275,-0.00000681,-0.000007457,patch_1795,393.120256,393.276301,461.176571286,461.177653
1786,0.893,0.89275,0.893250001,-0.000005142,-0.00000563,patch_1796,393.276301,393.432347,461.176571286,461.177388
1787,0.8935,0.893250001,0.89375,-0.000001698,-0.000001859,patch_1797,393.432347,393.588392,461.176571286,461.176841
1788,0.894,0.89375,0.894250002,0.000003798,0.000004159,patch_1798,393.588392,393.744438,461.176571286,461.175968
1789,0.8945,0.894250002,0.89475,0.000010673,0.000011687,patch_1799,393.744438,393.900483,461.176571286,461.174876
1790,0.895,0.89475,0.895249999,0.00001761,0.000019284,patch_1800,393.900483,394.056528,461.176571286,461.173774
1791,0.8955,0.895249999,0.895750001,0.000023276,0.000025489,patch_1801,394.056528,394.212574,461.176571286,461.172874
1792,0.896,0.895750001,0.896249999,0.000026336,0.000028839,patch_1802,394.212574,394.368619,461.176571286,461.172388
1793,0.8965,0.896249999,0.896750001,0.000025467,0.000027888,patch_1803,394.368619,394.524665,461.176571286,461.172526
1794,0.897,0.896750001,0.897249999,0.000019329,0.000021166,patch_1804,394.524665,394.68071,461.176571286,461.173501
1795,0.8975,0.897249999,0.897750001,0.000006587,0.000007213,patch_1805,394.68071,394.836756,461.176571286,461.175525
1796,0.898,0.897750001,0.89825,-0.000013811,-0.000015123,patch_1806,394.836756,394.992801,461.176571286,461.178765
1797,0.8985,0.89825,0.898750001,-0.000039433,-0.000043181,patch_1807,394.992801,395.148847,461.176571286,461.182835
1798,0.899,0.898750001,0.89925,-0.000065358,-0.00007157,patch_1808,395.148847,395.304892,461.176571286,461.186953
1799,0.8995,0.89925,0.899750002,-0.000086606,-0.000094837,patch_1809,395.304892,395.460938,461.176571286,461.190328
1800,0.9,0.899750002,0.90025,-0.000098221,-0.000107557,patch_1810,395.460938,395.616983,461.176571286,461.192173
1801,0.9005,0.90025,0.900749999,-0.000095225,-0.000104275,patch_1811,395.616983,395.773028,461.176571286,461.191697
1802,0.901,0.900749999,0.901250001,-0.000072642,-0.000079547,patch_1812,395.773028,395.929074,461.176571286,461.18811
1803,0.9015,0.901250001,0.901749999,-0.000025508,-0.000027932,patch_1813,395.929074,396.085119,461.176571286,461.180623
1804,0.902,0.901749999,0.902250001,0.000050215,0.000054988,patch_1814,396.085119,396.241165,461.176571286,461.168595
1805,0.9025,0.902250001,0.902749999,0.000145681,0.000159527,patch_1815,396.241165,396.39721,461.176571286,461.153431
1806,0.903,0.902749999,0.903250001,0.000242544,0.000265596,patch_1816,396.39721,396.553256,461.176571286,461.138045
1807,0.9035,0.903250001,0.90375,0.000322258,0.000352887,patch_1817,396.553256,396.709301,461.176571286,461.125383
1808,0.904,0.90375,0.904250001,0.00036627,0.000401082,patch_1818,396.709301,396.865347,461.176571286,461.118392
1809,0.9045,0.904250001,0.90475,0.000356033,0.000389872,patch_1819,396.865347,397.021392,461.176571286,461.120018
1810,0.905,0.90475,0.905250002,0.000273001,0.000298949,patch_1820,397.021392,397.177438,461.176571286,461.133207
1811,0.9055,0.905250002,0.90575,0.000098615,0.000107988,patch_1821,397.177438,397.333483,461.176571286,461.160907
1812,0.906,0.90575,0.906249999,-0.000182455,-0.000199797,patch_1822,397.333483,397.489528,461.176571286,461.205553
1813,0.9065,0.906249999,0.906750001,-0.000538116,-0.000589261,patch_1823,397.489528,397.645574,461.176571286,461.262047
1814,0.907,0.906750001,0.907249999,-0.000900046,-0.000985591,patch_1824,397.645574,397.801619,461.176571286,461.319537
1815,0.9075,0.907249999,0.907750001,-0.001199015,-0.001312975,patch_1825,397.801619,397.957665,461.176571286,461.367026
1816,0.908,0.907750001,0.908249999,-0.001365796,-0.001495608,patch_1826,397.957665,398.11371,461.176571286,461.393518
1817,0.9085,0.908249999,0.908750001,-0.001331152,-0.001457671,patch_1827,398.11371,398.269756,461.176571286,461.388015
1818,0.909,0.908750001,0.90925,-0.001025856,-0.001123358,patch_1828,398.269756,398.425801,461.176571286,461.339521
1819,0.9095,0.90925,0.909750001,-0.000380683,-0.000416865,patch_1829,398.425801,398.581847,461.176571286,461.23704
1820,0.91,0.909750001,0.91025,0.000666384,0.000729721,patch_1830,398.581847,398.737892,461.176571286,461.070721
1821,0.9105,0.91025,0.910750002,0.002064202,0.002260393,patch_1831,398.737892,398.893938,461.176571286,460.848688
1822,0.911,0.910750002,0.91125,0.003671742,0.004020721,patch_1832,398.893938,399.049983,461.176571286,460.593342
1823,0.9115,0.91125,0.911749999,0.005345511,0.005853573,patch_1833,399.049983,399.206028,461.176571286,460.327476
1824,0.912,0.911749999,0.912250001,0.006942009,0.00760181,patch_1834,399.206028,399.362074,461.176571286,460.073884
1825,0.9125,0.912250001,0.912749999,0.008317748,0.009108305,patch_1835,399.362074,399.518119,461.176571286,459.855358
1826,0.913,0.912749999,0.913250001,0.00932922,0.010215913,patch_1836,399.518119,399.674165,461.176571286,459.694693
1827,0.9135,0.913250001,0.913749999,0.009832939,0.010767507,patch_1837,399.674165,399.83021,461.176571286,459.614681
1828,0.914,0.913749999,0.914250001,0.009694935,0.010616386,patch_1838,399.83021,399.986256,461.176571286,459.636602
1829,0.9145,0.914250001,0.91475,0.008940137,0.009789849,patch_1839,399.986256,400.142301,461.176571286,459.756496
1830,0.915,0.91475,0.915250001,0.007724746,0.008458942,patch_1840,400.142301,400.298347,461.176571286,459.949552
1831,0.9155,0.915250001,0.91575,0.006208894,0.006799016,patch_1841,400.298347,400.454392,461.176571286,460.190334
1832,0.916,0.91575,0.916250002,0.004552708,0.004985418,patch_1842,400.454392,400.610438,461.176571286,460.453407
1833,0.9165,0.916250002,0.91675,0.002916315,0.003193495,patch_1843,400.610438,400.766483,461.176571286,460.713336
1834,0.917,0.91675,0.917249999,0.001459861,0.001598613,patch_1844,400.766483,400.922528,461.176571286,460.944683
1835,0.9175,0.917249999,0.917750001,0.000343461,0.000376105,patch_1845,400.922528,401.078574,461.176571286,461.122015
1836,0.918,0.917750001,0.918249999,-0.000281799,-0.000308583,patch_1846,401.078574,401.234619,461.176571286,461.221333
1837,0.9185,0.918249999,0.918750001,-0.000425665,-0.000466122,patch_1847,401.234619,401.390665,461.176571286,461.244185
1838,0.919,0.918750001,0.919249999,-0.000236037,-0.000258471,patch_1848,401.390665,401.54671,461.176571286,461.214064
1839,0.9195,0.919249999,0.919750001,0.000134663,0.000147462,patch_1849,401.54671,401.702756,461.176571286,461.155181
1840,0.92,0.919750001,0.92025,0.000534046,0.000584804,patch_1850,401.702756,401.858801,461.176571286,461.091742
1841,0.9205,0.92025,0.920750001,0.000809702,0.00088666,patch_1851,401.858801,402.014847,461.176571286,461.047956
1842,0.921,0.920750001,0.92125,0.000809224,0.000886136,patch_1852,402.014847,402.170892,461.176571286,461.048032
1843,0.9215,0.92125,0.921750002,0.000380202,0.000416338,patch_1853,402.170892,402.326938,461.176571286,461.116179
1844,0.922,0.921750002,0.92225,-0.000616759,-0.000675379,patch_1854,402.326938,402.482983,461.176571286,461.274539
1845,0.9225,0.92225,0.922749999,-0.002074831,-0.002272033,patch_1855,402.482983,402.639028,461.176571286,461.506143
1846,0.923,0.922749999,0.923250001,-0.003667143,-0.004015685,patch_1856,402.639028,402.795074,461.176571286,461.75907
1847,0.9235,0.923250001,0.923749999,-0.00505908,-0.005539918,patch_1857,402.795074,402.951119,461.176571286,461.980169
1848,0.924,0.923749999,0.924250001,-0.005916028,-0.006478315,patch_1858,402.951119,403.107165,461.176571286,462.116289
1849,0.9245,0.924250001,0.924749999,-0.005903374,-0.006464458,patch_1859,403.107165,403.26321,461.176571286,462.114279
1850,0.925,0.924749999,0.925250001,-0.004686503,-0.00513193,patch_1860,403.26321,403.419256,461.176571286,461.920988
1851,0.9255,0.925250001,0.92575,-0.001930802,-0.002114314,patch_1861,403.419256,403.575301,461.176571286,461.483265
1852,0.926,0.92575,0.926250001,0.002674233,0.002928404,patch_1862,403.575301,403.731347,461.176571286,460.751789
1853,0.9265,0.926250001,0.92675,0.008951129,0.009801886,patch_1863,403.731347,403.887392,461.176571286,459.75475
1854,0.927,0.92675,0.927250002,0.016268899,0.01781517,patch_1864,403.887392,404.043438,461.176571286,458.592376
1855,0.9275,0.927250002,0.92775,0.023979333,0.026258439,patch_1865,404.043438,404.199483,461.176571286,457.36763
1856,0.928,0.92775,0.928249999,0.031434244,0.0344219,patch_1866,404.199483,404.355528,461.176571286,456.183472
1857,0.9285,0.928249999,0.928750001,0.037985412,0.041595721,patch_1867,404.355528,404.511574,461.176571286,455.142867
1858,0.929,0.928750001,0.929249999,0.042984648,0.047070107,patch_1868,404.511574,404.667619,461.176571286,454.348775
1859,0.9295,0.929249999,0.929750001,0.045783733,0.050135229,patch_1869,404.667619,404.823665,461.176571286,453.904161
1860,0.93,0.929750001,0.930249999,0.045763568,0.050113148,patch_1870,404.823665,404.97971,461.176571286,453.907364
1861,0.9305,0.930249999,0.930750001,0.042935002,0.047015742,patch_1871,404.97971,405.135756,461.176571286,454.356661
1862,0.931,0.930750001,0.93125,0.037917805,0.041521687,patch_1872,405.135756,405.291801,461.176571286,455.153606
1863,0.9315,0.93125,0.931750001,0.031356633,0.034336912,patch_1873,405.291801,405.447847,461.176571286,456.1958
1864,0.932,0.931750001,0.93225,0.023896125,0.026167323,patch_1874,405.447847,405.603892,461.176571286,457.380847
1865,0.9325,0.93225,0.932750002,0.016180944,0.017718855,patch_1875,405.603892,405.759938,461.176571286,458.606347
1866,0.933,0.932750002,0.93325,0.008855733,0.009697423,patch_1876,405.759938,405.915983,461.176571286,459.769903
1867,0.9335,0.93325,0.933749999,0.002565144,0.002808947,patch_1877,405.915983,406.072028,461.176571286,460.769117
1868,0.934,0.933749999,0.934250001,-0.002065954,-0.002262312,patch_1878,406.072028,406.228074,461.176571286,461.504733
1869,0.9345,0.934250001,0.934749999,-0.004872234,-0.005335314,patch_1879,406.228074,406.384119,461.176571286,461.95049
1870,0.935,0.934749999,0.935250001,-0.00615026,-0.006734809,patch_1880,406.384119,406.540165,461.176571286,462.153495
1871,0.9355,0.935250001,0.935749999,-0.006216886,-0.006807767,patch_1881,406.540165,406.69621,461.176571286,462.164078
1872,0.936,0.935749999,0.936250001,-0.005388966,-0.005901158,patch_1882,406.69621,406.852256,461.176571286,462.032569
1873,0.9365,0.936250001,0.93675,-0.003983349,-0.004361944,patch_1883,406.852256,407.008301,461.176571286,461.809297
1874,0.937,0.93675,0.937250001,-0.002316888,-0.002537096,patch_1884,407.008301,407.164347,461.176571286,461.544592
1875,0.9375,0.937250001,0.93775,-0.000706439,-0.000773583,patch_1885,407.164347,407.320392,461.176571286,461.288784
1876,0.938,0.93775,0.938250002,0.000538698,0.000589899,patch_1886,407.320392,407.476438,461.176571286,461.091003
1877,0.9385,0.938250002,0.93875,0.001297418,0.00142073,patch_1887,407.476438,407.632483,461.176571286,460.970486
1878,0.939,0.93875,0.939249999,0.001645359,0.001801742,patch_1888,407.632483,407.788528,461.176571286,460.915218
1879,0.9395,0.939249999,0.939750001,0.001667444,0.001825926,patch_1889,407.788528,407.944574,461.176571286,460.91171
1880,0.94,0.939750001,0.940249999,0.001448561,0.001586239,patch_1890,407.944574,408.100619,461.176571286,460.946478
1881,0.9405,0.940249999,0.940750001,0.00107363,0.001175673,patch_1891,408.100619,408.256665,461.176571286,461.006033
1882,0.941,0.940750001,0.941249999,0.000627541,0.000687185,patch_1892,408.256665,408.41271,461.176571286,461.076891
1883,0.9415,0.941249999,0.941750001,0.000195214,0.000213768,patch_1893,408.41271,408.568756,461.176571286,461.145563
1884,0.942,0.941750001,0.94225,-0.000140294,-0.000153628,patch_1894,408.568756,408.724801,461.176571286,461.198856
1885,0.9425,0.94225,0.942750001,-0.000345327,-0.000378149,patch_1895,408.724801,408.880847,461.176571286,461.231424
1886,0.943,0.942750001,0.94325,-0.000439943,-0.000481757,patch_1896,408.880847,409.036892,461.176571286,461.246453
1887,0.9435,0.94325,0.943750002,-0.000446925,-0.000489402,patch_1897,409.036892,409.192938,461.176571286,461.247562
1888,0.944,0.943750002,0.94425,-0.000389025,-0.000425999,patch_1898,409.192938,409.348983,461.176571286,461.238365
1889,0.9445,0.94425,0.944749999,-0.00028902,-0.00031649,patch_1899,409.348983,409.505028,461.176571286,461.22248
1890,0.945,0.944749999,0.945250001,-0.000169682,-0.000185809,patch_1900,409.505028,409.661074,461.176571286,461.203524
1891,0.9455,0.945250001,0.945749999,-0.000053775,-0.000058886,patch_1901,409.661074,409.817119,461.176571286,461.185113
1892,0.946,0.945749999,0.946250001,0.000036377,0.000039835,patch_1902,409.817119,409.973165,461.176571286,461.170793
1893,0.9465,0.946250001,0.946749999,0.000091451,0.000100143,patch_1903,409.973165,410.12921,461.176571286,461.162045
1894,0.947,0.946749999,0.947250001,0.000116834,0.000127939,patch_1904,410.12921,410.285256,461.176571286,461.158013
1895,0.9475,0.947250001,0.94775,0.000118698,0.000129979,patch_1905,410.285256,410.441301,461.176571286,461.157717
1896,0.948,0.94775,0.948250001,0.000103211,0.00011302,patch_1906,410.441301,410.597347,461.176571286,461.160177
1897,0.9485,0.948250001,0.94875,0.000076537,0.000083811,patch_1907,410.597347,410.753392,461.176571286,461.164414
1898,0.949,0.94875,0.949250002,0.000044858,0.000049121,patch_1908,410.753392,410.909438,461.176571286,461.169446
1899,0.9495,0.949250002,0.94975,0.000014337,0.000015699,patch_1909,410.909438,411.065483,461.176571286,461.174294
1900,0.95,0.94975,0.950249999,-0.000008969,-0.000009822,patch_1910,411.065483,411.221528,461.176571286,461.177996
1901,0.9505,0.950249999,0.950750001,-0.000022549,-0.000024692,patch_1911,411.221528,411.377574,461.176571286,461.180153
1902,0.951,0.950750001,0.951249999,-0.000028083,-0.000030752,patch_1912,411.377574,411.533619,461.176571286,461.181032
1903,0.9515,0.951249999,0.951750001,-0.000027485,-0.000030097,patch_1913,411.533619,411.689665,461.176571286,461.180937
1904,0.952,0.951750001,0.952249999,-0.000022668,-0.000024823,patch_1914,411.689665,411.84571,461.176571286,461.180172
1905,0.9525,0.952249999,0.952750001,-0.000015536,-0.000017012,patch_1915,411.84571,412.001756,461.176571286,461.179039
1906,0.953,0.952750001,0.95325,-0.000008019,-0.000008781,patch_1916,412.001756,412.157801,461.176571286,461.177845
1907,0.9535,0.95325,0.953750001,-0.000002019,-0.000002211,patch_1917,412.157801,412.313847,461.176571286,461.176892
1908,0.954,0.953750001,0.95425,0.000000587,0.000000643,patch_1918,412.313847,412.469892,461.176571286,461.176478
1909,0.9545,0.95425,0.954750002,-0.000000615,-0.000000674,patch_1919,412.469892,412.625938,461.176571286,461.176669
1910,0.955,0.954750002,0.95525,-0.000004235,-0.000004638,patch_1920,412.625938,412.781983,461.176571286,461.177244
1911,0.9555,0.95525,0.955749999,-0.000008806,-0.000009643,patch_1921,412.781983,412.938028,461.176571286,461.17797
1912,0.956,0.955749999,0.956250001,-0.000012829,-0.000014048,patch_1922,412.938028,413.094074,461.176571286,461.178609
1913,0.9565,0.956250001,0.956749999,-0.00001483,-0.00001624,patch_1923,413.094074,413.250119,461.176571286,461.178927
1914,0.957,0.956749999,0.957250001,-0.00001332,-0.000014586,patch_1924,413.250119,413.406165,461.176571286,461.178687
1915,0.9575,0.957250001,0.957749999,-0.00000681,-0.000007457,patch_1925,413.406165,413.56221,461.176571286,461.177653
1916,0.958,0.957749999,0.958250001,0.000006108,0.000006689,patch_1926,413.56221,413.718256,461.176571286,461.175601
1917,0.9585,0.958250001,0.95875,0.000024561,0.000026895,patch_1927,413.718256,413.874301,461.176571286,461.17267
1918,0.959,0.95875,0.959250001,0.000044706,0.000048956,patch_1928,413.874301,414.030347,461.176571286,461.16947
1919,0.9595,0.959250001,0.95975,0.000062516,0.000068458,patch_1929,414.030347,414.186392,461.176571286,461.166641
1920,0.96,0.95975,0.960250002,0.000073974,0.000081005,patch_1930,414.186392,414.342438,461.176571286,461.164821
1921,0.9605,0.960250002,0.96075,0.000075057,0.000082191,patch_1931,414.342438,414.498483,461.176571286,461.164649
1922,0.961,0.96075,0.961249999,0.00006173,0.000067597,patch_1932,414.498483,414.654528,461.176571286,461.166766
1923,0.9615,0.961249999,0.961750001,0.000029981,0.000032831,patch_1933,414.654528,414.810574,461.176571286,461.171809
1924,0.962,0.961750001,0.962249999,-0.000024035,-0.000026319,patch_1934,414.810574,414.966619,461.176571286,461.180389
1925,0.9625,0.962249999,0.962750001,-0.000096509,-0.000105681,patch_1935,414.966619,415.122665,461.176571286,461.191901
1926,0.963,0.962750001,0.963249999,-0.000173528,-0.000190021,patch_1936,415.122665,415.27871,461.176571286,461.204135
1927,0.9635,0.963249999,0.963750001,-0.000240481,-0.000263338,patch_1937,415.27871,415.434756,461.176571286,461.21477
1928,0.964,0.963750001,0.96425,-0.00028275,-0.000309624,patch_1938,415.434756,415.590801,461.176571286,461.221484
1929,0.9645,0.96425,0.964750001,-0.000285727,-0.000312884,patch_1939,415.590801,415.746847,461.176571286,461.221957
1930,0.965,0.964750001,0.96525,-0.000234797,-0.000257113,patch_1940,415.746847,415.902892,461.176571286,461.213867
1931,0.9655,0.96525,0.965750002,-0.000115351,-0.000126315,patch_1941,415.902892,416.058938,461.176571286,461.194894
1932,0.966,0.965750002,0.96625,0.000086603,0.000094834,patch_1942,416.058938,416.214983,461.176571286,461.162815
1933,0.9665,0.96625,0.966749999,0.000357444,0.000391417,patch_1943,416.214983,416.371028,461.176571286,461.119794
1934,0.967,0.966749999,0.967250001,0.000645527,0.000706881,patch_1944,416.371028,416.527074,461.176571286,461.074034
1935,0.9675,0.967250001,0.967749999,0.000896423,0.000981624,patch_1945,416.527074,416.683119,461.176571286,461.034181
1936,0.968,0.967749999,0.968250001,0.001055713,0.001156053,patch_1946,416.683119,416.839165,461.176571286,461.008879
1937,0.9685,0.968250001,0.968749999,0.001068959,0.001170558,patch_1947,416.839165,416.99521,461.176571286,461.006775
1938,0.969,0.968749999,0.969250001,0.000881755,0.000965561,patch_1948,416.99521,417.151256,461.176571286,461.036511
1939,0.9695,0.969250001,0.96975,0.000439663,0.000481451,patch_1949,417.151256,417.307301,461.176571286,461.106734
1940,0.97,0.96975,0.970250001,-0.000309682,-0.000339116,patch_1950,417.307301,417.463347,461.176571286,461.225762
1941,0.9705,0.970250001,0.97075,-0.001318252,-0.001443545,patch_1951,417.463347,417.619392,461.176571286,461.385966
1942,0.971,0.97075,0.971250002,-0.002394059,-0.002621601,patch_1952,417.619392,417.775438,461.176571286,461.55685
1943,0.9715,0.971250002,0.97175,-0.003334027,-0.003650908,patch_1953,417.775438,417.931483,461.176571286,461.706157
1944,0.972,0.97175,0.972249999,-0.003935068,-0.004309075,patch_1954,417.931483,418.087528,461.176571286,461.801628
1945,0.9725,0.972249999,0.972750001,-0.003994095,-0.004373712,patch_1955,418.087528,418.243574,461.176571286,461.811004
1946,0.973,0.972750001,0.973249999,-0.00330802,-0.003622429,patch_1956,418.243574,418.399619,461.176571286,461.702026
1947,0.9735,0.973249999,0.973750001,-0.001673768,-0.00183285,patch_1957,418.399619,418.555665,461.176571286,461.442437
1948,0.974,0.973750001,0.974249999,0.001109578,0.001215037,patch_1958,418.555665,418.71171,461.176571286,461.000323
1949,0.9745,0.974249999,0.974750001,0.005124878,0.00561197,patch_1959,418.71171,418.867756,461.176571286,460.362522
1950,0.975,0.974750001,0.97525,0.010278909,0.011255863,patch_1960,418.867756,419.023801,461.176571286,459.543842
1951,0.9755,0.97525,0.975750001,0.016464073,0.018028894,patch_1961,419.023801,419.179847,461.176571286,458.561374
1952,0.976,0.975750001,0.97625,0.023572774,0.025813239,patch_1962,419.179847,419.335892,461.176571286,457.432209
1953,0.9765,0.97625,0.976750002,0.031497414,0.034491073,patch_1963,419.335892,419.491938,461.176571286,456.173438
1954,0.977,0.976750002,0.97725,0.040130396,0.043944574,patch_1964,419.491938,419.647983,461.176571286,454.802152
1955,0.9775,0.97725,0.977749999,0.049364124,0.054055918,patch_1965,419.647983,419.804028,461.176571286,453.335442
1956,0.978,0.977749999,0.978250001,0.059091001,0.064707282,patch_1966,419.804028,419.960074,461.176571286,451.790399
1957,0.9785,0.978250001,0.978749999,0.069203309,0.07578071,patch_1967,419.960074,420.116119,461.176571286,450.184133
1958,0.979,0.978749999,0.979250001,0.079593168,0.08715807,patch_1968,420.116119,420.272165,461.176571286,448.53378
1959,0.9795,0.979250001,0.979749999,0.09015268,0.098721206,patch_1969,420.272165,420.42821,461.176571286,446.856479
1960,0.98,0.979749999,0.980250001,0.100773944,0.110351964,patch_1970,420.42821,420.584256,461.176571286,445.169369
1961,0.9805,0.980250001,0.98075,0.111349056,0.121932183,patch_1971,420.584256,420.740301,461.176571286,443.48959
1962,0.981,0.98075,0.981250001,0.121770129,0.133343723,patch_1972,420.740301,420.896347,461.176571286,441.834279
1963,0.9815,0.981250001,0.98175,0.131929263,0.144468428,patch_1973,420.896347,421.052392,461.176571286,440.220575
1964,0.982,0.98175,0.982250002,0.141718805,0.155188413,patch_1974,421.052392,421.208438,461.176571286,438.665578
1965,0.9825,0.982250002,0.98275,0.151048062,0.165404365,patch_1975,421.208438,421.364483,461.176571286,437.183694
1966,0.983,0.98275,0.983249999,0.159853831,0.175047076,patch_1976,421.364483,421.520528,461.176571286,435.784962
1967,0.9835,0.983249999,0.983750001,0.168075394,0.184050054,patch_1977,421.520528,421.676574,461.176571286,434.479027
1968,0.984,0.983750001,0.984249999,0.175651967,0.192346739,patch_1978,421.676574,421.832619,461.176571286,433.275544
1969,0.9845,0.984249999,0.984750001,0.182522816,0.199870625,patch_1979,421.832619,421.988665,461.176571286,432.18416
1970,0.985,0.984750001,0.985249999,0.188627259,0.206555262,patch_1980,421.988665,422.14471,461.176571286,431.214514
1971,0.9855,0.985249999,0.985750001,0.193904506,0.212334083,patch_1981,422.14471,422.300756,461.176571286,430.376262
1972,0.986,0.985750001,0.98625,0.198294252,0.217141051,patch_1982,422.300756,422.456801,461.176571286,429.678983
1973,0.9865,0.98625,0.986750001,0.201768501,0.220945509,patch_1983,422.456801,422.612847,461.176571286,429.127124
1974,0.987,0.986750001,0.98725,0.204353612,0.223776321,patch_1984,422.612847,422.768892,461.176571286,428.716498
1975,0.9875,0.98725,0.987750002,0.206081089,0.225667985,patch_1985,422.768892,422.924938,461.176571286,428.442101
1976,0.988,0.987750002,0.98825,0.206982509,0.226655081,patch_1986,422.924938,423.080983,461.176571286,428.298917
1977,0.9885,0.98825,0.988749999,0.207089439,0.226772173,patch_1987,423.080983,423.237028,461.176571286,428.281932
1978,0.989,0.988749999,0.989250001,0.2064334,0.226053781,patch_1988,423.237028,423.393074,461.176571286,428.386139
1979,0.9895,0.989250001,0.989749999,0.205045983,0.224534498,patch_1989,423.393074,423.549119,461.176571286,428.60652
1980,0.99,0.989749999,0.990250001,0.202959075,0.222249241,patch_1990,423.549119,423.705165,461.176571286,428.93801
1981,0.9905,0.990250001,0.990749999,0.200233964,0.219265122,patch_1991,423.705165,423.86121,461.176571286,429.370874
1982,0.991,0.990749999,0.991250001,0.196983578,0.215705804,patch_1992,423.86121,424.017256,461.176571286,429.887174
1983,0.9915,0.991250001,0.99175,0.193326009,0.211700603,patch_1993,424.017256,424.173301,461.176571286,430.468152
1984,0.992,0.99175,0.992250001,0.189379317,0.2073788,patch_1994,424.173301,424.329347,461.176571286,431.095055
1985,0.9925,0.992250001,0.99275,0.185261683,0.202869807,patch_1995,424.329347,424.485392,461.176571286,431.749111
1986,0.993,0.99275,0.993250002,0.181091129,0.198302864,patch_1996,424.485392,424.641438,461.176571286,432.411573
1987,0.9935,0.993250002,0.99375,0.176985802,0.193807348,patch_1997,424.641438,424.797483,461.176571286,433.063674
1988,0.994,0.99375,0.994249999,0.173063487,0.189512238,patch_1998,424.797483,424.953528,461.176571286,433.686705
1989,0.9945,0.994249999,0.994750001,0.169412,0.185513697,patch_1999,424.953528,425.109574,461.176571286,434.266717
1990,0.995,0.994750001,0.995249999,0.166064423,0.181847951,patch_2000,425.109574,425.265619,461.176571286,434.798455
1991,0.9955,0.995249999,0.995750001,0.163047986,0.178544818,patch_2001,425.265619,425.421665,461.176571286,435.277594
1992,0.996,0.995750001,0.996249999,0.160389959,0.17563416,patch_2002,425.421665,425.57771,461.176571286,435.699802
1993,0.9965,0.996249999,0.996750001,0.15811756,0.173145781,patch_2003,425.57771,425.733756,461.176571286,436.060756
1994,0.997,0.996750001,0.99725,0.15625806,0.171109545,patch_2004,425.733756,425.889801,461.176571286,436.356124
1995,0.9975,0.99725,0.997750001,0.154838712,0.169555296,patch_2005,425.889801,426.045847,461.176571286,436.581577
1996,0.998,0.997750001,0.99825,0.153885674,0.168511678,patch_2006,426.045847,426.201892,461.176571286,436.73296
1997,0.9985,0.99825,0.998750002,0.153309809,0.16788108,patch_2007,426.201892,426.357938,461.176571286,436.824432
1998,0.999,0.998750002,0.99925,0.152802181,0.167325204,patch_2008,426.357938,426.513983,461.176571286,436.905065
1999,0.9995,0.99925,0.999749999,0.152029322,0.166478889,patch_2009,426.513983,426.670028,461.176571286,437.027828
2000,1,0.999749999,1.000250001,0.150657726,0.16497693,patch_2010,426.670028,426.826074,461.176571286,437.245696
2001,1.0005,1.000250001,1.000749999,0.148353949,0.162454192,patch_2011,426.826074,426.982119,461.176571286,437.611634
2002,1.001,1.000749999,1.001250001,0.14478448,0.158545464,patch_2012,426.982119,427.138165,461.176571286,438.178618
2003,1.0015,1.001250001,1.001749999,0.139615831,0.152885563,patch_2013,427.138165,427.29421,461.176571286,438.99962
2004,1.002,1.001749999,1.002250001,0.132516788,0.145111794,patch_2014,427.29421,427.450256,461.176571286,440.127251
2005,1.0025,1.002250001,1.00275,0.123450106,0.135183372,patch_2015,427.450256,427.606301,461.176571286,441.567427
2006,1.003,1.00275,1.003250001,0.112961551,0.123697937,patch_2016,427.606301,427.762347,461.176571286,443.233457
2007,1.0035,1.003250001,1.00375,0.101665543,0.111328305,patch_2017,427.762347,427.918392,461.176571286,445.027745
2008,1.004,1.00375,1.004250002,0.090176464,0.098747251,patch_2018,427.918392,428.074438,461.176571286,446.852701
2009,1.0045,1.004250002,1.00475,0.079108758,0.086627619,patch_2019,428.074438,428.230483,461.176571286,448.610725
2010,1.005,1.00475,1.005249999,0.069076831,0.075642212,patch_2020,428.230483,428.386528,461.176571286,450.204223
2011,1.0055,1.005249999,1.005750001,0.060695079,0.066463818,patch_2021,428.386528,428.542574,461.176571286,451.535603
2012,1.006,1.005750001,1.006249999,0.054575715,0.059762843,patch_2022,428.542574,428.698619,461.176571286,452.507619
2013,1.0065,1.006249999,1.006750001,0.050990199,0.055836542,patch_2023,428.698619,428.854665,461.176571286,453.077152
2014,1.007,1.006750001,1.007249999,0.049505818,0.054211079,patch_2024,428.854665,429.01071,461.176571286,453.312935
2015,1.0075,1.007249999,1.007750001,0.0496027,0.054317169,patch_2025,429.01071,429.166756,461.176571286,453.297546
2016,1.008,1.007750001,1.00825,0.050760959,0.055585515,patch_2026,429.166756,429.322801,461.176571286,453.113565
2017,1.0085,1.00825,1.008750001,0.052460736,0.057446846,patch_2027,429.322801,429.478847,461.176571286,452.843568
2018,1.009,1.008750001,1.00925,0.054182137,0.059331857,patch_2028,429.478847,429.634892,461.176571286,452.570136
2019,1.0095,1.00925,1.009750002,0.055405291,0.060671265,patch_2029,429.634892,429.790938,461.176571286,452.375847
2020,1.01,1.009750002,1.01025,0.055611495,0.060897068,patch_2030,429.790938,429.946983,461.176571286,452.343093
2021,1.0105,1.01025,1.010749999,0.054494471,0.059673877,patch_2031,429.946983,430.103028,461.176571286,452.520524
2022,1.011,1.010749999,1.011250001,0.052205792,0.057167671,patch_2032,430.103028,430.259074,461.176571286,452.884064
2023,1.0115,1.011250001,1.011749999,0.048956507,0.053609559,patch_2033,430.259074,430.415119,461.176571286,453.400189
2024,1.012,1.011749999,1.012250001,0.044957701,0.049230688,patch_2034,430.415119,430.571165,461.176571286,454.03537
2025,1.0125,1.012250001,1.012749999,0.040420426,0.044262169,patch_2035,430.571165,430.72721,461.176571286,454.756083
2026,1.013,1.012749999,1.013250001,0.035555757,0.03893514,patch_2036,430.72721,430.883256,461.176571286,455.5288
2027,1.0135,1.013250001,1.01375,0.030574759,0.033480725,patch_2037,430.883256,431.039301,461.176571286,456.319995
2028,1.014,1.01375,1.014250001,0.025688276,0.028129808,patch_2038,431.039301,431.195347,461.176571286,457.096177
2029,1.0145,1.014250001,1.01475,0.021059482,0.023061072,patch_2039,431.195347,431.351392,461.176571286,457.831427
2030,1.015,1.01475,1.015249998,0.016744382,0.018335845,patch_2040,431.351392,431.507437,461.176571286,458.516849
2031,1.0155,1.015250002,1.01575,0.012784344,0.013999427,patch_2041,431.507438,431.663483,461.176571286,459.145872
2032,1.016,1.01575,1.016249999,0.009220767,0.010097151,patch_2042,431.663483,431.819528,461.176571286,459.71192
2033,1.0165,1.016249999,1.016750001,0.006095014,0.006674312,patch_2043,431.819528,431.975574,461.176571286,460.208423
2034,1.017,1.016750001,1.017249999,0.003448477,0.003776236,patch_2044,431.975574,432.131619,461.176571286,460.628806
2035,1.0175,1.017249999,1.017750001,0.001322524,0.001448223,patch_2045,432.131619,432.287665,461.176571286,460.966498
2036,1.018,1.017750001,1.018249999,-0.000241583,-0.000264544,patch_2046,432.287665,432.44371,461.176571286,461.214945
2037,1.0185,1.018249999,1.018750001,-0.001239432,-0.001357234,patch_2047,432.44371,432.599756,461.176571286,461.373446
2038,1.019,1.018750001,1.01925,-0.001752921,-0.001919527,patch_2048,432.599756,432.755801,461.176571286,461.45501
2039,1.0195,1.01925,1.019750001,-0.001876301,-0.002054634,patch_2049,432.755801,432.911847,461.176571286,461.474608
2040,1.02,1.019750001,1.02025,-0.001703823,-0.001865762,patch_2050,432.911847,433.067892,461.176571286,461.447211
2041,1.0205,1.02025,1.020750002,-0.001329754,-0.00145614,patch_2051,433.067892,433.223938,461.176571286,461.387793
2042,1.021,1.020750002,1.02125,-0.000848341,-0.000928971,patch_2052,433.223938,433.379983,461.176571286,461.311324
2043,1.0215,1.02125,1.021749999,-0.000353839,-0.000387469,patch_2053,433.379983,433.536028,461.176571286,461.232776
2044,1.022,1.021749999,1.022250001,0.000059595,0.00006526,patch_2054,433.536028,433.692074,461.176571286,461.167105
2045,1.0225,1.022250001,1.022749999,0.000329095,0.000360373,patch_2055,433.692074,433.848119,461.176571286,461.124297
2046,1.023,1.022749999,1.023250001,0.000468434,0.000512956,patch_2056,433.848119,434.004165,461.176571286,461.102164
2047,1.0235,1.023250001,1.023749999,0.000502864,0.000550659,patch_2057,434.004165,434.16021,461.176571286,461.096695
2048,1.024,1.023749999,1.024250001,0.00045765,0.000501147,patch_2058,434.16021,434.316256,461.176571286,461.103877
2049,1.0245,1.024250001,1.02475,0.000358035,0.000392065,patch_2059,434.316256,434.472301,461.176571286,461.1197
2050,1.025,1.02475,1.025250001,0.000229292,0.000251085,patch_2060,434.472301,434.628347,461.176571286,461.14015
2051,1.0255,1.025250001,1.02575,0.000096676,0.000105865,patch_2061,434.628347,434.784392,461.176571286,461.161215
2052,1.026,1.02575,1.026250002,-0.000014579,-0.000015964,patch_2062,434.784392,434.940438,461.176571286,461.178887
2053,1.0265,1.026250002,1.02675,-0.000087317,-0.000095616,patch_2063,434.940438,435.096483,461.176571286,461.190441
2054,1.027,1.02675,1.027249999,-0.000125078,-0.000136966,patch_2064,435.096483,435.252528,461.176571286,461.196439
2055,1.0275,1.027249999,1.027750001,-0.000134628,-0.000147424,patch_2065,435.252528,435.408574,461.176571286,461.197956
2056,1.028,1.027750001,1.028249999,-0.000122749,-0.000134415,patch_2066,435.408574,435.564619,461.176571286,461.196069
2057,1.0285,1.028249999,1.028750001,-0.000096219,-0.000105364,patch_2067,435.564619,435.720665,461.176571286,461.191855
2058,1.029,1.028750001,1.029249999,-0.000061814,-0.000067689,patch_2068,435.720665,435.87671,461.176571286,461.18639
2059,1.0295,1.029249999,1.029750001,-0.000026314,-0.000028815,patch_2069,435.87671,436.032756,461.176571286,461.180751
2060,1.03,1.029750001,1.03025,0.000003515,0.000003849,patch_2070,436.032756,436.188801,461.176571286,461.176013
2061,1.0305,1.03025,1.030750001,0.000022987,0.000025172,patch_2071,436.188801,436.344847,461.176571286,461.17292
2062,1.031,1.030750001,1.03125,0.000033041,0.000036181,patch_2072,436.344847,436.500892,461.176571286,461.171323
2063,1.0315,1.03125,1.031750002,0.000035521,0.000038897,patch_2073,436.500892,436.656938,461.176571286,461.170929
2064,1.032,1.031750002,1.03225,0.000032285,0.000035354,patch_2074,436.656938,436.812983,461.176571286,461.171443
2065,1.0325,1.03225,1.032749999,0.00002519,0.000027584,patch_2075,436.812983,436.969028,461.176571286,461.17257
2066,1.033,1.032749999,1.033250001,0.000016081,0.000017609,patch_2076,436.969028,437.125074,461.176571286,461.174017
2067,1.0335,1.033250001,1.033749999,0.000006807,0.000007454,patch_2077,437.125074,437.281119,461.176571286,461.17549
2068,1.034,1.033749999,1.034250001,-0.000000773,-0.000000846,patch_2078,437.281119,437.437165,461.176571286,461.176694
2069,1.0345,1.034250001,1.034749999,-0.000005393,-0.000005906,patch_2079,437.437165,437.59321,461.176571286,461.177428
2070,1.035,1.034749999,1.035250001,-0.000007408,-0.000008112,patch_2080,437.59321,437.749256,461.176571286,461.177748
2071,1.0355,1.035250001,1.03575,-0.00000744,-0.000008147,patch_2081,437.749256,437.905301,461.176571286,461.177753
2072,1.036,1.03575,1.036250001,-0.000006124,-0.000006706,patch_2082,437.905301,438.061347,461.176571286,461.177544
2073,1.0365,1.036250001,1.03675,-0.000004097,-0.000004486,patch_2083,438.061347,438.217392,461.176571286,461.177222
2074,1.037,1.03675,1.037250002,-0.000001988,-0.000002177,patch_2084,438.217392,438.373438,461.176571286,461.176887
2075,1.0375,1.037250002,1.03775,-0.00000042,-0.00000046,patch_2085,438.373438,438.529483,461.176571286,461.176638
2076,1.038,1.03775,1.038249999,-0.000000036,-0.000000039,patch_2086,438.529483,438.685528,461.176571286,461.176577
2077,1.0385,1.038249999,1.038750001,-0.000001163,-0.000001273,patch_2087,438.685528,438.841574,461.176571286,461.176756
2078,1.039,1.038750001,1.039249999,-0.000003291,-0.000003604,patch_2088,438.841574,438.997619,461.176571286,461.177094
2079,1.0395,1.039249999,1.039750001,-0.00000574,-0.000006285,patch_2089,438.997619,439.153665,461.176571286,461.177483
2080,1.04,1.039750001,1.040249999,-0.000007842,-0.000008588,patch_2090,439.153665,439.30971,461.176571286,461.177817
2081,1.0405,1.040249999,1.040750001,-0.000008925,-0.000009774,patch_2091,439.30971,439.465756,461.176571286,461.177989
2082,1.041,1.040750001,1.04125,-0.000008308,-0.000009098,patch_2092,439.465756,439.621801,461.176571286,461.177891
2083,1.0415,1.04125,1.041750001,-0.000005324,-0.00000583,patch_2093,439.621801,439.777847,461.176571286,461.177417
2084,1.042,1.041750001,1.04225,0.000000701,0.000000767,patch_2094,439.777847,439.933892,461.176571286,461.17646
2085,1.0425,1.04225,1.042750002,0.000009848,0.000010784,patch_2095,439.933892,440.089938,461.176571286,461.175007
2086,1.043,1.042750002,1.04325,0.000020393,0.000022331,patch_2096,440.089938,440.245983,461.176571286,461.173332
2087,1.0435,1.04325,1.043749999,0.000030283,0.000033162,patch_2097,440.245983,440.402028,461.176571286,461.171761
2088,1.044,1.043749999,1.044250001,0.000037448,0.000041007,patch_2098,440.402028,440.558074,461.176571286,461.170623
2089,1.0445,1.044250001,1.044749999,0.000039834,0.00004362,patch_2099,440.558074,440.714119,461.176571286,461.170244
2090,1.045,1.044749999,1.045250001,0.000035376,0.000038739,patch_2100,440.714119,440.870165,461.176571286,461.170952
2091,1.0455,1.045250001,1.045749999,0.000022011,0.000024103,patch_2101,440.870165,441.02621,461.176571286,461.173075
2092,1.046,1.045749999,1.046250001,-0.000002315,-0.000002535,patch_2102,441.02621,441.182256,461.176571286,461.176939
2093,1.0465,1.046250001,1.04675,-0.000037664,-0.000041244,patch_2103,441.182256,441.338301,461.176571286,461.182554
2094,1.047,1.04675,1.047250001,-0.000077723,-0.00008511,patch_2104,441.338301,441.494347,461.176571286,461.188917
2095,1.0475,1.047250001,1.04775,-0.000114923,-0.000125846,patch_2105,441.494347,441.650392,461.176571286,461.194826
2096,1.048,1.04775,1.048250002,-0.000141698,-0.000155166,patch_2106,441.650392,441.806438,461.176571286,461.199079
2097,1.0485,1.048250002,1.04875,-0.000150462,-0.000164762,patch_2107,441.806438,441.962483,461.176571286,461.200471
2098,1.049,1.04875,1.049249999,-0.000133659,-0.000146362,patch_2108,441.962483,442.118528,461.176571286,461.197802
2099,1.0495,1.049249999,1.049750001,-0.00008371,-0.000091666,patch_2109,442.118528,442.274574,461.176571286,461.189868
2100,1.05,1.049750001,1.050249999,0.000006958,0.00000762,patch_2110,442.274574,442.430619,461.176571286,461.175466
2101,1.0505,1.050249999,1.050750001,0.000138768,0.000151957,patch_2111,442.430619,442.586665,461.176571286,461.154529
2102,1.051,1.050750001,1.051249999,0.000288419,0.000315832,patch_2112,442.586665,442.74271,461.176571286,461.130758
2103,1.0515,1.051249999,1.051750001,0.000427683,0.000468332,patch_2113,442.74271,442.898756,461.176571286,461.108637
2104,1.052,1.051750001,1.05225,0.000528336,0.000578551,patch_2114,442.898756,443.054801,461.176571286,461.092649
2105,1.0525,1.05225,1.052750001,0.000562156,0.000615585,patch_2115,443.054801,443.210847,461.176571286,461.087277
2106,1.053,1.052750001,1.05325,0.000500919,0.000548528,patch_2116,443.210847,443.366892,461.176571286,461.097004
2107,1.0535,1.05325,1.053750002,0.000316397,0.000346468,patch_2117,443.366892,443.522938,461.176571286,461.126314
2108,1.054,1.053750002,1.05425,-0.000019634,-0.0000215,patch_2118,443.522938,443.678983,461.176571286,461.17969
2109,1.0545,1.05425,1.054749999,-0.000509849,-0.000558307,patch_2119,443.678983,443.835028,461.176571286,461.257557
2110,1.055,1.054749999,1.055250001,-0.001068181,-0.001169706,patch_2120,443.835028,443.991074,461.176571286,461.346244
2111,1.0555,1.055250001,1.055749999,-0.0015893,-0.001740355,patch_2121,443.991074,444.147119,461.176571286,461.42902
2112,1.056,1.055749999,1.056250001,-0.001967883,-0.002154919,patch_2122,444.147119,444.303165,461.176571286,461.489155
2113,1.0565,1.056250001,1.056749999,-0.002098597,-0.002298057,patch_2123,444.303165,444.45921,461.176571286,461.509918
2114,1.057,1.056749999,1.057250001,-0.001876112,-0.002054427,patch_2124,444.45921,444.615256,461.176571286,461.474578
2115,1.0575,1.057250001,1.05775,-0.001195112,-0.0013087,patch_2125,444.615256,444.771301,461.176571286,461.366406
2116,1.058,1.05775,1.058250001,0.000049737,0.000054464,patch_2126,444.771301,444.927347,461.176571286,461.168671
2117,1.0585,1.058250001,1.05875,0.001905239,0.002086322,patch_2127,444.927347,445.083392,461.176571286,460.873938
2118,1.059,1.05875,1.059250002,0.004205585,0.004605303,patch_2128,445.083392,445.239438,461.176571286,460.508545
2119,1.0595,1.059250002,1.05975,0.006736668,0.007376952,patch_2129,445.239438,445.395483,461.176571286,460.106501
2120,1.06,1.05975,1.060249999,0.00928439,0.010166821,patch_2130,445.395483,445.551528,461.176571286,459.701814
2121,1.0605,1.060249999,1.060750001,0.011634659,0.012740471,patch_2131,445.551528,445.707574,461.176571286,459.328491
2122,1.061,1.060750001,1.061249999,0.013573376,0.014863452,patch_2132,445.707574,445.863619,461.176571286,459.02054
2123,1.0615,1.061249999,1.061750001,0.014886449,0.016301326,patch_2133,445.863619,446.019665,461.176571286,458.811968
2124,1.062,1.061750001,1.062249999,0.015359766,0.016819629,patch_2134,446.019665,446.17571,461.176571286,458.736785
2125,1.0625,1.062249999,1.062750001,0.014854317,0.016266139,patch_2135,446.17571,446.331756,461.176571286,458.817072
2126,1.063,1.062750001,1.06325,0.013516414,0.014801076,patch_2136,446.331756,446.487801,461.176571286,459.029588
2127,1.0635,1.06325,1.063750001,0.011560151,0.012658881,patch_2137,446.487801,446.643847,461.176571286,459.340326
2128,1.064,1.063750001,1.06425,0.009199633,0.010074009,patch_2138,446.643847,446.799892,461.176571286,459.715277
2129,1.0645,1.06425,1.064750002,0.006648952,0.007280899,patch_2139,446.799892,446.955938,461.176571286,460.120434
2130,1.065,1.064750002,1.06525,0.004122207,0.004514,patch_2140,446.955938,447.111983,461.176571286,460.521789
2131,1.0655,1.06525,1.065749999,0.001833495,0.002007759,patch_2141,447.111983,447.268028,461.176571286,460.885334
2132,1.066,1.065749999,1.066250001,-0.000003083,-0.000003376,patch_2142,447.268028,447.424074,461.176571286,461.177061
2133,1.0665,1.066250001,1.066749999,-0.001226998,-0.001343618,patch_2143,447.424074,447.580119,461.176571286,461.371471
2134,1.067,1.066749999,1.067250001,-0.001890649,-0.002070345,patch_2144,447.580119,447.736165,461.176571286,461.476887
2135,1.0675,1.067250001,1.067749999,-0.002099365,-0.002298898,patch_2145,447.736165,447.89221,461.176571286,461.51004
2136,1.068,1.067749999,1.068250001,-0.001958477,-0.00214462,patch_2146,447.89221,448.048256,461.176571286,461.487661
2137,1.0685,1.068250001,1.06875,-0.00157331,-0.001722844,patch_2147,448.048256,448.204301,461.176571286,461.42648
2138,1.069,1.06875,1.069250001,-0.001049187,-0.001148907,patch_2148,448.204301,448.360347,461.176571286,461.343227
2139,1.0695,1.069250001,1.06975,-0.00049144,-0.000538149,patch_2149,448.360347,448.516392,461.176571286,461.254633
2140,1.07,1.06975,1.070250002,-0.000005393,-0.000005906,patch_2150,448.516392,448.672438,461.176571286,461.177428
2141,1.0705,1.070250002,1.07075,0.000325028,0.00035592,patch_2151,448.672438,448.828483,461.176571286,461.124943
2142,1.071,1.07075,1.071249999,0.000504898,0.000552885,patch_2152,448.828483,448.984528,461.176571286,461.096372
2143,1.0715,1.071249999,1.071750001,0.000562445,0.000615903,patch_2153,448.984528,449.140574,461.176571286,461.087231
2144,1.072,1.071750001,1.072249999,0.000525893,0.000575877,patch_2154,449.140574,449.296619,461.176571286,461.093037
2145,1.0725,1.072249999,1.072750001,0.000423465,0.000463713,patch_2155,449.296619,449.452665,461.176571286,461.109307
2146,1.073,1.072750001,1.073249999,0.000283377,0.00031031,patch_2156,449.452665,449.60871,461.176571286,461.131559
2147,1.0735,1.073249999,1.073750001,0.000133858,0.00014658,patch_2157,449.60871,449.764756,461.176571286,461.155309
2148,1.074,1.073750001,1.07425,0.000003124,0.000003421,patch_2158,449.764756,449.920801,461.176571286,461.176075
2149,1.0745,1.07425,1.074750001,-0.000086077,-0.000094258,patch_2159,449.920801,450.076847,461.176571286,461.190244
2150,1.075,1.074750001,1.07525,-0.000134823,-0.000147638,patch_2160,450.076847,450.232892,461.176571286,461.197987
2151,1.0755,1.07525,1.075749998,-0.000150682,-0.000165003,patch_2161,450.232892,450.388937,461.176571286,461.200506
2152,1.076,1.075750002,1.07625,-0.000141207,-0.000154628,patch_2162,450.388938,450.544983,461.176571286,461.199001
2153,1.0765,1.07625,1.076749999,-0.000113973,-0.000124805,patch_2163,450.544983,450.701028,461.176571286,461.194675
2154,1.077,1.076749999,1.077250001,-0.000076533,-0.000083807,patch_2164,450.701028,450.857074,461.176571286,461.188728
2155,1.0775,1.077250001,1.077749999,-0.000036449,-0.000039914,patch_2165,450.857074,451.013119,461.176571286,461.182361
2156,1.078,1.077749999,1.078250001,-0.000001289,-0.000001411,patch_2166,451.013119,451.169165,461.176571286,461.176776
2157,1.0785,1.078250001,1.078749999,0.000022792,0.000024958,patch_2167,451.169165,451.32521,461.176571286,461.172951
2158,1.079,1.078749999,1.079250001,0.000036,0.000039421,patch_2168,451.32521,451.481256,461.176571286,461.170853
2159,1.0795,1.079250001,1.07975,0.000040369,0.000044206,patch_2169,451.481256,451.637301,461.176571286,461.170159
2160,1.08,1.07975,1.080250001,0.000037914,0.000041517,patch_2170,451.637301,451.793347,461.176571286,461.170549
2161,1.0805,1.080250001,1.08075,0.000030674,0.000033589,patch_2171,451.793347,451.949392,461.176571286,461.171699
2162,1.081,1.08075,1.081249998,0.00002067,0.000022635,patch_2172,451.949392,452.105437,461.176571286,461.173288
2163,1.0815,1.081249998,1.08175,0.000009924,0.000010867,patch_2173,452.105437,452.261483,461.176571286,461.174995
2164,1.082,1.08175,1.082249999,0.000000468,0.000000512,patch_2174,452.261483,452.417528,461.176571286,461.176497
2165,1.0825,1.082249999,1.082750001,-0.000006036,-0.000006609,patch_2175,452.417528,452.573574,461.176571286,461.17753
2166,1.083,1.082750001,1.083249999,-0.000009611,-0.000010525,patch_2176,452.573574,452.729619,461.176571286,461.178098
2167,1.0835,1.083249999,1.083750001,-0.000010814,-0.000011842,patch_2177,452.729619,452.885665,461.176571286,461.178289
2168,1.084,1.083750001,1.084249999,-0.000010178,-0.000011145,patch_2178,452.885665,453.04171,461.176571286,461.178188
2169,1.0845,1.084249999,1.084750001,-0.000008258,-0.000009043,patch_2179,453.04171,453.197756,461.176571286,461.177883
2170,1.085,1.084750001,1.08525,-0.000005582,-0.000006113,patch_2180,453.197756,453.353801,461.176571286,461.177458
2171,1.0855,1.08525,1.085750001,-0.000002699,-0.000002956,patch_2181,453.353801,453.509847,461.176571286,461.177
2172,1.086,1.085750001,1.08625,-0.000000156,-0.00000017,patch_2182,453.509847,453.665892,461.176571286,461.176596
2173,1.0865,1.08625,1.086750002,0.000001595,0.000001746,patch_2183,453.665892,453.821938,461.176571286,461.176318
2174,1.087,1.086750002,1.08725,0.000002564,0.000002808,patch_2184,453.821938,453.977983,461.176571286,461.176164
2175,1.0875,1.08725,1.087749999,0.000002898,0.000003173,patch_2185,453.977983,454.134028,461.176571286,461.176111
2176,1.088,1.087749999,1.088250001,0.000002734,0.000002994,patch_2186,454.134028,454.290074,461.176571286,461.176137
2177,1.0885,1.088250001,1.088749999,0.000002224,0.000002436,patch_2187,454.290074,454.446119,461.176571286,461.176218
2178,1.089,1.088749999,1.089250001,0.000001506,0.00000165,patch_2188,454.446119,454.602165,461.176571286,461.176332
2179,1.0895,1.089250001,1.089749999,0.000000732,0.000000802,patch_2189,454.602165,454.75821,461.176571286,461.176455
2180,1.09,1.089749999,1.090250001,0.000000052,0.000000057,patch_2190,454.75821,454.914256,461.176571286,461.176563
2181,1.0905,1.090250001,1.09075,-0.00000042,-0.00000046,patch_2191,454.914256,455.070301,461.176571286,461.176638
2182,1.091,1.09075,1.091250001,-0.000000684,-0.000000749,patch_2192,455.070301,455.226347,461.176571286,461.17668
2183,1.0915,1.091250001,1.09175,-0.000000779,-0.000000853,patch_2193,455.226347,455.382392,461.176571286,461.176695
2184,1.092,1.09175,1.092250002,-0.000000735,-0.000000805,patch_2194,455.382392,455.538438,461.176571286,461.176688
2185,1.0925,1.092250002,1.09275,-0.000000596,-0.000000653,patch_2195,455.538438,455.694483,461.176571286,461.176666
2186,1.093,1.09275,1.093249999,-0.000000407,-0.000000446,patch_2196,455.694483,455.850528,461.176571286,461.176636
2187,1.0935,1.093249999,1.093750001,-0.0000002,-0.000000219,patch_2197,455.850528,456.006574,461.176571286,461.176603
2188,1.094,1.093750001,1.094249999,-0.000000017,-0.000000019,patch_2198,456.006574,456.162619,461.176571286,461.176574
2189,1.0945,1.094249999,1.094750001,0.000000109,0.000000119,patch_2199,456.162619,456.318665,461.176571286,461.176554
2190,1.095,1.094750001,1.095249999,0.000000184,0.000000202,patch_2200,456.318665,456.47471,461.176571286,461.176542
2191,1.0955,1.095249999,1.095750001,0.00000021,0.000000229,patch_2201,456.47471,456.630756,461.176571286,461.176538
2192,1.096,1.095750001,1.09625,0.000000197,0.000000216,patch_2202,456.630756,456.786801,461.176571286,461.17654
2193,1.0965,1.09625,1.096750001,0.000000159,0.000000174,patch_2203,456.786801,456.942847,461.176571286,461.176546
2194,1.097,1.096750001,1.09725,0.000000109,0.000000119,patch_2204,456.942847,457.098892,461.176571286,461.176554
2195,1.0975,1.09725,1.097749998,0.000000052,0.000000057,patch_2205,457.098892,457.254937,461.176571286,461.176563
2196,1.098,1.097750002,1.09825,0.000000002,0.000000002,patch_2206,457.254938,457.410983,461.176571286,461.176571
2197,1.0985,1.09825,1.098749999,-0.00000003,-0.000000032,patch_2207,457.410983,457.567028,461.176571286,461.176576
2198,1.099,1.098749999,1.099250001,-0.000000049,-0.000000053,patch_2208,457.567028,457.723074,461.176571286,461.176579
2199,1.0995,1.099250001,1.099749999,-0.000000055,-0.00000006,patch_2209,457.723074,457.879119,461.176571286,461.17658
2200,1.1,1.099749999,1.100250001,-0.000000055,-0.00000006,patch_2210,457.879119,458.035165,461.176571286,461.17658
2201,1.1005,1.100250001,1.100749999,-0.000000042,-0.000000046,patch_2211,458.035165,458.19121,461.176571286,461.176578
2202,1.101,1.100749999,1.101250001,-0.00000003,-0.000000032,patch_2212,458.19121,458.347256,461.176571286,461.176576
2203,1.1015,1.101250001,1.10175,-0.000000017,-0.000000019,patch_2213,458.347256,458.503301,461.176571286,461.176574
2204,1.102,1.10175,1.102250001,-0.000000004,-0.000000005,patch_2214,458.503301,458.659347,461.176571286,461.176572
2205,1.1025,1.102250001,1.10275,0.000000008,0.000000009,patch_2215,458.659347,458.815392,461.176571286,461.17657
2206,1.103,1.10275,1.103250002,0.000000014,0.000000016,patch_2216,458.815392,458.971438,461.176571286,461.176569
2207,1.1035,1.103250002,1.10375,0.000000014,0.000000016,patch_2217,458.971438,459.127483,461.176571286,461.176569
2208,1.104,1.10375,1.104249999,0.000000014,0.000000016,patch_2218,459.127483,459.283528,461.176571286,461.176569
2209,1.1045,1.104249999,1.104750001,0.000000014,0.000000016,patch_2219,459.283528,459.439574,461.176571286,461.176569
2210,1.105,1.104750001,1.105249999,0.000000008,0.000000009,patch_2220,459.439574,459.595619,461.176571286,461.17657
2211,1.1055,1.105249999,1.105750001,0.000000002,0.000000002,patch_2221,459.595619,459.751665,461.176571286,461.176571
2212,1.106,1.105750001,1.106249999,0.000000002,0.000000002,patch_2222,459.751665,459.90771,461.176571286,461.176571
2213,1.1065,1.106249999,1.106750001,-0.000000004,-0.000000005,patch_2223,459.90771,460.063756,461.176571286,461.176572
2214,1.107,1.106750001,1.10725,-0.000000004,-0.000000005,patch_2224,460.063756,460.219801,461.176571286,461.176572
2215,1.1075,1.10725,1.107750001,-0.000000004,-0.000000005,patch_2225,460.219801,460.375847,461.176571286,461.176572
2216,1.108,1.107750001,1.10825,-0.000000004,-0.000000005,patch_2226,460.375847,460.531892,461.176571286,461.176572
2217,1.1085,1.10825,1.108750002,-0.000000004,-0.000000005,patch_2227,460.531892,460.687938,461.176571286,461.176572
2218,1.109,1.108750002,1.10925,0.000000002,0.000000002,patch_2228,460.687938,460.843983,461.176571286,461.176571
2219,1.1095,1.10925,1.109749999,0.000000002,0.000000002,patch_2229,460.843983,461.000028,461.176571286,461.176571
2220,1.11,1.109749999,1.110250001,0.000000002,0.000000002,patch_2230,461.000028,461.156074,461.176571286,461.176571
2221,1.1105,1.110250001,1.110749999,0.000000002,0.000000002,patch_2231,461.156074,461.312119,461.176571286,461.176571
2222,1.111,1.110749999,1.111250001,0.000000002,0.000000002,patch_2232,461.312119,461.468165,461.176571286,461.176571
2223,1.1115,1.111250001,1.111749999,-0.000000004,-0.000000005,patch_2233,461.468165,461.62421,461.176571286,461.176572
2224,1.112,1.111749999,1.112250001,-0.000000004,-0.000000005,patch_2234,461.62421,461.780256,461.176571286,461.176572
2225,1.1125,1.112250001,1.11275,-0.000000004,-0.000000005,patch_2235,461.780256,461.936301,461.176571286,461.176572
2226,1.113,1.11275,1.113250001,-0.000000004,-0.000000005,patch_2236,461.936301,462.092347,461.176571286,461.176572
2227,1.1135,1.113250001,1.11375,-0.000000004,-0.000000005,patch_2237,462.092347,462.248392,461.176571286,461.176572
2228,1.114,1.11375,1.114250002,0.000000002,0.000000002,patch_2238,462.248392,462.404438,461.176571286,461.176571
2229,1.1145,1.114250002,1.11475,0.000000002,0.000000002,patch_2239,462.404438,462.560483,461.176571286,461.176571
2230,1.115,1.11475,1.115249999,0.000000008,0.000000009,patch_2240,462.560483,462.716528,461.176571286,461.17657
2231,1.1155,1.115249999,1.115750001,0.000000008,0.000000009,patch_2241,462.716528,462.872574,461.176571286,461.17657
2232,1.116,1.115750001,1.116249999,0.000000014,0.000000016,patch_2242,462.872574,463.028619,461.176571286,461.176569
2233,1.1165,1.116249999,1.116750001,0.000000014,0.000000016,patch_2243,463.028619,463.184665,461.176571286,461.176569
2234,1.117,1.116750001,1.117249999,0.000000014,0.000000016,patch_2244,463.184665,463.34071,461.176571286,461.176569
2235,1.1175,1.117249999,1.117750001,0.000000008,0.000000009,patch_2245,463.34071,463.496756,461.176571286,461.17657
2236,1.118,1.117750001,1.11825,0.000000002,0.000000002,patch_2246,463.496756,463.652801,461.176571286,461.176571
2237,1.1185,1.11825,1.118750001,-0.000000011,-0.000000012,patch_2247,463.652801,463.808847,461.176571286,461.176573
2238,1.119,1.118750001,1.11925,-0.000000023,-0.000000026,patch_2248,463.808847,463.964892,461.176571286,461.176575
2239,1.1195,1.11925,1.119750002,-0.000000036,-0.000000039,patch_2249,463.964892,464.120938,461.176571286,461.176577
2240,1.12,1.119750002,1.12025,-0.000000049,-0.000000053,patch_2250,464.120938,464.276983,461.176571286,461.176579
2241,1.1205,1.12025,1.120749999,-0.000000055,-0.00000006,patch_2251,464.276983,464.433028,461.176571286,461.17658
2242,1.121,1.120749999,1.121250001,-0.000000049,-0.000000053,patch_2252,464.433028,464.589074,461.176571286,461.176579
2243,1.1215,1.121250001,1.121749999,-0.000000036,-0.000000039,patch_2253,464.589074,464.745119,461.176571286,461.176577
2244,1.122,1.121749999,1.122250001,-0.000000011,-0.000000012,patch_2254,464.745119,464.901165,461.176571286,461.176573
2245,1.1225,1.122250001,1.122749999,0.000000033,0.000000036,patch_2255,464.901165,465.05721,461.176571286,461.176566
2246,1.123,1.122749999,1.123250001,0.00000009,0.000000098,patch_2256,465.05721,465.213256,461.176571286,461.176557
2247,1.1235,1.123250001,1.12375,0.00000014,0.000000154,patch_2257,465.213256,465.369301,461.176571286,461.176549
2248,1.124,1.12375,1.124250001,0.000000178,0.000000195,patch_2258,465.369301,465.525347,461.176571286,461.176543
2249,1.1245,1.124250001,1.12475,0.000000197,0.000000216,patch_2259,465.525347,465.681392,461.176571286,461.17654
2250,1.125,1.12475,1.125250002,0.000000191,0.000000209,patch_2260,465.681392,465.837438,461.176571286,461.176541
2251,1.1255,1.125250002,1.12575,0.000000134,0.000000147,patch_2261,465.837438,465.993483,461.176571286,461.17655
2252,1.126,1.12575,1.126249999,0.000000033,0.000000036,patch_2262,465.993483,466.149528,461.176571286,461.176566
2253,1.1265,1.126249999,1.126750001,-0.00000013,-0.000000143,patch_2263,466.149528,466.305574,461.176571286,461.176592
2254,1.127,1.126750001,1.127249999,-0.000000326,-0.000000357,patch_2264,466.305574,466.461619,461.176571286,461.176623
2255,1.1275,1.127249999,1.127750001,-0.000000521,-0.00000057,patch_2265,466.461619,466.617665,461.176571286,461.176654
2256,1.128,1.127750001,1.128249999,-0.000000672,-0.000000736,patch_2266,466.617665,466.77371,461.176571286,461.176678
2257,1.1285,1.128249999,1.128750001,-0.000000741,-0.000000812,patch_2267,466.77371,466.929756,461.176571286,461.176689
2258,1.129,1.128750001,1.12925,-0.000000703,-0.00000077,patch_2268,466.929756,467.085801,461.176571286,461.176683
2259,1.1295,1.12925,1.129750001,-0.000000508,-0.000000556,patch_2269,467.085801,467.241847,461.176571286,461.176652
2260,1.13,1.129750001,1.13025,-0.000000124,-0.000000136,patch_2270,467.241847,467.397892,461.176571286,461.176591
2261,1.1305,1.13025,1.130750002,0.000000474,0.000000519,patch_2271,467.397892,467.553938,461.176571286,461.176496
2262,1.131,1.130750002,1.13125,0.000001204,0.000001319,patch_2272,467.553938,467.709983,461.176571286,461.17638
2263,1.1315,1.13125,1.131749999,0.000001922,0.000002105,patch_2273,467.709983,467.866028,461.176571286,461.176266
2264,1.132,1.131749999,1.132250001,0.000002495,0.000002732,patch_2274,467.866028,468.022074,461.176571286,461.176175
2265,1.1325,1.132250001,1.132749999,0.000002772,0.000003035,patch_2275,468.022074,468.178119,461.176571286,461.176131
2266,1.133,1.132749999,1.133250001,0.000002627,0.000002877,patch_2276,468.178119,468.334165,461.176571286,461.176154
2267,1.1335,1.133250001,1.133749999,0.000001909,0.000002091,patch_2277,468.334165,468.49021,461.176571286,461.176268
2268,1.134,1.133749999,1.134250001,0.000000487,0.000000533,patch_2278,468.49021,468.646256,461.176571286,461.176494
2269,1.1345,1.134250001,1.13475,-0.000001736,-0.000001901,patch_2279,468.646256,468.802301,461.176571286,461.176847
2270,1.135,1.13475,1.135250001,-0.000004449,-0.000004872,patch_2280,468.802301,468.958347,461.176571286,461.177278
2271,1.1355,1.135250001,1.13575,-0.000007137,-0.000007816,patch_2281,468.958347,469.114392,461.176571286,461.177705
2272,1.136,1.13575,1.136250002,-0.000009278,-0.00001016,patch_2282,469.114392,469.270438,461.176571286,461.178045
2273,1.1365,1.136250002,1.13675,-0.000010348,-0.000011332,patch_2283,469.270438,469.426483,461.176571286,461.178215
2274,1.137,1.13675,1.137249999,-0.000009826,-0.000010759,patch_2284,469.426483,469.582528,461.176571286,461.178132
2275,1.1375,1.137249999,1.13775,-0.000007194,-0.000007878,patch_2285,469.582528,469.738574,461.176571286,461.177714
2276,1.138,1.13775,1.138249999,-0.000001931,-0.000002114,patch_2286,469.738574,469.894619,461.176571286,461.176878
2277,1.1385,1.138249999,1.138750001,0.000006329,0.00000693,patch_2287,469.894619,470.050665,461.176571286,461.175566
2278,1.139,1.138750001,1.139249999,0.000016452,0.000018016,patch_2288,470.050665,470.20671,461.176571286,461.173958
2279,1.1395,1.139249999,1.139750001,0.0000265,0.000029018,patch_2289,470.20671,470.362756,461.176571286,461.172362
2280,1.14,1.139750001,1.14025,0.000034533,0.000037815,patch_2290,470.362756,470.518801,461.176571286,461.171086
2281,1.1405,1.14025,1.140750001,0.0000386,0.000042268,patch_2291,470.518801,470.674847,461.176571286,461.17044
2282,1.141,1.140750001,1.14125,0.000036761,0.000040255,patch_2292,470.674847,470.830892,461.176571286,461.170732
2283,1.1415,1.14125,1.141750002,0.000027066,0.000029639,patch_2293,470.830892,470.986938,461.176571286,461.172272
2284,1.142,1.141750002,1.14225,0.000007582,0.000008302,patch_2294,470.986938,471.142983,461.176571286,461.175367
2285,1.1425,1.14225,1.142749999,-0.00002309,-0.000025285,patch_2295,471.142983,471.299028,461.176571286,461.180239
2286,1.143,1.142749999,1.14325,-0.000060813,-0.000066593,patch_2296,471.299028,471.455074,461.176571286,461.186231
2287,1.1435,1.14325,1.143749999,-0.000098372,-0.000107722,patch_2297,471.455074,471.611119,461.176571286,461.192197
2288,1.144,1.143749999,1.144250001,-0.000128515,-0.00014073,patch_2298,471.611119,471.767165,461.176571286,461.196985
2289,1.1445,1.144250001,1.144749999,-0.000143971,-0.000157655,patch_2299,471.767165,471.92321,461.176571286,461.19944
2290,1.145,1.144749999,1.145250001,-0.000137493,-0.000150561,patch_2300,471.92321,472.079256,461.176571286,461.198411
2291,1.1455,1.145250001,1.14575,-0.000101816,-0.000111493,patch_2301,472.079256,472.235301,461.176571286,461.192744
2292,1.146,1.14575,1.146250001,-0.000029682,-0.000032503,patch_2302,472.235301,472.391347,461.176571286,461.181286
2293,1.1465,1.146250001,1.14675,0.000084186,0.000092187,patch_2303,472.391347,472.547392,461.176571286,461.163199
2294,1.147,1.14675,1.147250002,0.000224778,0.000246142,patch_2304,472.547392,472.703438,461.176571286,461.140867
2295,1.1475,1.147250002,1.14775,0.000365168,0.000399875,patch_2305,472.703438,472.859483,461.176571286,461.118567
2296,1.148,1.14775,1.148249999,0.000478261,0.000523717,patch_2306,472.859483,473.015528,461.176571286,461.100603
2297,1.1485,1.148249999,1.14875,0.00053698,0.000588017,patch_2307,473.015528,473.171574,461.176571286,461.091276
2298,1.149,1.14875,1.149249999,0.000514221,0.000563095,patch_2308,473.171574,473.327619,461.176571286,461.094891
2299,1.1495,1.149249999,1.149750001,0.000382915,0.000419309,patch_2309,473.327619,473.483665,461.176571286,461.115748
2300,1.15,1.149750001,1.150249999,0.000115966,0.000126988,patch_2310,473.483665,473.63971,461.176571286,461.158151
2301,1.1505,1.150249999,1.150750001,-0.000306805,-0.000335965,patch_2311,473.63971,473.795756,461.176571286,461.225305
2302,1.151,1.150750001,1.15125,-0.000830751,-0.000909709,patch_2312,473.795756,473.951801,461.176571286,461.30853
2303,1.1515,1.15125,1.151750001,-0.001355453,-0.001484281,patch_2313,473.951801,474.107847,461.176571286,461.391875
2304,1.152,1.151750001,1.15225,-0.001779803,-0.001948964,patch_2314,474.107847,474.263892,461.176571286,461.45928
2305,1.1525,1.15225,1.152750002,-0.002002728,-0.002193077,patch_2315,474.263892,474.419938,461.176571286,461.49469
2306,1.153,1.152750002,1.15325,-0.001923134,-0.002105917,patch_2316,474.419938,474.575983,461.176571286,461.482047
2307,1.1535,1.15325,1.153749999,-0.001439926,-0.001576783,patch_2317,474.575983,474.732028,461.176571286,461.405293
2308,1.154,1.153749999,1.15425,-0.000452012,-0.000494973,patch_2318,474.732028,474.888074,461.176571286,461.24837
2309,1.1545,1.15425,1.154749999,0.001125978,0.001232996,patch_2319,474.888074,475.044119,461.176571286,460.997718
2310,1.155,1.154749999,1.155250001,0.003199765,0.003503886,patch_2320,475.044119,475.200165,461.176571286,460.668312
2311,1.1555,1.155250001,1.155749999,0.005560624,0.006089131,patch_2321,475.200165,475.35621,461.176571286,460.293307
2312,1.156,1.155749999,1.156250001,0.007997972,0.008758137,patch_2322,475.35621,475.512256,461.176571286,459.906152
2313,1.1565,1.156250001,1.15675,0.010301245,0.011280323,patch_2323,475.512256,475.668301,461.176571286,459.540294
2314,1.157,1.15675,1.157250001,0.01225985,0.013425083,patch_2324,475.668301,475.824347,461.176571286,459.229184
2315,1.1575,1.157250001,1.15775,0.01366322,0.014961835,patch_2325,475.824347,475.980392,461.176571286,459.006269
2316,1.158,1.15775,1.158249998,0.014300775,0.015659987,patch_2326,475.980392,476.136437,461.176571286,458.904998
2317,1.1585,1.158250002,1.15875,0.013992684,0.015322613,patch_2327,476.136438,476.292483,461.176571286,458.953936
2318,1.159,1.15875,1.159249999,0.012930268,0.01415922,patch_2328,476.292483,476.448528,461.176571286,459.122693
2319,1.1595,1.159249999,1.15975,0.01155101,0.012648871,patch_2329,476.448528,476.604574,461.176571286,459.341778
2320,1.16,1.15975,1.160249999,0.010296813,0.01127547,patch_2330,476.604574,476.760619,461.176571286,459.540998
2321,1.1605,1.160249999,1.160750001,0.009609573,0.010522912,patch_2331,476.760619,476.916665,461.176571286,459.650161
2322,1.161,1.160750001,1.161249999,0.009931194,0.0108751,patch_2332,476.916665,477.07271,461.176571286,459.599074
2323,1.1615,1.161249999,1.161750001,0.01170357,0.012815931,patch_2333,477.07271,477.228756,461.176571286,459.317545
2324,1.162,1.161750001,1.16225,0.015368599,0.016829301,patch_2334,477.228756,477.384801,461.176571286,458.735382
2325,1.1625,1.16225,1.162750001,0.021323737,0.023350443,patch_2335,477.384801,477.540847,461.176571286,457.789452
2326,1.163,1.162750001,1.16325,0.029398947,0.032193159,patch_2336,477.540847,477.696892,461.176571286,456.506764
2327,1.1635,1.16325,1.163750002,0.039032518,0.042742348,patch_2337,477.696892,477.852938,461.176571286,454.976542
2328,1.164,1.163749998,1.16425,0.049654928,0.054374361,patch_2338,477.852937,478.008983,461.176571286,453.28925
2329,1.1645,1.16425,1.164749999,0.060696684,0.066465576,patch_2339,478.008983,478.165028,461.176571286,451.535348
2330,1.165,1.164749999,1.16525,0.071588279,0.078392359,patch_2340,478.165028,478.321074,461.176571286,449.805298
2331,1.1655,1.16525,1.165749999,0.081760206,0.089531072,patch_2341,478.321074,478.477119,461.176571286,448.189562
2332,1.166,1.165749999,1.166250001,0.090642945,0.099258068,patch_2342,478.477119,478.633165,461.176571286,446.778604
2333,1.1665,1.166250001,1.166749999,0.097695074,0.106980464,patch_2343,478.633165,478.78921,461.176571286,445.658425
2334,1.167,1.166749999,1.167250001,0.102754376,0.112520625,patch_2344,478.78921,478.945256,461.176571286,444.854792
2335,1.1675,1.167250001,1.16775,0.105931022,0.115999194,patch_2345,478.945256,479.101301,461.176571286,444.350205
2336,1.168,1.16775,1.168250001,0.107341147,0.117543344,patch_2346,479.101301,479.257347,461.176571286,444.126217
2337,1.1685,1.168250001,1.16875,0.107100903,0.117280266,patch_2347,479.257347,479.413392,461.176571286,444.164378
2338,1.169,1.16875,1.169250002,0.105326411,0.115337118,patch_2348,479.413392,479.569438,461.176571286,444.446243
2339,1.1695,1.169250002,1.16975,0.102133862,0.111841135,patch_2349,479.569438,479.725483,461.176571286,444.953356
2340,1.17,1.16975,1.170249999,0.097639352,0.106919446,patch_2350,479.725483,479.881528,461.176571286,445.667276
2341,1.1705,1.170249999,1.17075,0.09197068,0.100711997,patch_2351,479.881528,480.037574,461.176571286,446.567703
2342,1.171,1.17075,1.171249999,0.08542254,0.093541492,patch_2352,480.037574,480.193619,461.176571286,447.607827
2343,1.1715,1.171249999,1.171750001,0.078414285,0.08586714,patch_2353,480.193619,480.349665,461.176571286,448.721037
2344,1.172,1.171750001,1.172249999,0.071368306,0.078151479,patch_2354,480.349665,480.50571,461.176571286,449.840239
2345,1.1725,1.172249999,1.172750001,0.064706973,0.070857022,patch_2355,480.50571,480.661756,461.176571286,450.898343
2346,1.173,1.172750001,1.17325,0.058852677,0.064446306,patch_2356,480.661756,480.817801,461.176571286,451.828255
2347,1.1735,1.17325,1.173750001,0.054227786,0.059381845,patch_2357,480.817801,480.973847,461.176571286,452.562885
2348,1.174,1.173750001,1.17425,0.051254687,0.056126169,patch_2358,480.973847,481.129892,461.176571286,453.03514
2349,1.1745,1.17425,1.174750002,0.050318956,0.055101501,patch_2359,481.129892,481.285938,461.176571286,453.183774
2350,1.175,1.174750002,1.17525,0.051247227,0.056117999,patch_2360,481.285938,481.441983,461.176571286,453.036325
2351,1.1755,1.17525,1.175749999,0.053431482,0.058509857,patch_2361,481.441983,481.598028,461.176571286,452.689372
2352,1.176,1.175749999,1.17625,0.056252305,0.061598783,patch_2362,481.598028,481.754074,461.176571286,452.241305
2353,1.1765,1.17625,1.176749999,0.05909027,0.064706482,patch_2363,481.754074,481.910119,461.176571286,451.790515
2354,1.177,1.176749999,1.177250001,0.061325935,0.067154635,patch_2364,481.910119,482.066165,461.176571286,451.435396
2355,1.1775,1.177250001,1.177749999,0.06233987,0.068264938,patch_2365,482.066165,482.22221,461.176571286,451.27434
2356,1.178,1.177749999,1.178250001,0.061512649,0.067359094,patch_2366,482.22221,482.378256,461.176571286,451.405738
2357,1.1785,1.178250001,1.17875,0.058264648,0.063802389,patch_2367,482.378256,482.534301,461.176571286,451.921659
2358,1.179,1.17875,1.179250001,0.052658642,0.057663562,patch_2368,482.534301,482.690347,461.176571286,452.812132
2359,1.1795,1.179250001,1.17975,0.045277017,0.049580354,patch_2369,482.690347,482.846392,461.176571286,453.984649
2360,1.18,1.17975,1.180250002,0.036717076,0.040206836,patch_2370,482.846392,483.002438,461.176571286,455.344333
2361,1.1805,1.180250002,1.18075,0.027576112,0.030197073,patch_2371,483.002438,483.158483,461.176571286,456.796308
2362,1.181,1.18075,1.181249999,0.01845141,0.020205117,patch_2372,483.158483,483.314528,461.176571286,458.2457
2363,1.1815,1.181249999,1.18175,0.009940272,0.010885041,patch_2373,483.314528,483.470574,461.176571286,459.597632
2364,1.182,1.18175,1.182249999,0.002639985,0.002890901,patch_2374,483.470574,483.626619,461.176571286,460.757229
2365,1.1825,1.182249999,1.182750001,-0.002876574,-0.003149977,patch_2375,483.626619,483.782665,461.176571286,461.633494
2366,1.183,1.182750001,1.183249999,-0.006455827,-0.007069418,patch_2376,483.782665,483.93871,461.176571286,462.202032
2367,1.1835,1.183249999,1.183750001,-0.008296982,-0.009085565,patch_2377,483.93871,484.094756,461.176571286,462.494486
2368,1.184,1.183750001,1.18425,-0.008610216,-0.009428571,patch_2378,484.094756,484.250801,461.176571286,462.544241
2369,1.1845,1.18425,1.184750001,-0.007605738,-0.008328622,patch_2379,484.250801,484.406847,461.176571286,462.384687
2370,1.185,1.184750001,1.18525,-0.005493724,-0.006015872,patch_2380,484.406847,484.562892,461.176571286,462.049209
2371,1.1855,1.18525,1.185750002,-0.002484368,-0.002720494,patch_2381,484.562892,484.718938,461.176571286,461.571195
2372,1.186,1.185750002,1.18625,0.001212126,0.001327332,patch_2382,484.718938,484.874983,461.176571286,460.984034
2373,1.1865,1.18625,1.186749999,0.005391444,0.005903871,patch_2383,484.874983,485.031028,461.176571286,460.32018
2374,1.187,1.186749999,1.18725,0.00995652,0.010902834,patch_2384,485.031028,485.187074,461.176571286,459.595051
2375,1.1875,1.18725,1.187749999,0.014904158,0.016320718,patch_2385,485.187074,485.343119,461.176571286,458.809155
2376,1.188,1.187749999,1.188250001,0.020234338,0.022157503,patch_2386,485.343119,485.499165,461.176571286,457.962495
2377,1.1885,1.188250001,1.188749999,0.025947022,0.028413147,patch_2387,485.499165,485.65521,461.176571286,457.055077
2378,1.189,1.188749999,1.189250001,0.032042204,0.035087643,patch_2388,485.65521,485.811256,461.176571286,456.086902
2379,1.1895,1.189250001,1.18975,0.038519847,0.042180951,patch_2389,485.811256,485.967301,461.176571286,455.057976
2380,1.19,1.18975,1.190250001,0.045379924,0.049693041,patch_2390,485.967301,486.123347,461.176571286,453.968303
2381,1.1905,1.190250001,1.19075,0.052617539,0.057618552,patch_2391,486.123347,486.279392,461.176571286,452.818661
2382,1.191,1.19075,1.191250002,0.060132465,0.065847732,patch_2392,486.279392,486.435438,461.176571286,451.62497
2383,1.1915,1.191250002,1.19175,0.067737714,0.074175818,patch_2393,486.435438,486.591483,461.176571286,450.416932
2384,1.192,1.19175,1.192249999,0.075243153,0.082394609,patch_2394,486.591483,486.747528,461.176571286,449.224748
2385,1.1925,1.192249999,1.19275,0.082458632,0.090295881,patch_2395,486.747528,486.903574,461.176571286,448.078622
2386,1.193,1.19275,1.193249999,0.089194014,0.097671424,patch_2396,486.903574,487.059619,461.176571286,447.008756
2387,1.1935,1.193249999,1.193750001,0.095259154,0.104313023,patch_2397,487.059619,487.215665,461.176571286,446.045353
2388,1.194,1.193750001,1.194249999,0.10046392,0.110012474,patch_2398,487.215665,487.37171,461.176571286,445.218614
2389,1.1945,1.194249999,1.194750001,0.10461963,0.114563162,patch_2399,487.37171,487.527756,461.176571286,444.55851
2390,1.195,1.194750001,1.19525,0.107568888,0.117792731,patch_2400,487.527756,487.683801,461.176571286,444.090042
2391,1.1955,1.19525,1.195750001,0.109183763,0.11956109,patch_2401,487.683801,487.839847,461.176571286,443.833531
2392,1.196,1.195750001,1.19625,0.109337537,0.119729481,patch_2402,487.839847,487.995892,461.176571286,443.809105
2393,1.1965,1.19625,1.196750002,0.107903471,0.118159113,patch_2403,487.995892,488.151938,461.176571286,444.036896
2394,1.197,1.196750002,1.19725,0.104754833,0.114711215,patch_2404,488.151938,488.307983,461.176571286,444.537034
2395,1.1975,1.19725,1.197749999,0.099764877,0.10924699,patch_2405,488.307983,488.464028,461.176571286,445.329652
2396,1.198,1.197749999,1.19825,0.092806878,0.101627672,patch_2406,488.464028,488.620074,461.176571286,446.434879
2397,1.1985,1.19825,1.198749999,0.083770176,0.091732079,patch_2407,488.620074,488.776119,461.176571286,447.870293
2398,1.199,1.198749999,1.199250001,0.072904216,0.079833369,patch_2408,488.776119,488.932165,461.176571286,449.596271
2399,1.1995,1.199250001,1.199749999,0.060812786,0.066592714,patch_2409,488.932165,489.08821,461.176571286,451.516906
2400,1.2,1.199749999,1.200250001,0.048114718,0.052687763,patch_2410,489.08821,489.244256,461.176571286,453.533901
2401,1.2005,1.200250001,1.20075,0.035428845,0.038796165,patch_2411,489.244256,489.400301,461.176571286,455.548959
2402,1.201,1.20075,1.201250001,0.023373948,0.025595516,patch_2412,489.400301,489.556347,461.176571286,457.463791
2403,1.2015,1.201250001,1.20175,0.012568866,0.013763469,patch_2413,489.556347,489.712392,461.176571286,459.180099
2404,1.202,1.20175,1.202250002,0.003632401,0.003977641,patch_2414,489.712392,489.868438,461.176571286,460.599591
2405,1.2025,1.202250002,1.20275,-0.002837649,-0.003107352,patch_2415,489.868438,490.024483,461.176571286,461.627311
2406,1.203,1.20275,1.203249999,-0.006747952,-0.007389308,patch_2416,490.024483,490.180528,461.176571286,462.248434
2407,1.2035,1.203249999,1.20375,-0.008521632,-0.009331567,patch_2417,490.180528,490.336574,461.176571286,462.53017
2408,1.204,1.20375,1.204249999,-0.008605255,-0.009423138,patch_2418,490.336574,490.492619,461.176571286,462.543453
2409,1.2045,1.204249999,1.204750001,-0.007445378,-0.008153021,patch_2419,490.492619,490.648665,461.176571286,462.359215
2410,1.205,1.204750001,1.205249999,-0.005488549,-0.006010206,patch_2420,490.648665,490.80471,461.176571286,462.048387
2411,1.2055,1.205249999,1.205750001,-0.003181329,-0.003483697,patch_2421,490.80471,490.960756,461.176571286,461.681902
2412,1.206,1.205750001,1.20625,-0.000970266,-0.001062485,patch_2422,490.960756,491.116801,461.176571286,461.330691
2413,1.2065,1.20625,1.206750001,0.000708527,0.000775868,patch_2423,491.116801,491.272847,461.176571286,461.064027
2414,1.207,1.206750001,1.20725,0.001688742,0.001849248,patch_2424,491.272847,491.428892,461.176571286,460.908327
2415,1.2075,1.20725,1.207750002,0.002091329,0.002290099,patch_2425,491.428892,491.584938,461.176571286,460.844379
2416,1.208,1.207750002,1.20825,0.002051195,0.00224615,patch_2426,491.584938,491.740983,461.176571286,460.850754
2417,1.2085,1.20825,1.208749999,0.001703247,0.001865131,patch_2427,491.740983,491.897028,461.176571286,460.906023
2418,1.209,1.208749999,1.20925,0.001182379,0.001294758,patch_2428,491.897028,492.053074,461.176571286,460.988759
2419,1.2095,1.20925,1.209749999,0.000623493,0.000682753,patch_2429,492.053074,492.209119,461.176571286,461.077534
2420,1.21,1.209749999,1.210250001,0.000161495,0.000176844,patch_2430,492.209119,492.365165,461.176571286,461.150919
2421,1.2105,1.210250001,1.210749999,-0.000070093,-0.000076755,patch_2431,492.365165,492.52121,461.176571286,461.187705
2422,1.211,1.210749999,1.211250001,0.000023755,0.000026013,patch_2432,492.52121,492.677256,461.176571286,461.172798
2423,1.2115,1.211250001,1.21175,0.000495454,0.000542545,patch_2433,492.677256,492.833301,461.176571286,461.097872
2424,1.212,1.21175,1.212250001,0.001395219,0.001527827,patch_2434,492.833301,492.989347,461.176571286,460.954951
2425,1.2125,1.212250001,1.21275,0.002773236,0.003036818,patch_2435,492.989347,493.145392,461.176571286,460.736063
2426,1.213,1.21275,1.213250002,0.00467972,0.005124503,patch_2436,493.145392,493.301438,461.176571286,460.433232
2427,1.2135,1.213250002,1.21375,0.007164871,0.007845854,patch_2437,493.301438,493.457483,461.176571286,460.038484
2428,1.214,1.21375,1.214249999,0.01027889,0.011255843,patch_2438,493.457483,493.613528,461.176571286,459.543845
2429,1.2145,1.214249999,1.21475,0.014066172,0.015403086,patch_2439,493.613528,493.769574,461.176571286,458.942263
2430,1.215,1.21475,1.215249999,0.018396306,0.020144775,patch_2440,493.769574,493.925619,461.176571286,458.254453
2431,1.2155,1.215249999,1.215750001,0.022937548,0.025117638,patch_2441,493.925619,494.081665,461.176571286,457.53311
2432,1.216,1.215750001,1.216249999,0.027347005,0.02994619,patch_2442,494.081665,494.23771,461.176571286,456.8327
2433,1.2165,1.216249999,1.216750001,0.031281798,0.034254964,patch_2443,494.23771,494.393756,461.176571286,456.207687
2434,1.217,1.216750001,1.21725,0.034399021,0.037668462,patch_2444,494.393756,494.549801,461.176571286,455.712539
2435,1.2175,1.21725,1.217750001,0.0363558,0.039811223,patch_2445,494.549801,494.705847,461.176571286,455.401719
2436,1.218,1.217750001,1.21825,0.03680923,0.040307748,patch_2446,494.705847,494.861892,461.176571286,455.329695
2437,1.2185,1.21825,1.218750002,0.03542853,0.038795821,patch_2447,494.861892,495.017938,461.176571286,455.549009
2438,1.219,1.218750002,1.21925,0.03227767,0.035345489,patch_2448,495.017938,495.173983,461.176571286,456.0495
2439,1.2195,1.21925,1.219749999,0.027893508,0.030544636,patch_2449,495.173983,495.330028,461.176571286,456.745892
2440,1.22,1.219749999,1.22025,0.022840798,0.025011692,patch_2450,495.330028,495.486074,461.176571286,457.548478
2441,1.2205,1.22025,1.220749999,0.017684299,0.019365096,patch_2451,495.486074,495.642119,461.176571286,458.36755
2442,1.221,1.220749999,1.221250001,0.012988766,0.014223278,patch_2452,495.642119,495.798165,461.176571286,459.113401
2443,1.2215,1.221250001,1.221749999,0.009318946,0.010204662,patch_2453,495.798165,495.95421,461.176571286,459.696325
2444,1.222,1.221749999,1.222250001,0.007239599,0.007927684,patch_2454,495.95421,496.110256,461.176571286,460.026614
2445,1.2225,1.222250001,1.22275,0.007306036,0.008000435,patch_2455,496.110256,496.266301,461.176571286,460.016061
2446,1.223,1.22275,1.223250001,0.009738947,0.010664581,patch_2456,496.266301,496.422347,461.176571286,459.629611
2447,1.2235,1.223250001,1.22375,0.014342011,0.015705142,patch_2457,496.422347,496.578392,461.176571286,458.898448
2448,1.224,1.22375,1.224250002,0.020892751,0.022878494,patch_2458,496.578392,496.734438,461.176571286,457.857911
2449,1.2245,1.224250002,1.22475,0.029168694,0.031941022,patch_2459,496.734438,496.890483,461.176571286,456.543338
2450,1.225,1.22475,1.225249999,0.038947364,0.042649101,patch_2460,496.890483,497.046528,461.176571286,454.990068
2451,1.2255,1.225249999,1.22575,0.050006301,0.05475913,patch_2461,497.046528,497.202574,461.176571286,453.233437
2452,1.226,1.22575,1.226249999,0.06212302,0.068027478,patch_2462,497.202574,497.358619,461.176571286,451.308785
2453,1.2265,1.226249999,1.226750001,0.075072802,0.082208067,patch_2463,497.358619,497.514665,461.176571286,449.251807
2454,1.227,1.226750001,1.227249999,0.08854417,0.096959816,patch_2464,497.514665,497.67071,461.176571286,447.111979
2455,1.2275,1.227249999,1.227750001,0.102113112,0.111818413,patch_2465,497.67071,497.826756,461.176571286,444.956652
2456,1.228,1.227750001,1.22825,0.115348196,0.12631142,patch_2466,497.826756,497.982801,461.176571286,442.854356
2457,1.2285,1.22825,1.228750001,0.127817912,0.139966315,patch_2467,497.982801,498.138847,461.176571286,440.873633
2458,1.229,1.228750001,1.22925,0.13909079,0.152310619,patch_2468,498.138847,498.294892,461.176571286,439.083019
2459,1.2295,1.22925,1.229750002,0.148735371,0.162871865,patch_2469,498.294892,498.450938,461.176571286,437.551048
2460,1.23,1.229750002,1.23025,0.156320152,0.17117754,patch_2470,498.450938,498.606983,461.176571286,436.346261
2461,1.2305,1.23025,1.230749999,0.161421326,0.176763552,patch_2471,498.606983,498.763028,461.176571286,435.535977
2462,1.231,1.230749999,1.23125,0.163938597,0.179520076,patch_2472,498.763028,498.919074,461.176571286,435.136127
2463,1.2315,1.23125,1.231749999,0.164208083,0.179815176,patch_2473,498.919074,499.075119,461.176571286,435.093321
2464,1.232,1.231749999,1.232250001,0.16259669,0.178050629,patch_2474,499.075119,499.231165,461.176571286,435.349279
2465,1.2325,1.232250001,1.232749999,0.159471378,0.174628272,patch_2475,499.231165,499.38721,461.176571286,435.845712
2466,1.233,1.232749999,1.233250001,0.155199037,0.169949868,patch_2476,499.38721,499.543256,461.176571286,436.524342
2467,1.2335,1.233250001,1.23375,0.150146648,0.164417277,patch_2477,499.543256,499.699301,461.176571286,437.326877
2468,1.234,1.23375,1.234250001,0.144681139,0.158432301,patch_2478,499.699301,499.855347,461.176571286,438.195033
2469,1.2345,1.234250001,1.23475,0.139167306,0.152394407,patch_2479,499.855347,500.011392,461.176571286,439.070865
2470,1.235,1.23475,1.235250002,0.133872047,0.146595863,patch_2480,500.011392,500.167438,461.176571286,439.911978
2471,1.2355,1.235250002,1.23575,0.128924724,0.141178324,patch_2481,500.167438,500.323483,461.176571286,440.697824
2472,1.236,1.23575,1.236249999,0.124444429,0.136272201,patch_2482,500.323483,500.479528,461.176571286,441.409486
2473,1.2365,1.236249999,1.23675,0.120550299,0.132007955,patch_2483,500.479528,500.635574,461.176571286,442.02804
2474,1.237,1.23675,1.237249999,0.117361376,0.128515942,patch_2484,500.635574,500.791619,461.176571286,442.534577
2475,1.2375,1.237249999,1.237750001,0.114996798,0.125926623,patch_2485,500.791619,500.947665,461.176571286,442.910173
2476,1.238,1.237750001,1.238249999,0.113575637,0.124370388,patch_2486,500.947665,501.10371,461.176571286,443.135914
2477,1.2385,1.238249999,1.238750001,0.113214877,0.123975341,patch_2487,501.10371,501.259756,461.176571286,443.193218
2478,1.239,1.238750001,1.23925,0.113922666,0.124750401,patch_2488,501.259756,501.415801,461.176571286,443.080791
2479,1.2395,1.23925,1.239750001,0.11554818,0.126530411,patch_2489,501.415801,501.571847,461.176571286,442.82259
2480,1.24,1.239750001,1.24025,0.117928057,0.129136482,patch_2490,501.571847,501.727892,461.176571286,442.444564
2481,1.2405,1.24025,1.240750002,0.120898889,0.132389677,patch_2491,501.727892,501.883938,461.176571286,441.972669
2482,1.241,1.240750002,1.24125,0.12429729,0.136111077,patch_2492,501.883938,502.039983,461.176571286,441.432858
2483,1.2415,1.24125,1.241749999,0.127959889,0.140121786,patch_2493,502.039983,502.196028,461.176571286,440.851081
2484,1.242,1.241749999,1.24225,0.131723254,0.144242839,patch_2494,502.196028,502.352074,461.176571286,440.253298
2485,1.2425,1.24225,1.242749999,0.135423274,0.148294526,patch_2495,502.352074,502.508119,461.176571286,439.665577
2486,1.243,1.242749999,1.243250001,0.138852762,0.152049968,patch_2496,502.508119,502.664165,461.176571286,439.120828
2487,1.2435,1.243250001,1.243749999,0.14173919,0.155210736,patch_2497,502.664165,502.82021,461.176571286,438.66234
2488,1.244,1.243749999,1.244250001,0.143804492,0.157472333,patch_2498,502.82021,502.976256,461.176571286,438.334282
2489,1.2445,1.244250001,1.24475,0.144770724,0.158530401,patch_2499,502.976256,503.132301,461.176571286,438.180803
2490,1.245,1.24475,1.245250001,0.144359764,0.158080381,patch_2500,503.132301,503.288347,461.176571286,438.246081
2491,1.2455,1.245250001,1.24575,0.142293644,0.155817888,patch_2501,503.288347,503.444392,461.176571286,438.574269
2492,1.246,1.24575,1.246250002,0.138294322,0.151438452,patch_2502,503.444392,503.600438,461.176571286,439.209532
2493,1.2465,1.246249998,1.24675,0.132088603,0.144642912,patch_2503,503.600437,503.756483,461.176571286,440.195265
2494,1.247,1.24675,1.247249999,0.123709696,0.135467635,patch_2504,503.756483,503.912528,461.176571286,441.526193
2495,1.2475,1.247249999,1.24775,0.113675559,0.124479808,patch_2505,503.912528,504.068574,461.176571286,443.120042
2496,1.248,1.24775,1.248249999,0.102547019,0.112293561,patch_2506,504.068574,504.224619,461.176571286,444.887729
2497,1.2485,1.248249999,1.248750001,0.090884951,0.099523076,patch_2507,504.224619,504.380665,461.176571286,446.740163
2498,1.249,1.248750001,1.249249999,0.079250168,0.086782469,patch_2508,504.380665,504.53671,461.176571286,448.588263
2499,1.2495,1.249249999,1.249750001,0.068203546,0.074685925,patch_2509,504.53671,504.692756,461.176571286,450.342938
2500,1.25,1.249750001,1.25025,0.058305891,0.063847551,patch_2510,504.692756,504.848801,461.176571286,451.915108
2501,1.2505,1.25025,1.250750001,0.050113936,0.054876995,patch_2511,504.848801,505.004847,461.176571286,453.21634
2502,1.251,1.250750001,1.25125,0.04389091,0.048062504,patch_2512,505.004847,505.160892,461.176571286,454.204822
2503,1.2515,1.25125,1.251750002,0.039416564,0.043162896,patch_2513,505.160892,505.316938,461.176571286,454.915539
2504,1.252,1.251750002,1.25225,0.036425567,0.039887621,patch_2514,505.316938,505.472983,461.176571286,455.390637
2505,1.2525,1.25225,1.252749999,0.034652548,0.037946086,patch_2515,505.472983,505.629028,461.176571286,455.672268
2506,1.253,1.252749999,1.25325,0.033832177,0.037047743,patch_2516,505.629028,505.785074,461.176571286,455.802578
2507,1.2535,1.25325,1.253749999,0.033699102,0.03690202,patch_2517,505.785074,505.941119,461.176571286,455.823716
2508,1.254,1.253749999,1.254250001,0.033987966,0.037218339,patch_2518,505.941119,506.097165,461.176571286,455.777832
2509,1.2545,1.254250001,1.254749999,0.034434162,0.037706944,patch_2519,506.097165,506.25321,461.176571286,455.706957
2510,1.255,1.254749999,1.255250001,0.034832494,0.038143134,patch_2520,506.25321,506.409256,461.176571286,455.643685
2511,1.2555,1.255250001,1.25575,0.035079644,0.038413775,patch_2521,506.409256,506.565301,461.176571286,455.604427
2512,1.256,1.25575,1.256250001,0.03508232,0.038416705,patch_2522,506.565301,506.721347,461.176571286,455.604002
2513,1.2565,1.256250001,1.25675,0.034747233,0.03804977,patch_2523,506.721347,506.877392,461.176571286,455.657228
2514,1.257,1.25675,1.257249998,0.033981092,0.037210811,patch_2524,506.877392,507.033437,461.176571286,455.778924
2515,1.2575,1.257250002,1.25775,0.032690607,0.035797673,patch_2525,507.033438,507.189483,461.176571286,455.983908
2516,1.258,1.25775,1.258249999,0.030782499,0.033708209,patch_2526,507.189483,507.345528,461.176571286,456.286997
2517,1.2585,1.258249999,1.25875,0.028164594,0.030841487,patch_2527,507.345528,507.501574,461.176571286,456.702832
2518,1.259,1.25875,1.259249999,0.024847607,0.027209238,patch_2528,507.501574,507.657619,461.176571286,457.229711
2519,1.2595,1.259249999,1.259750001,0.021026065,0.023024479,patch_2529,507.657619,507.813665,461.176571286,457.836735
2520,1.26,1.259750001,1.260249999,0.016913505,0.018521042,patch_2530,507.813665,507.96971,461.176571286,458.489985
2521,1.2605,1.260249999,1.260750001,0.012723491,0.01393279,patch_2531,507.96971,508.125756,461.176571286,459.155538
2522,1.261,1.260750001,1.26125,0.00866958,0.009493577,patch_2532,508.125756,508.281801,461.176571286,459.799472
2523,1.2615,1.26125,1.261750001,0.004965324,0.005437251,patch_2533,508.281801,508.437847,461.176571286,460.387866
2524,1.262,1.261750001,1.26225,0.001824272,0.00199766,patch_2534,508.437847,508.593892,461.176571286,460.886799
2525,1.2625,1.26225,1.262750002,-0.000541131,-0.000592563,patch_2535,508.593892,508.749938,461.176571286,461.262526
2526,1.263,1.262749998,1.26325,-0.002036,-0.002229511,patch_2536,508.749937,508.905983,461.176571286,461.499975
2527,1.2635,1.26325,1.263749999,-0.002784156,-0.003048775,patch_2537,508.905983,509.062028,461.176571286,461.618814
2528,1.264,1.263749999,1.26425,-0.00293331,-0.003212105,patch_2538,509.062028,509.218074,461.176571286,461.642506
2529,1.2645,1.26425,1.264749999,-0.002631143,-0.002881219,patch_2539,509.218074,509.374119,461.176571286,461.594509
2530,1.265,1.264749999,1.265250001,-0.002025361,-0.00221786,patch_2540,509.374119,509.530165,461.176571286,461.498285
2531,1.2655,1.265250001,1.265749999,-0.001263657,-0.001383761,patch_2541,509.530165,509.68621,461.176571286,461.377294
2532,1.266,1.265749999,1.266250001,-0.000493719,-0.000540645,patch_2542,509.68621,509.842256,461.176571286,461.254995
2533,1.2665,1.266250001,1.26675,0.000137245,0.000150289,patch_2543,509.842256,509.998301,461.176571286,461.154771
2534,1.267,1.26675,1.267250001,0.000541103,0.000592532,patch_2544,509.998301,510.154347,461.176571286,461.090621
2535,1.2675,1.267250001,1.26775,0.000744285,0.000815026,patch_2545,510.154347,510.310392,461.176571286,461.058347
2536,1.268,1.26775,1.268250002,0.000786371,0.000861111,patch_2546,510.310392,510.466438,461.176571286,461.051662
2537,1.2685,1.268250002,1.26875,0.000706928,0.000774117,patch_2547,510.466438,510.622483,461.176571286,461.064281
2538,1.269,1.26875,1.269249999,0.000545542,0.000597392,patch_2548,510.622483,510.778528,461.176571286,461.089916
2539,1.2695,1.269249999,1.26975,0.00034178,0.000374265,patch_2549,510.778528,510.934574,461.176571286,461.122282
2540,1.27,1.26975,1.270249999,0.000135211,0.000148062,patch_2550,510.934574,511.090619,461.176571286,461.155094
2541,1.2705,1.270249999,1.270750001,-0.000034687,-0.000037983,patch_2551,511.090619,511.246665,461.176571286,461.182081
2542,1.271,1.270750001,1.271249999,-0.000143788,-0.000157455,patch_2552,511.246665,511.40271,461.176571286,461.199411
2543,1.2715,1.271249999,1.271750001,-0.000198956,-0.000217866,patch_2553,511.40271,511.558756,461.176571286,461.208174
2544,1.272,1.271750001,1.27225,-0.000210804,-0.00023084,patch_2554,511.558756,511.714801,461.176571286,461.210056
2545,1.2725,1.27225,1.272750001,-0.000189928,-0.00020798,patch_2555,511.714801,511.870847,461.176571286,461.20674
2546,1.273,1.272750001,1.27325,-0.000146936,-0.000160902,patch_2556,511.870847,512.026892,461.176571286,461.199911
2547,1.2735,1.27325,1.273749998,-0.000092429,-0.000101214,patch_2557,512.026892,512.182937,461.176571286,461.191253
2548,1.274,1.273749998,1.27425,-0.000037016,-0.000040534,patch_2558,512.182937,512.338983,461.176571286,461.182451
2549,1.2745,1.27425,1.274749999,0.000008727,0.000009557,patch_2559,512.338983,512.495028,461.176571286,461.175185
2550,1.275,1.274749999,1.27525,0.000038197,0.000041827,patch_2560,512.495028,512.651074,461.176571286,461.170504
2551,1.2755,1.27525,1.275749999,0.000053174,0.000058228,patch_2561,512.651074,512.807119,461.176571286,461.168125
2552,1.276,1.275749999,1.276250001,0.000056498,0.000061868,patch_2562,512.807119,512.963165,461.176571286,461.167597
2553,1.2765,1.276250001,1.276749999,0.000051008,0.000055856,patch_2563,512.963165,513.11921,461.176571286,461.168469
2554,1.277,1.276749999,1.277250001,0.000039557,0.000043316,patch_2564,513.11921,513.275256,461.176571286,461.170288
2555,1.2775,1.277250001,1.27775,0.000024982,0.000027357,patch_2565,513.275256,513.431301,461.176571286,461.172603
2556,1.278,1.27775,1.278250001,0.000010119,0.00001108,patch_2566,513.431301,513.587347,461.176571286,461.174964
2557,1.2785,1.278250001,1.27875,-0.000002183,-0.00000239,patch_2567,513.587347,513.743392,461.176571286,461.176918
2558,1.279,1.27875,1.279249998,-0.000010128,-0.00001109,patch_2568,513.743392,513.899437,461.176571286,461.17818
2559,1.2795,1.279250002,1.27975,-0.000014182,-0.00001553,patch_2569,513.899438,514.055483,461.176571286,461.178824
2560,1.28,1.27975,1.280249999,-0.000015101,-0.000016536,patch_2570,514.055483,514.211528,461.176571286,461.17897
2561,1.2805,1.280249999,1.28075,-0.000013647,-0.000014944,patch_2571,514.211528,514.367574,461.176571286,461.178739
2562,1.281,1.28075,1.281249999,-0.000010594,-0.0000116,patch_2572,514.367574,514.523619,461.176571286,461.178254
2563,1.2815,1.281249999,1.281750001,-0.000006703,-0.00000734,patch_2573,514.523619,514.679665,461.176571286,461.177636
2564,1.282,1.281750001,1.282249999,-0.000002743,-0.000003004,patch_2574,514.679665,514.83571,461.176571286,461.177007
2565,1.2825,1.282249999,1.282750001,0.000000537,0.000000588,patch_2575,514.83571,514.991756,461.176571286,461.176486
2566,1.283,1.282750001,1.28325,0.000002627,0.000002877,patch_2576,514.991756,515.147801,461.176571286,461.176154
2567,1.2835,1.28325,1.283750001,0.000003672,0.000004021,patch_2577,515.147801,515.303847,461.176571286,461.175988
2568,1.284,1.283750001,1.28425,0.000003874,0.000004242,patch_2578,515.303847,515.459892,461.176571286,461.175956
2569,1.2845,1.28425,1.284749998,0.000003458,0.000003787,patch_2579,515.459892,515.615937,461.176571286,461.176022
2570,1.285,1.284749998,1.28525,0.00000264,0.000002891,patch_2580,515.615937,515.771983,461.176571286,461.176152
2571,1.2855,1.28525,1.285749999,0.000001626,0.000001781,patch_2581,515.771983,515.928028,461.176571286,461.176313
2572,1.286,1.285749999,1.28625,0.000000638,0.000000698,patch_2582,515.928028,516.084074,461.176571286,461.17647
2573,1.2865,1.28625,1.286749999,-0.000000105,-0.000000115,patch_2583,516.084074,516.240119,461.176571286,461.176588
2574,1.287,1.286749999,1.287250001,-0.000000477,-0.000000522,patch_2584,516.240119,516.396165,461.176571286,461.176647
2575,1.2875,1.287250001,1.287749999,-0.000000546,-0.000000598,patch_2585,516.396165,516.55221,461.176571286,461.176658
2576,1.288,1.287749999,1.288250001,-0.000000407,-0.000000446,patch_2586,516.55221,516.708256,461.176571286,461.176636
2577,1.2885,1.288250001,1.28875,-0.000000162,-0.000000177,patch_2587,516.708256,516.864301,461.176571286,461.176597
2578,1.289,1.28875,1.289250001,0.000000096,0.000000105,patch_2588,516.864301,517.020347,461.176571286,461.176556
2579,1.2895,1.289250001,1.28975,0.00000026,0.000000285,patch_2589,517.020347,517.176392,461.176571286,461.17653
2580,1.29,1.28975,1.290249998,0.000000235,0.000000257,patch_2590,517.176392,517.332437,461.176571286,461.176534
2581,1.2905,1.290249998,1.29075,-0.000000074,-0.000000081,patch_2591,517.332437,517.488483,461.176571286,461.176583
2582,1.291,1.29075,1.291249999,-0.000000697,-0.000000763,patch_2592,517.488483,517.644528,461.176571286,461.176682
2583,1.2915,1.291249999,1.29175,-0.000001478,-0.000001618,patch_2593,517.644528,517.800574,461.176571286,461.176806
2584,1.292,1.29175,1.292249999,-0.000002252,-0.000002466,patch_2594,517.800574,517.956619,461.176571286,461.176929
2585,1.2925,1.292249999,1.292750001,-0.000002825,-0.000003093,patch_2595,517.956619,518.112665,461.176571286,461.17702
2586,1.293,1.292750001,1.293249999,-0.000003033,-0.000003321,patch_2596,518.112665,518.26871,461.176571286,461.177053
2587,1.2935,1.293249999,1.293750001,-0.000002693,-0.000002949,patch_2597,518.26871,518.424756,461.176571286,461.176999
2588,1.294,1.293750001,1.29425,-0.000001622,-0.000001777,patch_2598,518.424756,518.580801,461.176571286,461.176829
2589,1.2945,1.29425,1.294750001,0.000000348,0.000000381,patch_2599,518.580801,518.736847,461.176571286,461.176516
2590,1.295,1.294750001,1.29525,0.000003206,0.000003511,patch_2600,518.736847,518.892892,461.176571286,461.176062
2591,1.2955,1.29525,1.295749998,0.000006411,0.00000702,patch_2601,518.892892,519.048937,461.176571286,461.175553
2592,1.296,1.295750002,1.29625,0.000009363,0.000010253,patch_2602,519.048938,519.204983,461.176571286,461.175084
2593,1.2965,1.29625,1.296749999,0.000011447,0.000012535,patch_2603,519.204983,519.361028,461.176571286,461.174753
2594,1.297,1.296749999,1.29725,0.000012045,0.00001319,patch_2604,519.361028,519.517074,461.176571286,461.174658
2595,1.2975,1.29725,1.297749999,0.000010547,0.000011549,patch_2605,519.517074,519.673119,461.176571286,461.174896
2596,1.298,1.297749999,1.298250001,0.000006335,0.000006937,patch_2606,519.673119,519.829165,461.176571286,461.175565
2597,1.2985,1.298250001,1.298749999,-0.000001188,-0.000001301,patch_2607,519.829165,519.98521,461.176571286,461.17676
2598,1.299,1.298749999,1.299250001,-0.000011953,-0.00001309,patch_2608,519.98521,520.141256,461.176571286,461.17847
2599,1.2995,1.299250001,1.29975,-0.000024009,-0.000026291,patch_2609,520.141256,520.297301,461.176571286,461.180385
2600,1.3,1.29975,1.300250001,-0.000035077,-0.000038411,patch_2610,520.297301,520.453347,461.176571286,461.182143
2601,1.3005,1.300250001,1.30075,-0.000042883,-0.000046959,patch_2611,520.453347,520.609392,461.176571286,461.183383
2602,1.301,1.30075,1.301249998,-0.000045156,-0.000049448,patch_2612,520.609392,520.765437,461.176571286,461.183744
2603,1.3015,1.301250002,1.30175,-0.000039629,-0.000043395,patch_2613,520.765438,520.921483,461.176571286,461.182866
2604,1.302,1.30175,1.302249999,-0.000024028,-0.000026312,patch_2614,520.921483,521.077528,461.176571286,461.180388
2605,1.3025,1.302249999,1.30275,0.000003918,0.00000429,patch_2615,521.077528,521.233574,461.176571286,461.175949
2606,1.303,1.30275,1.303249999,0.000044008,0.00004819,patch_2616,521.233574,521.389619,461.176571286,461.169581
2607,1.3035,1.303249999,1.303750001,0.000089002,0.000097461,patch_2617,521.389619,521.545665,461.176571286,461.162434
2608,1.304,1.303750001,1.304249999,0.00013042,0.000142816,patch_2618,521.545665,521.70171,461.176571286,461.155855
2609,1.3045,1.304249999,1.304750001,0.000159795,0.000174983,patch_2619,521.70171,521.857756,461.176571286,461.151189
2610,1.305,1.304750001,1.30525,0.000168647,0.000184676,patch_2620,521.857756,522.013801,461.176571286,461.149783
2611,1.3055,1.30525,1.305750001,0.000148501,0.000162615,patch_2621,522.013801,522.169847,461.176571286,461.152983
2612,1.306,1.305750001,1.30625,0.000090878,0.000099515,patch_2622,522.169847,522.325892,461.176571286,461.162136
2613,1.3065,1.30625,1.306749998,-0.000012684,-0.000013889,patch_2623,522.325892,522.481937,461.176571286,461.178586
2614,1.307,1.306749998,1.30725,-0.000161787,-0.000177164,patch_2624,522.481937,522.637983,461.176571286,461.20227
2615,1.3075,1.30725,1.307749999,-0.000329664,-0.000360997,patch_2625,522.637983,522.794028,461.176571286,461.228936
2616,1.308,1.307749999,1.30825,-0.000484685,-0.000530752,patch_2626,522.794028,522.950074,461.176571286,461.25356
2617,1.3085,1.30825,1.308749999,-0.000595216,-0.000651788,patch_2627,522.950074,523.106119,461.176571286,461.271117
2618,1.309,1.308749999,1.309250001,-0.000629634,-0.000689477,patch_2628,523.106119,523.262165,461.176571286,461.276584
2619,1.3095,1.309250001,1.309749999,-0.000556303,-0.000609177,patch_2629,523.262165,523.41821,461.176571286,461.264936
2620,1.31,1.309749999,1.310250001,-0.00034359,-0.000376246,patch_2630,523.41821,523.574256,461.176571286,461.231148
2621,1.3105,1.310250001,1.31075,0.000040117,0.00004393,patch_2631,523.574256,523.730301,461.176571286,461.170199
2622,1.311,1.31075,1.311250001,0.000594615,0.00065113,patch_2632,523.730301,523.886347,461.176571286,461.082121
2623,1.3115,1.311250001,1.31175,0.001220965,0.001337011,patch_2633,523.886347,524.042392,461.176571286,460.98263
2624,1.312,1.31175,1.312249998,0.001801105,0.00197229,patch_2634,524.042392,524.198437,461.176571286,460.890479
2625,1.3125,1.312250002,1.31275,0.002216994,0.002427708,patch_2635,524.198438,524.354483,461.176571286,460.824418
2626,1.313,1.31275,1.313249999,0.002350586,0.002573996,patch_2636,524.354483,524.510528,461.176571286,460.803198
2627,1.3135,1.313249999,1.31375,0.002083825,0.002281881,patch_2637,524.510528,524.666574,461.176571286,460.845571
2628,1.314,1.31375,1.314249999,0.001298664,0.001422095,patch_2638,524.666574,524.822619,461.176571286,460.970288
2629,1.3145,1.314249999,1.314750001,-0.000122912,-0.000134594,patch_2639,524.822619,524.978665,461.176571286,461.196095
2630,1.315,1.314750001,1.315249999,-0.002184946,-0.002392614,patch_2640,524.978665,525.13471,461.176571286,461.523634
2631,1.3155,1.315249999,1.315750001,-0.00452173,-0.004951496,patch_2641,525.13471,525.290756,461.176571286,461.894815
2632,1.316,1.315750001,1.31625,-0.006692709,-0.007328815,patch_2642,525.290756,525.446801,461.176571286,462.239659
2633,1.3165,1.31625,1.316750001,-0.008257301,-0.009042113,patch_2643,525.446801,525.602847,461.176571286,462.488183
2634,1.317,1.316750001,1.31725,-0.008774958,-0.00960897,patch_2644,525.602847,525.758892,461.176571286,462.570409
2635,1.3175,1.31725,1.317749998,-0.007805111,-0.008546945,patch_2645,525.758892,525.914937,461.176571286,462.416356
2636,1.318,1.317750002,1.31825,-0.0049072,-0.005373603,patch_2646,525.914938,526.070983,461.176571286,461.956044
2637,1.3185,1.31825,1.318749999,0.000359326,0.000393478,patch_2647,526.070983,526.227028,461.176571286,461.119495
2638,1.319,1.318749999,1.31925,0.008261674,0.009046901,patch_2648,526.227028,526.383074,461.176571286,459.864265
2639,1.3195,1.31925,1.319749999,0.018479142,0.020235485,patch_2649,526.383074,526.539119,461.176571286,458.241295
2640,1.32,1.319749999,1.320250001,0.03056648,0.033471659,patch_2650,526.539119,526.695165,461.176571286,456.32131
2641,1.3205,1.320250001,1.320749999,0.044078422,0.048267839,patch_2651,526.695165,526.85121,461.176571286,454.175037
2642,1.321,1.320749999,1.321250001,0.058569711,0.064136447,patch_2652,526.85121,527.007256,461.176571286,451.873202
2643,1.3215,1.321250001,1.32175,0.073595088,0.080589905,patch_2653,527.007256,527.163301,461.176571286,449.486531
2644,1.322,1.32175,1.322250001,0.088709308,0.097140649,patch_2654,527.163301,527.319347,461.176571286,447.085748
2645,1.3225,1.322250001,1.32275,0.103467131,0.113301124,patch_2655,527.319347,527.475392,461.176571286,444.741576
2646,1.323,1.32275,1.323249998,0.117518677,0.128688193,patch_2656,527.475392,527.631437,461.176571286,442.509591
2647,1.3235,1.323249998,1.32375,0.130852625,0.143289462,patch_2657,527.631437,527.787483,461.176571286,440.391591
2648,1.324,1.32375,1.324249999,0.143532631,0.157174634,patch_2658,527.787483,527.943528,461.176571286,438.377465
2649,1.3245,1.324249999,1.32475,0.155622424,0.170413497,patch_2659,527.943528,528.099574,461.176571286,436.45709
2650,1.325,1.32475,1.325249999,0.167185602,0.183075692,patch_2660,528.099574,528.255619,461.176571286,434.620364
2651,1.3255,1.325249999,1.325750001,0.178285881,0.195230993,patch_2661,528.255619,528.411665,461.176571286,432.857166
2652,1.326,1.325750001,1.326249999,0.188986942,0.206949131,patch_2662,528.411665,528.56771,461.176571286,431.157381
2653,1.3265,1.326249999,1.326750001,0.199352444,0.218299818,patch_2663,528.56771,528.723756,461.176571286,429.510897
2654,1.327,1.326750001,1.32725,0.209392844,0.229294505,patch_2664,528.723756,528.879801,461.176571286,427.916053
2655,1.3275,1.32725,1.327750001,0.21892114,0.239728414,patch_2665,528.879801,529.035847,461.176571286,426.402553
2656,1.328,1.327750001,1.32825,0.227704542,0.249346631,patch_2666,529.035847,529.191892,461.176571286,425.007374
2657,1.3285,1.32825,1.328749998,0.235510184,0.257894157,patch_2667,529.191892,529.347937,461.176571286,423.767505
2658,1.329,1.328750002,1.32925,0.242105352,0.26511616,patch_2668,529.347938,529.503983,461.176571286,422.719911
2659,1.3295,1.32925,1.329749999,0.247257173,0.270757633,patch_2669,529.503983,529.660028,461.176571286,421.901582
2660,1.33,1.329749999,1.33025,0.250732901,0.274563711,patch_2670,529.660028,529.816074,461.176571286,421.349488
2661,1.3305,1.33025,1.330749999,0.252299697,0.276279422,patch_2671,529.816074,529.972119,461.176571286,421.100614
2662,1.331,1.330749999,1.331250001,0.251830818,0.275765979,patch_2672,529.972119,530.128165,461.176571286,421.175092
2663,1.3315,1.331250001,1.331749999,0.2496112,0.273335398,patch_2673,530.128165,530.28421,461.176571286,421.527662
2664,1.332,1.331749999,1.332250001,0.246025589,0.269408995,patch_2674,530.28421,530.440256,461.176571286,422.09721
2665,1.3325,1.332250001,1.33275,0.241458863,0.264408226,patch_2675,530.440256,530.596301,461.176571286,422.822601
2666,1.333,1.33275,1.333250001,0.236295729,0.258754363,patch_2676,530.596301,530.752347,461.176571286,423.642727
2667,1.3335,1.333250001,1.33375,0.230921002,0.252868797,patch_2677,530.752347,530.908392,461.176571286,424.496463
2668,1.334,1.33375,1.334249998,0.225719496,0.247172917,patch_2678,530.908392,531.064437,461.176571286,425.322684
2669,1.3345,1.334250002,1.33475,0.221075952,0.242088029,patch_2679,531.064438,531.220483,461.176571286,426.060277
2670,1.335,1.33475,1.335249999,0.217306851,0.237960695,patch_2680,531.220483,531.376528,461.176571286,426.658971
2671,1.3355,1.335249999,1.33575,0.214450925,0.234833328,patch_2681,531.376528,531.532574,461.176571286,427.112614
2672,1.336,1.33575,1.336249999,0.212476537,0.232671286,patch_2682,531.532574,531.688619,461.176571286,427.426231
2673,1.3365,1.336249999,1.336750001,0.211352003,0.231439871,patch_2683,531.688619,531.844665,461.176571286,427.604855
2674,1.337,1.336750001,1.337249999,0.211045681,0.231104435,patch_2684,531.844665,532.00071,461.176571286,427.653512
2675,1.3375,1.337249999,1.337750001,0.211525886,0.23163028,patch_2685,532.00071,532.156756,461.176571286,427.577235
2676,1.338,1.337750001,1.33825,0.212760969,0.232982752,patch_2686,532.156756,532.312801,461.176571286,427.381051
2677,1.3385,1.33825,1.338750001,0.214719221,0.235127126,patch_2687,532.312801,532.468847,461.176571286,427.069997
2678,1.339,1.338750001,1.33925,0.21733819,0.237995013,patch_2688,532.468847,532.624892,461.176571286,426.653993
2679,1.3395,1.33925,1.339749998,0.220424263,0.2413744,patch_2689,532.624892,532.780937,461.176571286,426.163793
2680,1.34,1.339750002,1.34025,0.223749113,0.245015259,patch_2690,532.780938,532.936983,461.176571286,425.635665
2681,1.3405,1.34025,1.340749999,0.227084413,0.248667562,patch_2691,532.936983,533.093028,461.176571286,425.105877
2682,1.341,1.340749999,1.34125,0.230201768,0.252081204,patch_2692,533.093028,533.249074,461.176571286,424.610708
2683,1.3415,1.34125,1.341749999,0.232872845,0.255006153,patch_2693,533.249074,533.405119,461.176571286,424.186427
2684,1.342,1.341749999,1.342250001,0.23486933,0.257192393,patch_2694,533.405119,533.561165,461.176571286,423.8693
2685,1.3425,1.342250001,1.342749999,0.235962852,0.258389849,patch_2695,533.561165,533.71721,461.176571286,423.695602
2686,1.343,1.342749999,1.343250001,0.236019688,0.258452087,patch_2696,533.71721,533.873256,461.176571286,423.686574
2687,1.3435,1.343250001,1.34375,0.23532672,0.257693255,patch_2697,533.873256,534.029301,461.176571286,423.796647
2688,1.344,1.34375,1.344250001,0.234287603,0.256555376,patch_2698,534.029301,534.185347,461.176571286,423.961703
2689,1.3445,1.344250001,1.34475,0.23330599,0.255480467,patch_2699,534.185347,534.341392,461.176571286,424.117625
2690,1.345,1.34475,1.345249998,0.232785538,0.254910548,patch_2700,534.341392,534.497437,461.176571286,424.200295
2691,1.3455,1.345250002,1.34575,0.23312998,0.255287727,patch_2701,534.497438,534.653483,461.176571286,424.145583
2692,1.346,1.34575,1.346249999,0.234742897,0.257053943,patch_2702,534.653483,534.809528,461.176571286,423.889383
2693,1.3465,1.346249999,1.34675,0.238028003,0.26065128,patch_2703,534.809528,534.965574,461.176571286,423.367568
2694,1.347,1.34675,1.347249999,0.243243692,0.266362693,patch_2704,534.965574,535.121619,461.176571286,422.539094
2695,1.3475,1.347249999,1.347750001,0.249973269,0.27373188,patch_2705,535.121619,535.277665,461.176571286,421.47015
2696,1.348,1.347750001,1.348249999,0.257603826,0.28208768,patch_2706,535.277665,535.43371,461.176571286,420.258092
2697,1.3485,1.348249999,1.348750001,0.265522447,0.290758924,patch_2707,535.43371,535.589756,461.176571286,419.000277
2698,1.349,1.348750001,1.34925,0.273116257,0.299074484,patch_2708,535.589756,535.745801,461.176571286,417.794056
2699,1.3495,1.34925,1.349750001,0.279772372,0.306363227,patch_2709,535.745801,535.901847,461.176571286,416.736781
2700,1.35,1.349750001,1.35025,0.284877864,0.311953968,patch_2710,535.901847,536.057892,461.176571286,415.925811
2701,1.3505,1.35025,1.350749998,0.287819894,0.315175623,patch_2711,536.057892,536.213937,461.176571286,415.458491
2702,1.351,1.350750002,1.35125,0.28812575,0.315510549,patch_2712,536.213938,536.369983,461.176571286,415.409908
2703,1.3515,1.35125,1.351749999,0.286005439,0.313188713,patch_2713,536.369983,536.526028,461.176571286,415.746704
2704,1.352,1.351749999,1.35225,0.281876233,0.308667049,patch_2714,536.526028,536.682074,461.176571286,416.402598
2705,1.3525,1.35225,1.352749999,0.276155289,0.30240236,patch_2715,536.682074,536.838119,461.176571286,417.311328
2706,1.353,1.352749999,1.353250001,0.269259957,0.294851664,patch_2716,536.838119,536.994165,461.176571286,418.406601
2707,1.3535,1.353250001,1.353749999,0.261607435,0.286471811,patch_2717,536.994165,537.15021,461.176571286,419.622148
2708,1.354,1.353749999,1.354250001,0.253615049,0.277719791,patch_2718,537.15021,537.306256,461.176571286,420.89168
2709,1.3545,1.354250001,1.35475,0.245700028,0.269052491,patch_2719,537.306256,537.462301,461.176571286,422.148923
2710,1.355,1.35475,1.355250001,0.238209528,0.260850059,patch_2720,537.462301,537.618347,461.176571286,423.338734
2711,1.3555,1.355250001,1.35575,0.231133552,0.253101549,patch_2721,537.618347,537.774392,461.176571286,424.462701
2712,1.356,1.35575,1.356250002,0.224348693,0.245671827,patch_2722,537.774392,537.930438,461.176571286,425.540426
2713,1.3565,1.356250002,1.35675,0.217731567,0.238425778,patch_2723,537.930438,538.086483,461.176571286,426.591508
2714,1.357,1.35675,1.357249999,0.211158724,0.231228221,patch_2724,538.086483,538.242528,461.176571286,427.635556
2715,1.3575,1.357249999,1.35775,0.204506707,0.223943967,patch_2725,538.242528,538.398574,461.176571286,428.69218
2716,1.358,1.35775,1.358249999,0.197652132,0.216437902,patch_2726,538.398574,538.554619,461.176571286,429.780979
2717,1.3585,1.358249999,1.358750001,0.190471574,0.20857487,patch_2727,538.554619,538.710665,461.176571286,430.921558
2718,1.359,1.358750001,1.359249999,0.182865457,0.200245832,patch_2728,538.710665,538.86671,461.176571286,432.129734
2719,1.3595,1.359249999,1.359750001,0.174861562,0.191481211,patch_2729,538.86671,539.022756,461.176571286,433.401094
2720,1.36,1.359750001,1.36025,0.166529846,0.18235761,patch_2730,539.022756,539.178801,461.176571286,434.724526
2721,1.3605,1.36025,1.360750001,0.157940359,0.172951739,patch_2731,539.178801,539.334847,461.176571286,436.088903
2722,1.361,1.360750001,1.36125,0.149163096,0.163340244,patch_2732,539.334847,539.490892,461.176571286,437.483107
2723,1.3615,1.36125,1.361749998,0.140268074,0.153599798,patch_2733,539.490892,539.646937,461.176571286,438.896016
2724,1.362,1.361750002,1.36225,0.131325332,0.143807097,patch_2734,539.646938,539.802983,461.176571286,440.316505
2725,1.3625,1.36225,1.362749999,0.122404864,0.134038786,patch_2735,539.802983,539.959028,461.176571286,441.733456
2726,1.363,1.362749999,1.36325,0.113566873,0.124360792,patch_2736,539.959028,540.115074,461.176571286,443.137306
2727,1.3635,1.36325,1.363749999,0.104816737,0.114779003,patch_2737,540.115074,540.271119,461.176571286,444.527201
2728,1.364,1.363749999,1.364250001,0.096140819,0.105278485,patch_2738,540.271119,540.427165,461.176571286,445.905307
2729,1.3645,1.364250001,1.364749999,0.087525457,0.09584428,patch_2739,540.427165,540.58321,461.176571286,447.273794
2730,1.365,1.364749999,1.365250001,0.078957023,0.086461462,patch_2740,540.58321,540.739256,461.176571286,448.634827
2731,1.3655,1.365250001,1.36575,0.070421842,0.077115058,patch_2741,540.739256,540.895301,461.176571286,449.990578
2732,1.366,1.36575,1.366250001,0.061906271,0.067790128,patch_2742,540.895301,541.051347,461.176571286,451.343214
2733,1.3665,1.366250001,1.36675,0.053396655,0.05847172,patch_2743,541.051347,541.207392,461.176571286,452.694904
2734,1.367,1.36675,1.367249998,0.044901923,0.049169608,patch_2744,541.207392,541.363437,461.176571286,454.04423
2735,1.3675,1.367250002,1.36775,0.036562967,0.04003808,patch_2745,541.363438,541.519483,461.176571286,455.368812
2736,1.368,1.36775,1.368249999,0.028568453,0.03128373,patch_2746,541.519483,541.675528,461.176571286,456.638682
2737,1.3685,1.368249999,1.36875,0.021107145,0.023113266,patch_2747,541.675528,541.831574,461.176571286,457.823856
2738,1.369,1.36875,1.369249999,0.014367791,0.015733372,patch_2748,541.831574,541.987619,461.176571286,458.894353
2739,1.3695,1.369249999,1.369750001,0.008539131,0.009350729,patch_2749,541.987619,542.143665,461.176571286,459.820193
2740,1.37,1.369750001,1.370249999,0.003809923,0.004172035,patch_2750,542.143665,542.29971,461.176571286,460.571393
2741,1.3705,1.370249999,1.370750001,0.000368908,0.00040397,patch_2751,542.29971,542.455756,461.176571286,461.117973
2742,1.371,1.370750001,1.37125,-0.00163918,-0.001794975,patch_2752,542.455756,542.611801,461.176571286,461.436943
2743,1.3715,1.37125,1.371750001,-0.002339099,-0.002561418,patch_2753,542.611801,542.767847,461.176571286,461.54812
2744,1.372,1.371750001,1.37225,-0.001957564,-0.00214362,patch_2754,542.767847,542.923892,461.176571286,461.487516
2745,1.3725,1.37225,1.372750002,-0.000721473,-0.000790045,patch_2755,542.923892,543.079938,461.176571286,461.291172
2746,1.373,1.372750002,1.37325,0.001142277,0.001250844,patch_2756,543.079938,543.235983,461.176571286,460.995129
2747,1.3735,1.37325,1.373749999,0.003406788,0.003730585,patch_2757,543.235983,543.392028,461.176571286,460.635428
2748,1.374,1.373749999,1.37425,0.005845157,0.006400707,patch_2758,543.392028,543.548074,461.176571286,460.248111
2749,1.3745,1.37425,1.374749999,0.008230492,0.009012756,patch_2759,543.548074,543.704119,461.176571286,459.869218
2750,1.375,1.374749999,1.375250001,0.010381998,0.011368751,patch_2760,543.704119,543.860165,461.176571286,459.527467
2751,1.3755,1.375250001,1.375749999,0.012414689,0.013594638,patch_2761,543.860165,544.01621,461.176571286,459.204589
2752,1.376,1.375749999,1.376250001,0.014560409,0.015944298,patch_2762,544.01621,544.172256,461.176571286,458.863757
2753,1.3765,1.376250001,1.37675,0.017051289,0.018671922,patch_2763,544.172256,544.328301,461.176571286,458.468099
2754,1.377,1.37675,1.377250001,0.020119457,0.022031703,patch_2764,544.328301,544.484347,461.176571286,457.980743
2755,1.3775,1.377250001,1.37775,0.023997043,0.026277832,patch_2765,544.484347,544.640392,461.176571286,457.364817
2756,1.378,1.37775,1.378249998,0.02891618,0.031664507,patch_2766,544.640392,544.796437,461.176571286,456.583448
2757,1.3785,1.378250002,1.37875,0.035108987,0.038445907,patch_2767,544.796438,544.952483,461.176571286,455.599766
2758,1.379,1.37875,1.379249999,0.042755365,0.046819032,patch_2768,544.952483,545.108528,461.176571286,454.385195
2759,1.3795,1.379249999,1.37975,0.051683847,0.056596118,patch_2769,545.108528,545.264574,461.176571286,452.966971
2760,1.38,1.37975,1.380249999,0.061578172,0.067430846,patch_2770,545.264574,545.420619,461.176571286,451.39533
2761,1.3805,1.380249999,1.380750001,0.07212158,0.078976347,patch_2771,545.420619,545.576665,461.176571286,449.720587
2762,1.381,1.380750001,1.381249999,0.082997367,0.090885819,patch_2772,545.576665,545.73271,461.176571286,447.993048
2763,1.3815,1.381249999,1.381750001,0.093888766,0.102812387,patch_2773,545.73271,545.888756,461.176571286,446.263029
2764,1.382,1.381750001,1.38225,0.10447907,0.114409242,patch_2774,545.888756,546.044801,461.176571286,444.580837
2765,1.3825,1.38225,1.382750001,0.114451522,0.125329522,patch_2775,546.044801,546.200847,461.176571286,442.996786
2766,1.383,1.382750001,1.38325,0.123534352,0.135275626,patch_2776,546.200847,546.356892,461.176571286,441.554045
2767,1.3835,1.38325,1.383749998,0.131772876,0.144297177,patch_2777,546.356892,546.512937,461.176571286,440.245416
2768,1.384,1.383750002,1.38425,0.139348762,0.15259311,patch_2778,546.512938,546.668983,461.176571286,439.042042
2769,1.3845,1.38425,1.384749999,0.146444261,0.160362998,patch_2779,546.668983,546.825028,461.176571286,437.914974
2770,1.385,1.384749999,1.38525,0.153241572,0.167806357,patch_2780,546.825028,546.981074,461.176571286,436.835271
2771,1.3855,1.38525,1.385749999,0.159922925,0.175122737,patch_2781,546.981074,547.137119,461.176571286,435.773987
2772,1.386,1.385749999,1.386250001,0.166670545,0.182511682,patch_2782,547.137119,547.293165,461.176571286,434.702177
2773,1.3865,1.386250001,1.386749999,0.173666657,0.190172736,patch_2783,547.293165,547.44921,461.176571286,433.590896
2774,1.387,1.386749999,1.387250001,0.181059985,0.19826876,patch_2784,547.44921,547.605256,461.176571286,432.41652
2775,1.3875,1.387250001,1.38775,0.188751457,0.206691265,patch_2785,547.605256,547.761301,461.176571286,431.194786
2776,1.388,1.38775,1.388250001,0.19653079,0.215209982,patch_2786,547.761301,547.917347,461.176571286,429.959096
2777,1.3885,1.388250001,1.38875,0.204187171,0.223594061,patch_2787,547.917347,548.073392,461.176571286,428.742936
2778,1.389,1.38875,1.389250002,0.211509794,0.231612659,patch_2788,548.073392,548.229438,461.176571286,427.579791
2779,1.3895,1.389250002,1.38975,0.218287853,0.239034937,patch_2789,548.229438,548.385483,461.176571286,426.503146
2780,1.39,1.38975,1.390249999,0.22431053,0.245630036,patch_2790,548.385483,548.541528,461.176571286,425.546488
2781,1.3905,1.390249999,1.39075,0.229367049,0.25116715,patch_2791,548.541528,548.697574,461.176571286,424.743297
2782,1.391,1.39075,1.391249999,0.233274903,0.255446425,patch_2792,548.697574,548.853619,461.176571286,424.122563
2783,1.3915,1.391249999,1.391750001,0.236071916,0.258509279,patch_2793,548.853619,549.009665,461.176571286,423.678278
2784,1.392,1.391750001,1.392249999,0.2378989,0.260509907,patch_2794,549.009665,549.16571,461.176571286,423.388075
2785,1.3925,1.392249999,1.392750001,0.238897278,0.261603176,patch_2795,549.16571,549.321756,461.176571286,423.22949
2786,1.393,1.392750001,1.39325,0.239208491,0.261943968,patch_2796,549.321756,549.477801,461.176571286,423.180056
2787,1.3935,1.39325,1.393750001,0.238973913,0.261687095,patch_2797,549.477801,549.633847,461.176571286,423.217317
2788,1.394,1.393750001,1.39425,0.23833503,0.260987489,patch_2798,549.633847,549.789892,461.176571286,423.318799
2789,1.3945,1.39425,1.394750002,0.237433206,0.259999952,patch_2799,549.789892,549.945938,461.176571286,423.462047
2790,1.395,1.394750002,1.39525,0.236360995,0.258825832,patch_2800,549.945938,550.101983,461.176571286,423.63236
2791,1.3955,1.39525,1.395749999,0.23481199,0.257129603,patch_2801,550.101983,550.258028,461.176571286,423.878408
2792,1.396,1.395749999,1.39625,0.232285188,0.254362642,patch_2802,550.258028,550.414074,461.176571286,424.279772
2793,1.3965,1.39625,1.396749999,0.228278192,0.249974803,patch_2803,550.414074,550.570119,461.176571286,424.916254
2794,1.397,1.396749999,1.397250001,0.222288667,0.243416006,patch_2804,550.570119,550.726165,461.176571286,425.867646
2795,1.3975,1.397250001,1.397749999,0.213814276,0.23413617,patch_2805,550.726165,550.88221,461.176571286,427.213741
2796,1.398,1.397749999,1.398250001,0.202352658,0.221585187,patch_2806,550.88221,551.038256,461.176571286,429.034335
2797,1.3985,1.398250001,1.39875,0.187401461,0.205212959,patch_2807,551.038256,551.194301,461.176571286,431.409223
2798,1.399,1.39875,1.399250001,0.168578817,0.184601324,patch_2808,551.194301,551.350347,461.176571286,434.399062
2799,1.3995,1.399250001,1.39975,0.146535578,0.160462994,patch_2809,551.350347,551.506392,461.176571286,437.900469
2800,1.4,1.39975,1.400249998,0.12244778,0.134085782,patch_2810,551.506392,551.662437,461.176571286,441.726639
2801,1.4005,1.400250002,1.40075,0.097495675,0.106762113,patch_2811,551.662438,551.818483,461.176571286,445.690098
2802,1.401,1.40075,1.401249999,0.072859467,0.079784367,patch_2812,551.818483,551.974528,461.176571286,449.603379
2803,1.4015,1.401249999,1.40175,0.049719407,0.054444968,patch_2813,551.974528,552.130574,461.176571286,453.279008
2804,1.402,1.40175,1.402249999,0.029255667,0.032036261,patch_2814,552.130574,552.286619,461.176571286,456.529523
2805,1.4025,1.402249999,1.402750001,0.012648499,0.01385067,patch_2815,552.286619,552.442665,461.176571286,459.16745
2806,1.403,1.402750001,1.403249999,0.000938024,0.001027178,patch_2816,552.442665,552.59871,461.176571286,461.027573
2807,1.4035,1.403249999,1.403750001,-0.006098706,-0.006678355,patch_2817,552.59871,552.754756,461.176571286,462.145306
2808,1.404,1.403750001,1.40425,-0.009354009,-0.010243057,patch_2818,552.754756,552.910801,461.176571286,462.662387
2809,1.4045,1.40425,1.404750001,-0.009726327,-0.010650762,patch_2819,552.910801,553.066847,461.176571286,462.721527
2810,1.405,1.404750001,1.40525,-0.008114109,-0.008885311,patch_2820,553.066847,553.222892,461.176571286,462.465438
2811,1.4055,1.40525,1.405750002,-0.005415797,-0.00593054,patch_2821,553.222892,553.378938,461.176571286,462.036831
2812,1.406,1.405750002,1.40625,-0.002529847,-0.002770296,patch_2822,553.378938,553.534983,461.176571286,461.578419
2813,1.4065,1.40625,1.406749999,-0.000354689,-0.0003884,patch_2823,553.534983,553.691028,461.176571286,461.232911
2814,1.407,1.406749999,1.40725,0.000306028,0.000335114,patch_2824,553.691028,553.847074,461.176571286,461.127961
2815,1.4075,1.40725,1.407749999,-0.000451917,-0.000494869,patch_2825,553.847074,554.003119,461.176571286,461.248355
2816,1.408,1.407749999,1.408250001,-0.002036126,-0.002229649,patch_2826,554.003119,554.159165,461.176571286,461.499995
2817,1.4085,1.408250001,1.408749999,-0.003848995,-0.004214822,patch_2827,554.159165,554.31521,461.176571286,461.787956
2818,1.409,1.408749999,1.409250001,-0.005292915,-0.005795978,patch_2828,554.31521,554.471256,461.176571286,462.017312
2819,1.4095,1.409250001,1.40975,-0.005770274,-0.006318707,patch_2829,554.471256,554.627301,461.176571286,462.093137
2820,1.41,1.40975,1.410250001,-0.004683469,-0.005128607,patch_2830,554.627301,554.783347,461.176571286,461.920506
2821,1.4105,1.410250001,1.41075,-0.00143489,-0.001571268,patch_2831,554.783347,554.939392,461.176571286,461.404493
2822,1.411,1.41075,1.411250002,0.004512146,0.004941001,patch_2832,554.939392,555.095438,461.176571286,460.45985
2823,1.4115,1.411250002,1.41175,0.013085592,0.014329306,patch_2833,555.095438,555.251483,461.176571286,459.098021
2824,1.412,1.41175,1.412249999,0.023863313,0.026131392,patch_2834,555.251483,555.407528,461.176571286,457.386059
2825,1.4125,1.412249999,1.41275,0.036418994,0.039880423,patch_2835,555.407528,555.563574,461.176571286,455.391681
2826,1.413,1.41275,1.413249999,0.050326315,0.05510956,patch_2836,555.563574,555.719619,461.176571286,453.182605
2827,1.4135,1.413249999,1.413750001,0.065158948,0.071351955,patch_2837,555.719619,555.875665,461.176571286,450.82655
2828,1.414,1.413750001,1.414249999,0.080490597,0.088140794,patch_2838,555.875665,556.03171,461.176571286,448.39123
2829,1.4145,1.414249999,1.414750001,0.095894915,0.10500921,patch_2839,556.03171,556.187756,461.176571286,445.944367
2830,1.415,1.414750001,1.41525,0.110990519,0.121539569,patch_2840,556.187756,556.343801,461.176571286,443.546541
2831,1.4155,1.41525,1.415750001,0.125868914,0.137832076,patch_2841,556.343801,556.499847,461.176571286,441.183217
2832,1.416,1.415750001,1.41625,0.140904874,0.154297122,patch_2842,556.499847,556.655892,461.176571286,438.794865
2833,1.4165,1.41625,1.416749998,0.156476974,0.171349267,patch_2843,556.655892,556.811937,461.176571286,436.321351
2834,1.417,1.416749998,1.41725,0.172963854,0.189403136,patch_2844,556.811937,556.967983,461.176571286,433.702531
2835,1.4175,1.41725,1.417749999,0.190744089,0.208873286,patch_2845,556.967983,557.124028,461.176571286,430.878271
2836,1.418,1.417749999,1.41825,0.210196255,0.230174276,patch_2846,557.124028,557.280074,461.176571286,427.788437
2837,1.4185,1.41825,1.418749999,0.231698992,0.253720731,patch_2847,557.280074,557.436119,461.176571286,424.372885
2838,1.419,1.418749999,1.419250001,0.255557417,0.279846771,patch_2848,557.436119,557.592165,461.176571286,420.583149
2839,1.4195,1.419250001,1.419749999,0.281261505,0.307993895,patch_2849,557.592165,557.74821,461.176571286,416.500243
2840,1.42,1.419749999,1.420250001,0.307792632,0.337046662,patch_2850,557.74821,557.904256,461.176571286,412.285968
2841,1.4205,1.420250001,1.42075,0.334124593,0.365881334,patch_2851,557.904256,558.060301,461.176571286,408.103329
2842,1.421,1.42075,1.421250001,0.359231116,0.393374096,patch_2852,558.060301,558.216347,461.176571286,404.115342
2843,1.4215,1.421250001,1.42175,0.382085951,0.41840116,patch_2853,558.216347,558.372392,461.176571286,400.485019
2844,1.422,1.42175,1.422249998,0.401662825,0.43983871,patch_2854,558.372392,558.528437,461.176571286,397.375376
2845,1.4225,1.422249998,1.42275,0.416935472,0.45656294,patch_2855,558.528437,558.684483,461.176571286,394.949428
2846,1.423,1.42275,1.423249999,0.426994501,0.467578025,patch_2856,558.684483,558.840528,461.176571286,393.351625
2847,1.4235,1.423249999,1.42375,0.432299908,0.473387683,patch_2857,558.840528,558.996574,461.176571286,392.5089
2848,1.424,1.42375,1.424249999,0.434200915,0.47546937,patch_2858,558.996574,559.152619,461.176571286,392.206939
2849,1.4245,1.424249999,1.424750001,0.434061884,0.475317125,patch_2859,559.152619,559.308665,461.176571286,392.229023
2850,1.425,1.424750001,1.425249999,0.433246939,0.474424724,patch_2860,559.308665,559.46471,461.176571286,392.358471
2851,1.4255,1.425249999,1.425750001,0.433120456,0.474286219,patch_2861,559.46471,559.620756,461.176571286,392.378562
2852,1.426,1.425750001,1.42625,0.435046733,0.476395578,patch_2862,559.620756,559.776801,461.176571286,392.072587
2853,1.4265,1.42625,1.426750001,0.4403899,0.482246585,patch_2863,559.776801,559.932847,461.176571286,391.223864
2854,1.427,1.426750001,1.42725,0.450389178,0.493196241,patch_2864,559.932847,560.088892,461.176571286,389.635552
2855,1.4275,1.42725,1.427749998,0.464732409,0.508902718,patch_2865,560.088892,560.244937,461.176571286,387.357235
2856,1.428,1.427749998,1.42825,0.482059447,0.527876598,patch_2866,560.244937,560.400983,461.176571286,384.604962
2857,1.4285,1.42825,1.428749999,0.50099045,0.54860689,patch_2867,560.400983,560.557028,461.176571286,381.597911
2858,1.429,1.428749999,1.42925,0.520145416,0.569582433,patch_2868,560.557028,560.713074,461.176571286,378.555285
2859,1.4295,1.42925,1.429749999,0.538144528,0.589292263,patch_2869,560.713074,560.869119,461.176571286,375.696258
2860,1.43,1.429749999,1.430250001,0.553607879,0.606225323,patch_2870,560.869119,561.025165,461.176571286,373.240018
2861,1.4305,1.430250001,1.430749999,0.565155444,0.618870421,patch_2871,561.025165,561.18121,461.176571286,371.405772
2862,1.431,1.430749999,1.431250001,0.571504292,0.625822693,patch_2872,561.18121,561.337256,461.176571286,370.397304
2863,1.4315,1.431250001,1.43175,0.572639762,0.627066083,patch_2873,561.337256,561.493301,461.176571286,370.216943
2864,1.432,1.43175,1.432250001,0.569439173,0.623561296,patch_2874,561.493301,561.649347,461.176571286,370.725333
2865,1.4325,1.432250001,1.43275,0.562798678,0.616289657,patch_2875,561.649347,561.805392,461.176571286,371.780127
2866,1.433,1.43275,1.433249998,0.553614137,0.606232175,patch_2876,561.805392,561.961437,461.176571286,373.239024
2867,1.4335,1.433249998,1.43375,0.542781531,0.594369989,patch_2877,561.961437,562.117483,461.176571286,374.959704
2868,1.434,1.43375,1.434249999,0.531196892,0.581684292,patch_2878,562.117483,562.273528,461.176571286,376.799839
2869,1.4345,1.434249999,1.43475,0.519756257,0.569156287,patch_2879,562.273528,562.429574,461.176571286,378.6171
2870,1.435,1.43475,1.435249999,0.509303153,0.557709671,patch_2880,562.429574,562.585619,461.176571286,380.277499
2871,1.4355,1.435249999,1.435750001,0.499954311,0.547472272,patch_2881,562.585619,562.741665,461.176571286,381.762494
2872,1.436,1.435750001,1.436249999,0.491294648,0.537989555,patch_2882,562.741665,562.89771,461.176571286,383.138018
2873,1.4365,1.436249999,1.436750001,0.482896653,0.528793375,patch_2883,562.89771,563.053756,461.176571286,384.471978
2874,1.437,1.436750001,1.43725,0.474333103,0.519415907,patch_2884,563.053756,563.209801,461.176571286,385.832235
2875,1.4375,1.43725,1.437750001,0.465176464,0.509388979,patch_2885,563.209801,563.365847,461.176571286,387.2867
2876,1.438,1.437750001,1.43825,0.454999564,0.498244819,patch_2886,563.365847,563.521892,461.176571286,388.903226
2877,1.4385,1.43825,1.438749998,0.443374929,0.485515325,patch_2887,563.521892,563.677937,461.176571286,390.749714
2878,1.439,1.438749998,1.43925,0.429904934,0.47076508,patch_2888,563.677937,563.833983,461.176571286,392.889324
2879,1.4395,1.43925,1.439749999,0.41462907,0.454037327,patch_2889,563.833983,563.990028,461.176571286,395.315783
2880,1.44,1.439749999,1.44025,0.397919801,0.435739932,patch_2890,563.990028,564.146074,461.176571286,397.969928
2881,1.4405,1.44025,1.440749999,0.380157829,0.41628978,patch_2891,564.146074,564.302119,461.176571286,400.791287
2882,1.441,1.440749999,1.441250001,0.361723871,0.396103775,patch_2892,564.302119,564.458165,461.176571286,403.719386
2883,1.4415,1.441250001,1.441749999,0.342998626,0.375598795,patch_2893,564.458165,564.61421,461.176571286,406.693754
2884,1.442,1.441749999,1.442250001,0.324362846,0.355191785,patch_2894,564.61421,564.770256,461.176571286,409.653911
2885,1.4425,1.442250001,1.44275,0.306197286,0.335299687,patch_2895,564.770256,564.926301,461.176571286,412.539377
2886,1.443,1.44275,1.443250001,0.288886396,0.31634349,patch_2896,564.926301,565.082347,461.176571286,415.289085
2887,1.4435,1.443250001,1.44375,0.27287245,0.298807504,patch_2897,565.082347,565.238392,461.176571286,417.832783
2888,1.444,1.44375,1.444249998,0.258643748,0.283226441,patch_2898,565.238392,565.394437,461.176571286,420.092908
2889,1.4445,1.444249998,1.44475,0.246689674,0.270136197,patch_2899,565.394437,565.550483,461.176571286,421.991725
2890,1.445,1.44475,1.445249999,0.237499801,0.260072876,patch_2900,565.550483,565.706528,461.176571286,423.451469
2891,1.4455,1.445249999,1.44575,0.231563581,0.25357245,patch_2901,565.706528,565.862574,461.176571286,424.394394
2892,1.446,1.44575,1.446249999,0.229370474,0.2511709,patch_2902,565.862574,566.018619,461.176571286,424.742753
2893,1.4465,1.446249999,1.446750001,0.231409951,0.253404219,patch_2903,566.018619,566.174665,461.176571286,424.418797
2894,1.447,1.446750001,1.447249999,0.238113137,0.260744507,patch_2904,566.174665,566.33071,461.176571286,423.354045
2895,1.4475,1.447249999,1.447750001,0.248941122,0.272601633,patch_2905,566.33071,566.486756,461.176571286,421.634099
2896,1.448,1.447750001,1.44825,0.262555927,0.287510452,patch_2906,566.486756,566.642801,461.176571286,419.471487
2897,1.4485,1.44825,1.448750001,0.27759579,0.303979773,patch_2907,566.642801,566.798847,461.176571286,417.082515
2898,1.449,1.448750001,1.44925,0.292698892,0.320518343,patch_2908,566.798847,566.954892,461.176571286,414.683498
2899,1.4495,1.44925,1.449749998,0.306503413,0.33563491,patch_2909,566.954892,567.110937,461.176571286,412.490751
2900,1.45,1.449749998,1.45025,0.317647547,0.347838233,patch_2910,567.110937,567.266983,461.176571286,410.720587
2901,1.4505,1.45025,1.450749999,0.324769557,0.355637152,patch_2911,567.266983,567.423028,461.176571286,409.589308
2902,1.451,1.450749999,1.45125,0.326589257,0.357629804,patch_2912,567.423028,567.579074,461.176571286,409.300262
2903,1.4515,1.45125,1.451749999,0.323271603,0.353996825,patch_2913,567.579074,567.735119,461.176571286,409.827247
2904,1.452,1.451749999,1.452250001,0.316219807,0.346274795,patch_2914,567.735119,567.891165,461.176571286,410.947373
2905,1.4525,1.452250001,1.452749999,0.306877198,0.336044221,patch_2915,567.891165,568.04721,461.176571286,412.431378
2906,1.453,1.452749999,1.453250001,0.296686945,0.324885439,patch_2916,568.04721,568.203256,461.176571286,414.050025
2907,1.4535,1.453250001,1.45375,0.287092445,0.314379034,patch_2917,568.203256,568.359301,461.176571286,415.574041
2908,1.454,1.45375,1.454250001,0.2795369,0.306105374,patch_2918,568.359301,568.515347,461.176571286,416.774184
2909,1.4545,1.454250001,1.45475,0.275463611,0.301644942,patch_2919,568.515347,568.671392,461.176571286,417.421196
2910,1.455,1.45475,1.455249998,0.276255609,0.302512214,patch_2920,568.671392,568.827437,461.176571286,417.295393
2911,1.4555,1.455249998,1.45575,0.282159891,0.308977667,patch_2921,568.827437,568.983483,461.176571286,416.357541
2912,1.456,1.45575,1.456249999,0.292410821,0.320202892,patch_2922,568.983483,569.139528,461.176571286,414.729256
2913,1.4565,1.456249999,1.45675,0.306207391,0.335310752,patch_2923,569.139528,569.295574,461.176571286,412.537772
2914,1.457,1.45675,1.457249999,0.322748538,0.353424046,patch_2924,569.295574,569.451619,461.176571286,409.910332
2915,1.4575,1.457249999,1.457750001,0.341233282,0.373665665,patch_2925,569.451619,569.607665,461.176571286,406.974166
2916,1.458,1.457750001,1.458249999,0.360860558,0.395158408,patch_2926,569.607665,569.76371,461.176571286,403.856517
2917,1.4585,1.458249999,1.458750001,0.380829305,0.417025076,patch_2927,569.76371,569.919756,461.176571286,400.684628
2918,1.459,1.458750001,1.45925,0.400356086,0.438407772,patch_2928,569.919756,570.075801,461.176571286,397.582942
2919,1.4595,1.45925,1.459750001,0.419011501,0.458836285,patch_2929,570.075801,570.231847,461.176571286,394.619666
2920,1.46,1.459750001,1.46025,0.436694231,0.478199662,patch_2930,570.231847,570.387892,461.176571286,391.810894
2921,1.4605,1.46025,1.460749998,0.453315527,0.496400723,patch_2931,570.387892,570.543937,461.176571286,389.170723
2922,1.461,1.460750002,1.46125,0.468786508,0.513342138,patch_2932,570.543938,570.699983,461.176571286,386.713271
2923,1.4615,1.46125,1.461749999,0.483018308,0.528926593,patch_2933,570.699983,570.856028,461.176571286,384.452654
2924,1.462,1.461749999,1.46225,0.49592212,0.543056843,patch_2934,570.856028,571.012074,461.176571286,382.402978
2925,1.4625,1.46225,1.462749999,0.507409033,0.555635526,patch_2935,571.012074,571.168119,461.176571286,380.578366
2926,1.463,1.462749999,1.463250001,0.517392692,0.566568077,patch_2936,571.168119,571.324165,461.176571286,378.992535
2927,1.4635,1.463250001,1.463749999,0.525837658,0.575815692,patch_2937,571.324165,571.48021,461.176571286,377.651114
2928,1.464,1.463749999,1.464250001,0.532757814,0.583393571,patch_2938,571.48021,571.636256,461.176571286,376.551898
2929,1.4645,1.464250001,1.46475,0.538169144,0.589319218,patch_2939,571.636256,571.792301,461.176571286,375.692348
2930,1.465,1.46475,1.465250001,0.542087492,0.593609985,patch_2940,571.792301,571.948347,461.176571286,375.069947
2931,1.4655,1.465250001,1.46575,0.544528839,0.596283369,patch_2941,571.948347,572.104392,461.176571286,374.682157
2932,1.466,1.46575,1.466249998,0.545509042,0.597356734,patch_2942,572.104392,572.260437,461.176571286,374.526459
2933,1.4665,1.466249998,1.46675,0.545044003,0.596847496,patch_2943,572.260437,572.416483,461.176571286,374.600327
2934,1.467,1.46675,1.467249999,0.543155726,0.594779748,patch_2944,572.416483,572.572528,461.176571286,374.900266
2935,1.4675,1.467249999,1.46775,0.540003833,0.591328285,patch_2945,572.572528,572.728574,461.176571286,375.400921
2936,1.468,1.46775,1.468249999,0.535886463,0.586819582,patch_2946,572.728574,572.884619,461.176571286,376.054935
2937,1.4685,1.468249999,1.468750001,0.531107546,0.581586454,patch_2947,572.884619,573.040665,461.176571286,376.814031
2938,1.469,1.468750001,1.469249999,0.525971294,0.575962029,patch_2948,573.040665,573.19671,461.176571286,377.629887
2939,1.4695,1.469249999,1.469750001,0.520781813,0.570279316,patch_2949,573.19671,573.352756,461.176571286,378.454198
2940,1.47,1.469750001,1.47025,0.515842913,0.564871,patch_2950,573.352756,573.508801,461.176571286,379.238706
2941,1.4705,1.47025,1.470750001,0.511458934,0.560070347,patch_2951,573.508801,573.664847,461.176571286,379.935069
2942,1.471,1.470750001,1.47125,0.507924732,0.556200239,patch_2952,573.664847,573.820892,461.176571286,380.496451
2943,1.4715,1.47125,1.471749998,0.505311965,0.553339142,patch_2953,573.820892,573.976937,461.176571286,380.91147
2944,1.472,1.471749998,1.47225,0.503458798,0.551309841,patch_2954,573.976937,574.132983,461.176571286,381.205832
2945,1.4725,1.47225,1.472749999,0.502192677,0.549923382,patch_2955,574.132983,574.289028,461.176571286,381.406946
2946,1.473,1.472749999,1.47325,0.501340985,0.548990742,patch_2956,574.289028,574.445074,461.176571286,381.542231
2947,1.4735,1.47325,1.473749999,0.500731111,0.548322903,patch_2957,574.445074,574.601119,461.176571286,381.639105
2948,1.474,1.473749999,1.474250001,0.500190494,0.547730903,patch_2958,574.601119,574.757165,461.176571286,381.724978
2949,1.4745,1.474250001,1.474749999,0.499546524,0.547025727,patch_2959,574.757165,574.91321,461.176571286,381.827268
2950,1.475,1.474749999,1.475250001,0.498633262,0.546025664,patch_2960,574.91321,575.069256,461.176571286,381.972333
2951,1.4755,1.475250001,1.47575,0.497463822,0.544745075,patch_2961,575.069256,575.225301,461.176571286,382.15809
2952,1.476,1.47575,1.476250001,0.496245112,0.543410534,patch_2962,575.225301,575.381347,461.176571286,382.351673
2953,1.4765,1.476250001,1.47675,0.495193928,0.54225944,patch_2963,575.381347,575.537392,461.176571286,382.518646
2954,1.477,1.47675,1.477249998,0.494527041,0.54152917,patch_2964,575.537392,575.693437,461.176571286,382.624576
2955,1.4775,1.477250002,1.47775,0.494461177,0.541457046,patch_2965,575.693438,575.849483,461.176571286,382.635038
2956,1.478,1.47775,1.478249999,0.495213211,0.542280556,patch_2966,575.849483,576.005528,461.176571286,382.515583
2957,1.4785,1.478249999,1.47875,0.496999796,0.544236947,patch_2967,576.005528,576.161574,461.176571286,382.231797
2958,1.479,1.47875,1.479249999,0.50003344,0.547558921,patch_2968,576.161574,576.317619,461.176571286,381.749925
2959,1.4795,1.479249999,1.479750001,0.504402996,0.552343781,patch_2969,576.317619,576.473665,461.176571286,381.055853
2960,1.48,1.479750001,1.480249999,0.510058045,0.558536311,patch_2970,576.473665,576.62971,461.176571286,380.15759
2961,1.4805,1.480249999,1.480750001,0.516940591,0.566073006,patch_2971,576.62971,576.785756,461.176571286,379.064348
2962,1.481,1.480750001,1.48125,0.524992583,0.574890297,patch_2972,576.785756,576.941801,461.176571286,377.785348
2963,1.4815,1.48125,1.481750001,0.534156261,0.584924933,patch_2973,576.941801,577.097847,461.176571286,376.329765
2964,1.482,1.481750001,1.48225,0.544373572,0.596113344,patch_2974,577.097847,577.253892,461.176571286,374.70682
2965,1.4825,1.48225,1.482749998,0.555586453,0.60839195,patch_2975,577.253892,577.409937,461.176571286,372.925736
2966,1.483,1.482750002,1.48325,0.567738232,0.62169869,patch_2976,577.409938,577.565983,461.176571286,370.995515
2967,1.4835,1.48325,1.483749999,0.58080989,0.636012738,patch_2977,577.565983,577.722028,461.176571286,368.919178
2968,1.484,1.483749999,1.48425,0.594826162,0.651361181,patch_2978,577.722028,577.878074,461.176571286,366.692796
2969,1.4845,1.48425,1.484749999,0.609814641,0.667774234,patch_2979,577.878074,578.034119,461.176571286,364.311986
2970,1.485,1.484749999,1.485250001,0.625802813,0.685281996,patch_2980,578.034119,578.190165,461.176571286,361.772382
2971,1.4855,1.485250001,1.485749999,0.642818033,0.703914421,patch_2981,578.190165,578.34621,461.176571286,359.069639
2972,1.486,1.485749999,1.486250001,0.660887895,0.723701725,patch_2982,578.34621,578.502256,461.176571286,356.199374
2973,1.4865,1.486250001,1.48675,0.680039764,0.744673876,patch_2983,578.502256,578.658301,461.176571286,353.15724
2974,1.487,1.48675,1.487250001,0.700292823,0.766851879,patch_2984,578.658301,578.814347,461.176571286,349.94019
2975,1.4875,1.487250001,1.48775,0.721383031,0.789946598,patch_2985,578.814347,578.970392,461.176571286,346.590165
2976,1.488,1.48775,1.488249998,0.742700811,0.813290518,patch_2986,578.970392,579.126437,461.176571286,343.203992
2977,1.4885,1.488249998,1.48875,0.763615726,0.836193283,patch_2987,579.126437,579.282483,461.176571286,339.881811
2978,1.489,1.48875,1.489249999,0.78349721,0.857964395,patch_2988,579.282483,579.438528,461.176571286,336.723783
2979,1.4895,1.489249999,1.48975,0.801714715,0.877913375,patch_2989,579.438528,579.594574,461.176571286,333.830066
2980,1.49,1.48975,1.490249999,0.817637861,0.89534993,patch_2990,579.594574,579.750619,461.176571286,331.300791
2981,1.4905,1.490249999,1.490750001,0.830635961,0.90958343,patch_2991,579.750619,579.906665,461.176571286,329.236138
2982,1.491,1.490750001,1.491249999,0.840087351,0.919933123,patch_2992,579.906665,580.06271,461.176571286,327.734854
2983,1.4915,1.491249999,1.491750001,0.845693345,0.926071936,patch_2993,580.06271,580.218756,461.176571286,326.844383
2984,1.492,1.491750001,1.49225,0.847564813,0.928121278,patch_2994,580.218756,580.374801,461.176571286,326.547114
2985,1.4925,1.49225,1.492750001,0.845839735,0.92623224,patch_2995,580.374801,580.530847,461.176571286,326.82113
2986,1.493,1.492750001,1.49325,0.840655385,0.920555146,patch_2996,580.530847,580.686892,461.176571286,327.644626
2987,1.4935,1.49325,1.493749998,0.832149566,0.911240894,patch_2997,580.686892,580.842937,461.176571286,328.995713
2988,1.494,1.493750002,1.49425,0.820459898,0.898440187,patch_2998,580.842938,580.998983,461.176571286,330.852531
2989,1.4945,1.49425,1.494749999,0.805723965,0.882303683,patch_2999,580.998983,581.155028,461.176571286,333.193226
2990,1.495,1.494749999,1.49525,0.788085342,0.862988603,patch_3000,581.155028,581.311074,461.176571286,335.994992
2991,1.4955,1.49525,1.495749999,0.767932413,0.840920247,patch_3001,581.311074,581.467119,461.176571286,339.196137
2992,1.496,1.495749999,1.496250001,0.745976505,0.816877549,patch_3002,581.467119,581.623165,461.176571286,342.683672
2993,1.4965,1.496250001,1.496749999,0.722951055,0.791663654,patch_3003,581.623165,581.77921,461.176571286,346.341096
2994,1.497,1.496749999,1.497250001,0.699589492,0.7660817,patch_3004,581.77921,581.935256,461.176571286,350.051909
2995,1.4975,1.497250001,1.49775,0.676625253,0.740934834,patch_3005,581.935256,582.091301,461.176571286,353.69961
2996,1.498,1.49775,1.498250001,0.654791768,0.717026195,patch_3006,582.091301,582.247347,461.176571286,357.167699
2997,1.4985,1.498250001,1.49875,0.634822543,0.695159002,patch_3007,582.247347,582.403392,461.176571286,360.339664
2998,1.499,1.49875,1.499249998,0.617443202,0.676127848,patch_3008,582.403392,582.559437,461.176571286,363.100245
2999,1.4995,1.499250002,1.49975,0.603032766,0.660347779,patch_3009,582.559438,582.715483,461.176571286,365.389237
3000,1.5,1.49975,1.500249999,0.5914945,0.647712863,patch_3010,582.715483,582.871528,461.176571286,367.222006
3001,1.5005,1.500249999,1.50075,0.582697034,0.638079245,patch_3011,582.871528,583.027574,461.176571286,368.619419
3002,1.501,1.50075,1.501249999,0.576508817,0.63130287,patch_3012,583.027574,583.183619,461.176571286,369.602372
3003,1.5015,1.501249999,1.501750001,0.572798548,0.627239961,patch_3013,583.183619,583.339665,461.176571286,370.191721
3004,1.502,1.501750001,1.502249999,0.571434852,0.625746653,patch_3014,583.339665,583.49571,461.176571286,370.408334
3005,1.5025,1.502249999,1.502750001,0.572286129,0.626678839,patch_3015,583.49571,583.651756,461.176571286,370.273115
3006,1.503,1.502750001,1.50325,0.575218735,0.629890174,patch_3016,583.651756,583.807801,461.176571286,369.807292
3007,1.5035,1.50325,1.503750001,0.579976499,0.635100138,patch_3017,583.807801,583.963847,461.176571286,369.051556
3008,1.504,1.503750001,1.50425,0.586129009,0.64183741,patch_3018,583.963847,584.119892,461.176571286,368.074275
3009,1.5045,1.50425,1.504749998,0.593232572,0.649616129,patch_3019,584.119892,584.275937,461.176571286,366.945926
3010,1.505,1.504749998,1.50525,0.600843128,0.657950027,patch_3020,584.275937,584.431983,461.176571286,365.737045
3011,1.5055,1.50525,1.505749999,0.608516929,0.666353181,patch_3021,584.431983,584.588028,461.176571286,364.518118
3012,1.506,1.505749999,1.50625,0.615810095,0.674339524,patch_3022,584.588028,584.744074,461.176571286,363.359652
3013,1.5065,1.50625,1.506749999,0.622278747,0.681422986,patch_3023,584.744074,584.900119,461.176571286,362.332154
3014,1.507,1.506749999,1.507250001,0.627482651,0.687121493,patch_3024,584.900119,585.056165,461.176571286,361.505552
3015,1.5075,1.507250001,1.507749999,0.631172831,0.691162405,patch_3025,585.056165,585.21221,461.176571286,360.919394
3016,1.508,1.507749999,1.508250001,0.63338536,0.693585223,patch_3026,585.21221,585.368256,461.176571286,360.56795
3017,1.5085,1.508250001,1.50875,0.634179234,0.69445455,patch_3027,585.368256,585.524301,461.176571286,360.441849
3018,1.509,1.50875,1.509250001,0.633613643,0.693835202,patch_3028,585.524301,585.680347,461.176571286,360.531689
3019,1.5095,1.509250001,1.50975,0.631747777,0.691791997,patch_3029,585.680347,585.836392,461.176571286,360.828068
3020,1.51,1.50975,1.510249998,0.628640653,0.688389556,patch_3030,585.836392,585.992437,461.176571286,361.321612
3021,1.5105,1.510250002,1.51075,0.62435132,0.683692546,patch_3031,585.992438,586.148483,461.176571286,362.002941
3022,1.511,1.51075,1.511249999,0.618940111,0.67776703,patch_3032,586.148483,586.304528,461.176571286,362.862472
3023,1.5115,1.511249999,1.51175,0.612526299,0.67074362,patch_3033,586.304528,586.460574,461.176571286,363.881259
3024,1.512,1.51175,1.512249999,0.605321226,0.662853744,patch_3034,586.460574,586.616619,461.176571286,365.025732
3025,1.5125,1.512249999,1.512750001,0.597544191,0.654337544,patch_3035,586.616619,586.772665,461.176571286,366.261057
3026,1.513,1.512750001,1.513249999,0.589414417,0.645435078,patch_3036,586.772665,586.92871,461.176571286,367.552412
3027,1.5135,1.513249999,1.513750001,0.581151184,0.63638647,patch_3037,586.92871,587.084756,461.176571286,368.864966
3028,1.514,1.513750001,1.51425,0.572973545,0.62743159,patch_3038,587.084756,587.240801,461.176571286,370.163924
3029,1.5145,1.51425,1.514750001,0.565100969,0.618810768,patch_3039,587.240801,587.396847,461.176571286,371.414425
3030,1.515,1.514750001,1.51525,0.557750878,0.610762091,patch_3040,587.396847,587.552892,461.176571286,372.581933
3031,1.5155,1.51525,1.515749998,0.551034925,0.603407822,patch_3041,587.552892,587.708937,461.176571286,373.648713
3032,1.516,1.515750002,1.51625,0.544893558,0.596682753,patch_3042,587.708938,587.864983,461.176571286,374.624224
3033,1.5165,1.51625,1.516749999,0.539251686,0.590504651,patch_3043,587.864983,588.021028,461.176571286,375.520394
3034,1.517,1.516749999,1.51725,0.534034134,0.584791198,patch_3044,588.021028,588.177074,461.176571286,376.349164
3035,1.5175,1.51725,1.517749999,0.529165864,0.579460225,patch_3045,588.177074,588.333119,461.176571286,377.122453
3036,1.518,1.517749999,1.518250001,0.524571777,0.574429495,patch_3046,588.333119,588.489165,461.176571286,377.85219
3037,1.5185,1.518250001,1.518749999,0.520176824,0.569616826,patch_3047,588.489165,588.64521,461.176571286,378.550296
3038,1.519,1.518749999,1.519250001,0.515907046,0.564941228,patch_3048,588.64521,588.801256,461.176571286,379.228519
3039,1.5195,1.519250001,1.51975,0.511767925,0.560408707,patch_3049,588.801256,588.957301,461.176571286,379.885988
3040,1.52,1.51975,1.520250001,0.507899166,0.556172243,patch_3050,588.957301,589.113347,461.176571286,380.500512
3041,1.5205,1.520250001,1.52075,0.504453064,0.552398608,patch_3051,589.113347,589.269392,461.176571286,381.0479
3042,1.521,1.52075,1.521249998,0.501581966,0.549254626,patch_3052,589.269392,589.425437,461.176571286,381.503953
3043,1.5215,1.521250002,1.52175,0.499438197,0.546907104,patch_3053,589.425438,589.581483,461.176571286,381.844475
3044,1.522,1.52175,1.522249999,0.498174097,0.545522858,patch_3054,589.581483,589.737528,461.176571286,382.045268
3045,1.5225,1.522249999,1.52275,0.497941942,0.545268639,patch_3055,589.737528,589.893574,461.176571286,382.082144
3046,1.523,1.52275,1.523249999,0.498891114,0.546308024,patch_3056,589.893574,590.049619,461.176571286,381.931375
3047,1.5235,1.523249999,1.523750001,0.500912781,0.54852184,patch_3057,590.049619,590.205665,461.176571286,381.610248
3048,1.524,1.523750001,1.524249999,0.503446754,0.551296653,patch_3058,590.205665,590.36171,461.176571286,381.207745
3049,1.5245,1.524249999,1.524750001,0.505887446,0.55396932,patch_3059,590.36171,590.517756,461.176571286,380.820059
3050,1.525,1.524750001,1.52525,0.507629157,0.555876571,patch_3060,590.517756,590.673801,461.176571286,380.543401
3051,1.5255,1.52525,1.525750001,0.508066357,0.556355324,patch_3061,590.673801,590.829847,461.176571286,380.473955
3052,1.526,1.525750001,1.52625,0.506593465,0.554742442,patch_3062,590.829847,590.985892,461.176571286,380.707913
3053,1.5265,1.52625,1.526749998,0.50260472,0.550374588,patch_3063,590.985892,591.141937,461.176571286,381.341496
3054,1.527,1.526750002,1.52725,0.49549979,0.542594373,patch_3064,591.141938,591.297983,461.176571286,382.470062
3055,1.5275,1.52725,1.527749999,0.485173018,0.531286097,patch_3065,591.297983,591.454028,461.176571286,384.110394
3056,1.528,1.527749999,1.52825,0.472420601,0.517321631,patch_3066,591.454028,591.610074,461.176571286,386.136022
3057,1.5285,1.52825,1.528749999,0.458134081,0.501677254,patch_3067,591.610074,591.766119,461.176571286,388.405331
3058,1.529,1.528749999,1.529250001,0.443205296,0.485329569,patch_3068,591.766119,591.922165,461.176571286,390.776659
3059,1.5295,1.529250001,1.529749999,0.428525802,0.469254869,patch_3069,591.922165,592.07821,461.176571286,393.108389
3060,1.53,1.529749999,1.530250001,0.414987387,0.4544297,patch_3070,592.07821,592.234256,461.176571286,395.258867
3061,1.5305,1.530250001,1.53075,0.403481751,0.441830515,patch_3071,592.234256,592.390301,461.176571286,397.086453
3062,1.531,1.53075,1.531250001,0.394895135,0.432427788,patch_3072,592.390301,592.546347,461.176571286,398.450374
3063,1.5315,1.531250001,1.53175,0.389513136,0.426534259,patch_3073,592.546347,592.702392,461.176571286,399.305265
3064,1.532,1.53175,1.532249998,0.386481552,0.423214539,patch_3074,592.702392,592.858437,461.176571286,399.78681
3065,1.5325,1.532250002,1.53275,0.384818913,0.421393875,patch_3075,592.858438,593.014483,461.176571286,400.050908
3066,1.533,1.53275,1.533249999,0.383543701,0.419997462,patch_3076,593.014483,593.170528,461.176571286,400.253466
3067,1.5335,1.533249999,1.53375,0.381674499,0.417950602,patch_3077,593.170528,593.326574,461.176571286,400.550375
3068,1.534,1.53375,1.534249999,0.378229764,0.414178463,patch_3078,593.326574,593.482619,461.176571286,401.097546
3069,1.5345,1.534249999,1.534750001,0.372228058,0.407606327,patch_3079,593.482619,593.638665,461.176571286,402.050873
3070,1.535,1.534750001,1.535249999,0.362692415,0.397164373,patch_3080,593.638665,593.79471,461.176571286,403.56554
3071,1.5355,1.535249999,1.535750001,0.349235892,0.38242888,patch_3081,593.79471,593.950756,461.176571286,405.70301
3072,1.536,1.535750001,1.53625,0.332637846,0.364253279,patch_3082,593.950756,594.106801,461.176571286,408.339488
3073,1.5365,1.53625,1.536750001,0.31381461,0.343640996,patch_3083,594.106801,594.262847,461.176571286,411.329421
3074,1.537,1.536750001,1.53725,0.293682601,0.321595549,patch_3084,594.262847,594.418892,461.176571286,414.527243
3075,1.5375,1.53725,1.537750002,0.27315804,0.299120239,patch_3085,594.418892,594.574938,461.176571286,417.787419
3076,1.538,1.537750002,1.53825,0.253157344,0.277218584,patch_3086,594.574938,594.730983,461.176571286,420.964383
3077,1.5385,1.53825,1.538749999,0.234596815,0.256893977,patch_3087,594.730983,594.887028,461.176571286,423.912587
3078,1.539,1.538749999,1.53925,0.218389961,0.239146749,patch_3088,594.887028,595.043074,461.176571286,426.486927
3079,1.5395,1.53925,1.539749999,0.205015066,0.224500642,patch_3089,595.043074,595.199119,461.176571286,428.611431
3080,1.54,1.539749999,1.540250001,0.194053622,0.212497372,patch_3090,595.199119,595.355165,461.176571286,430.352576
3081,1.5405,1.540250001,1.540749999,0.184976489,0.202557507,patch_3091,595.355165,595.51121,461.176571286,431.794412
3082,1.541,1.540749999,1.541250001,0.177254483,0.194101566,patch_3092,595.51121,595.667256,461.176571286,433.020996
3083,1.5415,1.541250001,1.54175,0.170358433,0.186550084,patch_3093,595.667256,595.823301,461.176571286,434.116383
3084,1.542,1.54175,1.542250001,0.163759186,0.179323614,patch_3094,595.823301,595.979347,461.176571286,435.164625
3085,1.5425,1.542250001,1.54275,0.156927584,0.171842704,patch_3095,595.979347,596.135392,461.176571286,436.249775
3086,1.543,1.54275,1.543249998,0.149335606,0.16352915,patch_3096,596.135392,596.291437,461.176571286,437.455705
3087,1.5435,1.543250002,1.54375,0.140664504,0.154033906,patch_3097,596.291438,596.447483,461.176571286,438.833046
3088,1.544,1.54375,1.544249999,0.131045206,0.143500346,patch_3098,596.447483,596.603528,461.176571286,440.361001
3089,1.5445,1.544249999,1.54475,0.120666861,0.132135595,patch_3099,596.603528,596.759574,461.176571286,442.009525
3090,1.545,1.54475,1.545249999,0.109718657,0.120146823,patch_3100,596.759574,596.915619,461.176571286,443.748567
3091,1.5455,1.545249999,1.545750001,0.09838978,0.107741198,patch_3101,596.915619,597.071665,461.176571286,445.548076
3092,1.546,1.545750001,1.546249999,0.086869381,0.095125847,patch_3102,597.071665,597.22771,461.176571286,447.378007
3093,1.5465,1.546249999,1.546750001,0.075346645,0.082507938,patch_3103,597.22771,597.383756,461.176571286,449.208309
3094,1.547,1.546750001,1.54725,0.064010699,0.070094571,patch_3104,597.383756,597.539801,461.176571286,451.008941
3095,1.5475,1.54725,1.547750001,0.053040271,0.058081463,patch_3105,597.539801,597.695847,461.176571286,452.751513
3096,1.548,1.547750001,1.54825,0.042590749,0.04663877,patch_3106,597.695847,597.851892,461.176571286,454.411343
3097,1.5485,1.54825,1.548749998,0.032814371,0.0359332,patch_3107,597.851892,598.007937,461.176571286,455.964249
3098,1.549,1.548750002,1.54925,0.02386335,0.026131433,patch_3108,598.007938,598.163983,461.176571286,457.386053
3099,1.5495,1.54925,1.549749999,0.015889926,0.017400178,patch_3109,598.163983,598.320028,461.176571286,458.652573
3100,1.55,1.549749999,1.55025,0.009046318,0.009906122,patch_3110,598.320028,598.476074,461.176571286,459.73963
3101,1.5505,1.55025,1.550749999,0.003484764,0.003815973,patch_3111,598.476074,598.632119,461.176571286,460.623042
3102,1.551,1.550749999,1.551250001,-0.000642924,-0.00070403,patch_3112,598.632119,598.788165,461.176571286,461.278695
3103,1.5515,1.551250001,1.551749999,-0.003292363,-0.003605284,patch_3113,598.788165,598.94421,461.176571286,461.699539
3104,1.552,1.551749999,1.552250001,-0.004670399,-0.005114296,patch_3114,598.94421,599.100256,461.176571286,461.91843
3105,1.5525,1.552250001,1.55275,-0.005019701,-0.005496797,patch_3115,599.100256,599.256301,461.176571286,461.973914
3106,1.553,1.55275,1.553250001,-0.004582948,-0.005018533,patch_3116,599.256301,599.412347,461.176571286,461.904539
3107,1.5535,1.553250001,1.55375,-0.003602821,-0.00394525,patch_3117,599.412347,599.568392,461.176571286,461.748853
3108,1.554,1.55375,1.554250002,-0.002322007,-0.002542701,patch_3118,599.568392,599.724438,461.176571286,461.545405
3109,1.5545,1.554250002,1.55475,-0.000983172,-0.001076618,patch_3119,599.724438,599.880483,461.176571286,461.332741
3110,1.555,1.55475,1.555249999,0.000171222,0.000187495,patch_3120,599.880483,600.036528,461.176571286,461.149374
3111,1.5555,1.555249999,1.55575,0.000974715,0.001067356,patch_3121,600.036528,600.192574,461.176571286,461.021745
3112,1.556,1.55575,1.556249999,0.001446213,0.001583667,patch_3122,600.192574,600.348619,461.176571286,460.946851
3113,1.5565,1.556249999,1.556750001,0.001632365,0.001787513,patch_3123,600.348619,600.504665,461.176571286,460.917282
3114,1.557,1.556750001,1.557249999,0.001579817,0.00172997,patch_3124,600.504665,600.66071,461.176571286,460.925629
3115,1.5575,1.557249999,1.557750001,0.001335216,0.001462121,patch_3125,600.66071,600.816756,461.176571286,460.964482
3116,1.558,1.557750001,1.55825,0.000945208,0.001035044,patch_3126,600.816756,600.972801,461.176571286,461.026432
3117,1.5585,1.55825,1.558750001,0.000456441,0.000499823,patch_3127,600.972801,601.128847,461.176571286,461.104069
3118,1.559,1.558750001,1.55925,-0.000084434,-0.000092459,patch_3128,601.128847,601.284892,461.176571286,461.189983
3119,1.5595,1.55925,1.559750002,-0.000628368,-0.000688091,patch_3129,601.284892,601.440938,461.176571286,461.276383
3120,1.56,1.559750002,1.56025,-0.001120232,-0.001226705,patch_3130,601.440938,601.596983,461.176571286,461.354512
3121,1.5605,1.56025,1.560749999,-0.001503927,-0.001646867,patch_3131,601.596983,601.753028,461.176571286,461.415459
3122,1.561,1.560749999,1.56125,-0.001723364,-0.00188716,patch_3132,601.753028,601.909074,461.176571286,461.450315
3123,1.5615,1.56125,1.561749999,-0.001722451,-0.001886161,patch_3133,601.909074,602.065119,461.176571286,461.45017
3124,1.562,1.561749999,1.562250001,-0.001445101,-0.00158245,patch_3134,602.065119,602.221165,461.176571286,461.406115
3125,1.5625,1.562250001,1.562749999,-0.000835215,-0.000914597,patch_3135,602.221165,602.37721,461.176571286,461.309239
3126,1.563,1.562749999,1.563250001,0.000163314,0.000178836,patch_3136,602.37721,602.533256,461.176571286,461.15063
3127,1.5635,1.563250001,1.56375,0.001616419,0.001770051,patch_3137,602.533256,602.689301,461.176571286,460.919815
3128,1.564,1.56375,1.564250001,0.00361614,0.003959834,patch_3138,602.689301,602.845347,461.176571286,460.602174
3129,1.5645,1.564250001,1.56475,0.006258824,0.006853691,patch_3139,602.845347,603.001392,461.176571286,460.182403
3130,1.565,1.56475,1.565249998,0.009640799,0.010557105,patch_3140,603.001392,603.157437,461.176571286,459.645201
3131,1.5655,1.565250002,1.56575,0.013858413,0.01517558,patch_3141,603.157438,603.313483,461.176571286,458.975264
3132,1.566,1.56575,1.566249999,0.019008005,0.020814614,patch_3142,603.313483,603.469528,461.176571286,458.157289
3133,1.5665,1.566249999,1.56675,0.025185904,0.027579689,patch_3143,603.469528,603.625574,461.176571286,457.175975
3134,1.567,1.56675,1.567249999,0.032488382,0.035576227,patch_3144,603.625574,603.781619,461.176571286,456.01603
3135,1.5675,1.567249999,1.567750001,0.040948533,0.04484047,patch_3145,603.781619,603.937665,461.176571286,454.672197
3136,1.568,1.567750001,1.568249999,0.050424161,0.055216705,patch_3146,603.937665,604.09371,461.176571286,453.167063
3137,1.5685,1.568249999,1.568750001,0.060742855,0.066516136,patch_3147,604.09371,604.249756,461.176571286,451.528014
3138,1.569,1.568750001,1.56925,0.07173222,0.078549981,patch_3148,604.249756,604.405801,461.176571286,449.782434
3139,1.5695,1.56925,1.569750001,0.083219864,0.091129463,patch_3149,604.405801,604.561847,461.176571286,447.957706
3140,1.57,1.569750001,1.57025,0.095033377,0.104065787,patch_3150,604.561847,604.717892,461.176571286,446.081216
3141,1.5705,1.57025,1.570750002,0.107000357,0.117170164,patch_3151,604.717892,604.873938,461.176571286,444.180349
3142,1.571,1.570750002,1.57125,0.11894845,0.130253859,patch_3152,604.873938,605.029983,461.176571286,442.282482
3143,1.5715,1.57125,1.571749999,0.130741389,0.143167653,patch_3153,605.029983,605.186028,461.176571286,440.40926
3144,1.572,1.571749999,1.57225,0.142347635,0.15587701,patch_3154,605.186028,605.342074,461.176571286,438.565693
3145,1.5725,1.57225,1.572749999,0.153754501,0.168368037,patch_3155,605.342074,605.498119,461.176571286,436.753796
3146,1.573,1.572749999,1.573250001,0.164949345,0.180626891,patch_3156,605.498119,605.654165,461.176571286,434.975577
3147,1.5735,1.573250001,1.573749999,0.175919502,0.192639702,patch_3157,605.654165,605.81021,461.176571286,433.233048
3148,1.574,1.573749999,1.574250001,0.186652349,0.204392648,patch_3158,605.81021,605.966256,461.176571286,431.528214
3149,1.5745,1.574250001,1.57475,0.197135181,0.215871816,patch_3159,605.966256,606.122301,461.176571286,429.863093
3150,1.575,1.57475,1.575250001,0.207355337,0.227063344,patch_3160,606.122301,606.278347,461.176571286,428.239696
3151,1.5755,1.575250001,1.57575,0.217262505,0.237912135,patch_3161,606.278347,606.434392,461.176571286,426.666015
3152,1.576,1.57575,1.576250002,0.226692421,0.248238313,patch_3162,606.434392,606.590438,461.176571286,425.168142
3153,1.5765,1.576250002,1.57675,0.235459341,0.257838482,patch_3163,606.590438,606.746483,461.176571286,423.775581
3154,1.577,1.57675,1.577249999,0.243377371,0.266509078,patch_3164,606.746483,606.902528,461.176571286,422.51786
3155,1.5775,1.577249999,1.57775,0.250260799,0.274046738,patch_3165,606.902528,607.058574,461.176571286,421.424478
3156,1.578,1.57775,1.578249999,0.255923805,0.280247982,patch_3166,607.058574,607.214619,461.176571286,420.524951
3157,1.5785,1.578249999,1.578750001,0.260180589,0.284909351,patch_3167,607.214619,607.370665,461.176571286,419.848792
3158,1.579,1.578750001,1.579249999,0.262845459,0.287827502,patch_3168,607.370665,607.52671,461.176571286,419.425497
3159,1.5795,1.579249999,1.579750001,0.26382303,0.288897986,patch_3169,607.52671,607.682756,461.176571286,419.270217
3160,1.58,1.579750001,1.58025,0.263304945,0.28833066,patch_3170,607.682756,607.838801,461.176571286,419.352511
3161,1.5805,1.58025,1.580750001,0.261539399,0.286397309,patch_3171,607.838801,607.994847,461.176571286,419.632955
3162,1.581,1.580750001,1.58125,0.25877455,0.283369676,patch_3172,607.994847,608.150892,461.176571286,420.072131
3163,1.5815,1.58125,1.581749998,0.25525865,0.279519608,patch_3173,608.150892,608.306937,461.176571286,420.630606
3164,1.582,1.581750002,1.58225,0.251239837,0.275118828,patch_3174,608.306938,608.462983,461.176571286,421.268965
3165,1.5825,1.58225,1.582749999,0.246966331,0.270439149,patch_3175,608.462983,608.619028,461.176571286,421.94778
3166,1.583,1.582749999,1.58325,0.242686348,0.265752376,patch_3176,608.619028,608.775074,461.176571286,422.627624
3167,1.5835,1.58325,1.583749999,0.238563967,0.261238185,patch_3177,608.775074,608.931119,461.176571286,423.282434
3168,1.584,1.583749999,1.584250001,0.234484773,0.256771286,patch_3178,608.931119,609.087165,461.176571286,423.930384
3169,1.5845,1.584250001,1.584749999,0.230276804,0.252163373,patch_3179,609.087165,609.24321,461.176571286,424.598789
3170,1.585,1.584749999,1.585250001,0.22576806,0.247226097,patch_3180,609.24321,609.399256,461.176571286,425.31497
3171,1.5855,1.585250001,1.58575,0.22078654,0.241771109,patch_3181,609.399256,609.555301,461.176571286,426.106248
3172,1.586,1.58575,1.586250001,0.215160281,0.235610105,patch_3182,609.555301,609.711347,461.176571286,426.999938
3173,1.5865,1.586250001,1.58675,0.208717289,0.228554742,patch_3183,609.711347,609.867392,461.176571286,428.02336
3174,1.587,1.58675,1.587250002,0.201285583,0.220416692,patch_3184,609.867392,610.023438,461.176571286,429.203832
3175,1.5875,1.587250002,1.58775,0.192777409,0.211099863,patch_3185,610.023438,610.179483,461.176571286,430.555293
3176,1.588,1.58775,1.588249999,0.183396932,0.200827822,patch_3186,610.179483,610.335528,461.176571286,432.045313
3177,1.5885,1.588249999,1.58875,0.173411461,0.189893285,patch_3187,610.335528,610.491574,461.176571286,433.631432
3178,1.589,1.58875,1.589249999,0.163088233,0.17858889,patch_3188,610.491574,610.647619,461.176571286,435.271201
3179,1.5895,1.589249999,1.589750001,0.152694584,0.167207381,patch_3189,610.647619,610.803665,461.176571286,436.922156
3180,1.59,1.589750001,1.590249999,0.142497733,0.156041374,patch_3190,610.803665,610.95971,461.176571286,438.541851
3181,1.5905,1.590249999,1.590750001,0.13276504,0.145383641,patch_3191,610.95971,611.115756,461.176571286,440.087818
3182,1.591,1.590750001,1.59125,0.123763724,0.135526799,patch_3192,611.115756,611.271801,461.176571286,441.517611
3183,1.5915,1.59125,1.591750001,0.115667896,0.126661505,patch_3193,611.271801,611.427847,461.176571286,442.803574
3184,1.592,1.591750001,1.59225,0.10831394,0.118608595,patch_3194,611.427847,611.583892,461.176571286,443.971696
3185,1.5925,1.59225,1.592749998,0.101461845,0.111105246,patch_3195,611.583892,611.739937,461.176571286,445.060101
3186,1.593,1.592749998,1.59325,0.09487155,0.103888579,patch_3196,611.739937,611.895983,461.176571286,446.106921
3187,1.5935,1.59325,1.593749999,0.088303057,0.096695786,patch_3197,611.895983,612.052028,461.176571286,447.150278
3188,1.594,1.593749999,1.59425,0.08151631,0.089263996,patch_3198,612.052028,612.208074,461.176571286,448.228303
3189,1.5945,1.59425,1.594749999,0.074271273,0.081330357,patch_3199,612.208074,612.364119,461.176571286,449.379124
3190,1.595,1.594749999,1.595250001,0.066327923,0.072632034,patch_3200,612.364119,612.520165,461.176571286,450.640867
3191,1.5955,1.595250001,1.595749999,0.057550917,0.063020821,patch_3201,612.520165,612.67621,461.176571286,452.03503
3192,1.596,1.595749999,1.596250001,0.048201641,0.052782947,patch_3202,612.67621,612.832256,461.176571286,453.520094
3193,1.5965,1.596250001,1.59675,0.038635408,0.042307495,patch_3203,612.832256,612.988301,461.176571286,455.03962
3194,1.597,1.59675,1.597250001,0.029207569,0.031983591,patch_3204,612.988301,613.144347,461.176571286,456.537163
3195,1.5975,1.597250001,1.59775,0.020273446,0.022200328,patch_3205,613.144347,613.300392,461.176571286,457.956283
3196,1.598,1.59775,1.598249998,0.01218837,0.013346809,patch_3206,613.300392,613.456437,461.176571286,459.240538
3197,1.5985,1.598249998,1.59875,0.005307675,0.005812141,patch_3207,613.456437,613.612483,461.176571286,460.333486
3198,1.599,1.59875,1.599249999,-0.000013301,-0.000014565,patch_3208,613.612483,613.768528,461.176571286,461.178684
3199,1.5995,1.599249999,1.59975,-0.003529919,-0.003865418,patch_3209,613.768528,613.924574,461.176571286,461.737273
3200,1.6,1.59975,1.600249999,-0.005436252,-0.005952938,patch_3210,613.924574,614.080619,461.176571286,462.04008
3201,1.6005,1.600249999,1.600750001,-0.006035083,-0.006608685,patch_3211,614.080619,614.236665,461.176571286,462.1352
3202,1.601,1.600750001,1.601249999,-0.00562921,-0.006164236,patch_3212,614.236665,614.39271,461.176571286,462.07073
3203,1.6015,1.601249999,1.601750001,-0.004521409,-0.004951145,patch_3213,614.39271,614.548756,461.176571286,461.894764
3204,1.602,1.601750001,1.60225,-0.003014465,-0.003300974,patch_3214,614.548756,614.704801,461.176571286,461.655397
3205,1.6025,1.60225,1.602750001,-0.001411168,-0.001545292,patch_3215,614.704801,614.860847,461.176571286,461.400725
3206,1.603,1.602750001,1.60325,-0.000014302,-0.000015661,patch_3216,614.860847,615.016892,461.176571286,461.178843
3207,1.6035,1.60325,1.603749998,0.000935053,0.001023925,patch_3217,615.016892,615.172937,461.176571286,461.028045
3208,1.604,1.603750002,1.60425,0.001451709,0.001589686,patch_3218,615.172938,615.328983,461.176571286,460.945978
3209,1.6045,1.60425,1.604749999,0.001616809,0.001770478,patch_3219,615.328983,615.485028,461.176571286,460.919753
3210,1.605,1.604749999,1.60525,0.001511485,0.001655143,patch_3220,615.485028,615.641074,461.176571286,460.936483
3211,1.6055,1.60525,1.605749999,0.001216866,0.001332523,patch_3221,615.641074,615.797119,461.176571286,460.983281
3212,1.606,1.605749999,1.606250001,0.000814103,0.000891479,patch_3222,615.797119,615.953165,461.176571286,461.047257
3213,1.6065,1.606250001,1.606749999,0.000384319,0.000420847,patch_3223,615.953165,616.10921,461.176571286,461.115525
3214,1.607,1.606749999,1.607250001,0.000008652,0.000009474,patch_3224,616.10921,616.265256,461.176571286,461.175197
3215,1.6075,1.607250001,1.60775,-0.000247558,-0.000271087,patch_3225,616.265256,616.421301,461.176571286,461.215894
3216,1.608,1.60775,1.608250001,-0.000387482,-0.00042431,patch_3226,616.421301,616.577347,461.176571286,461.23812
3217,1.6085,1.608250001,1.60875,-0.000432886,-0.000474029,patch_3227,616.577347,616.733392,461.176571286,461.245332
3218,1.609,1.60875,1.609249998,-0.000405525,-0.000444068,patch_3228,616.733392,616.889437,461.176571286,461.240986
3219,1.6095,1.609249998,1.60975,-0.000327158,-0.000358253,patch_3229,616.889437,617.045483,461.176571286,461.228538
3220,1.61,1.60975,1.610249999,-0.000219549,-0.000240416,patch_3230,617.045483,617.201528,461.176571286,461.211445
3221,1.6105,1.610249999,1.61075,-0.000104441,-0.000114368,patch_3231,617.201528,617.357574,461.176571286,461.193161
3222,1.611,1.61075,1.611249999,-0.000003606,-0.000003948,patch_3232,617.357574,617.513619,461.176571286,461.177144
3223,1.6115,1.611249999,1.611750001,0.000065255,0.000071457,patch_3233,617.513619,617.669665,461.176571286,461.166206
3224,1.612,1.611750001,1.612249999,0.000102827,0.0001126,patch_3234,617.669665,617.82571,461.176571286,461.160238
3225,1.6125,1.612249999,1.612750001,0.000114996,0.000125926,patch_3235,617.82571,617.981756,461.176571286,461.158305
3226,1.613,1.612750001,1.61325,0.000107668,0.000117901,patch_3236,617.981756,618.137801,461.176571286,461.159469
3227,1.6135,1.61325,1.613750001,0.000086735,0.000094979,patch_3237,618.137801,618.293847,461.176571286,461.162794
3228,1.614,1.613750001,1.61425,0.000058091,0.000063612,patch_3238,618.293847,618.449892,461.176571286,461.167344
3229,1.6145,1.61425,1.614749998,0.000027633,0.000030259,patch_3239,618.449892,618.605937,461.176571286,461.172182
3230,1.615,1.614749998,1.61525,0.000001261,0.000001381,patch_3240,618.605937,618.761983,461.176571286,461.176371
3231,1.6155,1.61525,1.615749999,-0.000016209,-0.00001775,patch_3241,618.761983,618.918028,461.176571286,461.179146
3232,1.616,1.615749999,1.61625,-0.000025086,-0.00002747,patch_3242,618.918028,619.074074,461.176571286,461.180556
3233,1.6165,1.61625,1.616749999,-0.000027201,-0.000029787,patch_3243,619.074074,619.230119,461.176571286,461.180892
3234,1.617,1.616749999,1.617250001,-0.000024368,-0.000026684,patch_3244,619.230119,619.386165,461.176571286,461.180442
3235,1.6175,1.617250001,1.617749999,-0.000018425,-0.000020176,patch_3245,619.386165,619.54221,461.176571286,461.179498
3236,1.618,1.617749999,1.618250001,-0.000011192,-0.000012255,patch_3246,619.54221,619.698256,461.176571286,461.178349
3237,1.6185,1.618250001,1.61875,-0.0000045,-0.000004927,patch_3247,619.698256,619.854301,461.176571286,461.177286
3238,1.619,1.61875,1.619250001,-0.000000174,-0.000000191,patch_3248,619.854301,620.010347,461.176571286,461.176599
3239,1.6195,1.619250001,1.61975,0.000000392,0.000000429,patch_3249,620.010347,620.166392,461.176571286,461.176509
3240,1.62,1.61975,1.620249998,-0.000002057,-0.000002252,patch_3250,620.166392,620.322437,461.176571286,461.176898
3241,1.6205,1.620250002,1.62075,-0.000006111,-0.000006692,patch_3251,620.322438,620.478483,461.176571286,461.177542
3242,1.621,1.62075,1.621249999,-0.000010361,-0.000011345,patch_3252,620.478483,620.634528,461.176571286,461.178217
3243,1.6215,1.621249999,1.62175,-0.000013395,-0.000014668,patch_3253,620.634528,620.790574,461.176571286,461.178699
3244,1.622,1.62175,1.622249999,-0.000013804,-0.000015116,patch_3254,620.790574,620.946619,461.176571286,461.178764
3245,1.6225,1.622249999,1.622750001,-0.000010172,-0.000011139,patch_3255,620.946619,621.102665,461.176571286,461.178187
3246,1.623,1.622750001,1.623249999,-0.000001094,-0.000001198,patch_3256,621.102665,621.25871,461.176571286,461.176745
3247,1.6235,1.623249999,1.623750001,0.000014173,0.00001552,patch_3257,621.25871,621.414756,461.176571286,461.17432
3248,1.624,1.623750001,1.62425,0.000032946,0.000036078,patch_3258,621.414756,621.570801,461.176571286,461.171338
3249,1.6245,1.62425,1.624750001,0.000051399,0.000056284,patch_3259,621.570801,621.726847,461.176571286,461.168407
3250,1.625,1.624750001,1.62525,0.000065721,0.000071967,patch_3260,621.726847,621.882892,461.176571286,461.166132
3251,1.6255,1.62525,1.625749998,0.000072092,0.000078944,patch_3261,621.882892,622.038937,461.176571286,461.16512
3252,1.626,1.625749998,1.62625,0.000066697,0.000073036,patch_3262,622.038937,622.194983,461.176571286,461.165977
3253,1.6265,1.62625,1.626749999,0.000045733,0.000050079,patch_3263,622.194983,622.351028,461.176571286,461.169307
3254,1.627,1.626749999,1.62725,0.000005366,0.000005876,patch_3264,622.351028,622.507074,461.176571286,461.175719
3255,1.6275,1.62725,1.627749999,-0.000056073,-0.000061402,patch_3265,622.507074,622.663119,461.176571286,461.185478
3256,1.628,1.627749999,1.628250001,-0.000128673,-0.000140902,patch_3266,622.663119,622.819165,461.176571286,461.19701
3257,1.6285,1.628250001,1.628749999,-0.000198585,-0.000217459,patch_3267,622.819165,622.97521,461.176571286,461.208115
3258,1.629,1.628749999,1.629250001,-0.000251965,-0.000275912,patch_3268,622.97521,623.131256,461.176571286,461.216594
3259,1.6295,1.629250001,1.62975,-0.000274956,-0.000301089,patch_3269,623.131256,623.287301,461.176571286,461.220246
3260,1.63,1.62975,1.630250001,-0.000253702,-0.000277815,patch_3270,623.287301,623.443347,461.176571286,461.21687
3261,1.6305,1.630250001,1.63075,-0.000174366,-0.000190938,patch_3271,623.443347,623.599392,461.176571286,461.204268
3262,1.631,1.63075,1.631249998,-0.000023084,-0.000025278,patch_3272,623.599392,623.755437,461.176571286,461.180238
3263,1.6315,1.631249998,1.63175,0.000206477,0.000226101,patch_3273,623.755437,623.911483,461.176571286,461.143774
3264,1.632,1.63175,1.632249999,0.000477902,0.000523324,patch_3274,623.911483,624.067528,461.176571286,461.10066
3265,1.6325,1.632249999,1.63275,0.000739614,0.00080991,patch_3275,624.067528,624.223574,461.176571286,461.059089
3266,1.633,1.63275,1.633249999,0.000940026,0.001029371,patch_3276,624.223574,624.379619,461.176571286,461.027255
3267,1.6335,1.633249999,1.633750001,0.001027553,0.001125217,patch_3277,624.379619,624.535665,461.176571286,461.013352
3268,1.634,1.633750001,1.634249999,0.000950603,0.001040952,patch_3278,624.535665,624.69171,461.176571286,461.025575
3269,1.6345,1.634249999,1.634750001,0.000657596,0.000720097,patch_3279,624.69171,624.847756,461.176571286,461.072117
3270,1.635,1.634750001,1.63525,0.00009694,0.000106154,patch_3280,624.847756,625.003801,461.176571286,461.161173
3271,1.6355,1.63525,1.635750001,-0.000756369,-0.000828258,patch_3281,625.003801,625.159847,461.176571286,461.296715
3272,1.636,1.635750001,1.63625,-0.001768604,-0.0019367,patch_3282,625.159847,625.315892,461.176571286,461.457501
3273,1.6365,1.63625,1.636749998,-0.002747358,-0.00300848,patch_3283,625.315892,625.471937,461.176571286,461.612969
3274,1.637,1.636750002,1.63725,-0.003500147,-0.003832817,patch_3284,625.471938,625.627983,461.176571286,461.732544
3275,1.6375,1.63725,1.637749999,-0.003834459,-0.004198904,patch_3285,625.627983,625.784028,461.176571286,461.785647
3276,1.638,1.637749999,1.63825,-0.003557802,-0.003895952,patch_3286,625.784028,625.940074,461.176571286,461.741702
3277,1.6385,1.63825,1.638749999,-0.002477676,-0.002713166,patch_3287,625.940074,626.096119,461.176571286,461.570132
3278,1.639,1.638749999,1.639250001,-0.000401591,-0.00043976,patch_3288,626.096119,626.252165,461.176571286,461.240361
3279,1.6395,1.639250001,1.639749999,0.002821611,0.00308979,patch_3289,626.252165,626.40821,461.176571286,460.728379
3280,1.64,1.639749999,1.640250001,0.007084383,0.007757715,patch_3290,626.40821,626.564256,461.176571286,460.051269
3281,1.6405,1.640250001,1.64075,0.01217933,0.01333691,patch_3291,626.564256,626.720301,461.176571286,459.241974
3282,1.641,1.64075,1.641250001,0.017898845,0.019600033,patch_3292,626.720301,626.876347,461.176571286,458.333471
3283,1.6415,1.641250001,1.64175,0.024035313,0.02631974,patch_3293,626.876347,627.032392,461.176571286,457.358738
3284,1.642,1.64175,1.642249998,0.030381127,0.033268689,patch_3294,627.032392,627.188437,461.176571286,456.350752
3285,1.6425,1.642250002,1.64275,0.036728678,0.040219541,patch_3295,627.188438,627.344483,461.176571286,455.34249
3286,1.643,1.64275,1.643249999,0.042870359,0.046944956,patch_3296,627.344483,627.500528,461.176571286,454.366929
3287,1.6435,1.643249999,1.64375,0.048598417,0.053217434,patch_3297,627.500528,627.656574,461.176571286,453.457069
3288,1.644,1.64375,1.644249999,0.053704268,0.058808569,patch_3298,627.656574,627.812619,461.176571286,452.646042
3289,1.6445,1.644249999,1.644750001,0.057978932,0.063489517,patch_3299,627.812619,627.968665,461.176571286,451.967043
3290,1.645,1.644750001,1.645249999,0.061213472,0.067031482,patch_3300,627.968665,628.12471,461.176571286,451.45326
3291,1.6455,1.645249999,1.645750001,0.063198933,0.069205651,patch_3301,628.12471,628.280756,461.176571286,451.137884
3292,1.646,1.645750001,1.64625,0.063726348,0.069783194,patch_3302,628.280756,628.436801,461.176571286,451.054108
3293,1.6465,1.64625,1.646750001,0.062586768,0.068535303,patch_3303,628.436801,628.592847,461.176571286,451.235122
3294,1.647,1.646750001,1.64725,0.05957125,0.065233176,patch_3304,628.592847,628.748892,461.176571286,451.714115
3295,1.6475,1.64725,1.647749998,0.054538408,0.059721989,patch_3305,628.748892,628.904937,461.176571286,452.513545
3296,1.648,1.647749998,1.64825,0.047811531,0.05235576,patch_3306,628.904937,629.060983,461.176571286,453.58206
3297,1.6485,1.64825,1.648749999,0.039909303,0.043702467,patch_3307,629.060983,629.217028,461.176571286,454.837271
3298,1.649,1.648749999,1.64925,0.031351087,0.034330838,patch_3308,629.217028,629.373074,461.176571286,456.196681
3299,1.6495,1.64925,1.649749999,0.022656238,0.024809591,patch_3309,629.373074,629.529119,461.176571286,457.577794
3300,1.65,1.649749999,1.650250001,0.014344126,0.015707458,patch_3310,629.529119,629.685165,461.176571286,458.898112
3301,1.6505,1.650250001,1.650749999,0.006934102,0.007593151,patch_3311,629.685165,629.84121,461.176571286,460.07514
3302,1.651,1.650749999,1.651250001,0.000945535,0.001035403,patch_3312,629.84121,629.997256,461.176571286,461.02638
3303,1.6515,1.651250001,1.65175,-0.003176154,-0.00347803,patch_3313,629.997256,630.153301,461.176571286,461.68108
3304,1.652,1.65175,1.652250001,-0.005518836,-0.006043372,patch_3314,630.153301,630.309347,461.176571286,462.053198
3305,1.6525,1.652250001,1.65275,-0.006404354,-0.007013054,patch_3315,630.309347,630.465392,461.176571286,462.193856
3306,1.653,1.65275,1.653249998,-0.006155542,-0.006740593,patch_3316,630.465392,630.621437,461.176571286,462.154334
3307,1.6535,1.653249998,1.65375,-0.005095229,-0.005579503,patch_3317,630.621437,630.777483,461.176571286,461.985911
3308,1.654,1.65375,1.654249999,-0.003546262,-0.003883315,patch_3318,630.777483,630.933528,461.176571286,461.739869
3309,1.6545,1.654249999,1.65475,-0.001831477,-0.002005549,patch_3319,630.933528,631.089574,461.176571286,461.467488
3310,1.655,1.65475,1.655249999,-0.000273697,-0.00029971,patch_3320,631.089574,631.245619,461.176571286,461.220046
3311,1.6555,1.655249999,1.655750001,0.00083819,0.000917855,patch_3321,631.245619,631.401665,461.176571286,461.043431
3312,1.656,1.655750001,1.656249999,0.00147244,0.001612387,patch_3322,631.401665,631.55771,461.176571286,460.942685
3313,1.6565,1.656249999,1.656750001,0.001714944,0.00187794,patch_3323,631.55771,631.713756,461.176571286,460.904165
3314,1.657,1.656750001,1.65725,0.001652203,0.001809236,patch_3324,631.713756,631.869801,461.176571286,460.914131
3315,1.6575,1.65725,1.657750001,0.001370717,0.001500996,patch_3325,631.869801,632.025847,461.176571286,460.958843
3316,1.658,1.657750001,1.65825,0.000956999,0.001047957,patch_3326,632.025847,632.181892,461.176571286,461.024559
3317,1.6585,1.65825,1.658749998,0.000497551,0.00054484,patch_3327,632.181892,632.337937,461.176571286,461.097539
3318,1.659,1.658750002,1.65925,0.000078879,0.000086376,patch_3328,632.337938,632.493983,461.176571286,461.164042
3319,1.6595,1.65925,1.659749999,-0.000221116,-0.000242132,patch_3329,632.493983,632.650028,461.176571286,461.211694
3320,1.66,1.659749999,1.66025,-0.000392821,-0.000430156,patch_3330,632.650028,632.806074,461.176571286,461.238968
3321,1.6605,1.66025,1.660749999,-0.000459207,-0.000502852,patch_3331,632.806074,632.962119,461.176571286,461.249513
3322,1.661,1.660749999,1.661250001,-0.00044345,-0.000485597,patch_3332,632.962119,633.118165,461.176571286,461.24701
3323,1.6615,1.661250001,1.661749999,-0.000368734,-0.00040378,patch_3333,633.118165,633.27421,461.176571286,461.235142
3324,1.662,1.661749999,1.662250001,-0.000258241,-0.000282786,patch_3334,633.27421,633.430256,461.176571286,461.217591
3325,1.6625,1.662250001,1.66275,-0.000135145,-0.000147989,patch_3335,633.430256,633.586301,461.176571286,461.198038
3326,1.663,1.66275,1.663250001,-0.000022624,-0.000024775,patch_3336,633.586301,633.742347,461.176571286,461.180165
3327,1.6635,1.663250001,1.66375,0.000058311,0.000063853,patch_3337,633.742347,633.898392,461.176571286,461.167309
3328,1.664,1.66375,1.664249998,0.000104791,0.000114751,patch_3338,633.898392,634.054437,461.176571286,461.159926
3329,1.6645,1.664250002,1.66475,0.000122954,0.00013464,patch_3339,634.054438,634.210483,461.176571286,461.157041
3330,1.665,1.66475,1.665249999,0.000119019,0.000130331,patch_3340,634.210483,634.366528,461.176571286,461.157666
3331,1.6655,1.665249999,1.66575,0.000099188,0.000108615,patch_3341,634.366528,634.522574,461.176571286,461.160816
3332,1.666,1.66575,1.666249999,0.000069681,0.000076304,patch_3342,634.522574,634.678619,461.176571286,461.165503
3333,1.6665,1.666249999,1.666750001,0.000036705,0.000040193,patch_3343,634.678619,634.834665,461.176571286,461.170741
3334,1.667,1.666750001,1.667249999,0.000006467,0.000007082,patch_3344,634.834665,634.99071,461.176571286,461.175544
3335,1.6675,1.667249999,1.667750001,-0.000015372,-0.000016833,patch_3345,634.99071,635.146756,461.176571286,461.179013
3336,1.668,1.667750001,1.66825,-0.00002795,-0.000030607,patch_3346,635.146756,635.302801,461.176571286,461.181011
3337,1.6685,1.66825,1.668750001,-0.000032918,-0.000036046,patch_3347,635.302801,635.458847,461.176571286,461.1818
3338,1.669,1.668750001,1.66925,-0.000031942,-0.000034978,patch_3348,635.458847,635.614892,461.176571286,461.181645
3339,1.6695,1.66925,1.669749998,-0.000026679,-0.000029214,patch_3349,635.614892,635.770937,461.176571286,461.180809
3340,1.67,1.669749998,1.67025,-0.000018803,-0.00002059,patch_3350,635.770937,635.926983,461.176571286,461.179558
3341,1.6705,1.67025,1.670749999,-0.000009964,-0.000010911,patch_3351,635.926983,636.083028,461.176571286,461.178154
3342,1.671,1.670749999,1.67125,-0.000001843,-0.000002018,patch_3352,636.083028,636.239074,461.176571286,461.176864
3343,1.6715,1.67125,1.671749999,0.00000405,0.000004435,patch_3353,636.239074,636.395119,461.176571286,461.175928
3344,1.672,1.671749999,1.672250001,0.000007456,0.000008164,patch_3354,636.395119,636.551165,461.176571286,461.175387
3345,1.6725,1.672250001,1.672749999,0.000008816,0.000009653,patch_3355,636.551165,636.70721,461.176571286,461.175171
3346,1.673,1.672749999,1.673250001,0.00000857,0.000009385,patch_3356,636.70721,636.863256,461.176571286,461.17521
3347,1.6735,1.673250001,1.67375,0.000007179,0.000007861,patch_3357,636.863256,637.019301,461.176571286,461.175431
3348,1.674,1.67375,1.674250001,0.00000507,0.000005552,patch_3358,637.019301,637.175347,461.176571286,461.175766
3349,1.6745,1.674250001,1.67475,0.000002703,0.000002959,patch_3359,637.175347,637.331392,461.176571286,461.176142
3350,1.675,1.67475,1.675249998,0.000000524,0.000000574,patch_3360,637.331392,637.487437,461.176571286,461.176488
3351,1.6755,1.675249998,1.67575,-0.000001068,-0.00000117,patch_3361,637.487437,637.643483,461.176571286,461.176741
3352,1.676,1.67575,1.676249999,-0.000001988,-0.000002177,patch_3362,637.643483,637.799528,461.176571286,461.176887
3353,1.6765,1.676249999,1.67675,-0.000002359,-0.000002583,patch_3363,637.799528,637.955574,461.176571286,461.176946
3354,1.677,1.67675,1.677249999,-0.000002302,-0.000002521,patch_3364,637.955574,638.111619,461.176571286,461.176937
3355,1.6775,1.677249999,1.677750001,-0.000001931,-0.000002114,patch_3365,638.111619,638.267665,461.176571286,461.176878
3356,1.678,1.677750001,1.678249999,-0.000001371,-0.000001501,patch_3366,638.267665,638.42371,461.176571286,461.176789
3357,1.6785,1.678249999,1.678750001,-0.000000735,-0.000000805,patch_3367,638.42371,638.579756,461.176571286,461.176688
3358,1.679,1.678750001,1.67925,-0.000000149,-0.000000163,patch_3368,638.579756,638.735801,461.176571286,461.176595
3359,1.6795,1.67925,1.679750001,0.000000279,0.000000305,patch_3369,638.735801,638.891847,461.176571286,461.176527
3360,1.68,1.679750001,1.68025,0.000000531,0.000000581,patch_3370,638.891847,639.047892,461.176571286,461.176487
3361,1.6805,1.68025,1.680749998,0.000000631,0.000000691,patch_3371,639.047892,639.203937,461.176571286,461.176471
3362,1.681,1.680750002,1.68125,0.000000619,0.000000678,patch_3372,639.203938,639.359983,461.176571286,461.176473
3363,1.6815,1.68125,1.681749999,0.000000518,0.000000567,patch_3373,639.359983,639.516028,461.176571286,461.176489
3364,1.682,1.681749999,1.68225,0.000000367,0.000000402,patch_3374,639.516028,639.672074,461.176571286,461.176513
3365,1.6825,1.68225,1.682749999,0.000000197,0.000000216,patch_3375,639.672074,639.828119,461.176571286,461.17654
3366,1.683,1.682749999,1.683250001,0.00000004,0.000000043,patch_3376,639.828119,639.984165,461.176571286,461.176565
3367,1.6835,1.683250001,1.683749999,-0.000000074,-0.000000081,patch_3377,639.984165,640.14021,461.176571286,461.176583
3368,1.684,1.683749999,1.684250001,-0.000000143,-0.000000157,patch_3378,640.14021,640.296256,461.176571286,461.176594
3369,1.6845,1.684250001,1.68475,-0.000000168,-0.000000184,patch_3379,640.296256,640.452301,461.176571286,461.176598
3370,1.685,1.68475,1.685250001,-0.000000168,-0.000000184,patch_3380,640.452301,640.608347,461.176571286,461.176598
3371,1.6855,1.685250001,1.68575,-0.000000137,-0.00000015,patch_3381,640.608347,640.764392,461.176571286,461.176593
3372,1.686,1.68575,1.686249998,-0.000000099,-0.000000108,patch_3382,640.764392,640.920437,461.176571286,461.176587
3373,1.6865,1.686250002,1.68675,-0.000000055,-0.00000006,patch_3383,640.920438,641.076483,461.176571286,461.17658
3374,1.687,1.68675,1.687249999,-0.000000011,-0.000000012,patch_3384,641.076483,641.232528,461.176571286,461.176573
3375,1.6875,1.687249999,1.68775,0.000000021,0.000000023,patch_3385,641.232528,641.388574,461.176571286,461.176568
3376,1.688,1.68775,1.688249999,0.00000004,0.000000043,patch_3386,641.388574,641.544619,461.176571286,461.176565
3377,1.6885,1.688249999,1.688750001,0.000000046,0.00000005,patch_3387,641.544619,641.700665,461.176571286,461.176564
3378,1.689,1.688750001,1.689249999,0.000000046,0.00000005,patch_3388,641.700665,641.85671,461.176571286,461.176564
3379,1.6895,1.689249999,1.689750001,0.00000004,0.000000043,patch_3389,641.85671,642.012756,461.176571286,461.176565
3380,1.69,1.689750001,1.69025,0.000000027,0.00000003,patch_3390,642.012756,642.168801,461.176571286,461.176567
3381,1.6905,1.69025,1.690750001,0.000000014,0.000000016,patch_3391,642.168801,642.324847,461.176571286,461.176569
3382,1.691,1.690750001,1.69125,0.000000002,0.000000002,patch_3392,642.324847,642.480892,461.176571286,461.176571
3383,1.6915,1.69125,1.691749998,-0.000000004,-0.000000005,patch_3393,642.480892,642.636937,461.176571286,461.176572
3384,1.692,1.691749998,1.69225,-0.000000011,-0.000000012,patch_3394,642.636937,642.792983,461.176571286,461.176573
3385,1.6925,1.69225,1.692749999,-0.000000011,-0.000000012,patch_3395,642.792983,642.949028,461.176571286,461.176573
3386,1.693,1.692749999,1.69325,-0.000000011,-0.000000012,patch_3396,642.949028,643.105074,461.176571286,461.176573
3387,1.6935,1.69325,1.693749999,-0.000000011,-0.000000012,patch_3397,643.105074,643.261119,461.176571286,461.176573
3388,1.694,1.693749999,1.694250001,-0.000000004,-0.000000005,patch_3398,643.261119,643.417165,461.176571286,461.176572
3389,1.6945,1.694250001,1.694749999,-0.000000004,-0.000000005,patch_3399,643.417165,643.57321,461.176571286,461.176572
3390,1.695,1.694749999,1.695250001,0.000000002,0.000000002,patch_3400,643.57321,643.729256,461.176571286,461.176571
3391,1.6955,1.695250001,1.69575,0.000000002,0.000000002,patch_3401,643.729256,643.885301,461.176571286,461.176571
3392,1.696,1.69575,1.696250001,0.000000002,0.000000002,patch_3402,643.885301,644.041347,461.176571286,461.176571
3393,1.6965,1.696250001,1.69675,0.000000002,0.000000002,patch_3403,644.041347,644.197392,461.176571286,461.176571
3394,1.697,1.69675,1.697249998,0.000000002,0.000000002,patch_3404,644.197392,644.353437,461.176571286,461.176571
3395,1.6975,1.697250002,1.69775,0.000000002,0.000000002,patch_3405,644.353438,644.509483,461.176571286,461.176571
3396,1.698,1.69775,1.698249999,0.000000002,0.000000002,patch_3406,644.509483,644.665528,461.176571286,461.176571
3397,1.6985,1.698249999,1.69875,0.000000002,0.000000002,patch_3407,644.665528,644.821574,461.176571286,461.176571
3398,1.699,1.69875,1.699249999,0.000000002,0.000000002,patch_3408,644.821574,644.977619,461.176571286,461.176571
3399,1.6995,1.699249999,1.699750001,0.000000002,0.000000002,patch_3409,644.977619,645.133665,461.176571286,461.176571
3400,1.7,1.699750001,1.700249999,0.000000002,0.000000002,patch_3410,645.133665,645.28971,461.176571286,461.176571
3401,1.7005,1.700249999,1.700750001,0.000000002,0.000000002,patch_3411,645.28971,645.445756,461.176571286,461.176571
3402,1.701,1.700750001,1.70125,0.000000002,0.000000002,patch_3412,645.445756,645.601801,461.176571286,461.176571
3403,1.7015,1.70125,1.701750001,0.000000002,0.000000002,patch_3413,645.601801,645.757847,461.176571286,461.176571
3404,1.702,1.701750001,1.70225,0.000000002,0.000000002,patch_3414,645.757847,645.913892,461.176571286,461.176571
3405,1.7025,1.70225,1.702749998,0.000000002,0.000000002,patch_3415,645.913892,646.069937,461.176571286,461.176571
3406,1.703,1.702750002,1.70325,0.000000002,0.000000002,patch_3416,646.069938,646.225983,461.176571286,461.176571
3407,1.7035,1.70325,1.703749999,0.000000002,0.000000002,patch_3417,646.225983,646.382028,461.176571286,461.176571
3408,1.704,1.703749999,1.70425,0.000000002,0.000000002,patch_3418,646.382028,646.538074,461.176571286,461.176571
3409,1.7045,1.70425,1.704749999,0.000000002,0.000000002,patch_3419,646.538074,646.694119,461.176571286,461.176571
3410,1.705,1.704749999,1.705250001,0.000000002,0.000000002,patch_3420,646.694119,646.850165,461.176571286,461.176571
3411,1.7055,1.705250001,1.705749999,0.000000002,0.000000002,patch_3421,646.850165,647.00621,461.176571286,461.176571
3412,1.706,1.705749999,1.706250001,0.000000002,0.000000002,patch_3422,647.00621,647.162256,461.176571286,461.176571
3413,1.7065,1.706250001,1.70675,0.000000002,0.000000002,patch_3423,647.162256,647.318301,461.176571286,461.176571
3414,1.707,1.70675,1.707250001,0.000000002,0.000000002,patch_3424,647.318301,647.474347,461.176571286,461.176571
3415,1.7075,1.707250001,1.70775,0.000000002,0.000000002,patch_3425,647.474347,647.630392,461.176571286,461.176571
3416,1.708,1.70775,1.708249998,0.000000002,0.000000002,patch_3426,647.630392,647.786437,461.176571286,461.176571
3417,1.7085,1.708249998,1.70875,0.000000002,0.000000002,patch_3427,647.786437,647.942483,461.176571286,461.176571
3418,1.709,1.70875,1.709249999,0.000000002,0.000000002,patch_3428,647.942483,648.098528,461.176571286,461.176571
3419,1.7095,1.709249999,1.70975,0.000000002,0.000000002,patch_3429,648.098528,648.254574,461.176571286,461.176571
3420,1.71,1.70975,1.710249999,0.000000002,0.000000002,patch_3430,648.254574,648.410619,461.176571286,461.176571
3421,1.7105,1.710249999,1.710750001,0.000000002,0.000000002,patch_3431,648.410619,648.566665,461.176571286,461.176571
3422,1.711,1.710750001,1.711249999,0.000000002,0.000000002,patch_3432,648.566665,648.72271,461.176571286,461.176571
3423,1.7115,1.711249999,1.711750001,0.000000002,0.000000002,patch_3433,648.72271,648.878756,461.176571286,461.176571
3424,1.712,1.711750001,1.71225,0.000000002,0.000000002,patch_3434,648.878756,649.034801,461.176571286,461.176571
3425,1.7125,1.71225,1.712750001,0.000000002,0.000000002,patch_3435,649.034801,649.190847,461.176571286,461.176571
3426,1.713,1.712750001,1.71325,0.000000002,0.000000002,patch_3436,649.190847,649.346892,461.176571286,461.176571
3427,1.7135,1.71325,1.713749998,0.000000002,0.000000002,patch_3437,649.346892,649.502937,461.176571286,461.176571
3428,1.714,1.713750002,1.71425,0.000000002,0.000000002,patch_3438,649.502938,649.658983,461.176571286,461.176571
3429,1.7145,1.71425,1.714749999,0.000000002,0.000000002,patch_3439,649.658983,649.815028,461.176571286,461.176571
3430,1.715,1.714749999,1.71525,0.000000002,0.000000002,patch_3440,649.815028,649.971074,461.176571286,461.176571
3431,1.7155,1.71525,1.715749999,0.000000002,0.000000002,patch_3441,649.971074,650.127119,461.176571286,461.176571
3432,1.716,1.715749999,1.716250001,0.000000002,0.000000002,patch_3442,650.127119,650.283165,461.176571286,461.176571
3433,1.7165,1.716250001,1.716749999,0.000000002,0.000000002,patch_3443,650.283165,650.43921,461.176571286,461.176571
3434,1.717,1.716749999,1.717250001,0.000000002,0.000000002,patch_3444,650.43921,650.595256,461.176571286,461.176571
3435,1.7175,1.717250001,1.71775,0.000000002,0.000000002,patch_3445,650.595256,650.751301,461.176571286,461.176571
3436,1.718,1.71775,1.718250001,0.000000002,0.000000002,patch_3446,650.751301,650.907347,461.176571286,461.176571
3437,1.7185,1.718250001,1.71875,0.000000002,0.000000002,patch_3447,650.907347,651.063392,461.176571286,461.176571
3438,1.719,1.71875,1.719249998,0.000000002,0.000000002,patch_3448,651.063392,651.219437,461.176571286,461.176571
3439,1.7195,1.719250002,1.71975,0.000000002,0.000000002,patch_3449,651.219438,651.375483,461.176571286,461.176571
3440,1.72,1.71975,1.720249999,0.000000002,0.000000002,patch_3450,651.375483,651.531528,461.176571286,461.176571
3441,1.7205,1.720249999,1.72075,0.000000002,0.000000002,patch_3451,651.531528,651.687574,461.176571286,461.176571
3442,1.721,1.72075,1.721249999,0.000000002,0.000000002,patch_3452,651.687574,651.843619,461.176571286,461.176571
3443,1.7215,1.721249999,1.721750001,0.000000002,0.000000002,patch_3453,651.843619,651.999665,461.176571286,461.176571
3444,1.722,1.721750001,1.722249999,0.000000002,0.000000002,patch_3454,651.999665,652.15571,461.176571286,461.176571
3445,1.7225,1.722249999,1.722750001,0.000000002,0.000000002,patch_3455,652.15571,652.311756,461.176571286,461.176571
3446,1.723,1.722750001,1.72325,0.000000002,0.000000002,patch_3456,652.311756,652.467801,461.176571286,461.176571
3447,1.7235,1.72325,1.723750001,0.000000002,0.000000002,patch_3457,652.467801,652.623847,461.176571286,461.176571
3448,1.724,1.723750001,1.72425,0.000000002,0.000000002,patch_3458,652.623847,652.779892,461.176571286,461.176571
3449,1.7245,1.72425,1.724749998,0.000000002,0.000000002,patch_3459,652.779892,652.935937,461.176571286,461.176571
3450,1.725,1.724750002,1.72525,0.000000002,0.000000002,patch_3460,652.935938,653.091983,461.176571286,461.176571
3451,1.7255,1.72525,1.725749999,0.000000002,0.000000002,patch_3461,653.091983,653.248028,461.176571286,461.176571
3452,1.726,1.725749999,1.72625,0.000000002,0.000000002,patch_3462,653.248028,653.404074,461.176571286,461.176571
3453,1.7265,1.72625,1.726749999,0.000000002,0.000000002,patch_3463,653.404074,653.560119,461.176571286,461.176571
3454,1.727,1.726749999,1.727250001,0.000000002,0.000000002,patch_3464,653.560119,653.716165,461.176571286,461.176571
3455,1.7275,1.727250001,1.727749999,0.000000002,0.000000002,patch_3465,653.716165,653.87221,461.176571286,461.176571
3456,1.728,1.727749999,1.728250001,0.000000002,0.000000002,patch_3466,653.87221,654.028256,461.176571286,461.176571
3457,1.7285,1.728250001,1.72875,0.000000002,0.000000002,patch_3467,654.028256,654.184301,461.176571286,461.176571
3458,1.729,1.72875,1.729250001,0.000000002,0.000000002,patch_3468,654.184301,654.340347,461.176571286,461.176571
3459,1.7295,1.729250001,1.72975,0.000000002,0.000000002,patch_3469,654.340347,654.496392,461.176571286,461.176571
3460,1.73,1.72975,1.730249998,0.000000002,0.000000002,patch_3470,654.496392,654.652437,461.176571286,461.176571
3461,1.7305,1.730250002,1.73075,0.000000002,0.000000002,patch_3471,654.652438,654.808483,461.176571286,461.176571
3462,1.731,1.73075,1.731249999,0.000000002,0.000000002,patch_3472,654.808483,654.964528,461.176571286,461.176571
3463,1.7315,1.731249999,1.73175,0.000000002,0.000000002,patch_3473,654.964528,655.120574,461.176571286,461.176571
3464,1.732,1.73175,1.732249999,0.000000002,0.000000002,patch_3474,655.120574,655.276619,461.176571286,461.176571
3465,1.7325,1.732249999,1.732750001,0.000000002,0.000000002,patch_3475,655.276619,655.432665,461.176571286,461.176571
3466,1.733,1.732750001,1.733249999,0.000000002,0.000000002,patch_3476,655.432665,655.58871,461.176571286,461.176571
3467,1.7335,1.733249999,1.733750001,0.000000002,0.000000002,patch_3477,655.58871,655.744756,461.176571286,461.176571
3468,1.734,1.733750001,1.73425,0.000000002,0.000000002,patch_3478,655.744756,655.900801,461.176571286,461.176571
3469,1.7345,1.73425,1.734750001,0.000000002,0.000000002,patch_3479,655.900801,656.056847,461.176571286,461.176571
3470,1.735,1.734750001,1.73525,0.000000002,0.000000002,patch_3480,656.056847,656.212892,461.176571286,461.176571
3471,1.7355,1.73525,1.735749998,0.000000002,0.000000002,patch_3481,656.212892,656.368937,461.176571286,461.176571
3472,1.736,1.735750002,1.73625,0.000000002,0.000000002,patch_3482,656.368938,656.524983,461.176571286,461.176571
3473,1.7365,1.73625,1.736749999,0.000000002,0.000000002,patch_3483,656.524983,656.681028,461.176571286,461.176571
3474,1.737,1.736749999,1.73725,0.000000002,0.000000002,patch_3484,656.681028,656.837074,461.176571286,461.176571
3475,1.7375,1.73725,1.737749999,0.000000002,0.000000002,patch_3485,656.837074,656.993119,461.176571286,461.176571
3476,1.738,1.737749999,1.738250001,0.000000002,0.000000002,patch_3486,656.993119,657.149165,461.176571286,461.176571
3477,1.7385,1.738250001,1.738749999,0.000000002,0.000000002,patch_3487,657.149165,657.30521,461.176571286,461.176571
3478,1.739,1.738749999,1.739250001,0.000000002,0.000000002,patch_3488,657.30521,657.461256,461.176571286,461.176571
3479,1.7395,1.739250001,1.73975,0.000000002,0.000000002,patch_3489,657.461256,657.617301,461.176571286,461.176571
3480,1.74,1.73975,1.740250001,0.000000002,0.000000002,patch_3490,657.617301,657.773347,461.176571286,461.176571
3481,1.7405,1.740250001,1.74075,0.000000002,0.000000002,patch_3491,657.773347,657.929392,461.176571286,461.176571
3482,1.741,1.74075,1.741250002,0.000000002,0.000000002,patch_3492,657.929392,658.085438,461.176571286,461.176571
3483,1.7415,1.741250002,1.74175,0.000000002,0.000000002,patch_3493,658.085438,658.241483,461.176571286,461.176571
3484,1.742,1.74175,1.742249999,0.000000002,0.000000002,patch_3494,658.241483,658.397528,461.176571286,461.176571
3485,1.7425,1.742249999,1.74275,0.000000002,0.000000002,patch_3495,658.397528,658.553574,461.176571286,461.176571
3486,1.743,1.74275,1.743249999,0.000000002,0.000000002,patch_3496,658.553574,658.709619,461.176571286,461.176571
3487,1.7435,1.743249999,1.743750001,0.000000002,0.000000002,patch_3497,658.709619,658.865665,461.176571286,461.176571
3488,1.744,1.743750001,1.744249999,0.000000002,0.000000002,patch_3498,658.865665,659.02171,461.176571286,461.176571
3489,1.7445,1.744249999,1.744750001,0.000000002,0.000000002,patch_3499,659.02171,659.177756,461.176571286,461.176571
3490,1.745,1.744750001,1.74525,0.000000002,0.000000002,patch_3500,659.177756,659.333801,461.176571286,461.176571
3491,1.7455,1.74525,1.745750001,0.000000002,0.000000002,patch_3501,659.333801,659.489847,461.176571286,461.176571
3492,1.746,1.745750001,1.74625,0.000000002,0.000000002,patch_3502,659.489847,659.645892,461.176571286,461.176571
3493,1.7465,1.74625,1.746749998,0.000000002,0.000000002,patch_3503,659.645892,659.801937,461.176571286,461.176571
3494,1.747,1.746750002,1.74725,0.000000002,0.000000002,patch_3504,659.801938,659.957983,461.176571286,461.176571
3495,1.7475,1.74725,1.747749999,0.000000002,0.000000002,patch_3505,659.957983,660.114028,461.176571286,461.176571
3496,1.748,1.747749999,1.74825,0.000000002,0.000000002,patch_3506,660.114028,660.270074,461.176571286,461.176571
3497,1.7485,1.74825,1.748749999,0.000000002,0.000000002,patch_3507,660.270074,660.426119,461.176571286,461.176571
3498,1.749,1.748749999,1.749250001,0.000000002,0.000000002,patch_3508,660.426119,660.582165,461.176571286,461.176571
3499,1.7495,1.749250001,1.749749999,0.000000002,0.000000002,patch_3509,660.582165,660.73821,461.176571286,461.176571
3500,1.75,1.749749999,1.750250001,0.000000002,0.000000002,patch_3510,660.73821,660.894256,461.176571286,461.176571
3501,1.7505,1.750250001,1.75075,0.000000002,0.000000002,patch_3511,660.894256,661.050301,461.176571286,461.176571
3502,1.751,1.75075,1.751250001,0.000000002,0.000000002,patch_3512,661.050301,661.206347,461.176571286,461.176571
3503,1.7515,1.751250001,1.75175,0.000000002,0.000000002,patch_3513,661.206347,661.362392,461.176571286,461.176571
3504,1.752,1.75175,1.752249998,0.000000002,0.000000002,patch_3514,661.362392,661.518437,461.176571286,461.176571
3505,1.7525,1.752250002,1.75275,0.000000002,0.000000002,patch_3515,661.518438,661.674483,461.176571286,461.176571
3506,1.753,1.75275,1.753249999,0.000000002,0.000000002,patch_3516,661.674483,661.830528,461.176571286,461.176571
3507,1.7535,1.753249999,1.75375,0.000000002,0.000000002,patch_3517,661.830528,661.986574,461.176571286,461.176571
3508,1.754,1.75375,1.754249999,0.000000002,0.000000002,patch_3518,661.986574,662.142619,461.176571286,461.176571
3509,1.7545,1.754249999,1.754750001,0.000000002,0.000000002,patch_3519,662.142619,662.298665,461.176571286,461.176571
3510,1.755,1.754750001,1.755249999,0.000000002,0.000000002,patch_3520,662.298665,662.45471,461.176571286,461.176571
3511,1.7555,1.755249999,1.755750001,0.000000002,0.000000002,patch_3521,662.45471,662.610756,461.176571286,461.176571
3512,1.756,1.755750001,1.75625,0.000000002,0.000000002,patch_3522,662.610756,662.766801,461.176571286,461.176571
3513,1.7565,1.75625,1.756750001,0.000000002,0.000000002,patch_3523,662.766801,662.922847,461.176571286,461.176571
3514,1.757,1.756750001,1.75725,0.000000002,0.000000002,patch_3524,662.922847,663.078892,461.176571286,461.176571
3515,1.7575,1.75725,1.757750002,0.000000002,0.000000002,patch_3525,663.078892,663.234938,461.176571286,461.176571
3516,1.758,1.757750002,1.75825,0.000000002,0.000000002,patch_3526,663.234938,663.390983,461.176571286,461.176571
3517,1.7585,1.75825,1.758749999,0.000000002,0.000000002,patch_3527,663.390983,663.547028,461.176571286,461.176571
3518,1.759,1.758749999,1.75925,0.000000002,0.000000002,patch_3528,663.547028,663.703074,461.176571286,461.176571
3519,1.7595,1.75925,1.759749999,0.000000002,0.000000002,patch_3529,663.703074,663.859119,461.176571286,461.176571
3520,1.76,1.759749999,1.760250001,0.000000002,0.000000002,patch_3530,663.859119,664.015165,461.176571286,461.176571
3521,1.7605,1.760250001,1.760749999,0.000000002,0.000000002,patch_3531,664.015165,664.17121,461.176571286,461.176571
3522,1.761,1.760749999,1.761250001,0.000000002,0.000000002,patch_3532,664.17121,664.327256,461.176571286,461.176571
3523,1.7615,1.761250001,1.76175,0.000000002,0.000000002,patch_3533,664.327256,664.483301,461.176571286,461.176571
3524,1.762,1.76175,1.762250001,0.000000002,0.000000002,patch_3534,664.483301,664.639347,461.176571286,461.176571
3525,1.7625,1.762250001,1.76275,0.000000002,0.000000002,patch_3535,664.639347,664.795392,461.176571286,461.176571
3526,1.763,1.76275,1.763249998,0.000000002,0.000000002,patch_3536,664.795392,664.951437,461.176571286,461.176571
3527,1.7635,1.763249998,1.76375,0.000000002,0.000000002,patch_3537,664.951437,665.107483,461.176571286,461.176571
3528,1.764,1.76375,1.764249999,0.000000002,0.000000002,patch_3538,665.107483,665.263528,461.176571286,461.176571
3529,1.7645,1.764249999,1.76475,0.000000002,0.000000002,patch_3539,665.263528,665.419574,461.176571286,461.176571
3530,1.765,1.76475,1.765249999,0.000000002,0.000000002,patch_3540,665.419574,665.575619,461.176571286,461.176571
3531,1.7655,1.765249999,1.765750001,0.000000002,0.000000002,patch_3541,665.575619,665.731665,461.176571286,461.176571
3532,1.766,1.765750001,1.766249999,0.000000002,0.000000002,patch_3542,665.731665,665.88771,461.176571286,461.176571
3533,1.7665,1.766249999,1.766750001,0.000000002,0.000000002,patch_3543,665.88771,666.043756,461.176571286,461.176571
3534,1.767,1.766750001,1.76725,0.000000002,0.000000002,patch_3544,666.043756,666.199801,461.176571286,461.176571
3535,1.7675,1.76725,1.767750001,0.000000002,0.000000002,patch_3545,666.199801,666.355847,461.176571286,461.176571
3536,1.768,1.767750001,1.76825,0.000000002,0.000000002,patch_3546,666.355847,666.511892,461.176571286,461.176571
3537,1.7685,1.76825,1.768749998,0.000000002,0.000000002,patch_3547,666.511892,666.667937,461.176571286,461.176571
3538,1.769,1.768749998,1.76925,0.000000002,0.000000002,patch_3548,666.667937,666.823983,461.176571286,461.176571
3539,1.7695,1.76925,1.769749999,0.000000002,0.000000002,patch_3549,666.823983,666.980028,461.176571286,461.176571
3540,1.77,1.769749999,1.77025,0.000000002,0.000000002,patch_3550,666.980028,667.136074,461.176571286,461.176571
3541,1.7705,1.77025,1.770749999,0.000000002,0.000000002,patch_3551,667.136074,667.292119,461.176571286,461.176571
3542,1.771,1.770749999,1.771250001,0.000000002,0.000000002,patch_3552,667.292119,667.448165,461.176571286,461.176571
3543,1.7715,1.771250001,1.771749999,0.000000002,0.000000002,patch_3553,667.448165,667.60421,461.176571286,461.176571
3544,1.772,1.771749999,1.772250001,0.000000002,0.000000002,patch_3554,667.60421,667.760256,461.176571286,461.176571
3545,1.7725,1.772250001,1.77275,0.000000002,0.000000002,patch_3555,667.760256,667.916301,461.176571286,461.176571
3546,1.773,1.77275,1.773250001,0.000000002,0.000000002,patch_3556,667.916301,668.072347,461.176571286,461.176571
3547,1.7735,1.773250001,1.77375,0.000000002,0.000000002,patch_3557,668.072347,668.228392,461.176571286,461.176571
3548,1.774,1.77375,1.774249998,0.000000002,0.000000002,patch_3558,668.228392,668.384437,461.176571286,461.176571
3549,1.7745,1.774249998,1.77475,0.000000002,0.000000002,patch_3559,668.384437,668.540483,461.176571286,461.176571
3550,1.775,1.77475,1.775249999,0.000000002,0.000000002,patch_3560,668.540483,668.696528,461.176571286,461.176571
3551,1.7755,1.775249999,1.77575,0.000000002,0.000000002,patch_3561,668.696528,668.852574,461.176571286,461.176571
3552,1.776,1.77575,1.776249999,0.000000002,0.000000002,patch_3562,668.852574,669.008619,461.176571286,461.176571
3553,1.7765,1.776249999,1.776750001,0.000000002,0.000000002,patch_3563,669.008619,669.164665,461.176571286,461.176571
3554,1.777,1.776750001,1.777249999,0.000000002,0.000000002,patch_3564,669.164665,669.32071,461.176571286,461.176571
3555,1.7775,1.777249999,1.777750001,0.000000002,0.000000002,patch_3565,669.32071,669.476756,461.176571286,461.176571
3556,1.778,1.777750001,1.77825,0.000000002,0.000000002,patch_3566,669.476756,669.632801,461.176571286,461.176571
3557,1.7785,1.77825,1.778750001,0.000000002,0.000000002,patch_3567,669.632801,669.788847,461.176571286,461.176571
3558,1.779,1.778750001,1.77925,0.000000002,0.000000002,patch_3568,669.788847,669.944892,461.176571286,461.176571
3559,1.7795,1.77925,1.779749998,0.000000002,0.000000002,patch_3569,669.944892,670.100937,461.176571286,461.176571
3560,1.78,1.779749998,1.78025,0.000000002,0.000000002,patch_3570,670.100937,670.256983,461.176571286,461.176571
3561,1.7805,1.78025,1.780749999,0.000000002,0.000000002,patch_3571,670.256983,670.413028,461.176571286,461.176571
3562,1.781,1.780749999,1.78125,0.000000002,0.000000002,patch_3572,670.413028,670.569074,461.176571286,461.176571
3563,1.7815,1.78125,1.781749999,0.000000002,0.000000002,patch_3573,670.569074,670.725119,461.176571286,461.176571
3564,1.782,1.781749999,1.782250001,0.000000002,0.000000002,patch_3574,670.725119,670.881165,461.176571286,461.176571
3565,1.7825,1.782250001,1.782749999,0.000000002,0.000000002,patch_3575,670.881165,671.03721,461.176571286,461.176571
3566,1.783,1.782749999,1.783250001,0.000000002,0.000000002,patch_3576,671.03721,671.193256,461.176571286,461.176571
3567,1.7835,1.783250001,1.78375,0.000000002,0.000000002,patch_3577,671.193256,671.349301,461.176571286,461.176571
3568,1.784,1.78375,1.784250001,0.000000002,0.000000002,patch_3578,671.349301,671.505347,461.176571286,461.176571
3569,1.7845,1.784250001,1.78475,0.000000002,0.000000002,patch_3579,671.505347,671.661392,461.176571286,461.176571
3570,1.785,1.78475,1.785249998,0.000000002,0.000000002,patch_3580,671.661392,671.817437,461.176571286,461.176571
3571,1.7855,1.785249998,1.78575,0.000000002,0.000000002,patch_3581,671.817437,671.973483,461.176571286,461.176571
3572,1.786,1.78575,1.786249999,0.000000002,0.000000002,patch_3582,671.973483,672.129528,461.176571286,461.176571
3573,1.7865,1.786249999,1.78675,0.000000002,0.000000002,patch_3583,672.129528,672.285574,461.176571286,461.176571
3574,1.787,1.78675,1.787249999,0.000000002,0.000000002,patch_3584,672.285574,672.441619,461.176571286,461.176571
3575,1.7875,1.787249999,1.787750001,0.000000002,0.000000002,patch_3585,672.441619,672.597665,461.176571286,461.176571
3576,1.788,1.787750001,1.788249999,0.000000002,0.000000002,patch_3586,672.597665,672.75371,461.176571286,461.176571
3577,1.7885,1.788249999,1.788750001,0.000000002,0.000000002,patch_3587,672.75371,672.909756,461.176571286,461.176571
3578,1.789,1.788750001,1.78925,0.000000002,0.000000002,patch_3588,672.909756,673.065801,461.176571286,461.176571
3579,1.7895,1.78925,1.789750001,0.000000002,0.000000002,patch_3589,673.065801,673.221847,461.176571286,461.176571
3580,1.79,1.789750001,1.79025,0.000000002,0.000000002,patch_3590,673.221847,673.377892,461.176571286,461.176571
3581,1.7905,1.79025,1.790749998,0.000000002,0.000000002,patch_3591,673.377892,673.533937,461.176571286,461.176571
3582,1.791,1.790749998,1.79125,0.000000002,0.000000002,patch_3592,673.533937,673.689983,461.176571286,461.176571
3583,1.7915,1.79125,1.791749999,0.000000002,0.000000002,patch_3593,673.689983,673.846028,461.176571286,461.176571
3584,1.792,1.791749999,1.79225,0.000000002,0.000000002,patch_3594,673.846028,674.002074,461.176571286,461.176571
3585,1.7925,1.79225,1.792749999,0.000000002,0.000000002,patch_3595,674.002074,674.158119,461.176571286,461.176571
3586,1.793,1.792749999,1.793250001,0.000000002,0.000000002,patch_3596,674.158119,674.314165,461.176571286,461.176571
3587,1.7935,1.793250001,1.793749999,0.000000002,0.000000002,patch_3597,674.314165,674.47021,461.176571286,461.176571
3588,1.794,1.793749999,1.794250001,0.000000002,0.000000002,patch_3598,674.47021,674.626256,461.176571286,461.176571
3589,1.7945,1.794250001,1.79475,0.000000002,0.000000002,patch_3599,674.626256,674.782301,461.176571286,461.176571
3590,1.795,1.79475,1.795250001,0.000000002,0.000000002,patch_3600,674.782301,674.938347,461.176571286,461.176571
3591,1.7955,1.795250001,1.79575,0.000000002,0.000000002,patch_3601,674.938347,675.094392,461.176571286,461.176571
3592,1.796,1.79575,1.796249998,0.000000002,0.000000002,patch_3602,675.094392,675.250437,461.176571286,461.176571
3593,1.7965,1.796249998,1.79675,0.000000002,0.000000002,patch_3603,675.250437,675.406483,461.176571286,461.176571
3594,1.797,1.79675,1.797249999,0.000000002,0.000000002,patch_3604,675.406483,675.562528,461.176571286,461.176571
3595,1.7975,1.797249999,1.79775,0.000000002,0.000000002,patch_3605,675.562528,675.718574,461.176571286,461.176571
3596,1.798,1.79775,1.798249999,0.000000002,0.000000002,patch_3606,675.718574,675.874619,461.176571286,461.176571
3597,1.7985,1.798249999,1.798750001,0.000000002,0.000000002,patch_3607,675.874619,676.030665,461.176571286,461.176571
3598,1.799,1.798750001,1.799249999,0.000000002,0.000000002,patch_3608,676.030665,676.18671,461.176571286,461.176571
3599,1.7995,1.799249999,1.799750001,0.000000002,0.000000002,patch_3609,676.18671,676.342756,461.176571286,461.176571
3600,1.8,1.799750001,1.80025,0.000000002,0.000000002,patch_3610,676.342756,676.498801,461.176571286,461.176571
3601,1.8005,1.80025,1.800750001,0.000000002,0.000000002,patch_3611,676.498801,676.654847,461.176571286,461.176571
3602,1.801,1.800750001,1.80125,0.000000002,0.000000002,patch_3612,676.654847,676.810892,461.176571286,461.176571
3603,1.8015,1.80125,1.801749998,0.000000002,0.000000002,patch_3613,676.810892,676.966937,461.176571286,461.176571
3604,1.802,1.801749998,1.80225,0.000000002,0.000000002,patch_3614,676.966937,677.122983,461.176571286,461.176571
3605,1.8025,1.80225,1.802749999,0.000000002,0.000000002,patch_3615,677.122983,677.279028,461.176571286,461.176571
3606,1.803,1.802749999,1.80325,0.000000002,0.000000002,patch_3616,677.279028,677.435074,461.176571286,461.176571
3607,1.8035,1.80325,1.803749999,0.000000002,0.000000002,patch_3617,677.435074,677.591119,461.176571286,461.176571
3608,1.804,1.803749999,1.804250001,0.000000002,0.000000002,patch_3618,677.591119,677.747165,461.176571286,461.176571
3609,1.8045,1.804250001,1.804749999,0.000000002,0.000000002,patch_3619,677.747165,677.90321,461.176571286,461.176571
3610,1.805,1.804749999,1.805250001,0.000000002,0.000000002,patch_3620,677.90321,678.059256,461.176571286,461.176571
3611,1.8055,1.805250001,1.80575,0.000000002,0.000000002,patch_3621,678.059256,678.215301,461.176571286,461.176571
3612,1.806,1.80575,1.806250001,0.000000002,0.000000002,patch_3622,678.215301,678.371347,461.176571286,461.176571
3613,1.8065,1.806250001,1.80675,0.000000002,0.000000002,patch_3623,678.371347,678.527392,461.176571286,461.176571
3614,1.807,1.80675,1.807249998,0.000000002,0.000000002,patch_3624,678.527392,678.683437,461.176571286,461.176571
3615,1.8075,1.807250002,1.80775,0.000000002,0.000000002,patch_3625,678.683438,678.839483,461.176571286,461.176571
3616,1.808,1.80775,1.808249999,0.000000002,0.000000002,patch_3626,678.839483,678.995528,461.176571286,461.176571
3617,1.8085,1.808249999,1.80875,0.000000002,0.000000002,patch_3627,678.995528,679.151574,461.176571286,461.176571
3618,1.809,1.80875,1.809249999,0.000000002,0.000000002,patch_3628,679.151574,679.307619,461.176571286,461.176571
3619,1.8095,1.809249999,1.809750001,0.000000002,0.000000002,patch_3629,679.307619,679.463665,461.176571286,461.176571
3620,1.81,1.809750001,1.810249999,0.000000002,0.000000002,patch_3630,679.463665,679.61971,461.176571286,461.176571
3621,1.8105,1.810249999,1.810750001,0.000000002,0.000000002,patch_3631,679.61971,679.775756,461.176571286,461.176571
3622,1.811,1.810750001,1.81125,0.000000002,0.000000002,patch_3632,679.775756,679.931801,461.176571286,461.176571
3623,1.8115,1.81125,1.811750001,0.000000002,0.000000002,patch_3633,679.931801,680.087847,461.176571286,461.176571
3624,1.812,1.811750001,1.81225,0.000000002,0.000000002,patch_3634,680.087847,680.243892,461.176571286,461.176571
3625,1.8125,1.81225,1.812749998,0.000000002,0.000000002,patch_3635,680.243892,680.399937,461.176571286,461.176571
3626,1.813,1.812749998,1.81325,0.000000002,0.000000002,patch_3636,680.399937,680.555983,461.176571286,461.176571
3627,1.8135,1.81325,1.813749999,0.000000002,0.000000002,patch_3637,680.555983,680.712028,461.176571286,461.176571
3628,1.814,1.813749999,1.81425,0.000000002,0.000000002,patch_3638,680.712028,680.868074,461.176571286,461.176571
3629,1.8145,1.81425,1.814749999,0.000000002,0.000000002,patch_3639,680.868074,681.024119,461.176571286,461.176571
3630,1.815,1.814749999,1.815250001,0.000000002,0.000000002,patch_3640,681.024119,681.180165,461.176571286,461.176571
3631,1.8155,1.815250001,1.815749999,0.000000002,0.000000002,patch_3641,681.180165,681.33621,461.176571286,461.176571
3632,1.816,1.815749999,1.816250001,0.000000002,0.000000002,patch_3642,681.33621,681.492256,461.176571286,461.176571
3633,1.8165,1.816250001,1.81675,0.000000002,0.000000002,patch_3643,681.492256,681.648301,461.176571286,461.176571
3634,1.817,1.81675,1.817250001,0.000000002,0.000000002,patch_3644,681.648301,681.804347,461.176571286,461.176571
3635,1.8175,1.817250001,1.81775,0.000000002,0.000000002,patch_3645,681.804347,681.960392,461.176571286,461.176571
3636,1.818,1.81775,1.818249998,0.000000002,0.000000002,patch_3646,681.960392,682.116437,461.176571286,461.176571
3637,1.8185,1.818249998,1.81875,0.000000002,0.000000002,patch_3647,682.116437,682.272483,461.176571286,461.176571
3638,1.819,1.81875,1.819249999,0.000000002,0.000000002,patch_3648,682.272483,682.428528,461.176571286,461.176571
3639,1.8195,1.819249999,1.81975,0.000000002,0.000000002,patch_3649,682.428528,682.584574,461.176571286,461.176571
3640,1.82,1.81975,1.820249999,0.000000002,0.000000002,patch_3650,682.584574,682.740619,461.176571286,461.176571
3641,1.8205,1.820249999,1.820750001,0.000000002,0.000000002,patch_3651,682.740619,682.896665,461.176571286,461.176571
3642,1.821,1.820750001,1.821249999,0.000000002,0.000000002,patch_3652,682.896665,683.05271,461.176571286,461.176571
3643,1.8215,1.821249999,1.821750001,0.000000002,0.000000002,patch_3653,683.05271,683.208756,461.176571286,461.176571
3644,1.822,1.821750001,1.82225,0.000000002,0.000000002,patch_3654,683.208756,683.364801,461.176571286,461.176571
3645,1.8225,1.82225,1.822750001,0.000000002,0.000000002,patch_3655,683.364801,683.520847,461.176571286,461.176571
3646,1.823,1.822750001,1.82325,0.000000002,0.000000002,patch_3656,683.520847,683.676892,461.176571286,461.176571
3647,1.8235,1.82325,1.823749998,0.000000002,0.000000002,patch_3657,683.676892,683.832937,461.176571286,461.176571
3648,1.824,1.823750002,1.82425,0.000000002,0.000000002,patch_3658,683.832938,683.988983,461.176571286,461.176571
3649,1.8245,1.82425,1.824749999,0.000000002,0.000000002,patch_3659,683.988983,684.145028,461.176571286,461.176571
3650,1.825,1.824749999,1.82525,0.000000002,0.000000002,patch_3660,684.145028,684.301074,461.176571286,461.176571
3651,1.8255,1.82525,1.825749999,0.000000002,0.000000002,patch_3661,684.301074,684.457119,461.176571286,461.176571
3652,1.826,1.825749999,1.826250001,0.000000002,0.000000002,patch_3662,684.457119,684.613165,461.176571286,461.176571
3653,1.8265,1.826250001,1.826749999,0.000000002,0.000000002,patch_3663,684.613165,684.76921,461.176571286,461.176571
3654,1.827,1.826749999,1.827250001,0.000000002,0.000000002,patch_3664,684.76921,684.925256,461.176571286,461.176571
3655,1.8275,1.827250001,1.82775,0.000000002,0.000000002,patch_3665,684.925256,685.081301,461.176571286,461.176571
3656,1.828,1.82775,1.828250001,0.000000002,0.000000002,patch_3666,685.081301,685.237347,461.176571286,461.176571
3657,1.8285,1.828250001,1.82875,0.000000002,0.000000002,patch_3667,685.237347,685.393392,461.176571286,461.176571
3658,1.829,1.82875,1.829249998,0.000000002,0.000000002,patch_3668,685.393392,685.549437,461.176571286,461.176571
3659,1.8295,1.829249998,1.82975,0.000000002,0.000000002,patch_3669,685.549437,685.705483,461.176571286,461.176571
3660,1.83,1.82975,1.830249999,0.000000002,0.000000002,patch_3670,685.705483,685.861528,461.176571286,461.176571
3661,1.8305,1.830249999,1.83075,0.000000002,0.000000002,patch_3671,685.861528,686.017574,461.176571286,461.176571
3662,1.831,1.83075,1.831249999,0.000000002,0.000000002,patch_3672,686.017574,686.173619,461.176571286,461.176571
3663,1.8315,1.831249999,1.831750001,0.000000002,0.000000002,patch_3673,686.173619,686.329665,461.176571286,461.176571
3664,1.832,1.831750001,1.832249999,0.000000002,0.000000002,patch_3674,686.329665,686.48571,461.176571286,461.176571
3665,1.8325,1.832249999,1.832750001,0.000000002,0.000000002,patch_3675,686.48571,686.641756,461.176571286,461.176571
3666,1.833,1.832750001,1.83325,0.000000002,0.000000002,patch_3676,686.641756,686.797801,461.176571286,461.176571
3667,1.8335,1.83325,1.833750001,0.000000002,0.000000002,patch_3677,686.797801,686.953847,461.176571286,461.176571
3668,1.834,1.833750001,1.83425,0.000000002,0.000000002,patch_3678,686.953847,687.109892,461.176571286,461.176571
3669,1.8345,1.83425,1.834749998,0.000000002,0.000000002,patch_3679,687.109892,687.265937,461.176571286,461.176571
3670,1.835,1.834749998,1.83525,0.000000002,0.000000002,patch_3680,687.265937,687.421983,461.176571286,461.176571
3671,1.8355,1.83525,1.835749999,0.000000002,0.000000002,patch_3681,687.421983,687.578028,461.176571286,461.176571
3672,1.836,1.835749999,1.83625,0.000000002,0.000000002,patch_3682,687.578028,687.734074,461.176571286,461.176571
3673,1.8365,1.83625,1.836749999,0.000000002,0.000000002,patch_3683,687.734074,687.890119,461.176571286,461.176571
3674,1.837,1.836749999,1.837250001,0.000000002,0.000000002,patch_3684,687.890119,688.046165,461.176571286,461.176571
3675,1.8375,1.837250001,1.837749999,0.000000002,0.000000002,patch_3685,688.046165,688.20221,461.176571286,461.176571
3676,1.838,1.837749999,1.838250001,0.000000002,0.000000002,patch_3686,688.20221,688.358256,461.176571286,461.176571
3677,1.8385,1.838250001,1.83875,0.000000002,0.000000002,patch_3687,688.358256,688.514301,461.176571286,461.176571
3678,1.839,1.83875,1.839250001,0.000000002,0.000000002,patch_3688,688.514301,688.670347,461.176571286,461.176571
3679,1.8395,1.839250001,1.83975,0.000000002,0.000000002,patch_3689,688.670347,688.826392,461.176571286,461.176571
3680,1.84,1.83975,1.840249998,0.000000002,0.000000002,patch_3690,688.826392,688.982437,461.176571286,461.176571
3681,1.8405,1.840250002,1.84075,0.000000002,0.000000002,patch_3691,688.982438,689.138483,461.176571286,461.176571
3682,1.841,1.84075,1.841249999,0.000000002,0.000000002,patch_3692,689.138483,689.294528,461.176571286,461.176571
3683,1.8415,1.841249999,1.84175,0.000000002,0.000000002,patch_3693,689.294528,689.450574,461.176571286,461.176571
3684,1.842,1.84175,1.842249999,0.000000002,0.000000002,patch_3694,689.450574,689.606619,461.176571286,461.176571
3685,1.8425,1.842249999,1.842750001,0.000000002,0.000000002,patch_3695,689.606619,689.762665,461.176571286,461.176571
3686,1.843,1.842750001,1.843249999,0.000000002,0.000000002,patch_3696,689.762665,689.91871,461.176571286,461.176571
3687,1.8435,1.843249999,1.843750001,0.000000002,0.000000002,patch_3697,689.91871,690.074756,461.176571286,461.176571
3688,1.844,1.843750001,1.84425,0.000000002,0.000000002,patch_3698,690.074756,690.230801,461.176571286,461.176571
3689,1.8445,1.84425,1.844750001,0.000000002,0.000000002,patch_3699,690.230801,690.386847,461.176571286,461.176571
3690,1.845,1.844750001,1.84525,0.000000002,0.000000002,patch_3700,690.386847,690.542892,461.176571286,461.176571
3691,1.8455,1.84525,1.845749998,0.000000002,0.000000002,patch_3701,690.542892,690.698937,461.176571286,461.176571
3692,1.846,1.845750002,1.84625,0.000000002,0.000000002,patch_3702,690.698938,690.854983,461.176571286,461.176571
3693,1.8465,1.84625,1.846749999,0.000000002,0.000000002,patch_3703,690.854983,691.011028,461.176571286,461.176571
3694,1.847,1.846749999,1.84725,0.000000002,0.000000002,patch_3704,691.011028,691.167074,461.176571286,461.176571
3695,1.8475,1.84725,1.847749999,0.000000002,0.000000002,patch_3705,691.167074,691.323119,461.176571286,461.176571
3696,1.848,1.847749999,1.848250001,0.000000002,0.000000002,patch_3706,691.323119,691.479165,461.176571286,461.176571
3697,1.8485,1.848250001,1.848749999,0.000000002,0.000000002,patch_3707,691.479165,691.63521,461.176571286,461.176571
3698,1.849,1.848749999,1.849250001,0.000000002,0.000000002,patch_3708,691.63521,691.791256,461.176571286,461.176571
3699,1.8495,1.849250001,1.84975,0.000000002,0.000000002,patch_3709,691.791256,691.947301,461.176571286,461.176571
3700,1.85,1.84975,1.850250001,0.000000002,0.000000002,patch_3710,691.947301,692.103347,461.176571286,461.176571
3701,1.8505,1.850250001,1.85075,0.000000002,0.000000002,patch_3711,692.103347,692.259392,461.176571286,461.176571
3702,1.851,1.85075,1.851249998,0.000000002,0.000000002,patch_3712,692.259392,692.415437,461.176571286,461.176571
3703,1.8515,1.851249998,1.85175,0.000000002,0.000000002,patch_3713,692.415437,692.571483,461.176571286,461.176571
3704,1.852,1.85175,1.852249999,0.000000002,0.000000002,patch_3714,692.571483,692.727528,461.176571286,461.176571
3705,1.8525,1.852249999,1.85275,0.000000002,0.000000002,patch_3715,692.727528,692.883574,461.176571286,461.176571
3706,1.853,1.85275,1.853249999,0.000000002,0.000000002,patch_3716,692.883574,693.039619,461.176571286,461.176571
3707,1.8535,1.853249999,1.853750001,0.000000002,0.000000002,patch_3717,693.039619,693.195665,461.176571286,461.176571
3708,1.854,1.853750001,1.854249999,0.000000002,0.000000002,patch_3718,693.195665,693.35171,461.176571286,461.176571
3709,1.8545,1.854249999,1.854750001,0.000000002,0.000000002,patch_3719,693.35171,693.507756,461.176571286,461.176571
3710,1.855,1.854750001,1.85525,0.000000002,0.000000002,patch_3720,693.507756,693.663801,461.176571286,461.176571
3711,1.8555,1.85525,1.855750001,0.000000002,0.000000002,patch_3721,693.663801,693.819847,461.176571286,461.176571
3712,1.856,1.855750001,1.85625,0.000000002,0.000000002,patch_3722,693.819847,693.975892,461.176571286,461.176571
3713,1.8565,1.85625,1.856749998,0.000000002,0.000000002,patch_3723,693.975892,694.131937,461.176571286,461.176571
3714,1.857,1.856750002,1.85725,0.000000002,0.000000002,patch_3724,694.131938,694.287983,461.176571286,461.176571
3715,1.8575,1.85725,1.857749999,0.000000002,0.000000002,patch_3725,694.287983,694.444028,461.176571286,461.176571
3716,1.858,1.857749999,1.85825,0.000000002,0.000000002,patch_3726,694.444028,694.600074,461.176571286,461.176571
3717,1.8585,1.85825,1.858749999,0.000000002,0.000000002,patch_3727,694.600074,694.756119,461.176571286,461.176571
3718,1.859,1.858749999,1.859250001,0.000000002,0.000000002,patch_3728,694.756119,694.912165,461.176571286,461.176571
3719,1.8595,1.859250001,1.859749999,0.000000002,0.000000002,patch_3729,694.912165,695.06821,461.176571286,461.176571
3720,1.86,1.859749999,1.860250001,0.000000002,0.000000002,patch_3730,695.06821,695.224256,461.176571286,461.176571
3721,1.8605,1.860250001,1.86075,0.000000002,0.000000002,patch_3731,695.224256,695.380301,461.176571286,461.176571
3722,1.861,1.86075,1.861250001,0.000000002,0.000000002,patch_3732,695.380301,695.536347,461.176571286,461.176571
3723,1.8615,1.861250001,1.86175,0.000000002,0.000000002,patch_3733,695.536347,695.692392,461.176571286,461.176571
3724,1.862,1.86175,1.862249998,0.000000002,0.000000002,patch_3734,695.692392,695.848437,461.176571286,461.176571
3725,1.8625,1.862250002,1.86275,0.000000002,0.000000002,patch_3735,695.848438,696.004483,461.176571286,461.176571
3726,1.863,1.86275,1.863249999,0.000000002,0.000000002,patch_3736,696.004483,696.160528,461.176571286,461.176571
3727,1.8635,1.863249999,1.86375,0.000000002,0.000000002,patch_3737,696.160528,696.316574,461.176571286,461.176571
3728,1.864,1.86375,1.864249999,-0.000000004,-0.000000005,patch_3738,696.316574,696.472619,461.176571286,461.176572
3729,1.8645,1.864249999,1.864750001,-0.000000004,-0.000000005,patch_3739,696.472619,696.628665,461.176571286,461.176572
3730,1.865,1.864750001,1.865249999,-0.000000004,-0.000000005,patch_3740,696.628665,696.78471,461.176571286,461.176572
3731,1.8655,1.865249999,1.865750001,-0.000000004,-0.000000005,patch_3741,696.78471,696.940756,461.176571286,461.176572
3732,1.866,1.865750001,1.86625,-0.000000011,-0.000000012,patch_3742,696.940756,697.096801,461.176571286,461.176573
3733,1.8665,1.86625,1.866750001,-0.000000004,-0.000000005,patch_3743,697.096801,697.252847,461.176571286,461.176572
3734,1.867,1.866750001,1.86725,-0.000000004,-0.000000005,patch_3744,697.252847,697.408892,461.176571286,461.176572
3735,1.8675,1.86725,1.867749998,0.000000002,0.000000002,patch_3745,697.408892,697.564937,461.176571286,461.176571
3736,1.868,1.867750002,1.86825,0.000000008,0.000000009,patch_3746,697.564938,697.720983,461.176571286,461.17657
3737,1.8685,1.86825,1.868749999,0.000000014,0.000000016,patch_3747,697.720983,697.877028,461.176571286,461.176569
3738,1.869,1.868749999,1.86925,0.000000021,0.000000023,patch_3748,697.877028,698.033074,461.176571286,461.176568
3739,1.8695,1.86925,1.869749999,0.000000027,0.00000003,patch_3749,698.033074,698.189119,461.176571286,461.176567
3740,1.87,1.869749999,1.870250001,0.000000027,0.00000003,patch_3750,698.189119,698.345165,461.176571286,461.176567
3741,1.8705,1.870250001,1.870749999,0.000000027,0.00000003,patch_3751,698.345165,698.50121,461.176571286,461.176567
3742,1.871,1.870749999,1.871250001,0.000000014,0.000000016,patch_3752,698.50121,698.657256,461.176571286,461.176569
3743,1.8715,1.871250001,1.87175,0.000000002,0.000000002,patch_3753,698.657256,698.813301,461.176571286,461.176571
3744,1.872,1.87175,1.872250001,-0.000000023,-0.000000026,patch_3754,698.813301,698.969347,461.176571286,461.176575
3745,1.8725,1.872250001,1.87275,-0.000000055,-0.00000006,patch_3755,698.969347,699.125392,461.176571286,461.17658
3746,1.873,1.87275,1.873249998,-0.00000008,-0.000000088,patch_3756,699.125392,699.281437,461.176571286,461.176584
3747,1.8735,1.873250002,1.87375,-0.000000099,-0.000000108,patch_3757,699.281438,699.437483,461.176571286,461.176587
3748,1.874,1.87375,1.874249999,-0.000000105,-0.000000115,patch_3758,699.437483,699.593528,461.176571286,461.176588
3749,1.8745,1.874249999,1.87475,-0.000000099,-0.000000108,patch_3759,699.593528,699.749574,461.176571286,461.176587
3750,1.875,1.87475,1.875249999,-0.000000061,-0.000000067,patch_3760,699.749574,699.905619,461.176571286,461.176581
3751,1.8755,1.875249999,1.875750001,-0.000000004,-0.000000005,patch_3761,699.905619,700.061665,461.176571286,461.176572
3752,1.876,1.875750001,1.876249999,0.00000009,0.000000098,patch_3762,700.061665,700.21771,461.176571286,461.176557
3753,1.8765,1.876249999,1.876750001,0.000000197,0.000000216,patch_3763,700.21771,700.373756,461.176571286,461.17654
3754,1.877,1.876750001,1.87725,0.000000298,0.000000326,patch_3764,700.373756,700.529801,461.176571286,461.176524
3755,1.8775,1.87725,1.877750001,0.000000367,0.000000402,patch_3765,700.529801,700.685847,461.176571286,461.176513
3756,1.878,1.877750001,1.87825,0.000000398,0.000000436,patch_3766,700.685847,700.841892,461.176571286,461.176508
3757,1.8785,1.87825,1.878749998,0.000000361,0.000000395,patch_3767,700.841892,700.997937,461.176571286,461.176514
3758,1.879,1.878750002,1.87925,0.000000241,0.000000264,patch_3768,700.997938,701.153983,461.176571286,461.176533
3759,1.8795,1.87925,1.879749999,0.000000014,0.000000016,patch_3769,701.153983,701.310028,461.176571286,461.176569
3760,1.88,1.879749999,1.88025,-0.000000326,-0.000000357,patch_3770,701.310028,701.466074,461.176571286,461.176623
3761,1.8805,1.88025,1.880749999,-0.000000722,-0.000000791,patch_3771,701.466074,701.622119,461.176571286,461.176686
3762,1.881,1.880749999,1.881250001,-0.000001094,-0.000001198,patch_3772,701.622119,701.778165,461.176571286,461.176745
3763,1.8815,1.881250001,1.881749999,-0.000001377,-0.000001508,patch_3773,701.778165,701.93421,461.176571286,461.17679
3764,1.882,1.881749999,1.882250001,-0.00000149,-0.000001632,patch_3774,701.93421,702.090256,461.176571286,461.176808
3765,1.8825,1.882250001,1.88275,-0.000001358,-0.000001487,patch_3775,702.090256,702.246301,461.176571286,461.176787
3766,1.883,1.88275,1.883250001,-0.000000911,-0.000000998,patch_3776,702.246301,702.402347,461.176571286,461.176716
3767,1.8835,1.883250001,1.88375,-0.000000067,-0.000000074,patch_3777,702.402347,702.558392,461.176571286,461.176582
3768,1.884,1.88375,1.884249998,0.000001192,0.000001305,patch_3778,702.558392,702.714437,461.176571286,461.176382
3769,1.8845,1.884250002,1.88475,0.000002665,0.000002918,patch_3779,702.714438,702.870483,461.176571286,461.176148
3770,1.885,1.88475,1.885249999,0.000004069,0.000004455,patch_3780,702.870483,703.026528,461.176571286,461.175925
3771,1.8855,1.885249999,1.88575,0.000005126,0.000005614,patch_3781,703.026528,703.182574,461.176571286,461.175757
3772,1.886,1.88575,1.886249999,0.000005561,0.000006089,patch_3782,703.182574,703.338619,461.176571286,461.175688
3773,1.8865,1.886249999,1.886750001,0.000005089,0.000005572,patch_3783,703.338619,703.494665,461.176571286,461.175763
3774,1.887,1.886750001,1.887249999,0.000003433,0.000003759,patch_3784,703.494665,703.65071,461.176571286,461.176026
3775,1.8875,1.887249999,1.887750001,0.000000317,0.000000347,patch_3785,703.65071,703.806756,461.176571286,461.176521
3776,1.888,1.887750001,1.88825,-0.000004367,-0.000004782,patch_3786,703.806756,703.962801,461.176571286,461.177265
3777,1.8885,1.88825,1.888750001,-0.000009857,-0.000010794,patch_3787,703.962801,704.118847,461.176571286,461.178137
3778,1.889,1.888750001,1.88925,-0.000015107,-0.000016543,patch_3788,704.118847,704.274892,461.176571286,461.178971
3779,1.8895,1.88925,1.889749998,-0.000019086,-0.0000209,patch_3789,704.274892,704.430937,461.176571286,461.179603
3780,1.89,1.889750002,1.89025,-0.000020742,-0.000022713,patch_3790,704.430938,704.586983,461.176571286,461.179866
3781,1.8905,1.89025,1.890749999,-0.000019042,-0.000020852,patch_3791,704.586983,704.743028,461.176571286,461.179596
3782,1.891,1.890749999,1.89125,-0.000012942,-0.000014172,patch_3792,704.743028,704.899074,461.176571286,461.178627
3783,1.8915,1.89125,1.891749999,-0.000001402,-0.000001535,patch_3793,704.899074,705.055119,461.176571286,461.176794
3784,1.892,1.891749999,1.892250001,0.000016005,0.000017526,patch_3794,705.055119,705.211165,461.176571286,461.174029
3785,1.8925,1.892250001,1.892749999,0.000036478,0.000039945,patch_3795,705.211165,705.36721,461.176571286,461.170777
3786,1.893,1.892749999,1.893250001,0.00005612,0.000061454,patch_3796,705.36721,705.523256,461.176571286,461.167657
3787,1.8935,1.893250001,1.89375,0.00007106,0.000077813,patch_3797,705.523256,705.679301,461.176571286,461.165284
3788,1.894,1.89375,1.894250001,0.000077405,0.000084762,patch_3798,705.679301,705.835347,461.176571286,461.164276
3789,1.8945,1.894250001,1.89475,0.00007128,0.000078055,patch_3799,705.835347,705.991392,461.176571286,461.165249
3790,1.895,1.89475,1.895249998,0.000048792,0.00005343,patch_3800,705.991392,706.147437,461.176571286,461.168821
3791,1.8955,1.895250002,1.89575,0.000006058,0.000006634,patch_3801,706.147438,706.303483,461.176571286,461.175609
3792,1.896,1.89575,1.896249999,-0.000058635,-0.000064208,patch_3802,706.303483,706.459528,461.176571286,461.185885
3793,1.8965,1.896249999,1.89675,-0.000134968,-0.000147796,patch_3803,706.459528,706.615574,461.176571286,461.19801
3794,1.897,1.89675,1.897249999,-0.000208437,-0.000228248,patch_3804,706.615574,706.771619,461.176571286,461.20968
3795,1.8975,1.897249999,1.897750001,-0.000264562,-0.000289707,patch_3805,706.771619,706.927665,461.176571286,461.218595
3796,1.898,1.897750001,1.898249999,-0.000288837,-0.00031629,patch_3806,706.927665,707.08371,461.176571286,461.222451
3797,1.8985,1.898249999,1.898750001,-0.000266772,-0.000292127,patch_3807,707.08371,707.239756,461.176571286,461.218946
3798,1.899,1.898750001,1.89925,-0.000183872,-0.000201348,patch_3808,707.239756,707.395801,461.176571286,461.205778
3799,1.8995,1.89925,1.899750001,-0.00002564,-0.000028077,patch_3809,707.395801,707.551847,461.176571286,461.180644
3800,1.9,1.899750001,1.90025,0.000214743,0.000235153,patch_3810,707.551847,707.707892,461.176571286,461.142461
3801,1.9005,1.90025,1.900750002,0.000499358,0.000546819,patch_3811,707.707892,707.863938,461.176571286,461.097252
3802,1.901,1.900750002,1.90125,0.000774126,0.000847703,patch_3812,707.863938,708.019983,461.176571286,461.053607
3803,1.9015,1.90125,1.901749999,0.000984958,0.001078572,patch_3813,708.019983,708.176028,461.176571286,461.020118
3804,1.902,1.901749999,1.90225,0.001077747,0.001180182,patch_3814,708.176028,708.332074,461.176571286,461.005379
3805,1.9025,1.90225,1.902749999,0.000998399,0.001093291,patch_3815,708.332074,708.488119,461.176571286,461.017983
3806,1.903,1.902749999,1.903250001,0.000692819,0.000758668,patch_3816,708.488119,708.644165,461.176571286,461.066522
3807,1.9035,1.903250001,1.903749999,0.000106906,0.000117067,patch_3817,708.644165,708.80021,461.176571286,461.15959
3808,1.904,1.903749999,1.904250001,-0.000786229,-0.000860956,patch_3818,708.80021,708.956256,461.176571286,461.301458
3809,1.9045,1.904250001,1.90475,-0.001847436,-0.002023025,patch_3819,708.956256,709.112301,461.176571286,461.470023
3810,1.905,1.90475,1.905250001,-0.002874937,-0.003148185,patch_3820,709.112301,709.268347,461.176571286,461.633234
3811,1.9055,1.905250001,1.90575,-0.00366684,-0.004015354,patch_3821,709.268347,709.424392,461.176571286,461.759022
3812,1.906,1.90575,1.906249998,-0.004021248,-0.004403446,patch_3822,709.424392,709.580437,461.176571286,461.815317
3813,1.9065,1.906250002,1.90675,-0.003736274,-0.004091387,patch_3823,709.580438,709.736483,461.176571286,461.770051
3814,1.907,1.90675,1.907249999,-0.002610015,-0.002858083,patch_3824,709.736483,709.892528,461.176571286,461.591153
3815,1.9075,1.907249999,1.90775,-0.000440579,-0.000482453,patch_3825,709.892528,710.048574,461.176571286,461.246554
3816,1.908,1.90775,1.908249999,0.002934257,0.003213143,patch_3826,710.048574,710.204619,461.176571286,460.710486
3817,1.9085,1.908249999,1.908750001,0.007423014,0.008128531,patch_3827,710.204619,710.360665,461.176571286,459.99748
3818,1.909,1.908750001,1.909249999,0.012834318,0.01405415,patch_3828,710.360665,710.51671,461.176571286,459.137934
3819,1.9095,1.909249999,1.909750001,0.018976528,0.020780144,patch_3829,710.51671,710.672756,461.176571286,458.162289
3820,1.91,1.909750001,1.91025,0.025658038,0.028096696,patch_3830,710.672756,710.828801,461.176571286,457.10098
3821,1.9105,1.91025,1.910750001,0.032687207,0.03579395,patch_3831,710.828801,710.984847,461.176571286,455.984448
3822,1.911,1.910750001,1.91125,0.039872418,0.043662076,patch_3832,710.984847,711.140892,461.176571286,454.84313
3823,1.9115,1.91125,1.911749998,0.04702204,0.051491231,patch_3833,711.140892,711.296937,461.176571286,453.707465
3824,1.912,1.911750002,1.91225,0.053933671,0.059059776,patch_3834,711.296938,711.452983,461.176571286,452.609603
3825,1.9125,1.91225,1.912749999,0.060332594,0.066066882,patch_3835,711.452983,711.609028,461.176571286,451.593181
3826,1.913,1.912749999,1.91325,0.065914394,0.072179202,patch_3836,711.609028,711.765074,461.176571286,450.706553
3827,1.9135,1.91325,1.913749999,0.070374543,0.077063264,patch_3837,711.765074,711.921119,461.176571286,449.998091
3828,1.914,1.913749999,1.914250001,0.073408526,0.080385611,patch_3838,711.921119,712.077165,461.176571286,449.516165
3829,1.9145,1.914250001,1.914749999,0.074711835,0.081812792,patch_3839,712.077165,712.23321,461.176571286,449.309144
3830,1.915,1.914749999,1.915250001,0.073979941,0.081011335,patch_3840,712.23321,712.389256,461.176571286,449.4254
3831,1.9155,1.915250001,1.91575,0.070908336,0.07764779,patch_3841,712.389256,712.545301,461.176571286,449.913302
3832,1.916,1.91575,1.916250001,0.065278463,0.071482829,patch_3842,712.545301,712.701347,461.176571286,450.807566
3833,1.9165,1.916250001,1.91675,0.057476063,0.062938853,patch_3843,712.701347,712.857392,461.176571286,452.04692
3834,1.917,1.91675,1.917250002,0.048146095,0.052722122,patch_3844,712.857392,713.013438,461.176571286,453.528917
3835,1.9175,1.917250002,1.91775,0.037934519,0.041539991,patch_3845,713.013438,713.169483,461.176571286,455.150951
3836,1.918,1.91775,1.918249999,0.027487282,0.0300998,patch_3846,713.169483,713.325528,461.176571286,456.810418
3837,1.9185,1.918249999,1.91875,0.017450344,0.019108906,patch_3847,713.325528,713.481574,461.176571286,458.404712
3838,1.919,1.91875,1.919249999,0.008469647,0.009274641,patch_3848,713.481574,713.637619,461.176571286,459.83123
3839,1.9195,1.919249999,1.919750001,0.001191149,0.001304361,patch_3849,713.637619,713.793665,461.176571286,460.987366
3840,1.92,1.919750001,1.920249999,-0.003827962,-0.004191789,patch_3850,713.793665,713.94971,461.176571286,461.784615
3841,1.9205,1.920249999,1.920750001,-0.006685198,-0.00732059,patch_3851,713.94971,714.105756,461.176571286,462.238466
3842,1.921,1.920750001,1.92125,-0.00777104,-0.008509635,patch_3852,714.105756,714.261801,461.176571286,462.410944
3843,1.9215,1.92125,1.921750001,-0.007477334,-0.008188014,patch_3853,714.261801,714.417847,461.176571286,462.364291
3844,1.922,1.921750001,1.92225,-0.006195922,-0.00678481,patch_3854,714.417847,714.573892,461.176571286,462.160748
3845,1.9225,1.92225,1.922750002,-0.004318649,-0.004729113,patch_3855,714.573892,714.729938,461.176571286,461.862557
3846,1.923,1.922750002,1.92325,-0.002237357,-0.002450005,patch_3856,714.729938,714.885983,461.176571286,461.531959
3847,1.9235,1.92325,1.923749999,-0.000343898,-0.000376584,patch_3857,714.885983,715.042028,461.176571286,461.231197
3848,1.924,1.923749999,1.92425,0.001010033,0.001106031,patch_3858,715.042028,715.198074,461.176571286,461.016135
3849,1.9245,1.92425,1.924749999,0.001783565,0.001953084,patch_3859,715.198074,715.354119,461.176571286,460.893265
3850,1.925,1.924749999,1.925250001,0.002080872,0.002278648,patch_3860,715.354119,715.510165,461.176571286,460.84604
3851,1.9255,1.925250001,1.925749999,0.00200695,0.0021977,patch_3861,715.510165,715.66621,461.176571286,460.857782
3852,1.926,1.925749999,1.926250001,0.001666796,0.001825216,patch_3862,715.66621,715.822256,461.176571286,460.911813
3853,1.9265,1.926250001,1.92675,0.001165407,0.001276172,patch_3863,715.822256,715.978301,461.176571286,460.991455
3854,1.927,1.92675,1.927250001,0.000607773,0.000665539,patch_3864,715.978301,716.134347,461.176571286,461.080031
3855,1.9275,1.927250001,1.92775,0.000098886,0.000108284,patch_3865,716.134347,716.290392,461.176571286,461.160864
3856,1.928,1.92775,1.928249998,-0.000266406,-0.000291727,patch_3866,716.290392,716.446437,461.176571286,461.218888
3857,1.9285,1.928250002,1.92875,-0.000475802,-0.000521025,patch_3867,716.446438,716.602483,461.176571286,461.252149
3858,1.929,1.92875,1.929249999,-0.000557178,-0.000610135,patch_3868,716.602483,716.758528,461.176571286,461.265075
3859,1.9295,1.929249999,1.92975,-0.000538657,-0.000589853,patch_3869,716.758528,716.914574,461.176571286,461.262133
3860,1.93,1.92975,1.930249999,-0.000448379,-0.000490995,patch_3870,716.914574,717.070619,461.176571286,461.247793
3861,1.9305,1.930249999,1.930750001,-0.000314473,-0.000344362,patch_3871,717.070619,717.226665,461.176571286,461.226523
3862,1.931,1.930750001,1.931249999,-0.000165073,-0.000180763,patch_3872,717.226665,717.38271,461.176571286,461.202792
3863,1.9315,1.931249999,1.931750001,-0.000028309,-0.000031,patch_3873,717.38271,717.538756,461.176571286,461.181068
3864,1.932,1.931750001,1.93225,0.000070241,0.000076917,patch_3874,717.538756,717.694801,461.176571286,461.165414
3865,1.9325,1.93225,1.932750001,0.00012692,0.000138983,patch_3875,717.694801,717.850847,461.176571286,461.156411
3866,1.933,1.932750001,1.93325,0.000149187,0.000163367,patch_3876,717.850847,718.006892,461.176571286,461.152874
3867,1.9335,1.93325,1.933749998,0.000144566,0.000158306,patch_3877,718.006892,718.162937,461.176571286,461.153608
3868,1.934,1.933749998,1.93425,0.000120612,0.000132075,patch_3878,718.162937,718.318983,461.176571286,461.157413
3869,1.9345,1.93425,1.934749999,0.000084853,0.000092918,patch_3879,718.318983,718.475028,461.176571286,461.163093
3870,1.935,1.934749999,1.93525,0.000044826,0.000049086,patch_3880,718.475028,718.631074,461.176571286,461.169451
3871,1.9355,1.93525,1.935749999,0.000008073,0.00000884,patch_3881,718.631074,718.787119,461.176571286,461.175289
3872,1.936,1.935749999,1.936250001,-0.000018513,-0.000020273,patch_3882,718.787119,718.943165,461.176571286,461.179512
3873,1.9365,1.936250001,1.936749999,-0.000033856,-0.000037073,patch_3883,718.943165,719.09921,461.176571286,461.181949
3874,1.937,1.936749999,1.937250001,-0.000039943,-0.00004374,patch_3884,719.09921,719.255256,461.176571286,461.182916
3875,1.9375,1.937250001,1.93775,-0.000038798,-0.000042485,patch_3885,719.255256,719.411301,461.176571286,461.182734
3876,1.938,1.93775,1.938250001,-0.000032445,-0.000035529,patch_3886,719.411301,719.567347,461.176571286,461.181725
3877,1.9385,1.938250001,1.93875,-0.000022895,-0.000025071,patch_3887,719.567347,719.723392,461.176571286,461.180208
3878,1.939,1.93875,1.939249998,-0.000012174,-0.000013331,patch_3888,719.723392,719.879437,461.176571286,461.178505
3879,1.9395,1.939249998,1.93975,-0.000002296,-0.000002514,patch_3889,719.879437,720.035483,461.176571286,461.176936
3880,1.94,1.93975,1.940249999,0.000004875,0.000005338,patch_3890,720.035483,720.191528,461.176571286,461.175797
3881,1.9405,1.940249999,1.94075,0.00000903,0.000009888,patch_3891,720.191528,720.347574,461.176571286,461.175137
3882,1.941,1.94075,1.941249999,0.000010692,0.000011708,patch_3892,720.347574,720.503619,461.176571286,461.174873
3883,1.9415,1.941249999,1.941750001,0.000010415,0.000011404,patch_3893,720.503619,720.659665,461.176571286,461.174917
3884,1.942,1.941750001,1.942249999,0.000008727,0.000009557,patch_3894,720.659665,720.81571,461.176571286,461.175185
3885,1.9425,1.942249999,1.942750001,0.000006178,0.000006765,patch_3895,720.81571,720.971756,461.176571286,461.17559
3886,1.943,1.942750001,1.94325,0.000003307,0.000003621,patch_3896,720.971756,721.127801,461.176571286,461.176046
3887,1.9435,1.94325,1.943750001,0.00000065,0.000000712,patch_3897,721.127801,721.283847,461.176571286,461.176468
3888,1.944,1.943750001,1.94425,-0.000001282,-0.000001404,patch_3898,721.283847,721.439892,461.176571286,461.176775
3889,1.9445,1.94425,1.944749998,-0.000002409,-0.000002638,patch_3899,721.439892,721.595937,461.176571286,461.176954
3890,1.945,1.944749998,1.94525,-0.000002863,-0.000003135,patch_3900,721.595937,721.751983,461.176571286,461.177026
3891,1.9455,1.94525,1.945749999,-0.000002793,-0.000003059,patch_3901,721.751983,721.908028,461.176571286,461.177015
3892,1.946,1.945749999,1.94625,-0.000002346,-0.000002569,patch_3902,721.908028,722.064074,461.176571286,461.176944
3893,1.9465,1.94625,1.946749999,-0.000001667,-0.000001825,patch_3903,722.064074,722.220119,461.176571286,461.176836
3894,1.947,1.946749999,1.947250001,-0.000000898,-0.000000984,patch_3904,722.220119,722.376165,461.176571286,461.176714
3895,1.9475,1.947250001,1.947749999,-0.000000187,-0.000000205,patch_3905,722.376165,722.53221,461.176571286,461.176601
3896,1.948,1.947749999,1.948250001,0.000000335,0.000000367,patch_3906,722.53221,722.688256,461.176571286,461.176518
3897,1.9485,1.948250001,1.94875,0.000000644,0.000000705,patch_3907,722.688256,722.844301,461.176571286,461.176469
3898,1.949,1.94875,1.949250001,0.000000764,0.000000836,patch_3908,722.844301,723.000347,461.176571286,461.17645
3899,1.9495,1.949250001,1.94975,0.000000751,0.000000822,patch_3909,723.000347,723.156392,461.176571286,461.176452
3900,1.95,1.94975,1.950249998,0.000000631,0.000000691,patch_3910,723.156392,723.312437,461.176571286,461.176471
3901,1.9505,1.950249998,1.95075,0.000000449,0.000000491,patch_3911,723.312437,723.468483,461.176571286,461.1765
3902,1.951,1.95075,1.951249999,0.000000241,0.000000264,patch_3912,723.468483,723.624528,461.176571286,461.176533
3903,1.9515,1.951249999,1.95175,0.000000052,0.000000057,patch_3913,723.624528,723.780574,461.176571286,461.176563
3904,1.952,1.95175,1.952249999,-0.000000086,-0.000000095,patch_3914,723.780574,723.936619,461.176571286,461.176585
3905,1.9525,1.952249999,1.952750001,-0.000000168,-0.000000184,patch_3915,723.936619,724.092665,461.176571286,461.176598
3906,1.953,1.952750001,1.953249999,-0.000000206,-0.000000226,patch_3916,724.092665,724.24871,461.176571286,461.176604
3907,1.9535,1.953249999,1.953750001,-0.0000002,-0.000000219,patch_3917,724.24871,724.404756,461.176571286,461.176603
3908,1.954,1.953750001,1.95425,-0.000000168,-0.000000184,patch_3918,724.404756,724.560801,461.176571286,461.176598
3909,1.9545,1.95425,1.954750001,-0.000000124,-0.000000136,patch_3919,724.560801,724.716847,461.176571286,461.176591
3910,1.955,1.954750001,1.95525,-0.000000067,-0.000000074,patch_3920,724.716847,724.872892,461.176571286,461.176582
3911,1.9555,1.95525,1.955749998,-0.000000017,-0.000000019,patch_3921,724.872892,725.028937,461.176571286,461.176574
3912,1.956,1.955749998,1.95625,0.000000021,0.000000023,patch_3922,725.028937,725.184983,461.176571286,461.176568
3913,1.9565,1.95625,1.956749999,0.000000046,0.00000005,patch_3923,725.184983,725.341028,461.176571286,461.176564
3914,1.957,1.956749999,1.95725,0.000000052,0.000000057,patch_3924,725.341028,725.497074,461.176571286,461.176563
3915,1.9575,1.95725,1.957749999,0.000000052,0.000000057,patch_3925,725.497074,725.653119,461.176571286,461.176563
3916,1.958,1.957749999,1.958250001,0.000000046,0.00000005,patch_3926,725.653119,725.809165,461.176571286,461.176564
3917,1.9585,1.958250001,1.958749999,0.000000033,0.000000036,patch_3927,725.809165,725.96521,461.176571286,461.176566
3918,1.959,1.958749999,1.959250001,0.000000021,0.000000023,patch_3928,725.96521,726.121256,461.176571286,461.176568
3919,1.9595,1.959250001,1.95975,0.000000002,0.000000002,patch_3929,726.121256,726.277301,461.176571286,461.176571
3920,1.96,1.95975,1.960250001,-0.000000004,-0.000000005,patch_3930,726.277301,726.433347,461.176571286,461.176572
3921,1.9605,1.960250001,1.96075,-0.000000011,-0.000000012,patch_3931,726.433347,726.589392,461.176571286,461.176573
3922,1.961,1.96075,1.961249998,-0.000000017,-0.000000019,patch_3932,726.589392,726.745437,461.176571286,461.176574
3923,1.9615,1.961249998,1.96175,-0.000000017,-0.000000019,patch_3933,726.745437,726.901483,461.176571286,461.176574
3924,1.962,1.96175,1.962249999,-0.000000011,-0.000000012,patch_3934,726.901483,727.057528,461.176571286,461.176573
3925,1.9625,1.962249999,1.96275,-0.000000011,-0.000000012,patch_3935,727.057528,727.213574,461.176571286,461.176573
3926,1.963,1.96275,1.963249999,-0.000000004,-0.000000005,patch_3936,727.213574,727.369619,461.176571286,461.176572
3927,1.9635,1.963249999,1.963750001,0.000000002,0.000000002,patch_3937,727.369619,727.525665,461.176571286,461.176571
3928,1.964,1.963750001,1.964249999,0.000000002,0.000000002,patch_3938,727.525665,727.68171,461.176571286,461.176571
3929,1.9645,1.964249999,1.964750001,0.000000002,0.000000002,patch_3939,727.68171,727.837756,461.176571286,461.176571
3930,1.965,1.964750001,1.96525,0.000000002,0.000000002,patch_3940,727.837756,727.993801,461.176571286,461.176571
3931,1.9655,1.96525,1.965750001,0.000000008,0.000000009,patch_3941,727.993801,728.149847,461.176571286,461.17657
3932,1.966,1.965750001,1.96625,0.000000002,0.000000002,patch_3942,728.149847,728.305892,461.176571286,461.176571
3933,1.9665,1.96625,1.966749998,0.000000002,0.000000002,patch_3943,728.305892,728.461937,461.176571286,461.176571
3934,1.967,1.966750002,1.96725,0.000000002,0.000000002,patch_3944,728.461938,728.617983,461.176571286,461.176571
3935,1.9675,1.96725,1.967749999,0.000000002,0.000000002,patch_3945,728.617983,728.774028,461.176571286,461.176571
3936,1.968,1.967749999,1.96825,0.000000002,0.000000002,patch_3946,728.774028,728.930074,461.176571286,461.176571
3937,1.9685,1.96825,1.968749999,-0.000000004,-0.000000005,patch_3947,728.930074,729.086119,461.176571286,461.176572
3938,1.969,1.968749999,1.969250001,-0.000000004,-0.000000005,patch_3948,729.086119,729.242165,461.176571286,461.176572
3939,1.9695,1.969250001,1.969749999,-0.000000004,-0.000000005,patch_3949,729.242165,729.39821,461.176571286,461.176572
3940,1.97,1.969749999,1.970250001,-0.000000004,-0.000000005,patch_3950,729.39821,729.554256,461.176571286,461.176572
3941,1.9705,1.970250001,1.97075,-0.000000004,-0.000000005,patch_3951,729.554256,729.710301,461.176571286,461.176572
3942,1.971,1.97075,1.971250001,-0.000000004,-0.000000005,patch_3952,729.710301,729.866347,461.176571286,461.176572
3943,1.9715,1.971250001,1.97175,-0.000000004,-0.000000005,patch_3953,729.866347,730.022392,461.176571286,461.176572
3944,1.972,1.97175,1.972249998,0.000000002,0.000000002,patch_3954,730.022392,730.178437,461.176571286,461.176571
3945,1.9725,1.972249998,1.97275,0.000000008,0.000000009,patch_3955,730.178437,730.334483,461.176571286,461.17657
3946,1.973,1.97275,1.973249999,0.000000014,0.000000016,patch_3956,730.334483,730.490528,461.176571286,461.176569
3947,1.9735,1.973249999,1.97375,0.000000014,0.000000016,patch_3957,730.490528,730.646574,461.176571286,461.176569
3948,1.974,1.97375,1.974249999,0.000000021,0.000000023,patch_3958,730.646574,730.802619,461.176571286,461.176568
3949,1.9745,1.974249999,1.974750001,0.000000021,0.000000023,patch_3959,730.802619,730.958665,461.176571286,461.176568
3950,1.975,1.974750001,1.975249999,0.000000014,0.000000016,patch_3960,730.958665,731.11471,461.176571286,461.176569
3951,1.9755,1.975249999,1.975750001,0.000000008,0.000000009,patch_3961,731.11471,731.270756,461.176571286,461.17657
3952,1.976,1.975750001,1.97625,-0.000000011,-0.000000012,patch_3962,731.270756,731.426801,461.176571286,461.176573
3953,1.9765,1.97625,1.976750001,-0.00000003,-0.000000032,patch_3963,731.426801,731.582847,461.176571286,461.176576
3954,1.977,1.976750001,1.97725,-0.000000049,-0.000000053,patch_3964,731.582847,731.738892,461.176571286,461.176579
3955,1.9775,1.97725,1.977749998,-0.000000061,-0.000000067,patch_3965,731.738892,731.894937,461.176571286,461.176581
3956,1.978,1.977749998,1.97825,-0.000000074,-0.000000081,patch_3966,731.894937,732.050983,461.176571286,461.176583
3957,1.9785,1.97825,1.978749999,-0.000000067,-0.000000074,patch_3967,732.050983,732.207028,461.176571286,461.176582
3958,1.979,1.978749999,1.97925,-0.000000055,-0.00000006,patch_3968,732.207028,732.363074,461.176571286,461.17658
3959,1.9795,1.97925,1.979749999,-0.000000023,-0.000000026,patch_3969,732.363074,732.519119,461.176571286,461.176575
3960,1.98,1.979749999,1.980250001,0.000000033,0.000000036,patch_3970,732.519119,732.675165,461.176571286,461.176566
3961,1.9805,1.980250001,1.980749999,0.000000103,0.000000112,patch_3971,732.675165,732.83121,461.176571286,461.176555
3962,1.981,1.980749999,1.981250001,0.000000172,0.000000188,patch_3972,732.83121,732.987256,461.176571286,461.176544
3963,1.9815,1.981250001,1.98175,0.000000235,0.000000257,patch_3973,732.987256,733.143301,461.176571286,461.176534
3964,1.982,1.98175,1.982250001,0.000000266,0.000000292,patch_3974,733.143301,733.299347,461.176571286,461.176529
3965,1.9825,1.982250001,1.98275,0.00000026,0.000000285,patch_3975,733.299347,733.455392,461.176571286,461.17653
3966,1.983,1.98275,1.983249998,0.000000203,0.000000223,patch_3976,733.455392,733.611437,461.176571286,461.176539
3967,1.9835,1.983250002,1.98375,0.000000077,0.000000085,patch_3977,733.611438,733.767483,461.176571286,461.176559
3968,1.984,1.98375,1.984249999,-0.000000124,-0.000000136,patch_3978,733.767483,733.923528,461.176571286,461.176591
3969,1.9845,1.984249999,1.98475,-0.000000382,-0.000000419,patch_3979,733.923528,734.079574,461.176571286,461.176632
3970,1.985,1.98475,1.985249999,-0.000000647,-0.000000708,patch_3980,734.079574,734.235619,461.176571286,461.176674
3971,1.9855,1.985249999,1.985750001,-0.000000861,-0.000000942,patch_3981,734.235619,734.391665,461.176571286,461.176708
3972,1.986,1.985750001,1.986249999,-0.000000993,-0.000001087,patch_3982,734.391665,734.54771,461.176571286,461.176729
3973,1.9865,1.986249999,1.986750001,-0.000000974,-0.000001067,patch_3983,734.54771,734.703756,461.176571286,461.176726
3974,1.987,1.986750001,1.98725,-0.00000076,-0.000000832,patch_3984,734.703756,734.859801,461.176571286,461.176692
3975,1.9875,1.98725,1.987750001,-0.0000003,-0.000000329,patch_3985,734.859801,735.015847,461.176571286,461.176619
3976,1.988,1.987750001,1.98825,0.000000442,0.000000485,patch_3986,735.015847,735.171892,461.176571286,461.176501
3977,1.9885,1.98825,1.988749998,0.000001399,0.000001532,patch_3987,735.171892,735.327937,461.176571286,461.176349
3978,1.989,1.988750002,1.98925,0.000002388,0.000002615,patch_3988,735.327938,735.483983,461.176571286,461.176192
3979,1.9895,1.98925,1.989749999,0.000003213,0.000003518,patch_3989,735.483983,735.640028,461.176571286,461.176061
3980,1.99,1.989749999,1.99025,0.000003691,0.000004042,patch_3990,735.640028,735.796074,461.176571286,461.175985
3981,1.9905,1.99025,1.990749999,0.000003634,0.00000398,patch_3991,735.796074,735.952119,461.176571286,461.175994
3982,1.991,1.990749999,1.991250001,0.000002854,0.000003125,patch_3992,735.952119,736.108165,461.176571286,461.176118
3983,1.9915,1.991250001,1.991749999,0.00000116,0.00000127,patch_3993,736.108165,736.26421,461.176571286,461.176387
3984,1.992,1.991749999,1.992250001,-0.000001604,-0.000001756,patch_3994,736.26421,736.420256,461.176571286,461.176826
3985,1.9925,1.992250001,1.99275,-0.000005173,-0.000005665,patch_3995,736.420256,736.576301,461.176571286,461.177393
3986,1.993,1.99275,1.993250001,-0.000008856,-0.000009698,patch_3996,736.576301,736.732347,461.176571286,461.177978
3987,1.9935,1.993250001,1.99375,-0.000011953,-0.00001309,patch_3997,736.732347,736.888392,461.176571286,461.17847
3988,1.994,1.99375,1.994249998,-0.000013767,-0.000015075,patch_3998,736.888392,737.044437,461.176571286,461.178758
3989,1.9945,1.994249998,1.99475,-0.000013584,-0.000014875,patch_3999,737.044437,737.200483,461.176571286,461.178729
3990,1.995,1.99475,1.995249999,-0.00001072,-0.000011738,patch_4000,737.200483,737.356528,461.176571286,461.178274
3991,1.9955,1.995249999,1.99575,-0.000004462,-0.000004886,patch_4001,737.356528,737.512574,461.176571286,461.17728
3992,1.996,1.99575,1.996249999,0.000005806,0.000006358,patch_4002,737.512574,737.668619,461.176571286,461.175649
3993,1.9965,1.996249999,1.996750001,0.000019096,0.000020911,patch_4003,737.668619,737.824665,461.176571286,461.173538
3994,1.997,1.996750001,1.997249999,0.000032858,0.000035981,patch_4004,737.824665,737.98071,461.176571286,461.171352
3995,1.9975,1.997249999,1.997750001,0.000044467,0.000048694,patch_4005,737.98071,738.136756,461.176571286,461.169508
3996,1.998,1.997750001,1.99825,0.00005131,0.000056187,patch_4006,738.136756,738.292801,461.176571286,461.168421
3997,1.9985,1.99825,1.998750001,0.000050782,0.000055608,patch_4007,738.292801,738.448847,461.176571286,461.168505
3998,1.999,1.998750001,1.99925,0.000040255,0.000044082,patch_4008,738.448847,738.604892,461.176571286,461.170177
3999,1.9995,1.99925,1.999749998,0.000017113,0.00001874,patch_4009,738.604892,738.760937,461.176571286,461.173853
4000,2,1.999749998,2.00025,-0.00001925,-0.00002108,patch_4010,738.760937,738.916983,461.176571286,461.179629
4001,2.0005,2.00025,2.000749999,-0.000023436,-0.000025664,patch_4011,738.916983,739.073028,461.176571286,461.180294
4002,2.001,2.000749999,2.00125,0.000095965,0.000105086,patch_4012,739.073028,739.229074,461.176571286,461.161328
4003,2.0015,2.00125,2.001749999,0.000432373,0.000473468,patch_4013,739.229074,739.385119,461.176571286,461.107892
4004,2.002,2.001749999,2.002250001,0.001079202,0.001181774,patch_4014,739.385119,739.541165,461.176571286,461.005148
4005,2.0025,2.002250001,2.002749999,0.00212987,0.002332303,patch_4015,739.541165,739.69721,461.176571286,460.838257
4006,2.003,2.002749999,2.003250001,0.003677786,0.004027339,patch_4016,739.69721,739.853256,461.176571286,460.592382
4007,2.0035,2.003250001,2.00375,0.005816373,0.006369188,patch_4017,739.853256,740.009301,461.176571286,460.252683
4008,2.004,2.00375,2.004250001,0.008633161,0.009453696,patch_4018,740.009301,740.165347,461.176571286,459.805257
4009,2.0045,2.004250001,2.00475,0.012070486,0.013217721,patch_4019,740.165347,740.321392,461.176571286,459.259263
4010,2.005,2.00475,2.005250002,0.015919641,0.017432717,patch_4020,740.321392,740.477438,461.176571286,458.647853
4011,2.0055,2.005250002,2.00575,0.019964889,0.021862444,patch_4021,740.477438,740.633483,461.176571286,458.005295
4012,2.006,2.00575,2.006249999,0.023990501,0.026270669,patch_4022,740.633483,740.789528,461.176571286,457.365856
4013,2.0065,2.006249999,2.00675,0.02778073,0.030421138,patch_4023,740.789528,740.945574,461.176571286,456.763806
4014,2.007,2.00675,2.007249999,0.031119845,0.034077619,patch_4024,740.945574,741.101619,461.176571286,456.233412
4015,2.0075,2.007249999,2.007750001,0.033792106,0.037003863,patch_4025,741.101619,741.257665,461.176571286,455.808943
4016,2.008,2.007750001,2.008249999,0.035587089,0.03896945,patch_4026,741.257665,741.41371,461.176571286,455.523823
4017,2.0085,2.008249999,2.008750001,0.036435426,0.039898416,patch_4027,741.41371,741.569756,461.176571286,455.389071
4018,2.009,2.008750001,2.00925,0.036420354,0.039881913,patch_4028,741.569756,741.725801,461.176571286,455.391465
4019,2.0095,2.00925,2.009750001,0.035632732,0.039019431,patch_4029,741.725801,741.881847,461.176571286,455.516573
4020,2.01,2.009750001,2.01025,0.034163398,0.037410444,patch_4030,741.881847,742.037892,461.176571286,455.749966
4021,2.0105,2.01025,2.010750002,0.032103196,0.035154431,patch_4031,742.037892,742.193938,461.176571286,456.077214
4022,2.011,2.010750002,2.01125,0.029542977,0.032350877,patch_4032,742.193938,742.349983,461.176571286,456.483886
4023,2.0115,2.01125,2.011749999,0.026573586,0.029099262,patch_4033,742.349983,742.506028,461.176571286,456.955552
4024,2.012,2.011749999,2.01225,0.02328632,0.02549956,patch_4034,742.506028,742.662074,461.176571286,457.47771
4025,2.0125,2.01225,2.012749999,0.01978563,0.021666147,patch_4035,742.662074,742.818119,461.176571286,458.033769
4026,2.013,2.012749999,2.013250001,0.016190733,0.017729575,patch_4036,742.818119,742.974165,461.176571286,458.604792
4027,2.0135,2.013250001,2.013749999,0.012621636,0.013821254,patch_4037,742.974165,743.13021,461.176571286,459.171717
4028,2.014,2.013749999,2.014250001,0.009198343,0.010072595,patch_4038,743.13021,743.286256,461.176571286,459.715482
4029,2.0145,2.014250001,2.01475,0.006040866,0.006615018,patch_4039,743.286256,743.442301,461.176571286,460.217024
4030,2.015,2.01475,2.015250001,0.003269212,0.003579932,patch_4040,743.442301,743.598347,461.176571286,460.657281
4031,2.0155,2.015250001,2.01575,0.001003378,0.001098744,patch_4041,743.598347,743.754392,461.176571286,461.017192
4032,2.016,2.01575,2.016250002,-0.00063987,-0.000700687,patch_4042,743.754392,743.910438,461.176571286,461.27821
4033,2.0165,2.016250002,2.01675,-0.001645022,-0.001801373,patch_4043,743.910438,744.066483,461.176571286,461.437871
4034,2.017,2.01675,2.017249999,-0.00211499,-0.002316009,patch_4044,744.066483,744.222528,461.176571286,461.512522
4035,2.0175,2.017249999,2.01775,-0.002159405,-0.002364645,patch_4045,744.222528,744.378574,461.176571286,461.519577
4036,2.018,2.01775,2.018249999,-0.001887917,-0.002067353,patch_4046,744.378574,744.534619,461.176571286,461.476453
4037,2.0185,2.018249999,2.018750001,-0.001410148,-0.001544175,patch_4047,744.534619,744.690665,461.176571286,461.400563
4038,2.019,2.018750001,2.019249999,-0.000835756,-0.00091519,patch_4048,744.690665,744.84671,461.176571286,461.309325
4039,2.0195,2.019249999,2.019750001,-0.000274364,-0.000300441,patch_4049,744.84671,745.002756,461.176571286,461.220152
4040,2.02,2.019750001,2.02025,0.00016616,0.000181953,patch_4050,745.002756,745.158801,461.176571286,461.150178
4041,2.0205,2.02025,2.020750001,0.000437869,0.000479486,patch_4051,745.158801,745.314847,461.176571286,461.107019
4042,2.021,2.020750001,2.02125,0.000565731,0.000619501,patch_4052,745.314847,745.470892,461.176571286,461.086709
4043,2.0215,2.02125,2.021750002,0.000579135,0.000634178,patch_4053,745.470892,745.626938,461.176571286,461.08458
4044,2.022,2.021750002,2.02225,0.000507441,0.000555671,patch_4054,745.626938,745.782983,461.176571286,461.095968
4045,2.0225,2.02225,2.022749999,0.000380038,0.000416159,patch_4055,745.782983,745.939028,461.176571286,461.116205
4046,2.023,2.022749999,2.02325,0.000226301,0.00024781,patch_4056,745.939028,746.095074,461.176571286,461.140625
4047,2.0235,2.02325,2.023749999,0.000075605,0.000082791,patch_4057,746.095074,746.251119,461.176571286,461.164562
4048,2.024,2.023749999,2.024250001,-0.000043091,-0.000047187,patch_4058,746.251119,746.407165,461.176571286,461.183416
4049,2.0245,2.024250001,2.024749999,-0.000116535,-0.000127611,patch_4059,746.407165,746.56321,461.176571286,461.195082
4050,2.025,2.024749999,2.025250001,-0.000151318,-0.0001657,patch_4060,746.56321,746.719256,461.176571286,461.200607
4051,2.0255,2.025250001,2.02575,-0.000155315,-0.000170077,patch_4061,746.719256,746.875301,461.176571286,461.201242
4052,2.026,2.02575,2.026250001,-0.000136385,-0.000149347,patch_4062,746.875301,747.031347,461.176571286,461.198235
4053,2.0265,2.026250001,2.02675,-0.000102414,-0.000112148,patch_4063,747.031347,747.187392,461.176571286,461.192839
4054,2.027,2.02675,2.027250002,-0.000061273,-0.000067096,patch_4064,747.187392,747.343438,461.176571286,461.186304
4055,2.0275,2.027250002,2.02775,-0.000020824,-0.000022803,patch_4065,747.343438,747.499483,461.176571286,461.179879
4056,2.028,2.02775,2.028249999,0.000011164,0.000012225,patch_4066,747.499483,747.655528,461.176571286,461.174798
4057,2.0285,2.028249999,2.02875,0.000031014,0.000033961,patch_4067,747.655528,747.811574,461.176571286,461.171645
4058,2.029,2.02875,2.029249999,0.00004047,0.000044316,patch_4068,747.811574,747.967619,461.176571286,461.170143
4059,2.0295,2.029249999,2.029750001,0.000041647,0.000045605,patch_4069,747.967619,748.123665,461.176571286,461.169956
4060,2.03,2.029750001,2.030249999,0.000036654,0.000040138,patch_4070,748.123665,748.27971,461.176571286,461.170749
4061,2.0305,2.030249999,2.030750001,0.000027595,0.000030218,patch_4071,748.27971,748.435756,461.176571286,461.172188
4062,2.031,2.030750001,2.03125,0.000016584,0.00001816,patch_4072,748.435756,748.591801,461.176571286,461.173937
4063,2.0315,2.03125,2.031750001,0.000005731,0.000006275,patch_4073,748.591801,748.747847,461.176571286,461.175661
4064,2.032,2.031750001,2.03225,-0.000002888,-0.000003162,patch_4074,748.747847,748.903892,461.176571286,461.17703
4065,2.0325,2.03225,2.032750002,-0.000008252,-0.000009036,patch_4075,748.903892,749.059938,461.176571286,461.177882
4066,2.033,2.032750002,2.03325,-0.00001082,-0.000011849,patch_4076,749.059938,749.215983,461.176571286,461.17829
4067,2.0335,2.03325,2.033749999,-0.000011166,-0.000012228,patch_4077,749.215983,749.372028,461.176571286,461.178345
4068,2.034,2.033749999,2.03425,-0.000009851,-0.000010787,patch_4078,749.372028,749.528074,461.176571286,461.178136
4069,2.0345,2.03425,2.034749999,-0.000007433,-0.00000814,patch_4079,749.528074,749.684119,461.176571286,461.177752
4070,2.035,2.034749999,2.035250001,-0.000004487,-0.000004913,patch_4080,749.684119,749.840165,461.176571286,461.177284
4071,2.0355,2.035250001,2.035749999,-0.000001572,-0.000001722,patch_4081,749.840165,749.99621,461.176571286,461.176821
4072,2.036,2.035749999,2.036250001,0.000000745,0.000000815,patch_4082,749.99621,750.152256,461.176571286,461.176453
4073,2.0365,2.036250001,2.03675,0.000002193,0.000002401,patch_4083,750.152256,750.308301,461.176571286,461.176223
4074,2.037,2.03675,2.037250001,0.000002891,0.000003166,patch_4084,750.308301,750.464347,461.176571286,461.176112
4075,2.0375,2.037250001,2.03775,0.000002986,0.00000327,patch_4085,750.464347,750.620392,461.176571286,461.176097
4076,2.038,2.03775,2.038250002,0.00000264,0.000002891,patch_4086,750.620392,750.776438,461.176571286,461.176152
4077,2.0385,2.038250002,2.03875,0.000001997,0.000002187,patch_4087,750.776438,750.932483,461.176571286,461.176254
4078,2.039,2.03875,2.039249999,0.000001211,0.000001326,patch_4088,750.932483,751.088528,461.176571286,461.176379
4079,2.0395,2.039249999,2.03975,0.00000043,0.000000471,patch_4089,751.088528,751.244574,461.176571286,461.176503
4080,2.04,2.03975,2.040249999,-0.000000187,-0.000000205,patch_4090,751.244574,751.400619,461.176571286,461.176601
4081,2.0405,2.040249999,2.040750001,-0.000000571,-0.000000625,patch_4091,751.400619,751.556665,461.176571286,461.176662
4082,2.041,2.040750001,2.041249999,-0.000000754,-0.000000825,patch_4092,751.556665,751.71271,461.176571286,461.176691
4083,2.0415,2.041249999,2.041750001,-0.000000773,-0.000000846,patch_4093,751.71271,751.868756,461.176571286,461.176694
4084,2.042,2.041750001,2.04225,-0.000000678,-0.000000743,patch_4094,751.868756,752.024801,461.176571286,461.176679
4085,2.0425,2.04225,2.042750001,-0.000000508,-0.000000556,patch_4095,752.024801,752.180847,461.176571286,461.176652
4086,2.043,2.042750001,2.04325,-0.0000003,-0.000000329,patch_4096,752.180847,752.336892,461.176571286,461.176619
4087,2.0435,2.04325,2.043750002,-0.000000105,-0.000000115,patch_4097,752.336892,752.492938,461.176571286,461.176588
4088,2.044,2.043750002,2.04425,0.00000004,0.000000043,patch_4098,752.492938,752.648983,461.176571286,461.176565
4089,2.0445,2.04425,2.044749999,0.000000115,0.000000126,patch_4099,752.648983,752.805028,461.176571286,461.176553
4090,2.045,2.044749999,2.04525,0.000000134,0.000000147,patch_4100,752.805028,752.961074,461.176571286,461.17655
4091,2.0455,2.04525,2.045749999,0.000000109,0.000000119,patch_4101,752.961074,753.117119,461.176571286,461.176554
4092,2.046,2.045749999,2.046250001,0.000000071,0.000000078,patch_4102,753.117119,753.273165,461.176571286,461.17656
4093,2.0465,2.046250001,2.046749999,0.000000021,0.000000023,patch_4103,753.273165,753.42921,461.176571286,461.176568
4094,2.047,2.046749999,2.047250001,-0.000000017,-0.000000019,patch_4104,753.42921,753.585256,461.176571286,461.176574
4095,2.0475,2.047250001,2.04775,-0.000000023,-0.000000026,patch_4105,753.585256,753.741301,461.176571286,461.176575
4096,2.048,2.04775,2.048250001,0.000000021,0.000000023,patch_4106,753.741301,753.897347,461.176571286,461.176568
4097,2.0485,2.048250001,2.04875,0.000000109,0.000000119,patch_4107,753.897347,754.053392,461.176571286,461.176554
4098,2.049,2.04875,2.049250002,0.000000216,0.000000236,patch_4108,754.053392,754.209438,461.176571286,461.176537
4099,2.0495,2.049250002,2.04975,0.000000329,0.00000036,patch_4109,754.209438,754.365483,461.176571286,461.176519
4100,2.05,2.04975,2.050249999,0.000000405,0.000000443,patch_4110,754.365483,754.521528,461.176571286,461.176507
4101,2.0505,2.050249999,2.05075,0.00000043,0.000000471,patch_4111,754.521528,754.677574,461.176571286,461.176503
4102,2.051,2.05075,2.051249999,0.000000367,0.000000402,patch_4112,754.677574,754.833619,461.176571286,461.176513
4103,2.0515,2.051249999,2.051750001,0.000000197,0.000000216,patch_4113,754.833619,754.989665,461.176571286,461.17654
4104,2.052,2.051750001,2.052249999,-0.000000112,-0.000000122,patch_4114,754.989665,755.14571,461.176571286,461.176589
4105,2.0525,2.052249999,2.052750001,-0.000000533,-0.000000584,patch_4115,755.14571,755.301756,461.176571286,461.176656
4106,2.053,2.052750001,2.05325,-0.000000999,-0.000001094,patch_4116,755.301756,755.457801,461.176571286,461.17673
4107,2.0535,2.05325,2.053750001,-0.000001415,-0.000001549,patch_4117,755.457801,755.613847,461.176571286,461.176796
4108,2.054,2.053750001,2.05425,-0.000001685,-0.000001846,patch_4118,755.613847,755.769892,461.176571286,461.176839
4109,2.0545,2.05425,2.054750002,-0.000001729,-0.000001894,patch_4119,755.769892,755.925938,461.176571286,461.176846
4110,2.055,2.054750002,2.05525,-0.000001459,-0.000001597,patch_4120,755.925938,756.081983,461.176571286,461.176803
4111,2.0555,2.05525,2.055749999,-0.000000779,-0.000000853,patch_4121,756.081983,756.238028,461.176571286,461.176695
4112,2.056,2.055749999,2.05625,0.000000392,0.000000429,patch_4122,756.238028,756.394074,461.176571286,461.176509
4113,2.0565,2.05625,2.056749999,0.00000201,0.000002201,patch_4123,756.394074,756.550119,461.176571286,461.176252
4114,2.057,2.056749999,2.057250001,0.000003754,0.000004111,patch_4124,756.550119,756.706165,461.176571286,461.175975
4115,2.0575,2.057250001,2.057749999,0.000005303,0.000005807,patch_4125,756.706165,756.86221,461.176571286,461.175729
4116,2.058,2.057749999,2.058250001,0.000006329,0.00000693,patch_4126,756.86221,757.018256,461.176571286,461.175566
4117,2.0585,2.058250001,2.05875,0.000006505,0.000007123,patch_4127,757.018256,757.174301,461.176571286,461.175538
4118,2.059,2.05875,2.059250001,0.000005492,0.000006013,patch_4128,757.174301,757.330347,461.176571286,461.175699
4119,2.0595,2.059250001,2.05975,0.000002967,0.000003249,patch_4129,757.330347,757.486392,461.176571286,461.1761
4120,2.06,2.05975,2.060250002,-0.000001396,-0.000001528,patch_4130,757.486392,757.642438,461.176571286,461.176793
4121,2.0605,2.060250002,2.06075,-0.000007402,-0.000008105,patch_4131,757.642438,757.798483,461.176571286,461.177747
4122,2.061,2.06075,2.061249999,-0.00001393,-0.000015254,patch_4132,757.798483,757.954528,461.176571286,461.178784
4123,2.0615,2.061249999,2.06175,-0.000019735,-0.00002161,patch_4133,757.954528,758.110574,461.176571286,461.179706
4124,2.062,2.06175,2.062249999,-0.000023606,-0.00002585,patch_4134,758.110574,758.266619,461.176571286,461.180321
4125,2.0625,2.062249999,2.062750001,-0.000024299,-0.000026608,patch_4135,758.266619,758.422665,461.176571286,461.180431
4126,2.063,2.062750001,2.063249999,-0.000020597,-0.000022555,patch_4136,758.422665,758.57871,461.176571286,461.179843
4127,2.0635,2.063249999,2.063750001,-0.000011261,-0.000012331,patch_4137,758.57871,758.734756,461.176571286,461.17836
4128,2.064,2.063750001,2.06425,0.000004912,0.000005379,patch_4138,758.734756,758.890801,461.176571286,461.175791
4129,2.0645,2.06425,2.064750001,0.000027274,0.000029866,patch_4139,758.890801,759.046847,461.176571286,461.172239
4130,2.065,2.064750001,2.06525,0.000051625,0.000056532,patch_4140,759.046847,759.202892,461.176571286,461.168371
4131,2.0655,2.06525,2.065750002,0.000073383,0.000080357,patch_4141,759.202892,759.358938,461.176571286,461.164915
4132,2.066,2.065750002,2.06625,0.000087957,0.000096317,patch_4142,759.358938,759.514983,461.176571286,461.1626
4133,2.0665,2.06625,2.066749999,0.000090765,0.000099391,patch_4143,759.514983,759.671028,461.176571286,461.162154
4134,2.067,2.066749999,2.06725,0.000077223,0.000084562,patch_4144,759.671028,759.827074,461.176571286,461.164305
4135,2.0675,2.06725,2.067749999,0.000042736,0.000046798,patch_4145,759.827074,759.983119,461.176571286,461.169783
4136,2.068,2.067749999,2.068250001,-0.000017223,-0.00001886,patch_4146,759.983119,760.139165,461.176571286,461.179307
4137,2.0685,2.068250001,2.068749999,-0.000100431,-0.000109976,patch_4147,760.139165,760.29521,461.176571286,461.192524
4138,2.069,2.068749999,2.069250001,-0.000191326,-0.00020951,patch_4148,760.29521,760.451256,461.176571286,461.206962
4139,2.0695,2.069250001,2.06975,-0.000272796,-0.000298724,patch_4149,760.451256,760.607301,461.176571286,461.219903
4140,2.07,2.06975,2.070250001,-0.000327725,-0.000358873,patch_4150,760.607301,760.763347,461.176571286,461.228628
4141,2.0705,2.070250001,2.07075,-0.000338994,-0.000371214,patch_4151,760.763347,760.919392,461.176571286,461.230418
4142,2.071,2.07075,2.071250002,-0.000289486,-0.000317,patch_4152,760.919392,761.075438,461.176571286,461.222554
4143,2.0715,2.071250002,2.07175,-0.000162083,-0.000177488,patch_4153,761.075438,761.231483,461.176571286,461.202317
4144,2.072,2.07175,2.072249999,0.000060162,0.00006588,patch_4154,761.231483,761.387528,461.176571286,461.167015
4145,2.0725,2.072249999,2.07275,0.000369776,0.000404922,patch_4155,761.387528,761.543574,461.176571286,461.117835
4146,2.073,2.07275,2.073249999,0.000709049,0.000776441,patch_4156,761.543574,761.699619,461.176571286,461.063944
4147,2.0735,2.073249999,2.073750001,0.0010141,0.001110484,patch_4157,761.699619,761.855665,461.176571286,461.015489
4148,2.074,2.073750001,2.074249999,0.001221053,0.001337107,patch_4158,761.855665,762.01171,461.176571286,460.982616
4149,2.0745,2.074249999,2.074750001,0.001266028,0.001386357,patch_4159,762.01171,762.167756,461.176571286,460.975472
4150,2.075,2.074750001,2.07525,0.001085145,0.001188282,patch_4160,762.167756,762.323801,461.176571286,461.004204
4151,2.0755,2.07525,2.075750001,0.000614516,0.000672922,patch_4161,762.323801,762.479847,461.176571286,461.07896
4152,2.076,2.075750001,2.07625,-0.00020923,-0.000229117,patch_4162,762.479847,762.635892,461.176571286,461.209806
4153,2.0765,2.07625,2.076750002,-0.001361238,-0.001490617,patch_4163,762.635892,762.791938,461.176571286,461.392794
4154,2.077,2.076750002,2.07725,-0.002627516,-0.002877248,patch_4164,762.791938,762.947983,461.176571286,461.593933
4155,2.0775,2.07725,2.077749999,-0.003769678,-0.004127966,patch_4165,762.947983,763.104028,461.176571286,461.775357
4156,2.078,2.077749999,2.07825,-0.004549305,-0.004981692,patch_4166,763.104028,763.260074,461.176571286,461.899195
4157,2.0785,2.07825,2.078749999,-0.004727997,-0.005177368,patch_4167,763.260074,763.416119,461.176571286,461.927579
4158,2.079,2.078749999,2.079250001,-0.004067356,-0.004453936,patch_4168,763.416119,763.572165,461.176571286,461.822641
4159,2.0795,2.079250001,2.079749999,-0.002328982,-0.002550339,patch_4169,763.572165,763.72821,461.176571286,461.546513
4160,2.08,2.079749999,2.080250001,0.000724958,0.000793861,patch_4170,763.72821,763.884256,461.176571286,461.061417
4161,2.0805,2.080250001,2.08075,0.00520728,0.005702204,patch_4171,763.884256,764.040301,461.176571286,460.349433
4162,2.081,2.08075,2.081250001,0.010951461,0.011992338,patch_4172,764.040301,764.196347,461.176571286,459.437012
4163,2.0815,2.081250001,2.08175,0.017753116,0.019440454,patch_4173,764.196347,764.352392,461.176571286,458.356619
4164,2.082,2.08175,2.082250002,0.025407854,0.027822733,patch_4174,764.352392,764.508438,461.176571286,457.14072
4165,2.0825,2.082250002,2.08275,0.033711277,0.036915353,patch_4175,764.508438,764.664483,461.176571286,455.821782
4166,2.083,2.08275,2.083249999,0.042459009,0.046494509,patch_4176,764.664483,764.820528,461.176571286,454.432269
4167,2.0835,2.083249999,2.08375,0.05144665,0.056336377,patch_4177,764.820528,764.976574,461.176571286,453.004648
4168,2.084,2.08375,2.084249999,0.060469856,0.066217189,patch_4178,764.976574,765.132619,461.176571286,451.571378
4169,2.0845,2.084249999,2.084750001,0.069337473,0.075927626,patch_4179,765.132619,765.288665,461.176571286,450.162822
4170,2.085,2.084750001,2.085249999,0.077889004,0.085291934,patch_4180,765.288665,765.44471,461.176571286,448.804474
4171,2.0855,2.085249999,2.085750001,0.08596837,0.094139199,patch_4181,765.44471,765.600756,461.176571286,447.521126
4172,2.086,2.085750001,2.08625,0.093419453,0.102298468,patch_4182,765.600756,765.756801,461.176571286,446.337576
4173,2.0865,2.08625,2.086750001,0.100086176,0.109598827,patch_4183,765.756801,765.912847,461.176571286,445.278616
4174,2.087,2.086750001,2.08725,0.105812414,0.115869313,patch_4184,765.912847,766.068892,461.176571286,444.369045
4175,2.0875,2.08725,2.087750002,0.110442064,0.120938987,patch_4185,766.068892,766.224938,461.176571286,443.633659
4176,2.088,2.087750002,2.08825,0.113819387,0.124637306,patch_4186,766.224938,766.380983,461.176571286,443.097196
4177,2.0885,2.08825,2.088749999,0.115905678,0.126921888,patch_4187,766.380983,766.537028,461.176571286,442.765804
4178,2.089,2.088749999,2.08925,0.116946866,0.128062034,patch_4188,766.537028,766.693074,461.176571286,442.600419
4179,2.0895,2.08925,2.089749999,0.117231392,0.128373604,patch_4189,766.693074,766.849119,461.176571286,442.555224
4180,2.09,2.089749999,2.090250001,0.117047676,0.128172426,patch_4190,766.849119,767.005165,461.176571286,442.584406
4181,2.0905,2.090250001,2.090749999,0.116684115,0.127774311,patch_4191,767.005165,767.16121,461.176571286,442.642155
4182,2.091,2.090749999,2.091250001,0.116429139,0.127495101,patch_4192,767.16121,767.317256,461.176571286,442.682656
4183,2.0915,2.091250001,2.09175,0.116571192,0.127650655,patch_4193,767.317256,767.473301,461.176571286,442.660092
4184,2.092,2.09175,2.092250001,0.117398274,0.128556347,patch_4194,767.473301,767.629347,461.176571286,442.528716
4185,2.0925,2.092250001,2.09275,0.119026829,0.130339688,patch_4195,767.629347,767.785392,461.176571286,442.270032
4186,2.093,2.09275,2.093250002,0.121137723,0.13265121,patch_4196,767.785392,767.941438,461.176571286,441.934732
4187,2.0935,2.093250002,2.09375,0.123343686,0.135066838,patch_4197,767.941438,768.097483,461.176571286,441.584331
4188,2.094,2.09375,2.094249999,0.12525746,0.137162506,patch_4198,768.097483,768.253528,461.176571286,441.280342
4189,2.0945,2.094249999,2.09475,0.126491801,0.138514164,patch_4199,768.253528,768.409574,461.176571286,441.084276
4190,2.095,2.09475,2.095249999,0.126659438,0.138697735,patch_4200,768.409574,768.565619,461.176571286,441.057648
4191,2.0955,2.095249999,2.095750001,0.12537314,0.137289181,patch_4201,768.565619,768.721665,461.176571286,441.261967
4192,2.096,2.095750001,2.096249999,0.122245964,0.133864784,patch_4202,768.721665,768.87771,461.176571286,441.758696
4193,2.0965,2.096249999,2.096750001,0.117074917,0.128202256,patch_4203,768.87771,769.033756,461.176571286,442.580079
4194,2.097,2.096750001,2.09725,0.110144594,0.120613243,patch_4204,769.033756,769.189801,461.176571286,443.68091
4195,2.0975,2.09725,2.097750001,0.101819488,0.111496881,patch_4205,769.189801,769.345847,461.176571286,445.003292
4196,2.098,2.097750001,2.09825,0.092464074,0.101252285,patch_4206,769.345847,769.501892,461.176571286,446.489331
4197,2.0985,2.09825,2.098750002,0.082442843,0.090278591,patch_4207,769.501892,769.657938,461.176571286,448.08113
4198,2.099,2.098750002,2.09925,0.072120302,0.078974948,patch_4208,769.657938,769.813983,461.176571286,449.72079
4199,2.0995,2.09925,2.099749999,0.061860918,0.067740464,patch_4209,769.813983,769.970028,461.176571286,451.350418
4200,2.1,2.099749999,2.10025,0.052029063,0.056974145,patch_4210,769.970028,770.126074,461.176571286,452.912136
4201,2.1005,2.10025,2.100749999,0.0429054,0.046983327,patch_4211,770.126074,770.282119,461.176571286,454.361363
4202,2.101,2.100749999,2.101250001,0.034538719,0.037821438,patch_4212,770.282119,770.438165,461.176571286,455.690349
4203,2.1015,2.101250001,2.101749999,0.026938022,0.029498335,patch_4213,770.438165,770.59421,461.176571286,456.897664
4204,2.102,2.101749999,2.102250001,0.020112331,0.022023899,patch_4214,770.59421,770.750256,461.176571286,457.981875
4205,2.1025,2.102250001,2.10275,0.014070648,0.015407987,patch_4215,770.750256,770.906301,461.176571286,458.941552
4206,2.103,2.10275,2.103250001,0.008821976,0.009660458,patch_4216,770.906301,771.062347,461.176571286,459.775265
4207,2.1035,2.103250001,2.10375,0.004375337,0.00479119,patch_4217,771.062347,771.218392,461.176571286,460.481581
4208,2.104,2.10375,2.104250002,0.000739734,0.000810041,patch_4218,771.218392,771.374438,461.176571286,461.05907
4209,2.1045,2.104249998,2.10475,-0.00208005,-0.002277748,patch_4219,771.374437,771.530483,461.176571286,461.506972
4210,2.105,2.10475,2.105249999,-0.004091411,-0.004480278,patch_4220,771.530483,771.686528,461.176571286,461.826462
4211,2.1055,2.105249999,2.10575,-0.005303938,-0.005808049,patch_4221,771.686528,771.842574,461.176571286,462.019063
4212,2.106,2.10575,2.106249999,-0.005727225,-0.006271567,patch_4222,771.842574,771.998619,461.176571286,462.086299
4213,2.1065,2.106249999,2.106750001,-0.00537086,-0.005881331,patch_4223,771.998619,772.154665,461.176571286,462.029693
4214,2.107,2.106750001,2.107249999,-0.004244443,-0.004647855,patch_4224,772.154665,772.31071,461.176571286,461.85077
4215,2.1075,2.107249999,2.107750001,-0.002357551,-0.002581624,patch_4225,772.31071,772.466756,461.176571286,461.551051
4216,2.108,2.107750001,2.10825,0.000280197,0.000306829,patch_4226,772.466756,772.622801,461.176571286,461.132064
4217,2.1085,2.10825,2.108750001,0.003626439,0.003971113,patch_4227,772.622801,772.778847,461.176571286,460.600538
4218,2.109,2.108750001,2.10925,0.007539808,0.008256426,patch_4228,772.778847,772.934892,461.176571286,459.978928
4219,2.1095,2.10925,2.109750002,0.011860335,0.012987596,patch_4229,772.934892,773.090938,461.176571286,459.292644
4220,2.11,2.109749998,2.11025,0.016428018,0.017989413,patch_4230,773.090937,773.246983,461.176571286,458.567101
4221,2.1105,2.11025,2.110749999,0.021082882,0.023086696,patch_4231,773.246983,773.403028,461.176571286,457.82771
4222,2.111,2.110749999,2.11125,0.025664932,0.028104245,patch_4232,773.403028,773.559074,461.176571286,457.099885
4223,2.1115,2.11125,2.111749999,0.030014191,0.032866878,patch_4233,773.559074,773.715119,461.176571286,456.409037
4224,2.112,2.111749999,2.112250001,0.033970672,0.037199402,patch_4234,773.715119,773.871165,461.176571286,455.780579
4225,2.1125,2.112250001,2.112749999,0.03738954,0.040943214,patch_4235,773.871165,774.02721,461.176571286,455.237517
4226,2.113,2.112749999,2.113250001,0.040173785,0.043992087,patch_4236,774.02721,774.183256,461.176571286,454.79526
4227,2.1135,2.113250001,2.11375,0.042235826,0.046250113,patch_4237,774.183256,774.339301,461.176571286,454.46772
4228,2.114,2.11375,2.114250001,0.043488065,0.047621371,patch_4238,774.339301,774.495347,461.176571286,454.268811
4229,2.1145,2.114250001,2.11475,0.043842932,0.048009966,patch_4239,774.495347,774.651392,461.176571286,454.212443
4230,2.115,2.11475,2.115250002,0.043212824,0.04731997,patch_4240,774.651392,774.807438,461.176571286,454.312531
4231,2.1155,2.115250002,2.11575,0.041510171,0.045455488,patch_4241,774.807438,774.963483,461.176571286,454.582985
4232,2.116,2.11575,2.116249999,0.038647394,0.042320621,patch_4242,774.963483,775.119528,461.176571286,455.037716
4233,2.1165,2.116249999,2.11675,0.034620485,0.037910976,patch_4243,775.119528,775.275574,461.176571286,455.677361
4234,2.117,2.11675,2.117249999,0.029701385,0.032524342,patch_4244,775.275574,775.431619,461.176571286,456.458724
4235,2.1175,2.117249999,2.117750001,0.02421891,0.026520787,patch_4245,775.431619,775.587665,461.176571286,457.329575
4236,2.118,2.117750001,2.118249999,0.018501894,0.0202604,patch_4246,775.587665,775.74371,461.176571286,458.237681
4237,2.1185,2.118249999,2.118750001,0.012879161,0.014103256,patch_4247,775.74371,775.899756,461.176571286,459.130811
4238,2.119,2.118750001,2.11925,0.007679538,0.008409436,patch_4248,775.899756,776.055801,461.176571286,459.956733
4239,2.1195,2.11925,2.119750001,0.003231848,0.003539017,patch_4249,776.055801,776.211847,461.176571286,460.663216
4240,2.12,2.119750001,2.12025,-0.0001351,-0.000147941,patch_4250,776.211847,776.367892,461.176571286,461.198031
4241,2.1205,2.12025,2.120750002,-0.002206018,-0.002415688,patch_4251,776.367892,776.523938,461.176571286,461.526981
4242,2.121,2.120750002,2.12125,-0.003157701,-0.003457824,patch_4252,776.523938,776.679983,461.176571286,461.678149
4243,2.1215,2.12125,2.121749999,-0.00325153,-0.00356057,patch_4253,776.679983,776.836028,461.176571286,461.693053
4244,2.122,2.121749999,2.12225,-0.002748869,-0.003010134,patch_4254,776.836028,776.992074,461.176571286,461.613209
4245,2.1225,2.12225,2.122749999,-0.001911097,-0.002092736,patch_4255,776.992074,777.148119,461.176571286,461.480135
4246,2.123,2.122749999,2.123250001,-0.000999585,-0.00109459,patch_4256,777.148119,777.304165,461.176571286,461.335348
4247,2.1235,2.123250001,2.123749999,-0.000275711,-0.000301916,patch_4257,777.304165,777.46021,461.176571286,461.220366
4248,2.124,2.123749999,2.124250001,-0.000000836,-0.000000915,patch_4258,777.46021,777.616256,461.176571286,461.176704
4249,2.1245,2.124250001,2.12475,-0.000338818,-0.000371021,patch_4259,777.616256,777.772301,461.176571286,461.23039
4250,2.125,2.12475,2.125250001,-0.00110127,-0.00120594,patch_4260,777.772301,777.928347,461.176571286,461.3515
4251,2.1255,2.125250001,2.12575,-0.002020312,-0.002212332,patch_4261,777.928347,778.084392,461.176571286,461.497483
4252,2.126,2.12575,2.126250002,-0.002828067,-0.00309686,patch_4262,778.084392,778.240438,461.176571286,461.625789
4253,2.1265,2.126250002,2.12675,-0.003256642,-0.003566168,patch_4263,778.240438,778.396483,461.176571286,461.693865
4254,2.127,2.12675,2.127249999,-0.003038174,-0.003326936,patch_4264,778.396483,778.552528,461.176571286,461.659163
4255,2.1275,2.127249999,2.12775,-0.00190477,-0.002085808,patch_4265,778.552528,778.708574,461.176571286,461.47913
4256,2.128,2.12775,2.128249999,0.00041144,0.000450546,patch_4266,778.708574,778.864619,461.176571286,461.111217
4257,2.1285,2.128249999,2.128750001,0.004095973,0.004485273,patch_4267,778.864619,779.020665,461.176571286,460.525956
4258,2.129,2.128750001,2.129249999,0.009023138,0.009880738,patch_4268,779.020665,779.17671,461.176571286,459.743312
4259,2.1295,2.129249999,2.129750001,0.014993763,0.016418839,patch_4269,779.17671,779.332756,461.176571286,458.794922
4260,2.13,2.129750001,2.13025,0.021808676,0.023881473,patch_4270,779.332756,779.488801,461.176571286,457.712423
4261,2.1305,2.13025,2.130750001,0.029268712,0.032050545,patch_4271,779.488801,779.644847,461.176571286,456.527451
4262,2.131,2.130750001,2.13125,0.037174692,0.040707946,patch_4272,779.644847,779.800892,461.176571286,455.271644
4263,2.1315,2.13125,2.131750002,0.045327451,0.049635581,patch_4273,779.800892,779.956938,461.176571286,453.976638
4264,2.132,2.131750002,2.13225,0.053527823,0.058615354,patch_4274,779.956938,780.112983,461.176571286,452.674069
4265,2.1325,2.13225,2.132749999,0.061605243,0.067460489,patch_4275,780.112983,780.269028,461.176571286,451.39103
4266,2.133,2.132749999,2.13325,0.069502265,0.07610808,patch_4276,780.269028,780.425074,461.176571286,450.136646
4267,2.1335,2.13325,2.133749999,0.077189362,0.084525794,patch_4277,780.425074,780.581119,461.176571286,448.915607
4268,2.134,2.133749999,2.134250001,0.084637014,0.092681306,patch_4278,780.581119,780.737165,461.176571286,447.732602
4269,2.1345,2.134250001,2.134749999,0.091815715,0.100542304,patch_4279,780.737165,780.89321,461.176571286,446.592318
4270,2.135,2.134749999,2.135250001,0.098695926,0.108076441,patch_4280,780.89321,781.049256,461.176571286,445.499447
4271,2.1355,2.135250001,2.13575,0.105248145,0.115251414,patch_4281,781.049256,781.205301,461.176571286,444.458675
4272,2.136,2.13575,2.136250001,0.111442834,0.122034875,patch_4282,781.205301,781.361347,461.176571286,443.474694
4273,2.1365,2.136250001,2.13675,0.117281958,0.128428976,patch_4283,781.361347,781.517392,461.176571286,442.547192
4274,2.137,2.13675,2.137250002,0.122897578,0.13457833,patch_4284,781.517392,781.673438,461.176571286,441.655192
4275,2.1375,2.137250002,2.13775,0.128455398,0.140664391,patch_4285,781.673438,781.829483,461.176571286,440.772373
4276,2.138,2.13775,2.138249999,0.134121117,0.146868606,patch_4286,781.829483,781.985528,461.176571286,439.872415
4277,2.1385,2.138249999,2.13875,0.140060422,0.15337241,patch_4287,781.985528,782.141574,461.176571286,438.929
4278,2.139,2.13875,2.139249999,0.146438998,0.160357235,patch_4288,782.141574,782.297619,461.176571286,437.91581
4279,2.1395,2.139249999,2.139750001,0.153422562,0.168004549,patch_4289,782.297619,782.453665,461.176571286,436.806522
4280,2.14,2.139750001,2.140249999,0.161176788,0.176495773,patch_4290,782.453665,782.60971,461.176571286,435.57482
4281,2.1405,2.140249999,2.140750001,0.169822903,0.185963655,patch_4291,782.60971,782.765756,461.176571286,434.201448
4282,2.141,2.140750001,2.14125,0.179289667,0.196330183,patch_4292,782.765756,782.921801,461.176571286,432.697722
4283,2.1415,2.14125,2.141750001,0.189453838,0.207460403,patch_4293,782.921801,783.077847,461.176571286,431.083218
4284,2.142,2.141750001,2.14225,0.20019218,0.219219367,patch_4294,783.077847,783.233892,461.176571286,429.377511
4285,2.1425,2.14225,2.142750002,0.211381466,0.231472134,patch_4295,783.233892,783.389938,461.176571286,427.600175
4286,2.143,2.142749998,2.14325,0.222898453,0.244083749,patch_4296,783.389937,783.545983,461.176571286,425.770786
4287,2.1435,2.14325,2.143749999,0.234619901,0.256919257,patch_4297,783.545983,783.702028,461.176571286,423.90892
4288,2.144,2.143749999,2.14425,0.246422529,0.269843661,patch_4298,783.702028,783.858074,461.176571286,422.034159
4289,2.1445,2.14425,2.144749999,0.25815585,0.282692171,patch_4299,783.858074,784.014119,461.176571286,420.170407
4290,2.145,2.144749999,2.145250001,0.26954573,0.295164598,patch_4300,784.014119,784.170165,461.176571286,418.361208
4291,2.1455,2.145250001,2.145749999,0.28028321,0.306922618,patch_4301,784.170165,784.32621,461.176571286,416.655638
4292,2.146,2.145749999,2.146250001,0.290059148,0.317627706,patch_4302,784.32621,784.482256,461.176571286,415.102802
4293,2.1465,2.146250001,2.14675,0.298564614,0.326941571,patch_4303,784.482256,784.638301,461.176571286,413.751771
4294,2.147,2.14675,2.147250001,0.305490524,0.334525751,patch_4304,784.638301,784.794347,461.176571286,412.651641
4295,2.1475,2.147250001,2.14775,0.310527892,0.340041894,patch_4305,784.794347,784.950392,461.176571286,411.851492
4296,2.148,2.14775,2.148250002,0.313367633,0.343151536,patch_4306,784.950392,785.106438,461.176571286,411.40042
4297,2.1485,2.148250002,2.14875,0.313768149,0.343590119,patch_4307,785.106438,785.262483,461.176571286,411.336801
4298,2.149,2.14875,2.149249999,0.311806919,0.341442485,patch_4308,785.262483,785.418528,461.176571286,411.648328
4299,2.1495,2.149249999,2.14975,0.307655748,0.336896768,patch_4309,785.418528,785.574574,461.176571286,412.307711
4300,2.15,2.14975,2.150249999,0.301486373,0.330141027,patch_4310,785.574574,785.730619,461.176571286,413.287671
4301,2.1505,2.150249999,2.150750001,0.293470681,0.321363486,patch_4311,785.730619,785.886665,461.176571286,414.560905
4302,2.151,2.150750001,2.151249999,0.283780457,0.310752259,patch_4312,785.886665,786.04271,461.176571286,416.100126
4303,2.1515,2.151249999,2.151750001,0.272587564,0.298495542,patch_4313,786.04271,786.198756,461.176571286,417.878035
4304,2.152,2.151750001,2.15225,0.260063794,0.284781456,patch_4314,786.198756,786.354801,461.176571286,419.867344
4305,2.1525,2.15225,2.152750001,0.246407703,0.269827426,patch_4315,786.354801,786.510847,461.176571286,422.036514
4306,2.153,2.152750001,2.15325,0.231950593,0.253996246,patch_4316,786.510847,786.666892,461.176571286,424.33292
4307,2.1535,2.15325,2.153750002,0.217064681,0.237695508,patch_4317,786.666892,786.822938,461.176571286,426.697438
4308,2.154,2.153750002,2.15425,0.202122272,0.221332904,patch_4318,786.822938,786.978983,461.176571286,429.07093
4309,2.1545,2.15425,2.154749999,0.187495617,0.205316064,patch_4319,786.978983,787.135028,461.176571286,431.394267
4310,2.155,2.154749999,2.15525,0.173556982,0.190052637,patch_4320,787.135028,787.291074,461.176571286,433.608317
4311,2.1555,2.15525,2.155749999,0.160678641,0.17595028,patch_4321,787.291074,787.447119,461.176571286,435.653947
4312,2.156,2.155749999,2.156250001,0.149232863,0.163416642,patch_4322,787.447119,787.603165,461.176571286,437.472025
4313,2.1565,2.156250001,2.156749999,0.139545711,0.152808779,patch_4323,787.603165,787.75921,461.176571286,439.010758
4314,2.157,2.156749999,2.157250001,0.131703423,0.144221123,patch_4324,787.75921,787.915256,461.176571286,440.256448
4315,2.1575,2.157250001,2.15775,0.125714824,0.137663341,patch_4325,787.915256,788.071301,461.176571286,441.207693
4316,2.158,2.15775,2.158250001,0.121588616,0.133144958,patch_4326,788.071301,788.227347,461.176571286,441.863111
4317,2.1585,2.158250001,2.15875,0.119333592,0.130675606,patch_4327,788.227347,788.383392,461.176571286,442.221305
4318,2.159,2.15875,2.159250002,0.118958498,0.130264861,patch_4328,788.383392,788.539438,461.176571286,442.280886
4319,2.1595,2.159250002,2.15975,0.120472083,0.131922305,patch_4329,788.539438,788.695483,461.176571286,442.040464
4320,2.16,2.15975,2.160249999,0.123883113,0.135657534,patch_4330,788.695483,788.851528,461.176571286,441.498647
4321,2.1605,2.160249999,2.16075,0.12910494,0.141375668,patch_4331,788.851528,789.007574,461.176571286,440.669198
4322,2.161,2.16075,2.161249999,0.135533093,0.148414783,patch_4332,789.007574,789.163619,461.176571286,439.648133
4323,2.1615,2.161249999,2.161750001,0.142388222,0.155921455,patch_4333,789.163619,789.319665,461.176571286,438.559246
4324,2.162,2.161750001,2.162249999,0.148890839,0.16304211,patch_4334,789.319665,789.47571,461.176571286,437.526353
4325,2.1625,2.162249999,2.162750001,0.154261455,0.168923174,patch_4335,789.47571,789.631756,461.176571286,436.67327
4326,2.163,2.162750001,2.16325,0.157720582,0.172711073,patch_4336,789.631756,789.787801,461.176571286,436.123813
4327,2.1635,2.16325,2.163750001,0.158488688,0.173552183,patch_4337,789.787801,789.943847,461.176571286,436.001805
4328,2.164,2.163750001,2.16425,0.155786348,0.170593,patch_4338,789.943847,790.099892,461.176571286,436.431052
4329,2.1645,2.16425,2.164750002,0.149021119,0.163184772,patch_4339,790.099892,790.255938,461.176571286,437.505659
4330,2.165,2.164750002,2.16525,0.138664154,0.151843434,patch_4340,790.255938,790.411983,461.176571286,439.150787
4331,2.1655,2.16525,2.165749999,0.125561906,0.137495888,patch_4341,790.411983,790.568028,461.176571286,441.231983
4332,2.166,2.165749999,2.16625,0.110561201,0.121069447,patch_4342,790.568028,790.724074,461.176571286,443.614735
4333,2.1665,2.16625,2.166749999,0.094508877,0.103491436,patch_4343,790.724074,790.880119,461.176571286,446.164529
4334,2.167,2.166749999,2.167250001,0.078251828,0.085689243,patch_4344,790.880119,791.036165,461.176571286,448.746842
4335,2.1675,2.167250001,2.167749999,0.06263688,0.068590178,patch_4345,791.036165,791.19221,461.176571286,451.227162
4336,2.168,2.167749999,2.168250001,0.048510878,0.053121575,patch_4346,791.19221,791.348256,461.176571286,453.470974
4337,2.1685,2.168250001,2.16875,0.036598946,0.040077479,patch_4347,791.348256,791.504301,461.176571286,455.363097
4338,2.169,2.16875,2.169250001,0.026901394,0.029458227,patch_4348,791.504301,791.660347,461.176571286,456.903482
4339,2.1695,2.169250001,2.16975,0.019151373,0.020971608,patch_4349,791.660347,791.816392,461.176571286,458.134516
4340,2.17,2.16975,2.170250002,0.013081644,0.014324984,patch_4350,791.816392,791.972438,461.176571286,459.098648
4341,2.1705,2.170250002,2.17075,0.008424942,0.009225687,patch_4351,791.972438,792.128483,461.176571286,459.838331
4342,2.171,2.17075,2.171249999,0.004914009,0.005381059,patch_4352,792.128483,792.284528,461.176571286,460.396017
4343,2.1715,2.171249999,2.17175,0.002281599,0.002498453,patch_4353,792.284528,792.440574,461.176571286,460.814156
4344,2.172,2.17175,2.172249999,0.000260454,0.000285209,patch_4354,792.440574,792.596619,461.176571286,461.1352
4345,2.1725,2.172249999,2.172750001,-0.001383783,-0.001515304,patch_4355,792.596619,792.752665,461.176571286,461.396375
4346,2.173,2.172750001,2.173249999,-0.002680267,-0.002935012,patch_4356,792.752665,792.90871,461.176571286,461.602312
4347,2.1735,2.173249999,2.173750001,-0.003579181,-0.003919363,patch_4357,792.90871,793.064756,461.176571286,461.745098
4348,2.174,2.173750001,2.17425,-0.004030534,-0.004413614,patch_4358,793.064756,793.220801,461.176571286,461.816792
4349,2.1745,2.17425,2.174750001,-0.003984343,-0.004363034,patch_4359,793.220801,793.376847,461.176571286,461.809455
4350,2.175,2.174750001,2.17525,-0.00339063,-0.003712891,patch_4360,793.376847,793.532892,461.176571286,461.715148
4351,2.1755,2.17525,2.175750002,-0.002199395,-0.002408435,patch_4361,793.532892,793.688938,461.176571286,461.525929
4352,2.176,2.175750002,2.17625,-0.000360657,-0.000394935,patch_4362,793.688938,793.844983,461.176571286,461.233859
4353,2.1765,2.17625,2.176749999,0.002149412,0.002353702,patch_4363,793.844983,794.001028,461.176571286,460.835153
4354,2.177,2.176749999,2.17725,0.005183628,0.005676304,patch_4364,794.001028,794.157074,461.176571286,460.35319
4355,2.1775,2.17725,2.177749999,0.008526124,0.009336486,patch_4365,794.157074,794.313119,461.176571286,459.822259
4356,2.178,2.177749999,2.178250001,0.011960824,0.013097636,patch_4366,794.313119,794.469165,461.176571286,459.276682
4357,2.1785,2.178250001,2.178749999,0.015271667,0.016723156,patch_4367,794.469165,794.62521,461.176571286,458.750779
4358,2.179,2.178749999,2.179250001,0.018242581,0.01997644,patch_4368,794.62521,794.781256,461.176571286,458.278871
4359,2.1795,2.179250001,2.17975,0.020657493,0.022620876,patch_4369,794.781256,794.937301,461.176571286,457.89528
4360,2.18,2.17975,2.180250001,0.022300345,0.024419872,patch_4370,794.937301,795.093347,461.176571286,457.634325
4361,2.1805,2.180250001,2.18075,0.022990059,0.02517514,patch_4371,795.093347,795.249392,461.176571286,457.524769
4362,2.181,2.18075,2.181250002,0.022785372,0.024950999,patch_4372,795.249392,795.405438,461.176571286,457.557282
4363,2.1815,2.181250002,2.18175,0.02184558,0.023921885,patch_4373,795.405438,795.561483,461.176571286,457.706561
4364,2.182,2.18175,2.182249999,0.020330345,0.022262635,patch_4374,795.561483,795.717528,461.176571286,457.947245
4365,2.1825,2.182249999,2.18275,0.018399302,0.020148057,patch_4375,795.717528,795.873574,461.176571286,458.253977
4366,2.183,2.18275,2.183249999,0.016212094,0.017752966,patch_4376,795.873574,796.029619,461.176571286,458.601399
4367,2.1835,2.183249999,2.183750001,0.013928369,0.015252185,patch_4377,796.029619,796.185665,461.176571286,458.964152
4368,2.184,2.183750001,2.184249999,0.011707775,0.012820536,patch_4378,796.185665,796.34171,461.176571286,459.316877
4369,2.1845,2.184249999,2.184750001,0.009693128,0.010614407,patch_4379,796.34171,796.497756,461.176571286,459.636889
4370,2.185,2.184750001,2.18525,0.007906272,0.00865772,patch_4380,796.497756,796.653801,461.176571286,459.920718
4371,2.1855,2.18525,2.185750001,0.00631612,0.006916433,patch_4381,796.653801,796.809847,461.176571286,460.173302
4372,2.186,2.185750001,2.18625,0.004891358,0.005356255,patch_4382,796.809847,796.965892,461.176571286,460.399615
4373,2.1865,2.18625,2.186750002,0.003600672,0.003942896,patch_4383,796.965892,797.121938,461.176571286,460.604631
4374,2.187,2.186750002,2.18725,0.002412767,0.002642087,patch_4384,797.121938,797.277983,461.176571286,460.793321
4375,2.1875,2.18725,2.187749999,0.001296322,0.001419531,patch_4385,797.277983,797.434028,461.176571286,460.97066
4376,2.188,2.187749999,2.18825,0.000220031,0.000240944,patch_4386,797.434028,797.590074,461.176571286,461.141621
4377,2.1885,2.18825,2.188749999,-0.000830191,-0.000909096,patch_4387,797.590074,797.746119,461.176571286,461.308441
4378,2.189,2.188749999,2.189250001,-0.001738404,-0.00190363,patch_4388,797.746119,797.902165,461.176571286,461.452704
4379,2.1895,2.189250001,2.189749999,-0.002329353,-0.002550746,patch_4389,797.902165,798.05821,461.176571286,461.546572
4380,2.19,2.189749999,2.190250001,-0.002427495,-0.002658215,patch_4390,798.05821,798.214256,461.176571286,461.562161
4381,2.1905,2.190250001,2.19075,-0.00185727,-0.002033793,patch_4391,798.214256,798.370301,461.176571286,461.471585
4382,2.191,2.19075,2.191250001,-0.00044311,-0.000485225,patch_4392,798.370301,798.526347,461.176571286,461.246956
4383,2.1915,2.191250001,2.19175,0.001990531,0.00217972,patch_4393,798.526347,798.682392,461.176571286,460.86039
4384,2.192,2.19175,2.192250002,0.00561921,0.006153285,patch_4394,798.682392,798.838438,461.176571286,460.284001
4385,2.1925,2.192250002,2.19275,0.010570631,0.011575313,patch_4395,798.838438,798.994483,461.176571286,459.497504
4386,2.193,2.19275,2.193249999,0.016593345,0.018170453,patch_4396,798.994483,799.150528,461.176571286,458.54084
4387,2.1935,2.193249999,2.19375,0.023255529,0.025465842,patch_4397,799.150528,799.306574,461.176571286,457.482601
4388,2.194,2.19375,2.194249999,0.030124237,0.032987384,patch_4398,799.306574,799.462619,461.176571286,456.391557
4389,2.1945,2.194249999,2.194750001,0.036766521,0.04026098,patch_4399,799.462619,799.618665,461.176571286,455.336479
4390,2.195,2.194750001,2.195249999,0.042749447,0.046812551,patch_4400,799.618665,799.77471,461.176571286,454.386135
4391,2.1955,2.195249999,2.195750001,0.047640066,0.052167998,patch_4401,799.77471,799.930756,461.176571286,453.609296
4392,2.196,2.195750001,2.19625,0.051005447,0.055853239,patch_4402,799.930756,800.086801,461.176571286,453.07473
4393,2.1965,2.19625,2.196750001,0.052466823,0.057453512,patch_4403,800.086801,800.242847,461.176571286,452.842601
4394,2.197,2.196750001,2.19725,0.052096306,0.057047779,patch_4404,800.242847,800.398892,461.176571286,452.901455
4395,2.1975,2.19725,2.197750002,0.050189646,0.054959901,patch_4405,800.398892,800.554938,461.176571286,453.204314
4396,2.198,2.197750002,2.19825,0.047044219,0.051515518,patch_4406,800.554938,800.710983,461.176571286,453.703942
4397,2.1985,2.19825,2.198749999,0.042957408,0.047040278,patch_4407,800.710983,800.867028,461.176571286,454.353102
4398,2.199,2.198749999,2.19925,0.038226588,0.041859819,patch_4408,800.867028,801.023074,461.176571286,455.104558
4399,2.1995,2.19925,2.199749999,0.033149111,0.036299755,patch_4409,801.023074,801.179119,461.176571286,455.911078
4400,2.2,2.199749999,2.200250001,0.028022365,0.03068574,patch_4410,801.179119,801.335165,461.176571286,456.725424
4401,2.2005,2.200250001,2.200749999,0.023125211,0.025323138,patch_4411,801.335165,801.49121,461.176571286,457.503301
4402,2.201,2.200749999,2.201250001,0.018574551,0.020339962,patch_4412,801.49121,801.647256,461.176571286,458.22614
4403,2.2015,2.201250001,2.20175,0.014403562,0.015772543,patch_4413,801.647256,801.803301,461.176571286,458.888671
4404,2.202,2.20175,2.202250001,0.010644717,0.01165644,patch_4414,801.803301,801.959347,461.176571286,459.485736
4405,2.2025,2.202250001,2.20275,0.007330494,0.008027218,patch_4415,801.959347,802.115392,461.176571286,460.012176
4406,2.203,2.20275,2.203250002,0.004493366,0.004920436,patch_4416,802.115392,802.271438,461.176571286,460.462833
4407,2.2035,2.203250002,2.20375,0.002165799,0.002371646,patch_4417,802.271438,802.427483,461.176571286,460.83255
4408,2.204,2.20375,2.204249999,0.000380271,0.000416414,patch_4418,802.427483,802.583528,461.176571286,461.116168
4409,2.2045,2.204249999,2.20475,-0.000838942,-0.000918678,patch_4419,802.583528,802.739574,461.176571286,461.309831
4410,2.205,2.20475,2.205249999,-0.001543047,-0.001689705,patch_4420,802.739574,802.895619,461.176571286,461.421673
4411,2.2055,2.205249999,2.205750001,-0.001823878,-0.001997228,patch_4421,802.895619,803.051665,461.176571286,461.466281
4412,2.206,2.205750001,2.206249999,-0.001773703,-0.001942284,patch_4422,803.051665,803.20771,461.176571286,461.458311
4413,2.2065,2.206249999,2.206750001,-0.001484744,-0.001625861,patch_4423,803.20771,803.363756,461.176571286,461.412412
4414,2.207,2.206750001,2.20725,-0.001049263,-0.00114899,patch_4424,803.363756,803.519801,461.176571286,461.343239
4415,2.2075,2.20725,2.207750001,-0.000559502,-0.000612679,patch_4425,803.519801,803.675847,461.176571286,461.265444
4416,2.208,2.207750001,2.20825,-0.000107702,-0.000117939,patch_4426,803.675847,803.831892,461.176571286,461.193679
4417,2.2085,2.20825,2.208750002,0.000221114,0.000242129,patch_4427,803.831892,803.987938,461.176571286,461.141449
4418,2.209,2.208750002,2.20925,0.000411906,0.000451056,patch_4428,803.987938,804.143983,461.176571286,461.111143
4419,2.2095,2.20925,2.209749999,0.000488913,0.000535382,patch_4429,804.143983,804.300028,461.176571286,461.098911
4420,2.21,2.209749999,2.21025,0.000476807,0.000522125,patch_4430,804.300028,804.456074,461.176571286,461.100834
4421,2.2105,2.21025,2.210749999,0.000400259,0.000438302,patch_4431,804.456074,804.612119,461.176571286,461.112993
4422,2.211,2.210749999,2.211250001,0.000283937,0.000310924,patch_4432,804.612119,804.768165,461.176571286,461.13147
4423,2.2115,2.211250001,2.211749999,0.000152517,0.000167013,patch_4433,804.768165,804.92421,461.176571286,461.152345
4424,2.212,2.211749999,2.212250001,0.000030667,0.000033582,patch_4434,804.92421,805.080256,461.176571286,461.1717
4425,2.2125,2.212250001,2.21275,-0.000058742,-0.000064325,patch_4435,805.080256,805.236301,461.176571286,461.185902
4426,2.213,2.21275,2.213250001,-0.000111259,-0.000121834,patch_4436,805.236301,805.392347,461.176571286,461.194244
4427,2.2135,2.213250001,2.21375,-0.000133187,-0.000145845,patch_4437,805.392347,805.548392,461.176571286,461.197727
4428,2.214,2.21375,2.214250002,-0.000130964,-0.000143412,patch_4438,805.548392,805.704438,461.176571286,461.197374
4429,2.2145,2.214250002,2.21475,-0.000111033,-0.000121586,patch_4439,805.704438,805.860483,461.176571286,461.194208
4430,2.215,2.21475,2.215249999,-0.000079832,-0.00008742,patch_4440,805.860483,806.016528,461.176571286,461.189252
4431,2.2155,2.215249999,2.21575,-0.000043803,-0.000047966,patch_4441,806.016528,806.172574,461.176571286,461.183529
4432,2.216,2.21575,2.216249999,-0.000009385,-0.000010277,patch_4442,806.172574,806.328619,461.176571286,461.178062
4433,2.2165,2.216249999,2.216750001,0.000017396,0.00001905,patch_4443,806.328619,806.484665,461.176571286,461.173808
4434,2.217,2.216750001,2.217249999,0.000034904,0.000038222,patch_4444,806.484665,806.64071,461.176571286,461.171027
4435,2.2175,2.217249999,2.217750001,0.00004419,0.00004839,patch_4445,806.64071,806.796756,461.176571286,461.169552
4436,2.218,2.217750001,2.21825,0.00004635,0.000050755,patch_4446,806.796756,806.952801,461.176571286,461.169209
4437,2.2185,2.21825,2.218750001,0.000042465,0.000046501,patch_4447,806.952801,807.108847,461.176571286,461.169826
4438,2.219,2.218750001,2.21925,0.000033633,0.000036829,patch_4448,807.108847,807.264892,461.176571286,461.171229
4439,2.2195,2.21925,2.219750002,0.000020934,0.000022924,patch_4449,807.264892,807.420938,461.176571286,461.173246
4440,2.22,2.219750002,2.22025,0.000005473,0.000005993,patch_4450,807.420938,807.576983,461.176571286,461.175702
4441,2.2205,2.22025,2.220749999,-0.000011632,-0.000012738,patch_4451,807.576983,807.733028,461.176571286,461.178419
4442,2.221,2.220749999,2.22125,-0.000028649,-0.000031372,patch_4452,807.733028,807.889074,461.176571286,461.181122
4443,2.2215,2.22125,2.221749999,-0.000043507,-0.000047642,patch_4453,807.889074,808.045119,461.176571286,461.183482
4444,2.222,2.221749999,2.222250001,-0.000054127,-0.000059272,patch_4454,808.045119,808.201165,461.176571286,461.185169
4445,2.2225,2.222250001,2.222749999,-0.000058427,-0.00006398,patch_4455,808.201165,808.35721,461.176571286,461.185852
4446,2.223,2.222749999,2.223250001,-0.000054316,-0.000059479,patch_4456,808.35721,808.513256,461.176571286,461.185199
4447,2.2235,2.223250001,2.22375,-0.00003971,-0.000043485,patch_4457,808.513256,808.669301,461.176571286,461.182879
4448,2.224,2.22375,2.224250001,-0.000012539,-0.000013731,patch_4458,808.669301,808.825347,461.176571286,461.178563
4449,2.2245,2.224250001,2.22475,0.000028741,0.000031473,patch_4459,808.825347,808.981392,461.176571286,461.172006
4450,2.225,2.22475,2.225250002,0.000079112,0.000086631,patch_4460,808.981392,809.137438,461.176571286,461.164005
4451,2.2255,2.225250002,2.22575,0.00012923,0.000141513,patch_4461,809.137438,809.293483,461.176571286,461.156044
4452,2.226,2.22575,2.226249999,0.000169667,0.000185792,patch_4462,809.293483,809.449528,461.176571286,461.149621
4453,2.2265,2.226249999,2.22675,0.000191008,0.000209163,patch_4463,809.449528,809.605574,461.176571286,461.146231
4454,2.227,2.22675,2.227249999,0.000183831,0.000201304,patch_4464,809.605574,809.761619,461.176571286,461.147371
4455,2.2275,2.227249999,2.227750001,0.000138718,0.000151902,patch_4465,809.761619,809.917665,461.176571286,461.154537
4456,2.228,2.227750001,2.228249999,0.000046236,0.000050631,patch_4466,809.917665,810.07371,461.176571286,461.169227
4457,2.2285,2.228249999,2.228750001,-0.000101023,-0.000110624,patch_4467,810.07371,810.229756,461.176571286,461.192618
4458,2.229,2.228750001,2.22925,-0.00028518,-0.000312285,patch_4468,810.229756,810.385801,461.176571286,461.22187
4459,2.2295,2.22925,2.229750001,-0.00047098,-0.000515744,patch_4469,810.385801,810.541847,461.176571286,461.251383
4460,2.23,2.229750001,2.23025,-0.000622816,-0.000682011,patch_4470,810.541847,810.697892,461.176571286,461.275501
4461,2.2305,2.23025,2.230750002,-0.000705092,-0.000772107,patch_4471,810.697892,810.853938,461.176571286,461.28857
4462,2.231,2.230750002,2.23125,-0.000682208,-0.000747048,patch_4472,810.853938,811.009983,461.176571286,461.284935
4463,2.2315,2.23125,2.231749999,-0.000518555,-0.000567841,patch_4473,811.009983,811.166028,461.176571286,461.25894
4464,2.232,2.231749999,2.23225,-0.00017854,-0.000195509,patch_4474,811.166028,811.322074,461.176571286,461.204931
4465,2.2325,2.23225,2.232749999,0.000382538,0.000418896,patch_4475,811.322074,811.478119,461.176571286,461.115808
4466,2.233,2.232749999,2.233250001,0.001331451,0.001457999,patch_4476,811.478119,811.634165,461.176571286,460.96508
4467,2.2335,2.233250001,2.233749999,0.002922151,0.003199886,patch_4477,811.634165,811.79021,461.176571286,460.712409
4468,2.234,2.233749999,2.234250001,0.005410506,0.005924746,patch_4478,811.79021,811.946256,461.176571286,460.317152
4469,2.2345,2.234250001,2.23475,0.009052362,0.00991274,patch_4479,811.946256,812.102301,461.176571286,459.73867
4470,2.235,2.23475,2.235250001,0.01410358,0.015444049,patch_4480,812.102301,812.258347,461.176571286,458.936321
4471,2.2355,2.235250001,2.23575,0.020820012,0.022798842,patch_4481,812.258347,812.414392,461.176571286,457.869465
4472,2.236,2.23575,2.236250002,0.029457509,0.032257286,patch_4482,812.414392,812.570438,461.176571286,456.497462
4473,2.2365,2.236250002,2.23675,0.040247128,0.044072401,patch_4483,812.570438,812.726483,461.176571286,454.78361
4474,2.237,2.23675,2.237249999,0.053067676,0.058111472,patch_4484,812.726483,812.882528,461.176571286,452.74716
4475,2.2375,2.237249999,2.23775,0.067536055,0.073954993,patch_4485,812.882528,813.038574,461.176571286,450.448964
4476,2.238,2.23775,2.238249999,0.083262944,0.091176638,patch_4486,813.038574,813.194619,461.176571286,447.950863
4477,2.2385,2.238249999,2.238750001,0.099859045,0.109350109,patch_4487,813.194619,813.350665,461.176571286,445.314694
4478,2.239,2.238750001,2.239249999,0.116935043,0.128049088,patch_4488,813.350665,813.50671,461.176571286,442.602297
4479,2.2395,2.239249999,2.239750001,0.134101626,0.146847263,patch_4489,813.50671,813.662756,461.176571286,439.875511
4480,2.24,2.239750001,2.24025,0.150969487,0.165318323,patch_4490,813.662756,813.818801,461.176571286,437.196175
4481,2.2405,2.24025,2.240750001,0.167162957,0.183050894,patch_4491,813.818801,813.974847,461.176571286,434.623961
4482,2.241,2.240750001,2.24125,0.182512328,0.19985914,patch_4492,813.974847,814.130892,461.176571286,432.185826
4483,2.2415,2.24125,2.241750002,0.197007161,0.215731629,patch_4493,814.130892,814.286938,461.176571286,429.883428
4484,2.242,2.241750002,2.24225,0.210641161,0.230661467,patch_4494,814.286938,814.442983,461.176571286,427.717767
4485,2.2425,2.24225,2.242749999,0.223407983,0.244641706,patch_4495,814.442983,814.599028,461.176571286,425.689851
4486,2.243,2.242749999,2.24325,0.235301374,0.2576655,patch_4496,814.599028,814.755074,461.176571286,423.800673
4487,2.2435,2.24325,2.243749999,0.24631497,0.269725879,patch_4497,814.755074,814.911119,461.176571286,422.051244
4488,2.244,2.243749999,2.244250001,0.256442544,0.280816025,patch_4498,814.911119,815.067165,461.176571286,420.442553
4489,2.2445,2.244250001,2.244749999,0.265674176,0.290925074,patch_4499,815.067165,815.22321,461.176571286,418.976176
4490,2.245,2.244749999,2.245250001,0.273943484,0.299980335,patch_4500,815.22321,815.379256,461.176571286,417.662657
4491,2.2455,2.245250001,2.24575,0.281138566,0.307859271,patch_4501,815.379256,815.535301,461.176571286,416.519771
4492,2.246,2.24575,2.246250001,0.287146089,0.314437776,patch_4502,815.535301,815.691347,461.176571286,415.56552
4493,2.2465,2.246250001,2.24675,0.291852923,0.319591969,patch_4503,815.691347,815.847392,461.176571286,414.817874
4494,2.247,2.24675,2.247250002,0.295145779,0.323197793,patch_4504,815.847392,816.003438,461.176571286,414.294828
4495,2.2475,2.247250002,2.24775,0.296911387,0.325131213,patch_4505,816.003438,816.159483,461.176571286,414.014374
4496,2.248,2.24775,2.248249999,0.297036587,0.325268312,patch_4506,816.159483,816.315528,461.176571286,413.994487
4497,2.2485,2.248249999,2.24875,0.295425741,0.323504365,patch_4507,816.315528,816.471574,461.176571286,414.250358
4498,2.249,2.24875,2.249249999,0.292282757,0.320062657,patch_4508,816.471574,816.627619,461.176571286,414.749598
4499,2.2495,2.249249999,2.249750001,0.288062575,0.315441369,patch_4509,816.627619,816.783665,461.176571286,415.419943
4500,2.25,2.249750001,2.250249999,0.283227589,0.310146844,patch_4510,816.783665,816.93971,461.176571286,416.187945
4501,2.2505,2.250249999,2.250750001,0.278240441,0.304685694,patch_4511,816.93971,817.095756,461.176571286,416.980117
4502,2.251,2.250750001,2.25125,0.273563624,0.299564371,patch_4512,817.095756,817.251801,461.176571286,417.722995
4503,2.2515,2.25125,2.251750001,0.269659635,0.295289329,patch_4513,817.251801,817.407847,461.176571286,418.343115
4504,2.252,2.251750001,2.25225,0.26699102,0.292367077,patch_4514,817.407847,817.563892,461.176571286,418.767005
4505,2.2525,2.25225,2.252750002,0.266001431,0.291283432,patch_4515,817.563892,817.719938,461.176571286,418.924194
4506,2.253,2.252750002,2.25325,0.266791936,0.292149071,patch_4516,817.719938,817.875983,461.176571286,418.798628
4507,2.2535,2.25325,2.253749999,0.269165335,0.294748048,patch_4517,817.875983,818.032028,461.176571286,418.421631
4508,2.254,2.253749999,2.25425,0.272914561,0.298853618,patch_4518,818.032028,818.188074,461.176571286,417.826094
4509,2.2545,2.25425,2.254749999,0.27783242,0.304238894,patch_4519,818.188074,818.344119,461.176571286,417.044928
4510,2.255,2.254749999,2.255250001,0.283711729,0.310676998,patch_4520,818.344119,818.500165,461.176571286,416.111043
4511,2.2555,2.255250001,2.255749999,0.290345488,0.317941261,patch_4521,818.500165,818.65621,461.176571286,415.057319
4512,2.256,2.255749999,2.256250001,0.29752648,0.325804768,patch_4522,818.65621,818.812256,461.176571286,413.916671
4513,2.2565,2.256250001,2.25675,0.305046349,0.334039359,patch_4523,818.812256,818.968301,461.176571286,412.722195
4514,2.257,2.25675,2.257250001,0.31267282,0.342390685,patch_4524,818.968301,819.124347,461.176571286,411.510786
4515,2.2575,2.257250001,2.25775,0.320151925,0.350580639,patch_4525,819.124347,819.280392,461.176571286,410.322785
4516,2.258,2.25775,2.258250002,0.327229022,0.358330376,patch_4526,819.280392,819.436438,461.176571286,409.19864
4517,2.2585,2.258250002,2.25875,0.333649368,0.365360942,patch_4527,819.436438,819.592483,461.176571286,408.178815
4518,2.259,2.25875,2.259249999,0.339158235,0.371393396,patch_4528,819.592483,819.748528,461.176571286,407.303772
4519,2.2595,2.259249999,2.25975,0.343500884,0.37614879,patch_4529,819.748528,819.904574,461.176571286,406.613974
4520,2.26,2.25975,2.260249999,0.346422674,0.379348281,patch_4530,819.904574,820.060619,461.176571286,406.149869
4521,2.2605,2.260249999,2.260750001,0.347684772,0.380730335,patch_4531,820.060619,820.216665,461.176571286,405.949394
4522,2.261,2.260750001,2.261249999,0.3473784,0.380394843,patch_4532,820.216665,820.37271,461.176571286,405.998059
4523,2.2615,2.261249999,2.261750001,0.345905364,0.378781803,patch_4533,820.37271,820.528756,461.176571286,406.23204
4524,2.262,2.261750001,2.26225,0.343679576,0.376344467,patch_4534,820.528756,820.684801,461.176571286,406.58559
4525,2.2625,2.26225,2.262750001,0.341115089,0.373536239,patch_4535,820.684801,820.840847,461.176571286,406.99294
4526,2.263,2.262750001,2.26325,0.338625726,0.370810276,patch_4536,820.840847,820.996892,461.176571286,407.388357
4527,2.2635,2.26325,2.263750002,0.336625515,0.368619954,patch_4537,820.996892,821.152938,461.176571286,407.706076
4528,2.264,2.263750002,2.26425,0.335528372,0.367418535,patch_4538,821.152938,821.308983,461.176571286,407.880349
4529,2.2645,2.26425,2.264749999,0.335729748,0.36763905,patch_4539,821.308983,821.465028,461.176571286,407.848362
4530,2.265,2.264749999,2.26525,0.33721596,0.369266519,patch_4540,821.465028,821.621074,461.176571286,407.612288
4531,2.2655,2.26525,2.265749999,0.339572638,0.371847186,patch_4541,821.621074,821.777119,461.176571286,407.237947
4532,2.266,2.265749999,2.266250001,0.342368512,0.374908792,patch_4542,821.777119,821.933165,461.176571286,406.793843
4533,2.2665,2.266250001,2.266749999,0.345172462,0.377979243,patch_4543,821.933165,822.08921,461.176571286,406.348456
4534,2.267,2.266749999,2.267250001,0.347553309,0.380586376,patch_4544,822.08921,822.245256,461.176571286,405.970276
4535,2.2675,2.267250001,2.26775,0.349079876,0.382258036,patch_4545,822.245256,822.401301,461.176571286,405.727792
4536,2.268,2.26775,2.268250001,0.349320945,0.382522017,patch_4546,822.401301,822.557347,461.176571286,405.6895
4537,2.2685,2.268250001,2.26875,0.347854645,0.380916353,patch_4547,822.557347,822.713392,461.176571286,405.922411
4538,2.269,2.26875,2.269250002,0.344481288,0.377222377,patch_4548,822.713392,822.869438,461.176571286,406.458244
4539,2.2695,2.269250002,2.26975,0.339227108,0.371468815,patch_4549,822.869438,823.025483,461.176571286,407.292832
4540,2.27,2.26975,2.270249999,0.332128581,0.363695611,patch_4550,823.025483,823.181528,461.176571286,408.420381
4541,2.2705,2.270249999,2.27075,0.323222277,0.353942812,patch_4551,823.181528,823.337574,461.176571286,409.835082
4542,2.271,2.27075,2.271249999,0.312544611,0.342250291,patch_4552,823.337574,823.493619,461.176571286,411.531151
4543,2.2715,2.271249999,2.271750001,0.300132128,0.328658068,patch_4553,823.493619,823.649665,461.176571286,413.502783
4544,2.272,2.271750001,2.272249999,0.286021322,0.313206106,patch_4554,823.649665,823.80571,461.176571286,415.744181
4545,2.2725,2.272249999,2.272750001,0.270255861,0.295942223,patch_4555,823.80571,823.961756,461.176571286,418.248409
4546,2.273,2.272750001,2.27325,0.253065675,0.277118202,patch_4556,823.961756,824.117801,461.176571286,420.978944
4547,2.2735,2.27325,2.273750001,0.234877495,0.257201334,patch_4557,824.117801,824.273847,461.176571286,423.868003
4548,2.274,2.273750001,2.27425,0.216127602,0.236669366,patch_4558,824.273847,824.429892,461.176571286,426.846286
4549,2.2745,2.27425,2.274750002,0.197252334,0.216000105,patch_4559,824.429892,824.585938,461.176571286,429.844484
4550,2.275,2.274750002,2.27525,0.17868799,0.19567132,patch_4560,824.585938,824.741983,461.176571286,432.793294
4551,2.2755,2.27525,2.275749999,0.160870819,0.176160723,patch_4561,824.741983,824.898028,461.176571286,435.623421
4552,2.276,2.275749999,2.27625,0.144237133,0.157946095,patch_4562,824.898028,825.054074,461.176571286,438.26556
4553,2.2765,2.27625,2.276749999,0.129212216,0.14149314,patch_4563,825.054074,825.210119,461.176571286,440.652158
4554,2.277,2.276749999,2.277250001,0.11591757,0.12693491,patch_4564,825.210119,825.366165,461.176571286,442.763915
4555,2.2775,2.277250001,2.277749999,0.104140042,0.114037992,patch_4565,825.366165,825.52221,461.176571286,444.634689
4556,2.278,2.277749999,2.278250001,0.093649303,0.102550164,patch_4566,825.52221,825.678256,461.176571286,446.301066
4557,2.2785,2.278250001,2.27875,0.084214993,0.092219174,patch_4567,825.678256,825.834301,461.176571286,447.799637
4558,2.279,2.27875,2.279250001,0.075606764,0.08279278,patch_4568,825.834301,825.990347,461.176571286,449.166991
4559,2.2795,2.279250001,2.27975,0.06759427,0.074018741,patch_4569,825.990347,826.146392,461.176571286,450.439717
4560,2.28,2.27975,2.280250002,0.059947156,0.06564481,patch_4570,826.146392,826.302438,461.176571286,451.654405
4561,2.2805,2.280250002,2.28075,0.052440433,0.057424613,patch_4571,826.302438,826.458483,461.176571286,452.846793
4562,2.281,2.28075,2.281249999,0.045008047,0.049285819,patch_4572,826.458483,826.614528,461.176571286,454.027373
4563,2.2815,2.281249999,2.28175,0.037766126,0.041355593,patch_4573,826.614528,826.770574,461.176571286,455.177699
4564,2.282,2.28175,2.282249999,0.030840789,0.03377204,patch_4574,826.770574,826.926619,461.176571286,456.277738
4565,2.2825,2.282249999,2.282750001,0.024358155,0.026673266,patch_4575,826.926619,827.082665,461.176571286,457.307457
4566,2.283,2.282750001,2.283249999,0.018444334,0.020197369,patch_4576,827.082665,827.23871,461.176571286,458.246824
4567,2.2835,2.283249999,2.283750001,0.013225434,0.01448244,patch_4577,827.23871,827.394756,461.176571286,459.075808
4568,2.284,2.283750001,2.28425,0.008827586,0.0096666,patch_4578,827.394756,827.550801,461.176571286,459.774374
4569,2.2845,2.28425,2.284750001,0.005373256,0.005883955,patch_4579,827.550801,827.706847,461.176571286,460.323069
4570,2.285,2.284750001,2.28525,0.002867304,0.003139826,patch_4580,827.706847,827.862892,461.176571286,460.721121
4571,2.2855,2.28525,2.285750002,0.001174453,0.001286079,patch_4581,827.862892,828.018938,461.176571286,460.990018
4572,2.286,2.285750002,2.28625,0.000151202,0.000165573,patch_4582,828.018938,828.174983,461.176571286,461.152554
4573,2.2865,2.28625,2.286749999,-0.000345932,-0.000378811,patch_4583,828.174983,828.331028,461.176571286,461.23152
4574,2.287,2.286749999,2.28725,-0.000460422,-0.000504183,patch_4584,828.331028,828.487074,461.176571286,461.249706
4575,2.2875,2.28725,2.287749999,-0.000335764,-0.000367677,patch_4585,828.487074,828.643119,461.176571286,461.229905
4576,2.288,2.287749999,2.288250001,-0.000115446,-0.000126418,patch_4586,828.643119,828.799165,461.176571286,461.194909
4577,2.2885,2.288250001,2.288749999,0.000059211,0.000064839,patch_4587,828.799165,828.95521,461.176571286,461.167166
4578,2.289,2.288749999,2.289250001,0.000122312,0.000133937,patch_4588,828.95521,829.111256,461.176571286,461.157143
4579,2.2895,2.289250001,2.28975,0.000101492,0.000111138,patch_4589,829.111256,829.267301,461.176571286,461.16045
4580,2.29,2.28975,2.290250001,0.00003022,0.000033093,patch_4590,829.267301,829.423347,461.176571286,461.171771
4581,2.2905,2.290250001,2.29075,-0.000058049,-0.000063567,patch_4591,829.423347,829.579392,461.176571286,461.185792
4582,2.291,2.29075,2.291250002,-0.000129863,-0.000142205,patch_4592,829.579392,829.735438,461.176571286,461.197199
4583,2.2915,2.291250002,2.29175,-0.000151765,-0.000166189,patch_4593,829.735438,829.891483,461.176571286,461.200678
4584,2.292,2.29175,2.292249999,-0.000090289,-0.00009887,patch_4594,829.891483,830.047528,461.176571286,461.190913
4585,2.2925,2.292249999,2.29275,0.000086899,0.000095158,patch_4595,830.047528,830.203574,461.176571286,461.162768
4586,2.293,2.29275,2.293249999,0.000369487,0.000404605,patch_4596,830.203574,830.359619,461.176571286,461.117881
4587,2.2935,2.293249999,2.293750001,0.000692152,0.000757937,patch_4597,830.359619,830.515665,461.176571286,461.066628
4588,2.294,2.293750001,2.294249999,0.00098594,0.001079648,patch_4598,830.515665,830.67171,461.176571286,461.019962
4589,2.2945,2.294249999,2.294750001,0.001181876,0.001294207,patch_4599,830.67171,830.827756,461.176571286,460.988839
4590,2.295,2.294750001,2.29525,0.001211018,0.001326118,patch_4600,830.827756,830.983801,461.176571286,460.98421
4591,2.2955,2.29525,2.295750001,0.001004404,0.001099868,patch_4601,830.983801,831.139847,461.176571286,461.017029
4592,2.296,2.295750001,2.29625,0.000493068,0.000539932,patch_4602,831.139847,831.295892,461.176571286,461.098251
4593,2.2965,2.29625,2.296750002,-0.000387407,-0.000424228,patch_4603,831.295892,831.451938,461.176571286,461.238108
4594,2.297,2.296750002,2.29725,-0.001511689,-0.001655367,patch_4604,831.451938,831.607983,461.176571286,461.416692
4595,2.2975,2.29725,2.297749999,-0.002499893,-0.002737495,patch_4605,831.607983,831.764028,461.176571286,461.573661
4596,2.298,2.297749999,2.29825,-0.00295428,-0.003235068,patch_4606,831.764028,831.920074,461.176571286,461.645837
4597,2.2985,2.29825,2.298749999,-0.00247711,-0.002712546,patch_4607,831.920074,832.076119,461.176571286,461.570042
4598,2.299,2.298749999,2.299250001,-0.000670643,-0.000734384,patch_4608,832.076119,832.232165,461.176571286,461.283098
4599,2.2995,2.299250001,2.299749999,0.002862853,0.003134952,patch_4609,832.232165,832.38821,461.176571286,460.721828
4600,2.3,2.299749999,2.300250001,0.008521125,0.009331012,patch_4610,832.38821,832.544256,461.176571286,459.823053
4601,2.3005,2.300250001,2.30075,0.016692324,0.018278839,patch_4611,832.544256,832.700301,461.176571286,458.525118
4602,2.301,2.30075,2.301250001,0.027323963,0.029920959,patch_4612,832.700301,832.856347,461.176571286,456.83636
4603,2.3015,2.301250001,2.30175,0.039748503,0.043526384,patch_4613,832.856347,833.012392,461.176571286,454.862813
4604,2.302,2.30175,2.302250002,0.053252721,0.058314104,patch_4614,833.012392,833.168438,461.176571286,452.717767
4605,2.3025,2.302250002,2.30275,0.06712337,0.073503084,patch_4615,833.168438,833.324483,461.176571286,450.514516
4606,2.303,2.30275,2.303249999,0.080647205,0.088312287,patch_4616,833.324483,833.480528,461.176571286,448.366354
4607,2.3035,2.303249999,2.30375,0.093111016,0.101960716,patch_4617,833.480528,833.636574,461.176571286,446.386569
4608,2.304,2.30375,2.304249999,0.10380155,0.113667328,patch_4618,833.636574,833.792619,461.176571286,444.688456
4609,2.3045,2.304249999,2.304750001,0.112015426,0.122661888,patch_4619,833.792619,833.948665,461.176571286,443.383742
4610,2.305,2.304750001,2.305249999,0.117547831,0.128720119,patch_4620,833.948665,834.10471,461.176571286,442.50496
4611,2.3055,2.305249999,2.305750001,0.120918248,0.132410875,patch_4621,834.10471,834.260756,461.176571286,441.969594
4612,2.306,2.305750001,2.30625,0.122703134,0.134365405,patch_4622,834.260756,834.416801,461.176571286,441.686078
4613,2.3065,2.30625,2.306750001,0.123478889,0.135214891,patch_4623,834.416801,834.572847,461.176571286,441.562855
4614,2.307,2.306750001,2.30725,0.123821945,0.135590553,patch_4624,834.572847,834.728892,461.176571286,441.508363
4615,2.3075,2.30725,2.307750002,0.124308735,0.13612361,patch_4625,834.728892,834.884938,461.176571286,441.43104
4616,2.308,2.307750002,2.30825,0.125515697,0.137445287,patch_4626,834.884938,835.040983,461.176571286,441.239323
4617,2.3085,2.30825,2.308749999,0.128013313,0.140180288,patch_4627,835.040983,835.197028,461.176571286,440.842595
4618,2.309,2.308749999,2.30925,0.132039265,0.144588885,patch_4628,835.197028,835.353074,461.176571286,440.203102
4619,2.3095,2.30925,2.309749999,0.137328026,0.150380315,patch_4629,835.353074,835.509119,461.176571286,439.363021
4620,2.31,2.309749999,2.310250001,0.143572268,0.157218038,patch_4630,835.509119,835.665165,461.176571286,438.371169
4621,2.3105,2.310250001,2.310749999,0.150464591,0.164765439,patch_4631,835.665165,835.82121,461.176571286,437.276374
4622,2.311,2.310749999,2.311250001,0.157697692,0.172686007,patch_4632,835.82121,835.977256,461.176571286,436.127449
4623,2.3115,2.311250001,2.31175,0.164964228,0.180643188,patch_4633,835.977256,836.133301,461.176571286,434.973213
4624,2.312,2.31175,2.312250001,0.171956795,0.188300361,patch_4634,836.133301,836.289347,461.176571286,433.862495
4625,2.3125,2.312250001,2.31275,0.17836824,0.195321179,patch_4635,836.289347,836.445392,461.176571286,432.844084
4626,2.313,2.31275,2.313250002,0.183903471,0.201382505,patch_4636,836.445392,836.601438,461.176571286,431.964853
4627,2.3135,2.313250002,2.31375,0.188286217,0.206181806,patch_4637,836.601438,836.757483,461.176571286,431.268686
4628,2.314,2.31375,2.314249999,0.191241934,0.209418449,patch_4638,836.757483,836.913528,461.176571286,430.799192
4629,2.3145,2.314249999,2.31475,0.192495999,0.210791705,patch_4639,836.913528,837.069574,461.176571286,430.599993
4630,2.315,2.31475,2.315249999,0.191773876,0.210000948,patch_4640,837.069574,837.225619,461.176571286,430.714697
4631,2.3155,2.315249999,2.315750001,0.18880099,0.206745506,patch_4641,837.225619,837.381665,461.176571286,431.186918
4632,2.316,2.315750001,2.316249999,0.183302745,0.200724682,patch_4642,837.381665,837.53771,461.176571286,432.060274
4633,2.3165,2.316249999,2.316750001,0.175009041,0.191642707,patch_4643,837.53771,837.693756,461.176571286,433.377668
4634,2.317,2.316750001,2.31725,0.163961531,0.179545191,patch_4644,837.693756,837.849801,461.176571286,435.132484
4635,2.3175,2.31725,2.317750001,0.150712711,0.165037141,patch_4645,837.849801,838.005847,461.176571286,437.236962
4636,2.318,2.317750001,2.31825,0.135862425,0.148775416,patch_4646,838.005847,838.161892,461.176571286,439.595821
4637,2.3185,2.31825,2.318750002,0.12001045,0.131416797,patch_4647,838.161892,838.317938,461.176571286,442.113791
4638,2.319,2.318750002,2.31925,0.10375665,0.11361816,patch_4648,838.317938,838.473983,461.176571286,444.695588
4639,2.3195,2.31925,2.319749999,0.08770082,0.09603631,patch_4649,838.473983,838.630028,461.176571286,447.245939
4640,2.32,2.319749999,2.32025,0.072442791,0.079328088,patch_4650,838.630028,838.786074,461.176571286,449.669565
4641,2.3205,2.32025,2.320749999,0.058579111,0.064146739,patch_4651,838.786074,838.942119,461.176571286,451.871709
4642,2.321,2.320749999,2.321250001,0.046447924,0.050862549,patch_4652,838.942119,839.098165,461.176571286,453.798659
4643,2.3215,2.321250001,2.321749999,0.035946502,0.039363023,patch_4653,839.098165,839.25421,461.176571286,455.466733
4644,2.322,2.321749999,2.322250001,0.026929051,0.029488512,patch_4654,839.25421,839.410256,461.176571286,456.899089
4645,2.3225,2.322250001,2.32275,0.019249779,0.021079367,patch_4655,839.410256,839.566301,461.176571286,458.118885
4646,2.323,2.32275,2.323250001,0.012762901,0.013975946,patch_4656,839.566301,839.722347,461.176571286,459.149278
4647,2.3235,2.323250001,2.32375,0.007322631,0.008018608,patch_4657,839.722347,839.878392,461.176571286,460.013425
4648,2.324,2.32375,2.324250002,0.002783165,0.003047689,patch_4658,839.878392,840.034438,461.176571286,460.734486
4649,2.3245,2.324250002,2.32475,-0.001000372,-0.001095452,patch_4659,840.034438,840.190483,461.176571286,461.335473
4650,2.325,2.32475,2.325249999,-0.004091512,-0.004480388,patch_4660,840.190483,840.346528,461.176571286,461.826478
4651,2.3255,2.325249999,2.32575,-0.006409208,-0.007018369,patch_4661,840.346528,840.502574,461.176571286,462.194627
4652,2.326,2.32575,2.326249999,-0.007857559,-0.008604378,patch_4662,840.502574,840.658619,461.176571286,462.424687
4653,2.3265,2.326249999,2.326750001,-0.008340641,-0.009133374,patch_4663,840.658619,840.814665,461.176571286,462.501421
4654,2.327,2.326750001,2.327249999,-0.007762547,-0.008500335,patch_4664,840.814665,840.97071,461.176571286,462.409595
4655,2.3275,2.327249999,2.327750001,-0.006027365,-0.006600233,patch_4665,840.97071,841.126756,461.176571286,462.133974
4656,2.328,2.327750001,2.32825,-0.003039182,-0.003328039,patch_4666,841.126756,841.282801,461.176571286,461.659323
4657,2.3285,2.32825,2.328750001,0.001296492,0.001419717,patch_4667,841.282801,841.438847,461.176571286,460.970633
4658,2.329,2.328750001,2.32925,0.006927926,0.007586388,patch_4668,841.438847,841.594892,461.176571286,460.076121
4659,2.3295,2.32925,2.329750002,0.013532732,0.014818945,patch_4669,841.594892,841.750938,461.176571286,459.026996
4660,2.33,2.329750002,2.33025,0.02075921,0.022732261,patch_4670,841.750938,841.906983,461.176571286,457.879123
4661,2.3305,2.33025,2.330749999,0.028255653,0.0309412,patch_4671,841.906983,842.063028,461.176571286,456.688368
4662,2.331,2.330749999,2.33125,0.035670367,0.039060643,patch_4672,842.063028,842.219074,461.176571286,455.510595
4663,2.3315,2.33125,2.331749999,0.042651652,0.046705462,patch_4673,842.219074,842.375119,461.176571286,454.401669
4664,2.332,2.331749999,2.332250001,0.04884779,0.053490509,patch_4674,842.375119,842.531165,461.176571286,453.417458
4665,2.3325,2.332250001,2.332749999,0.053909647,0.059033469,patch_4675,842.531165,842.68721,461.176571286,452.613419
4666,2.333,2.332749999,2.333250001,0.057790657,0.063283348,patch_4676,842.68721,842.843256,461.176571286,451.996949
4667,2.3335,2.333250001,2.33375,0.061027804,0.066828168,patch_4677,842.843256,842.999301,461.176571286,451.482752
4668,2.334,2.33375,2.334250001,0.064224615,0.070328818,patch_4678,842.999301,843.155347,461.176571286,450.974962
4669,2.3345,2.334250001,2.33475,0.067984575,0.074446142,patch_4679,843.155347,843.311392,461.176571286,450.37772
4670,2.335,2.33475,2.335250002,0.072911185,0.079841,patch_4680,843.311392,843.467438,461.176571286,449.595164
4671,2.3355,2.335250002,2.33575,0.079607956,0.087174263,patch_4681,843.467438,843.623483,461.176571286,448.531431
4672,2.336,2.33575,2.336249999,0.088678384,0.097106787,patch_4682,843.623483,843.779528,461.176571286,447.09066
4673,2.3365,2.336249999,2.33675,0.10072261,0.110295751,patch_4683,843.779528,843.935574,461.176571286,445.177523
4674,2.337,2.33675,2.337249999,0.115882265,0.126896249,patch_4684,843.935574,844.091619,461.176571286,442.769523
4675,2.3375,2.337249999,2.337750001,0.133376997,0.146053762,patch_4685,844.091619,844.247665,461.176571286,439.990613
4676,2.338,2.337750001,2.338249999,0.15231614,0.166792968,patch_4686,844.247665,844.40371,461.176571286,436.982269
4677,2.3385,2.338249999,2.338750001,0.171808957,0.188138471,patch_4687,844.40371,844.559756,461.176571286,433.885978
4678,2.339,2.338750001,2.33925,0.190964697,0.209114862,patch_4688,844.559756,844.715801,461.176571286,430.843229
4679,2.3395,2.33925,2.339750001,0.208892701,0.228746826,patch_4689,844.715801,844.871847,461.176571286,427.995497
4680,2.34,2.339750001,2.34025,0.224702225,0.24605896,patch_4690,844.871847,845.027892,461.176571286,425.48427
4681,2.3405,2.34025,2.340750002,0.237505895,0.260079549,patch_4691,845.027892,845.183938,461.176571286,423.450501
4682,2.341,2.340750002,2.34125,0.246955409,0.270427188,patch_4692,845.183938,845.339983,461.176571286,421.949515
4683,2.3415,2.34125,2.341749999,0.253832188,0.277957569,patch_4693,845.339983,845.496028,461.176571286,420.857189
4684,2.342,2.341749999,2.34225,0.259059876,0.283682121,patch_4694,845.496028,845.652074,461.176571286,420.026809
4685,2.3425,2.34225,2.342749999,0.263562023,0.288612172,patch_4695,845.652074,845.808119,461.176571286,419.311676
4686,2.343,2.342749999,2.343250001,0.268262234,0.293759112,patch_4696,845.808119,845.964165,461.176571286,418.565082
4687,2.3435,2.343250001,2.343749999,0.27408412,0.300134338,patch_4697,845.964165,846.12021,461.176571286,417.640318
4688,2.344,2.343749999,2.344250001,0.281951339,0.308749293,patch_4698,846.12021,846.276256,461.176571286,416.390668
4689,2.3445,2.344250001,2.34475,0.292784568,0.320612162,patch_4699,846.276256,846.432301,461.176571286,414.669889
4690,2.345,2.34475,2.345250001,0.306960494,0.336135434,patch_4700,846.432301,846.588347,461.176571286,412.418147
4691,2.3455,2.345250001,2.34575,0.32366678,0.354429562,patch_4701,846.588347,846.744392,461.176571286,409.764476
4692,2.346,2.34575,2.346250002,0.341933843,0.37443281,patch_4702,846.744392,846.900438,461.176571286,406.862887
4693,2.3465,2.346250002,2.34675,0.36079222,0.395083575,patch_4703,846.900438,847.056483,461.176571286,403.867372
4694,2.347,2.34675,2.347249999,0.379272368,0.415320161,patch_4704,847.056483,847.212528,461.176571286,400.931936
4695,2.3475,2.347249999,2.34775,0.396404742,0.434080875,patch_4705,847.212528,847.368574,461.176571286,398.210584
4696,2.348,2.34775,2.348249999,0.411219923,0.450304159,patch_4706,847.368574,847.524619,461.176571286,395.857301
4697,2.3485,2.348249999,2.348750001,0.422750112,0.462930231,patch_4707,847.524619,847.680665,461.176571286,394.025815
4698,2.349,2.348750001,2.349249999,0.430431871,0.471342099,patch_4708,847.680665,847.83671,461.176571286,392.805624
4699,2.3495,2.349249999,2.349750001,0.434623685,0.475932323,patch_4709,847.83671,847.992756,461.176571286,392.139785
4700,2.35,2.349750001,2.35025,0.435811729,0.477233283,patch_4710,847.992756,848.148801,461.176571286,391.951073
4701,2.3505,2.35025,2.350750001,0.434482218,0.47577741,patch_4711,848.148801,848.304847,461.176571286,392.162256
4702,2.351,2.350750001,2.35125,0.431121345,0.472097104,patch_4712,848.304847,848.460892,461.176571286,392.696106
4703,2.3515,2.35125,2.351750002,0.426215353,0.466724823,patch_4713,848.460892,848.616938,461.176571286,393.475387
4704,2.352,2.351750002,2.35225,0.420250444,0.460192982,patch_4714,848.616938,848.772983,461.176571286,394.422869
4705,2.3525,2.35225,2.352749999,0.413712383,0.453033514,patch_4715,848.772983,848.929028,461.176571286,395.461392
4706,2.353,2.352749999,2.35325,0.406969013,0.445649223,patch_4716,848.929028,849.085074,461.176571286,396.532527
4707,2.3535,2.35325,2.353749999,0.40010738,0.438135429,patch_4717,849.085074,849.241119,461.176571286,397.622447
4708,2.354,2.353749999,2.354250001,0.393173752,0.430542797,patch_4718,849.241119,849.397165,461.176571286,398.723803
4709,2.3545,2.354250001,2.354749999,0.386214432,0.422922031,patch_4719,849.397165,849.55321,461.176571286,399.82924
4710,2.355,2.354749999,2.355250001,0.379275679,0.415323787,patch_4720,849.55321,849.709256,461.176571286,400.93141
4711,2.3555,2.355250001,2.35575,0.372403773,0.407798743,patch_4721,849.709256,849.865301,461.176571286,402.022962
4712,2.356,2.35575,2.356250001,0.365644934,0.400397513,patch_4722,849.865301,850.021347,461.176571286,403.096554
4713,2.3565,2.356250001,2.35675,0.359045208,0.393170519,patch_4723,850.021347,850.177392,461.176571286,404.144872
4714,2.357,2.35675,2.357250002,0.352563323,0.386072565,patch_4724,850.177392,850.333438,461.176571286,405.174472
4715,2.3575,2.357250002,2.35775,0.345940946,0.378820767,patch_4725,850.333438,850.489483,461.176571286,406.226388
4716,2.358,2.35775,2.358249999,0.338886796,0.371096159,patch_4726,850.489483,850.645528,461.176571286,407.346888
4717,2.3585,2.358249999,2.35875,0.331109585,0.362579765,patch_4727,850.645528,850.801574,461.176571286,408.582241
4718,2.359,2.35875,2.359249999,0.322317835,0.352952407,patch_4728,850.801574,850.957619,461.176571286,409.978746
4719,2.3595,2.359249999,2.359750001,0.312220391,0.341895255,patch_4729,850.957619,851.113665,461.176571286,411.582651
4720,2.36,2.359750001,2.360249999,0.300525901,0.329089267,patch_4730,851.113665,851.26971,461.176571286,413.440235
4721,2.3605,2.360249999,2.360750001,0.286943732,0.314216186,patch_4731,851.26971,851.425756,461.176571286,415.597663
4722,2.361,2.360750001,2.36125,0.271533729,0.297341545,patch_4732,851.425756,851.581801,461.176571286,418.045429
4723,2.3615,2.36125,2.361750001,0.255263567,0.279524992,patch_4733,851.581801,851.737847,461.176571286,420.629825
4724,2.362,2.361750001,2.36225,0.239245906,0.261984939,patch_4734,851.737847,851.893892,461.176571286,423.174113
4725,2.3625,2.36225,2.362750002,0.224593445,0.245939841,patch_4735,851.893892,852.049938,461.176571286,425.501549
4726,2.363,2.362750002,2.36325,0.212418926,0.2326082,patch_4736,852.049938,852.205983,461.176571286,427.435382
4727,2.3635,2.36325,2.363749999,0.203835055,0.223208478,patch_4737,852.205983,852.362028,461.176571286,428.798867
4728,2.364,2.363749999,2.36425,0.199954536,0.218959137,patch_4738,852.362028,852.518074,461.176571286,429.415259
4729,2.3645,2.36425,2.364749999,0.201889067,0.221077534,patch_4739,852.518074,852.674119,461.176571286,429.107973
4730,2.365,2.364749999,2.365250001,0.210113167,0.23008329,patch_4740,852.674119,852.830165,461.176571286,427.801635
4731,2.3655,2.365250001,2.365749999,0.223377676,0.244608519,patch_4741,852.830165,852.98621,461.176571286,425.694665
4732,2.366,2.365749999,2.366250001,0.240144802,0.26296927,patch_4742,852.98621,853.142256,461.176571286,423.03133
4733,2.3665,2.366250001,2.36675,0.258876771,0.283481612,patch_4743,853.142256,853.298301,461.176571286,420.055894
4734,2.367,2.36675,2.367250001,0.27803576,0.30446156,patch_4744,853.298301,853.454347,461.176571286,417.012629
4735,2.3675,2.367250001,2.36775,0.296083958,0.324225142,patch_4745,853.454347,853.610392,461.176571286,414.145805
4736,2.368,2.36775,2.368250002,0.311483649,0.34108849,patch_4746,853.610392,853.766438,461.176571286,411.699677
4737,2.3685,2.368250002,2.36875,0.322697695,0.353368371,patch_4747,853.766438,853.922483,461.176571286,409.918408
4738,2.369,2.36875,2.369249999,0.328812419,0.360064266,patch_4748,853.922483,854.078528,461.176571286,408.947129
4739,2.3695,2.369249999,2.36975,0.330675514,0.362104438,patch_4749,854.078528,854.234574,461.176571286,408.65119
4740,2.37,2.36975,2.370249999,0.329443691,0.360755537,patch_4750,854.234574,854.390619,461.176571286,408.846856
4741,2.3705,2.370249999,2.370750001,0.32627368,0.357284234,patch_4751,854.390619,854.546665,461.176571286,409.350389
4742,2.371,2.370750001,2.371249999,0.322322097,0.352957074,patch_4752,854.546665,854.70271,461.176571286,409.978069
4743,2.3715,2.371249999,2.371750001,0.318745615,0.349040667,patch_4753,854.70271,854.858756,461.176571286,410.546167
4744,2.372,2.371750001,2.37225,0.316700875,0.346801585,patch_4754,854.858756,855.014801,461.176571286,410.870959
4745,2.3725,2.37225,2.372750001,0.31734431,0.347506175,patch_4755,855.014801,855.170847,461.176571286,410.768754
4746,2.373,2.372750001,2.37325,0.321485219,0.352040655,patch_4756,855.170847,855.326892,461.176571286,410.111001
4747,2.3735,2.37325,2.373750002,0.328908142,0.360169088,patch_4757,855.326892,855.482938,461.176571286,408.931924
4748,2.374,2.373750002,2.37425,0.339209348,0.371449367,patch_4758,855.482938,855.638983,461.176571286,407.295653
4749,2.3745,2.37425,2.374749999,0.351985273,0.385439575,patch_4759,855.638983,855.795028,461.176571286,405.266291
4750,2.375,2.374749999,2.37525,0.366832165,0.401697584,patch_4760,855.795028,855.951074,461.176571286,402.907971
4751,2.3755,2.37525,2.375749999,0.383346437,0.419781448,patch_4761,855.951074,856.107119,461.176571286,400.2848
4752,2.376,2.375749999,2.376250001,0.401124387,0.439249096,patch_4762,856.107119,856.263165,461.176571286,397.460903
4753,2.3765,2.376250001,2.376749999,0.419762313,0.459658457,patch_4763,856.263165,856.41921,461.176571286,394.500405
4754,2.377,2.376749999,2.377250001,0.438831238,0.480539781,patch_4764,856.41921,856.575256,461.176571286,391.471446
4755,2.3775,2.377250001,2.37775,0.457823868,0.501337558,patch_4765,856.575256,856.731301,461.176571286,388.454606
4756,2.378,2.37775,2.378250001,0.476218013,0.521479967,patch_4766,856.731301,856.887347,461.176571286,385.532831
4757,2.3785,2.378250001,2.37875,0.493491262,0.540394945,patch_4767,856.887347,857.043392,461.176571286,382.789102
4758,2.379,2.37875,2.379250002,0.509121357,0.557510596,patch_4768,857.043392,857.199438,461.176571286,380.306376
4759,2.3795,2.379250002,2.37975,0.522586045,0.57225503,patch_4769,857.199438,857.355483,461.176571286,378.167609
4760,2.38,2.37975,2.380249999,0.533363105,0.584056392,patch_4770,857.355483,857.511528,461.176571286,376.455752
4761,2.3805,2.380249999,2.38075,0.540930089,0.592342577,patch_4771,857.511528,857.667574,461.176571286,375.253792
4762,2.381,2.38075,2.381249999,0.544969376,0.596765776,patch_4772,857.667574,857.823619,461.176571286,374.612181
4763,2.3815,2.381249999,2.381750001,0.545822616,0.597700112,patch_4773,857.823619,857.979665,461.176571286,374.47665
4764,2.382,2.381750001,2.382249999,0.543964029,0.595664876,patch_4774,857.979665,858.13571,461.176571286,374.771873
4765,2.3825,2.382249999,2.382750001,0.539867875,0.591179405,patch_4775,858.13571,858.291756,461.176571286,375.422517
4766,2.383,2.382750001,2.38325,0.534008442,0.584763064,patch_4776,858.291756,858.447801,461.176571286,376.353245
4767,2.3835,2.38325,2.383750001,0.526860054,0.576935261,patch_4777,858.447801,858.603847,461.176571286,377.488714
4768,2.384,2.383750001,2.38425,0.518896935,0.568215291,patch_4778,858.603847,858.759892,461.176571286,378.753597
4769,2.3845,2.38425,2.384750002,0.510593474,0.55912263,patch_4779,858.759892,858.915938,461.176571286,380.072541
4770,2.385,2.384750002,2.38525,0.502341031,0.550085837,patch_4780,858.915938,859.071983,461.176571286,381.383381
4771,2.3855,2.38525,2.385749999,0.494252052,0.541228044,patch_4781,859.071983,859.228028,461.176571286,382.668256
4772,2.386,2.385749999,2.38625,0.486380037,0.532607836,patch_4782,859.228028,859.384074,461.176571286,383.918668
4773,2.3865,2.38625,2.386749999,0.478778597,0.52428392,patch_4783,859.384074,859.540119,461.176571286,385.126101
4774,2.387,2.386749999,2.387250001,0.47150132,0.516314978,patch_4784,859.540119,859.696165,461.176571286,386.282043
4775,2.3875,2.387250001,2.387749999,0.464601782,0.508759676,patch_4785,859.696165,859.85221,461.176571286,387.377984
4776,2.388,2.387749999,2.388250001,0.458133546,0.501676669,patch_4786,859.85221,860.008256,461.176571286,388.405416
4777,2.3885,2.388250001,2.38875,0.452150197,0.495124635,patch_4787,860.008256,860.164301,461.176571286,389.355827
4778,2.389,2.38875,2.389250001,0.446692911,0.489148663,patch_4788,860.164301,860.320347,461.176571286,390.222677
4779,2.3895,2.389250001,2.38975,0.441759557,0.483746421,patch_4789,860.320347,860.476392,461.176571286,391.006304
4780,2.39,2.38975,2.390250002,0.43733829,0.478904935,patch_4790,860.476392,860.632438,461.176571286,391.70859
4781,2.3905,2.390250002,2.39075,0.433417322,0.474611301,patch_4791,860.632438,860.788483,461.176571286,392.331407
4782,2.391,2.39075,2.391249999,0.429984837,0.470852577,patch_4792,860.788483,860.944528,461.176571286,392.876632
4783,2.3915,2.391249999,2.39175,0.427028982,0.467615783,patch_4793,860.944528,861.100574,461.176571286,393.346148
4784,2.392,2.39175,2.392249999,0.424538014,0.464888062,patch_4794,861.100574,861.256619,461.176571286,393.74182
4785,2.3925,2.392249999,2.392750001,0.422500104,0.46265646,patch_4795,861.256619,861.412665,461.176571286,394.065527
4786,2.393,2.392750001,2.393249999,0.420889737,0.460893037,patch_4796,861.412665,861.56871,461.176571286,394.321322
4787,2.3935,2.393249999,2.393750001,0.419630825,0.459514471,patch_4797,861.56871,861.724756,461.176571286,394.521291
4788,2.394,2.393750001,2.39425,0.418635607,0.458424664,patch_4798,861.724756,861.880801,461.176571286,394.679374
4789,2.3945,2.39425,2.394750001,0.417816369,0.457527561,patch_4799,861.880801,862.036847,461.176571286,394.809504
4790,2.395,2.394750001,2.39525,0.41708535,0.456727063,patch_4800,862.036847,862.192892,461.176571286,394.925621
4791,2.3955,2.39525,2.395750002,0.416354835,0.455927116,patch_4801,862.192892,862.348938,461.176571286,395.041658
4792,2.396,2.395750002,2.39625,0.415537057,0.455031613,patch_4802,862.348938,862.504983,461.176571286,395.171556
4793,2.3965,2.39625,2.396749999,0.41454425,0.453944446,patch_4803,862.504983,862.661028,461.176571286,395.329256
4794,2.397,2.396749999,2.39725,0.413370278,0.452658893,patch_4804,862.661028,862.817074,461.176571286,395.515733
4795,2.3975,2.39725,2.397749999,0.412323474,0.451512597,patch_4805,862.817074,862.973119,461.176571286,395.68201
4796,2.398,2.397749999,2.398250001,0.411788102,0.45092634,patch_4806,862.973119,863.129165,461.176571286,395.76705
4797,2.3985,2.398250001,2.398749999,0.412148503,0.451320995,patch_4807,863.129165,863.28521,461.176571286,395.709803
4798,2.399,2.398749999,2.399250001,0.413788887,0.453117289,patch_4808,863.28521,863.441256,461.176571286,395.44924
4799,2.3995,2.399250001,2.39975,0.417093515,0.456736004,patch_4809,863.441256,863.597301,461.176571286,394.924324
4800,2.4,2.39975,2.400250001,0.422446699,0.462597979,patch_4810,863.597301,863.753347,461.176571286,394.07401
4801,2.4005,2.400250001,2.40075,0.430232705,0.471124003,patch_4811,863.753347,863.909392,461.176571286,392.83726
4802,2.401,2.40075,2.401250002,0.440754443,0.482645776,patch_4812,863.909392,864.065438,461.176571286,391.165959
4803,2.4015,2.401250002,2.40175,0.453986524,0.497135495,patch_4813,864.065438,864.221483,461.176571286,389.06414
4804,2.402,2.40175,2.402249999,0.469820796,0.514474729,patch_4814,864.221483,864.377528,461.176571286,386.548982
4805,2.4025,2.402249999,2.40275,0.488149108,0.534545048,patch_4815,864.377528,864.533574,461.176571286,383.637664
4806,2.403,2.40275,2.403249999,0.508863328,0.557228043,patch_4816,864.533574,864.689619,461.176571286,380.347362
4807,2.4035,2.403249999,2.403750001,0.531855223,0.582405194,patch_4817,864.689619,864.845665,461.176571286,376.695268
4808,2.404,2.403750001,2.404249999,0.557016667,0.609958098,patch_4818,864.845665,865.00171,461.176571286,372.698557
4809,2.4045,2.404249999,2.404750001,0.584239479,0.63976829,patch_4819,865.00171,865.157756,461.176571286,368.374413
4810,2.405,2.404750001,2.40525,0.613299013,0.671589777,patch_4820,865.157756,865.313801,461.176571286,363.758519
4811,2.4055,2.40525,2.405750001,0.643479229,0.704638459,patch_4821,865.313801,865.469847,461.176571286,358.964613
4812,2.406,2.405750001,2.40625,0.673934515,0.737988356,patch_4822,865.469847,865.625892,461.176571286,354.127014
4813,2.4065,2.40625,2.406750002,0.703818853,0.770713039,patch_4823,865.625892,865.781938,461.176571286,349.380106
4814,2.407,2.406750002,2.40725,0.732286512,0.801886396,patch_4824,865.781938,865.937983,461.176571286,344.858227
4815,2.4075,2.40725,2.407749999,0.758491933,0.830582501,patch_4825,865.937983,866.094028,461.176571286,340.695688
4816,2.408,2.407749999,2.40825,0.781589027,0.855874849,patch_4826,866.094028,866.250074,461.176571286,337.026884
4817,2.4085,2.40825,2.408749999,0.800732372,0.876837665,patch_4827,866.250074,866.406119,461.176571286,333.986104
4818,2.409,2.408749999,2.409250001,0.815235376,0.892719102,patch_4828,866.406119,866.562165,461.176571286,331.682408
4819,2.4095,2.409250001,2.409749999,0.825116336,0.903539194,patch_4829,866.562165,866.71821,461.176571286,330.11289
4820,2.41,2.409749999,2.410250001,0.830587863,0.90953076,patch_4830,866.71821,866.874256,461.176571286,329.243778
4821,2.4105,2.410250001,2.41075,0.831862628,0.910926684,patch_4831,866.874256,867.030301,461.176571286,329.041291
4822,2.411,2.41075,2.411250001,0.829153299,0.907959849,patch_4832,867.030301,867.186347,461.176571286,329.471648
4823,2.4115,2.411250001,2.41175,0.822672547,0.900863136,patch_4833,867.186347,867.342392,461.176571286,330.501068
4824,2.412,2.41175,2.412250002,0.812633034,0.889869422,patch_4834,867.342392,867.498438,461.176571286,332.095771
4825,2.4125,2.412250002,2.41275,0.79924738,0.875211533,patch_4835,867.498438,867.654483,461.176571286,334.221984
4826,2.413,2.41275,2.413249999,0.782790064,0.857190038,patch_4836,867.654483,867.810528,461.176571286,336.836108
4827,2.4135,2.413249999,2.41375,0.76382142,0.836418527,patch_4837,867.810528,867.966574,461.176571286,339.849138
4828,2.414,2.41375,2.414249999,0.742984469,0.813601136,patch_4838,867.966574,868.122619,461.176571286,343.158935
4829,2.4145,2.414249999,2.414750001,0.72092199,0.789441738,patch_4839,868.122619,868.278665,461.176571286,346.663398
4830,2.415,2.414750001,2.415249999,0.698276879,0.76464433,patch_4840,868.278665,868.43471,461.176571286,350.260408
4831,2.4155,2.415249999,2.415750001,0.675692021,0.739912904,patch_4841,868.43471,868.590756,461.176571286,353.847847
4832,2.416,2.415750001,2.41625,0.653810319,0.715951464,patch_4842,868.590756,868.746801,461.176571286,357.323595
4833,2.4165,2.41625,2.416750001,0.633274735,0.693464083,patch_4843,868.746801,868.902847,461.176571286,360.585522
4834,2.417,2.416750001,2.41725,0.614656444,0.673076224,patch_4844,868.902847,869.058892,461.176571286,363.542901
4835,2.4175,2.41725,2.417750002,0.598181066,0.655034951,patch_4845,869.058892,869.214938,461.176571286,366.159894
4836,2.418,2.417750002,2.41825,0.583969469,0.639472618,patch_4846,869.214938,869.370983,461.176571286,368.417302
4837,2.4185,2.41825,2.418749999,0.572142597,0.626521665,patch_4847,869.370983,869.527028,461.176571286,370.295914
4838,2.419,2.418749999,2.41925,0.562821569,0.616314723,patch_4848,869.527028,869.683074,461.176571286,371.776491
4839,2.4195,2.41925,2.419749999,0.55612707,0.608983949,patch_4849,869.683074,869.839119,461.176571286,372.839863
4840,2.42,2.419749999,2.420250001,0.552180347,0.604662111,patch_4850,869.839119,869.995165,461.176571286,373.466771
4841,2.4205,2.420250001,2.420749999,0.551102218,0.603481511,patch_4851,869.995165,870.15121,461.176571286,373.638024
4842,2.421,2.420749999,2.421250001,0.552932318,0.605485553,patch_4852,870.15121,870.307256,461.176571286,373.347326
4843,2.4215,2.421250001,2.42175,0.55729884,0.610267089,patch_4853,870.307256,870.463301,461.176571286,372.653736
4844,2.422,2.42175,2.422250001,0.56369996,0.617276601,patch_4854,870.463301,870.619347,461.176571286,371.636965
4845,2.4225,2.422250001,2.42275,0.571633817,0.625964528,patch_4855,870.619347,870.775392,461.176571286,370.37673
4846,2.423,2.42275,2.423250002,0.58059865,0.63578142,patch_4856,870.775392,870.931438,461.176571286,368.952732
4847,2.4235,2.423250002,2.42375,0.59009266,0.646177785,patch_4857,870.931438,871.087483,461.176571286,367.444678
4848,2.424,2.42375,2.424249999,0.599613962,0.656604036,patch_4858,871.087483,871.243528,461.176571286,365.932289
4849,2.4245,2.424249999,2.42475,0.608660757,0.666510679,patch_4859,871.243528,871.399574,461.176571286,364.495272
4850,2.425,2.42475,2.425249999,0.616778431,0.675399894,patch_4860,871.399574,871.555619,461.176571286,363.205839
4851,2.4255,2.425249999,2.425750001,0.623762366,0.683047615,patch_4861,871.555619,871.711665,461.176571286,362.096492
4852,2.426,2.425750001,2.426249999,0.629490613,0.689320301,patch_4862,871.711665,871.86771,461.176571286,361.186602
4853,2.4265,2.426249999,2.426750001,0.633840974,0.694084141,patch_4863,871.86771,872.023756,461.176571286,360.495579
4854,2.427,2.426750001,2.42725,0.636691569,0.697205669,patch_4864,872.023756,872.179801,461.176571286,360.042783
4855,2.4275,2.42725,2.427750001,0.6379202,0.698551074,patch_4865,872.179801,872.335847,461.176571286,359.847624
4856,2.428,2.427750001,2.42825,0.637405036,0.697986947,patch_4866,872.335847,872.491892,461.176571286,359.929454
4857,2.4285,2.42825,2.428750002,0.635023887,0.695379483,patch_4867,872.491892,872.647938,461.176571286,360.307682
4858,2.429,2.428750002,2.42925,0.630707975,0.690653367,patch_4868,872.647938,872.803983,461.176571286,360.993233
4859,2.4295,2.42925,2.429749999,0.624682724,0.684055448,patch_4869,872.803983,872.960028,461.176571286,361.9503
4860,2.43,2.429749999,2.43025,0.617275356,0.67594405,patch_4870,872.960028,873.116074,461.176571286,363.126906
4861,2.4305,2.43025,2.430749999,0.608813222,0.666677636,patch_4871,873.116074,873.272119,461.176571286,364.471054
4862,2.431,2.430749999,2.431250001,0.599623443,0.656614418,patch_4872,873.272119,873.428165,461.176571286,365.930783
4863,2.4315,2.431250001,2.431749999,0.59003335,0.646112838,patch_4873,873.428165,873.58421,461.176571286,367.454099
4864,2.432,2.431749999,2.432250001,0.580370065,0.63553111,patch_4874,873.58421,873.740256,461.176571286,368.989041
4865,2.4325,2.432250001,2.43275,0.57096088,0.625227633,patch_4875,873.740256,873.896301,461.176571286,370.483621
4866,2.433,2.43275,2.433250001,0.562107264,0.615532528,patch_4876,873.896301,874.052347,461.176571286,371.889953
4867,2.4335,2.433250001,2.43375,0.553960562,0.606611526,patch_4877,874.052347,874.208392,461.176571286,373.183997
4868,2.434,2.43375,2.434250002,0.546618284,0.598571404,patch_4878,874.208392,874.364438,461.176571286,374.350264
4869,2.4345,2.434250002,2.43475,0.540177703,0.591518681,patch_4879,874.364438,874.520483,461.176571286,375.373303
4870,2.435,2.43475,2.435249999,0.534736092,0.585559874,patch_4880,874.520483,874.676528,461.176571286,376.237663
4871,2.4355,2.435249999,2.43575,0.530391038,0.580801846,patch_4881,874.676528,874.832574,461.176571286,376.927843
4872,2.436,2.43575,2.436249999,0.527239618,0.5773509,patch_4882,874.832574,874.988619,461.176571286,377.428423
4873,2.4365,2.436249999,2.436750001,0.525379299,0.575313768,patch_4883,874.988619,875.144665,461.176571286,377.723921
4874,2.437,2.436750001,2.437249999,0.524885949,0.574773528,patch_4884,875.144665,875.30071,461.176571286,377.802286
4875,2.4375,2.437249999,2.437750001,0.525704445,0.575669817,patch_4885,875.30071,875.456756,461.176571286,377.672274
4876,2.438,2.437750001,2.43825,0.527730462,0.577888397,patch_4886,875.456756,875.612801,461.176571286,377.350456
4877,2.4385,2.43825,2.438750001,0.530859829,0.581315193,patch_4887,875.612801,875.768847,461.176571286,376.853379
4878,2.439,2.438750001,2.43925,0.534988046,0.585835775,patch_4888,875.768847,875.924892,461.176571286,376.197642
4879,2.4395,2.43925,2.439750002,0.540010689,0.591335793,patch_4889,875.924892,876.080938,461.176571286,375.399832
4880,2.44,2.439750002,2.44025,0.545823573,0.59770116,patch_4890,876.080938,876.236983,461.176571286,374.476498
4881,2.4405,2.44025,2.440749999,0.552322268,0.60481752,patch_4891,876.236983,876.393028,461.176571286,373.444228
4882,2.441,2.440749999,2.44125,0.559360565,0.61252477,patch_4892,876.393028,876.549074,461.176571286,372.326246
4883,2.4415,2.44125,2.441749999,0.566526474,0.62037176,patch_4893,876.549074,876.705119,461.176571286,371.187994
4884,2.442,2.441749999,2.442250001,0.573303343,0.627792734,patch_4894,876.705119,876.861165,461.176571286,370.111538
4885,2.4425,2.442250001,2.442749999,0.579174341,0.634221739,patch_4895,876.861165,877.01721,461.176571286,369.178973
4886,2.443,2.442749999,2.443250001,0.583622636,0.63909282,patch_4896,877.01721,877.173256,461.176571286,368.472394
4887,2.4435,2.443250001,2.44375,0.586131275,0.641839892,patch_4897,877.173256,877.329301,461.176571286,368.073915
4888,2.444,2.44375,2.444250001,0.586183547,0.641897132,patch_4898,877.329301,877.485347,461.176571286,368.065612
4889,2.4445,2.444250001,2.44475,0.583262443,0.638698392,patch_4899,877.485347,877.641392,461.176571286,368.529608
4890,2.445,2.44475,2.445250002,0.576959369,0.631796246,patch_4900,877.641392,877.797438,461.176571286,369.530805
4891,2.4455,2.445250002,2.44575,0.567587555,0.621533691,patch_4901,877.797438,877.953483,461.176571286,371.019449
4892,2.446,2.44575,2.446249999,0.555756565,0.60857823,patch_4902,877.953483,878.109528,461.176571286,372.898715
4893,2.4465,2.446249999,2.44675,0.542076708,0.593598176,patch_4903,878.109528,878.265574,461.176571286,375.07166
4894,2.447,2.44675,2.447249999,0.527158261,0.577261811,patch_4904,878.265574,878.421619,461.176571286,377.441346
4895,2.4475,2.447249999,2.447750001,0.511611582,0.560237504,patch_4905,878.421619,878.577665,461.176571286,379.910822
4896,2.448,2.447750001,2.448249999,0.49604708,0.54319368,patch_4906,878.577665,878.73371,461.176571286,382.383129
4897,2.4485,2.448249999,2.448750001,0.4810749,0.526798475,patch_4907,878.73371,878.889756,461.176571286,384.76135
4898,2.449,2.448750001,2.44925,0.46722665,0.511634024,patch_4908,878.889756,879.045801,461.176571286,386.961043
4899,2.4495,2.44925,2.449750001,0.454480346,0.497676252,patch_4909,879.045801,879.201847,461.176571286,388.9857
4900,2.45,2.449750001,2.45025,0.442577568,0.484642179,patch_4910,879.201847,879.357892,461.176571286,390.876369
4901,2.4505,2.45025,2.450750002,0.431258947,0.472247784,patch_4911,879.357892,879.513938,461.176571286,392.674249
4902,2.451,2.450750002,2.45125,0.420265169,0.460209107,patch_4912,879.513938,879.669983,461.176571286,394.42053
4903,2.4515,2.45125,2.451749999,0.409336834,0.448242092,patch_4913,879.669983,879.826028,461.176571286,396.156416
4904,2.452,2.451749999,2.45225,0.398214608,0.436062759,patch_4914,879.826028,879.982074,461.176571286,397.9231
4905,2.4525,2.45225,2.452749999,0.386639179,0.423387148,patch_4915,879.982074,880.138119,461.176571286,399.761772
4906,2.453,2.452749999,2.453250001,0.374370933,0.409952871,patch_4916,880.138119,880.294165,461.176571286,401.710493
4907,2.4535,2.453250001,2.453749999,0.361316235,0.395657395,patch_4917,880.294165,880.45021,461.176571286,403.784136
4908,2.454,2.453749999,2.454250001,0.347446442,0.380469353,patch_4918,880.45021,880.606256,461.176571286,405.987251
4909,2.4545,2.454250001,2.45475,0.332733185,0.36435768,patch_4919,880.606256,880.762301,461.176571286,408.324344
4910,2.455,2.45475,2.455250001,0.317148116,0.347291334,patch_4920,880.762301,880.918347,461.176571286,410.799918
4911,2.4555,2.455250001,2.45575,0.300662904,0.329239292,patch_4921,880.918347,881.074392,461.176571286,413.418473
4912,2.456,2.45575,2.456250002,0.283249227,0.310170538,patch_4922,881.074392,881.230438,461.176571286,416.184508
4913,2.4565,2.456250002,2.45675,0.264878722,0.290054016,patch_4923,881.230438,881.386483,461.176571286,419.102528
4914,2.457,2.45675,2.457249999,0.24554716,0.268885093,patch_4924,881.386483,881.542528,461.176571286,422.173205
4915,2.4575,2.457249999,2.45775,0.225436241,0.24686274,patch_4925,881.542528,881.698574,461.176571286,425.367677
4916,2.458,2.45775,2.458249999,0.20481415,0.22428063,patch_4926,881.698574,881.854619,461.176571286,428.643345
4917,2.4585,2.458249999,2.458750001,0.183949681,0.201433106,patch_4927,881.854619,882.010665,461.176571286,431.957513
4918,2.459,2.458750001,2.459249999,0.163111445,0.178614308,patch_4928,882.010665,882.16671,461.176571286,435.267514
4919,2.4595,2.459249999,2.459750001,0.142568243,0.156118586,patch_4929,882.16671,882.322756,461.176571286,438.530651
4920,2.46,2.459750001,2.46025,0.122588725,0.134240122,patch_4930,882.322756,882.478801,461.176571286,441.704251
4921,2.4605,2.46025,2.460750001,0.103441628,0.113273197,patch_4931,882.478801,882.634847,461.176571286,444.745627
4922,2.461,2.460750001,2.46125,0.08538471,0.093500066,patch_4932,882.634847,882.790892,461.176571286,447.613836
4923,2.4615,2.46125,2.461750002,0.068586995,0.075105818,patch_4933,882.790892,882.946938,461.176571286,450.28203
4924,2.462,2.461750002,2.46225,0.053174448,0.058228393,patch_4934,882.946938,883.102983,461.176571286,452.7302
4925,2.4625,2.46225,2.462749999,0.039272768,0.043005433,patch_4935,883.102983,883.259028,461.176571286,454.93838
4926,2.463,2.462749999,2.46325,0.027007625,0.029574554,patch_4936,883.259028,883.415074,461.176571286,456.886608
4927,2.4635,2.46325,2.463749999,0.016504711,0.018073394,patch_4937,883.415074,883.571119,461.176571286,458.554919
4928,2.464,2.463749999,2.464250001,0.007889702,0.008639575,patch_4938,883.571119,883.727165,461.176571286,459.92335
4929,2.4645,2.464250001,2.464749999,0.001288295,0.001410741,patch_4939,883.727165,883.88321,461.176571286,460.971935
4930,2.465,2.464749999,2.465250001,-0.003207619,-0.003512486,patch_4940,883.88321,884.039256,461.176571286,461.686078
4931,2.4655,2.465250001,2.46575,-0.005793933,-0.006344615,patch_4941,884.039256,884.195301,461.176571286,462.096895
4932,2.466,2.46575,2.466250001,-0.006812072,-0.007459523,patch_4942,884.195301,884.351347,461.176571286,462.258619
4933,2.4665,2.466250001,2.46675,-0.006604609,-0.007232341,patch_4943,884.351347,884.507392,461.176571286,462.225665
4934,2.467,2.46675,2.467250002,-0.005514102,-0.006038188,patch_4944,884.507392,884.663438,461.176571286,462.052446
4935,2.4675,2.467249998,2.46775,-0.003883111,-0.00425218,patch_4945,884.663437,884.819483,461.176571286,461.793375
4936,2.468,2.46775,2.468249999,-0.002054201,-0.002249441,patch_4946,884.819483,884.975528,461.176571286,461.502866
4937,2.4685,2.468249999,2.46875,-0.00036993,-0.00040509,patch_4947,884.975528,885.131574,461.176571286,461.235332
4938,2.469,2.46875,2.469249999,0.000856422,0.00093782,patch_4948,885.131574,885.287619,461.176571286,461.040535
4939,2.4695,2.469249999,2.469750001,0.00157383,0.001723414,patch_4949,885.287619,885.443665,461.176571286,460.92658
4940,2.47,2.469750001,2.470249999,0.001869512,0.002047199,patch_4950,885.443665,885.59971,461.176571286,460.879613
4941,2.4705,2.470249999,2.470750001,0.001831915,0.002006029,patch_4951,885.59971,885.755756,461.176571286,460.885585
4942,2.471,2.470750001,2.47125,0.001549491,0.001696762,patch_4952,885.755756,885.911801,461.176571286,460.930446
4943,2.4715,2.47125,2.471750001,0.001110692,0.001216257,patch_4953,885.911801,886.067847,461.176571286,461.000146
4944,2.472,2.471750001,2.47225,0.000603958,0.000661361,patch_4954,886.067847,886.223892,461.176571286,461.080637
4945,2.4725,2.47225,2.472750002,0.000117747,0.000128938,patch_4955,886.223892,886.379938,461.176571286,461.157868
4946,2.473,2.472750002,2.47325,-0.000265859,-0.000291127,patch_4956,886.379938,886.535983,461.176571286,461.218801
4947,2.4735,2.47325,2.473749999,-0.000524801,-0.00057468,patch_4957,886.535983,886.692028,461.176571286,461.259932
4948,2.474,2.473749999,2.47425,-0.000669982,-0.00073366,patch_4958,886.692028,886.848074,461.176571286,461.282993
4949,2.4745,2.47425,2.474749999,-0.000712634,-0.000780366,patch_4959,886.848074,887.004119,461.176571286,461.289768
4950,2.475,2.474749999,2.475250001,-0.000663995,-0.000727104,patch_4960,887.004119,887.160165,461.176571286,461.282042
4951,2.4755,2.475250001,2.475749999,-0.000535301,-0.000586179,patch_4961,887.160165,887.31621,461.176571286,461.2616
4952,2.476,2.475749999,2.476250001,-0.000337798,-0.000369904,patch_4962,887.31621,887.472256,461.176571286,461.230228
4953,2.4765,2.476250001,2.47675,-0.000082722,-0.000090584,patch_4963,887.472256,887.628301,461.176571286,461.189711
4954,2.477,2.47675,2.477250001,0.000216763,0.000237366,patch_4964,887.628301,887.784347,461.176571286,461.14214
4955,2.4775,2.477250001,2.47775,0.00052826,0.000578469,patch_4965,887.784347,887.940392,461.176571286,461.092661
4956,2.478,2.47775,2.478250002,0.000808412,0.000885247,patch_4966,887.940392,888.096438,461.176571286,461.048161
4957,2.4785,2.478250002,2.47875,0.001013716,0.001110064,patch_4967,888.096438,888.252483,461.176571286,461.01555
4958,2.479,2.47875,2.479249999,0.001100676,0.001205289,patch_4968,888.252483,888.408528,461.176571286,461.001737
4959,2.4795,2.479249999,2.47975,0.00102579,0.001123286,patch_4969,888.408528,888.564574,461.176571286,461.013632
4960,2.48,2.47975,2.480249999,0.000745557,0.000816418,patch_4970,888.564574,888.720619,461.176571286,461.058145
4961,2.4805,2.480249999,2.480750001,0.000216486,0.000237062,patch_4971,888.720619,888.876665,461.176571286,461.142184
4962,2.481,2.480750001,2.481249999,-0.000592056,-0.000648327,patch_4972,888.876665,889.03271,461.176571286,461.270615
4963,2.4815,2.481249999,2.481750001,-0.00157608,-0.001725878,patch_4973,889.03271,889.188756,461.176571286,461.42692
4964,2.482,2.481750001,2.48225,-0.002551429,-0.002793928,patch_4974,889.188756,889.344801,461.176571286,461.581847
4965,2.4825,2.48225,2.482750001,-0.003332862,-0.003649633,patch_4975,889.344801,889.500847,461.176571286,461.705972
4966,2.483,2.482750001,2.48325,-0.003735153,-0.004090159,patch_4976,889.500847,889.656892,461.176571286,461.769873
4967,2.4835,2.48325,2.483750002,-0.003573068,-0.003912669,patch_4977,889.656892,889.812938,461.176571286,461.744127
4968,2.484,2.483750002,2.48425,-0.002661374,-0.002914323,patch_4978,889.812938,889.968983,461.176571286,461.599311
4969,2.4845,2.48425,2.484749999,-0.000814842,-0.000892289,patch_4979,889.968983,890.125028,461.176571286,461.306003
4970,2.485,2.484749999,2.48525,0.002133358,0.002336122,patch_4980,890.125028,890.281074,461.176571286,460.837703
4971,2.4855,2.48525,2.485749999,0.00614716,0.006731414,patch_4981,890.281074,890.437119,461.176571286,460.20014
4972,2.486,2.485749999,2.486250001,0.011064636,0.01211627,patch_4982,890.437119,890.593165,461.176571286,459.419035
4973,2.4865,2.486250001,2.486749999,0.016721976,0.01831131,patch_4983,890.593165,890.74921,461.176571286,458.520408
4974,2.487,2.486749999,2.487250001,0.022955377,0.025137161,patch_4984,890.74921,890.905256,461.176571286,457.530278
4975,2.4875,2.487250001,2.48775,0.029601022,0.032414439,patch_4985,890.905256,891.061301,461.176571286,456.474666
4976,2.488,2.48775,2.488250001,0.036495114,0.039963778,patch_4986,891.061301,891.217347,461.176571286,455.37959
4977,2.4885,2.488250001,2.48875,0.043473843,0.047605797,patch_4987,891.217347,891.373392,461.176571286,454.27107
4978,2.489,2.48875,2.489250002,0.050383787,0.055172495,patch_4988,891.373392,891.529438,461.176571286,453.173476
4979,2.4895,2.489250002,2.48975,0.057192537,0.06262838,patch_4989,891.529438,891.685483,461.176571286,452.091956
4980,2.49,2.48975,2.490249999,0.063945792,0.070023495,patch_4990,891.685483,891.841528,461.176571286,451.019251
4981,2.4905,2.490249999,2.49075,0.070690585,0.077409344,patch_4991,891.841528,891.997574,461.176571286,449.94789
4982,2.491,2.49075,2.491249999,0.077473914,0.084837392,patch_4992,891.997574,892.153619,461.176571286,448.870408
4983,2.4915,2.491249999,2.491750001,0.084342805,0.092359134,patch_4993,892.153619,892.309665,461.176571286,447.779335
4984,2.492,2.491750001,2.492249999,0.091344274,0.100026054,patch_4994,892.309665,892.46571,461.176571286,446.667203
4985,2.4925,2.492249999,2.492750001,0.098525317,0.107889617,patch_4995,892.46571,892.621756,461.176571286,445.526547
4986,2.493,2.492750001,2.49325,0.105918557,0.115985544,patch_4996,892.621756,892.777801,461.176571286,444.352185
4987,2.4935,2.49325,2.493750001,0.113379329,0.124155423,patch_4997,892.777801,892.933847,461.176571286,443.167096
4988,2.494,2.493750001,2.49425,0.120643838,0.132110384,patch_4998,892.933847,893.089892,461.176571286,442.013182
4989,2.4945,2.49425,2.494750002,0.127446085,0.139559148,patch_4999,893.089892,893.245938,461.176571286,440.932695
4990,2.495,2.494750002,2.49525,0.133520038,0.146210398,patch_5000,893.245938,893.401983,461.176571286,439.967892
4991,2.4955,2.49525,2.495749999,0.138599706,0.151772861,patch_5001,893.401983,893.558028,461.176571286,439.161024
4992,2.496,2.495749999,2.49625,0.142419102,0.155955269,patch_5002,893.558028,893.714074,461.176571286,438.554341
4993,2.4965,2.49625,2.496749999,0.144712163,0.158466274,patch_5003,893.714074,893.870119,461.176571286,438.190105
4994,2.497,2.496749999,2.497250001,0.145238445,0.159042576,patch_5004,893.870119,894.026165,461.176571286,438.106509
4995,2.4975,2.497250001,2.497749999,0.144089264,0.157784171,patch_5005,894.026165,894.18221,461.176571286,438.289048
4996,2.498,2.497749999,2.498250001,0.141588103,0.155045289,patch_5006,894.18221,894.338256,461.176571286,438.686339
4997,2.4985,2.498250001,2.49875,0.138063175,0.151185335,patch_5007,894.338256,894.494301,461.176571286,439.246248
4998,2.499,2.49875,2.499250001,0.133842766,0.1465638,patch_5008,894.494301,894.650347,461.176571286,439.916629
4999,2.4995,2.499250001,2.49975,0.129255038,0.141540033,patch_5009,894.650347,894.806392,461.176571286,440.645356
5000,2.5,2.49975,2.500250002,0.124628259,0.136473503,patch_5010,894.806392,894.962438,461.176571286,441.380286
5001,2.5005,2.500250002,2.50075,0.120290658,0.131723637,patch_5011,894.962438,895.118483,461.176571286,442.069282
5002,2.501,2.50075,2.501249999,0.116554024,0.127631855,patch_5012,895.118483,895.274528,461.176571286,442.662819
5003,2.5015,2.501249999,2.50175,0.113503521,0.124291419,patch_5013,895.274528,895.430574,461.176571286,443.147369
5004,2.502,2.50175,2.502249999,0.111059392,0.121614988,patch_5014,895.430574,895.586619,461.176571286,443.535601
5005,2.5025,2.502249999,2.502750001,0.109138114,0.119511103,patch_5015,895.586619,895.742665,461.176571286,443.840782
5006,2.503,2.502750001,2.503249999,0.107656194,0.117888335,patch_5016,895.742665,895.89871,461.176571286,444.076174
5007,2.5035,2.503249999,2.503750001,0.106530149,0.116655266,patch_5017,895.89871,896.054756,461.176571286,444.255038
5008,2.504,2.503750001,2.50425,0.105676474,0.115720453,patch_5018,896.054756,896.210801,461.176571286,444.390638
5009,2.5045,2.50425,2.504750001,0.105011647,0.114992438,patch_5019,896.210801,896.366847,461.176571286,444.496241
5010,2.505,2.504750001,2.50525,0.104447013,0.114374138,patch_5020,896.366847,896.522892,461.176571286,444.585929
5011,2.5055,2.50525,2.505750002,0.103818221,0.113685583,patch_5021,896.522892,896.678938,461.176571286,444.685808
5012,2.506,2.505750002,2.50625,0.102903618,0.112684051,patch_5022,896.678938,896.834983,461.176571286,444.831086
5013,2.5065,2.50625,2.506749999,0.10148014,0.11112528,patch_5023,896.834983,896.991028,461.176571286,445.057195
5014,2.507,2.506749999,2.50725,0.099324718,0.108764996,patch_5024,896.991028,897.147074,461.176571286,445.399568
5015,2.5075,2.50725,2.507749999,0.096214288,0.105358937,patch_5025,897.147074,897.303119,461.176571286,445.893637
5016,2.508,2.507749999,2.508250001,0.091925786,0.100662837,patch_5026,897.303119,897.459165,461.176571286,446.574834
5017,2.5085,2.508250001,2.508749999,0.086236119,0.094432397,patch_5027,897.459165,897.61521,461.176571286,447.478596
5018,2.509,2.508749999,2.509250001,0.078945716,0.086449081,patch_5028,897.61521,897.771256,461.176571286,448.636623
5019,2.5095,2.509250001,2.50975,0.07021859,0.076892488,patch_5029,897.771256,897.927301,461.176571286,450.022863
5020,2.51,2.50975,2.510250001,0.060505325,0.06625603,patch_5030,897.927301,898.083347,461.176571286,451.565744
5021,2.5105,2.510250001,2.51075,0.050264197,0.055041538,patch_5031,898.083347,898.239392,461.176571286,453.192472
5022,2.511,2.51075,2.511250002,0.039953523,0.04375089,patch_5032,898.239392,898.395438,461.176571286,454.830247
5023,2.5115,2.511250002,2.51175,0.030031605,0.032885947,patch_5033,898.395438,898.551483,461.176571286,456.406271
5024,2.512,2.51175,2.512249999,0.020956751,0.022948577,patch_5034,898.551483,898.707528,461.176571286,457.847745
5025,2.5125,2.512249999,2.51275,0.013187271,0.01444065,patch_5035,898.707528,898.863574,461.176571286,459.08187
5026,2.513,2.51275,2.513249999,0.007158015,0.007838346,patch_5036,898.863574,899.019619,461.176571286,460.039573
5027,2.5135,2.513249999,2.513750001,0.002917606,0.003194908,patch_5037,899.019619,899.175665,461.176571286,460.713131
5028,2.514,2.513750001,2.514249999,0.00019811,0.000216939,patch_5038,899.175665,899.33171,461.176571286,461.145103
5029,2.5145,2.514249999,2.514750001,-0.001277741,-0.001399183,patch_5039,899.33171,899.487756,461.176571286,461.379531
5030,2.515,2.514750001,2.51525,-0.001787207,-0.001957071,patch_5040,899.487756,899.643801,461.176571286,461.460456
5031,2.5155,2.51525,2.515750001,-0.001607557,-0.001760347,patch_5041,899.643801,899.799847,461.176571286,461.43192
5032,2.516,2.515750001,2.51625,-0.00101606,-0.001112631,patch_5042,899.799847,899.955892,461.176571286,461.337965
5033,2.5165,2.51625,2.516750002,-0.000289983,-0.000317545,patch_5043,899.955892,900.111938,461.176571286,461.222633
5034,2.517,2.516750002,2.51725,0.000302811,0.000331591,patch_5044,900.111938,900.267983,461.176571286,461.128472
5035,2.5175,2.51725,2.517749999,0.000659195,0.000721848,patch_5045,900.267983,900.424028,461.176571286,461.071863
5036,2.518,2.517749999,2.51825,0.000816508,0.000894113,patch_5046,900.424028,900.580074,461.176571286,461.046875
5037,2.5185,2.51825,2.518749999,0.000816583,0.000894195,patch_5047,900.580074,900.736119,461.176571286,461.046863
5038,2.519,2.518749999,2.519250001,0.000701237,0.000767885,patch_5048,900.736119,900.892165,461.176571286,461.065185
5039,2.5195,2.519250001,2.519749999,0.000512307,0.000561,patch_5049,900.892165,901.04821,461.176571286,461.095195
5040,2.52,2.519749999,2.520250001,0.000291611,0.000319327,patch_5050,901.04821,901.204256,461.176571286,461.130251
5041,2.5205,2.520250001,2.52075,0.000080994,0.000088692,patch_5051,901.204256,901.360301,461.176571286,461.163706
5042,2.521,2.52075,2.521250001,-0.000079177,-0.000086703,patch_5052,901.360301,901.516347,461.176571286,461.189148
5043,2.5215,2.521250001,2.52175,-0.000175423,-0.000192096,patch_5053,901.516347,901.672392,461.176571286,461.204436
5044,2.522,2.52175,2.522250002,-0.000218151,-0.000238885,patch_5054,901.672392,901.828438,461.176571286,461.211223
5045,2.5225,2.522250002,2.52275,-0.000218604,-0.000239382,patch_5055,901.828438,901.984483,461.176571286,461.211295
5046,2.523,2.52275,2.523249999,-0.000188014,-0.000205884,patch_5056,901.984483,902.140528,461.176571286,461.206436
5047,2.5235,2.523249999,2.52375,-0.000137612,-0.000150692,patch_5057,902.140528,902.296574,461.176571286,461.19843
5048,2.524,2.52375,2.524249999,-0.000078636,-0.00008611,patch_5058,902.296574,902.452619,461.176571286,461.189062
5049,2.5245,2.524249999,2.524750001,-0.00002231,-0.00002443,patch_5059,902.452619,902.608665,461.176571286,461.180115
5050,2.525,2.524750001,2.525249999,0.000020475,0.000022421,patch_5060,902.608665,902.76471,461.176571286,461.173319
5051,2.5255,2.525249999,2.525750001,0.000046003,0.000050376,patch_5061,902.76471,902.920756,461.176571286,461.169264
5052,2.526,2.525750001,2.52625,0.000057128,0.000062557,patch_5062,902.920756,903.076801,461.176571286,461.167497
5053,2.5265,2.52625,2.526750001,0.000056964,0.000062378,patch_5063,903.076801,903.232847,461.176571286,461.167523
5054,2.527,2.526750001,2.52725,0.00004861,0.00005323,patch_5064,903.232847,903.388892,461.176571286,461.16885
5055,2.5275,2.52725,2.527750002,0.000035188,0.000038532,patch_5065,903.388892,903.544938,461.176571286,461.170982
5056,2.528,2.527750002,2.52825,0.000019801,0.000021683,patch_5066,903.544938,903.700983,461.176571286,461.173426
5057,2.5285,2.52825,2.528749999,0.000005561,0.000006089,patch_5067,903.700983,903.857028,461.176571286,461.175688
5058,2.529,2.528749999,2.52925,-0.000004531,-0.000004962,patch_5068,903.857028,904.013074,461.176571286,461.177291
5059,2.5295,2.52925,2.529749999,-0.000009567,-0.000010477,patch_5069,904.013074,904.169119,461.176571286,461.178091
5060,2.53,2.529749999,2.530250001,-0.000010663,-0.000011676,patch_5070,904.169119,904.325165,461.176571286,461.178265
5061,2.5305,2.530250001,2.530749999,-0.000009026,-0.000009884,patch_5071,904.325165,904.48121,461.176571286,461.178005
5062,2.531,2.530749999,2.531250001,-0.000005853,-0.000006409,patch_5072,904.48121,904.637256,461.176571286,461.177501
5063,2.5315,2.531250001,2.53175,-0.000002346,-0.000002569,patch_5073,904.637256,904.793301,461.176571286,461.176944
5064,2.532,2.53175,2.532250001,0.000000291,0.000000319,patch_5074,904.793301,904.949347,461.176571286,461.176525
5065,2.5325,2.532250001,2.53275,0.000000864,0.000000946,patch_5075,904.949347,905.105392,461.176571286,461.176434
5066,2.533,2.53275,2.533250002,-0.000001774,-0.000001942,patch_5076,905.105392,905.261438,461.176571286,461.176853
5067,2.5335,2.533250002,2.53375,-0.00000737,-0.000008071,patch_5077,905.261438,905.417483,461.176571286,461.177742
5068,2.534,2.53375,2.534249999,-0.000014289,-0.000015647,patch_5078,905.417483,905.573528,461.176571286,461.178841
5069,2.5345,2.534249999,2.53475,-0.000020836,-0.000022817,patch_5079,905.573528,905.729574,461.176571286,461.179881
5070,2.535,2.53475,2.535249999,-0.000025325,-0.000027732,patch_5080,905.729574,905.885619,461.176571286,461.180594
5071,2.5355,2.535249999,2.535750001,-0.000026049,-0.000028525,patch_5081,905.885619,906.041665,461.176571286,461.180709
5072,2.536,2.535750001,2.536249999,-0.000021321,-0.000023348,patch_5082,906.041665,906.19771,461.176571286,461.179958
5073,2.5365,2.536249999,2.536750001,-0.000009442,-0.000010339,patch_5083,906.19771,906.353756,461.176571286,461.178071
5074,2.537,2.536750001,2.53725,0.000011145,0.000012204,patch_5084,906.353756,906.509801,461.176571286,461.174801
5075,2.5375,2.53725,2.537750001,0.000038562,0.000042227,patch_5085,906.509801,906.665847,461.176571286,461.170446
5076,2.538,2.537750001,2.53825,0.000067414,0.000073822,patch_5086,906.665847,906.821892,461.176571286,461.165863
5077,2.5385,2.53825,2.538750002,0.000092112,0.000100867,patch_5087,906.821892,906.977938,461.176571286,461.16194
5078,2.539,2.538750002,2.53925,0.000107076,0.000117253,patch_5088,906.977938,907.133983,461.176571286,461.159563
5079,2.5395,2.53925,2.539749999,0.000106743,0.000116888,patch_5089,907.133983,907.290028,461.176571286,461.159616
5080,2.54,2.539749999,2.54025,0.00008552,0.000093649,patch_5090,907.290028,907.446074,461.176571286,461.162987
5081,2.5405,2.54025,2.540749999,0.000037832,0.000041427,patch_5091,907.446074,907.602119,461.176571286,461.170562
5082,2.541,2.540749999,2.541250001,-0.000041435,-0.000045374,patch_5092,907.602119,907.758165,461.176571286,461.183153
5083,2.5415,2.541250001,2.541749999,-0.000145337,-0.00015915,patch_5093,907.758165,907.91421,461.176571286,461.199657
5084,2.542,2.541749999,2.542250001,-0.00025391,-0.000278043,patch_5094,907.91421,908.070256,461.176571286,461.216903
5085,2.5425,2.542250001,2.54275,-0.00034653,-0.000379466,patch_5095,908.070256,908.226301,461.176571286,461.231615
5086,2.543,2.54275,2.543250001,-0.000402579,-0.000440842,patch_5096,908.226301,908.382347,461.176571286,461.240518
5087,2.5435,2.543250001,2.54375,-0.000401452,-0.000439608,patch_5097,908.382347,908.538392,461.176571286,461.240339
5088,2.544,2.54375,2.544250002,-0.000322519,-0.000353172,patch_5098,908.538392,908.694438,461.176571286,461.227801
5089,2.5445,2.544250002,2.54475,-0.000145173,-0.000158971,patch_5099,908.694438,908.850483,461.176571286,461.199631
5090,2.545,2.54475,2.545249999,0.000149659,0.000163884,patch_5100,908.850483,909.006528,461.176571286,461.152799
5091,2.5455,2.545249999,2.54575,0.000537074,0.00058812,patch_5101,909.006528,909.162574,461.176571286,461.091261
5092,2.546,2.54575,2.546249999,0.000942796,0.001032404,patch_5102,909.162574,909.318619,461.176571286,461.026815
5093,2.5465,2.546249999,2.546750001,0.001289939,0.00141254,patch_5103,909.318619,909.474665,461.176571286,460.971674
5094,2.547,2.546750001,2.547249999,0.001501613,0.001644334,patch_5104,909.474665,909.63071,461.176571286,460.938051
5095,2.5475,2.547249999,2.547750001,0.001500934,0.001643589,patch_5105,909.63071,909.786756,461.176571286,460.938159
5096,2.548,2.547750001,2.54825,0.001211018,0.001326118,patch_5106,909.786756,909.942801,461.176571286,460.98421
5097,2.5485,2.54825,2.548750001,0.000554972,0.000607719,patch_5107,909.942801,910.098847,461.176571286,461.088418
5098,2.549,2.548750001,2.54925,-0.000538884,-0.000590102,patch_5108,910.098847,910.254892,461.176571286,461.262169
5099,2.5495,2.54925,2.549750002,-0.001981651,-0.002169996,patch_5109,910.254892,910.410938,461.176571286,461.491342
5100,2.55,2.549750002,2.55025,-0.00349698,-0.00382935,patch_5110,910.410938,910.566983,461.176571286,461.732041
5101,2.5505,2.55025,2.550749999,-0.004797947,-0.005253966,patch_5111,910.566983,910.723028,461.176571286,461.93869
5102,2.551,2.550749999,2.55125,-0.005597619,-0.006129642,patch_5112,910.723028,910.879074,461.176571286,462.065712
5103,2.5515,2.55125,2.551749999,-0.005609064,-0.006142175,patch_5113,910.879074,911.035119,461.176571286,462.06753
5104,2.552,2.551749999,2.552250001,-0.004545351,-0.004977362,patch_5114,911.035119,911.191165,461.176571286,461.898567
5105,2.5525,2.552250001,2.552749999,-0.002119555,-0.002321007,patch_5115,911.191165,911.34721,461.176571286,461.513247
5106,2.553,2.552749999,2.553250001,0.001948924,0.002134159,patch_5116,911.34721,911.503256,461.176571286,460.866999
5107,2.5535,2.553250001,2.55375,0.00772773,0.008462209,patch_5117,911.503256,911.659301,461.176571286,459.949078
5108,2.554,2.55375,2.554250001,0.01502609,0.016454239,patch_5118,911.659301,911.815347,461.176571286,458.789787
5109,2.5545,2.554250001,2.55475,0.023637674,0.025884308,patch_5119,911.815347,911.971392,461.176571286,457.4219
5110,2.555,2.55475,2.555250002,0.033356152,0.036526475,patch_5120,911.971392,912.127438,461.176571286,455.878191
5111,2.5555,2.555250002,2.55575,0.043975176,0.048154779,patch_5121,912.127438,912.283483,461.176571286,454.191437
5112,2.556,2.55575,2.556249999,0.055288414,0.06054328,patch_5122,912.283483,912.439528,461.176571286,452.394412
5113,2.5565,2.556249999,2.55675,0.067089525,0.073466023,patch_5123,912.439528,912.595574,461.176571286,450.519892
5114,2.557,2.55675,2.557249999,0.079169201,0.086693807,patch_5124,912.595574,912.751619,461.176571286,448.601124
5115,2.5575,2.557249999,2.557750001,0.091209367,0.099878325,patch_5125,912.751619,912.907665,461.176571286,446.688632
5116,2.558,2.557750001,2.558249999,0.102754583,0.112520852,patch_5126,912.907665,913.06371,461.176571286,444.854759
5117,2.5585,2.558249999,2.558750001,0.113340656,0.124113074,patch_5127,913.06371,913.219756,461.176571286,443.173239
5118,2.559,2.558750001,2.55925,0.122503364,0.134146648,patch_5128,913.219756,913.375801,461.176571286,441.71781
5119,2.5595,2.55925,2.559750001,0.129778506,0.142113253,patch_5129,913.375801,913.531847,461.176571286,440.562207
5120,2.56,2.559750001,2.56025,0.134701874,0.147504561,patch_5130,913.531847,913.687892,461.176571286,439.780166
5121,2.5605,2.56025,2.560750002,0.136809262,0.149812244,patch_5131,913.687892,913.843938,461.176571286,439.445423
5122,2.561,2.560750002,2.56125,0.135647162,0.148539693,patch_5132,913.843938,913.999983,461.176571286,439.630014
5123,2.5615,2.56125,2.561749999,0.131188738,0.14365752,patch_5133,913.999983,914.156028,461.176571286,440.338202
5124,2.562,2.561749999,2.56225,0.123967574,0.135750023,patch_5134,914.156028,914.312074,461.176571286,441.485231
5125,2.5625,2.56225,2.562749999,0.114555367,0.125443237,patch_5135,914.312074,914.468119,461.176571286,442.980291
5126,2.563,2.562749999,2.563250001,0.103523747,0.113363121,patch_5136,914.468119,914.624165,461.176571286,444.732583
5127,2.5635,2.563250001,2.563749999,0.091444423,0.100135723,patch_5137,914.624165,914.78021,461.176571286,446.651295
5128,2.564,2.563749999,2.564250001,0.078889069,0.086387049,patch_5138,914.78021,914.936256,461.176571286,448.645621
5129,2.5645,2.564250001,2.56475,0.066429344,0.072743095,patch_5139,914.936256,915.092301,461.176571286,450.624757
5130,2.565,2.56475,2.565250001,0.054631871,0.059824336,patch_5140,915.092301,915.248347,461.176571286,452.498699
5131,2.5655,2.565250001,2.56575,0.043842617,0.048009621,patch_5141,915.248347,915.404392,461.176571286,454.212493
5132,2.566,2.56575,2.566250002,0.034106008,0.0373476,patch_5142,915.404392,915.560438,461.176571286,455.759082
5133,2.5665,2.566250002,2.56675,0.025444733,0.027863117,patch_5143,915.560438,915.716483,461.176571286,457.134862
5134,2.567,2.56675,2.567249999,0.017881475,0.019581013,patch_5144,915.716483,915.872528,461.176571286,458.33623
5135,2.5675,2.567249999,2.56775,0.011438937,0.012526146,patch_5145,915.872528,916.028574,461.176571286,459.35958
5136,2.568,2.56775,2.568249999,0.0061398,0.006723355,patch_5146,916.028574,916.184619,461.176571286,460.201309
5137,2.5685,2.568249999,2.568750001,0.002006761,0.002197493,patch_5147,916.184619,916.340665,461.176571286,460.857812
5138,2.569,2.568750001,2.569249999,-0.000939223,-0.001028491,patch_5148,916.340665,916.49671,461.176571286,461.32576
5139,2.5695,2.569249999,2.569750001,-0.002760698,-0.003023088,patch_5149,916.49671,916.652756,461.176571286,461.615088
5140,2.57,2.569750001,2.57025,-0.003638951,-0.003984814,patch_5150,916.652756,916.808801,461.176571286,461.754592
5141,2.5705,2.57025,2.570750001,-0.003764308,-0.004122085,patch_5151,916.808801,916.964847,461.176571286,461.774504
5142,2.571,2.570750001,2.57125,-0.003327108,-0.003643332,patch_5152,916.964847,917.120892,461.176571286,461.705058
5143,2.5715,2.57125,2.571750002,-0.002517703,-0.002756997,patch_5153,917.120892,917.276938,461.176571286,461.57649
5144,2.572,2.571750002,2.57225,-0.001526421,-0.001671499,patch_5154,917.276938,917.432983,461.176571286,461.419032
5145,2.5725,2.57225,2.572749999,-0.000543605,-0.000595272,patch_5155,917.432983,917.589028,461.176571286,461.262919
5146,2.573,2.572749999,2.57325,0.000242141,0.000265155,patch_5156,917.589028,917.745074,461.176571286,461.138109
5147,2.5735,2.57325,2.573749999,0.000734389,0.000804189,patch_5157,917.745074,917.901119,461.176571286,461.059919
5148,2.574,2.573749999,2.574250001,0.000973135,0.001065626,patch_5158,917.901119,918.057165,461.176571286,461.021996
5149,2.5745,2.574250001,2.574749999,0.001009378,0.001105314,patch_5159,918.057165,918.21321,461.176571286,461.016239
5150,2.575,2.574749999,2.575250001,0.000894126,0.000979107,patch_5160,918.21321,918.369256,461.176571286,461.034546
5151,2.5755,2.575250001,2.57575,0.000678365,0.00074284,patch_5161,918.369256,918.525301,461.176571286,461.068818
5152,2.576,2.57575,2.576250001,0.000413109,0.000452372,patch_5162,918.525301,918.681347,461.176571286,461.110952
5153,2.5765,2.576250001,2.57675,0.000149351,0.000163546,patch_5163,918.681347,918.837392,461.176571286,461.152848
5154,2.577,2.57675,2.577250002,-0.000062311,-0.000068234,patch_5164,918.837392,918.993438,461.176571286,461.186469
5155,2.5775,2.577250002,2.57775,-0.000195336,-0.000213902,patch_5165,918.993438,919.149483,461.176571286,461.207599
5156,2.578,2.57775,2.578249999,-0.000260224,-0.000284957,patch_5166,919.149483,919.305528,461.176571286,461.217906
5157,2.5785,2.578249999,2.57875,-0.00027065,-0.000296373,patch_5167,919.305528,919.461574,461.176571286,461.219562
5158,2.579,2.57875,2.579249999,-0.00024028,-0.000263117,patch_5168,919.461574,919.617619,461.176571286,461.214738
5159,2.5795,2.579249999,2.579750001,-0.00018277,-0.000200142,patch_5169,919.617619,919.773665,461.176571286,461.205603
5160,2.58,2.579750001,2.580249999,-0.000111788,-0.000122413,patch_5170,919.773665,919.92971,461.176571286,461.194328
5161,2.5805,2.580249999,2.580750001,-0.000041014,-0.000044912,patch_5171,919.92971,920.085756,461.176571286,461.183086
5162,2.581,2.580750001,2.58125,0.000016005,0.000017526,patch_5172,920.085756,920.241801,461.176571286,461.174029
5163,2.5815,2.58125,2.581750001,0.000051946,0.000056883,patch_5173,920.241801,920.397847,461.176571286,461.16832
5164,2.582,2.581750001,2.58225,0.00006958,0.000076193,patch_5174,920.397847,920.553892,461.176571286,461.165519
5165,2.5825,2.58225,2.582750002,0.00007257,0.000079468,patch_5175,920.553892,920.709938,461.176571286,461.165044
5166,2.583,2.582750002,2.58325,0.000064569,0.000070706,patch_5176,920.709938,920.865983,461.176571286,461.166315
5167,2.5835,2.58325,2.583749999,0.000049239,0.000053919,patch_5177,920.865983,921.022028,461.176571286,461.16875
5168,2.584,2.583749999,2.58425,0.000030252,0.000033127,patch_5178,921.022028,921.178074,461.176571286,461.171766
5169,2.5845,2.58425,2.584749999,0.000011258,0.000012328,patch_5179,921.178074,921.334119,461.176571286,461.174783
5170,2.585,2.584749999,2.585250001,-0.000004103,-0.000004493,patch_5180,921.334119,921.490165,461.176571286,461.177223
5171,2.5855,2.585250001,2.585749999,-0.000013811,-0.000015123,patch_5181,921.490165,921.64621,461.176571286,461.178765
5172,2.586,2.585749999,2.586250001,-0.000018608,-0.000020376,patch_5182,921.64621,921.802256,461.176571286,461.179527
5173,2.5865,2.586250001,2.58675,-0.000019458,-0.000021307,patch_5183,921.802256,921.958301,461.176571286,461.179662
5174,2.587,2.58675,2.587250001,-0.000017349,-0.000018998,patch_5184,921.958301,922.114347,461.176571286,461.179327
5175,2.5875,2.587250001,2.58775,-0.000013263,-0.000014523,patch_5185,922.114347,922.270392,461.176571286,461.178678
5176,2.588,2.58775,2.588250002,-0.000008182,-0.00000896,patch_5186,922.270392,922.426438,461.176571286,461.177871
5177,2.5885,2.588250002,2.58875,-0.000003089,-0.000003383,patch_5187,922.426438,922.582483,461.176571286,461.177062
5178,2.589,2.58875,2.589249999,0.000001047,0.000001146,patch_5188,922.582483,922.738528,461.176571286,461.176405
5179,2.5895,2.589249999,2.58975,0.000003672,0.000004021,patch_5189,922.738528,922.894574,461.176571286,461.175988
5180,2.59,2.58975,2.590249999,0.000004975,0.000005448,patch_5190,922.894574,923.050619,461.176571286,461.175781
5181,2.5905,2.590249999,2.590750001,0.000005215,0.00000571,patch_5191,923.050619,923.206665,461.176571286,461.175743
5182,2.591,2.590750001,2.591249999,0.00000466,0.000005103,patch_5192,923.206665,923.36271,461.176571286,461.175831
5183,2.5915,2.591249999,2.591750001,0.000003571,0.000003911,patch_5193,923.36271,923.518756,461.176571286,461.176004
5184,2.592,2.591750001,2.59225,0.000002212,0.000002422,patch_5194,923.518756,923.674801,461.176571286,461.17622
5185,2.5925,2.59225,2.592750001,0.000000845,0.000000926,patch_5195,923.674801,923.830847,461.176571286,461.176437
5186,2.593,2.592750001,2.59325,-0.000000269,-0.000000294,patch_5196,923.830847,923.986892,461.176571286,461.176614
5187,2.5935,2.59325,2.593750002,-0.000000974,-0.000001067,patch_5197,923.986892,924.142938,461.176571286,461.176726
5188,2.594,2.593750002,2.59425,-0.000001333,-0.00000146,patch_5198,924.142938,924.298983,461.176571286,461.176783
5189,2.5945,2.59425,2.594749999,-0.000001396,-0.000001528,patch_5199,924.298983,924.455028,461.176571286,461.176793
5190,2.595,2.594749999,2.59525,-0.000001251,-0.00000137,patch_5200,924.455028,924.611074,461.176571286,461.17677
5191,2.5955,2.59525,2.595749999,-0.000000961,-0.000001053,patch_5201,924.611074,924.767119,461.176571286,461.176724
5192,2.596,2.595749999,2.596250001,-0.000000596,-0.000000653,patch_5202,924.767119,924.923165,461.176571286,461.176666
5193,2.5965,2.596250001,2.596749999,-0.000000231,-0.000000253,patch_5203,924.923165,925.07921,461.176571286,461.176608
5194,2.597,2.596749999,2.597250001,0.000000065,0.000000071,patch_5204,925.07921,925.235256,461.176571286,461.176561
5195,2.5975,2.597250001,2.59775,0.00000026,0.000000285,patch_5205,925.235256,925.391301,461.176571286,461.17653
5196,2.598,2.59775,2.598250001,0.000000354,0.000000388,patch_5206,925.391301,925.547347,461.176571286,461.176515
5197,2.5985,2.598250001,2.59875,0.000000373,0.000000409,patch_5207,925.547347,925.703392,461.176571286,461.176512
5198,2.599,2.59875,2.599250002,0.000000335,0.000000367,patch_5208,925.703392,925.859438,461.176571286,461.176518
5199,2.5995,2.599250002,2.59975,0.00000026,0.000000285,patch_5209,925.859438,926.015483,461.176571286,461.17653
5200,2.6,2.59975,2.600249999,0.000000159,0.000000174,patch_5210,926.015483,926.171528,461.176571286,461.176546
5201,2.6005,2.600249999,2.60075,0.000000065,0.000000071,patch_5211,926.171528,926.327574,461.176571286,461.176561
5202,2.601,2.60075,2.601249999,-0.000000017,-0.000000019,patch_5212,926.327574,926.483619,461.176571286,461.176574
5203,2.6015,2.601249999,2.601750001,-0.000000067,-0.000000074,patch_5213,926.483619,926.639665,461.176571286,461.176582
5204,2.602,2.601750001,2.602249999,-0.000000093,-0.000000101,patch_5214,926.639665,926.79571,461.176571286,461.176586
5205,2.6025,2.602249999,2.602750001,-0.000000099,-0.000000108,patch_5215,926.79571,926.951756,461.176571286,461.176587
5206,2.603,2.602750001,2.60325,-0.000000093,-0.000000101,patch_5216,926.951756,927.107801,461.176571286,461.176586
5207,2.6035,2.60325,2.603750001,-0.000000067,-0.000000074,patch_5217,927.107801,927.263847,461.176571286,461.176582
5208,2.604,2.603750001,2.60425,-0.000000042,-0.000000046,patch_5218,927.263847,927.419892,461.176571286,461.176578
5209,2.6045,2.60425,2.604750002,-0.000000017,-0.000000019,patch_5219,927.419892,927.575938,461.176571286,461.176574
5210,2.605,2.604750002,2.60525,0.000000002,0.000000002,patch_5220,927.575938,927.731983,461.176571286,461.176571
5211,2.6055,2.60525,2.605749999,0.000000021,0.000000023,patch_5221,927.731983,927.888028,461.176571286,461.176568
5212,2.606,2.605749999,2.60625,0.000000027,0.00000003,patch_5222,927.888028,928.044074,461.176571286,461.176567
5213,2.6065,2.60625,2.606749999,0.000000027,0.00000003,patch_5223,928.044074,928.200119,461.176571286,461.176567
5214,2.607,2.606749999,2.607250001,0.000000027,0.00000003,patch_5224,928.200119,928.356165,461.176571286,461.176567
5215,2.6075,2.607250001,2.607749999,0.000000021,0.000000023,patch_5225,928.356165,928.51221,461.176571286,461.176568
5216,2.608,2.607749999,2.608250001,0.000000014,0.000000016,patch_5226,928.51221,928.668256,461.176571286,461.176569
5217,2.6085,2.608250001,2.60875,0.000000002,0.000000002,patch_5227,928.668256,928.824301,461.176571286,461.176571
5218,2.609,2.60875,2.609250001,0.000000002,0.000000002,patch_5228,928.824301,928.980347,461.176571286,461.176571
5219,2.6095,2.609250001,2.60975,-0.000000004,-0.000000005,patch_5229,928.980347,929.136392,461.176571286,461.176572
5220,2.61,2.60975,2.610250002,-0.000000004,-0.000000005,patch_5230,929.136392,929.292438,461.176571286,461.176572
5221,2.6105,2.610250002,2.61075,-0.000000004,-0.000000005,patch_5231,929.292438,929.448483,461.176571286,461.176572
5222,2.611,2.61075,2.611249999,-0.000000004,-0.000000005,patch_5232,929.448483,929.604528,461.176571286,461.176572
5223,2.6115,2.611249999,2.61175,-0.000000004,-0.000000005,patch_5233,929.604528,929.760574,461.176571286,461.176572
5224,2.612,2.61175,2.612249999,-0.000000004,-0.000000005,patch_5234,929.760574,929.916619,461.176571286,461.176572
5225,2.6125,2.612249999,2.612750001,-0.000000004,-0.000000005,patch_5235,929.916619,930.072665,461.176571286,461.176572
5226,2.613,2.612750001,2.613249999,0.000000002,0.000000002,patch_5236,930.072665,930.22871,461.176571286,461.176571
5227,2.6135,2.613249999,2.613750001,0.000000002,0.000000002,patch_5237,930.22871,930.384756,461.176571286,461.176571
5228,2.614,2.613750001,2.61425,0.000000002,0.000000002,patch_5238,930.384756,930.540801,461.176571286,461.176571
5229,2.6145,2.61425,2.614750001,0.000000002,0.000000002,patch_5239,930.540801,930.696847,461.176571286,461.176571
5230,2.615,2.614750001,2.61525,0.000000002,0.000000002,patch_5240,930.696847,930.852892,461.176571286,461.176571
5231,2.6155,2.61525,2.615750002,0.000000002,0.000000002,patch_5241,930.852892,931.008938,461.176571286,461.176571
5232,2.616,2.615750002,2.61625,0.000000002,0.000000002,patch_5242,931.008938,931.164983,461.176571286,461.176571
5233,2.6165,2.61625,2.616749999,0.000000002,0.000000002,patch_5243,931.164983,931.321028,461.176571286,461.176571
5234,2.617,2.616749999,2.61725,0.000000002,0.000000002,patch_5244,931.321028,931.477074,461.176571286,461.176571
5235,2.6175,2.61725,2.617749999,0.000000002,0.000000002,patch_5245,931.477074,931.633119,461.176571286,461.176571
5236,2.618,2.617749999,2.618250001,0.000000002,0.000000002,patch_5246,931.633119,931.789165,461.176571286,461.176571
5237,2.6185,2.618250001,2.618749999,0.000000002,0.000000002,patch_5247,931.789165,931.94521,461.176571286,461.176571
5238,2.619,2.618749999,2.619250001,0.000000002,0.000000002,patch_5248,931.94521,932.101256,461.176571286,461.176571
5239,2.6195,2.619250001,2.61975,0.000000002,0.000000002,patch_5249,932.101256,932.257301,461.176571286,461.176571
5240,2.62,2.61975,2.620250001,0.000000002,0.000000002,patch_5250,932.257301,932.413347,461.176571286,461.176571
5241,2.6205,2.620250001,2.62075,0.000000002,0.000000002,patch_5251,932.413347,932.569392,461.176571286,461.176571
5242,2.621,2.62075,2.621250002,0.000000002,0.000000002,patch_5252,932.569392,932.725438,461.176571286,461.176571
5243,2.6215,2.621250002,2.62175,0.000000002,0.000000002,patch_5253,932.725438,932.881483,461.176571286,461.176571
5244,2.622,2.62175,2.622249999,0.000000002,0.000000002,patch_5254,932.881483,933.037528,461.176571286,461.176571
5245,2.6225,2.622249999,2.62275,0.000000002,0.000000002,patch_5255,933.037528,933.193574,461.176571286,461.176571
5246,2.623,2.62275,2.623249999,0.000000002,0.000000002,patch_5256,933.193574,933.349619,461.176571286,461.176571
5247,2.6235,2.623249999,2.623750001,0.000000002,0.000000002,patch_5257,933.349619,933.505665,461.176571286,461.176571
5248,2.624,2.623750001,2.624249999,0.000000002,0.000000002,patch_5258,933.505665,933.66171,461.176571286,461.176571
5249,2.6245,2.624249999,2.624750001,0.000000002,0.000000002,patch_5259,933.66171,933.817756,461.176571286,461.176571
5250,2.625,2.624750001,2.62525,0.000000002,0.000000002,patch_5260,933.817756,933.973801,461.176571286,461.176571
5251,2.6255,2.62525,2.625750001,0.000000002,0.000000002,patch_5261,933.973801,934.129847,461.176571286,461.176571
5252,2.626,2.625750001,2.62625,0.000000002,0.000000002,patch_5262,934.129847,934.285892,461.176571286,461.176571
5253,2.6265,2.62625,2.626750002,0.000000002,0.000000002,patch_5263,934.285892,934.441938,461.176571286,461.176571
5254,2.627,2.626749998,2.62725,0.000000002,0.000000002,patch_5264,934.441937,934.597983,461.176571286,461.176571
5255,2.6275,2.62725,2.627749999,0.000000002,0.000000002,patch_5265,934.597983,934.754028,461.176571286,461.176571
5256,2.628,2.627749999,2.62825,0.000000002,0.000000002,patch_5266,934.754028,934.910074,461.176571286,461.176571
5257,2.6285,2.62825,2.628749999,0.000000002,0.000000002,patch_5267,934.910074,935.066119,461.176571286,461.176571
5258,2.629,2.628749999,2.629250001,0.000000002,0.000000002,patch_5268,935.066119,935.222165,461.176571286,461.176571
5259,2.6295,2.629250001,2.629749999,0.000000002,0.000000002,patch_5269,935.222165,935.37821,461.176571286,461.176571
5260,2.63,2.629749999,2.630250001,0.000000002,0.000000002,patch_5270,935.37821,935.534256,461.176571286,461.176571
5261,2.6305,2.630250001,2.63075,0.000000002,0.000000002,patch_5271,935.534256,935.690301,461.176571286,461.176571
5262,2.631,2.63075,2.631250001,0.000000002,0.000000002,patch_5272,935.690301,935.846347,461.176571286,461.176571
5263,2.6315,2.631250001,2.63175,0.000000002,0.000000002,patch_5273,935.846347,936.002392,461.176571286,461.176571
5264,2.632,2.63175,2.632250002,0.000000002,0.000000002,patch_5274,936.002392,936.158438,461.176571286,461.176571
5265,2.6325,2.632250002,2.63275,0.000000002,0.000000002,patch_5275,936.158438,936.314483,461.176571286,461.176571
5266,2.633,2.63275,2.633249999,0.000000002,0.000000002,patch_5276,936.314483,936.470528,461.176571286,461.176571
5267,2.6335,2.633249999,2.63375,0.000000002,0.000000002,patch_5277,936.470528,936.626574,461.176571286,461.176571
5268,2.634,2.63375,2.634249999,0.000000002,0.000000002,patch_5278,936.626574,936.782619,461.176571286,461.176571
5269,2.6345,2.634249999,2.634750001,0.000000002,0.000000002,patch_5279,936.782619,936.938665,461.176571286,461.176571
5270,2.635,2.634750001,2.635249999,0.000000002,0.000000002,patch_5280,936.938665,937.09471,461.176571286,461.176571
5271,2.6355,2.635249999,2.635750001,0.000000002,0.000000002,patch_5281,937.09471,937.250756,461.176571286,461.176571
5272,2.636,2.635750001,2.63625,0.000000002,0.000000002,patch_5282,937.250756,937.406801,461.176571286,461.176571
5273,2.6365,2.63625,2.636750001,0.000000002,0.000000002,patch_5283,937.406801,937.562847,461.176571286,461.176571
5274,2.637,2.636750001,2.63725,0.000000002,0.000000002,patch_5284,937.562847,937.718892,461.176571286,461.176571
5275,2.6375,2.63725,2.637750002,0.000000002,0.000000002,patch_5285,937.718892,937.874938,461.176571286,461.176571
5276,2.638,2.637750002,2.63825,0.000000002,0.000000002,patch_5286,937.874938,938.030983,461.176571286,461.176571
5277,2.6385,2.63825,2.638749999,0.000000002,0.000000002,patch_5287,938.030983,938.187028,461.176571286,461.176571
5278,2.639,2.638749999,2.63925,0.000000002,0.000000002,patch_5288,938.187028,938.343074,461.176571286,461.176571
5279,2.6395,2.63925,2.639749999,0.000000002,0.000000002,patch_5289,938.343074,938.499119,461.176571286,461.176571
5280,2.64,2.639749999,2.640250001,0.000000002,0.000000002,patch_5290,938.499119,938.655165,461.176571286,461.176571
5281,2.6405,2.640250001,2.640749999,0.000000002,0.000000002,patch_5291,938.655165,938.81121,461.176571286,461.176571
5282,2.641,2.640749999,2.641250001,0.000000002,0.000000002,patch_5292,938.81121,938.967256,461.176571286,461.176571
5283,2.6415,2.641250001,2.64175,0.000000002,0.000000002,patch_5293,938.967256,939.123301,461.176571286,461.176571
5284,2.642,2.64175,2.642250001,0.000000002,0.000000002,patch_5294,939.123301,939.279347,461.176571286,461.176571
5285,2.6425,2.642250001,2.64275,0.000000002,0.000000002,patch_5295,939.279347,939.435392,461.176571286,461.176571
5286,2.643,2.64275,2.643250002,0.000000002,0.000000002,patch_5296,939.435392,939.591438,461.176571286,461.176571
5287,2.6435,2.643250002,2.64375,0.000000002,0.000000002,patch_5297,939.591438,939.747483,461.176571286,461.176571
5288,2.644,2.64375,2.644249999,0.000000002,0.000000002,patch_5298,939.747483,939.903528,461.176571286,461.176571
5289,2.6445,2.644249999,2.64475,0.000000002,0.000000002,patch_5299,939.903528,940.059574,461.176571286,461.176571
5290,2.645,2.64475,2.645249999,0.000000002,0.000000002,patch_5300,940.059574,940.215619,461.176571286,461.176571
5291,2.6455,2.645249999,2.645750001,0.000000002,0.000000002,patch_5301,940.215619,940.371665,461.176571286,461.176571
5292,2.646,2.645750001,2.646249999,0.000000002,0.000000002,patch_5302,940.371665,940.52771,461.176571286,461.176571
5293,2.6465,2.646249999,2.646750001,0.000000002,0.000000002,patch_5303,940.52771,940.683756,461.176571286,461.176571
5294,2.647,2.646750001,2.64725,0.000000002,0.000000002,patch_5304,940.683756,940.839801,461.176571286,461.176571
5295,2.6475,2.64725,2.647750001,0.000000002,0.000000002,patch_5305,940.839801,940.995847,461.176571286,461.176571
5296,2.648,2.647750001,2.64825,0.000000002,0.000000002,patch_5306,940.995847,941.151892,461.176571286,461.176571
5297,2.6485,2.64825,2.648750002,0.000000002,0.000000002,patch_5307,941.151892,941.307938,461.176571286,461.176571
5298,2.649,2.648750002,2.64925,0.000000002,0.000000002,patch_5308,941.307938,941.463983,461.176571286,461.176571
5299,2.6495,2.64925,2.649749999,0.000000002,0.000000002,patch_5309,941.463983,941.620028,461.176571286,461.176571
5300,2.65,2.649749999,2.65025,0.000000002,0.000000002,patch_5310,941.620028,941.776074,461.176571286,461.176571
5301,2.6505,2.65025,2.650749999,0.000000002,0.000000002,patch_5311,941.776074,941.932119,461.176571286,461.176571
5302,2.651,2.650749999,2.651250001,0.000000002,0.000000002,patch_5312,941.932119,942.088165,461.176571286,461.176571
5303,2.6515,2.651250001,2.651749999,0.000000002,0.000000002,patch_5313,942.088165,942.24421,461.176571286,461.176571
5304,2.652,2.651749999,2.652250001,0.000000002,0.000000002,patch_5314,942.24421,942.400256,461.176571286,461.176571
5305,2.6525,2.652250001,2.65275,0.000000002,0.000000002,patch_5315,942.400256,942.556301,461.176571286,461.176571
5306,2.653,2.65275,2.653250001,0.000000002,0.000000002,patch_5316,942.556301,942.712347,461.176571286,461.176571
5307,2.6535,2.653250001,2.65375,0.000000002,0.000000002,patch_5317,942.712347,942.868392,461.176571286,461.176571
5308,2.654,2.65375,2.654250002,0.000000002,0.000000002,patch_5318,942.868392,943.024438,461.176571286,461.176571
5309,2.6545,2.654250002,2.65475,0.000000002,0.000000002,patch_5319,943.024438,943.180483,461.176571286,461.176571
5310,2.655,2.65475,2.655249999,0.000000002,0.000000002,patch_5320,943.180483,943.336528,461.176571286,461.176571
5311,2.6555,2.655249999,2.65575,0.000000002,0.000000002,patch_5321,943.336528,943.492574,461.176571286,461.176571
5312,2.656,2.65575,2.656249999,0.000000002,0.000000002,patch_5322,943.492574,943.648619,461.176571286,461.176571
5313,2.6565,2.656249999,2.656750001,0.000000002,0.000000002,patch_5323,943.648619,943.804665,461.176571286,461.176571
5314,2.657,2.656750001,2.657249999,0.000000002,0.000000002,patch_5324,943.804665,943.96071,461.176571286,461.176571
5315,2.6575,2.657249999,2.657750001,0.000000002,0.000000002,patch_5325,943.96071,944.116756,461.176571286,461.176571
5316,2.658,2.657750001,2.65825,0.000000002,0.000000002,patch_5326,944.116756,944.272801,461.176571286,461.176571
5317,2.6585,2.65825,2.658750001,0.000000002,0.000000002,patch_5327,944.272801,944.428847,461.176571286,461.176571
5318,2.659,2.658750001,2.65925,0.000000002,0.000000002,patch_5328,944.428847,944.584892,461.176571286,461.176571
5319,2.6595,2.65925,2.659750002,0.000000002,0.000000002,patch_5329,944.584892,944.740938,461.176571286,461.176571
5320,2.66,2.659750002,2.66025,0.000000002,0.000000002,patch_5330,944.740938,944.896983,461.176571286,461.176571
5321,2.6605,2.66025,2.660749999,0.000000002,0.000000002,patch_5331,944.896983,945.053028,461.176571286,461.176571
5322,2.661,2.660749999,2.66125,0.000000002,0.000000002,patch_5332,945.053028,945.209074,461.176571286,461.176571
5323,2.6615,2.66125,2.661749999,0.000000002,0.000000002,patch_5333,945.209074,945.365119,461.176571286,461.176571
5324,2.662,2.661749999,2.662250001,0.000000002,0.000000002,patch_5334,945.365119,945.521165,461.176571286,461.176571
5325,2.6625,2.662250001,2.662749999,0.000000002,0.000000002,patch_5335,945.521165,945.67721,461.176571286,461.176571
5326,2.663,2.662749999,2.663250001,0.000000002,0.000000002,patch_5336,945.67721,945.833256,461.176571286,461.176571
5327,2.6635,2.663250001,2.66375,0.000000002,0.000000002,patch_5337,945.833256,945.989301,461.176571286,461.176571
5328,2.664,2.66375,2.664250001,0.000000002,0.000000002,patch_5338,945.989301,946.145347,461.176571286,461.176571
5329,2.6645,2.664250001,2.66475,0.000000002,0.000000002,patch_5339,946.145347,946.301392,461.176571286,461.176571
5330,2.665,2.66475,2.665250002,0.000000002,0.000000002,patch_5340,946.301392,946.457438,461.176571286,461.176571
5331,2.6655,2.665250002,2.66575,0.000000002,0.000000002,patch_5341,946.457438,946.613483,461.176571286,461.176571
5332,2.666,2.66575,2.666249999,0.000000002,0.000000002,patch_5342,946.613483,946.769528,461.176571286,461.176571
5333,2.6665,2.666249999,2.66675,0.000000002,0.000000002,patch_5343,946.769528,946.925574,461.176571286,461.176571
5334,2.667,2.66675,2.667249999,0.000000002,0.000000002,patch_5344,946.925574,947.081619,461.176571286,461.176571
5335,2.6675,2.667249999,2.667750001,0.000000002,0.000000002,patch_5345,947.081619,947.237665,461.176571286,461.176571
5336,2.668,2.667750001,2.668249999,0.000000002,0.000000002,patch_5346,947.237665,947.39371,461.176571286,461.176571
5337,2.6685,2.668249999,2.668750001,0.000000002,0.000000002,patch_5347,947.39371,947.549756,461.176571286,461.176571
5338,2.669,2.668750001,2.66925,0.000000002,0.000000002,patch_5348,947.549756,947.705801,461.176571286,461.176571
5339,2.6695,2.66925,2.669750001,0.000000002,0.000000002,patch_5349,947.705801,947.861847,461.176571286,461.176571
5340,2.67,2.669750001,2.67025,0.000000002,0.000000002,patch_5350,947.861847,948.017892,461.176571286,461.176571
5341,2.6705,2.67025,2.670750002,0.000000002,0.000000002,patch_5351,948.017892,948.173938,461.176571286,461.176571
5342,2.671,2.670750002,2.67125,0.000000002,0.000000002,patch_5352,948.173938,948.329983,461.176571286,461.176571
5343,2.6715,2.67125,2.671749999,0.000000002,0.000000002,patch_5353,948.329983,948.486028,461.176571286,461.176571
5344,2.672,2.671749999,2.67225,0.000000002,0.000000002,patch_5354,948.486028,948.642074,461.176571286,461.176571
5345,2.6725,2.67225,2.672749999,0.000000002,0.000000002,patch_5355,948.642074,948.798119,461.176571286,461.176571
5346,2.673,2.672749999,2.673250001,0.000000002,0.000000002,patch_5356,948.798119,948.954165,461.176571286,461.176571
5347,2.6735,2.673250001,2.673749999,0.000000002,0.000000002,patch_5357,948.954165,949.11021,461.176571286,461.176571
5348,2.674,2.673749999,2.674250001,0.000000002,0.000000002,patch_5358,949.11021,949.266256,461.176571286,461.176571
5349,2.6745,2.674250001,2.67475,0.000000002,0.000000002,patch_5359,949.266256,949.422301,461.176571286,461.176571
5350,2.675,2.67475,2.675250001,0.000000002,0.000000002,patch_5360,949.422301,949.578347,461.176571286,461.176571
5351,2.6755,2.675250001,2.67575,0.000000002,0.000000002,patch_5361,949.578347,949.734392,461.176571286,461.176571
5352,2.676,2.67575,2.676250002,0.000000002,0.000000002,patch_5362,949.734392,949.890438,461.176571286,461.176571
5353,2.6765,2.676250002,2.67675,0.000000002,0.000000002,patch_5363,949.890438,950.046483,461.176571286,461.176571
5354,2.677,2.67675,2.677249999,0.000000002,0.000000002,patch_5364,950.046483,950.202528,461.176571286,461.176571
5355,2.6775,2.677249999,2.67775,0.000000002,0.000000002,patch_5365,950.202528,950.358574,461.176571286,461.176571
5356,2.678,2.67775,2.678249999,0.000000002,0.000000002,patch_5366,950.358574,950.514619,461.176571286,461.176571
5357,2.6785,2.678249999,2.678750001,0.000000002,0.000000002,patch_5367,950.514619,950.670665,461.176571286,461.176571
5358,2.679,2.678750001,2.679249999,0.000000002,0.000000002,patch_5368,950.670665,950.82671,461.176571286,461.176571
5359,2.6795,2.679249999,2.679750001,0.000000002,0.000000002,patch_5369,950.82671,950.982756,461.176571286,461.176571
5360,2.68,2.679750001,2.68025,0.000000002,0.000000002,patch_5370,950.982756,951.138801,461.176571286,461.176571
5361,2.6805,2.68025,2.680750001,0.000000002,0.000000002,patch_5371,951.138801,951.294847,461.176571286,461.176571
5362,2.681,2.680750001,2.68125,0.000000002,0.000000002,patch_5372,951.294847,951.450892,461.176571286,461.176571
5363,2.6815,2.68125,2.681750002,0.000000002,0.000000002,patch_5373,951.450892,951.606938,461.176571286,461.176571
5364,2.682,2.681750002,2.68225,0.000000002,0.000000002,patch_5374,951.606938,951.762983,461.176571286,461.176571
5365,2.6825,2.68225,2.682749999,0.000000002,0.000000002,patch_5375,951.762983,951.919028,461.176571286,461.176571
5366,2.683,2.682749999,2.68325,0.000000002,0.000000002,patch_5376,951.919028,952.075074,461.176571286,461.176571
5367,2.6835,2.68325,2.683749999,0.000000002,0.000000002,patch_5377,952.075074,952.231119,461.176571286,461.176571
5368,2.684,2.683749999,2.684250001,0.000000002,0.000000002,patch_5378,952.231119,952.387165,461.176571286,461.176571
5369,2.6845,2.684250001,2.684749999,0.000000002,0.000000002,patch_5379,952.387165,952.54321,461.176571286,461.176571
5370,2.685,2.684749999,2.685250001,0.000000002,0.000000002,patch_5380,952.54321,952.699256,461.176571286,461.176571
5371,2.6855,2.685250001,2.68575,0.000000002,0.000000002,patch_5381,952.699256,952.855301,461.176571286,461.176571
5372,2.686,2.68575,2.686250001,0.000000002,0.000000002,patch_5382,952.855301,953.011347,461.176571286,461.176571
5373,2.6865,2.686250001,2.68675,0.000000002,0.000000002,patch_5383,953.011347,953.167392,461.176571286,461.176571
5374,2.687,2.68675,2.687250002,0.000000002,0.000000002,patch_5384,953.167392,953.323438,461.176571286,461.176571
5375,2.6875,2.687250002,2.68775,0.000000002,0.000000002,patch_5385,953.323438,953.479483,461.176571286,461.176571
5376,2.688,2.68775,2.688249999,0.000000002,0.000000002,patch_5386,953.479483,953.635528,461.176571286,461.176571
5377,2.6885,2.688249999,2.68875,0.000000002,0.000000002,patch_5387,953.635528,953.791574,461.176571286,461.176571
5378,2.689,2.68875,2.689249999,0.000000002,0.000000002,patch_5388,953.791574,953.947619,461.176571286,461.176571
5379,2.6895,2.689249999,2.689750001,0.000000002,0.000000002,patch_5389,953.947619,954.103665,461.176571286,461.176571
5380,2.69,2.689750001,2.690249999,0.000000002,0.000000002,patch_5390,954.103665,954.25971,461.176571286,461.176571
5381,2.6905,2.690249999,2.690750001,0.000000002,0.000000002,patch_5391,954.25971,954.415756,461.176571286,461.176571
5382,2.691,2.690750001,2.69125,0.000000002,0.000000002,patch_5392,954.415756,954.571801,461.176571286,461.176571
5383,2.6915,2.69125,2.691750001,0.000000002,0.000000002,patch_5393,954.571801,954.727847,461.176571286,461.176571
5384,2.692,2.691750001,2.69225,0.000000002,0.000000002,patch_5394,954.727847,954.883892,461.176571286,461.176571
5385,2.6925,2.69225,2.692750002,0.000000002,0.000000002,patch_5395,954.883892,955.039938,461.176571286,461.176571
5386,2.693,2.692750002,2.69325,0.000000002,0.000000002,patch_5396,955.039938,955.195983,461.176571286,461.176571
5387,2.6935,2.69325,2.693749999,0.000000002,0.000000002,patch_5397,955.195983,955.352028,461.176571286,461.176571
5388,2.694,2.693749999,2.69425,0.000000002,0.000000002,patch_5398,955.352028,955.508074,461.176571286,461.176571
5389,2.6945,2.69425,2.694749999,0.000000002,0.000000002,patch_5399,955.508074,955.664119,461.176571286,461.176571
5390,2.695,2.694749999,2.695250001,0.000000002,0.000000002,patch_5400,955.664119,955.820165,461.176571286,461.176571
5391,2.6955,2.695250001,2.695749999,0.000000002,0.000000002,patch_5401,955.820165,955.97621,461.176571286,461.176571
5392,2.696,2.695749999,2.696250001,0.000000002,0.000000002,patch_5402,955.97621,956.132256,461.176571286,461.176571
5393,2.6965,2.696250001,2.69675,0.000000002,0.000000002,patch_5403,956.132256,956.288301,461.176571286,461.176571
5394,2.697,2.69675,2.697250001,0.000000002,0.000000002,patch_5404,956.288301,956.444347,461.176571286,461.176571
5395,2.6975,2.697250001,2.69775,0.000000002,0.000000002,patch_5405,956.444347,956.600392,461.176571286,461.176571
5396,2.698,2.69775,2.698250002,0.000000002,0.000000002,patch_5406,956.600392,956.756438,461.176571286,461.176571
5397,2.6985,2.698250002,2.69875,0.000000002,0.000000002,patch_5407,956.756438,956.912483,461.176571286,461.176571
5398,2.699,2.69875,2.699249999,0.000000002,0.000000002,patch_5408,956.912483,957.068528,461.176571286,461.176571
5399,2.6995,2.699249999,2.69975,0.000000002,0.000000002,patch_5409,957.068528,957.224574,461.176571286,461.176571
5400,2.7,2.69975,2.700249999,0.000000002,0.000000002,patch_5410,957.224574,957.380619,461.176571286,461.176571
5401,2.7005,2.700249999,2.700750001,0.000000002,0.000000002,patch_5411,957.380619,957.536665,461.176571286,461.176571
5402,2.701,2.700750001,2.701249999,0.000000002,0.000000002,patch_5412,957.536665,957.69271,461.176571286,461.176571
5403,2.7015,2.701249999,2.701750001,0.000000002,0.000000002,patch_5413,957.69271,957.848756,461.176571286,461.176571
5404,2.702,2.701750001,2.70225,0.000000002,0.000000002,patch_5414,957.848756,958.004801,461.176571286,461.176571
5405,2.7025,2.70225,2.702750001,0.000000002,0.000000002,patch_5415,958.004801,958.160847,461.176571286,461.176571
5406,2.703,2.702750001,2.70325,0.000000002,0.000000002,patch_5416,958.160847,958.316892,461.176571286,461.176571
5407,2.7035,2.70325,2.703750002,0.000000002,0.000000002,patch_5417,958.316892,958.472938,461.176571286,461.176571
5408,2.704,2.703750002,2.70425,0.000000002,0.000000002,patch_5418,958.472938,958.628983,461.176571286,461.176571
5409,2.7045,2.70425,2.704749999,0.000000002,0.000000002,patch_5419,958.628983,958.785028,461.176571286,461.176571
5410,2.705,2.704749999,2.70525,0.000000002,0.000000002,patch_5420,958.785028,958.941074,461.176571286,461.176571
5411,2.7055,2.70525,2.705749999,0.000000002,0.000000002,patch_5421,958.941074,959.097119,461.176571286,461.176571
5412,2.706,2.705749999,2.706250001,0.000000002,0.000000002,patch_5422,959.097119,959.253165,461.176571286,461.176571
5413,2.7065,2.706250001,2.706749999,0.000000002,0.000000002,patch_5423,959.253165,959.40921,461.176571286,461.176571
5414,2.707,2.706749999,2.707250001,0.000000002,0.000000002,patch_5424,959.40921,959.565256,461.176571286,461.176571
5415,2.7075,2.707250001,2.70775,0.000000002,0.000000002,patch_5425,959.565256,959.721301,461.176571286,461.176571
5416,2.708,2.70775,2.708250001,0.000000002,0.000000002,patch_5426,959.721301,959.877347,461.176571286,461.176571
5417,2.7085,2.708250001,2.70875,0.000000002,0.000000002,patch_5427,959.877347,960.033392,461.176571286,461.176571
5418,2.709,2.70875,2.709250002,0.000000002,0.000000002,patch_5428,960.033392,960.189438,461.176571286,461.176571
5419,2.7095,2.709250002,2.70975,0.000000002,0.000000002,patch_5429,960.189438,960.345483,461.176571286,461.176571
5420,2.71,2.70975,2.710249999,0.000000002,0.000000002,patch_5430,960.345483,960.501528,461.176571286,461.176571
5421,2.7105,2.710249999,2.71075,0.000000002,0.000000002,patch_5431,960.501528,960.657574,461.176571286,461.176571
5422,2.711,2.71075,2.711249999,0.000000002,0.000000002,patch_5432,960.657574,960.813619,461.176571286,461.176571
5423,2.7115,2.711249999,2.711750001,0.000000002,0.000000002,patch_5433,960.813619,960.969665,461.176571286,461.176571
5424,2.712,2.711750001,2.712249999,0.000000002,0.000000002,patch_5434,960.969665,961.12571,461.176571286,461.176571
5425,2.7125,2.712249999,2.712750001,0.000000002,0.000000002,patch_5435,961.12571,961.281756,461.176571286,461.176571
5426,2.713,2.712750001,2.71325,0.000000002,0.000000002,patch_5436,961.281756,961.437801,461.176571286,461.176571
5427,2.7135,2.71325,2.713750001,0.000000002,0.000000002,patch_5437,961.437801,961.593847,461.176571286,461.176571
5428,2.714,2.713750001,2.71425,0.000000002,0.000000002,patch_5438,961.593847,961.749892,461.176571286,461.176571
5429,2.7145,2.71425,2.714750002,0.000000002,0.000000002,patch_5439,961.749892,961.905938,461.176571286,461.176571
5430,2.715,2.714750002,2.71525,0.000000002,0.000000002,patch_5440,961.905938,962.061983,461.176571286,461.176571
5431,2.7155,2.71525,2.715749999,0.000000002,0.000000002,patch_5441,962.061983,962.218028,461.176571286,461.176571
5432,2.716,2.715749999,2.71625,0.000000002,0.000000002,patch_5442,962.218028,962.374074,461.176571286,461.176571
5433,2.7165,2.71625,2.716749999,0.000000002,0.000000002,patch_5443,962.374074,962.530119,461.176571286,461.176571
5434,2.717,2.716749999,2.717250001,0.000000002,0.000000002,patch_5444,962.530119,962.686165,461.176571286,461.176571
5435,2.7175,2.717250001,2.717749999,0.000000002,0.000000002,patch_5445,962.686165,962.84221,461.176571286,461.176571
5436,2.718,2.717749999,2.718250001,0.000000002,0.000000002,patch_5446,962.84221,962.998256,461.176571286,461.176571
5437,2.7185,2.718250001,2.71875,0.000000002,0.000000002,patch_5447,962.998256,963.154301,461.176571286,461.176571
5438,2.719,2.71875,2.719250001,0.000000002,0.000000002,patch_5448,963.154301,963.310347,461.176571286,461.176571
5439,2.7195,2.719250001,2.71975,0.000000002,0.000000002,patch_5449,963.310347,963.466392,461.176571286,461.176571
5440,2.72,2.71975,2.720250002,0.000000002,0.000000002,patch_5450,963.466392,963.622438,461.176571286,461.176571
5441,2.7205,2.720250002,2.72075,0.000000002,0.000000002,patch_5451,963.622438,963.778483,461.176571286,461.176571
5442,2.721,2.72075,2.721249999,0.000000002,0.000000002,patch_5452,963.778483,963.934528,461.176571286,461.176571
5443,2.7215,2.721249999,2.72175,0.000000002,0.000000002,patch_5453,963.934528,964.090574,461.176571286,461.176571
5444,2.722,2.72175,2.722249999,0.000000002,0.000000002,patch_5454,964.090574,964.246619,461.176571286,461.176571
5445,2.7225,2.722249999,2.722750001,0.000000002,0.000000002,patch_5455,964.246619,964.402665,461.176571286,461.176571
5446,2.723,2.722750001,2.723249999,0.000000002,0.000000002,patch_5456,964.402665,964.55871,461.176571286,461.176571
5447,2.7235,2.723249999,2.723750001,0.000000002,0.000000002,patch_5457,964.55871,964.714756,461.176571286,461.176571
5448,2.724,2.723750001,2.72425,0.000000002,0.000000002,patch_5458,964.714756,964.870801,461.176571286,461.176571
5449,2.7245,2.72425,2.724750001,0.000000002,0.000000002,patch_5459,964.870801,965.026847,461.176571286,461.176571
5450,2.725,2.724750001,2.72525,0.000000002,0.000000002,patch_5460,965.026847,965.182892,461.176571286,461.176571
5451,2.7255,2.72525,2.725750002,0.000000002,0.000000002,patch_5461,965.182892,965.338938,461.176571286,461.176571
5452,2.726,2.725750002,2.72625,0.000000002,0.000000002,patch_5462,965.338938,965.494983,461.176571286,461.176571
5453,2.7265,2.72625,2.726749999,0.000000002,0.000000002,patch_5463,965.494983,965.651028,461.176571286,461.176571
5454,2.727,2.726749999,2.72725,0.000000002,0.000000002,patch_5464,965.651028,965.807074,461.176571286,461.176571
5455,2.7275,2.72725,2.727749999,0.000000002,0.000000002,patch_5465,965.807074,965.963119,461.176571286,461.176571
5456,2.728,2.727749999,2.728250001,0.000000002,0.000000002,patch_5466,965.963119,966.119165,461.176571286,461.176571
5457,2.7285,2.728250001,2.728749999,0.000000002,0.000000002,patch_5467,966.119165,966.27521,461.176571286,461.176571
5458,2.729,2.728749999,2.729250001,0.000000002,0.000000002,patch_5468,966.27521,966.431256,461.176571286,461.176571
5459,2.7295,2.729250001,2.72975,0.000000002,0.000000002,patch_5469,966.431256,966.587301,461.176571286,461.176571
5460,2.73,2.72975,2.730250001,0.000000002,0.000000002,patch_5470,966.587301,966.743347,461.176571286,461.176571
5461,2.7305,2.730250001,2.73075,0.000000002,0.000000002,patch_5471,966.743347,966.899392,461.176571286,461.176571
5462,2.731,2.73075,2.731250002,0.000000002,0.000000002,patch_5472,966.899392,967.055438,461.176571286,461.176571
5463,2.7315,2.731250002,2.73175,0.000000002,0.000000002,patch_5473,967.055438,967.211483,461.176571286,461.176571
5464,2.732,2.73175,2.732249999,0.000000002,0.000000002,patch_5474,967.211483,967.367528,461.176571286,461.176571
5465,2.7325,2.732249999,2.73275,0.000000002,0.000000002,patch_5475,967.367528,967.523574,461.176571286,461.176571
5466,2.733,2.73275,2.733249999,0.000000002,0.000000002,patch_5476,967.523574,967.679619,461.176571286,461.176571
5467,2.7335,2.733249999,2.733750001,0.000000002,0.000000002,patch_5477,967.679619,967.835665,461.176571286,461.176571
5468,2.734,2.733750001,2.734249999,0.000000002,0.000000002,patch_5478,967.835665,967.99171,461.176571286,461.176571
5469,2.7345,2.734249999,2.734750001,0.000000002,0.000000002,patch_5479,967.99171,968.147756,461.176571286,461.176571
5470,2.735,2.734750001,2.73525,0.000000002,0.000000002,patch_5480,968.147756,968.303801,461.176571286,461.176571
5471,2.7355,2.73525,2.735750001,0.000000002,0.000000002,patch_5481,968.303801,968.459847,461.176571286,461.176571
5472,2.736,2.735750001,2.73625,0.000000002,0.000000002,patch_5482,968.459847,968.615892,461.176571286,461.176571
5473,2.7365,2.73625,2.736750002,0.000000002,0.000000002,patch_5483,968.615892,968.771938,461.176571286,461.176571
5474,2.737,2.736750002,2.73725,0.000000002,0.000000002,patch_5484,968.771938,968.927983,461.176571286,461.176571
5475,2.7375,2.73725,2.737749999,0.000000002,0.000000002,patch_5485,968.927983,969.084028,461.176571286,461.176571
5476,2.738,2.737749999,2.73825,0.000000002,0.000000002,patch_5486,969.084028,969.240074,461.176571286,461.176571
5477,2.7385,2.73825,2.738749999,0.000000002,0.000000002,patch_5487,969.240074,969.396119,461.176571286,461.176571
5478,2.739,2.738749999,2.739250001,0.000000002,0.000000002,patch_5488,969.396119,969.552165,461.176571286,461.176571
5479,2.7395,2.739250001,2.739749999,0.000000002,0.000000002,patch_5489,969.552165,969.70821,461.176571286,461.176571
5480,2.74,2.739749999,2.740250001,0.000000002,0.000000002,patch_5490,969.70821,969.864256,461.176571286,461.176571
5481,2.7405,2.740250001,2.74075,0.000000002,0.000000002,patch_5491,969.864256,970.020301,461.176571286,461.176571
5482,2.741,2.74075,2.741250001,0.000000002,0.000000002,patch_5492,970.020301,970.176347,461.176571286,461.176571
5483,2.7415,2.741250001,2.74175,0.000000002,0.000000002,patch_5493,970.176347,970.332392,461.176571286,461.176571
5484,2.742,2.74175,2.742250002,0.000000002,0.000000002,patch_5494,970.332392,970.488438,461.176571286,461.176571
5485,2.7425,2.742250002,2.74275,0.000000002,0.000000002,patch_5495,970.488438,970.644483,461.176571286,461.176571
5486,2.743,2.74275,2.743249999,0.000000002,0.000000002,patch_5496,970.644483,970.800528,461.176571286,461.176571
5487,2.7435,2.743249999,2.74375,0.000000002,0.000000002,patch_5497,970.800528,970.956574,461.176571286,461.176571
5488,2.744,2.74375,2.744249999,0.000000002,0.000000002,patch_5498,970.956574,971.112619,461.176571286,461.176571
5489,2.7445,2.744249999,2.744750001,0.000000002,0.000000002,patch_5499,971.112619,971.268665,461.176571286,461.176571
5490,2.745,2.744750001,2.745249999,0.000000002,0.000000002,patch_5500,971.268665,971.42471,461.176571286,461.176571
5491,2.7455,2.745249999,2.745750001,0.000000002,0.000000002,patch_5501,971.42471,971.580756,461.176571286,461.176571
5492,2.746,2.745750001,2.74625,0.000000002,0.000000002,patch_5502,971.580756,971.736801,461.176571286,461.176571
5493,2.7465,2.74625,2.746750001,0.000000002,0.000000002,patch_5503,971.736801,971.892847,461.176571286,461.176571
5494,2.747,2.746750001,2.74725,0.000000002,0.000000002,patch_5504,971.892847,972.048892,461.176571286,461.176571
5495,2.7475,2.74725,2.747750002,0.000000002,0.000000002,patch_5505,972.048892,972.204938,461.176571286,461.176571
5496,2.748,2.747750002,2.74825,0.000000002,0.000000002,patch_5506,972.204938,972.360983,461.176571286,461.176571
5497,2.7485,2.74825,2.748749999,0.000000002,0.000000002,patch_5507,972.360983,972.517028,461.176571286,461.176571
5498,2.749,2.748749999,2.74925,0.000000002,0.000000002,patch_5508,972.517028,972.673074,461.176571286,461.176571
5499,2.7495,2.74925,2.749749999,0.000000002,0.000000002,patch_5509,972.673074,972.829119,461.176571286,461.176571
5500,2.75,2.749749999,2.750250001,0.000000002,0.000000002,patch_5510,972.829119,972.985165,461.176571286,461.176571
5501,2.7505,2.750250001,2.750749999,0.000000002,0.000000002,patch_5511,972.985165,973.14121,461.176571286,461.176571
5502,2.751,2.750749999,2.751250001,0.000000002,0.000000002,patch_5512,973.14121,973.297256,461.176571286,461.176571
5503,2.7515,2.751250001,2.75175,0.000000002,0.000000002,patch_5513,973.297256,973.453301,461.176571286,461.176571
5504,2.752,2.75175,2.752250001,0.000000002,0.000000002,patch_5514,973.453301,973.609347,461.176571286,461.176571
5505,2.7525,2.752250001,2.75275,0.000000002,0.000000002,patch_5515,973.609347,973.765392,461.176571286,461.176571
5506,2.753,2.75275,2.753250002,0.000000002,0.000000002,patch_5516,973.765392,973.921438,461.176571286,461.176571
5507,2.7535,2.753250002,2.75375,0.000000002,0.000000002,patch_5517,973.921438,974.077483,461.176571286,461.176571
5508,2.754,2.75375,2.754249999,0.000000002,0.000000002,patch_5518,974.077483,974.233528,461.176571286,461.176571
5509,2.7545,2.754249999,2.75475,0.000000002,0.000000002,patch_5519,974.233528,974.389574,461.176571286,461.176571
5510,2.755,2.75475,2.755249999,0.000000002,0.000000002,patch_5520,974.389574,974.545619,461.176571286,461.176571
5511,2.7555,2.755249999,2.755750001,0.000000002,0.000000002,patch_5521,974.545619,974.701665,461.176571286,461.176571
5512,2.756,2.755750001,2.756249999,0.000000002,0.000000002,patch_5522,974.701665,974.85771,461.176571286,461.176571
5513,2.7565,2.756249999,2.756750001,0.000000002,0.000000002,patch_5523,974.85771,975.013756,461.176571286,461.176571
5514,2.757,2.756750001,2.75725,0.000000002,0.000000002,patch_5524,975.013756,975.169801,461.176571286,461.176571
5515,2.7575,2.75725,2.757750001,0.000000002,0.000000002,patch_5525,975.169801,975.325847,461.176571286,461.176571
5516,2.758,2.757750001,2.75825,0.000000002,0.000000002,patch_5526,975.325847,975.481892,461.176571286,461.176571
5517,2.7585,2.75825,2.758750002,0.000000002,0.000000002,patch_5527,975.481892,975.637938,461.176571286,461.176571
5518,2.759,2.758750002,2.75925,0.000000002,0.000000002,patch_5528,975.637938,975.793983,461.176571286,461.176571
5519,2.7595,2.75925,2.759749999,0.000000002,0.000000002,patch_5529,975.793983,975.950028,461.176571286,461.176571
5520,2.76,2.759749999,2.76025,0.000000002,0.000000002,patch_5530,975.950028,976.106074,461.176571286,461.176571
5521,2.7605,2.76025,2.760749999,0.000000002,0.000000002,patch_5531,976.106074,976.262119,461.176571286,461.176571
5522,2.761,2.760749999,2.761250001,0.000000002,0.000000002,patch_5532,976.262119,976.418165,461.176571286,461.176571
5523,2.7615,2.761250001,2.761749999,0.000000002,0.000000002,patch_5533,976.418165,976.57421,461.176571286,461.176571
5524,2.762,2.761749999,2.762250001,0.000000002,0.000000002,patch_5534,976.57421,976.730256,461.176571286,461.176571
5525,2.7625,2.762250001,2.76275,0.000000002,0.000000002,patch_5535,976.730256,976.886301,461.176571286,461.176571
5526,2.763,2.76275,2.763250001,0.000000002,0.000000002,patch_5536,976.886301,977.042347,461.176571286,461.176571
5527,2.7635,2.763250001,2.76375,0.000000002,0.000000002,patch_5537,977.042347,977.198392,461.176571286,461.176571
5528,2.764,2.76375,2.764250002,0.000000002,0.000000002,patch_5538,977.198392,977.354438,461.176571286,461.176571
5529,2.7645,2.764250002,2.76475,0.000000002,0.000000002,patch_5539,977.354438,977.510483,461.176571286,461.176571
5530,2.765,2.76475,2.765249999,0.000000002,0.000000002,patch_5540,977.510483,977.666528,461.176571286,461.176571
5531,2.7655,2.765249999,2.76575,0.000000002,0.000000002,patch_5541,977.666528,977.822574,461.176571286,461.176571
5532,2.766,2.76575,2.766249999,0.000000002,0.000000002,patch_5542,977.822574,977.978619,461.176571286,461.176571
5533,2.7665,2.766249999,2.766750001,0.000000002,0.000000002,patch_5543,977.978619,978.134665,461.176571286,461.176571
5534,2.767,2.766750001,2.767249999,0.000000002,0.000000002,patch_5544,978.134665,978.29071,461.176571286,461.176571
5535,2.7675,2.767249999,2.767750001,0.000000002,0.000000002,patch_5545,978.29071,978.446756,461.176571286,461.176571
5536,2.768,2.767750001,2.76825,0.000000002,0.000000002,patch_5546,978.446756,978.602801,461.176571286,461.176571
5537,2.7685,2.76825,2.768750001,0.000000002,0.000000002,patch_5547,978.602801,978.758847,461.176571286,461.176571
5538,2.769,2.768750001,2.76925,0.000000002,0.000000002,patch_5548,978.758847,978.914892,461.176571286,461.176571
5539,2.7695,2.76925,2.769750002,0.000000002,0.000000002,patch_5549,978.914892,979.070938,461.176571286,461.176571
5540,2.77,2.769750002,2.77025,-0.000000004,-0.000000005,patch_5550,979.070938,979.226983,461.176571286,461.176572
5541,2.7705,2.77025,2.770749999,-0.000000004,-0.000000005,patch_5551,979.226983,979.383028,461.176571286,461.176572
5542,2.771,2.770749999,2.77125,-0.000000004,-0.000000005,patch_5552,979.383028,979.539074,461.176571286,461.176572
5543,2.7715,2.77125,2.771749999,-0.000000004,-0.000000005,patch_5553,979.539074,979.695119,461.176571286,461.176572
5544,2.772,2.771749999,2.772250001,-0.000000004,-0.000000005,patch_5554,979.695119,979.851165,461.176571286,461.176572
5545,2.7725,2.772250001,2.772749999,-0.000000004,-0.000000005,patch_5555,979.851165,980.00721,461.176571286,461.176572
5546,2.773,2.772749999,2.773250001,-0.000000004,-0.000000005,patch_5556,980.00721,980.163256,461.176571286,461.176572
5547,2.7735,2.773250001,2.77375,0.000000002,0.000000002,patch_5557,980.163256,980.319301,461.176571286,461.176571
5548,2.774,2.77375,2.774250001,0.000000008,0.000000009,patch_5558,980.319301,980.475347,461.176571286,461.17657
5549,2.7745,2.774250001,2.77475,0.000000014,0.000000016,patch_5559,980.475347,980.631392,461.176571286,461.176569
5550,2.775,2.77475,2.775250002,0.000000021,0.000000023,patch_5560,980.631392,980.787438,461.176571286,461.176568
5551,2.7755,2.775250002,2.77575,0.000000021,0.000000023,patch_5561,980.787438,980.943483,461.176571286,461.176568
5552,2.776,2.77575,2.776249999,0.000000021,0.000000023,patch_5562,980.943483,981.099528,461.176571286,461.176568
5553,2.7765,2.776249999,2.77675,0.000000014,0.000000016,patch_5563,981.099528,981.255574,461.176571286,461.176569
5554,2.777,2.77675,2.777249999,0.000000008,0.000000009,patch_5564,981.255574,981.411619,461.176571286,461.17657
5555,2.7775,2.777249999,2.777750001,-0.000000011,-0.000000012,patch_5565,981.411619,981.567665,461.176571286,461.176573
5556,2.778,2.777750001,2.778249999,-0.00000003,-0.000000032,patch_5566,981.567665,981.72371,461.176571286,461.176576
5557,2.7785,2.778249999,2.778750001,-0.000000055,-0.00000006,patch_5567,981.72371,981.879756,461.176571286,461.17658
5558,2.779,2.778750001,2.77925,-0.000000074,-0.000000081,patch_5568,981.879756,982.035801,461.176571286,461.176583
5559,2.7795,2.77925,2.779750001,-0.00000008,-0.000000088,patch_5569,982.035801,982.191847,461.176571286,461.176584
5560,2.78,2.779750001,2.78025,-0.00000008,-0.000000088,patch_5570,982.191847,982.347892,461.176571286,461.176584
5561,2.7805,2.78025,2.780750002,-0.000000061,-0.000000067,patch_5571,982.347892,982.503938,461.176571286,461.176581
5562,2.781,2.780750002,2.78125,-0.000000023,-0.000000026,patch_5572,982.503938,982.659983,461.176571286,461.176575
5563,2.7815,2.78125,2.781749999,0.00000004,0.000000043,patch_5573,982.659983,982.816028,461.176571286,461.176565
5564,2.782,2.781749999,2.78225,0.000000115,0.000000126,patch_5574,982.816028,982.972074,461.176571286,461.176553
5565,2.7825,2.78225,2.782749999,0.000000197,0.000000216,patch_5575,982.972074,983.128119,461.176571286,461.17654
5566,2.783,2.782749999,2.783250001,0.000000266,0.000000292,patch_5576,983.128119,983.284165,461.176571286,461.176529
5567,2.7835,2.783250001,2.783749999,0.000000304,0.000000333,patch_5577,983.284165,983.44021,461.176571286,461.176523
5568,2.784,2.783749999,2.784250001,0.000000298,0.000000326,patch_5578,983.44021,983.596256,461.176571286,461.176524
5569,2.7845,2.784250001,2.78475,0.000000235,0.000000257,patch_5579,983.596256,983.752301,461.176571286,461.176534
5570,2.785,2.78475,2.785250001,0.00000009,0.000000098,patch_5580,983.752301,983.908347,461.176571286,461.176557
5571,2.7855,2.785250001,2.78575,-0.000000137,-0.00000015,patch_5581,983.908347,984.064392,461.176571286,461.176593
5572,2.786,2.78575,2.786250002,-0.000000433,-0.000000474,patch_5582,984.064392,984.220438,461.176571286,461.17664
5573,2.7865,2.786250002,2.78675,-0.000000735,-0.000000805,patch_5583,984.220438,984.376483,461.176571286,461.176688
5574,2.787,2.78675,2.787249999,-0.000000987,-0.00000108,patch_5584,984.376483,984.532528,461.176571286,461.176728
5575,2.7875,2.787249999,2.78775,-0.000001131,-0.000001239,patch_5585,984.532528,984.688574,461.176571286,461.176751
5576,2.788,2.78775,2.788249999,-0.000001113,-0.000001218,patch_5586,984.688574,984.844619,461.176571286,461.176748
5577,2.7885,2.788249999,2.788750001,-0.000000873,-0.000000956,patch_5587,984.844619,985.000665,461.176571286,461.17671
5578,2.789,2.788750001,2.789249999,-0.000000351,-0.000000384,patch_5588,985.000665,985.15671,461.176571286,461.176627
5579,2.7895,2.789249999,2.789750001,0.000000499,0.000000547,patch_5589,985.15671,985.312756,461.176571286,461.176492
5580,2.79,2.789750001,2.79025,0.000001595,0.000001746,patch_5590,985.312756,985.468801,461.176571286,461.176318
5581,2.7905,2.79025,2.790750001,0.000002721,0.00000298,patch_5591,985.468801,985.624847,461.176571286,461.176139
5582,2.791,2.790750001,2.79125,0.000003666,0.000004014,patch_5592,985.624847,985.780892,461.176571286,461.175989
5583,2.7915,2.79125,2.791750002,0.00000422,0.000004621,patch_5593,985.780892,985.936938,461.176571286,461.175901
5584,2.792,2.791749998,2.79225,0.000004157,0.000004552,patch_5594,985.936937,986.092983,461.176571286,461.175911
5585,2.7925,2.79225,2.792749999,0.000003269,0.00000358,patch_5595,986.092983,986.249028,461.176571286,461.176052
5586,2.793,2.792749999,2.79325,0.000001343,0.00000147,patch_5596,986.249028,986.405074,461.176571286,461.176358
5587,2.7935,2.79325,2.793749999,-0.000001811,-0.000001983,patch_5597,986.405074,986.561119,461.176571286,461.176859
5588,2.794,2.793749999,2.794250001,-0.000005885,-0.000006444,patch_5598,986.561119,986.717165,461.176571286,461.177506
5589,2.7945,2.794250001,2.794749999,-0.000010096,-0.000011056,patch_5599,986.717165,986.87321,461.176571286,461.178175
5590,2.795,2.794749999,2.795250001,-0.000013641,-0.000014937,patch_5600,986.87321,987.029256,461.176571286,461.178738
5591,2.7955,2.795250001,2.79575,-0.000015724,-0.000017219,patch_5601,987.029256,987.185301,461.176571286,461.179069
5592,2.796,2.79575,2.796250001,-0.000015536,-0.000017012,patch_5602,987.185301,987.341347,461.176571286,461.179039
5593,2.7965,2.796250001,2.79675,-0.000012281,-0.000013448,patch_5603,987.341347,987.497392,461.176571286,461.178522
5594,2.797,2.79675,2.797250002,-0.000005154,-0.000005644,patch_5604,987.497392,987.653438,461.176571286,461.17739
5595,2.7975,2.797250002,2.79775,0.000006555,0.000007179,patch_5605,987.653438,987.809483,461.176571286,461.17553
5596,2.798,2.79775,2.798249999,0.000021728,0.000023793,patch_5606,987.809483,987.965528,461.176571286,461.17312
5597,2.7985,2.798249999,2.79875,0.000037454,0.000041014,patch_5607,987.965528,988.121574,461.176571286,461.170622
5598,2.799,2.79875,2.799249999,0.00005075,0.000055574,patch_5608,988.121574,988.277619,461.176571286,461.16851
5599,2.7995,2.799249999,2.799750001,0.000058613,0.000064184,patch_5609,988.277619,988.433665,461.176571286,461.167261
5600,2.8,2.799750001,2.800249999,0.000058066,0.000063584,patch_5610,988.433665,988.58971,461.176571286,461.167348
5601,2.8005,2.800249999,2.800750001,0.00004611,0.000050493,patch_5611,988.58971,988.745756,461.176571286,461.169247
5602,2.801,2.800750001,2.80125,0.00001977,0.000021649,patch_5612,988.745756,988.901801,461.176571286,461.173431
5603,2.8015,2.80125,2.801750001,-0.000023676,-0.000025926,patch_5613,988.901801,989.057847,461.176571286,461.180332
5604,2.802,2.801750001,2.80225,-0.000080197,-0.000087819,patch_5614,989.057847,989.213892,461.176571286,461.18931
5605,2.8025,2.80225,2.802750002,-0.000138947,-0.000152153,patch_5615,989.213892,989.369938,461.176571286,461.198642
5606,2.803,2.802750002,2.80325,-0.000188776,-0.000206718,patch_5616,989.369938,989.525983,461.176571286,461.206557
5607,2.8035,2.80325,2.803749999,-0.000218516,-0.000239285,patch_5617,989.525983,989.682028,461.176571286,461.211281
5608,2.804,2.803749999,2.80425,-0.000217018,-0.000237644,patch_5618,989.682028,989.838074,461.176571286,461.211043
5609,2.8045,2.80425,2.804749999,-0.000173132,-0.000189587,patch_5619,989.838074,989.994119,461.176571286,461.204072
5610,2.805,2.804749999,2.805250001,-0.000075702,-0.000082897,patch_5620,989.994119,990.150165,461.176571286,461.188596
5611,2.8055,2.805250001,2.805749999,0.00008547,0.000093593,patch_5621,990.150165,990.30621,461.176571286,461.162995
5612,2.806,2.805749999,2.806250001,0.000295968,0.000324098,patch_5622,990.30621,990.462256,461.176571286,461.129559
5613,2.8065,2.806250001,2.80675,0.000515411,0.000564398,patch_5623,990.462256,990.618301,461.176571286,461.094702
5614,2.807,2.80675,2.807250001,0.000702168,0.000768906,patch_5624,990.618301,990.774347,461.176571286,461.065037
5615,2.8075,2.807250001,2.80775,0.0008146,0.000892024,patch_5625,990.774347,990.930392,461.176571286,461.047178
5616,2.808,2.80775,2.808250002,0.000811081,0.00088817,patch_5626,990.930392,991.086438,461.176571286,461.047737
5617,2.8085,2.808250002,2.80875,0.000649985,0.000711762,patch_5627,991.086438,991.242483,461.176571286,461.073326
5618,2.809,2.80875,2.809249999,0.000289666,0.000317197,patch_5628,991.242483,991.398528,461.176571286,461.13056
5619,2.8095,2.809249999,2.80975,-0.000308215,-0.000337509,patch_5629,991.398528,991.554574,461.176571286,461.225529
5620,2.81,2.80975,2.810249999,-0.001092129,-0.00119593,patch_5630,991.554574,991.710619,461.176571286,461.350048
5621,2.8105,2.810249999,2.810750001,-0.001911752,-0.002093453,patch_5631,991.710619,991.866665,461.176571286,461.480239
5622,2.811,2.810750001,2.811249999,-0.002611708,-0.002859937,patch_5632,991.866665,992.02271,461.176571286,461.591422
5623,2.8115,2.811249999,2.811750001,-0.003036638,-0.003325254,patch_5633,992.02271,992.178756,461.176571286,461.658919
5624,2.812,2.811750001,2.81225,-0.003031167,-0.003319263,patch_5634,992.178756,992.334801,461.176571286,461.65805
5625,2.8125,2.81225,2.812750001,-0.002439922,-0.002671823,patch_5635,992.334801,992.490847,461.176571286,461.564135
5626,2.813,2.812750001,2.81325,-0.001107528,-0.001212793,patch_5636,992.490847,992.646892,461.176571286,461.352494
5627,2.8135,2.81325,2.813750002,0.001114406,0.001220325,patch_5637,992.646892,992.802938,461.176571286,460.999556
5628,2.814,2.813750002,2.81425,0.004167654,0.004563767,patch_5638,992.802938,992.958983,461.176571286,460.51457
5629,2.8145,2.81425,2.814749999,0.007757861,0.008495203,patch_5639,992.958983,993.115028,461.176571286,459.944292
5630,2.815,2.814749999,2.81525,0.011577766,0.01267817,patch_5640,993.115028,993.271074,461.176571286,459.337528
5631,2.8155,2.81525,2.815749999,0.015320111,0.016776205,patch_5641,993.271074,993.427119,461.176571286,458.743084
5632,2.816,2.815749999,2.816250001,0.018677641,0.02045285,patch_5642,993.427119,993.583165,461.176571286,458.209765
5633,2.8165,2.816250001,2.816749999,0.021343096,0.023371642,patch_5643,993.583165,993.73921,461.176571286,457.786377
5634,2.817,2.816749999,2.817250001,0.023009222,0.025196125,patch_5644,993.73921,993.895256,461.176571286,457.521725
5635,2.8175,2.817250001,2.81775,0.023377971,0.025599921,patch_5645,993.895256,994.051301,461.176571286,457.463152
5636,2.818,2.81775,2.818250001,0.022447201,0.024580686,patch_5646,994.051301,994.207347,461.176571286,457.610998
5637,2.8185,2.818250001,2.81875,0.020566453,0.022521183,patch_5647,994.207347,994.363392,461.176571286,457.909741
5638,2.819,2.81875,2.819250002,0.018105729,0.019826581,patch_5648,994.363392,994.519438,461.176571286,458.300609
5639,2.8195,2.819250002,2.81975,0.015435048,0.016902066,patch_5649,994.519438,994.675483,461.176571286,458.724827
5640,2.82,2.81975,2.820249999,0.012924426,0.014152823,patch_5650,994.675483,994.831528,461.176571286,459.123621
5641,2.8205,2.820249999,2.82075,0.010943881,0.011984038,patch_5651,994.831528,994.987574,461.176571286,459.438216
5642,2.821,2.82075,2.821249999,0.009863428,0.010800894,patch_5652,994.987574,995.143619,461.176571286,459.609838
5643,2.8215,2.821249999,2.821750001,0.01004377,0.010998377,patch_5653,995.143619,995.299665,461.176571286,459.581192
5644,2.822,2.821750001,2.822249999,0.011520703,0.012615684,patch_5654,995.299665,995.45571,461.176571286,459.346592
5645,2.8225,2.822249999,2.822750001,0.013928388,0.015252206,patch_5655,995.45571,995.611756,461.176571286,458.964149
5646,2.823,2.822750001,2.82325,0.016876072,0.018480051,patch_5656,995.611756,995.767801,461.176571286,458.495931
5647,2.8235,2.82325,2.823750001,0.01997301,0.021871337,patch_5657,995.767801,995.923847,461.176571286,458.004005
5648,2.824,2.823750001,2.82425,0.022828471,0.024998194,patch_5658,995.923847,996.079892,461.176571286,457.550436
5649,2.8245,2.82425,2.824750002,0.025051709,0.027432739,patch_5659,996.079892,996.235938,461.176571286,457.197291
5650,2.825,2.824750002,2.82525,0.026251972,0.02874708,patch_5660,996.235938,996.391983,461.176571286,457.006638
5651,2.8255,2.82525,2.825749999,0.026046574,0.02852216,patch_5661,996.391983,996.548028,461.176571286,457.039264
5652,2.826,2.825749999,2.82625,0.02435879,0.026673962,patch_5662,996.548028,996.704074,461.176571286,457.307356
5653,2.8265,2.82625,2.826749999,0.021505388,0.02354936,patch_5663,996.704074,996.860119,461.176571286,457.760598
5654,2.827,2.826749999,2.827250001,0.017829052,0.019523608,patch_5664,996.860119,997.016165,461.176571286,458.344557
5655,2.8275,2.827250001,2.827749999,0.013672462,0.014971955,patch_5665,997.016165,997.17221,461.176571286,459.004801
5656,2.828,2.827749999,2.828250001,0.009378288,0.010269644,patch_5666,997.17221,997.328256,461.176571286,459.686899
5657,2.8285,2.828250001,2.82875,0.005289217,0.005791928,patch_5667,997.328256,997.484301,461.176571286,460.336418
5658,2.829,2.82875,2.829250001,0.00174792,0.00191405,patch_5668,997.484301,997.640347,461.176571286,460.898927
5659,2.8295,2.829250001,2.82975,-0.000907978,-0.000994277,patch_5669,997.640347,997.796392,461.176571286,461.320797
5660,2.83,2.82975,2.830250002,-0.002551284,-0.002793769,patch_5670,997.796392,997.952438,461.176571286,461.581824
5661,2.8305,2.830250002,2.83075,-0.003336325,-0.003653424,patch_5671,997.952438,998.108483,461.176571286,461.706522
5662,2.831,2.83075,2.831249999,-0.003437116,-0.003763796,patch_5672,998.108483,998.264528,461.176571286,461.722532
5663,2.8315,2.831249999,2.83175,-0.003027642,-0.003315403,patch_5673,998.264528,998.420574,461.176571286,461.65749
5664,2.832,2.83175,2.832249999,-0.002281917,-0.0024988,patch_5674,998.420574,998.576619,461.176571286,461.539037
5665,2.8325,2.832249999,2.832750001,-0.001373943,-0.001504528,patch_5675,998.576619,998.732665,461.176571286,461.394812
5666,2.833,2.832750001,2.833249999,-0.000477716,-0.000523121,patch_5676,998.732665,998.88871,461.176571286,461.252453
5667,2.8335,2.833249999,2.833750001,0.000234681,0.000256986,patch_5677,998.88871,999.044756,461.176571286,461.139294
5668,2.834,2.833750001,2.83425,0.000678818,0.000743336,patch_5678,999.044756,999.200801,461.176571286,461.068746
5669,2.8345,2.83425,2.834750001,0.000892281,0.000977087,patch_5679,999.200801,999.356847,461.176571286,461.034839
5670,2.835,2.834750001,2.83525,0.000921694,0.001009296,patch_5680,999.356847,999.512892,461.176571286,461.030167
5671,2.8355,2.83525,2.835750002,0.000813687,0.000891024,patch_5681,999.512892,999.668938,461.176571286,461.047323
5672,2.836,2.835750002,2.83625,0.000614881,0.000673322,patch_5682,999.668938,999.824983,461.176571286,461.078902
5673,2.8365,2.83625,2.836749999,0.000371898,0.000407245,patch_5683,999.824983,999.981028,461.176571286,461.117498
5674,2.837,2.836749999,2.83725,0.000131358,0.000143843,patch_5684,999.981028,1000.137074,461.176571286,461.155706
5675,2.8375,2.83725,2.837749999,-0.000060561,-0.000066317,patch_5685,1000.137074,1000.293119,461.176571286,461.186191
5676,2.838,2.837749999,2.838250001,-0.000180586,-0.000197749,patch_5686,1000.293119,1000.449165,461.176571286,461.205256
5677,2.8385,2.838250001,2.838749999,-0.000238624,-0.000261304,patch_5687,1000.449165,1000.60521,461.176571286,461.214475
5678,2.839,2.838749999,2.839250001,-0.000247155,-0.000270645,patch_5688,1000.60521,1000.761256,461.176571286,461.21583
5679,2.8395,2.839250001,2.83975,-0.000218674,-0.000239457,patch_5689,1000.761256,1000.917301,461.176571286,461.211306
5680,2.84,2.83975,2.840250001,-0.000165678,-0.000181425,patch_5690,1000.917301,1001.073347,461.176571286,461.202888
5681,2.8405,2.840250001,2.84075,-0.000100658,-0.000110225,patch_5691,1001.073347,1001.229392,461.176571286,461.19256
5682,2.841,2.84075,2.841250002,-0.000036103,-0.000039535,patch_5692,1001.229392,1001.385438,461.176571286,461.182306
5683,2.8415,2.841250002,2.84175,0.000015602,0.000017085,patch_5693,1001.385438,1001.541483,461.176571286,461.174093
5684,2.842,2.84175,2.842249999,0.000048037,0.000052602,patch_5694,1001.541483,1001.697528,461.176571286,461.168941
5685,2.8425,2.842249999,2.84275,0.000063813,0.000069878,patch_5695,1001.697528,1001.853574,461.176571286,461.166435
5686,2.843,2.84275,2.843249999,0.000066269,0.000072567,patch_5696,1001.853574,1002.009619,461.176571286,461.166045
5687,2.8435,2.843249999,2.843750001,0.000058764,0.00006435,patch_5697,1002.009619,1002.165665,461.176571286,461.167237
5688,2.844,2.843750001,2.844249999,0.000044637,0.00004888,patch_5698,1002.165665,1002.32171,461.176571286,461.169481
5689,2.8445,2.844249999,2.844750001,0.000027243,0.000029832,patch_5699,1002.32171,1002.477756,461.176571286,461.172244
5690,2.845,2.844750001,2.84525,0.000009917,0.00001086,patch_5700,1002.477756,1002.633801,461.176571286,461.174996
5691,2.8455,2.84525,2.845750001,-0.000004008,-0.000004389,patch_5701,1002.633801,1002.789847,461.176571286,461.177208
5692,2.846,2.845750001,2.84625,-0.000012778,-0.000013993,patch_5702,1002.789847,1002.945892,461.176571286,461.178601
5693,2.8465,2.84625,2.846750002,-0.000017065,-0.000018687,patch_5703,1002.945892,1003.101938,461.176571286,461.179282
5694,2.847,2.846750002,2.84725,-0.000017771,-0.000019459,patch_5704,1003.101938,1003.257983,461.176571286,461.179394
5695,2.8475,2.84725,2.847749999,-0.000015794,-0.000017295,patch_5705,1003.257983,1003.414028,461.176571286,461.17908
5696,2.848,2.847749999,2.84825,-0.000012029,-0.000013172,patch_5706,1003.414028,1003.570074,461.176571286,461.178482
5697,2.8485,2.84825,2.848749999,-0.00000737,-0.000008071,patch_5707,1003.570074,1003.726119,461.176571286,461.177742
5698,2.849,2.848749999,2.849250001,-0.000002724,-0.000002983,patch_5708,1003.726119,1003.882165,461.176571286,461.177004
5699,2.8495,2.849250001,2.849749999,0.000001028,0.000001126,patch_5709,1003.882165,1004.03821,461.176571286,461.176408
5700,2.85,2.849749999,2.850250001,0.000003395,0.000003718,patch_5710,1004.03821,1004.194256,461.176571286,461.176032
5701,2.8505,2.850250001,2.85075,0.00000456,0.000004993,patch_5711,1004.194256,1004.350301,461.176571286,461.175847
5702,2.851,2.85075,2.851250001,0.000004761,0.000005214,patch_5712,1004.350301,1004.506347,461.176571286,461.175815
5703,2.8515,2.851250001,2.85175,0.000004245,0.000004648,patch_5713,1004.506347,1004.662392,461.176571286,461.175897
5704,2.852,2.85175,2.852250002,0.000003238,0.000003545,patch_5714,1004.662392,1004.818438,461.176571286,461.176057
5705,2.8525,2.852250002,2.85275,0.000001991,0.00000218,patch_5715,1004.818438,1004.974483,461.176571286,461.176255
5706,2.853,2.85275,2.853249999,0.000000745,0.000000815,patch_5716,1004.974483,1005.130528,461.176571286,461.176453
5707,2.8535,2.853249999,2.85375,-0.000000263,-0.000000288,patch_5717,1005.130528,1005.286574,461.176571286,461.176613
5708,2.854,2.85375,2.854249999,-0.000000905,-0.000000991,patch_5718,1005.286574,1005.442619,461.176571286,461.176715
5709,2.8545,2.854249999,2.854750001,-0.00000122,-0.000001335,patch_5719,1005.442619,1005.598665,461.176571286,461.176765
5710,2.855,2.854750001,2.855249999,-0.000001276,-0.000001397,patch_5720,1005.598665,1005.75471,461.176571286,461.176774
5711,2.8555,2.855249999,2.855750001,-0.000001138,-0.000001246,patch_5721,1005.75471,1005.910756,461.176571286,461.176752
5712,2.856,2.855750001,2.85625,-0.000000873,-0.000000956,patch_5722,1005.910756,1006.066801,461.176571286,461.17671
5713,2.8565,2.85625,2.856750001,-0.00000054,-0.000000591,patch_5723,1006.066801,1006.222847,461.176571286,461.176657
5714,2.857,2.856750001,2.85725,-0.000000206,-0.000000226,patch_5724,1006.222847,1006.378892,461.176571286,461.176604
5715,2.8575,2.85725,2.857750002,0.000000065,0.000000071,patch_5725,1006.378892,1006.534938,461.176571286,461.176561
5716,2.858,2.857750002,2.85825,0.000000241,0.000000264,patch_5726,1006.534938,1006.690983,461.176571286,461.176533
5717,2.8585,2.85825,2.858749999,0.000000329,0.00000036,patch_5727,1006.690983,1006.847028,461.176571286,461.176519
5718,2.859,2.858749999,2.85925,0.000000342,0.000000374,patch_5728,1006.847028,1007.003074,461.176571286,461.176517
5719,2.8595,2.85925,2.859749999,0.000000304,0.000000333,patch_5729,1007.003074,1007.159119,461.176571286,461.176523
5720,2.86,2.859749999,2.860250001,0.000000235,0.000000257,patch_5730,1007.159119,1007.315165,461.176571286,461.176534
5721,2.8605,2.860250001,2.860749999,0.000000147,0.000000161,patch_5731,1007.315165,1007.47121,461.176571286,461.176548
5722,2.861,2.860749999,2.861250001,0.000000058,0.000000064,patch_5732,1007.47121,1007.627256,461.176571286,461.176562
5723,2.8615,2.861250001,2.86175,-0.000000017,-0.000000019,patch_5733,1007.627256,1007.783301,461.176571286,461.176574
5724,2.862,2.86175,2.862250001,-0.000000061,-0.000000067,patch_5734,1007.783301,1007.939347,461.176571286,461.176581
5725,2.8625,2.862250001,2.86275,-0.000000086,-0.000000095,patch_5735,1007.939347,1008.095392,461.176571286,461.176585
5726,2.863,2.86275,2.863250002,-0.000000093,-0.000000101,patch_5736,1008.095392,1008.251438,461.176571286,461.176586
5727,2.8635,2.863250002,2.86375,-0.00000008,-0.000000088,patch_5737,1008.251438,1008.407483,461.176571286,461.176584
5728,2.864,2.86375,2.864249999,-0.000000061,-0.000000067,patch_5738,1008.407483,1008.563528,461.176571286,461.176581
5729,2.8645,2.864249999,2.86475,-0.000000042,-0.000000046,patch_5739,1008.563528,1008.719574,461.176571286,461.176578
5730,2.865,2.86475,2.865249999,-0.000000017,-0.000000019,patch_5740,1008.719574,1008.875619,461.176571286,461.176574
5731,2.8655,2.865249999,2.865750001,0.000000002,0.000000002,patch_5741,1008.875619,1009.031665,461.176571286,461.176571
5732,2.866,2.865750001,2.866249999,0.000000014,0.000000016,patch_5742,1009.031665,1009.18771,461.176571286,461.176569
5733,2.8665,2.866249999,2.866750001,0.000000021,0.000000023,patch_5743,1009.18771,1009.343756,461.176571286,461.176568
5734,2.867,2.866750001,2.867249999,0.000000027,0.00000003,patch_5744,1009.343756,1009.499801,461.176571286,461.176567
5735,2.8675,2.867249999,2.867750001,0.000000021,0.000000023,patch_5745,1009.499801,1009.655847,461.176571286,461.176568
5736,2.868,2.867750001,2.86825,0.000000014,0.000000016,patch_5746,1009.655847,1009.811892,461.176571286,461.176569
5737,2.8685,2.86825,2.868750002,0.000000008,0.000000009,patch_5747,1009.811892,1009.967938,461.176571286,461.17657
5738,2.869,2.868750002,2.86925,0.000000002,0.000000002,patch_5748,1009.967938,1010.123983,461.176571286,461.176571
5739,2.8695,2.86925,2.869749999,0.000000002,0.000000002,patch_5749,1010.123983,1010.280028,461.176571286,461.176571
5740,2.87,2.869749999,2.87025,-0.000000004,-0.000000005,patch_5750,1010.280028,1010.436074,461.176571286,461.176572
5741,2.8705,2.87025,2.870749999,-0.000000004,-0.000000005,patch_5751,1010.436074,1010.592119,461.176571286,461.176572
5742,2.871,2.870749999,2.871250001,-0.000000004,-0.000000005,patch_5752,1010.592119,1010.748165,461.176571286,461.176572
5743,2.8715,2.871250001,2.871749999,-0.000000004,-0.000000005,patch_5753,1010.748165,1010.90421,461.176571286,461.176572
5744,2.872,2.871749999,2.872250001,-0.000000004,-0.000000005,patch_5754,1010.90421,1011.060256,461.176571286,461.176572
5745,2.8725,2.872250001,2.872749999,-0.000000004,-0.000000005,patch_5755,1011.060256,1011.216301,461.176571286,461.176572
5746,2.873,2.872749999,2.873250001,0.000000002,0.000000002,patch_5756,1011.216301,1011.372347,461.176571286,461.176571
5747,2.8735,2.873250001,2.87375,0.000000002,0.000000002,patch_5757,1011.372347,1011.528392,461.176571286,461.176571
5748,2.874,2.87375,2.874250002,0.000000002,0.000000002,patch_5758,1011.528392,1011.684438,461.176571286,461.176571
5749,2.8745,2.874250002,2.87475,0.000000002,0.000000002,patch_5759,1011.684438,1011.840483,461.176571286,461.176571
5750,2.875,2.87475,2.875249999,-0.000000004,-0.000000005,patch_5760,1011.840483,1011.996528,461.176571286,461.176572
5751,2.8755,2.875249999,2.87575,-0.000000004,-0.000000005,patch_5761,1011.996528,1012.152574,461.176571286,461.176572
5752,2.876,2.87575,2.876249999,-0.000000004,-0.000000005,patch_5762,1012.152574,1012.308619,461.176571286,461.176572
5753,2.8765,2.876249999,2.876750001,-0.000000004,-0.000000005,patch_5763,1012.308619,1012.464665,461.176571286,461.176572
5754,2.877,2.876750001,2.877249999,-0.000000004,-0.000000005,patch_5764,1012.464665,1012.62071,461.176571286,461.176572
5755,2.8775,2.877249999,2.877750001,0.000000002,0.000000002,patch_5765,1012.62071,1012.776756,461.176571286,461.176571
5756,2.878,2.877750001,2.878249999,0.000000002,0.000000002,patch_5766,1012.776756,1012.932801,461.176571286,461.176571
5757,2.8785,2.878249999,2.878750001,0.000000008,0.000000009,patch_5767,1012.932801,1013.088847,461.176571286,461.17657
5758,2.879,2.878750001,2.87925,0.000000014,0.000000016,patch_5768,1013.088847,1013.244892,461.176571286,461.176569
5759,2.8795,2.87925,2.879750002,0.000000014,0.000000016,patch_5769,1013.244892,1013.400938,461.176571286,461.176569
5760,2.88,2.879750002,2.88025,0.000000014,0.000000016,patch_5770,1013.400938,1013.556983,461.176571286,461.176569
5761,2.8805,2.88025,2.880749999,0.000000014,0.000000016,patch_5771,1013.556983,1013.713028,461.176571286,461.176569
5762,2.881,2.880749999,2.88125,0.000000008,0.000000009,patch_5772,1013.713028,1013.869074,461.176571286,461.17657
5763,2.8815,2.88125,2.881749999,-0.000000004,-0.000000005,patch_5773,1013.869074,1014.025119,461.176571286,461.176572
5764,2.882,2.881749999,2.882250001,-0.000000017,-0.000000019,patch_5774,1014.025119,1014.181165,461.176571286,461.176574
5765,2.8825,2.882250001,2.882749999,-0.000000036,-0.000000039,patch_5775,1014.181165,1014.33721,461.176571286,461.176577
5766,2.883,2.882749999,2.883250001,-0.000000049,-0.000000053,patch_5776,1014.33721,1014.493256,461.176571286,461.176579
5767,2.8835,2.883250001,2.883749999,-0.000000061,-0.000000067,patch_5777,1014.493256,1014.649301,461.176571286,461.176581
5768,2.884,2.883749999,2.884250001,-0.000000061,-0.000000067,patch_5778,1014.649301,1014.805347,461.176571286,461.176581
5769,2.8845,2.884250001,2.88475,-0.000000055,-0.00000006,patch_5779,1014.805347,1014.961392,461.176571286,461.17658
5770,2.885,2.88475,2.885250002,-0.00000003,-0.000000032,patch_5780,1014.961392,1015.117438,461.176571286,461.176576
5771,2.8855,2.885250002,2.88575,0.000000008,0.000000009,patch_5781,1015.117438,1015.273483,461.176571286,461.17657
5772,2.886,2.88575,2.886249999,0.000000065,0.000000071,patch_5782,1015.273483,1015.429528,461.176571286,461.176561
5773,2.8865,2.886249999,2.88675,0.000000128,0.00000014,patch_5783,1015.429528,1015.585574,461.176571286,461.176551
5774,2.887,2.88675,2.887249999,0.000000184,0.000000202,patch_5784,1015.585574,1015.741619,461.176571286,461.176542
5775,2.8875,2.887249999,2.887750001,0.000000228,0.00000025,patch_5785,1015.741619,1015.897665,461.176571286,461.176535
5776,2.888,2.887750001,2.888249999,0.000000235,0.000000257,patch_5786,1015.897665,1016.05371,461.176571286,461.176534
5777,2.8885,2.888249999,2.888750001,0.000000203,0.000000223,patch_5787,1016.05371,1016.209756,461.176571286,461.176539
5778,2.889,2.888750001,2.889249999,0.000000121,0.000000133,patch_5788,1016.209756,1016.365801,461.176571286,461.176552
5779,2.8895,2.889249999,2.889750001,-0.00000003,-0.000000032,patch_5789,1016.365801,1016.521847,461.176571286,461.176576
5780,2.89,2.889750001,2.89025,-0.000000244,-0.000000267,patch_5790,1016.521847,1016.677892,461.176571286,461.17661
5781,2.8905,2.89025,2.890750002,-0.000000483,-0.000000529,patch_5791,1016.677892,1016.833938,461.176571286,461.176648
5782,2.891,2.890750002,2.89125,-0.000000697,-0.000000763,patch_5792,1016.833938,1016.989983,461.176571286,461.176682
5783,2.8915,2.89125,2.891749999,-0.000000848,-0.000000929,patch_5793,1016.989983,1017.146028,461.176571286,461.176706
5784,2.892,2.891749999,2.89225,-0.000000886,-0.00000097,patch_5794,1017.146028,1017.302074,461.176571286,461.176712
5785,2.8925,2.89225,2.892749999,-0.000000773,-0.000000846,patch_5795,1017.302074,1017.458119,461.176571286,461.176694
5786,2.893,2.892749999,2.893250001,-0.000000458,-0.000000501,patch_5796,1017.458119,1017.614165,461.176571286,461.176644
5787,2.8935,2.893250001,2.893749999,0.000000103,0.000000112,patch_5797,1017.614165,1017.77021,461.176571286,461.176555
5788,2.894,2.893749999,2.894250001,0.000000896,0.000000981,patch_5798,1017.77021,1017.926256,461.176571286,461.176429
5789,2.8945,2.894250001,2.894749999,0.000001777,0.000001946,patch_5799,1017.926256,1018.082301,461.176571286,461.176289
5790,2.895,2.894749999,2.895250001,0.000002589,0.000002835,patch_5800,1018.082301,1018.238347,461.176571286,461.17616
5791,2.8955,2.895250001,2.89575,0.000003156,0.000003456,patch_5801,1018.238347,1018.394392,461.176571286,461.17607
5792,2.896,2.89575,2.896250002,0.000003313,0.000003628,patch_5802,1018.394392,1018.550438,461.176571286,461.176045
5793,2.8965,2.896250002,2.89675,0.000002898,0.000003173,patch_5803,1018.550438,1018.706483,461.176571286,461.176111
5794,2.897,2.89675,2.897249999,0.000001733,0.000001898,patch_5804,1018.706483,1018.862528,461.176571286,461.176296
5795,2.8975,2.897249999,2.89775,-0.000000332,-0.000000363,patch_5805,1018.862528,1019.018574,461.176571286,461.176624
5796,2.898,2.89775,2.898249999,-0.000003291,-0.000003604,patch_5806,1019.018574,1019.174619,461.176571286,461.177094
5797,2.8985,2.898249999,2.898750001,-0.000006596,-0.000007223,patch_5807,1019.174619,1019.330665,461.176571286,461.177619
5798,2.899,2.898750001,2.899249999,-0.000009624,-0.000010539,patch_5808,1019.330665,1019.48671,461.176571286,461.1781
5799,2.8995,2.899249999,2.899750001,-0.000011758,-0.000012876,patch_5809,1019.48671,1019.642756,461.176571286,461.178439
5800,2.9,2.899750001,2.900249999,-0.000012375,-0.000013551,patch_5810,1019.642756,1019.798801,461.176571286,461.178537
5801,2.9005,2.900249999,2.900750001,-0.000010852,-0.000011883,patch_5811,1019.798801,1019.954847,461.176571286,461.178295
5802,2.901,2.900750001,2.90125,-0.000006564,-0.000007188,patch_5812,1019.954847,1020.110892,461.176571286,461.177614
5803,2.9015,2.90125,2.901750002,0.000001104,0.000001208,patch_5813,1020.110892,1020.266938,461.176571286,461.176396
5804,2.902,2.901750002,2.90225,0.000012096,0.000013245,patch_5814,1020.266938,1020.422983,461.176571286,461.17465
5805,2.9025,2.90225,2.902749999,0.000024422,0.000026743,patch_5815,1020.422983,1020.579028,461.176571286,461.172692
5806,2.903,2.902749999,2.90325,0.000035767,0.000039166,patch_5816,1020.579028,1020.735074,461.176571286,461.17089
5807,2.9035,2.90325,2.903749999,0.000043806,0.00004797,patch_5817,1020.735074,1020.891119,461.176571286,461.169613
5808,2.904,2.903749999,2.904250001,0.000046211,0.000050603,patch_5818,1020.891119,1021.047165,461.176571286,461.169231
5809,2.9045,2.904250001,2.904749999,0.000040658,0.000044523,patch_5819,1021.047165,1021.20321,461.176571286,461.170113
5810,2.905,2.904749999,2.905250001,0.000024838,0.000027198,patch_5820,1021.20321,1021.359256,461.176571286,461.172626
5811,2.9055,2.905250001,2.905749999,-0.00000358,-0.000003921,patch_5821,1021.359256,1021.515301,461.176571286,461.17714
5812,2.906,2.905749999,2.906250001,-0.000044464,-0.00004869,patch_5822,1021.515301,1021.671347,461.176571286,461.183634
5813,2.9065,2.906250001,2.90675,-0.000090471,-0.00009907,patch_5823,1021.671347,1021.827392,461.176571286,461.190942
5814,2.907,2.90675,2.907250002,-0.000132922,-0.000145556,patch_5824,1021.827392,1021.983438,461.176571286,461.197685
5815,2.9075,2.907250002,2.90775,-0.00016316,-0.000178667,patch_5825,1021.983438,1022.139483,461.176571286,461.202488
5816,2.908,2.90775,2.908249999,-0.000172515,-0.000188911,patch_5826,1022.139483,1022.295528,461.176571286,461.203974
5817,2.9085,2.908249999,2.90875,-0.000152319,-0.000166796,patch_5827,1022.295528,1022.451574,461.176571286,461.200766
5818,2.909,2.90875,2.909249999,-0.000093909,-0.000102834,patch_5828,1022.451574,1022.607619,461.176571286,461.191488
5819,2.9095,2.909249999,2.909750001,0.000011384,0.000012466,patch_5829,1022.607619,1022.763665,461.176571286,461.174763
5820,2.91,2.909750001,2.910249999,0.000163434,0.000178967,patch_5830,1022.763665,1022.91971,461.176571286,461.150611
5821,2.9105,2.910249999,2.910750001,0.000335069,0.000366916,patch_5831,1022.91971,1023.075756,461.176571286,461.123348
5822,2.911,2.910750001,2.911249999,0.00049395,0.000540897,patch_5832,1023.075756,1023.231801,461.176571286,461.098111
5823,2.9115,2.911249999,2.911750001,0.000607723,0.000665483,patch_5833,1023.231801,1023.387847,461.176571286,461.080039
5824,2.912,2.911750001,2.91225,0.000644048,0.000705261,patch_5834,1023.387847,1023.543892,461.176571286,461.074269
5825,2.9125,2.91225,2.912750002,0.000570573,0.000624803,patch_5835,1023.543892,1023.699938,461.176571286,461.08594
5826,2.913,2.912750002,2.91325,0.000354957,0.000388694,patch_5836,1023.699938,1023.855983,461.176571286,461.120189
5827,2.9135,2.91325,2.913749999,-0.000035146,-0.000038487,patch_5837,1023.855983,1024.012028,461.176571286,461.182154
5828,2.914,2.913749999,2.91425,-0.000600574,-0.000657655,patch_5838,1024.012028,1024.168074,461.176571286,461.271968
5829,2.9145,2.91425,2.914749999,-0.001240924,-0.001358867,patch_5839,1024.168074,1024.324119,461.176571286,461.373683
5830,2.915,2.914749999,2.915250001,-0.001835475,-0.002009927,patch_5840,1024.324119,1024.480165,461.176571286,461.468123
5831,2.9155,2.915250001,2.915749999,-0.002263515,-0.00247865,patch_5841,1024.480165,1024.63621,461.176571286,461.536114
5832,2.916,2.915749999,2.916250001,-0.002404314,-0.002632831,patch_5842,1024.63621,1024.792256,461.176571286,461.558479
5833,2.9165,2.916250001,2.916749999,-0.002137157,-0.002340282,patch_5843,1024.792256,1024.948301,461.176571286,461.516043
5834,2.917,2.916749999,2.917250001,-0.001341325,-0.001468811,patch_5844,1024.948301,1025.104347,461.176571286,461.389631
5835,2.9175,2.917250001,2.91775,0.000103891,0.000113765,patch_5845,1025.104347,1025.260392,461.176571286,461.160069
5836,2.918,2.91775,2.918250002,0.002250537,0.002464438,patch_5846,1025.260392,1025.416438,461.176571286,460.81909
5837,2.9185,2.918250002,2.91875,0.004919794,0.005387394,patch_5847,1025.416438,1025.572483,461.176571286,460.395098
5838,2.919,2.91875,2.919249999,0.007884395,0.008633764,patch_5848,1025.572483,1025.728528,461.176571286,459.924193
5839,2.9195,2.919249999,2.91975,0.010917056,0.011954663,patch_5849,1025.728528,1025.884574,461.176571286,459.442477
5840,2.92,2.91975,2.920249999,0.013790515,0.01510123,patch_5850,1025.884574,1026.040619,461.176571286,458.986049
5841,2.9205,2.920249999,2.920750001,0.016277492,0.01782458,patch_5851,1026.040619,1026.196665,461.176571286,458.591011
5842,2.921,2.920750001,2.921249999,0.01815071,0.019875838,patch_5852,1026.196665,1026.35271,461.176571286,458.293464
5843,2.9215,2.921249999,2.921750001,0.019182902,0.021006133,patch_5853,1026.35271,1026.508756,461.176571286,458.129508
5844,2.922,2.921750001,2.922249999,0.019224987,0.021052219,patch_5854,1026.508756,1026.664801,461.176571286,458.122823
5845,2.9225,2.922249999,2.922750001,0.018402777,0.020151862,patch_5855,1026.664801,1026.820847,461.176571286,458.253425
5846,2.923,2.922750001,2.92325,0.016902475,0.018508964,patch_5856,1026.820847,1026.976892,461.176571286,458.491737
5847,2.9235,2.92325,2.923750002,0.01491029,0.016327433,patch_5857,1026.976892,1027.132938,461.176571286,458.808181
5848,2.924,2.923750002,2.92425,0.0126124,0.013811141,patch_5858,1027.132938,1027.288983,461.176571286,459.173184
5849,2.9245,2.92425,2.924749999,0.010195027,0.011164009,patch_5859,1027.288983,1027.445028,461.176571286,459.557166
5850,2.925,2.924749999,2.92525,0.007844361,0.008589926,patch_5860,1027.445028,1027.601074,461.176571286,459.930552
5851,2.9255,2.92525,2.925749999,0.0057466,0.006292783,patch_5861,1027.601074,1027.757119,461.176571286,460.263766
5852,2.926,2.925749999,2.926250001,0.00404508,0.004429543,patch_5862,1027.757119,1027.913165,461.176571286,460.53404
5853,2.9265,2.926250001,2.926749999,0.002725497,0.002984541,patch_5863,1027.913165,1028.06921,461.176571286,460.743646
5854,2.927,2.926749999,2.927250001,0.001737325,0.001902448,patch_5864,1028.06921,1028.225256,461.176571286,460.90061
5855,2.9275,2.927250001,2.927749999,0.001030027,0.001127926,patch_5865,1028.225256,1028.381301,461.176571286,461.012959
5856,2.928,2.927749999,2.928250001,0.000553096,0.000605665,patch_5866,1028.381301,1028.537347,461.176571286,461.088716
5857,2.9285,2.928250001,2.92875,0.000255985,0.000280315,patch_5867,1028.537347,1028.693392,461.176571286,461.13591
5858,2.929,2.92875,2.929250002,0.000088171,0.000096551,patch_5868,1028.693392,1028.849438,461.176571286,461.162566
5859,2.9295,2.929250002,2.92975,-0.000000867,-0.000000949,patch_5869,1028.849438,1029.005483,461.176571286,461.176709
5860,2.93,2.92975,2.930249999,-0.000053705,-0.00005881,patch_5870,1029.005483,1029.161528,461.176571286,461.185102
5861,2.9305,2.930249999,2.93075,-0.000082268,-0.000090087,patch_5871,1029.161528,1029.317574,461.176571286,461.189639
5862,2.931,2.93075,2.931249999,-0.000091139,-0.000099801,patch_5872,1029.317574,1029.473619,461.176571286,461.191048
5863,2.9315,2.931249999,2.931750001,-0.000084881,-0.000092948,patch_5873,1029.473619,1029.629665,461.176571286,461.190054
5864,2.932,2.931750001,2.932249999,-0.000068066,-0.000074535,patch_5874,1029.629665,1029.78571,461.176571286,461.187383
5865,2.9325,2.932249999,2.932750001,-0.000045276,-0.000049579,patch_5875,1029.78571,1029.941756,461.176571286,461.183763
5866,2.933,2.932750001,2.933249999,-0.000021076,-0.000023079,patch_5876,1029.941756,1030.097801,461.176571286,461.179919
5867,2.9335,2.933249999,2.933750001,-0.000000036,-0.000000039,patch_5877,1030.097801,1030.253847,461.176571286,461.176577
5868,2.934,2.933750001,2.93425,0.00001423,0.000015582,patch_5878,1030.253847,1030.409892,461.176571286,461.174311
5869,2.9345,2.93425,2.934750002,0.000021973,0.000024062,patch_5879,1030.409892,1030.565938,461.176571286,461.173081
5870,2.935,2.934750002,2.93525,0.000024416,0.000026736,patch_5880,1030.565938,1030.721983,461.176571286,461.172693
5871,2.9355,2.93525,2.935749999,0.000022792,0.000024958,patch_5881,1030.721983,1030.878028,461.176571286,461.172951
5872,2.936,2.935749999,2.93625,0.000018322,0.000020063,patch_5882,1030.878028,1031.034074,461.176571286,461.173661
5873,2.9365,2.93625,2.936749999,0.000012228,0.00001339,patch_5883,1031.034074,1031.190119,461.176571286,461.174629
5874,2.937,2.936749999,2.937250001,0.000005743,0.000006289,patch_5884,1031.190119,1031.346165,461.176571286,461.175659
5875,2.9375,2.937250001,2.937749999,0.000000084,0.000000092,patch_5885,1031.346165,1031.50221,461.176571286,461.176558
5876,2.938,2.937749999,2.938250001,-0.000003769,-0.000004127,patch_5886,1031.50221,1031.658256,461.176571286,461.17717
5877,2.9385,2.938250001,2.938749999,-0.000005866,-0.000006423,patch_5887,1031.658256,1031.814301,461.176571286,461.177503
5878,2.939,2.938749999,2.939250001,-0.000006539,-0.000007161,patch_5888,1031.814301,1031.970347,461.176571286,461.17761
5879,2.9395,2.939250001,2.93975,-0.000006117,-0.000006699,patch_5889,1031.970347,1032.126392,461.176571286,461.177543
5880,2.94,2.93975,2.940250002,-0.000004934,-0.000005403,patch_5890,1032.126392,1032.282438,461.176571286,461.177355
5881,2.9405,2.940250002,2.94075,-0.000003303,-0.000003617,patch_5891,1032.282438,1032.438483,461.176571286,461.177096
5882,2.941,2.94075,2.941249999,-0.000001566,-0.000001715,patch_5892,1032.438483,1032.594528,461.176571286,461.17682
5883,2.9415,2.941249999,2.94175,-0.000000042,-0.000000046,patch_5893,1032.594528,1032.750574,461.176571286,461.176578
5884,2.942,2.94175,2.942249999,0.000000996,0.000001091,patch_5894,1032.750574,1032.906619,461.176571286,461.176413
5885,2.9425,2.942249999,2.942750001,0.000001569,0.000001719,patch_5895,1032.906619,1033.062665,461.176571286,461.176322
5886,2.943,2.942750001,2.943249999,0.000001752,0.000001918,patch_5896,1033.062665,1033.21871,461.176571286,461.176293
5887,2.9435,2.943249999,2.943750001,0.000001645,0.000001801,patch_5897,1033.21871,1033.374756,461.176571286,461.17631
5888,2.944,2.943750001,2.944249999,0.000001324,0.00000145,patch_5898,1033.374756,1033.530801,461.176571286,461.176361
5889,2.9445,2.944249999,2.944750001,0.000000889,0.000000974,patch_5899,1033.530801,1033.686847,461.176571286,461.17643
5890,2.945,2.944750001,2.94525,0.000000424,0.000000464,patch_5900,1033.686847,1033.842892,461.176571286,461.176504
5891,2.9455,2.94525,2.945750002,0.000000014,0.000000016,patch_5901,1033.842892,1033.998938,461.176571286,461.176569
5892,2.946,2.945750002,2.94625,-0.000000263,-0.000000288,patch_5902,1033.998938,1034.154983,461.176571286,461.176613
5893,2.9465,2.94625,2.946749999,-0.00000042,-0.00000046,patch_5903,1034.154983,1034.311028,461.176571286,461.176638
5894,2.947,2.946749999,2.94725,-0.00000047,-0.000000515,patch_5904,1034.311028,1034.467074,461.176571286,461.176646
5895,2.9475,2.94725,2.947749999,-0.000000439,-0.000000481,patch_5905,1034.467074,1034.623119,461.176571286,461.176641
5896,2.948,2.947749999,2.948250001,-0.000000357,-0.000000391,patch_5906,1034.623119,1034.779165,461.176571286,461.176628
5897,2.9485,2.948250001,2.948749999,-0.000000237,-0.00000026,patch_5907,1034.779165,1034.93521,461.176571286,461.176609
5898,2.949,2.948749999,2.949250001,-0.000000112,-0.000000122,patch_5908,1034.93521,1035.091256,461.176571286,461.176589
5899,2.9495,2.949250001,2.949749999,-0.000000004,-0.000000005,patch_5909,1035.091256,1035.247301,461.176571286,461.176572
5900,2.95,2.949749999,2.950250001,0.000000071,0.000000078,patch_5910,1035.247301,1035.403347,461.176571286,461.17656
5901,2.9505,2.950250001,2.95075,0.000000109,0.000000119,patch_5911,1035.403347,1035.559392,461.176571286,461.176554
5902,2.951,2.95075,2.951250002,0.000000121,0.000000133,patch_5912,1035.559392,1035.715438,461.176571286,461.176552
5903,2.9515,2.951250002,2.95175,0.000000109,0.000000119,patch_5913,1035.715438,1035.871483,461.176571286,461.176554
5904,2.952,2.95175,2.952249999,0.00000009,0.000000098,patch_5914,1035.871483,1036.027528,461.176571286,461.176557
5905,2.9525,2.952249999,2.95275,0.000000058,0.000000064,patch_5915,1036.027528,1036.183574,461.176571286,461.176562
5906,2.953,2.95275,2.953249999,0.000000027,0.00000003,patch_5916,1036.183574,1036.339619,461.176571286,461.176567
5907,2.9535,2.953249999,2.953750001,0.000000002,0.000000002,patch_5917,1036.339619,1036.495665,461.176571286,461.176571
5908,2.954,2.953750001,2.954249999,-0.000000011,-0.000000012,patch_5918,1036.495665,1036.65171,461.176571286,461.176573
5909,2.9545,2.954249999,2.954750001,-0.000000017,-0.000000019,patch_5919,1036.65171,1036.807756,461.176571286,461.176574
5910,2.955,2.954750001,2.955249999,-0.000000011,-0.000000012,patch_5920,1036.807756,1036.963801,461.176571286,461.176573
5911,2.9555,2.955249999,2.955750001,-0.000000004,-0.000000005,patch_5921,1036.963801,1037.119847,461.176571286,461.176572
5912,2.956,2.955750001,2.95625,0.000000008,0.000000009,patch_5922,1037.119847,1037.275892,461.176571286,461.17657
5913,2.9565,2.95625,2.956750002,0.000000014,0.000000016,patch_5923,1037.275892,1037.431938,461.176571286,461.176569
5914,2.957,2.956750002,2.95725,0.000000008,0.000000009,patch_5924,1037.431938,1037.587983,461.176571286,461.17657
5915,2.9575,2.95725,2.957749999,0.000000002,0.000000002,patch_5925,1037.587983,1037.744028,461.176571286,461.176571
5916,2.958,2.957749999,2.95825,-0.000000017,-0.000000019,patch_5926,1037.744028,1037.900074,461.176571286,461.176574
5917,2.9585,2.95825,2.958749999,-0.000000049,-0.000000053,patch_5927,1037.900074,1038.056119,461.176571286,461.176579
5918,2.959,2.958749999,2.959250001,-0.000000074,-0.000000081,patch_5928,1038.056119,1038.212165,461.176571286,461.176583
5919,2.9595,2.959250001,2.959749999,-0.000000099,-0.000000108,patch_5929,1038.212165,1038.36821,461.176571286,461.176587
5920,2.96,2.959749999,2.960250001,-0.000000112,-0.000000122,patch_5930,1038.36821,1038.524256,461.176571286,461.176589
5921,2.9605,2.960250001,2.960749999,-0.000000105,-0.000000115,patch_5931,1038.524256,1038.680301,461.176571286,461.176588
5922,2.961,2.960749999,2.961250001,-0.000000074,-0.000000081,patch_5932,1038.680301,1038.836347,461.176571286,461.176583
5923,2.9615,2.961250001,2.96175,-0.000000011,-0.000000012,patch_5933,1038.836347,1038.992392,461.176571286,461.176573
5924,2.962,2.96175,2.962250002,0.00000009,0.000000098,patch_5934,1038.992392,1039.148438,461.176571286,461.176557
5925,2.9625,2.962250002,2.96275,0.000000203,0.000000223,patch_5935,1039.148438,1039.304483,461.176571286,461.176539
5926,2.963,2.96275,2.963249999,0.000000317,0.000000347,patch_5936,1039.304483,1039.460528,461.176571286,461.176521
5927,2.9635,2.963249999,2.96375,0.000000405,0.000000443,patch_5937,1039.460528,1039.616574,461.176571286,461.176507
5928,2.964,2.96375,2.964249999,0.000000436,0.000000478,patch_5938,1039.616574,1039.772619,461.176571286,461.176502
5929,2.9645,2.964249999,2.964750001,0.000000405,0.000000443,patch_5939,1039.772619,1039.928665,461.176571286,461.176507
5930,2.965,2.964750001,2.965249999,0.000000279,0.000000305,patch_5940,1039.928665,1040.08471,461.176571286,461.176527
5931,2.9655,2.965249999,2.965750001,0.00000004,0.000000043,patch_5941,1040.08471,1040.240756,461.176571286,461.176565
5932,2.966,2.965750001,2.966249999,-0.000000326,-0.000000357,patch_5942,1040.240756,1040.396801,461.176571286,461.176623
5933,2.9665,2.966249999,2.966750001,-0.000000766,-0.000000839,patch_5943,1040.396801,1040.552847,461.176571286,461.176693
5934,2.967,2.966750001,2.96725,-0.000001182,-0.000001294,patch_5944,1040.552847,1040.708892,461.176571286,461.176759
5935,2.9675,2.96725,2.967750002,-0.000001503,-0.000001646,patch_5945,1040.708892,1040.864938,461.176571286,461.17681
5936,2.968,2.967750002,2.96825,-0.000001648,-0.000001804,patch_5946,1040.864938,1041.020983,461.176571286,461.176833
5937,2.9685,2.96825,2.968749999,-0.000001522,-0.000001666,patch_5947,1041.020983,1041.177028,461.176571286,461.176813
5938,2.969,2.968749999,2.96925,-0.000001056,-0.000001156,patch_5948,1041.177028,1041.333074,461.176571286,461.176739
5939,2.9695,2.96925,2.969749999,-0.000000162,-0.000000177,patch_5949,1041.333074,1041.489119,461.176571286,461.176597
5940,2.97,2.969749999,2.970250001,0.000001204,0.000001319,patch_5950,1041.489119,1041.645165,461.176571286,461.17638
5941,2.9705,2.970250001,2.970749999,0.000002822,0.00000309,patch_5951,1041.645165,1041.80121,461.176571286,461.176123
5942,2.971,2.970749999,2.971250001,0.000004396,0.000004814,patch_5952,1041.80121,1041.957256,461.176571286,461.175873
5943,2.9715,2.971250001,2.971749999,0.000005605,0.000006138,patch_5953,1041.957256,1042.113301,461.176571286,461.175681
5944,2.972,2.971749999,2.972250001,0.00000614,0.000006724,patch_5954,1042.113301,1042.269347,461.176571286,461.175596
5945,2.9725,2.972250001,2.97275,0.000005706,0.000006248,patch_5955,1042.269347,1042.425392,461.176571286,461.175665
5946,2.973,2.97275,2.973250002,0.000003981,0.000004359,patch_5956,1042.425392,1042.581438,461.176571286,461.175939
5947,2.9735,2.973250002,2.97375,0.000000663,0.000000726,patch_5957,1042.581438,1042.737483,461.176571286,461.176466
5948,2.974,2.97375,2.974249999,-0.000004405,-0.000004824,patch_5958,1042.737483,1042.893528,461.176571286,461.177271
5949,2.9745,2.974249999,2.97475,-0.000010455,-0.000011449,patch_5959,1042.893528,1043.049574,461.176571286,461.178232
5950,2.975,2.97475,2.975249999,-0.000016323,-0.000017874,patch_5960,1043.049574,1043.205619,461.176571286,461.179164
5951,2.9755,2.975249999,2.975750001,-0.000020862,-0.000022844,patch_5961,1043.205619,1043.361665,461.176571286,461.179885
5952,2.976,2.975750001,2.976249999,-0.00002292,-0.000025099,patch_5962,1043.361665,1043.51771,461.176571286,461.180212
5953,2.9765,2.976249999,2.976750001,-0.000021353,-0.000023382,patch_5963,1043.51771,1043.673756,461.176571286,461.179963
5954,2.977,2.976750001,2.977249999,-0.000015,-0.000016426,patch_5964,1043.673756,1043.829801,461.176571286,461.178954
5955,2.9775,2.977249999,2.977750001,-0.000002718,-0.000002976,patch_5965,1043.829801,1043.985847,461.176571286,461.177003
5956,2.978,2.977750001,2.97825,0.000016125,0.000017657,patch_5966,1043.985847,1044.141892,461.176571286,461.17401
5957,2.9785,2.97825,2.978750002,0.000038663,0.000042337,patch_5967,1044.141892,1044.297938,461.176571286,461.17043
5958,2.979,2.978750002,2.97925,0.000060603,0.000066363,patch_5968,1044.297938,1044.453983,461.176571286,461.166945
5959,2.9795,2.97925,2.979749999,0.000077651,0.000085031,patch_5969,1044.453983,1044.610028,461.176571286,461.164237
5960,2.98,2.979749999,2.98025,0.000085514,0.000093642,patch_5970,1044.610028,1044.766074,461.176571286,461.162988
5961,2.9805,2.98025,2.980749999,0.000079892,0.000087485,patch_5971,1044.766074,1044.922119,461.176571286,461.163881
5962,2.981,2.980749999,2.981250001,0.000056485,0.000061854,patch_5972,1044.922119,1045.078165,461.176571286,461.167599
5963,2.9815,2.981250001,2.981749999,0.000011013,0.000012059,patch_5973,1045.078165,1045.23421,461.176571286,461.174822
5964,2.982,2.981749999,2.982250001,-0.000058987,-0.000064594,patch_5974,1045.23421,1045.390256,461.176571286,461.185941
5965,2.9825,2.982250001,2.982749999,-0.000143008,-0.0001566,patch_5975,1045.390256,1045.546301,461.176571286,461.199287
5966,2.983,2.982749999,2.983250001,-0.000225045,-0.000246434,patch_5976,1045.546301,1045.702347,461.176571286,461.212318
5967,2.9835,2.983250001,2.98375,-0.000289064,-0.000316538,patch_5977,1045.702347,1045.858392,461.176571286,461.222487
5968,2.984,2.98375,2.984250002,-0.000319037,-0.00034936,patch_5978,1045.858392,1046.014438,461.176571286,461.227248
5969,2.9845,2.984250002,2.98475,-0.000298923,-0.000327334,patch_5979,1046.014438,1046.170483,461.176571286,461.224053
5970,2.985,2.98475,2.985249999,-0.000212699,-0.000232915,patch_5980,1046.170483,1046.326528,461.176571286,461.210357
5971,2.9855,2.985249999,2.98575,-0.000044331,-0.000048545,patch_5981,1046.326528,1046.482574,461.176571286,461.183613
5972,2.986,2.98575,2.986249999,0.000215674,0.000236173,patch_5982,1046.482574,1046.638619,461.176571286,461.142313
5973,2.9865,2.986249999,2.986750001,0.000528909,0.000579179,patch_5983,1046.638619,1046.794665,461.176571286,461.092558
5974,2.987,2.986750001,2.987249999,0.000835627,0.000915049,patch_5984,1046.794665,1046.95071,461.176571286,461.043838
5975,2.9875,2.987249999,2.987750001,0.001076004,0.001178272,patch_5985,1046.95071,1047.106756,461.176571286,461.005656
5976,2.988,2.987750001,2.988249999,0.001190205,0.001303327,patch_5986,1047.106756,1047.262801,461.176571286,460.987516
5977,2.9885,2.988249999,2.988750001,0.001118398,0.001224695,patch_5987,1047.262801,1047.418847,461.176571286,460.998922
5978,2.989,2.988750001,2.98925,0.000800756,0.000876864,patch_5988,1047.418847,1047.574892,461.176571286,461.049377
5979,2.9895,2.98925,2.989750002,0.000177448,0.000194313,patch_5989,1047.574892,1047.730938,461.176571286,461.148385
5980,2.99,2.989750002,2.99025,-0.000788307,-0.000863231,patch_5990,1047.730938,1047.886983,461.176571286,461.301788
5981,2.9905,2.99025,2.990749999,-0.001955959,-0.002141862,patch_5991,1047.886983,1048.043028,461.176571286,461.487261
5982,2.991,2.990749999,2.99125,-0.003102666,-0.003397557,patch_5992,1048.043028,1048.199074,461.176571286,461.669407
5983,2.9915,2.99125,2.991749999,-0.004005137,-0.004385804,patch_5993,1048.199074,1048.355119,461.176571286,461.812758
5984,2.992,2.991749999,2.992250001,-0.004440071,-0.004862076,patch_5994,1048.355119,1048.511165,461.176571286,461.881844
5985,2.9925,2.992250001,2.992749999,-0.004184182,-0.004581866,patch_5995,1048.511165,1048.66721,461.176571286,461.841198
5986,2.993,2.992749999,2.993250001,-0.003014176,-0.003300657,patch_5996,1048.66721,1048.823256,461.176571286,461.655351
5987,2.9935,2.993250001,2.993749999,-0.000706754,-0.000773927,patch_5997,1048.823256,1048.979301,461.176571286,461.288834
5988,2.994,2.993749999,2.994250001,0.00292127,0.003198921,patch_5998,1048.979301,1049.135347,461.176571286,460.712549
5989,2.9945,2.994250001,2.99475,0.007729128,0.00846374,patch_5999,1049.135347,1049.291392,461.176571286,459.948856
5990,2.995,2.99475,2.995250002,0.013419293,0.014694724,patch_6000,1049.291392,1049.447438,461.176571286,459.045015
5991,2.9955,2.995250002,2.99575,0.019693212,0.021564945,patch_6001,1049.447438,1049.603483,461.176571286,458.048449
5992,2.996,2.99575,2.996249999,0.02625235,0.028747494,patch_6002,1049.603483,1049.759528,461.176571286,457.006578
5993,2.9965,2.996249999,2.99675,0.032798147,0.035915434,patch_6003,1049.759528,1049.915574,461.176571286,455.966826
5994,2.997,2.99675,2.997249999,0.039032071,0.042741858,patch_6004,1049.915574,1050.071619,461.176571286,454.976613
5995,2.9975,2.997249999,2.997750001,0.04465556,0.04889983,patch_6005,1050.071619,1050.227665,461.176571286,454.083363
5996,2.998,2.997750001,2.998249999,0.049402703,0.054098164,patch_6006,1050.227665,1050.38371,461.176571286,453.329314
5997,2.9985,2.998249999,2.998750001,0.05328462,0.058349036,patch_6007,1050.38371,1050.539756,461.176571286,452.7127
5998,2.999,2.998750001,2.999249999,0.056452144,0.061817616,patch_6008,1050.539756,1050.695801,461.176571286,452.209562
5999,2.9995,2.999249999,2.999750001,0.059057187,0.064670255,patch_6009,1050.695801,1050.851847,461.176571286,451.79577
6000,3,2.999750001,3.00025,0.061251648,0.067073287,patch_6010,1050.851847,1051.007892,461.176571286,451.447196
6001,3.0005,3.00025,3.000750002,0.063187444,0.06919307,patch_6011,1051.007892,1051.163938,461.176571286,451.139709
6002,3.001,3.000750002,3.00125,0.06501648,0.071195946,patch_6012,1051.163938,1051.319983,461.176571286,450.84918
6003,3.0015,3.00125,3.001749999,0.066890656,0.073248252,patch_6013,1051.319983,1051.476028,461.176571286,450.551481
6004,3.002,3.001749999,3.00225,0.068932468,0.075484128,patch_6014,1051.476028,1051.632074,461.176571286,450.227154
6005,3.0025,3.00225,3.002749999,0.071001837,0.077750179,patch_6015,1051.632074,1051.788119,461.176571286,449.89845
6006,3.003,3.002749999,3.003250001,0.072820681,0.079741894,patch_6016,1051.788119,1051.944165,461.176571286,449.60954
6007,3.0035,3.003250001,3.003749999,0.074109679,0.081153405,patch_6017,1051.944165,1052.10021,461.176571286,449.404792
6008,3.004,3.003749999,3.004250001,0.074589538,0.081678871,patch_6018,1052.10021,1052.256256,461.176571286,449.32857
6009,3.0045,3.004250001,3.004749999,0.073980917,0.081012404,patch_6019,1052.256256,1052.412301,461.176571286,449.425245
6010,3.005,3.004749999,3.005250001,0.072004533,0.078848176,patch_6020,1052.412301,1052.568347,461.176571286,449.739179
6011,3.0055,3.005250001,3.00575,0.068381074,0.074880326,patch_6021,1052.568347,1052.724392,461.176571286,450.314739
6012,3.006,3.00575,3.006250002,0.062882476,0.068859116,patch_6022,1052.724392,1052.880438,461.176571286,451.188151
6013,3.0065,3.006250002,3.00675,0.055762229,0.061062128,patch_6023,1052.880438,1053.036483,461.176571286,452.31915
6014,3.007,3.00675,3.007249999,0.047537493,0.052055675,patch_6024,1053.036483,1053.192528,461.176571286,453.625589
6015,3.0075,3.007249999,3.00775,0.038728109,0.042409007,patch_6025,1053.192528,1053.348574,461.176571286,455.024895
6016,3.008,3.00775,3.008249999,0.029853951,0.032691408,patch_6026,1053.348574,1053.504619,461.176571286,456.43449
6017,3.0085,3.008249999,3.008750001,0.021434866,0.023472134,patch_6027,1053.504619,1053.660665,461.176571286,457.7718
6018,3.009,3.008750001,3.009249999,0.013990707,0.015320449,patch_6028,1053.660665,1053.81671,461.176571286,458.95425
6019,3.0095,3.009249999,3.009750001,0.008041342,0.008805629,patch_6029,1053.81671,1053.972756,461.176571286,459.899263
6020,3.01,3.009750001,3.010249999,0.004058634,0.004444385,patch_6030,1053.972756,1054.128801,461.176571286,460.531887
6021,3.0105,3.010249999,3.010750001,0.002040027,0.00223392,patch_6031,1054.128801,1054.284847,461.176571286,460.852528
6022,3.011,3.010750001,3.01125,0.001712325,0.001875072,patch_6032,1054.284847,1054.440892,461.176571286,460.904581
6023,3.0115,3.01125,3.011750002,0.002799174,0.003065221,patch_6033,1054.440892,1054.596938,461.176571286,460.731943
6024,3.012,3.011750002,3.01225,0.005024219,0.005501743,patch_6034,1054.596938,1054.752983,461.176571286,460.378511
6025,3.0125,3.01225,3.012749999,0.00811111,0.008882027,patch_6035,1054.752983,1054.909028,461.176571286,459.888181
6026,3.013,3.012749999,3.01325,0.011783479,0.012903435,patch_6036,1054.909028,1055.065074,461.176571286,459.304852
6027,3.0135,3.01325,3.013749999,0.015764985,0.017263362,patch_6037,1055.065074,1055.221119,461.176571286,458.672419
6028,3.014,3.013749999,3.014250001,0.019792914,0.021674124,patch_6038,1055.221119,1055.377165,461.176571286,458.032612
6029,3.0145,3.014250001,3.014749999,0.023746682,0.026003676,patch_6039,1055.377165,1055.53321,461.176571286,457.404585
6030,3.015,3.014749999,3.015250001,0.027590132,0.030212426,patch_6040,1055.53321,1055.689256,461.176571286,456.794081
6031,3.0155,3.015250001,3.015749999,0.031288257,0.034262037,patch_6041,1055.689256,1055.845301,461.176571286,456.206661
6032,3.016,3.015749999,3.016250001,0.034806008,0.038114132,patch_6042,1055.845301,1056.001347,461.176571286,455.647892
6033,3.0165,3.016250001,3.01675,0.038108364,0.041730359,patch_6043,1056.001347,1056.157392,461.176571286,455.123337
6034,3.017,3.01675,3.017250002,0.04116029,0.045072353,patch_6044,1056.157392,1056.313438,461.176571286,454.638561
6035,3.0175,3.017250002,3.01775,0.043926763,0.048101765,patch_6045,1056.313438,1056.469483,461.176571286,454.199127
6036,3.018,3.01775,3.018249999,0.046372057,0.050779471,patch_6046,1056.469483,1056.625528,461.176571286,453.81071
6037,3.0185,3.018249999,3.01875,0.048452833,0.053058013,patch_6047,1056.625528,1056.781574,461.176571286,453.480194
6038,3.019,3.01875,3.019249999,0.050121075,0.054884813,patch_6048,1056.781574,1056.937619,461.176571286,453.215206
6039,3.0195,3.019249999,3.019750001,0.051328659,0.056207172,patch_6049,1056.937619,1057.093665,461.176571286,453.02339
6040,3.02,3.019750001,3.020249999,0.052027483,0.056972415,patch_6050,1057.093665,1057.24971,461.176571286,452.912387
6041,3.0205,3.020249999,3.020750001,0.052169441,0.057127865,patch_6051,1057.24971,1057.405756,461.176571286,452.889838
6042,3.021,3.020750001,3.021249999,0.051706423,0.05662084,patch_6052,1057.405756,1057.561801,461.176571286,452.963385
6043,3.0215,3.021249999,3.021750001,0.050590338,0.055398677,patch_6053,1057.561801,1057.717847,461.176571286,453.140667
6044,3.022,3.021750001,3.02225,0.048780837,0.053417192,patch_6054,1057.717847,1057.873892,461.176571286,453.428093
6045,3.0225,3.02225,3.022750002,0.046327805,0.050731014,patch_6055,1057.873892,1058.029938,461.176571286,453.817739
6046,3.023,3.022750002,3.02325,0.043339213,0.047458372,patch_6056,1058.029938,1058.185983,461.176571286,454.292455
6047,3.0235,3.02325,3.023749999,0.039923978,0.043718537,patch_6057,1058.185983,1058.342028,461.176571286,454.83494
6048,3.024,3.023749999,3.02425,0.036191052,0.039630816,patch_6058,1058.342028,1058.498074,461.176571286,455.427888
6049,3.0245,3.02425,3.024749999,0.032249347,0.035314473,patch_6059,1058.498074,1058.654119,461.176571286,456.053999
6050,3.025,3.024749999,3.025250001,0.028207807,0.030888806,patch_6060,1058.654119,1058.810165,461.176571286,456.695968
6051,3.0255,3.025250001,3.025749999,0.024175357,0.026473095,patch_6061,1058.810165,1058.96621,461.176571286,457.336493
6052,3.026,3.025749999,3.026250001,0.02025794,0.022183348,patch_6062,1058.96621,1059.122256,461.176571286,457.958746
6053,3.0265,3.026250001,3.026749999,0.016524919,0.018095524,patch_6063,1059.122256,1059.278301,461.176571286,458.551709
6054,3.027,3.026749999,3.027250001,0.013021119,0.014258706,patch_6064,1059.278301,1059.434347,461.176571286,459.108262
6055,3.0275,3.027250001,3.02775,0.009790916,0.01072149,patch_6065,1059.434347,1059.590392,461.176571286,459.621356
6056,3.028,3.02775,3.028250002,0.006878689,0.007532471,patch_6066,1059.590392,1059.746438,461.176571286,460.083942
6057,3.0285,3.028250002,3.02875,0.004328813,0.004740244,patch_6067,1059.746438,1059.902483,461.176571286,460.488971
6058,3.029,3.02875,3.029249999,0.002185661,0.002393397,patch_6068,1059.902483,1060.058528,461.176571286,460.829395
6059,3.0295,3.029249999,3.02975,0.000493622,0.000540538,patch_6069,1060.058528,1060.214574,461.176571286,461.098163
6060,3.03,3.02975,3.030249999,-0.000708001,-0.000775292,patch_6070,1060.214574,1060.370619,461.176571286,461.289032
6061,3.0305,3.030249999,3.030750001,-0.001445473,-0.001582857,patch_6071,1060.370619,1060.526665,461.176571286,461.406174
6062,3.031,3.030750001,3.031249999,-0.001790808,-0.001961015,patch_6072,1060.526665,1060.68271,461.176571286,461.461028
6063,3.0315,3.031249999,3.031750001,-0.001816966,-0.001989659,patch_6073,1060.68271,1060.838756,461.176571286,461.465183
6064,3.032,3.031750001,3.032249999,-0.001596899,-0.001748676,patch_6074,1060.838756,1060.994801,461.176571286,461.430227
6065,3.0325,3.032249999,3.032750001,-0.00120356,-0.001317952,patch_6075,1060.994801,1061.150847,461.176571286,461.367748
6066,3.033,3.032750001,3.03325,-0.000709908,-0.000777381,patch_6076,1061.150847,1061.306892,461.176571286,461.289335
6067,3.0335,3.03325,3.033750002,-0.00018889,-0.000206842,patch_6077,1061.306892,1061.462938,461.176571286,461.206575
6068,3.034,3.033750002,3.03425,0.00029158,0.000319293,patch_6078,1061.462938,1061.618983,461.176571286,461.130256
6069,3.0345,3.03425,3.034749999,0.000732828,0.000802479,patch_6079,1061.618983,1061.775028,461.176571286,461.060167
6070,3.035,3.034749999,3.03525,0.001186434,0.001299198,patch_6080,1061.775028,1061.931074,461.176571286,460.988115
6071,3.0355,3.03525,3.035749999,0.001705092,0.001867151,patch_6081,1061.931074,1062.087119,461.176571286,460.90573
6072,3.036,3.035749999,3.036250001,0.00234152,0.002564069,patch_6082,1062.087119,1062.243165,461.176571286,460.804638
6073,3.0365,3.036250001,3.036749999,0.003148419,0.003447659,patch_6083,1062.243165,1062.39921,461.176571286,460.676468
6074,3.037,3.036749999,3.037250001,0.004178501,0.004575645,patch_6084,1062.39921,1062.555256,461.176571286,460.512847
6075,3.0375,3.037250001,3.037749999,0.005484466,0.006005735,patch_6085,1062.555256,1062.711301,461.176571286,460.305404
6076,3.038,3.037749999,3.038250001,0.007111309,0.0077872,patch_6086,1062.711301,1062.867347,461.176571286,460.046992
6077,3.0385,3.038250001,3.03875,0.008991805,0.009846427,patch_6087,1062.867347,1063.023392,461.176571286,459.748289
6078,3.039,3.03875,3.039250002,0.010973967,0.012016984,patch_6088,1063.023392,1063.179438,461.176571286,459.433437
6079,3.0395,3.039250002,3.03975,0.012903713,0.014130142,patch_6089,1063.179438,1063.335483,461.176571286,459.126911
6080,3.04,3.03975,3.040249999,0.014626978,0.016017194,patch_6090,1063.335483,1063.491528,461.176571286,458.853183
6081,3.0405,3.040249999,3.04075,0.015989685,0.017509419,patch_6091,1063.491528,1063.647574,461.176571286,458.636727
6082,3.041,3.04075,3.041249999,0.016837757,0.018438095,patch_6092,1063.647574,1063.803619,461.176571286,458.502017
6083,3.0415,3.041249999,3.041750001,0.017017123,0.018634509,patch_6093,1063.803619,1063.959665,461.176571286,458.473526
6084,3.042,3.041750001,3.042249999,0.016385901,0.017943293,patch_6094,1063.959665,1064.11571,461.176571286,458.573791
6085,3.0425,3.042249999,3.042750001,0.014990527,0.016415295,patch_6095,1064.11571,1064.271756,461.176571286,458.795436
6086,3.043,3.042750001,3.043249999,0.013025394,0.014263387,patch_6096,1064.271756,1064.427801,461.176571286,459.107583
6087,3.0435,3.043249999,3.043750001,0.01068888,0.011704801,patch_6097,1064.427801,1064.583847,461.176571286,459.478721
6088,3.044,3.043750001,3.04425,0.008179366,0.00895677,patch_6098,1064.583847,1064.739892,461.176571286,459.877339
6089,3.0445,3.04425,3.044750002,0.005695235,0.006236536,patch_6099,1064.739892,1064.895938,461.176571286,460.271925
6090,3.045,3.044750002,3.04525,0.00343486,0.003761325,patch_6100,1064.895938,1065.051983,461.176571286,460.630969
6091,3.0455,3.04525,3.045749999,0.001596626,0.001748376,patch_6101,1065.051983,1065.208028,461.176571286,460.922959
6092,3.046,3.045749999,3.04625,0.000377281,0.000413139,patch_6102,1065.208028,1065.364074,461.176571286,461.116643
6093,3.0465,3.04625,3.046749999,-0.000053208,-0.000058265,patch_6103,1065.364074,1065.520119,461.176571286,461.185023
6094,3.047,3.046749999,3.047250001,0.000453236,0.000496314,patch_6104,1065.520119,1065.676165,461.176571286,461.104578
6095,3.0475,3.047250001,3.047749999,0.002044056,0.002238332,patch_6105,1065.676165,1065.83221,461.176571286,460.851888
6096,3.048,3.047749999,3.048250001,0.004866685,0.005329238,patch_6106,1065.83221,1065.988256,461.176571286,460.403534
6097,3.0485,3.048250001,3.048749999,0.00906856,0.009930478,patch_6107,1065.988256,1066.144301,461.176571286,459.736097
6098,3.049,3.048749999,3.049250001,0.014797128,0.016203515,patch_6108,1066.144301,1066.300347,461.176571286,458.826156
6099,3.0495,3.049250001,3.04975,0.022199818,0.024309791,patch_6109,1066.300347,1066.456392,461.176571286,457.650293
6100,3.05,3.04975,3.050250002,0.031407205,0.034392291,patch_6110,1066.456392,1066.612438,461.176571286,456.187767
6101,3.0505,3.050250002,3.05075,0.04225531,0.04627145,patch_6111,1066.612438,1066.768483,461.176571286,454.464625
6102,3.051,3.05075,3.051249999,0.054329723,0.059493471,patch_6112,1066.768483,1066.924528,461.176571286,452.546693
6103,3.0515,3.051249999,3.05175,0.067208064,0.073595828,patch_6113,1066.924528,1067.080574,461.176571286,450.501063
6104,3.052,3.05175,3.052249999,0.080467952,0.088115997,patch_6114,1067.080574,1067.236619,461.176571286,448.394827
6105,3.0525,3.052249999,3.052750001,0.093687007,0.102591452,patch_6115,1067.236619,1067.392665,461.176571286,446.295077
6106,3.053,3.052750001,3.053249999,0.106442855,0.116559675,patch_6116,1067.392665,1067.54871,461.176571286,444.268904
6107,3.0535,3.053249999,3.053750001,0.118313092,0.129558113,patch_6117,1067.54871,1067.704756,461.176571286,442.383404
6108,3.054,3.053750001,3.054249999,0.128891515,0.141141958,patch_6118,1067.704756,1067.860801,461.176571286,440.703099
6109,3.0545,3.054249999,3.054750001,0.138072222,0.151195242,patch_6119,1067.860801,1068.016847,461.176571286,439.244811
6110,3.055,3.054750001,3.05525,0.146015006,0.159892945,patch_6120,1068.016847,1068.172892,461.176571286,437.983158
6111,3.0555,3.05525,3.055750002,0.15288882,0.167420078,patch_6121,1068.172892,1068.328938,461.176571286,436.891303
6112,3.056,3.055750002,3.05625,0.158862574,0.173961605,patch_6122,1068.328938,1068.484983,461.176571286,435.942416
6113,3.0565,3.05625,3.056749999,0.164105221,0.179702537,patch_6123,1068.484983,1068.641028,461.176571286,435.10966
6114,3.057,3.056749999,3.05725,0.168785676,0.184827844,patch_6124,1068.641028,1068.797074,461.176571286,434.366204
6115,3.0575,3.05725,3.057749999,0.173072887,0.189522531,patch_6125,1068.797074,1068.953119,461.176571286,433.685212
6116,3.058,3.057749999,3.058250001,0.177126495,0.193961413,patch_6126,1068.953119,1069.109165,461.176571286,433.041326
6117,3.0585,3.058250001,3.058749999,0.180921313,0.198116908,patch_6127,1069.109165,1069.26521,461.176571286,432.438547
6118,3.059,3.058749999,3.059250001,0.184262141,0.201775264,patch_6128,1069.26521,1069.421256,461.176571286,431.907881
6119,3.0595,3.059250001,3.059749999,0.186947509,0.204715861,patch_6129,1069.421256,1069.577301,461.176571286,431.48133
6120,3.06,3.059749999,3.060250001,0.188775928,0.206718062,patch_6130,1069.577301,1069.733347,461.176571286,431.190899
6121,3.0605,3.060250001,3.06075,0.189545841,0.207561151,patch_6131,1069.733347,1069.889392,461.176571286,431.068604
6122,3.061,3.06075,3.061250002,0.189055802,0.207024537,patch_6132,1069.889392,1070.045438,461.176571286,431.146443
6123,3.0615,3.061250002,3.06175,0.187104299,0.204887554,patch_6133,1070.045438,1070.201483,461.176571286,431.456425
6124,3.062,3.06175,3.062249999,0.18350181,0.200942667,patch_6134,1070.201483,1070.357528,461.176571286,432.028654
6125,3.0625,3.062249999,3.06275,0.178313387,0.195261112,patch_6135,1070.357528,1070.513574,461.176571286,432.852797
6126,3.063,3.06275,3.063249999,0.171847687,0.188180883,patch_6136,1070.513574,1070.669619,461.176571286,433.879826
6127,3.0635,3.063249999,3.063750001,0.164423019,0.180050541,patch_6137,1070.669619,1070.825665,461.176571286,435.05918
6128,3.064,3.063750001,3.064249999,0.156357794,0.171218759,patch_6138,1070.825665,1070.98171,461.176571286,436.340282
6129,3.0645,3.064249999,3.064750001,0.147970362,0.162034147,patch_6139,1070.98171,1071.137756,461.176571286,437.672564
6130,3.065,3.064750001,3.065249999,0.139579116,0.152845358,patch_6140,1071.137756,1071.293801,461.176571286,439.005452
6131,3.0655,3.065249999,3.065750001,0.131502419,0.144001015,patch_6141,1071.293801,1071.449847,461.176571286,440.288376
6132,3.066,3.065750001,3.06625,0.124053766,0.135844407,patch_6142,1071.449847,1071.605892,461.176571286,441.47154
6133,3.0665,3.06625,3.066750002,0.117435815,0.128597456,patch_6143,1071.605892,1071.761938,461.176571286,442.522753
6134,3.067,3.066750002,3.06725,0.111740941,0.122361314,patch_6144,1071.761938,1071.917983,461.176571286,443.427342
6135,3.0675,3.06725,3.067749999,0.107056796,0.117231967,patch_6145,1071.917983,1072.074028,461.176571286,444.171384
6136,3.068,3.067749999,3.06825,0.103471003,0.113305364,patch_6146,1072.074028,1072.230074,461.176571286,444.740961
6137,3.0685,3.06825,3.068749999,0.101071201,0.110677473,patch_6147,1072.230074,1072.386119,461.176571286,445.122152
6138,3.069,3.068749999,3.069250001,0.099945017,0.109444252,patch_6148,1072.386119,1072.542165,461.176571286,445.301038
6139,3.0695,3.069250001,3.069749999,0.100180074,0.109701649,patch_6149,1072.542165,1072.69821,461.176571286,445.263701
6140,3.07,3.069749999,3.070250001,0.101849713,0.111529979,patch_6150,1072.69821,1072.854256,461.176571286,444.998491
6141,3.0705,3.070250001,3.070749999,0.104676655,0.114625606,patch_6151,1072.854256,1073.010301,461.176571286,444.549452
6142,3.071,3.070749999,3.071250001,0.108020952,0.11828776,patch_6152,1073.010301,1073.166347,461.176571286,444.018235
6143,3.0715,3.071250001,3.07175,0.111225915,0.121797339,patch_6153,1073.166347,1073.322392,461.176571286,443.50915
6144,3.072,3.07175,3.072250002,0.113634871,0.124435253,patch_6154,1073.322392,1073.478438,461.176571286,443.126505
6145,3.0725,3.072250002,3.07275,0.114591113,0.12548238,patch_6155,1073.478438,1073.634483,461.176571286,442.974613
6146,3.073,3.07275,3.073249999,0.113437953,0.124219619,patch_6156,1073.634483,1073.790528,461.176571286,443.157784
6147,3.0735,3.073249999,3.07375,0.109518691,0.119927852,patch_6157,1073.790528,1073.946574,461.176571286,443.78033
6148,3.074,3.07375,3.074249999,0.102204007,0.111917947,patch_6158,1073.946574,1074.102619,461.176571286,444.942214
6149,3.0745,3.074249999,3.074750001,0.09158516,0.100289836,patch_6159,1074.102619,1074.258665,461.176571286,446.62894
6150,3.075,3.074750001,3.075249999,0.078528712,0.085992443,patch_6160,1074.258665,1074.41471,461.176571286,448.702861
6151,3.0755,3.075249999,3.075750001,0.063939578,0.07001669,patch_6161,1074.41471,1074.570756,461.176571286,451.020238
6152,3.076,3.075750001,3.076249999,0.048722666,0.053353492,patch_6162,1074.570756,1074.726801,461.176571286,453.437333
6153,3.0765,3.076249999,3.076750001,0.033782864,0.036993743,patch_6163,1074.726801,1074.882847,461.176571286,455.810411
6154,3.077,3.076750001,3.07725,0.020025093,0.021928371,patch_6164,1074.882847,1075.038892,461.176571286,457.995732
6155,3.0775,3.07725,3.077750002,0.008354249,0.009148276,patch_6165,1075.038892,1075.194938,461.176571286,459.84956
6156,3.078,3.077750002,3.07825,-0.000347757,-0.00038081,patch_6166,1075.194938,1075.350983,461.176571286,461.23181
6157,3.0785,3.07825,3.078749999,-0.005852292,-0.006408521,patch_6167,1075.350983,1075.507028,461.176571286,462.106165
6158,3.079,3.078749999,3.07925,-0.008661764,-0.009485018,patch_6168,1075.507028,1075.663074,461.176571286,462.552429
6159,3.0795,3.07925,3.079749999,-0.009317186,-0.010202734,patch_6169,1075.663074,1075.819119,461.176571286,462.656538
6160,3.08,3.079749999,3.080250001,-0.008359572,-0.009154104,patch_6170,1075.819119,1075.975165,461.176571286,462.504428
6161,3.0805,3.080250001,3.080749999,-0.006329928,-0.006931554,patch_6171,1075.975165,1076.13121,461.176571286,462.182034
6162,3.081,3.080749999,3.081250001,-0.003769281,-0.004127531,patch_6172,1076.13121,1076.287256,461.176571286,461.775294
6163,3.0815,3.081250001,3.081749999,-0.001218625,-0.001334449,patch_6173,1076.287256,1076.443301,461.176571286,461.370141
6164,3.082,3.081749999,3.082250001,0.000790734,0.000865889,patch_6174,1076.443301,1076.599347,461.176571286,461.050969
6165,3.0825,3.082250001,3.08275,0.002026346,0.00221894,patch_6175,1076.599347,1076.755392,461.176571286,460.854701
6166,3.083,3.08275,3.083250002,0.002603559,0.002851013,patch_6176,1076.755392,1076.911438,461.176571286,460.763015
6167,3.0835,3.083250002,3.08375,0.00265731,0.002909873,patch_6177,1076.911438,1077.067483,461.176571286,460.754477
6168,3.084,3.08375,3.084249999,0.002322539,0.002543284,patch_6178,1077.067483,1077.223528,461.176571286,460.807653
6169,3.0845,3.084249999,3.08475,0.001734164,0.001898987,patch_6179,1077.223528,1077.379574,461.176571286,460.901112
6170,3.085,3.08475,3.085249999,0.001027138,0.001124762,patch_6180,1077.379574,1077.535619,461.176571286,461.013418
6171,3.0855,3.085249999,3.085750001,0.000336385,0.000368357,patch_6181,1077.535619,1077.691665,461.176571286,461.123139
6172,3.086,3.085750001,3.086249999,-0.000205371,-0.000224891,patch_6182,1077.691665,1077.84771,461.176571286,461.209193
6173,3.0865,3.086249999,3.086750001,-0.000539381,-0.000590646,patch_6183,1077.84771,1078.003756,461.176571286,461.262248
6174,3.087,3.086750001,3.087249999,-0.000696429,-0.000762621,patch_6184,1078.003756,1078.159801,461.176571286,461.287194
6175,3.0875,3.087249999,3.087750001,-0.000712672,-0.000780408,patch_6185,1078.159801,1078.315847,461.176571286,461.289774
6176,3.088,3.087750001,3.08825,-0.000624264,-0.000683597,patch_6186,1078.315847,1078.471892,461.176571286,461.275731
6177,3.0885,3.08825,3.088750002,-0.000467366,-0.000511787,patch_6187,1078.471892,1078.627938,461.176571286,461.250809
6178,3.089,3.088750002,3.08925,-0.000278129,-0.000304563,patch_6188,1078.627938,1078.783983,461.176571286,461.22075
6179,3.0895,3.08925,3.089749999,-0.000092706,-0.000101518,patch_6189,1078.783983,1078.940028,461.176571286,461.191297
6180,3.09,3.089749999,3.09025,0.000053275,0.000058338,patch_6190,1078.940028,1079.096074,461.176571286,461.168109
6181,3.0905,3.09025,3.090749999,0.000143559,0.000157203,patch_6191,1079.096074,1079.252119,461.176571286,461.153768
6182,3.091,3.090749999,3.091250001,0.00018628,0.000203985,patch_6192,1079.252119,1079.408165,461.176571286,461.146982
6183,3.0915,3.091250001,3.091749999,0.000191128,0.000209294,patch_6193,1079.408165,1079.56421,461.176571286,461.146212
6184,3.092,3.091749999,3.092250001,0.000167784,0.000183731,patch_6194,1079.56421,1079.720256,461.176571286,461.14992
6185,3.0925,3.092250001,3.092749999,0.00012595,0.000137921,patch_6195,1079.720256,1079.876301,461.176571286,461.156565
6186,3.093,3.092749999,3.093250001,0.000075303,0.00008246,patch_6196,1079.876301,1080.032347,461.176571286,461.16461
6187,3.0935,3.093250001,3.09375,0.00002553,0.000027957,patch_6197,1080.032347,1080.188392,461.176571286,461.172516
6188,3.094,3.09375,3.094250002,-0.000013798,-0.000015109,patch_6198,1080.188392,1080.344438,461.176571286,461.178763
6189,3.0945,3.094250002,3.09475,-0.000038206,-0.000041837,patch_6199,1080.344438,1080.500483,461.176571286,461.18264
6190,3.095,3.09475,3.095249999,-0.000049821,-0.000054556,patch_6200,1080.500483,1080.656528,461.176571286,461.184485
6191,3.0955,3.095249999,3.09575,-0.000051256,-0.000056128,patch_6201,1080.656528,1080.812574,461.176571286,461.184713
6192,3.096,3.09575,3.096249999,-0.000045093,-0.000049379,patch_6202,1080.812574,1080.968619,461.176571286,461.183734
6193,3.0965,3.096249999,3.096750001,-0.000033937,-0.000037163,patch_6203,1080.968619,1081.124665,461.176571286,461.181962
6194,3.097,3.096750001,3.097249999,-0.000020383,-0.00002232,patch_6204,1081.124665,1081.28071,461.176571286,461.179809
6195,3.0975,3.097249999,3.097750001,-0.00000703,-0.000007699,patch_6205,1081.28071,1081.436756,461.176571286,461.177688
6196,3.098,3.097750001,3.098249999,0.000003571,0.000003911,patch_6206,1081.436756,1081.592801,461.176571286,461.176004
6197,3.0985,3.098249999,3.098750001,0.000010163,0.000011129,patch_6207,1081.592801,1081.748847,461.176571286,461.174957
6198,3.099,3.098750001,3.09925,0.000013323,0.000014589,patch_6208,1081.748847,1081.904892,461.176571286,461.174455
6199,3.0995,3.09925,3.099750002,0.000013745,0.000015051,patch_6209,1081.904892,1082.060938,461.176571286,461.174388
6200,3.1,3.099750002,3.10025,0.000012121,0.000013273,patch_6210,1082.060938,1082.216983,461.176571286,461.174646
6201,3.1005,3.10025,3.100749999,0.000009143,0.000010012,patch_6211,1082.216983,1082.373028,461.176571286,461.175119
6202,3.101,3.100749999,3.10125,0.000005517,0.000006041,patch_6212,1082.373028,1082.529074,461.176571286,461.175695
6203,3.1015,3.10125,3.101749999,0.000001935,0.000002118,patch_6213,1082.529074,1082.685119,461.176571286,461.176264
6204,3.102,3.101749999,3.102250001,-0.000000924,-0.000001011,patch_6214,1082.685119,1082.841165,461.176571286,461.176718
6205,3.1025,3.102250001,3.102749999,-0.000002705,-0.000002962,patch_6215,1082.841165,1082.99721,461.176571286,461.177001
6206,3.103,3.102749999,3.103250001,-0.000003561,-0.0000039,patch_6216,1082.99721,1083.153256,461.176571286,461.177137
6207,3.1035,3.103250001,3.103749999,-0.000003681,-0.000004031,patch_6217,1083.153256,1083.309301,461.176571286,461.177156
6208,3.104,3.103749999,3.104250001,-0.000003253,-0.000003562,patch_6218,1083.309301,1083.465347,461.176571286,461.177088
6209,3.1045,3.104250001,3.10475,-0.00000246,-0.000002694,patch_6219,1083.465347,1083.621392,461.176571286,461.176962
6210,3.105,3.10475,3.105250002,-0.00000149,-0.000001632,patch_6220,1083.621392,1083.777438,461.176571286,461.176808
6211,3.1055,3.105250002,3.10575,-0.000000527,-0.000000577,patch_6221,1083.777438,1083.933483,461.176571286,461.176655
6212,3.106,3.10575,3.106249999,0.000000235,0.000000257,patch_6222,1083.933483,1084.089528,461.176571286,461.176534
6213,3.1065,3.106249999,3.10675,0.000000713,0.000000781,patch_6223,1084.089528,1084.245574,461.176571286,461.176458
6214,3.107,3.10675,3.107249999,0.000000946,0.000001036,patch_6224,1084.245574,1084.401619,461.176571286,461.176421
6215,3.1075,3.107249999,3.107750001,0.000000978,0.000001071,patch_6225,1084.401619,1084.557665,461.176571286,461.176416
6216,3.108,3.107750001,3.108249999,0.000000864,0.000000946,patch_6226,1084.557665,1084.71371,461.176571286,461.176434
6217,3.1085,3.108249999,3.108750001,0.00000065,0.000000712,patch_6227,1084.71371,1084.869756,461.176571286,461.176468
6218,3.109,3.108750001,3.109249999,0.000000392,0.000000429,patch_6228,1084.869756,1085.025801,461.176571286,461.176509
6219,3.1095,3.109249999,3.109750001,0.00000014,0.000000154,patch_6229,1085.025801,1085.181847,461.176571286,461.176549
6220,3.11,3.109750001,3.11025,-0.000000055,-0.00000006,patch_6230,1085.181847,1085.337892,461.176571286,461.17658
6221,3.1105,3.11025,3.110750002,-0.000000174,-0.000000191,patch_6231,1085.337892,1085.493938,461.176571286,461.176599
6222,3.111,3.110750002,3.11125,-0.000000225,-0.000000246,patch_6232,1085.493938,1085.649983,461.176571286,461.176607
6223,3.1115,3.11125,3.111749999,-0.000000225,-0.000000246,patch_6233,1085.649983,1085.806028,461.176571286,461.176607
6224,3.112,3.111749999,3.11225,-0.000000187,-0.000000205,patch_6234,1085.806028,1085.962074,461.176571286,461.176601
6225,3.1125,3.11225,3.112749999,-0.00000013,-0.000000143,patch_6235,1085.962074,1086.118119,461.176571286,461.176592
6226,3.113,3.112749999,3.113250001,-0.000000067,-0.000000074,patch_6236,1086.118119,1086.274165,461.176571286,461.176582
6227,3.1135,3.113250001,3.113749999,-0.000000017,-0.000000019,patch_6237,1086.274165,1086.43021,461.176571286,461.176574
6228,3.114,3.113749999,3.114250001,0.000000002,0.000000002,patch_6238,1086.43021,1086.586256,461.176571286,461.176571
6229,3.1145,3.114250001,3.114749999,-0.000000004,-0.000000005,patch_6239,1086.586256,1086.742301,461.176571286,461.176572
6230,3.115,3.114749999,3.115250001,-0.000000036,-0.000000039,patch_6240,1086.742301,1086.898347,461.176571286,461.176577
6231,3.1155,3.115250001,3.11575,-0.000000074,-0.000000081,patch_6241,1086.898347,1087.054392,461.176571286,461.176583
6232,3.116,3.11575,3.116250002,-0.000000112,-0.000000122,patch_6242,1087.054392,1087.210438,461.176571286,461.176589
6233,3.1165,3.116250002,3.11675,-0.00000013,-0.000000143,patch_6243,1087.210438,1087.366483,461.176571286,461.176592
6234,3.117,3.11675,3.117249999,-0.000000118,-0.000000129,patch_6244,1087.366483,1087.522528,461.176571286,461.17659
6235,3.1175,3.117249999,3.11775,-0.000000067,-0.000000074,patch_6245,1087.522528,1087.678574,461.176571286,461.176582
6236,3.118,3.11775,3.118249999,0.00000004,0.000000043,patch_6246,1087.678574,1087.834619,461.176571286,461.176565
6237,3.1185,3.118249999,3.118750001,0.000000191,0.000000209,patch_6247,1087.834619,1087.990665,461.176571286,461.176541
6238,3.119,3.118750001,3.119249999,0.000000361,0.000000395,patch_6248,1087.990665,1088.14671,461.176571286,461.176514
6239,3.1195,3.119249999,3.119750001,0.000000518,0.000000567,patch_6249,1088.14671,1088.302756,461.176571286,461.176489
6240,3.12,3.119750001,3.120249999,0.000000625,0.000000684,patch_6250,1088.302756,1088.458801,461.176571286,461.176472
6241,3.1205,3.120249999,3.120750001,0.000000644,0.000000705,patch_6251,1088.458801,1088.614847,461.176571286,461.176469
6242,3.121,3.120750001,3.12125,0.000000543,0.000000595,patch_6252,1088.614847,1088.770892,461.176571286,461.176485
6243,3.1215,3.12125,3.121750002,0.000000291,0.000000319,patch_6253,1088.770892,1088.926938,461.176571286,461.176525
6244,3.122,3.121750002,3.12225,-0.000000149,-0.000000163,patch_6254,1088.926938,1089.082983,461.176571286,461.176595
6245,3.1225,3.12225,3.122749999,-0.000000754,-0.000000825,patch_6255,1089.082983,1089.239028,461.176571286,461.176691
6246,3.123,3.122749999,3.12325,-0.000001408,-0.000001542,patch_6256,1089.239028,1089.395074,461.176571286,461.176795
6247,3.1235,3.12325,3.123749999,-0.000001994,-0.000002183,patch_6257,1089.395074,1089.551119,461.176571286,461.176888
6248,3.124,3.123749999,3.124250001,-0.000002384,-0.000002611,patch_6258,1089.551119,1089.707165,461.176571286,461.17695
6249,3.1245,3.124250001,3.124749999,-0.000002447,-0.00000268,patch_6259,1089.707165,1089.86321,461.176571286,461.17696
6250,3.125,3.124749999,3.125250001,-0.000002063,-0.000002259,patch_6260,1089.86321,1090.019256,461.176571286,461.176899
6251,3.1255,3.125250001,3.125749999,-0.000001113,-0.000001218,patch_6261,1090.019256,1090.175301,461.176571286,461.176748
6252,3.126,3.125749999,3.126250001,0.000000531,0.000000581,patch_6262,1090.175301,1090.331347,461.176571286,461.176487
6253,3.1265,3.126250001,3.12675,0.000002791,0.000003056,patch_6263,1090.331347,1090.487392,461.176571286,461.176128
6254,3.127,3.12675,3.127250002,0.000005246,0.000005745,patch_6264,1090.487392,1090.643438,461.176571286,461.175738
6255,3.1275,3.127250002,3.12775,0.000007437,0.000008144,patch_6265,1090.643438,1090.799483,461.176571286,461.17539
6256,3.128,3.12775,3.128249999,0.000008891,0.000009736,patch_6266,1090.799483,1090.955528,461.176571286,461.175159
6257,3.1285,3.128249999,3.12875,0.000009149,0.000010019,patch_6267,1090.955528,1091.111574,461.176571286,461.175118
6258,3.129,3.12875,3.129249999,0.000007752,0.000008488,patch_6268,1091.111574,1091.267619,461.176571286,461.17534
6259,3.1295,3.129249999,3.129750001,0.000004232,0.000004635,patch_6269,1091.267619,1091.423665,461.176571286,461.175899
6260,3.13,3.129750001,3.130249999,-0.000001868,-0.000002046,patch_6270,1091.423665,1091.57971,461.176571286,461.176868
6261,3.1305,3.130249999,3.130750001,-0.000010285,-0.000011263,patch_6271,1091.57971,1091.735756,461.176571286,461.178205
6262,3.131,3.130750001,3.131249999,-0.000019458,-0.000021307,patch_6272,1091.735756,1091.891801,461.176571286,461.179662
6263,3.1315,3.131249999,3.131750001,-0.000027648,-0.000030276,patch_6273,1091.891801,1092.047847,461.176571286,461.180963
6264,3.132,3.131750001,3.13225,-0.000033125,-0.000036274,patch_6274,1092.047847,1092.203892,461.176571286,461.181833
6265,3.1325,3.13225,3.132750002,-0.00003417,-0.000037418,patch_6275,1092.203892,1092.359938,461.176571286,461.181999
6266,3.133,3.132750002,3.13325,-0.000029058,-0.00003182,patch_6276,1092.359938,1092.515983,461.176571286,461.181187
6267,3.1335,3.13325,3.133749999,-0.000016058,-0.000017584,patch_6277,1092.515983,1092.672028,461.176571286,461.179122
6268,3.134,3.133749999,3.13425,0.000006543,0.000007165,patch_6278,1092.672028,1092.828074,461.176571286,461.175532
6269,3.1345,3.13425,3.134749999,0.000037882,0.000041483,patch_6279,1092.828074,1092.984119,461.176571286,461.170554
6270,3.135,3.134749999,3.135250001,0.000072111,0.000078965,patch_6280,1092.984119,1093.140165,461.176571286,461.165117
6271,3.1355,3.135250001,3.135749999,0.00010277,0.000112538,patch_6281,1093.140165,1093.29621,461.176571286,461.160247
6272,3.136,3.135749999,3.136250001,0.000123426,0.000135157,patch_6282,1093.29621,1093.452256,461.176571286,461.156966
6273,3.1365,3.136250001,3.136749999,0.000127631,0.000139762,patch_6283,1093.452256,1093.608301,461.176571286,461.156298
6274,3.137,3.136749999,3.137250001,0.00010894,0.000119294,patch_6284,1093.608301,1093.764347,461.176571286,461.159267
6275,3.1375,3.137250001,3.13775,0.000060899,0.000066687,patch_6285,1093.764347,1093.920392,461.176571286,461.166898
6276,3.138,3.13775,3.138250002,-0.000022857,-0.00002503,patch_6286,1093.920392,1094.076438,461.176571286,461.180202
6277,3.1385,3.138250002,3.13875,-0.000139488,-0.000152746,patch_6287,1094.076438,1094.232483,461.176571286,461.198728
6278,3.139,3.13875,3.139249999,-0.000267237,-0.000292637,patch_6288,1094.232483,1094.388528,461.176571286,461.21902
6279,3.1395,3.139249999,3.13975,-0.000382049,-0.000418361,patch_6289,1094.388528,1094.544574,461.176571286,461.237257
6280,3.14,3.13975,3.140249999,-0.000459881,-0.00050359,patch_6290,1094.544574,1094.700619,461.176571286,461.24962
6281,3.1405,3.140249999,3.140750001,-0.000476665,-0.000521969,patch_6291,1094.700619,1094.856665,461.176571286,461.252286
6282,3.141,3.140750001,3.141249999,-0.000408365,-0.000447177,patch_6292,1094.856665,1095.01271,461.176571286,461.241437
6283,3.1415,3.141249999,3.141750001,-0.000230912,-0.000252859,patch_6293,1095.01271,1095.168756,461.176571286,461.21325
6284,3.142,3.141750001,3.142249999,0.000079552,0.000087113,patch_6294,1095.168756,1095.324801,461.176571286,461.163935
6285,3.1425,3.142249999,3.142750001,0.000513504,0.000562309,patch_6295,1095.324801,1095.480847,461.176571286,461.095005
6286,3.143,3.142750001,3.14325,0.000990302,0.001084425,patch_6296,1095.480847,1095.636892,461.176571286,461.019269
6287,3.1435,3.14325,3.143750002,0.001420187,0.001555168,patch_6297,1095.636892,1095.792938,461.176571286,460.950985
6288,3.144,3.143750002,3.14425,0.001713389,0.001876237,patch_6298,1095.792938,1095.948983,461.176571286,460.904412
6289,3.1445,3.14425,3.144749999,0.001780128,0.00194932,patch_6299,1095.948983,1096.105028,461.176571286,460.893811
6290,3.145,3.144749999,3.14525,0.001530648,0.001676128,patch_6300,1096.105028,1096.261074,461.176571286,460.933439
6291,3.1455,3.14525,3.145749999,0.000875176,0.000958357,patch_6301,1096.261074,1096.417119,461.176571286,461.037556
6292,3.146,3.145749999,3.146250001,-0.000275396,-0.000301571,patch_6302,1096.417119,1096.573165,461.176571286,461.220316
6293,3.1465,3.146250001,3.146749999,-0.001871976,-0.002049898,patch_6303,1096.573165,1096.72921,461.176571286,461.473921
6294,3.147,3.146749999,3.147250001,-0.003558381,-0.003896586,patch_6304,1096.72921,1096.885256,461.176571286,461.741794
6295,3.1475,3.147250001,3.147749999,-0.004937047,-0.005406287,patch_6305,1096.885256,1097.041301,461.176571286,461.960785
6296,3.148,3.147749999,3.148250001,-0.005610411,-0.006143651,patch_6306,1097.041301,1097.197347,461.176571286,462.067744
6297,3.1485,3.148250001,3.14875,-0.005180911,-0.005673329,patch_6307,1097.197347,1097.353392,461.176571286,461.999521
6298,3.149,3.14875,3.149250002,-0.003250995,-0.003559984,patch_6308,1097.353392,1097.509438,461.176571286,461.692968
6299,3.1495,3.149250002,3.14975,0.0005769,0.000631731,patch_6309,1097.509438,1097.665483,461.176571286,461.084935
6300,3.15,3.14975,3.150249999,0.006699556,0.007336312,patch_6310,1097.665483,1097.821528,461.176571286,460.112396
6301,3.1505,3.150249999,3.15075,0.015316371,0.01677211,patch_6311,1097.821528,1097.977574,461.176571286,458.743678
6302,3.151,3.15075,3.151249999,0.026169116,0.02865635,patch_6312,1097.977574,1098.133619,461.176571286,457.019799
6303,3.1515,3.151249999,3.151750001,0.038934912,0.042635465,patch_6313,1098.133619,1098.289665,461.176571286,454.992046
6304,3.152,3.151750001,3.152249999,0.053290853,0.058355861,patch_6314,1098.289665,1098.44571,461.176571286,452.71171
6305,3.1525,3.152249999,3.152750001,0.068914054,0.075463963,patch_6315,1098.44571,1098.601756,461.176571286,450.230079
6306,3.153,3.152750001,3.153249999,0.085481643,0.093606212,patch_6316,1098.601756,1098.757801,461.176571286,447.598439
6307,3.1535,3.153249999,3.153750001,0.102670683,0.112428977,patch_6317,1098.757801,1098.913847,461.176571286,444.868086
6308,3.154,3.153750001,3.15425,0.120158396,0.131578803,patch_6318,1098.913847,1099.069892,461.176571286,442.090291
6309,3.1545,3.15425,3.154750002,0.137640417,0.150722397,patch_6319,1099.069892,1099.225938,461.176571286,439.3134
6310,3.155,3.154750002,3.15525,0.154857221,0.169575564,patch_6320,1099.225938,1099.381983,461.176571286,436.578637
6311,3.1555,3.15525,3.155749999,0.17155592,0.187861385,patch_6321,1099.381983,1099.538028,461.176571286,433.926171
6312,3.156,3.155749999,3.15625,0.18748358,0.205302883,patch_6322,1099.538028,1099.694074,461.176571286,431.396179
6313,3.1565,3.15625,3.156749999,0.202387315,0.221623137,patch_6323,1099.694074,1099.850119,461.176571286,429.02883
6314,3.157,3.156749999,3.157250001,0.216014251,0.236545241,patch_6324,1099.850119,1100.006165,461.176571286,426.864291
6315,3.1575,3.157250001,3.157749999,0.228111416,0.249792176,patch_6325,1100.006165,1100.16221,461.176571286,424.942745
6316,3.158,3.157749999,3.158250001,0.238426176,0.261087299,patch_6326,1100.16221,1100.318256,461.176571286,423.304321
6317,3.1585,3.158250001,3.158749999,0.246787248,0.270243045,patch_6327,1100.318256,1100.474301,461.176571286,421.976226
6318,3.159,3.158749999,3.159250001,0.253229113,0.277297175,patch_6328,1100.474301,1100.630347,461.176571286,420.952983
6319,3.1595,3.159250001,3.15975,0.257818132,0.282322355,patch_6329,1100.630347,1100.786392,461.176571286,420.224051
6320,3.16,3.15975,3.160250002,0.260620742,0.285391338,patch_6330,1100.786392,1100.942438,461.176571286,419.778877
6321,3.1605,3.160250002,3.16075,0.261703341,0.286576832,patch_6331,1100.942438,1101.098483,461.176571286,419.606914
6322,3.161,3.16075,3.161249999,0.26113233,0.285951549,patch_6332,1101.098483,1101.254528,461.176571286,419.697615
6323,3.1615,3.161249999,3.16175,0.258974106,0.283588198,patch_6333,1101.254528,1101.410574,461.176571286,420.040433
6324,3.162,3.16175,3.162249999,0.255295309,0.279559751,patch_6334,1101.410574,1101.566619,461.176571286,420.624783
6325,3.1625,3.162249999,3.162750001,0.250301418,0.274091217,patch_6335,1101.566619,1101.722665,461.176571286,421.418026
6326,3.163,3.162750001,3.163249999,0.244563488,0.267807929,patch_6336,1101.722665,1101.87871,461.176571286,422.329454
6327,3.1635,3.163249999,3.163750001,0.238712265,0.261400578,patch_6337,1101.87871,1102.034756,461.176571286,423.258878
6328,3.164,3.163750001,3.164249999,0.233378383,0.25555974,patch_6338,1102.034756,1102.190801,461.176571286,424.106126
6329,3.1645,3.164249999,3.164750001,0.229192568,0.250976086,patch_6339,1102.190801,1102.346847,461.176571286,424.771012
6330,3.165,3.164750001,3.16525,0.22678545,0.248340184,patch_6340,1102.346847,1102.502892,461.176571286,425.153365
6331,3.1655,3.16525,3.165750002,0.226787748,0.248342701,patch_6341,1102.502892,1102.658938,461.176571286,425.153
6332,3.166,3.165750002,3.16625,0.229829683,0.251673755,patch_6342,1102.658938,1102.814983,461.176571286,424.669811
6333,3.1665,3.16625,3.166749999,0.236211658,0.258662302,patch_6343,1102.814983,1102.971028,461.176571286,423.656081
6334,3.167,3.166749999,3.16725,0.245326476,0.268643434,patch_6344,1102.971028,1103.127074,461.176571286,422.208259
6335,3.1675,3.16725,3.167749999,0.256411942,0.280782514,patch_6345,1103.127074,1103.283119,461.176571286,420.447414
6336,3.168,3.167749999,3.168250001,0.268705931,0.29424498,patch_6346,1103.283119,1103.439165,461.176571286,418.494604
6337,3.1685,3.168250001,3.168749999,0.281446368,0.308196327,patch_6347,1103.439165,1103.59521,461.176571286,416.470879
6338,3.169,3.168749999,3.169250001,0.293871102,0.321801966,patch_6348,1103.59521,1103.751256,461.176571286,414.497301
6339,3.1695,3.169250001,3.169749999,0.305217952,0.334227273,patch_6349,1103.751256,1103.907301,461.176571286,412.694937
6340,3.17,3.169749999,3.170250001,0.31472519,0.344638122,patch_6350,1103.907301,1104.063347,461.176571286,411.184782
6341,3.1705,3.170250001,3.17075,0.3219198,0.352516541,patch_6351,1104.063347,1104.219392,461.176571286,410.041971
6342,3.171,3.17075,3.171250002,0.32715967,0.358254432,patch_6352,1104.219392,1104.375438,461.176571286,409.209656
6343,3.1715,3.171250002,3.17175,0.330950975,0.36240608,patch_6353,1104.375438,1104.531483,461.176571286,408.607435
6344,3.172,3.17175,3.172249999,0.333800046,0.36552594,patch_6354,1104.531483,1104.687528,461.176571286,408.154881
6345,3.1725,3.172249999,3.17275,0.336213138,0.368168384,patch_6355,1104.687528,1104.843574,461.176571286,407.771579
6346,3.173,3.17275,3.173249999,0.338696451,0.370887722,patch_6356,1104.843574,1104.999619,461.176571286,407.377123
6347,3.1735,3.173249999,3.173750001,0.341756252,0.37423834,patch_6357,1104.999619,1105.155665,461.176571286,406.891096
6348,3.174,3.173750001,3.174249999,0.345898684,0.378774489,patch_6358,1105.155665,1105.31171,461.176571286,406.233101
6349,3.1745,3.174249999,3.174750001,0.351382998,0.384780057,patch_6359,1105.31171,1105.467756,461.176571286,405.361958
6350,3.175,3.174750001,3.175249999,0.357727319,0.391727372,patch_6360,1105.467756,1105.623801,461.176571286,404.354209
6351,3.1755,3.175249999,3.175750001,0.364310947,0.398936738,patch_6361,1105.623801,1105.779847,461.176571286,403.308448
6352,3.176,3.175750001,3.17625,0.370513229,0.405728513,patch_6362,1105.779847,1105.935892,461.176571286,402.323261
6353,3.1765,3.17625,3.176750002,0.375713526,0.41142307,patch_6363,1105.935892,1106.091938,461.176571286,401.497232
6354,3.177,3.176750002,3.17725,0.379291204,0.415340787,patch_6364,1106.091938,1106.247983,461.176571286,400.928944
6355,3.1775,3.17725,3.177749999,0.380625663,0.416802079,patch_6365,1106.247983,1106.404028,461.176571286,400.716975
6356,3.178,3.177749999,3.17825,0.3790963,0.415127359,patch_6366,1106.404028,1106.560074,461.176571286,400.959903
6357,3.1785,3.17825,3.178749999,0.374297854,0.409872847,patch_6367,1106.560074,1106.716119,461.176571286,401.722101
6358,3.179,3.178749999,3.179250001,0.366501448,0.401335434,patch_6368,1106.716119,1106.872165,461.176571286,402.960503
6359,3.1795,3.179250001,3.179749999,0.356110455,0.389956834,patch_6369,1106.872165,1107.02821,461.176571286,404.611036
6360,3.18,3.179749999,3.180250001,0.343528301,0.376178813,patch_6370,1107.02821,1107.184256,461.176571286,406.609619
6361,3.1805,3.180250001,3.180749999,0.329158453,0.360443189,patch_6371,1107.184256,1107.340301,461.176571286,408.892164
6362,3.181,3.180749999,3.181250001,0.313404323,0.343191714,patch_6372,1107.340301,1107.496347,461.176571286,411.394592
6363,3.1815,3.181250001,3.18175,0.296669336,0.324866157,patch_6373,1107.496347,1107.652392,461.176571286,414.052822
6364,3.182,3.18175,3.182250002,0.279356898,0.305908264,patch_6374,1107.652392,1107.808438,461.176571286,416.802776
6365,3.1825,3.182250002,3.18275,0.261802464,0.286685377,patch_6375,1107.808438,1107.964483,461.176571286,419.591169
6366,3.183,3.18275,3.183249999,0.244118419,0.267320558,patch_6376,1107.964483,1108.120528,461.176571286,422.40015
6367,3.1835,3.183249999,3.18375,0.226371424,0.247886807,patch_6377,1108.120528,1108.276574,461.176571286,425.21913
6368,3.184,3.18375,3.184249999,0.208628056,0.228457027,patch_6378,1108.276574,1108.432619,461.176571286,428.037534
6369,3.1845,3.184249999,3.184750001,0.190955028,0.209104273,patch_6379,1108.432619,1108.588665,461.176571286,430.844765
6370,3.185,3.184750001,3.185249999,0.173418908,0.18990144,patch_6380,1108.588665,1108.74471,461.176571286,433.630249
6371,3.1855,3.185249999,3.185750001,0.156086387,0.170921556,patch_6381,1108.74471,1108.900756,461.176571286,436.383393
6372,3.186,3.185750001,3.186249999,0.139024107,0.152237599,patch_6382,1108.900756,1109.056801,461.176571286,439.093611
6373,3.1865,3.186249999,3.186750001,0.122319226,0.133945008,patch_6383,1109.056801,1109.212847,461.176571286,441.747059
6374,3.187,3.186750001,3.18725,0.106129476,0.116216511,patch_6384,1109.212847,1109.368892,461.176571286,444.318682
6375,3.1875,3.18725,3.187750002,0.090627634,0.099241302,patch_6385,1109.368892,1109.524938,461.176571286,446.781036
6376,3.188,3.187750002,3.18825,0.075986505,0.083208613,patch_6386,1109.524938,1109.680983,461.176571286,449.106672
6377,3.1885,3.18825,3.188749999,0.062378914,0.068307694,patch_6387,1109.680983,1109.837028,461.176571286,451.268138
6378,3.189,3.188749999,3.18925,0.049977669,0.054727776,patch_6388,1109.837028,1109.993074,461.176571286,453.237985
6379,3.1895,3.18925,3.189749999,0.03895558,0.042658098,patch_6389,1109.993074,1110.149119,461.176571286,454.988763
6380,3.19,3.189749999,3.190250001,0.029485442,0.032287874,patch_6390,1110.149119,1110.305165,461.176571286,456.493025
6381,3.1905,3.190250001,3.190749999,0.021675047,0.023735143,patch_6391,1110.305165,1110.46121,461.176571286,457.733649
6382,3.191,3.190749999,3.191250001,0.015398729,0.016862296,patch_6392,1110.46121,1110.617256,461.176571286,458.730596
6383,3.1915,3.191250001,3.191749999,0.010478458,0.011474379,patch_6393,1110.617256,1110.773301,461.176571286,459.512145
6384,3.192,3.191749999,3.192250001,0.006736196,0.007376435,patch_6394,1110.773301,1110.929347,461.176571286,460.106576
6385,3.1925,3.192250001,3.19275,0.00399391,0.004373509,patch_6395,1110.929347,1111.085392,461.176571286,460.542168
6386,3.193,3.19275,3.193250002,0.002073557,0.002270637,patch_6396,1111.085392,1111.241438,461.176571286,460.847202
6387,3.1935,3.193250002,3.19375,0.000797111,0.000872872,patch_6397,1111.241438,1111.397483,461.176571286,461.049956
6388,3.194,3.19375,3.194249999,-0.000013464,-0.000014744,patch_6398,1111.397483,1111.553528,461.176571286,461.17871
6389,3.1945,3.194249999,3.19475,-0.00051333,-0.000562119,patch_6399,1111.553528,1111.709574,461.176571286,461.25811
6390,3.195,3.19475,3.195249999,-0.000771724,-0.000845072,patch_6400,1111.709574,1111.865619,461.176571286,461.299154
6391,3.1955,3.195249999,3.195750001,-0.00083772,-0.000917341,patch_6401,1111.865619,1112.021665,461.176571286,461.309637
6392,3.196,3.195750001,3.196249999,-0.000760386,-0.000832656,patch_6402,1112.021665,1112.17771,461.176571286,461.297353
6393,3.1965,3.196249999,3.196750001,-0.000588801,-0.000644763,patch_6403,1112.17771,1112.333756,461.176571286,461.270098
6394,3.197,3.196750001,3.197249999,-0.000372046,-0.000407407,patch_6404,1112.333756,1112.489801,461.176571286,461.235668
6395,3.1975,3.197249999,3.197750001,-0.000159181,-0.00017431,patch_6405,1112.489801,1112.645847,461.176571286,461.201856
6396,3.198,3.197750001,3.19825,0.000000707,0.000000774,patch_6406,1112.645847,1112.801892,461.176571286,461.176459
6397,3.1985,3.19825,3.198750002,0.000071475,0.000078268,patch_6407,1112.801892,1112.957938,461.176571286,461.165218
6398,3.199,3.198750002,3.19925,0.000067748,0.000074187,patch_6408,1112.957938,1113.113983,461.176571286,461.16581
6399,3.1995,3.19925,3.199749999,0.000016628,0.000018209,patch_6409,1113.113983,1113.270028,461.176571286,461.17393
6400,3.2,3.199749999,3.20025,-0.000054788,-0.000059996,patch_6410,1113.270028,1113.426074,461.176571286,461.185274
6401,3.2005,3.20025,3.200749999,-0.000119412,-0.000130761,patch_6411,1113.426074,1113.582119,461.176571286,461.195539
6402,3.201,3.200749999,3.201250001,-0.000150147,-0.000164417,patch_6412,1113.582119,1113.738165,461.176571286,461.200421
6403,3.2015,3.201250001,3.201749999,-0.00011989,-0.000131285,patch_6413,1113.738165,1113.89421,461.176571286,461.195615
6404,3.202,3.201749999,3.202250001,-0.000001553,-0.000001701,patch_6414,1113.89421,1114.050256,461.176571286,461.176818
6405,3.2025,3.202250001,3.202749999,0.000217953,0.000238669,patch_6415,1114.050256,1114.206301,461.176571286,461.141951
6406,3.203,3.202749999,3.203250001,0.000494107,0.000541069,patch_6416,1114.206301,1114.362347,461.176571286,461.098086
6407,3.2035,3.203250001,3.20375,0.000767604,0.000840561,patch_6417,1114.362347,1114.518392,461.176571286,461.054643
6408,3.204,3.20375,3.204250002,0.000979122,0.001072182,patch_6418,1114.518392,1114.674438,461.176571286,461.021045
6409,3.2045,3.204250002,3.20475,0.001069368,0.001171006,patch_6419,1114.674438,1114.830483,461.176571286,461.00671
6410,3.205,3.20475,3.205249999,0.000979021,0.001072072,patch_6420,1114.830483,1114.986528,461.176571286,461.021061
6411,3.2055,3.205249999,3.20575,0.00064877,0.000710432,patch_6421,1114.986528,1115.142574,461.176571286,461.073519
6412,3.206,3.20575,3.206249999,0.000019317,0.000021152,patch_6422,1115.142574,1115.298619,461.176571286,461.173503
6413,3.2065,3.206249999,3.206750001,-0.000926915,-0.001015014,patch_6423,1115.298619,1115.454665,461.176571286,461.323805
6414,3.207,3.206750001,3.207249999,-0.002028005,-0.002220756,patch_6424,1115.454665,1115.61071,461.176571286,461.498705
6415,3.2075,3.207249999,3.207750001,-0.003073801,-0.003365949,patch_6425,1115.61071,1115.766756,461.176571286,461.664822
6416,3.208,3.207750001,3.208249999,-0.00385417,-0.004220489,patch_6426,1115.766756,1115.922801,461.176571286,461.788778
6417,3.2085,3.208249999,3.208750001,-0.004158963,-0.00455425,patch_6427,1115.922801,1116.078847,461.176571286,461.837192
6418,3.209,3.208750001,3.20925,-0.003778045,-0.004137128,patch_6428,1116.078847,1116.234892,461.176571286,461.776686
6419,3.2095,3.20925,3.209750002,-0.002501259,-0.002738991,patch_6429,1116.234892,1116.390938,461.176571286,461.573878
6420,3.21,3.209750002,3.21025,-0.000118468,-0.000129727,patch_6430,1116.390938,1116.546983,461.176571286,461.195389
6421,3.2105,3.21025,3.210749999,0.003502071,0.003834924,patch_6431,1116.546983,1116.703028,461.176571286,460.620293
6422,3.211,3.210749999,3.21125,0.008139477,0.008913091,patch_6432,1116.703028,1116.859074,461.176571286,459.883675
6423,3.2115,3.21125,3.211749999,0.013473755,0.014754363,patch_6433,1116.859074,1117.015119,461.176571286,459.036364
6424,3.212,3.211749999,3.212250001,0.019184922,0.021008346,patch_6434,1117.015119,1117.171165,461.176571286,458.129187
6425,3.2125,3.212250001,3.212749999,0.024952982,0.027324628,patch_6435,1117.171165,1117.32721,461.176571286,457.212973
6426,3.213,3.212749999,3.213250001,0.030457939,0.033352802,patch_6436,1117.32721,1117.483256,461.176571286,456.338551
6427,3.2135,3.213250001,3.213749999,0.035379803,0.038742462,patch_6437,1117.483256,1117.639301,461.176571286,455.556749
6428,3.214,3.213749999,3.214250001,0.039398572,0.043143193,patch_6438,1117.639301,1117.795347,461.176571286,454.918397
6429,3.2145,3.214250001,3.21475,0.042290055,0.046309497,patch_6439,1117.795347,1117.951392,461.176571286,454.459106
6430,3.215,3.21475,3.215250002,0.044280837,0.048489491,patch_6440,1117.951392,1118.107438,461.176571286,454.142885
6431,3.2155,3.215250002,3.21575,0.045730025,0.050076418,patch_6441,1118.107438,1118.263483,461.176571286,453.912692
6432,3.216,3.21575,3.216249999,0.046996719,0.051463504,patch_6442,1118.263483,1118.419528,461.176571286,453.711487
6433,3.2165,3.216249999,3.21675,0.048440053,0.053044019,patch_6443,1118.419528,1118.575574,461.176571286,453.482224
6434,3.217,3.21675,3.217249999,0.050419118,0.055211183,patch_6444,1118.575574,1118.731619,461.176571286,453.167864
6435,3.2175,3.217249999,3.217750001,0.053293044,0.05835826,patch_6445,1118.731619,1118.887665,461.176571286,452.711362
6436,3.218,3.217750001,3.218249999,0.057420939,0.06287849,patch_6446,1118.887665,1119.04371,461.176571286,452.055676
6437,3.2185,3.218249999,3.218750001,0.063077474,0.069072647,patch_6447,1119.04371,1119.199756,461.176571286,451.157177
6438,3.219,3.218750001,3.219249999,0.070121437,0.076786102,patch_6448,1119.199756,1119.355801,461.176571286,450.038295
6439,3.2195,3.219249999,3.219750001,0.078283841,0.085724298,patch_6449,1119.355801,1119.511847,461.176571286,448.741757
6440,3.22,3.219750001,3.22025,0.087295607,0.095592584,patch_6450,1119.511847,1119.667892,461.176571286,447.310304
6441,3.2205,3.22025,3.220750002,0.096887715,0.10609637,patch_6451,1119.667892,1119.823938,461.176571286,445.786668
6442,3.221,3.220750002,3.22125,0.106791125,0.116941045,patch_6452,1119.823938,1119.979983,461.176571286,444.213584
6443,3.2215,3.22125,3.221749999,0.116736777,0.127831978,patch_6453,1119.979983,1120.136028,461.176571286,442.63379
6444,3.222,3.221749999,3.22225,0.126455633,0.138474559,patch_6454,1120.136028,1120.292074,461.176571286,441.090021
6445,3.2225,3.22225,3.222749999,0.135663165,0.148557217,patch_6455,1120.292074,1120.448119,461.176571286,439.627472
6446,3.223,3.222749999,3.223250001,0.143994824,0.157680756,patch_6456,1120.448119,1120.604165,461.176571286,438.304049
6447,3.2235,3.223250001,3.223749999,0.151060445,0.165417925,patch_6457,1120.604165,1120.76021,461.176571286,437.181727
6448,3.224,3.223749999,3.224250001,0.156469854,0.17134147,patch_6458,1120.76021,1120.916256,461.176571286,436.322482
6449,3.2245,3.224250001,3.224749999,0.159832804,0.17502405,patch_6459,1120.916256,1121.072301,461.176571286,435.788302
6450,3.225,3.224749999,3.225250001,0.16075918,0.176038473,patch_6460,1121.072301,1121.228347,461.176571286,435.641154
6451,3.2255,3.225250001,3.22575,0.158858715,0.173957379,patch_6461,1121.228347,1121.384392,461.176571286,435.943029
6452,3.226,3.22575,3.226250002,0.153741223,0.168353497,patch_6462,1121.384392,1121.540438,461.176571286,436.755905
6453,3.2265,3.226250002,3.22675,0.145156414,0.158952748,patch_6463,1121.540438,1121.696483,461.176571286,438.119539
6454,3.227,3.22675,3.227249999,0.133608805,0.146307602,patch_6464,1121.696483,1121.852528,461.176571286,439.953792
6455,3.2275,3.227249999,3.22775,0.11985638,0.131248082,patch_6465,1121.852528,1122.008574,461.176571286,442.138264
6456,3.228,3.22775,3.228249999,0.104657265,0.114604373,patch_6466,1122.008574,1122.164619,461.176571286,444.552532
6457,3.2285,3.228249999,3.228750001,0.088769607,0.097206679,patch_6467,1122.164619,1122.320665,461.176571286,447.07617
6458,3.229,3.228750001,3.229249999,0.072951571,0.079885225,patch_6468,1122.320665,1122.47671,461.176571286,449.588749
6459,3.2295,3.229249999,3.229750001,0.057961292,0.0634702,patch_6469,1122.47671,1122.632756,461.176571286,451.969845
6460,3.23,3.229750001,3.230249999,0.044556915,0.048791809,patch_6470,1122.632756,1122.788801,461.176571286,454.099032
6461,3.2305,3.230249999,3.230750001,0.033375883,0.03654808,patch_6471,1122.788801,1122.944847,461.176571286,455.875057
6462,3.231,3.230750001,3.23125,0.024373774,0.02669037,patch_6472,1122.944847,1123.100892,461.176571286,457.304976
6463,3.2315,3.23125,3.231750002,0.017266911,0.018908038,patch_6473,1123.100892,1123.256938,461.176571286,458.433849
6464,3.232,3.231750002,3.23225,0.011771385,0.012890192,patch_6474,1123.256938,1123.412983,461.176571286,459.306773
6465,3.2325,3.23225,3.232749999,0.007603267,0.008325917,patch_6475,1123.412983,1123.569028,461.176571286,459.968848
6466,3.233,3.232749999,3.23325,0.004478647,0.004904319,patch_6476,1123.569028,1123.725074,461.176571286,460.465171
6467,3.2335,3.23325,3.233749999,0.002113596,0.002314482,patch_6477,1123.725074,1123.881119,461.176571286,460.840842
6468,3.234,3.233749999,3.234250001,0.000224211,0.000245521,patch_6478,1123.881119,1124.037165,461.176571286,461.140957
6469,3.2345,3.234250001,3.234749999,-0.001415581,-0.001550125,patch_6479,1124.037165,1124.19321,461.176571286,461.401426
6470,3.235,3.234749999,3.235250001,-0.002689534,-0.002945159,patch_6480,1124.19321,1124.349256,461.176571286,461.603784
6471,3.2355,3.235250001,3.235749999,-0.003355942,-0.003674906,patch_6481,1124.349256,1124.505301,461.176571286,461.709638
6472,3.236,3.235749999,3.236250001,-0.003172937,-0.003474507,patch_6482,1124.505301,1124.661347,461.176571286,461.680569
6473,3.2365,3.236250001,3.23675,-0.001898625,-0.002079079,patch_6483,1124.661347,1124.817392,461.176571286,461.478154
6474,3.237,3.23675,3.237250002,0.000708873,0.000776248,patch_6484,1124.817392,1124.973438,461.176571286,461.063972
6475,3.2375,3.237250002,3.23775,0.004891427,0.005356331,patch_6485,1124.973438,1125.129483,461.176571286,460.399604
6476,3.238,3.23775,3.238249999,0.010890929,0.011926053,patch_6486,1125.129483,1125.285528,461.176571286,459.446627
6477,3.2385,3.238249999,3.23875,0.018890619,0.02068607,patch_6487,1125.285528,1125.441574,461.176571286,458.175935
6478,3.239,3.23875,3.239249999,0.028710197,0.031438946,patch_6488,1125.441574,1125.597619,461.176571286,456.616167
6479,3.2395,3.239249999,3.239750001,0.040030266,0.043834927,patch_6489,1125.597619,1125.753665,461.176571286,454.818057
6480,3.24,3.239750001,3.240249999,0.052531145,0.057523947,patch_6490,1125.753665,1125.90971,461.176571286,452.832384
6481,3.2405,3.240249999,3.240750001,0.065893153,0.072155942,patch_6491,1125.90971,1126.065756,461.176571286,450.709927
6482,3.241,3.240750001,3.241249999,0.079796602,0.087380839,patch_6492,1126.065756,1126.221801,461.176571286,448.501466
6483,3.2415,3.241249999,3.241750001,0.093921824,0.102848587,patch_6493,1126.221801,1126.377847,461.176571286,446.257778
6484,3.242,3.241750001,3.24225,0.107949119,0.118209101,patch_6494,1126.377847,1126.533892,461.176571286,444.029645
6485,3.2425,3.24225,3.242750002,0.121603177,0.133160904,patch_6495,1126.533892,1126.689938,461.176571286,441.860798
6486,3.243,3.242750002,3.24325,0.134896696,0.1477179,patch_6496,1126.689938,1126.845983,461.176571286,439.74922
6487,3.2435,3.24325,3.243749999,0.147957532,0.162020097,patch_6497,1126.845983,1127.002028,461.176571286,437.674602
6488,3.244,3.243749999,3.24425,0.16091378,0.176207767,patch_6498,1127.002028,1127.158074,461.176571286,435.616597
6489,3.2445,3.24425,3.244749999,0.173893541,0.190421185,patch_6499,1127.158074,1127.314119,461.176571286,433.554857
6490,3.245,3.244749999,3.245250001,0.187024994,0.204800711,patch_6500,1127.314119,1127.470165,461.176571286,431.469022
6491,3.2455,3.245250001,3.245749999,0.200436189,0.219486568,patch_6501,1127.470165,1127.62621,461.176571286,429.338752
6492,3.246,3.245749999,3.246250001,0.214255291,0.234619101,patch_6502,1127.62621,1127.782256,461.176571286,427.143689
6493,3.2465,3.246250001,3.246749999,0.228569568,0.250293873,patch_6503,1127.782256,1127.938301,461.176571286,424.869971
6494,3.247,3.246749999,3.247250001,0.243188367,0.266302109,patch_6504,1127.938301,1128.094347,461.176571286,422.547882
6495,3.2475,3.247250001,3.24775,0.257805018,0.282307995,patch_6505,1128.094347,1128.250392,461.176571286,420.226134
6496,3.248,3.24775,3.248250002,0.272112547,0.297975377,patch_6506,1128.250392,1128.406438,461.176571286,417.953488
6497,3.2485,3.248250002,3.24875,0.285803944,0.312968067,patch_6507,1128.406438,1128.562483,461.176571286,415.77871
6498,3.249,3.24875,3.249249999,0.298572213,0.326949892,patch_6508,1128.562483,1128.718528,461.176571286,413.750564
6499,3.2495,3.249249999,3.24975,0.310110391,0.339584711,patch_6509,1128.718528,1128.874574,461.176571286,411.917809
6500,3.25,3.24975,3.250249999,0.320111362,0.350536221,patch_6510,1128.874574,1129.030619,461.176571286,410.329228
6501,3.2505,3.250249999,3.250750001,0.328347084,0.359554704,patch_6511,1129.030619,1129.186665,461.176571286,409.021044
6502,3.251,3.250750001,3.251249999,0.335152535,0.367006976,patch_6512,1129.186665,1129.34271,461.176571286,407.940048
6503,3.2515,3.251249999,3.251750001,0.341107843,0.373528304,patch_6513,1129.34271,1129.498756,461.176571286,406.994091
6504,3.252,3.251750001,3.252249999,0.346794035,0.379754938,patch_6514,1129.498756,1129.654801,461.176571286,406.090881
6505,3.2525,3.252249999,3.252750001,0.35279226,0.386323262,patch_6515,1129.654801,1129.810847,461.176571286,405.138107
6506,3.253,3.252750001,3.25325,0.359683513,0.393869491,patch_6516,1129.810847,1129.966892,461.176571286,404.043482
6507,3.2535,3.25325,3.253750002,0.368048878,0.40302994,patch_6517,1129.966892,1130.122938,461.176571286,402.714705
6508,3.254,3.253750002,3.25425,0.378469498,0.414440983,patch_6518,1130.122938,1130.278983,461.176571286,401.059466
6509,3.2545,3.25425,3.254749999,0.391420212,0.428622592,patch_6519,1130.278983,1130.435028,461.176571286,399.00234
6510,3.255,3.254749999,3.25525,0.406580358,0.445223628,patch_6520,1130.435028,1130.591074,461.176571286,396.594262
6511,3.2555,3.25525,3.255749999,0.423268141,0.463497495,patch_6521,1130.591074,1130.747119,461.176571286,393.94353
6512,3.256,3.255749999,3.256250001,0.440799922,0.482695578,patch_6522,1130.747119,1130.903165,461.176571286,391.158735
6513,3.2565,3.256250001,3.256749999,0.45849219,0.5020694,patch_6523,1130.903165,1131.05921,461.176571286,388.348448
6514,3.257,3.256749999,3.257250001,0.475661279,0.520870319,patch_6524,1131.05921,1131.215256,461.176571286,385.621264
6515,3.2575,3.257250001,3.257749999,0.491623728,0.538349912,patch_6525,1131.215256,1131.371301,461.176571286,383.085746
6516,3.258,3.257749999,3.258250001,0.505695816,0.553759476,patch_6526,1131.371301,1131.527347,461.176571286,380.850498
6517,3.2585,3.258250001,3.25875,0.517252383,0.566414433,patch_6527,1131.527347,1131.683392,461.176571286,379.014822
6518,3.259,3.25875,3.259250002,0.526126863,0.576132384,patch_6528,1131.683392,1131.839438,461.176571286,377.605176
6519,3.2595,3.259250002,3.25975,0.532370028,0.582968928,patch_6529,1131.839438,1131.995483,461.176571286,376.613495
6520,3.26,3.25975,3.260249999,0.53603381,0.586980933,patch_6530,1131.995483,1132.151528,461.176571286,376.03153
6521,3.2605,3.260249999,3.26075,0.537170111,0.588225233,patch_6531,1132.151528,1132.307574,461.176571286,375.851037
6522,3.261,3.26075,3.261249999,0.535830912,0.58675875,patch_6532,1132.307574,1132.463619,461.176571286,376.063759
6523,3.2615,3.261249999,3.261750001,0.532068308,0.582638531,patch_6533,1132.463619,1132.619665,461.176571286,376.661421
6524,3.262,3.261750001,3.262249999,0.5259341,0.5759213,patch_6534,1132.619665,1132.77571,461.176571286,377.635795
6525,3.2625,3.262249999,3.262750001,0.517509223,0.566695683,patch_6535,1132.77571,1132.931756,461.176571286,378.974025
6526,3.263,3.262750001,3.263249999,0.50711381,0.555312243,patch_6536,1132.931756,1133.087801,461.176571286,380.62526
6527,3.2635,3.263249999,3.263750001,0.495185882,0.54225063,patch_6537,1133.087801,1133.243847,461.176571286,382.519924
6528,3.264,3.263750001,3.26425,0.482164173,0.527991277,patch_6538,1133.243847,1133.399892,461.176571286,384.588327
6529,3.2645,3.26425,3.264750002,0.468487766,0.513015002,patch_6539,1133.399892,1133.555938,461.176571286,386.760724
6530,3.265,3.264750002,3.26525,0.454595504,0.497802355,patch_6540,1133.555938,1133.711983,461.176571286,388.967408
6531,3.2655,3.26525,3.265749999,0.440926255,0.482833918,patch_6541,1133.711983,1133.868028,461.176571286,391.138668
6532,3.266,3.265749999,3.26625,0.427918849,0.468590228,patch_6542,1133.868028,1134.024074,461.176571286,393.204799
6533,3.2665,3.26625,3.266749999,0.415952953,0.455487038,patch_6543,1134.024074,1134.180119,461.176571286,395.105494
6534,3.267,3.266749999,3.267250001,0.404893726,0.443376692,patch_6544,1134.180119,1134.336165,461.176571286,396.862171
6535,3.2675,3.267250001,3.267749999,0.394341587,0.431821628,patch_6545,1134.336165,1134.49221,461.176571286,398.538301
6536,3.268,3.267749999,3.268250001,0.38389486,0.420381996,patch_6546,1134.49221,1134.648256,461.176571286,400.197687
6537,3.2685,3.268250001,3.268749999,0.373151959,0.408618041,patch_6547,1134.648256,1134.804301,461.176571286,401.904118
6538,3.269,3.268749999,3.269250001,0.361711054,0.396089739,patch_6548,1134.804301,1134.960347,461.176571286,403.721422
6539,3.2695,3.269250001,3.26975,0.349170595,0.382357377,patch_6549,1134.960347,1135.116392,461.176571286,405.713382
6540,3.27,3.26975,3.270250002,0.33512887,0.366981062,patch_6550,1135.116392,1135.272438,461.176571286,407.943807
6541,3.2705,3.270250002,3.27075,0.319277789,0.349623421,patch_6551,1135.272438,1135.428483,461.176571286,410.461635
6542,3.271,3.27075,3.271249999,0.302164913,0.330884058,patch_6552,1135.428483,1135.584528,461.176571286,413.17989
6543,3.2715,3.271249999,3.27175,0.284796324,0.311864679,patch_6553,1135.584528,1135.740574,461.176571286,415.938763
6544,3.272,3.27175,3.272249999,0.268182337,0.293671622,patch_6554,1135.740574,1135.896619,461.176571286,418.577773
6545,3.2725,3.272249999,3.272750001,0.25333333,0.277411296,patch_6555,1135.896619,1136.052665,461.176571286,420.936429
6546,3.273,3.272750001,3.273249999,0.241259666,0.264190096,patch_6556,1136.052665,1136.20871,461.176571286,422.854242
6547,3.2735,3.273249999,3.273750001,0.232971729,0.255114435,patch_6557,1136.20871,1136.364756,461.176571286,424.17072
6548,3.274,3.273750001,3.274249999,0.229479821,0.25129064,patch_6558,1136.364756,1136.520801,461.176571286,424.725384
6549,3.2745,3.274249999,3.274750001,0.23165022,0.253667324,patch_6559,1136.520801,1136.676847,461.176571286,424.380632
6550,3.275,3.274750001,3.27525,0.23896226,0.261674334,patch_6560,1136.676847,1136.832892,461.176571286,423.219168
6551,3.2755,3.27525,3.275750002,0.250121264,0.273893942,patch_6561,1136.832892,1136.988938,461.176571286,421.446642
6552,3.276,3.275750002,3.27625,0.263824106,0.288899165,patch_6562,1136.988938,1137.144983,461.176571286,419.270046
6553,3.2765,3.27625,3.276749999,0.278767641,0.305263002,patch_6563,1137.144983,1137.301028,461.176571286,416.896375
6554,3.277,3.276749999,3.27725,0.293648781,0.321558515,patch_6564,1137.301028,1137.457074,461.176571286,414.532615
6555,3.2775,3.27725,3.277749999,0.307164401,0.33635872,patch_6565,1137.457074,1137.613119,461.176571286,412.385758
6556,3.278,3.277749999,3.278250001,0.318011341,0.348236604,patch_6566,1137.613119,1137.769165,461.176571286,410.662801
6557,3.2785,3.278250001,3.278749999,0.325010808,0.355901333,patch_6567,1137.769165,1137.92521,461.176571286,409.550987
6558,3.279,3.278749999,3.279250001,0.328242748,0.359440451,patch_6568,1137.92521,1138.081256,461.176571286,409.037617
6559,3.2795,3.279250001,3.279749999,0.328519078,0.359743045,patch_6569,1138.081256,1138.237301,461.176571286,408.993724
6560,3.28,3.279749999,3.280250001,0.326660812,0.35770816,patch_6570,1138.237301,1138.393347,461.176571286,409.288896
6561,3.2805,3.280250001,3.28075,0.32348883,0.354234699,patch_6571,1138.393347,1138.549392,461.176571286,409.792742
6562,3.281,3.28075,3.281250002,0.319824097,0.350221653,patch_6572,1138.549392,1138.705438,461.176571286,410.374858
6563,3.2815,3.281250002,3.28175,0.31648755,0.346567985,patch_6573,1138.705438,1138.861483,461.176571286,410.904844
6564,3.282,3.28175,3.282249999,0.314300178,0.344172715,patch_6574,1138.861483,1139.017528,461.176571286,411.252292
6565,3.2825,3.282249999,3.28275,0.314027191,0.343873782,patch_6575,1139.017528,1139.173574,461.176571286,411.295654
6566,3.283,3.28275,3.283249999,0.315838367,0.345857101,patch_6576,1139.173574,1139.329619,461.176571286,411.007962
6567,3.2835,3.283249999,3.283750001,0.319543152,0.349914006,patch_6577,1139.329619,1139.485665,461.176571286,410.419484
6568,3.284,3.283750001,3.284249999,0.324945895,0.35583025,patch_6578,1139.485665,1139.64171,461.176571286,409.561298
6569,3.2845,3.284249999,3.284750001,0.331850916,0.363391556,patch_6579,1139.64171,1139.797756,461.176571286,408.464486
6570,3.285,3.284750001,3.285249999,0.340062526,0.372383635,patch_6580,1139.797756,1139.953801,461.176571286,407.160132
6571,3.2855,3.285249999,3.285750001,0.349385172,0.382592348,patch_6581,1139.953801,1140.109847,461.176571286,405.679298
6572,3.286,3.285750001,3.28625,0.359623164,0.393803406,patch_6582,1140.109847,1140.265892,461.176571286,404.053068
6573,3.2865,3.28625,3.286750002,0.37058124,0.405802988,patch_6583,1140.265892,1140.421938,461.176571286,402.312458
6574,3.287,3.286750002,3.28725,0.382067857,0.418381347,patch_6584,1140.421938,1140.577983,461.176571286,400.487893
6575,3.2875,3.28725,3.287749999,0.393894044,0.431331548,patch_6585,1140.577983,1140.734028,461.176571286,398.60939
6576,3.288,3.287749999,3.28825,0.405870794,0.444446624,patch_6586,1140.734028,1140.890074,461.176571286,396.706971
6577,3.2885,3.28825,3.288749999,0.417809066,0.457519564,patch_6587,1140.890074,1141.046119,461.176571286,394.810664
6578,3.289,3.288749999,3.289250001,0.429519949,0.470343504,patch_6588,1141.046119,1141.202165,461.176571286,392.950476
6579,3.2895,3.289250001,3.289749999,0.440814345,0.482711372,patch_6589,1141.202165,1141.35821,461.176571286,391.156444
6580,3.29,3.289749999,3.290250001,0.451503337,0.494416295,patch_6590,1141.35821,1141.514256,461.176571286,389.458576
6581,3.2905,3.290250001,3.290749999,0.461400508,0.505254138,patch_6591,1141.514256,1141.670301,461.176571286,387.886483
6582,3.291,3.290749999,3.291250001,0.47035134,0.515055698,patch_6592,1141.670301,1141.826347,461.176571286,386.464709
6583,3.2915,3.291250001,3.29175,0.478222279,0.523674727,patch_6593,1141.826347,1141.982392,461.176571286,385.214468
6584,3.292,3.29175,3.292250002,0.484879911,0.530965131,patch_6594,1141.982392,1142.138438,461.176571286,384.156952
6585,3.2925,3.292250002,3.29275,0.490190921,0.536780924,patch_6595,1142.138438,1142.294483,461.176571286,383.313337
6586,3.293,3.29275,3.293249999,0.49402207,0.540976204,patch_6596,1142.294483,1142.450528,461.176571286,382.704787
6587,3.2935,3.293249999,3.29375,0.496239988,0.543404923,patch_6597,1142.450528,1142.606574,461.176571286,382.352487
6588,3.294,3.29375,3.294249999,0.496711373,0.54392111,patch_6598,1142.606574,1142.762619,461.176571286,382.277611
6589,3.2945,3.294249999,3.294750001,0.495328274,0.542406556,patch_6599,1142.762619,1142.918665,461.176571286,382.497306
6590,3.295,3.294750001,3.295249999,0.492301405,0.539091999,patch_6600,1142.918665,1143.07471,461.176571286,382.978102
6591,3.2955,3.295249999,3.295750001,0.488059012,0.534446389,patch_6601,1143.07471,1143.230756,461.176571286,383.651975
6592,3.296,3.295750001,3.296249999,0.483033713,0.528943462,patch_6602,1143.230756,1143.386801,461.176571286,384.450207
6593,3.2965,3.296249999,3.296750001,0.477657915,0.523056724,patch_6603,1143.386801,1143.542847,461.176571286,385.304113
6594,3.297,3.296750001,3.29725,0.472364338,0.517260021,patch_6604,1143.542847,1143.698892,461.176571286,386.144959
6595,3.2975,3.29725,3.297750002,0.467585326,0.512026789,patch_6605,1143.698892,1143.854938,461.176571286,386.90407
6596,3.298,3.297750002,3.29825,0.463753402,0.507830662,patch_6606,1143.854938,1144.010983,461.176571286,387.512743
6597,3.2985,3.29825,3.298749999,0.461270537,0.505111813,patch_6607,1144.010983,1144.167028,461.176571286,387.907128
6598,3.299,3.298749999,3.29925,0.460129974,0.503862847,patch_6608,1144.167028,1144.323074,461.176571286,388.088298
6599,3.2995,3.29925,3.299749999,0.460034729,0.503758549,patch_6609,1144.323074,1144.479119,461.176571286,388.103427
6600,3.3,3.299749999,3.300250001,0.460681646,0.504466952,patch_6610,1144.479119,1144.635165,461.176571286,388.000669
6601,3.3005,3.300250001,3.300749999,0.461767494,0.505656004,patch_6611,1144.635165,1144.79121,461.176571286,387.82819
6602,3.301,3.300749999,3.301250001,0.462989149,0.506993771,patch_6612,1144.79121,1144.947256,461.176571286,387.634139
6603,3.3015,3.301250001,3.301749999,0.464043318,0.508148133,patch_6613,1144.947256,1145.103301,461.176571286,387.466692
6604,3.302,3.301749999,3.302250001,0.464626965,0.508787252,patch_6614,1145.103301,1145.259347,461.176571286,387.373984
6605,3.3025,3.302250001,3.30275,0.464460851,0.50860535,patch_6615,1145.259347,1145.415392,461.176571286,387.40037
6606,3.303,3.30275,3.303250002,0.463605193,0.507668366,patch_6616,1145.415392,1145.571438,461.176571286,387.536285
6607,3.3035,3.303250002,3.30375,0.462371022,0.506316894,patch_6617,1145.571438,1145.727483,461.176571286,387.732324
6608,3.304,3.30375,3.304249999,0.461075337,0.504898061,patch_6618,1145.727483,1145.883528,461.176571286,387.938134
6609,3.3045,3.304249999,3.30475,0.460035056,0.503758907,patch_6619,1145.883528,1146.039574,461.176571286,388.103375
6610,3.305,3.30475,3.305249999,0.45956704,0.503246408,patch_6620,1146.039574,1146.195619,461.176571286,388.177716
6611,3.3055,3.305249999,3.305750001,0.459988356,0.503707768,patch_6621,1146.195619,1146.351665,461.176571286,388.110793
6612,3.306,3.305750001,3.306249999,0.461615828,0.505489923,patch_6622,1146.351665,1146.50771,461.176571286,387.852281
6613,3.3065,3.306249999,3.306750001,0.464751509,0.508923634,patch_6623,1146.50771,1146.663756,461.176571286,387.354201
6614,3.307,3.306750001,3.307249999,0.469471456,0.514092186,patch_6624,1146.663756,1146.819801,461.176571286,386.604472
6615,3.3075,3.307249999,3.307750001,0.475678529,0.520889208,patch_6625,1146.819801,1146.975847,461.176571286,385.618524
6616,3.308,3.307750001,3.30825,0.483270973,0.529203272,patch_6626,1146.975847,1147.131892,461.176571286,384.41252
6617,3.3085,3.30825,3.308750002,0.492146969,0.538922885,patch_6627,1147.131892,1147.287938,461.176571286,383.002633
6618,3.309,3.308750002,3.30925,0.502204777,0.549936633,patch_6628,1147.287938,1147.443983,461.176571286,381.405024
6619,3.3095,3.30925,3.309749999,0.513342735,0.562133194,patch_6629,1147.443983,1147.600028,461.176571286,379.635841
6620,3.31,3.309749999,3.31025,0.525459051,0.5754011,patch_6630,1147.600028,1147.756074,461.176571286,377.711253
6621,3.3105,3.31025,3.310749999,0.538457511,0.589634993,patch_6631,1147.756074,1147.912119,461.176571286,375.646543
6622,3.311,3.310749999,3.311250001,0.5523293,0.604825221,patch_6632,1147.912119,1148.068165,461.176571286,373.443111
6623,3.3115,3.311250001,3.311749999,0.567135869,0.621039075,patch_6633,1148.068165,1148.22421,461.176571286,371.091196
6624,3.312,3.311749999,3.312250001,0.582940401,0.638345742,patch_6634,1148.22421,1148.380256,461.176571286,368.580762
6625,3.3125,3.312250001,3.312749999,0.599806247,0.656814596,patch_6635,1148.380256,1148.536301,461.176571286,365.901746
6626,3.313,3.312749999,3.313250001,0.617796658,0.676514899,patch_6636,1148.536301,1148.692347,461.176571286,363.044101
6627,3.3135,3.313250001,3.31375,0.636974931,0.697515963,patch_6637,1148.692347,1148.848392,461.176571286,359.997773
6628,3.314,3.31375,3.314250002,0.657404303,0.719887037,patch_6638,1148.848392,1149.004438,461.176571286,356.752717
6629,3.3145,3.314249998,3.31475,0.679130373,0.743678053,patch_6639,1149.004437,1149.160483,461.176571286,353.30169
6630,3.315,3.31475,3.315249999,0.70189935,0.768611098,patch_6640,1149.160483,1149.316528,461.176571286,349.685005
6631,3.3155,3.315249999,3.31575,0.725208219,0.794135349,patch_6641,1149.316528,1149.472574,461.176571286,345.982562
6632,3.316,3.31575,3.316249999,0.748546419,0.819691719,patch_6642,1149.472574,1149.628619,461.176571286,342.27546
6633,3.3165,3.316249999,3.316750001,0.771403313,0.844721037,patch_6643,1149.628619,1149.784665,461.176571286,338.64481
6634,3.317,3.316750001,3.317249999,0.793268319,0.868664195,patch_6644,1149.784665,1149.94071,461.176571286,335.171714
6635,3.3175,3.317249999,3.317750001,0.813630877,0.890962104,patch_6645,1149.94071,1150.096756,461.176571286,331.937271
6636,3.318,3.317750001,3.318249999,0.831980348,0.911055593,patch_6646,1150.096756,1150.252801,461.176571286,329.022592
6637,3.3185,3.318249999,3.318750001,0.847820695,0.92840148,patch_6647,1150.252801,1150.408847,461.176571286,326.506469
6638,3.319,3.318750001,3.31925,0.860916792,0.94274229,patch_6648,1150.408847,1150.564892,461.176571286,324.42625
6639,3.3195,3.31925,3.319750002,0.871259089,0.954067566,patch_6649,1150.564892,1150.720938,461.176571286,322.783452
6640,3.32,3.319749998,3.32025,0.878846049,0.962375626,patch_6650,1150.720937,1150.876983,461.176571286,321.578319
6641,3.3205,3.32025,3.320749999,0.883675633,0.967664236,patch_6651,1150.876983,1151.033028,461.176571286,320.811175
6642,3.321,3.320749999,3.32125,0.885746241,0.969931645,patch_6652,1151.033028,1151.189074,461.176571286,320.482274
6643,3.3215,3.32125,3.321749999,0.885055898,0.969175688,patch_6653,1151.189074,1151.345119,461.176571286,320.59193
6644,3.322,3.321749999,3.322250001,0.881602821,0.965394414,patch_6654,1151.345119,1151.501165,461.176571286,321.140426
6645,3.3225,3.322250001,3.322749999,0.87539452,0.958596049,patch_6655,1151.501165,1151.65721,461.176571286,322.126569
6646,3.323,3.322749999,3.323250001,0.86661392,0.948980899,patch_6656,1151.65721,1151.813256,461.176571286,323.521303
6647,3.3235,3.323250001,3.323749999,0.855602918,0.936923361,patch_6657,1151.813256,1151.969301,461.176571286,325.27032
6648,3.324,3.323749999,3.324250001,0.842708586,0.922803493,patch_6658,1151.969301,1152.125347,461.176571286,327.31849
6649,3.3245,3.324250001,3.32475,0.828278125,0.907001494,patch_6659,1152.125347,1152.281392,461.176571286,329.610663
6650,3.325,3.32475,3.325250002,0.812658965,0.889897817,patch_6660,1152.281392,1152.437438,461.176571286,332.091652
6651,3.3255,3.325249998,3.32575,0.796198307,0.871872662,patch_6661,1152.437437,1152.593483,461.176571286,334.706307
6652,3.326,3.32575,3.326249999,0.779243347,0.853306225,patch_6662,1152.593483,1152.749528,461.176571286,337.399478
6653,3.3265,3.326249999,3.32675,0.762145397,0.834583207,patch_6663,1152.749528,1152.905574,461.176571286,340.115362
6654,3.327,3.32675,3.327249999,0.745338679,0.816179101,patch_6664,1152.905574,1153.061619,461.176571286,342.784986
6655,3.3275,3.327249999,3.327750001,0.729335126,0.798654497,patch_6665,1153.061619,1153.217665,461.176571286,345.327033
6656,3.328,3.327750001,3.328249999,0.714649557,0.782573144,patch_6666,1153.217665,1153.37371,461.176571286,347.659728
6657,3.3285,3.328249999,3.328750001,0.701796827,0.768498831,patch_6667,1153.37371,1153.529756,461.176571286,349.70129
6658,3.329,3.328750001,3.329249999,0.691291866,0.75699543,patch_6668,1153.529756,1153.685801,461.176571286,351.369926
6659,3.3295,3.329249999,3.329750001,0.68364948,0.748626676,patch_6669,1153.685801,1153.841847,461.176571286,352.583863
6660,3.33,3.329750001,3.33025,0.679384587,0.743956428,patch_6670,1153.841847,1153.997892,461.176571286,353.26131
6661,3.3305,3.33025,3.330750002,0.678978204,0.74351142,patch_6671,1153.997892,1154.153938,461.176571286,353.325861
6662,3.331,3.330750002,3.33125,0.68216848,0.747004915,patch_6672,1154.153938,1154.309983,461.176571286,352.819109
6663,3.3315,3.33125,3.331749999,0.687969447,0.753357232,patch_6673,1154.309983,1154.466028,461.176571286,351.897668
6664,3.332,3.331749999,3.33225,0.695365608,0.761456359,patch_6674,1154.466028,1154.622074,461.176571286,350.722842
6665,3.3325,3.33225,3.332749999,0.703341003,0.770189772,patch_6675,1154.622074,1154.778119,461.176571286,349.456009
6666,3.333,3.332749999,3.333250001,0.710880098,0.778445417,patch_6676,1154.778119,1154.934165,461.176571286,348.258479
6667,3.3335,3.333250001,3.333749999,0.716967045,0.785110897,patch_6677,1154.934165,1155.09021,461.176571286,347.291612
6668,3.334,3.333749999,3.334250001,0.72058606,0.789073879,patch_6678,1155.09021,1155.246256,461.176571286,346.716758
6669,3.3345,3.334250001,3.334749999,0.720756707,0.789260745,patch_6679,1155.246256,1155.402301,461.176571286,346.689652
6670,3.335,3.334749999,3.335250001,0.717326281,0.785504276,patch_6680,1155.402301,1155.558347,461.176571286,347.23455
6671,3.3355,3.335250001,3.33575,0.710981248,0.778556182,patch_6681,1155.558347,1155.714392,461.176571286,348.242412
6672,3.336,3.33575,3.336250002,0.702445626,0.769209295,patch_6682,1155.714392,1155.870438,461.176571286,349.598233
6673,3.3365,3.336250002,3.33675,0.692442892,0.758255855,patch_6683,1155.870438,1156.026483,461.176571286,351.187094
6674,3.337,3.33675,3.337249999,0.681697127,0.746488762,patch_6684,1156.026483,1156.182528,461.176571286,352.89398
6675,3.3375,3.337249999,3.33775,0.670931871,0.734700327,patch_6685,1156.182528,1156.338574,461.176571286,354.603962
6676,3.338,3.33775,3.338249999,0.660870966,0.723683187,patch_6686,1156.338574,1156.494619,461.176571286,356.202063
6677,3.3385,3.338249999,3.338750001,0.652215899,0.714205502,patch_6687,1156.494619,1156.650665,461.176571286,357.576857
6678,3.339,3.338750001,3.339249999,0.645100115,0.706413402,patch_6688,1156.650665,1156.80671,461.176571286,358.707147
6679,3.3395,3.339249999,3.339750001,0.639059245,0.69979838,patch_6689,1156.80671,1156.962756,461.176571286,359.666695
6680,3.34,3.339750001,3.340249999,0.633599994,0.693820256,patch_6690,1156.962756,1157.118801,461.176571286,360.533857
6681,3.3405,3.340249999,3.340750001,0.628229258,0.687939061,patch_6691,1157.118801,1157.274847,461.176571286,361.386959
6682,3.341,3.340750001,3.34125,0.622454047,0.681614947,patch_6692,1157.274847,1157.430892,461.176571286,362.304309
6683,3.3415,3.34125,3.341750002,0.615781129,0.674307805,patch_6693,1157.430892,1157.586938,461.176571286,363.364253
6684,3.342,3.341750002,3.34225,0.607717452,0.665477719,patch_6694,1157.586938,1157.742983,461.176571286,364.645109
6685,3.3425,3.34225,3.342749999,0.597790774,0.654607564,patch_6695,1157.742983,1157.899028,461.176571286,366.221889
6686,3.343,3.342749999,3.34325,0.586099502,0.641805098,patch_6696,1157.899028,1158.055074,461.176571286,368.078962
6687,3.3435,3.34325,3.343749999,0.573367236,0.6278627,patch_6697,1158.055074,1158.211119,461.176571286,370.101389
6688,3.344,3.343749999,3.344250001,0.560349223,0.613607395,patch_6698,1158.211119,1158.367165,461.176571286,372.169205
6689,3.3445,3.344250001,3.344749999,0.547801014,0.599866546,patch_6699,1158.367165,1158.52321,461.176571286,374.162396
6690,3.345,3.344749999,3.345250001,0.536478099,0.587467449,patch_6700,1158.52321,1158.679256,461.176571286,375.960958
6691,3.3455,3.345250001,3.345749999,0.527135786,0.577237199,patch_6701,1158.679256,1158.835301,461.176571286,377.444916
6692,3.346,3.345749999,3.346250001,0.520529626,0.57000316,patch_6702,1158.835301,1158.991347,461.176571286,378.494256
6693,3.3465,3.346250001,3.34675,0.517393051,0.56656847,patch_6703,1158.991347,1159.147392,461.176571286,378.992478
6694,3.347,3.34675,3.347250002,0.5178172,0.567032933,patch_6704,1159.147392,1159.303438,461.176571286,378.925105
6695,3.3475,3.347250002,3.34775,0.521160301,0.570693777,patch_6705,1159.303438,1159.459483,461.176571286,378.394078
6696,3.348,3.34775,3.348249999,0.526740848,0.576804725,patch_6706,1159.459483,1159.615528,461.176571286,377.507649
6697,3.3485,3.348249999,3.34875,0.533877369,0.584619533,patch_6707,1159.615528,1159.771574,461.176571286,376.374065
6698,3.349,3.34875,3.349249999,0.541888352,0.593391917,patch_6708,1159.771574,1159.927619,461.176571286,375.101579
6699,3.3495,3.349249999,3.349750001,0.550092281,0.602375586,patch_6709,1159.927619,1160.083665,461.176571286,373.798445
6700,3.35,3.349750001,3.350249999,0.557807739,0.610824357,patch_6710,1160.083665,1160.23971,461.176571286,372.572901
6701,3.3505,3.350249999,3.350750001,0.564363119,0.61800279,patch_6711,1160.23971,1160.395756,461.176571286,371.531627
6702,3.351,3.350750001,3.351249999,0.569410743,0.623530163,patch_6712,1160.395756,1160.551801,461.176571286,370.729849
6703,3.3515,3.351249999,3.351750001,0.572985645,0.62744484,patch_6713,1160.551801,1160.707847,461.176571286,370.162002
6704,3.352,3.351750001,3.35225,0.575145543,0.629810025,patch_6714,1160.707847,1160.863892,461.176571286,369.818918
6705,3.3525,3.35225,3.352750002,0.575947941,0.630688687,patch_6715,1160.863892,1161.019938,461.176571286,369.691463
6706,3.353,3.352750002,3.35325,0.575450537,0.630144007,patch_6716,1161.019938,1161.175983,461.176571286,369.770472
6707,3.3535,3.35325,3.353749999,0.573710677,0.628238783,patch_6717,1161.175983,1161.332028,461.176571286,370.046836
6708,3.354,3.353749999,3.35425,0.57078606,0.625036196,patch_6718,1161.332028,1161.488074,461.176571286,370.51139
6709,3.3545,3.35425,3.354749999,0.566734969,0.620600072,patch_6719,1161.488074,1161.644119,461.176571286,371.154876
6710,3.355,3.354749999,3.355250001,0.561641993,0.615023035,patch_6720,1161.644119,1161.800165,461.176571286,371.963858
6711,3.3555,3.355250001,3.355749999,0.555624006,0.608433072,patch_6721,1161.800165,1161.95621,461.176571286,372.919771
6712,3.356,3.355749999,3.356250001,0.548799814,0.600960276,patch_6722,1161.95621,1162.112256,461.176571286,374.003744
6713,3.3565,3.356250001,3.356749999,0.541288431,0.592734978,patch_6723,1162.112256,1162.268301,461.176571286,375.196872
6714,3.357,3.356749999,3.357250001,0.533208789,0.583887409,patch_6724,1162.268301,1162.424347,461.176571286,376.480264
6715,3.3575,3.357250001,3.35775,0.524679601,0.574547567,patch_6725,1162.424347,1162.580392,461.176571286,377.835063
6716,3.358,3.35775,3.358250002,0.515819903,0.564845803,patch_6726,1162.580392,1162.736438,461.176571286,379.242361
6717,3.3585,3.358249998,3.35875,0.506746768,0.554910315,patch_6727,1162.736437,1162.892483,461.176571286,380.683562
6718,3.359,3.35875,3.359249999,0.497509149,0.544794711,patch_6728,1162.892483,1163.048528,461.176571286,382.15089
6719,3.3595,3.359249999,3.35975,0.488068726,0.534457027,patch_6729,1163.048528,1163.204574,461.176571286,383.650432
6720,3.36,3.35975,3.360249999,0.47838148,0.52384906,patch_6730,1163.204574,1163.360619,461.176571286,385.18918
6721,3.3605,3.360249999,3.360750001,0.468403311,0.51292252,patch_6731,1163.360619,1163.516665,461.176571286,386.774139
6722,3.361,3.360750001,3.361249999,0.458090157,0.501629156,patch_6732,1163.516665,1163.67271,461.176571286,388.412308
6723,3.3615,3.361249999,3.361750001,0.447397948,0.48992071,patch_6733,1163.67271,1163.828756,461.176571286,390.110687
6724,3.362,3.361750001,3.362249999,0.436282572,0.477748878,patch_6734,1163.828756,1163.984801,461.176571286,391.876283
6725,3.3625,3.362249999,3.362750001,0.42470035,0.465065828,patch_6735,1163.984801,1164.140847,461.176571286,393.716034
6726,3.363,3.362750001,3.36325,0.412616878,0.451833887,patch_6736,1164.140847,1164.296892,461.176571286,395.635405
6727,3.3635,3.36325,3.363750002,0.400010675,0.438029532,patch_6737,1164.296892,1164.452938,461.176571286,397.637808
6728,3.364,3.363750002,3.36425,0.386861053,0.42363011,patch_6738,1164.452938,1164.608983,461.176571286,399.726529
6729,3.3645,3.36425,3.364749999,0.373147515,0.408613174,patch_6739,1164.608983,1164.765028,461.176571286,401.904824
6730,3.365,3.364749999,3.36525,0.358849285,0.392955974,patch_6740,1164.765028,1164.921074,461.176571286,404.175993
6731,3.3655,3.36525,3.365749999,0.343945827,0.376636023,patch_6741,1164.921074,1165.077119,461.176571286,406.543298
6732,3.366,3.365749999,3.366250001,0.328416467,0.359630681,patch_6742,1165.077119,1165.233165,461.176571286,409.010023
6733,3.3665,3.366250001,3.366749999,0.312244893,0.341922086,patch_6743,1165.233165,1165.38921,461.176571286,411.578759
6734,3.367,3.366749999,3.367250001,0.295609325,0.323705397,patch_6744,1165.38921,1165.545256,461.176571286,414.221197
6735,3.3675,3.367250001,3.367749999,0.278958082,0.305471543,patch_6745,1165.545256,1165.701301,461.176571286,416.866125
6736,3.368,3.367749999,3.368250001,0.262759449,0.287733318,patch_6746,1165.701301,1165.857347,461.176571286,419.439159
6737,3.3685,3.368250001,3.36875,0.247481734,0.271003539,patch_6747,1165.857347,1166.013392,461.176571286,421.865912
6738,3.369,3.36875,3.369250002,0.233593168,0.255794939,patch_6748,1166.013392,1166.169438,461.176571286,424.072009
6739,3.3695,3.369250002,3.36975,0.221562087,0.242620368,patch_6749,1166.169438,1166.325483,461.176571286,425.983058
6740,3.37,3.36975,3.370249999,0.21185671,0.231992548,patch_6750,1166.325483,1166.481528,461.176571286,427.524686
6741,3.3705,3.370249999,3.37075,0.204934772,0.224412717,patch_6751,1166.481528,1166.637574,461.176571286,428.624185
6742,3.371,3.37075,3.371249999,0.20072618,0.219804121,patch_6752,1166.637574,1166.793619,461.176571286,429.292689
6743,3.3715,3.371249999,3.371750001,0.198398185,0.217254863,patch_6753,1166.793619,1166.949665,461.176571286,429.662474
6744,3.372,3.371750001,3.372249999,0.197058513,0.215787862,patch_6754,1166.949665,1167.10571,461.176571286,429.875271
6745,3.3725,3.372249999,3.372750001,0.195814924,0.214426077,patch_6755,1167.10571,1167.261756,461.176571286,430.072806
6746,3.373,3.372750001,3.373249999,0.193775132,0.212192414,patch_6756,1167.261756,1167.417801,461.176571286,430.396812
6747,3.3735,3.373249999,3.373750001,0.19004689,0.208109822,patch_6757,1167.417801,1167.573847,461.176571286,430.989016
6748,3.374,3.373750001,3.37425,0.183737918,0.201201216,patch_6758,1167.573847,1167.729892,461.176571286,431.99115
6749,3.3745,3.37425,3.374750002,0.173968194,0.190502933,patch_6759,1167.729892,1167.885938,461.176571286,433.542999
6750,3.375,3.374750002,3.37525,0.160535764,0.175793823,patch_6760,1167.885938,1168.041983,461.176571286,435.676642
6751,3.3755,3.37525,3.375749999,0.14425823,0.157969197,patch_6761,1168.041983,1168.198028,461.176571286,438.262209
6752,3.376,3.375749999,3.37625,0.126037446,0.138016625,patch_6762,1168.198028,1168.354074,461.176571286,441.156447
6753,3.3765,3.37625,3.376749999,0.106775115,0.116923514,patch_6763,1168.354074,1168.510119,461.176571286,444.216127
6754,3.377,3.376749999,3.377250001,0.087373055,0.095677393,patch_6764,1168.510119,1168.666165,461.176571286,447.298002
6755,3.3775,3.377250001,3.377749999,0.068733057,0.075265764,patch_6765,1168.666165,1168.82221,461.176571286,450.258829
6756,3.378,3.377749999,3.378250001,0.051756901,0.056676115,patch_6766,1168.82221,1168.978256,461.176571286,452.955367
6757,3.3785,3.378250001,3.378749999,0.037338747,0.040887594,patch_6767,1168.978256,1169.134301,461.176571286,455.245585
6758,3.379,3.378749999,3.379250001,0.025903778,0.028365793,patch_6768,1169.134301,1169.290347,461.176571286,457.061946
6759,3.3795,3.379250001,3.37975,0.01714304,0.018772394,patch_6769,1169.290347,1169.446392,461.176571286,458.453525
6760,3.38,3.37975,3.380250002,0.01068358,0.011698996,patch_6770,1169.446392,1169.602438,461.176571286,459.479563
6761,3.3805,3.380250002,3.38075,0.006152454,0.006737212,patch_6771,1169.602438,1169.758483,461.176571286,460.199299
6762,3.381,3.38075,3.381249999,0.003176711,0.00347864,patch_6772,1169.758483,1169.914528,461.176571286,460.671974
6763,3.3815,3.381249999,3.38175,0.001383396,0.00151488,patch_6773,1169.914528,1170.070574,461.176571286,460.956829
6764,3.382,3.38175,3.382249999,0.000399573,0.000437551,patch_6774,1170.070574,1170.226619,461.176571286,461.113102
6765,3.3825,3.382249999,3.382750001,-0.000145891,-0.000159757,patch_6775,1170.226619,1170.382665,461.176571286,461.199745
6766,3.383,3.382750001,3.383249999,-0.000498441,-0.000545815,patch_6776,1170.382665,1170.53871,461.176571286,461.255745
6767,3.3835,3.383249999,3.383750001,-0.000698708,-0.000765117,patch_6777,1170.53871,1170.694756,461.176571286,461.287556
6768,3.384,3.383750001,3.384249999,-0.000768476,-0.000841515,patch_6778,1170.694756,1170.850801,461.176571286,461.298638
6769,3.3845,3.384249999,3.384750001,-0.000729525,-0.000798863,patch_6779,1170.850801,1171.006847,461.176571286,461.292451
6770,3.385,3.384750001,3.38525,-0.000603652,-0.000661026,patch_6780,1171.006847,1171.162892,461.176571286,461.272457
6771,3.3855,3.38525,3.385750002,-0.000412646,-0.000451865,patch_6781,1171.162892,1171.318938,461.176571286,461.242117
6772,3.386,3.385750002,3.38625,-0.000178282,-0.000195226,patch_6782,1171.318938,1171.474983,461.176571286,461.20489
6773,3.3865,3.38625,3.386749999,0.000077619,0.000084997,patch_6783,1171.474983,1171.631028,461.176571286,461.164242
6774,3.387,3.386749999,3.38725,0.000331613,0.000363131,patch_6784,1171.631028,1171.787074,461.176571286,461.123897
6775,3.3875,3.38725,3.387749999,0.000557465,0.000610449,patch_6785,1171.787074,1171.943119,461.176571286,461.088022
6776,3.388,3.387749999,3.388250001,0.000728666,0.000797922,patch_6786,1171.943119,1172.099165,461.176571286,461.060828
6777,3.3885,3.388250001,3.388749999,0.000818718,0.000896532,patch_6787,1172.099165,1172.25521,461.176571286,461.046524
6778,3.389,3.388749999,3.389250001,0.000801103,0.000877243,patch_6788,1172.25521,1172.411256,461.176571286,461.049322
6779,3.3895,3.389250001,3.389749999,0.000649317,0.000711031,patch_6789,1172.411256,1172.567301,461.176571286,461.073432
6780,3.39,3.389749999,3.390250001,0.000336857,0.000368874,patch_6790,1172.567301,1172.723347,461.176571286,461.123064
6781,3.3905,3.390250001,3.39075,-0.000161365,-0.000176702,patch_6791,1172.723347,1172.879392,461.176571286,461.202203
6782,3.391,3.39075,3.391250002,-0.000745963,-0.000816862,patch_6792,1172.879392,1173.035438,461.176571286,461.295062
6783,3.3915,3.391250002,3.39175,-0.001097569,-0.001201886,patch_6793,1173.035438,1173.191483,461.176571286,461.350912
6784,3.392,3.39175,3.392249999,-0.00087431,-0.000957408,patch_6794,1173.191483,1173.347528,461.176571286,461.315449
6785,3.3925,3.392249999,3.39275,0.000265661,0.000290911,patch_6795,1173.347528,1173.503574,461.176571286,461.134373
6786,3.393,3.39275,3.393249999,0.00266421,0.002917429,patch_6796,1173.503574,1173.659619,461.176571286,460.753381
6787,3.3935,3.393249999,3.393750001,0.006663199,0.0072965,patch_6797,1173.659619,1173.815665,461.176571286,460.118171
6788,3.394,3.393750001,3.394249999,0.01260448,0.013802468,patch_6798,1173.815665,1173.97171,461.176571286,459.174442
6789,3.3945,3.394249999,3.394750001,0.020826478,0.022805922,patch_6799,1173.97171,1174.127756,461.176571286,457.868438
6790,3.395,3.394750001,3.395249999,0.031322115,0.034299113,patch_6800,1174.127756,1174.283801,461.176571286,456.201283
6791,3.3955,3.395249999,3.395750001,0.043448233,0.047577753,patch_6801,1174.283801,1174.439847,461.176571286,454.275138
6792,3.396,3.395750001,3.39625,0.056493254,0.061862633,patch_6802,1174.439847,1174.595892,461.176571286,452.203032
6793,3.3965,3.39625,3.396750002,0.069745587,0.076374529,patch_6803,1174.595892,1174.751938,461.176571286,450.097996
6794,3.397,3.396750002,3.39725,0.082493648,0.090334225,patch_6804,1174.751938,1174.907983,461.176571286,448.07306
6795,3.3975,3.39725,3.397749999,0.094025852,0.102962502,patch_6805,1174.907983,1175.064028,461.176571286,446.241254
6796,3.398,3.397749999,3.39825,0.103630595,0.113480124,patch_6806,1175.064028,1175.220074,461.176571286,444.715611
6797,3.3985,3.39825,3.398749999,0.110600026,0.121111962,patch_6807,1175.220074,1175.376119,461.176571286,443.608568
6798,3.399,3.398749999,3.399250001,0.114656058,0.125553498,patch_6808,1175.376119,1175.532165,461.176571286,442.964297
6799,3.3995,3.399250001,3.399749999,0.116344993,0.127402957,patch_6809,1175.532165,1175.68821,461.176571286,442.696022
6800,3.4,3.399749999,3.400250001,0.116306471,0.127360774,patch_6810,1175.68821,1175.844256,461.176571286,442.702141
6801,3.4005,3.400250001,3.400749999,0.115180136,0.126127387,patch_6811,1175.844256,1176.000301,461.176571286,442.881051
6802,3.401,3.400749999,3.401250001,0.113605616,0.124403217,patch_6812,1176.000301,1176.156347,461.176571286,443.131152
6803,3.4015,3.401250001,3.40175,0.112222549,0.122888697,patch_6813,1176.156347,1176.312392,461.176571286,443.350842
6804,3.402,3.40175,3.402250001,0.111670563,0.122284248,patch_6814,1176.312392,1176.468438,461.176571286,443.438521
6805,3.4025,3.402250001,3.40275,0.112587244,0.123288054,patch_6815,1176.468438,1176.624483,461.176571286,443.292913
6806,3.403,3.40275,3.403249999,0.115334415,0.126296329,patch_6816,1176.624483,1176.780528,461.176571286,442.856545
6807,3.4035,3.403249999,3.40375,0.119722574,0.131101559,patch_6817,1176.780528,1176.936574,461.176571286,442.159518
6808,3.404,3.40375,3.404249999,0.125496609,0.137424384,patch_6818,1176.936574,1177.092619,461.176571286,441.242355
6809,3.4045,3.404249999,3.404750001,0.132401453,0.144985498,patch_6819,1177.092619,1177.248665,461.176571286,440.145571
6810,3.405,3.404750001,3.405249999,0.140181976,0.153505517,patch_6820,1177.248665,1177.40471,461.176571286,438.909692
6811,3.4055,3.405249999,3.405750001,0.148583113,0.162705137,patch_6821,1177.40471,1177.560756,461.176571286,437.575233
6812,3.406,3.405750001,3.406249999,0.157349737,0.172304981,patch_6822,1177.560756,1177.716801,461.176571286,436.182719
6813,3.4065,3.406249999,3.406750001,0.166226955,0.182025931,patch_6823,1177.716801,1177.872847,461.176571286,434.772638
6814,3.407,3.406750001,3.40725,0.174990268,0.191622149,patch_6824,1177.872847,1178.028892,461.176571286,433.38065
6815,3.4075,3.40725,3.407750001,0.183478428,0.200917063,patch_6825,1178.028892,1178.184938,461.176571286,432.032368
6816,3.408,3.407750001,3.40825,0.191538171,0.209742841,patch_6826,1178.184938,1178.340983,461.176571286,430.752137
6817,3.4085,3.40825,3.408749999,0.199016212,0.217931629,patch_6827,1178.340983,1178.497028,461.176571286,429.564305
6818,3.409,3.408749999,3.40925,0.205759274,0.225315583,patch_6828,1178.497028,1178.653074,461.176571286,428.493219
6819,3.4095,3.40925,3.409749999,0.211614042,0.231726815,patch_6829,1178.653074,1178.809119,461.176571286,427.563232
6820,3.41,3.409749999,3.410250001,0.216427239,0.23699748,patch_6830,1178.809119,1178.965165,461.176571286,426.798691
6821,3.4105,3.410250001,3.410749999,0.220046046,0.240960236,patch_6831,1178.965165,1179.12121,461.176571286,426.22387
6822,3.411,3.410749999,3.411250001,0.2224046,0.243542958,patch_6832,1179.12121,1179.277256,461.176571286,425.849231
6823,3.4115,3.411250001,3.411749999,0.223626079,0.244880532,patch_6833,1179.277256,1179.433301,461.176571286,425.655208
6824,3.412,3.411749999,3.412250001,0.223858384,0.245134916,patch_6834,1179.433301,1179.589347,461.176571286,425.618308
6825,3.4125,3.412250001,3.41275,0.223249492,0.244468153,patch_6835,1179.589347,1179.745392,461.176571286,425.715026
6826,3.413,3.41275,3.413250001,0.221947418,0.243042323,patch_6836,1179.745392,1179.901438,461.176571286,425.921851
6827,3.4135,3.413250001,3.41375,0.220100043,0.241019365,patch_6837,1179.901438,1180.057483,461.176571286,426.215293
6828,3.414,3.41375,3.414249999,0.21785535,0.238561326,patch_6838,1180.057483,1180.213528,461.176571286,426.571846
6829,3.4145,3.414249999,3.41475,0.215360907,0.235829799,patch_6839,1180.213528,1180.369574,461.176571286,426.96807
6830,3.415,3.41475,3.415249999,0.212674305,0.232887851,patch_6840,1180.369574,1180.525619,461.176571286,427.394817
6831,3.4155,3.415249999,3.415750001,0.209649129,0.229575148,patch_6841,1180.525619,1180.681665,461.176571286,427.875344
6832,3.416,3.415750001,3.416249999,0.206110955,0.22570069,patch_6842,1180.681665,1180.83771,461.176571286,428.437357
6833,3.4165,3.416249999,3.416750001,0.201885264,0.22107337,patch_6843,1180.83771,1180.993756,461.176571286,429.108577
6834,3.417,3.416750001,3.417249999,0.196797576,0.215502124,patch_6844,1180.993756,1181.149801,461.176571286,429.916719
6835,3.4175,3.417249999,3.417750001,0.190673441,0.208795923,patch_6845,1181.149801,1181.305847,461.176571286,430.889493
6836,3.418,3.417750001,3.41825,0.183338371,0.200763695,patch_6846,1181.305847,1181.461892,461.176571286,432.054615
6837,3.4185,3.41825,3.418750001,0.174618315,0.191214844,patch_6847,1181.461892,1181.617938,461.176571286,433.439732
6838,3.419,3.418750001,3.41925,0.164455548,0.180086161,patch_6848,1181.617938,1181.773983,461.176571286,435.054013
6839,3.4195,3.41925,3.419749999,0.153067469,0.167615706,patch_6849,1181.773983,1181.930028,461.176571286,436.862926
6840,3.42,3.419749999,3.42025,0.140711204,0.154085045,patch_6850,1181.930028,1182.086074,461.176571286,438.825628
6841,3.4205,3.42025,3.420749999,0.127643916,0.139775781,patch_6851,1182.086074,1182.242119,461.176571286,440.901271
6842,3.421,3.420749999,3.421250001,0.114122757,0.124969509,patch_6852,1182.242119,1182.398165,461.176571286,443.049008
6843,3.4215,3.421250001,3.421749999,0.100404856,0.109947796,patch_6853,1182.398165,1182.55421,461.176571286,445.227996
6844,3.422,3.421749999,3.422250001,0.086747386,0.094992257,patch_6854,1182.55421,1182.710256,461.176571286,447.397385
6845,3.4225,3.422250001,3.422749999,0.073407406,0.080384384,patch_6855,1182.710256,1182.866301,461.176571286,449.516343
6846,3.423,3.422749999,3.423250001,0.060614559,0.066375646,patch_6856,1182.866301,1183.022347,461.176571286,451.548393
6847,3.4235,3.423250001,3.42375,0.048530803,0.053143394,patch_6857,1183.022347,1183.178392,461.176571286,453.467809
6848,3.424,3.42375,3.424250001,0.037307874,0.040853786,patch_6858,1183.178392,1183.334438,461.176571286,455.250489
6849,3.4245,3.424250001,3.42475,0.027097481,0.029672951,patch_6859,1183.334438,1183.490483,461.176571286,456.872335
6850,3.425,3.42475,3.425249999,0.018051342,0.019767024,patch_6860,1183.490483,1183.646528,461.176571286,458.309248
6851,3.4255,3.425249999,3.42575,0.010321164,0.011302135,patch_6861,1183.646528,1183.802574,461.176571286,459.53713
6852,3.426,3.42575,3.426249999,0.004058672,0.004444427,patch_6862,1183.802574,1183.958619,461.176571286,460.531881
6853,3.4265,3.426249999,3.426750001,-0.000584665,-0.000640234,patch_6863,1183.958619,1184.114665,461.176571286,461.269441
6854,3.427,3.426750001,3.427249999,-0.003564777,-0.00390359,patch_6864,1184.114665,1184.27071,461.176571286,461.74281
6855,3.4275,3.427249999,3.427750001,-0.005114317,-0.005600405,patch_6865,1184.27071,1184.426756,461.176571286,461.988943
6856,3.428,3.427750001,3.428249999,-0.005509878,-0.006033562,patch_6866,1184.426756,1184.582801,461.176571286,462.051775
6857,3.4285,3.428249999,3.428750001,-0.005028055,-0.005505945,patch_6867,1184.582801,1184.738847,461.176571286,461.975241
6858,3.429,3.428750001,3.42925,-0.003945437,-0.004320429,patch_6868,1184.738847,1184.894892,461.176571286,461.803275
6859,3.4295,3.42925,3.429750001,-0.002538623,-0.002779906,patch_6869,1184.894892,1185.050938,461.176571286,461.579813
6860,3.43,3.429750001,3.43025,-0.001084203,-0.001187251,patch_6870,1185.050938,1185.206983,461.176571286,461.348789
6861,3.4305,3.43025,3.430749999,0.000141374,0.000154811,patch_6871,1185.206983,1185.363028,461.176571286,461.154115
6862,3.431,3.430749999,3.43125,0.000946372,0.00103632,patch_6872,1185.363028,1185.519074,461.176571286,461.026247
6863,3.4315,3.43125,3.431749999,0.001366952,0.001496873,patch_6873,1185.519074,1185.675119,461.176571286,460.959441
6864,3.432,3.431749999,3.432250001,0.001477193,0.001617592,patch_6874,1185.675119,1185.831165,461.176571286,460.94193
6865,3.4325,3.432250001,3.432749999,0.001351182,0.001479604,patch_6875,1185.831165,1185.98721,461.176571286,460.961946
6866,3.433,3.432749999,3.433250001,0.001062997,0.001164029,patch_6876,1185.98721,1186.143256,461.176571286,461.007722
6867,3.4335,3.433250001,3.433749999,0.000686725,0.000751995,patch_6877,1186.143256,1186.299301,461.176571286,461.06749
6868,3.434,3.433749999,3.434250001,0.000296433,0.000324608,patch_6878,1186.299301,1186.455347,461.176571286,461.129485
6869,3.4345,3.434250001,3.43475,-0.000033805,-0.000037018,patch_6879,1186.455347,1186.611392,461.176571286,461.181941
6870,3.435,3.43475,3.435250001,-0.000251769,-0.000275699,patch_6880,1186.611392,1186.767438,461.176571286,461.216563
6871,3.4355,3.435250001,3.43575,-0.000366499,-0.000401333,patch_6881,1186.767438,1186.923483,461.176571286,461.234787
6872,3.436,3.43575,3.436249999,-0.000397719,-0.00043552,patch_6882,1186.923483,1187.079528,461.176571286,461.239746
6873,3.4365,3.436249999,3.43675,-0.000365171,-0.000399878,patch_6883,1187.079528,1187.235574,461.176571286,461.234576
6874,3.437,3.43675,3.437249999,-0.000288586,-0.000316014,patch_6884,1187.235574,1187.391619,461.176571286,461.222411
6875,3.4375,3.437249999,3.437750001,-0.000187687,-0.000205526,patch_6885,1187.391619,1187.547665,461.176571286,461.206384
6876,3.438,3.437750001,3.438249999,-0.000082205,-0.000090019,patch_6886,1187.547665,1187.70371,461.176571286,461.189629
6877,3.4385,3.438249999,3.438750001,0.000008129,0.000008902,patch_6887,1187.70371,1187.859756,461.176571286,461.17528
6878,3.439,3.438750001,3.439249999,0.000069083,0.000075649,patch_6888,1187.859756,1188.015801,461.176571286,461.165598
6879,3.4395,3.439249999,3.439750001,0.000102562,0.00011231,patch_6889,1188.015801,1188.171847,461.176571286,461.16028
6880,3.44,3.439750001,3.44025,0.000113397,0.000124175,patch_6890,1188.171847,1188.327892,461.176571286,461.158559
6881,3.4405,3.44025,3.440750001,0.000106447,0.000116564,patch_6891,1188.327892,1188.483938,461.176571286,461.159663
6882,3.441,3.440750001,3.44125,0.00008654,0.000094765,patch_6892,1188.483938,1188.639983,461.176571286,461.162825
6883,3.4415,3.44125,3.441749999,0.000058525,0.000064088,patch_6893,1188.639983,1188.796028,461.176571286,461.167275
6884,3.442,3.441749999,3.44225,0.000027243,0.000029832,patch_6894,1188.796028,1188.952074,461.176571286,461.172244
6885,3.4425,3.44225,3.442749999,-0.00000246,-0.000002694,patch_6895,1188.952074,1189.108119,461.176571286,461.176962
6886,3.443,3.442749999,3.443250001,-0.00002671,-0.000029249,patch_6896,1189.108119,1189.264165,461.176571286,461.180814
6887,3.4435,3.443250001,3.443749999,-0.000044583,-0.000048821,patch_6897,1189.264165,1189.42021,461.176571286,461.183653
6888,3.444,3.443749999,3.444250001,-0.000055714,-0.000061009,patch_6898,1189.42021,1189.576256,461.176571286,461.185421
6889,3.4445,3.444250001,3.444749999,-0.000059743,-0.000065421,patch_6899,1189.576256,1189.732301,461.176571286,461.186061
6890,3.445,3.444749999,3.445250001,-0.000056305,-0.000061657,patch_6900,1189.732301,1189.888347,461.176571286,461.185515
6891,3.4455,3.445250001,3.44575,-0.000045049,-0.000049331,patch_6901,1189.888347,1190.044392,461.176571286,461.183727
6892,3.446,3.44575,3.446250001,-0.000025608,-0.000028042,patch_6902,1190.044392,1190.200438,461.176571286,461.180639
6893,3.4465,3.446250001,3.44675,0.000002375,0.000002601,patch_6903,1190.200438,1190.356483,461.176571286,461.176194
6894,3.447,3.44675,3.447249999,0.000037895,0.000041496,patch_6904,1190.356483,1190.512528,461.176571286,461.170552
6895,3.4475,3.447249999,3.44775,0.000075542,0.000082722,patch_6905,1190.512528,1190.668574,461.176571286,461.164572
6896,3.448,3.44775,3.448249999,0.000109034,0.000119397,patch_6906,1190.668574,1190.824619,461.176571286,461.159252
6897,3.4485,3.448249999,3.448750001,0.000132076,0.000144629,patch_6907,1190.824619,1190.980665,461.176571286,461.155592
6898,3.449,3.448750001,3.449249999,0.000138384,0.000151537,patch_6908,1190.980665,1191.13671,461.176571286,461.15459
6899,3.4495,3.449249999,3.449750001,0.000121682,0.000133247,patch_6909,1191.13671,1191.292756,461.176571286,461.157243
6900,3.45,3.449750001,3.450249999,0.000075674,0.000082867,patch_6910,1191.292756,1191.448801,461.176571286,461.164551
6901,3.4505,3.450249999,3.450750001,-0.000005929,-0.000006492,patch_6911,1191.448801,1191.604847,461.176571286,461.177513
6902,3.451,3.450750001,3.45125,-0.000123252,-0.000134967,patch_6912,1191.604847,1191.760892,461.176571286,461.196149
6903,3.4515,3.45125,3.451750001,-0.00025583,-0.000280145,patch_6913,1191.760892,1191.916938,461.176571286,461.217208
6904,3.452,3.451750001,3.45225,-0.000378883,-0.000414893,patch_6914,1191.916938,1192.072983,461.176571286,461.236754
6905,3.4525,3.45225,3.452749999,-0.000467618,-0.000512063,patch_6915,1192.072983,1192.229028,461.176571286,461.250849
6906,3.453,3.452749999,3.45325,-0.000497264,-0.000544526,patch_6916,1192.229028,1192.385074,461.176571286,461.255558
6907,3.4535,3.45325,3.453749999,-0.000443028,-0.000485135,patch_6917,1192.385074,1192.541119,461.176571286,461.246943
6908,3.454,3.453749999,3.454250001,-0.000280131,-0.000306756,patch_6918,1192.541119,1192.697165,461.176571286,461.221068
6909,3.4545,3.454250001,3.454749999,0.000016219,0.000017761,patch_6919,1192.697165,1192.85321,461.176571286,461.173995
6910,3.455,3.454749999,3.455250001,0.000448477,0.000491102,patch_6920,1192.85321,1193.009256,461.176571286,461.105334
6911,3.4555,3.455250001,3.455749999,0.000940939,0.00103037,patch_6921,1193.009256,1193.165301,461.176571286,461.02711
6912,3.456,3.455749999,3.456250001,0.00140074,0.001533873,patch_6922,1193.165301,1193.321347,461.176571286,460.954074
6913,3.4565,3.456250001,3.45675,0.001735046,0.001899952,patch_6923,1193.321347,1193.477392,461.176571286,460.900972
6914,3.457,3.45675,3.457250001,0.001851003,0.002026931,patch_6924,1193.477392,1193.633438,461.176571286,460.882553
6915,3.4575,3.457250001,3.45775,0.001655753,0.001813124,patch_6925,1193.633438,1193.789483,461.176571286,460.913567
6916,3.458,3.45775,3.458249999,0.001056462,0.001156873,patch_6926,1193.789483,1193.945528,461.176571286,461.00876
6917,3.4585,3.458249999,3.45875,-0.000039723,-0.000043499,patch_6927,1193.945528,1194.101574,461.176571286,461.182881
6918,3.459,3.45875,3.459249999,-0.001637896,-0.001793569,patch_6928,1194.101574,1194.257619,461.176571286,461.436739
6919,3.4595,3.459249999,3.459750001,-0.003421434,-0.003746623,patch_6929,1194.257619,1194.413665,461.176571286,461.720041
6920,3.46,3.459750001,3.460249999,-0.004999983,-0.005475205,patch_6930,1194.413665,1194.56971,461.176571286,461.970782
6921,3.4605,3.460249999,3.460750001,-0.005983214,-0.006551886,patch_6931,1194.56971,1194.725756,461.176571286,462.126961
6922,3.461,3.460750001,3.461249999,-0.005980772,-0.006549212,patch_6932,1194.725756,1194.881801,461.176571286,462.126573
6923,3.4615,3.461249999,3.461750001,-0.004602313,-0.005039738,patch_6933,1194.881801,1195.037847,461.176571286,461.907615
6924,3.462,3.461750001,3.46225,-0.001457503,-0.001596031,patch_6934,1195.037847,1195.193892,461.176571286,461.408085
6925,3.4625,3.46225,3.462750001,0.003844007,0.004209359,patch_6935,1195.193892,1195.349938,461.176571286,460.565979
6926,3.463,3.462750001,3.46325,0.011521163,0.012616187,patch_6936,1195.349938,1195.505983,461.176571286,459.346519
6927,3.4635,3.46325,3.463749999,0.021135538,0.023144357,patch_6937,1195.505983,1195.662028,461.176571286,457.819346
6928,3.464,3.463749999,3.46425,0.032091159,0.03514125,patch_6938,1195.662028,1195.818074,461.176571286,456.079126
6929,3.4645,3.46425,3.464749999,0.043792038,0.047954236,patch_6939,1195.818074,1195.974119,461.176571286,454.220527
6930,3.465,3.464749999,3.465250001,0.055642211,0.060930703,patch_6940,1195.974119,1196.130165,461.176571286,452.338214
6931,3.4655,3.465250001,3.465749999,0.067045683,0.073418014,patch_6941,1196.130165,1196.28621,461.176571286,450.526856
6932,3.466,3.465749999,3.466250001,0.077406482,0.084763551,patch_6942,1196.28621,1196.442256,461.176571286,448.881119
6933,3.4665,3.466250001,3.466749999,0.086128616,0.094314677,patch_6943,1196.442256,1196.598301,461.176571286,447.495672
6934,3.467,3.466749999,3.467250001,0.092762835,0.101579442,patch_6944,1196.598301,1196.754347,461.176571286,446.441875
6935,3.4675,3.467250001,3.46775,0.097448534,0.106710492,patch_6945,1196.754347,1196.910392,461.176571286,445.697586
6936,3.468,3.46775,3.468250001,0.100472703,0.110022091,patch_6946,1196.910392,1197.066438,461.176571286,445.217219
6937,3.4685,3.468250001,3.46875,0.10212236,0.11182854,patch_6947,1197.066438,1197.222483,461.176571286,444.955183
6938,3.469,3.46875,3.469249999,0.102684489,0.112444096,patch_6948,1197.222483,1197.378528,461.176571286,444.865893
6939,3.4695,3.469249999,3.46975,0.102446102,0.112183051,patch_6949,1197.378528,1197.534574,461.176571286,444.903759
6940,3.47,3.46975,3.470249999,0.101694188,0.111359672,patch_6950,1197.534574,1197.690619,461.176571286,445.023195
6941,3.4705,3.470249999,3.470750001,0.100715755,0.110288244,patch_6951,1197.690619,1197.846665,461.176571286,445.178612
6942,3.471,3.470750001,3.471249999,0.099715973,0.109193438,patch_6952,1197.846665,1198.00271,461.176571286,445.33742
6943,3.4715,3.471249999,3.471750001,0.098556448,0.107923707,patch_6953,1198.00271,1198.158756,461.176571286,445.521602
6944,3.472,3.471750001,3.472249999,0.097008766,0.106228926,patch_6954,1198.158756,1198.314801,461.176571286,445.76744
6945,3.4725,3.472249999,3.472750001,0.094844423,0.103858874,patch_6955,1198.314801,1198.470847,461.176571286,446.11123
6946,3.473,3.472750001,3.47325,0.09183498,0.100563399,patch_6956,1198.470847,1198.626892,461.176571286,446.589258
6947,3.4735,3.47325,3.473750001,0.087751971,0.096092322,patch_6957,1198.626892,1198.782938,461.176571286,447.237814
6948,3.474,3.473750001,3.47425,0.082366919,0.090195451,patch_6958,1198.782938,1198.938983,461.176571286,448.09319
6949,3.4745,3.47425,3.474749999,0.075451372,0.082622618,patch_6959,1198.938983,1199.095028,461.176571286,449.191674
6950,3.475,3.474749999,3.47525,0.066889472,0.073246956,patch_6960,1199.095028,1199.251074,461.176571286,450.551669
6951,3.4755,3.47525,3.475749999,0.057059758,0.06248298,patch_6961,1199.251074,1199.407119,461.176571286,452.113047
6952,3.476,3.475749999,3.476250001,0.046476456,0.050893792,patch_6962,1199.407119,1199.563165,461.176571286,453.794127
6953,3.4765,3.476250001,3.476749999,0.035653778,0.039042477,patch_6963,1199.563165,1199.71921,461.176571286,455.51323
6954,3.477,3.476749999,3.477250001,0.025105945,0.027492129,patch_6964,1199.71921,1199.875256,461.176571286,457.188676
6955,3.4775,3.477250001,3.477749999,0.015347175,0.016805842,patch_6965,1199.875256,1200.031301,461.176571286,458.738785
6956,3.478,3.477749999,3.478250001,0.006891683,0.0075467,patch_6966,1200.031301,1200.187347,461.176571286,460.081878
6957,3.4785,3.478250001,3.47875,0.000253687,0.000277798,patch_6967,1200.187347,1200.343392,461.176571286,461.136275
6958,3.479,3.47875,3.479250001,-0.00418089,-0.004578261,patch_6968,1200.343392,1200.499438,461.176571286,461.840675
6959,3.4795,3.479250001,3.47975,-0.006615507,-0.007244275,patch_6969,1200.499438,1200.655483,461.176571286,462.227396
6960,3.48,3.47975,3.480249999,-0.007422771,-0.008128265,patch_6970,1200.655483,1200.811528,461.176571286,462.355624
6961,3.4805,3.480249999,3.48075,-0.006975296,-0.007638261,patch_6971,1200.811528,1200.967574,461.176571286,462.284546
6962,3.481,3.48075,3.481249999,-0.00564571,-0.006182305,patch_6972,1200.967574,1201.123619,461.176571286,462.073351
6963,3.4815,3.481249999,3.481750001,-0.00380662,-0.004168419,patch_6973,1201.123619,1201.279665,461.176571286,461.781225
6964,3.482,3.481750001,3.482249999,-0.001830652,-0.002004646,patch_6974,1201.279665,1201.43571,461.176571286,461.467357
6965,3.4825,3.482249999,3.482750001,-0.000090421,-0.000099015,patch_6975,1201.43571,1201.591756,461.176571286,461.190934
6966,3.483,3.482750001,3.483249999,0.001106625,0.001211804,patch_6976,1201.591756,1201.747801,461.176571286,461.000792
6967,3.4835,3.483249999,3.483750001,0.00176629,0.001934167,patch_6977,1201.747801,1201.903847,461.176571286,460.896009
6968,3.484,3.483750001,3.48425,0.00198841,0.002177397,patch_6978,1201.903847,1202.059892,461.176571286,460.860727
6969,3.4845,3.48425,3.484750001,0.00187283,0.002050832,patch_6979,1202.059892,1202.215938,461.176571286,460.879086
6970,3.485,3.484750001,3.48525,0.001519379,0.001663788,patch_6980,1202.215938,1202.371983,461.176571286,460.935229
6971,3.4855,3.48525,3.485749999,0.001027906,0.001125603,patch_6981,1202.371983,1202.528028,461.176571286,461.013296
6972,3.486,3.485749999,3.48625,0.000498262,0.000545619,patch_6982,1202.528028,1202.684074,461.176571286,461.097426
6973,3.4865,3.48625,3.486749999,0.000030277,0.000033155,patch_6983,1202.684074,1202.840119,461.176571286,461.171762
6974,3.487,3.486749999,3.487250001,-0.000292829,-0.000320661,patch_6984,1202.840119,1202.996165,461.176571286,461.223085
6975,3.4875,3.487250001,3.487749999,-0.000471553,-0.000516371,patch_6985,1202.996165,1203.15221,461.176571286,461.251474
6976,3.488,3.487749999,3.488250001,-0.000532638,-0.000583263,patch_6986,1203.15221,1203.308256,461.176571286,461.261177
6977,3.4885,3.488250001,3.488749999,-0.000502829,-0.00055062,patch_6987,1203.308256,1203.464301,461.176571286,461.256442
6978,3.489,3.488749999,3.489250001,-0.000408881,-0.000447743,patch_6988,1203.464301,1203.620347,461.176571286,461.241519
6979,3.4895,3.489250001,3.48975,-0.00027755,-0.000303929,patch_6989,1203.620347,1203.776392,461.176571286,461.220658
6980,3.49,3.48975,3.490250001,-0.000135585,-0.000148472,patch_6990,1203.776392,1203.932438,461.176571286,461.198108
6981,3.4905,3.490250001,3.49075,-0.000009744,-0.00001067,patch_6991,1203.932438,1204.088483,461.176571286,461.178119
6982,3.491,3.49075,3.491249999,0.000077468,0.000084831,patch_6992,1204.088483,1204.244528,461.176571286,461.164266
6983,3.4915,3.491249999,3.49175,0.000125881,0.000137845,patch_6993,1204.244528,1204.400574,461.176571286,461.156576
6984,3.492,3.49175,3.492249999,0.000142671,0.000156231,patch_6994,1204.400574,1204.556619,461.176571286,461.153909
6985,3.4925,3.492249999,3.492750001,0.000134997,0.000147828,patch_6995,1204.556619,1204.712665,461.176571286,461.155128
6986,3.493,3.492750001,3.493249999,0.000110029,0.000120487,patch_6996,1204.712665,1204.86871,461.176571286,461.159094
6987,3.4935,3.493249999,3.493750001,0.000074938,0.00008206,patch_6997,1204.86871,1205.024756,461.176571286,461.164668
6988,3.494,3.493750001,3.494249999,0.000036887,0.000040393,patch_6998,1205.024756,1205.180801,461.176571286,461.170712
6989,3.4945,3.494249999,3.494750001,0.000003049,0.000003339,patch_6999,1205.180801,1205.336847,461.176571286,461.176087
6990,3.495,3.494750001,3.49525,-0.00002049,-0.000022438,patch_7000,1205.336847,1205.492892,461.176571286,461.179826
6991,3.4955,3.49525,3.495750001,-0.000033604,-0.000036798,patch_7001,1205.492892,1205.648938,461.176571286,461.181909
6992,3.496,3.495750001,3.49625,-0.000038212,-0.000041844,patch_7002,1205.648938,1205.804983,461.176571286,461.182641
6993,3.4965,3.49625,3.496749999,-0.000036242,-0.000039686,patch_7003,1205.804983,1205.961028,461.176571286,461.182328
6994,3.497,3.496749999,3.49725,-0.000029606,-0.00003242,patch_7004,1205.961028,1206.117074,461.176571286,461.181274
6995,3.4975,3.49725,3.497749999,-0.000020232,-0.000022155,patch_7005,1206.117074,1206.273119,461.176571286,461.179785
6996,3.498,3.497749999,3.498250001,-0.000010033,-0.000010987,patch_7006,1206.273119,1206.429165,461.176571286,461.178165
6997,3.4985,3.498250001,3.498749999,-0.000000936,-0.000001025,patch_7007,1206.429165,1206.58521,461.176571286,461.17672
6998,3.499,3.498749999,3.499250001,0.000005416,0.000005931,patch_7008,1206.58521,1206.741256,461.176571286,461.175711
6999,3.4995,3.499250001,3.499749999,0.000008967,0.000009819,patch_7009,1206.741256,1206.897301,461.176571286,461.175147
7000,3.5,3.499749999,3.500250001,0.000010238,0.000011211,patch_7010,1206.897301,1207.053347,461.176571286,461.174945
7001,3.5005,3.500250001,3.50075,0.000009728,0.000010653,patch_7011,1207.053347,1207.209392,461.176571286,461.175026
7002,3.501,3.50075,3.501250001,0.000007966,0.000008723,patch_7012,1207.209392,1207.365438,461.176571286,461.175306
7003,3.5015,3.501250001,3.50175,0.00000546,0.000005979,patch_7013,1207.365438,1207.521483,461.176571286,461.175704
7004,3.502,3.50175,3.502249999,0.000002728,0.000002987,patch_7014,1207.521483,1207.677528,461.176571286,461.176138
7005,3.5025,3.502249999,3.50275,0.000000285,0.000000312,patch_7015,1207.677528,1207.833574,461.176571286,461.176526
7006,3.503,3.50275,3.503249999,-0.000001434,-0.00000157,patch_7016,1207.833574,1207.989619,461.176571286,461.176799
7007,3.5035,3.503249999,3.503750001,-0.000002397,-0.000002625,patch_7017,1207.989619,1208.145665,461.176571286,461.176952
7008,3.504,3.503750001,3.504249999,-0.000002743,-0.000003004,patch_7018,1208.145665,1208.30171,461.176571286,461.177007
7009,3.5045,3.504249999,3.504750001,-0.000002611,-0.000002859,patch_7019,1208.30171,1208.457756,461.176571286,461.176986
7010,3.505,3.504750001,3.505249999,-0.000002145,-0.000002349,patch_7020,1208.457756,1208.613801,461.176571286,461.176912
7011,3.5055,3.505249999,3.505750001,-0.000001471,-0.000001611,patch_7021,1208.613801,1208.769847,461.176571286,461.176805
7012,3.506,3.505750001,3.50625,-0.000000741,-0.000000812,patch_7022,1208.769847,1208.925892,461.176571286,461.176689
7013,3.5065,3.50625,3.506750001,-0.000000086,-0.000000095,patch_7023,1208.925892,1209.081938,461.176571286,461.176585
7014,3.507,3.506750001,3.50725,0.00000038,0.000000416,patch_7024,1209.081938,1209.237983,461.176571286,461.176511
7015,3.5075,3.50725,3.507749999,0.000000638,0.000000698,patch_7025,1209.237983,1209.394028,461.176571286,461.17647
7016,3.508,3.507749999,3.50825,0.000000732,0.000000802,patch_7026,1209.394028,1209.550074,461.176571286,461.176455
7017,3.5085,3.50825,3.508749999,0.000000701,0.000000767,patch_7027,1209.550074,1209.706119,461.176571286,461.17646
7018,3.509,3.508749999,3.509250001,0.000000575,0.000000629,patch_7028,1209.706119,1209.862165,461.176571286,461.17648
7019,3.5095,3.509250001,3.509749999,0.000000398,0.000000436,patch_7029,1209.862165,1210.01821,461.176571286,461.176508
7020,3.51,3.509749999,3.510250001,0.000000203,0.000000223,patch_7030,1210.01821,1210.174256,461.176571286,461.176539
7021,3.5105,3.510250001,3.510749999,0.000000027,0.00000003,patch_7031,1210.174256,1210.330301,461.176571286,461.176567
7022,3.511,3.510749999,3.511250001,-0.000000099,-0.000000108,patch_7032,1210.330301,1210.486347,461.176571286,461.176587
7023,3.5115,3.511250001,3.51175,-0.000000168,-0.000000184,patch_7033,1210.486347,1210.642392,461.176571286,461.176598
7024,3.512,3.51175,3.512250001,-0.0000002,-0.000000219,patch_7034,1210.642392,1210.798438,461.176571286,461.176603
7025,3.5125,3.512250001,3.51275,-0.000000187,-0.000000205,patch_7035,1210.798438,1210.954483,461.176571286,461.176601
7026,3.513,3.51275,3.513249999,-0.000000156,-0.00000017,patch_7036,1210.954483,1211.110528,461.176571286,461.176596
7027,3.5135,3.513249999,3.51375,-0.000000105,-0.000000115,patch_7037,1211.110528,1211.266574,461.176571286,461.176588
7028,3.514,3.51375,3.514249999,-0.000000055,-0.00000006,patch_7038,1211.266574,1211.422619,461.176571286,461.17658
7029,3.5145,3.514249999,3.514750001,-0.000000004,-0.000000005,patch_7039,1211.422619,1211.578665,461.176571286,461.176572
7030,3.515,3.514750001,3.515249999,0.000000027,0.00000003,patch_7040,1211.578665,1211.73471,461.176571286,461.176567
7031,3.5155,3.515249999,3.515750001,0.000000046,0.00000005,patch_7041,1211.73471,1211.890756,461.176571286,461.176564
7032,3.516,3.515750001,3.516249999,0.000000052,0.000000057,patch_7042,1211.890756,1212.046801,461.176571286,461.176563
7033,3.5165,3.516249999,3.516750001,0.000000052,0.000000057,patch_7043,1212.046801,1212.202847,461.176571286,461.176563
7034,3.517,3.516750001,3.51725,0.00000004,0.000000043,patch_7044,1212.202847,1212.358892,461.176571286,461.176565
7035,3.5175,3.51725,3.517750001,0.000000027,0.00000003,patch_7045,1212.358892,1212.514938,461.176571286,461.176567
7036,3.518,3.517750001,3.51825,0.000000014,0.000000016,patch_7046,1212.514938,1212.670983,461.176571286,461.176569
7037,3.5185,3.51825,3.518749999,0.000000002,0.000000002,patch_7047,1212.670983,1212.827028,461.176571286,461.176571
7038,3.519,3.518749999,3.51925,-0.000000004,-0.000000005,patch_7048,1212.827028,1212.983074,461.176571286,461.176572
7039,3.5195,3.51925,3.519749999,-0.000000011,-0.000000012,patch_7049,1212.983074,1213.139119,461.176571286,461.176573
7040,3.52,3.519749999,3.520250001,-0.000000017,-0.000000019,patch_7050,1213.139119,1213.295165,461.176571286,461.176574
7041,3.5205,3.520250001,3.520749999,-0.000000011,-0.000000012,patch_7051,1213.295165,1213.45121,461.176571286,461.176573
7042,3.521,3.520749999,3.521250001,-0.000000011,-0.000000012,patch_7052,1213.45121,1213.607256,461.176571286,461.176573
7043,3.5215,3.521250001,3.521749999,-0.000000011,-0.000000012,patch_7053,1213.607256,1213.763301,461.176571286,461.176573
7044,3.522,3.521749999,3.522250001,-0.000000004,-0.000000005,patch_7054,1213.763301,1213.919347,461.176571286,461.176572
7045,3.5225,3.522250001,3.52275,0.000000002,0.000000002,patch_7055,1213.919347,1214.075392,461.176571286,461.176571
7046,3.523,3.52275,3.523250001,0.000000002,0.000000002,patch_7056,1214.075392,1214.231438,461.176571286,461.176571
7047,3.5235,3.523250001,3.52375,0.000000002,0.000000002,patch_7057,1214.231438,1214.387483,461.176571286,461.176571
7048,3.524,3.52375,3.524249999,0.000000002,0.000000002,patch_7058,1214.387483,1214.543528,461.176571286,461.176571
7049,3.5245,3.524249999,3.52475,0.000000002,0.000000002,patch_7059,1214.543528,1214.699574,461.176571286,461.176571
7050,3.525,3.52475,3.525249999,0.000000002,0.000000002,patch_7060,1214.699574,1214.855619,461.176571286,461.176571
7051,3.5255,3.525249999,3.525750001,0.000000002,0.000000002,patch_7061,1214.855619,1215.011665,461.176571286,461.176571
7052,3.526,3.525750001,3.526249999,0.000000002,0.000000002,patch_7062,1215.011665,1215.16771,461.176571286,461.176571
7053,3.5265,3.526249999,3.526750001,0.000000002,0.000000002,patch_7063,1215.16771,1215.323756,461.176571286,461.176571
7054,3.527,3.526750001,3.527249999,0.000000002,0.000000002,patch_7064,1215.323756,1215.479801,461.176571286,461.176571
7055,3.5275,3.527249999,3.527750001,0.000000002,0.000000002,patch_7065,1215.479801,1215.635847,461.176571286,461.176571
7056,3.528,3.527750001,3.52825,0.000000002,0.000000002,patch_7066,1215.635847,1215.791892,461.176571286,461.176571
7057,3.5285,3.52825,3.528750001,0.000000002,0.000000002,patch_7067,1215.791892,1215.947938,461.176571286,461.176571
7058,3.529,3.528750001,3.52925,0.000000002,0.000000002,patch_7068,1215.947938,1216.103983,461.176571286,461.176571
7059,3.5295,3.52925,3.529749999,0.000000002,0.000000002,patch_7069,1216.103983,1216.260028,461.176571286,461.176571
7060,3.53,3.529749999,3.53025,0.000000002,0.000000002,patch_7070,1216.260028,1216.416074,461.176571286,461.176571
7061,3.5305,3.53025,3.530749999,0.000000002,0.000000002,patch_7071,1216.416074,1216.572119,461.176571286,461.176571
7062,3.531,3.530749999,3.531250001,0.000000002,0.000000002,patch_7072,1216.572119,1216.728165,461.176571286,461.176571
7063,3.5315,3.531250001,3.531749999,0.000000002,0.000000002,patch_7073,1216.728165,1216.88421,461.176571286,461.176571
7064,3.532,3.531749999,3.532250001,0.000000002,0.000000002,patch_7074,1216.88421,1217.040256,461.176571286,461.176571
7065,3.5325,3.532250001,3.532749999,0.000000002,0.000000002,patch_7075,1217.040256,1217.196301,461.176571286,461.176571
7066,3.533,3.532749999,3.533250001,0.000000002,0.000000002,patch_7076,1217.196301,1217.352347,461.176571286,461.176571
7067,3.5335,3.533250001,3.53375,0.000000002,0.000000002,patch_7077,1217.352347,1217.508392,461.176571286,461.176571
7068,3.534,3.53375,3.534250001,0.000000002,0.000000002,patch_7078,1217.508392,1217.664438,461.176571286,461.176571
7069,3.5345,3.534250001,3.53475,0.000000002,0.000000002,patch_7079,1217.664438,1217.820483,461.176571286,461.176571
7070,3.535,3.53475,3.535249999,0.000000002,0.000000002,patch_7080,1217.820483,1217.976528,461.176571286,461.176571
7071,3.5355,3.535249999,3.53575,0.000000002,0.000000002,patch_7081,1217.976528,1218.132574,461.176571286,461.176571
7072,3.536,3.53575,3.536249999,0.000000002,0.000000002,patch_7082,1218.132574,1218.288619,461.176571286,461.176571
7073,3.5365,3.536249999,3.536750001,0.000000002,0.000000002,patch_7083,1218.288619,1218.444665,461.176571286,461.176571
7074,3.537,3.536750001,3.537249999,0.000000002,0.000000002,patch_7084,1218.444665,1218.60071,461.176571286,461.176571
7075,3.5375,3.537249999,3.537750001,0.000000002,0.000000002,patch_7085,1218.60071,1218.756756,461.176571286,461.176571
7076,3.538,3.537750001,3.538249999,0.000000002,0.000000002,patch_7086,1218.756756,1218.912801,461.176571286,461.176571
7077,3.5385,3.538249999,3.538750001,0.000000002,0.000000002,patch_7087,1218.912801,1219.068847,461.176571286,461.176571
7078,3.539,3.538750001,3.53925,0.000000002,0.000000002,patch_7088,1219.068847,1219.224892,461.176571286,461.176571
7079,3.5395,3.53925,3.539750001,0.000000002,0.000000002,patch_7089,1219.224892,1219.380938,461.176571286,461.176571
7080,3.54,3.539750001,3.54025,0.000000002,0.000000002,patch_7090,1219.380938,1219.536983,461.176571286,461.176571
7081,3.5405,3.54025,3.540749999,0.000000002,0.000000002,patch_7091,1219.536983,1219.693028,461.176571286,461.176571
7082,3.541,3.540749999,3.54125,0.000000002,0.000000002,patch_7092,1219.693028,1219.849074,461.176571286,461.176571
7083,3.5415,3.54125,3.541749999,0.000000002,0.000000002,patch_7093,1219.849074,1220.005119,461.176571286,461.176571
7084,3.542,3.541749999,3.542250001,0.000000002,0.000000002,patch_7094,1220.005119,1220.161165,461.176571286,461.176571
7085,3.5425,3.542250001,3.542749999,0.000000002,0.000000002,patch_7095,1220.161165,1220.31721,461.176571286,461.176571
7086,3.543,3.542749999,3.543250001,0.000000002,0.000000002,patch_7096,1220.31721,1220.473256,461.176571286,461.176571
7087,3.5435,3.543250001,3.543749999,0.000000002,0.000000002,patch_7097,1220.473256,1220.629301,461.176571286,461.176571
7088,3.544,3.543749999,3.544250001,0.000000002,0.000000002,patch_7098,1220.629301,1220.785347,461.176571286,461.176571
7089,3.5445,3.544250001,3.54475,0.000000002,0.000000002,patch_7099,1220.785347,1220.941392,461.176571286,461.176571
7090,3.545,3.54475,3.545250001,0.000000002,0.000000002,patch_7100,1220.941392,1221.097438,461.176571286,461.176571
7091,3.5455,3.545250001,3.54575,0.000000002,0.000000002,patch_7101,1221.097438,1221.253483,461.176571286,461.176571
7092,3.546,3.54575,3.546249999,0.000000002,0.000000002,patch_7102,1221.253483,1221.409528,461.176571286,461.176571
7093,3.5465,3.546249999,3.54675,0.000000002,0.000000002,patch_7103,1221.409528,1221.565574,461.176571286,461.176571
7094,3.547,3.54675,3.547249999,0.000000002,0.000000002,patch_7104,1221.565574,1221.721619,461.176571286,461.176571
7095,3.5475,3.547249999,3.547750001,0.000000002,0.000000002,patch_7105,1221.721619,1221.877665,461.176571286,461.176571
7096,3.548,3.547750001,3.548249999,0.000000002,0.000000002,patch_7106,1221.877665,1222.03371,461.176571286,461.176571
7097,3.5485,3.548249999,3.548750001,0.000000002,0.000000002,patch_7107,1222.03371,1222.189756,461.176571286,461.176571
7098,3.549,3.548750001,3.549249999,0.000000002,0.000000002,patch_7108,1222.189756,1222.345801,461.176571286,461.176571
7099,3.5495,3.549249999,3.549750001,0.000000002,0.000000002,patch_7109,1222.345801,1222.501847,461.176571286,461.176571
7100,3.55,3.549750001,3.55025,0.000000002,0.000000002,patch_7110,1222.501847,1222.657892,461.176571286,461.176571
7101,3.5505,3.55025,3.550750001,0.000000002,0.000000002,patch_7111,1222.657892,1222.813938,461.176571286,461.176571
7102,3.551,3.550750001,3.55125,0.000000002,0.000000002,patch_7112,1222.813938,1222.969983,461.176571286,461.176571
7103,3.5515,3.55125,3.551749999,0.000000002,0.000000002,patch_7113,1222.969983,1223.126028,461.176571286,461.176571
7104,3.552,3.551749999,3.55225,0.000000002,0.000000002,patch_7114,1223.126028,1223.282074,461.176571286,461.176571
7105,3.5525,3.55225,3.552749999,0.000000002,0.000000002,patch_7115,1223.282074,1223.438119,461.176571286,461.176571
7106,3.553,3.552749999,3.553250001,0.000000002,0.000000002,patch_7116,1223.438119,1223.594165,461.176571286,461.176571
7107,3.5535,3.553250001,3.553749999,0.000000002,0.000000002,patch_7117,1223.594165,1223.75021,461.176571286,461.176571
7108,3.554,3.553749999,3.554250001,0.000000002,0.000000002,patch_7118,1223.75021,1223.906256,461.176571286,461.176571
7109,3.5545,3.554250001,3.554749999,0.000000002,0.000000002,patch_7119,1223.906256,1224.062301,461.176571286,461.176571
7110,3.555,3.554749999,3.555250001,0.000000002,0.000000002,patch_7120,1224.062301,1224.218347,461.176571286,461.176571
7111,3.5555,3.555250001,3.55575,0.000000002,0.000000002,patch_7121,1224.218347,1224.374392,461.176571286,461.176571
7112,3.556,3.55575,3.556250001,0.000000002,0.000000002,patch_7122,1224.374392,1224.530438,461.176571286,461.176571
7113,3.5565,3.556250001,3.55675,0.000000002,0.000000002,patch_7123,1224.530438,1224.686483,461.176571286,461.176571
7114,3.557,3.55675,3.557249999,0.000000002,0.000000002,patch_7124,1224.686483,1224.842528,461.176571286,461.176571
7115,3.5575,3.557249999,3.55775,0.000000002,0.000000002,patch_7125,1224.842528,1224.998574,461.176571286,461.176571
7116,3.558,3.55775,3.558249999,0.000000002,0.000000002,patch_7126,1224.998574,1225.154619,461.176571286,461.176571
7117,3.5585,3.558249999,3.558750001,0.000000002,0.000000002,patch_7127,1225.154619,1225.310665,461.176571286,461.176571
7118,3.559,3.558750001,3.559249999,0.000000002,0.000000002,patch_7128,1225.310665,1225.46671,461.176571286,461.176571
7119,3.5595,3.559249999,3.559750001,0.000000002,0.000000002,patch_7129,1225.46671,1225.622756,461.176571286,461.176571
7120,3.56,3.559750001,3.560249999,0.000000002,0.000000002,patch_7130,1225.622756,1225.778801,461.176571286,461.176571
7121,3.5605,3.560249999,3.560750001,0.000000002,0.000000002,patch_7131,1225.778801,1225.934847,461.176571286,461.176571
7122,3.561,3.560750001,3.56125,0.000000002,0.000000002,patch_7132,1225.934847,1226.090892,461.176571286,461.176571
7123,3.5615,3.56125,3.561750001,0.000000002,0.000000002,patch_7133,1226.090892,1226.246938,461.176571286,461.176571
7124,3.562,3.561750001,3.56225,0.000000002,0.000000002,patch_7134,1226.246938,1226.402983,461.176571286,461.176571
7125,3.5625,3.56225,3.562749999,0.000000002,0.000000002,patch_7135,1226.402983,1226.559028,461.176571286,461.176571
7126,3.563,3.562749999,3.56325,0.000000002,0.000000002,patch_7136,1226.559028,1226.715074,461.176571286,461.176571
7127,3.5635,3.56325,3.563749999,0.000000002,0.000000002,patch_7137,1226.715074,1226.871119,461.176571286,461.176571
7128,3.564,3.563749999,3.564250001,0.000000002,0.000000002,patch_7138,1226.871119,1227.027165,461.176571286,461.176571
7129,3.5645,3.564250001,3.564749999,0.000000002,0.000000002,patch_7139,1227.027165,1227.18321,461.176571286,461.176571
7130,3.565,3.564749999,3.565250001,0.000000002,0.000000002,patch_7140,1227.18321,1227.339256,461.176571286,461.176571
7131,3.5655,3.565250001,3.565749999,0.000000002,0.000000002,patch_7141,1227.339256,1227.495301,461.176571286,461.176571
7132,3.566,3.565749999,3.566250001,0.000000002,0.000000002,patch_7142,1227.495301,1227.651347,461.176571286,461.176571
7133,3.5665,3.566250001,3.56675,0.000000002,0.000000002,patch_7143,1227.651347,1227.807392,461.176571286,461.176571
7134,3.567,3.56675,3.567250001,0.000000002,0.000000002,patch_7144,1227.807392,1227.963438,461.176571286,461.176571
7135,3.5675,3.567250001,3.56775,0.000000002,0.000000002,patch_7145,1227.963438,1228.119483,461.176571286,461.176571
7136,3.568,3.56775,3.568249999,0.000000002,0.000000002,patch_7146,1228.119483,1228.275528,461.176571286,461.176571
7137,3.5685,3.568249999,3.56875,0.000000002,0.000000002,patch_7147,1228.275528,1228.431574,461.176571286,461.176571
7138,3.569,3.56875,3.569249999,0.000000002,0.000000002,patch_7148,1228.431574,1228.587619,461.176571286,461.176571
7139,3.5695,3.569249999,3.569750001,0.000000002,0.000000002,patch_7149,1228.587619,1228.743665,461.176571286,461.176571
7140,3.57,3.569750001,3.570249999,0.000000002,0.000000002,patch_7150,1228.743665,1228.89971,461.176571286,461.176571
7141,3.5705,3.570249999,3.570750001,0.000000002,0.000000002,patch_7151,1228.89971,1229.055756,461.176571286,461.176571
7142,3.571,3.570750001,3.571249999,0.000000002,0.000000002,patch_7152,1229.055756,1229.211801,461.176571286,461.176571
7143,3.5715,3.571249999,3.571750001,0.000000002,0.000000002,patch_7153,1229.211801,1229.367847,461.176571286,461.176571
7144,3.572,3.571750001,3.57225,0.000000002,0.000000002,patch_7154,1229.367847,1229.523892,461.176571286,461.176571
7145,3.5725,3.57225,3.572750001,0.000000002,0.000000002,patch_7155,1229.523892,1229.679938,461.176571286,461.176571
7146,3.573,3.572750001,3.57325,0.000000002,0.000000002,patch_7156,1229.679938,1229.835983,461.176571286,461.176571
7147,3.5735,3.57325,3.573749999,0.000000002,0.000000002,patch_7157,1229.835983,1229.992028,461.176571286,461.176571
7148,3.574,3.573749999,3.57425,0.000000002,0.000000002,patch_7158,1229.992028,1230.148074,461.176571286,461.176571
7149,3.5745,3.57425,3.574749999,0.000000002,0.000000002,patch_7159,1230.148074,1230.304119,461.176571286,461.176571
7150,3.575,3.574749999,3.575250001,0.000000002,0.000000002,patch_7160,1230.304119,1230.460165,461.176571286,461.176571
7151,3.5755,3.575250001,3.575749999,0.000000002,0.000000002,patch_7161,1230.460165,1230.61621,461.176571286,461.176571
7152,3.576,3.575749999,3.576250001,0.000000002,0.000000002,patch_7162,1230.61621,1230.772256,461.176571286,461.176571
7153,3.5765,3.576250001,3.576749999,0.000000002,0.000000002,patch_7163,1230.772256,1230.928301,461.176571286,461.176571
7154,3.577,3.576749999,3.577250001,0.000000002,0.000000002,patch_7164,1230.928301,1231.084347,461.176571286,461.176571
7155,3.5775,3.577250001,3.57775,0.000000002,0.000000002,patch_7165,1231.084347,1231.240392,461.176571286,461.176571
7156,3.578,3.57775,3.578250001,0.000000002,0.000000002,patch_7166,1231.240392,1231.396438,461.176571286,461.176571
7157,3.5785,3.578250001,3.57875,0.000000002,0.000000002,patch_7167,1231.396438,1231.552483,461.176571286,461.176571
7158,3.579,3.57875,3.579249999,0.000000002,0.000000002,patch_7168,1231.552483,1231.708528,461.176571286,461.176571
7159,3.5795,3.579249999,3.57975,0.000000002,0.000000002,patch_7169,1231.708528,1231.864574,461.176571286,461.176571
7160,3.58,3.57975,3.580249999,0.000000002,0.000000002,patch_7170,1231.864574,1232.020619,461.176571286,461.176571
7161,3.5805,3.580249999,3.580750001,0.000000002,0.000000002,patch_7171,1232.020619,1232.176665,461.176571286,461.176571
7162,3.581,3.580750001,3.581249999,0.000000002,0.000000002,patch_7172,1232.176665,1232.33271,461.176571286,461.176571
7163,3.5815,3.581249999,3.581750001,0.000000002,0.000000002,patch_7173,1232.33271,1232.488756,461.176571286,461.176571
7164,3.582,3.581750001,3.582249999,0.000000002,0.000000002,patch_7174,1232.488756,1232.644801,461.176571286,461.176571
7165,3.5825,3.582249999,3.582750001,0.000000002,0.000000002,patch_7175,1232.644801,1232.800847,461.176571286,461.176571
7166,3.583,3.582750001,3.58325,0.000000002,0.000000002,patch_7176,1232.800847,1232.956892,461.176571286,461.176571
7167,3.5835,3.58325,3.583750001,0.000000002,0.000000002,patch_7177,1232.956892,1233.112938,461.176571286,461.176571
7168,3.584,3.583750001,3.58425,0.000000002,0.000000002,patch_7178,1233.112938,1233.268983,461.176571286,461.176571
7169,3.5845,3.58425,3.584749999,0.000000002,0.000000002,patch_7179,1233.268983,1233.425028,461.176571286,461.176571
7170,3.585,3.584749999,3.58525,0.000000002,0.000000002,patch_7180,1233.425028,1233.581074,461.176571286,461.176571
7171,3.5855,3.58525,3.585749999,0.000000002,0.000000002,patch_7181,1233.581074,1233.737119,461.176571286,461.176571
7172,3.586,3.585749999,3.586250001,0.000000002,0.000000002,patch_7182,1233.737119,1233.893165,461.176571286,461.176571
7173,3.5865,3.586250001,3.586749999,0.000000002,0.000000002,patch_7183,1233.893165,1234.04921,461.176571286,461.176571
7174,3.587,3.586749999,3.587250001,0.000000002,0.000000002,patch_7184,1234.04921,1234.205256,461.176571286,461.176571
7175,3.5875,3.587250001,3.587749999,0.000000002,0.000000002,patch_7185,1234.205256,1234.361301,461.176571286,461.176571
7176,3.588,3.587749999,3.588250001,0.000000002,0.000000002,patch_7186,1234.361301,1234.517347,461.176571286,461.176571
7177,3.5885,3.588250001,3.58875,0.000000002,0.000000002,patch_7187,1234.517347,1234.673392,461.176571286,461.176571
7178,3.589,3.58875,3.589250001,0.000000002,0.000000002,patch_7188,1234.673392,1234.829438,461.176571286,461.176571
7179,3.5895,3.589250001,3.58975,0.000000002,0.000000002,patch_7189,1234.829438,1234.985483,461.176571286,461.176571
7180,3.59,3.58975,3.590249999,0.000000002,0.000000002,patch_7190,1234.985483,1235.141528,461.176571286,461.176571
7181,3.5905,3.590249999,3.59075,0.000000002,0.000000002,patch_7191,1235.141528,1235.297574,461.176571286,461.176571
7182,3.591,3.59075,3.591249999,0.000000002,0.000000002,patch_7192,1235.297574,1235.453619,461.176571286,461.176571
7183,3.5915,3.591249999,3.591750001,0.000000002,0.000000002,patch_7193,1235.453619,1235.609665,461.176571286,461.176571
7184,3.592,3.591750001,3.592249999,0.000000002,0.000000002,patch_7194,1235.609665,1235.76571,461.176571286,461.176571
7185,3.5925,3.592249999,3.592750001,0.000000002,0.000000002,patch_7195,1235.76571,1235.921756,461.176571286,461.176571
7186,3.593,3.592750001,3.593249999,0.000000002,0.000000002,patch_7196,1235.921756,1236.077801,461.176571286,461.176571
7187,3.5935,3.593249999,3.593750001,0.000000002,0.000000002,patch_7197,1236.077801,1236.233847,461.176571286,461.176571
7188,3.594,3.593750001,3.59425,0.000000002,0.000000002,patch_7198,1236.233847,1236.389892,461.176571286,461.176571
7189,3.5945,3.59425,3.594750001,0.000000002,0.000000002,patch_7199,1236.389892,1236.545938,461.176571286,461.176571
7190,3.595,3.594750001,3.59525,0.000000002,0.000000002,patch_7200,1236.545938,1236.701983,461.176571286,461.176571
7191,3.5955,3.59525,3.595749999,0.000000002,0.000000002,patch_7201,1236.701983,1236.858028,461.176571286,461.176571
7192,3.596,3.595749999,3.59625,0.000000002,0.000000002,patch_7202,1236.858028,1237.014074,461.176571286,461.176571
7193,3.5965,3.59625,3.596749999,0.000000002,0.000000002,patch_7203,1237.014074,1237.170119,461.176571286,461.176571
7194,3.597,3.596749999,3.597250001,0.000000002,0.000000002,patch_7204,1237.170119,1237.326165,461.176571286,461.176571
7195,3.5975,3.597250001,3.597749999,0.000000002,0.000000002,patch_7205,1237.326165,1237.48221,461.176571286,461.176571
7196,3.598,3.597749999,3.598250001,0.000000002,0.000000002,patch_7206,1237.48221,1237.638256,461.176571286,461.176571
7197,3.5985,3.598250001,3.598749999,0.000000002,0.000000002,patch_7207,1237.638256,1237.794301,461.176571286,461.176571
7198,3.599,3.598749999,3.599250001,0.000000002,0.000000002,patch_7208,1237.794301,1237.950347,461.176571286,461.176571
7199,3.5995,3.599250001,3.59975,0.000000002,0.000000002,patch_7209,1237.950347,1238.106392,461.176571286,461.176571
7200,3.6,3.59975,3.600250001,0.000000002,0.000000002,patch_7210,1238.106392,1238.262438,461.176571286,461.176571
7201,3.6005,3.600250001,3.60075,0.000000002,0.000000002,patch_7211,1238.262438,1238.418483,461.176571286,461.176571
7202,3.601,3.60075,3.601249999,0.000000002,0.000000002,patch_7212,1238.418483,1238.574528,461.176571286,461.176571
7203,3.6015,3.601249999,3.60175,0.000000002,0.000000002,patch_7213,1238.574528,1238.730574,461.176571286,461.176571
7204,3.602,3.60175,3.602249999,0.000000002,0.000000002,patch_7214,1238.730574,1238.886619,461.176571286,461.176571
7205,3.6025,3.602249999,3.602750001,0.000000002,0.000000002,patch_7215,1238.886619,1239.042665,461.176571286,461.176571
7206,3.603,3.602750001,3.603249999,0.000000002,0.000000002,patch_7216,1239.042665,1239.19871,461.176571286,461.176571
7207,3.6035,3.603249999,3.603750001,0.000000002,0.000000002,patch_7217,1239.19871,1239.354756,461.176571286,461.176571
7208,3.604,3.603750001,3.604249999,0.000000002,0.000000002,patch_7218,1239.354756,1239.510801,461.176571286,461.176571
7209,3.6045,3.604249999,3.604750001,0.000000002,0.000000002,patch_7219,1239.510801,1239.666847,461.176571286,461.176571
7210,3.605,3.604750001,3.60525,0.000000002,0.000000002,patch_7220,1239.666847,1239.822892,461.176571286,461.176571
7211,3.6055,3.60525,3.605750001,0.000000002,0.000000002,patch_7221,1239.822892,1239.978938,461.176571286,461.176571
7212,3.606,3.605750001,3.60625,0.000000002,0.000000002,patch_7222,1239.978938,1240.134983,461.176571286,461.176571
7213,3.6065,3.60625,3.606749999,0.000000002,0.000000002,patch_7223,1240.134983,1240.291028,461.176571286,461.176571
7214,3.607,3.606749999,3.60725,0.000000002,0.000000002,patch_7224,1240.291028,1240.447074,461.176571286,461.176571
7215,3.6075,3.60725,3.607749999,0.000000002,0.000000002,patch_7225,1240.447074,1240.603119,461.176571286,461.176571
7216,3.608,3.607749999,3.608250001,0.000000002,0.000000002,patch_7226,1240.603119,1240.759165,461.176571286,461.176571
7217,3.6085,3.608250001,3.608749999,0.000000002,0.000000002,patch_7227,1240.759165,1240.91521,461.176571286,461.176571
7218,3.609,3.608749999,3.609250001,0.000000002,0.000000002,patch_7228,1240.91521,1241.071256,461.176571286,461.176571
7219,3.6095,3.609250001,3.609749999,0.000000002,0.000000002,patch_7229,1241.071256,1241.227301,461.176571286,461.176571
7220,3.61,3.609749999,3.610250001,0.000000002,0.000000002,patch_7230,1241.227301,1241.383347,461.176571286,461.176571
7221,3.6105,3.610250001,3.61075,0.000000002,0.000000002,patch_7231,1241.383347,1241.539392,461.176571286,461.176571
7222,3.611,3.61075,3.611250001,0.000000002,0.000000002,patch_7232,1241.539392,1241.695438,461.176571286,461.176571
7223,3.6115,3.611250001,3.61175,0.000000002,0.000000002,patch_7233,1241.695438,1241.851483,461.176571286,461.176571
7224,3.612,3.61175,3.612249999,0.000000002,0.000000002,patch_7234,1241.851483,1242.007528,461.176571286,461.176571
7225,3.6125,3.612249999,3.61275,0.000000002,0.000000002,patch_7235,1242.007528,1242.163574,461.176571286,461.176571
7226,3.613,3.61275,3.613249999,0.000000002,0.000000002,patch_7236,1242.163574,1242.319619,461.176571286,461.176571
7227,3.6135,3.613249999,3.613750001,0.000000002,0.000000002,patch_7237,1242.319619,1242.475665,461.176571286,461.176571
7228,3.614,3.613750001,3.614249999,0.000000002,0.000000002,patch_7238,1242.475665,1242.63171,461.176571286,461.176571
7229,3.6145,3.614249999,3.614750001,0.000000002,0.000000002,patch_7239,1242.63171,1242.787756,461.176571286,461.176571
7230,3.615,3.614750001,3.615249999,0.000000002,0.000000002,patch_7240,1242.787756,1242.943801,461.176571286,461.176571
7231,3.6155,3.615249999,3.615750001,0.000000002,0.000000002,patch_7241,1242.943801,1243.099847,461.176571286,461.176571
7232,3.616,3.615750001,3.61625,0.000000002,0.000000002,patch_7242,1243.099847,1243.255892,461.176571286,461.176571
7233,3.6165,3.61625,3.616750001,0.000000002,0.000000002,patch_7243,1243.255892,1243.411938,461.176571286,461.176571
7234,3.617,3.616750001,3.61725,0.000000002,0.000000002,patch_7244,1243.411938,1243.567983,461.176571286,461.176571
7235,3.6175,3.61725,3.617749999,0.000000002,0.000000002,patch_7245,1243.567983,1243.724028,461.176571286,461.176571
7236,3.618,3.617749999,3.61825,0.000000002,0.000000002,patch_7246,1243.724028,1243.880074,461.176571286,461.176571
7237,3.6185,3.61825,3.618749999,0.000000002,0.000000002,patch_7247,1243.880074,1244.036119,461.176571286,461.176571
7238,3.619,3.618749999,3.619250001,0.000000002,0.000000002,patch_7248,1244.036119,1244.192165,461.176571286,461.176571
7239,3.6195,3.619250001,3.619749999,0.000000002,0.000000002,patch_7249,1244.192165,1244.34821,461.176571286,461.176571
7240,3.62,3.619749999,3.620250001,0.000000002,0.000000002,patch_7250,1244.34821,1244.504256,461.176571286,461.176571
7241,3.6205,3.620250001,3.620749999,0.000000002,0.000000002,patch_7251,1244.504256,1244.660301,461.176571286,461.176571
7242,3.621,3.620749999,3.621250001,0.000000002,0.000000002,patch_7252,1244.660301,1244.816347,461.176571286,461.176571
7243,3.6215,3.621250001,3.62175,0.000000002,0.000000002,patch_7253,1244.816347,1244.972392,461.176571286,461.176571
7244,3.622,3.62175,3.622250001,0.000000002,0.000000002,patch_7254,1244.972392,1245.128438,461.176571286,461.176571
7245,3.6225,3.622250001,3.62275,0.000000002,0.000000002,patch_7255,1245.128438,1245.284483,461.176571286,461.176571
7246,3.623,3.62275,3.623249999,0.000000002,0.000000002,patch_7256,1245.284483,1245.440528,461.176571286,461.176571
7247,3.6235,3.623249999,3.62375,0.000000002,0.000000002,patch_7257,1245.440528,1245.596574,461.176571286,461.176571
7248,3.624,3.62375,3.624249999,0.000000002,0.000000002,patch_7258,1245.596574,1245.752619,461.176571286,461.176571
7249,3.6245,3.624249999,3.624750001,0.000000002,0.000000002,patch_7259,1245.752619,1245.908665,461.176571286,461.176571
7250,3.625,3.624750001,3.625249999,0.000000002,0.000000002,patch_7260,1245.908665,1246.06471,461.176571286,461.176571
7251,3.6255,3.625249999,3.625750001,0.000000002,0.000000002,patch_7261,1246.06471,1246.220756,461.176571286,461.176571
7252,3.626,3.625750001,3.626249999,0.000000002,0.000000002,patch_7262,1246.220756,1246.376801,461.176571286,461.176571
7253,3.6265,3.626249999,3.626750001,0.000000002,0.000000002,patch_7263,1246.376801,1246.532847,461.176571286,461.176571
7254,3.627,3.626750001,3.62725,0.000000002,0.000000002,patch_7264,1246.532847,1246.688892,461.176571286,461.176571
7255,3.6275,3.62725,3.627750001,0.000000002,0.000000002,patch_7265,1246.688892,1246.844938,461.176571286,461.176571
7256,3.628,3.627750001,3.62825,0.000000002,0.000000002,patch_7266,1246.844938,1247.000983,461.176571286,461.176571
7257,3.6285,3.62825,3.628749999,0.000000002,0.000000002,patch_7267,1247.000983,1247.157028,461.176571286,461.176571
7258,3.629,3.628749999,3.62925,0.000000002,0.000000002,patch_7268,1247.157028,1247.313074,461.176571286,461.176571
7259,3.6295,3.62925,3.629749999,0.000000002,0.000000002,patch_7269,1247.313074,1247.469119,461.176571286,461.176571
7260,3.63,3.629749999,3.630250001,0.000000002,0.000000002,patch_7270,1247.469119,1247.625165,461.176571286,461.176571
7261,3.6305,3.630250001,3.630749999,0.000000002,0.000000002,patch_7271,1247.625165,1247.78121,461.176571286,461.176571
7262,3.631,3.630749999,3.631250001,0.000000002,0.000000002,patch_7272,1247.78121,1247.937256,461.176571286,461.176571
7263,3.6315,3.631250001,3.631749999,0.000000002,0.000000002,patch_7273,1247.937256,1248.093301,461.176571286,461.176571
7264,3.632,3.631749999,3.632250001,0.000000002,0.000000002,patch_7274,1248.093301,1248.249347,461.176571286,461.176571
7265,3.6325,3.632250001,3.63275,0.000000002,0.000000002,patch_7275,1248.249347,1248.405392,461.176571286,461.176571
7266,3.633,3.63275,3.633250001,0.000000002,0.000000002,patch_7276,1248.405392,1248.561438,461.176571286,461.176571
7267,3.6335,3.633250001,3.63375,0.000000002,0.000000002,patch_7277,1248.561438,1248.717483,461.176571286,461.176571
7268,3.634,3.63375,3.634249999,0.000000002,0.000000002,patch_7278,1248.717483,1248.873528,461.176571286,461.176571
7269,3.6345,3.634249999,3.63475,0.000000002,0.000000002,patch_7279,1248.873528,1249.029574,461.176571286,461.176571
7270,3.635,3.63475,3.635249999,0.000000002,0.000000002,patch_7280,1249.029574,1249.185619,461.176571286,461.176571
7271,3.6355,3.635249999,3.635750001,0.000000002,0.000000002,patch_7281,1249.185619,1249.341665,461.176571286,461.176571
7272,3.636,3.635750001,3.636249999,0.000000002,0.000000002,patch_7282,1249.341665,1249.49771,461.176571286,461.176571
7273,3.6365,3.636249999,3.636750001,0.000000002,0.000000002,patch_7283,1249.49771,1249.653756,461.176571286,461.176571
7274,3.637,3.636750001,3.637249999,0.000000002,0.000000002,patch_7284,1249.653756,1249.809801,461.176571286,461.176571
7275,3.6375,3.637249999,3.637750001,0.000000002,0.000000002,patch_7285,1249.809801,1249.965847,461.176571286,461.176571
7276,3.638,3.637750001,3.63825,0.000000002,0.000000002,patch_7286,1249.965847,1250.121892,461.176571286,461.176571
7277,3.6385,3.63825,3.638750001,0.000000002,0.000000002,patch_7287,1250.121892,1250.277938,461.176571286,461.176571
7278,3.639,3.638750001,3.63925,0.000000002,0.000000002,patch_7288,1250.277938,1250.433983,461.176571286,461.176571
7279,3.6395,3.63925,3.639749999,0.000000002,0.000000002,patch_7289,1250.433983,1250.590028,461.176571286,461.176571
7280,3.64,3.639749999,3.64025,0.000000002,0.000000002,patch_7290,1250.590028,1250.746074,461.176571286,461.176571
7281,3.6405,3.64025,3.640749999,0.000000002,0.000000002,patch_7291,1250.746074,1250.902119,461.176571286,461.176571
7282,3.641,3.640749999,3.641250001,0.000000002,0.000000002,patch_7292,1250.902119,1251.058165,461.176571286,461.176571
7283,3.6415,3.641250001,3.641749999,0.000000002,0.000000002,patch_7293,1251.058165,1251.21421,461.176571286,461.176571
7284,3.642,3.641749999,3.642250001,0.000000002,0.000000002,patch_7294,1251.21421,1251.370256,461.176571286,461.176571
7285,3.6425,3.642250001,3.642749999,0.000000002,0.000000002,patch_7295,1251.370256,1251.526301,461.176571286,461.176571
7286,3.643,3.642749999,3.643250001,0.000000002,0.000000002,patch_7296,1251.526301,1251.682347,461.176571286,461.176571
7287,3.6435,3.643250001,3.64375,0.000000002,0.000000002,patch_7297,1251.682347,1251.838392,461.176571286,461.176571
7288,3.644,3.64375,3.644250001,0.000000002,0.000000002,patch_7298,1251.838392,1251.994438,461.176571286,461.176571
7289,3.6445,3.644250001,3.64475,0.000000002,0.000000002,patch_7299,1251.994438,1252.150483,461.176571286,461.176571
7290,3.645,3.64475,3.645249999,0.000000002,0.000000002,patch_7300,1252.150483,1252.306528,461.176571286,461.176571
7291,3.6455,3.645249999,3.64575,0.000000002,0.000000002,patch_7301,1252.306528,1252.462574,461.176571286,461.176571
7292,3.646,3.64575,3.646249999,0.000000002,0.000000002,patch_7302,1252.462574,1252.618619,461.176571286,461.176571
7293,3.6465,3.646249999,3.646750001,0.000000002,0.000000002,patch_7303,1252.618619,1252.774665,461.176571286,461.176571
7294,3.647,3.646750001,3.647249999,0.000000002,0.000000002,patch_7304,1252.774665,1252.93071,461.176571286,461.176571
7295,3.6475,3.647249999,3.647750001,0.000000002,0.000000002,patch_7305,1252.93071,1253.086756,461.176571286,461.176571
7296,3.648,3.647750001,3.648249999,0.000000002,0.000000002,patch_7306,1253.086756,1253.242801,461.176571286,461.176571
7297,3.6485,3.648249999,3.648750001,0.000000002,0.000000002,patch_7307,1253.242801,1253.398847,461.176571286,461.176571
7298,3.649,3.648750001,3.64925,0.000000002,0.000000002,patch_7308,1253.398847,1253.554892,461.176571286,461.176571
7299,3.6495,3.64925,3.649750001,0.000000002,0.000000002,patch_7309,1253.554892,1253.710938,461.176571286,461.176571
7300,3.65,3.649750001,3.65025,0.000000002,0.000000002,patch_7310,1253.710938,1253.866983,461.176571286,461.176571
7301,3.6505,3.65025,3.650749999,0.000000002,0.000000002,patch_7311,1253.866983,1254.023028,461.176571286,461.176571
7302,3.651,3.650749999,3.65125,0.000000002,0.000000002,patch_7312,1254.023028,1254.179074,461.176571286,461.176571
7303,3.6515,3.65125,3.651749999,0.000000002,0.000000002,patch_7313,1254.179074,1254.335119,461.176571286,461.176571
7304,3.652,3.651749999,3.652250001,0.000000002,0.000000002,patch_7314,1254.335119,1254.491165,461.176571286,461.176571
7305,3.6525,3.652250001,3.652749999,0.000000002,0.000000002,patch_7315,1254.491165,1254.64721,461.176571286,461.176571
7306,3.653,3.652749999,3.653250001,0.000000002,0.000000002,patch_7316,1254.64721,1254.803256,461.176571286,461.176571
7307,3.6535,3.653250001,3.653749999,0.000000002,0.000000002,patch_7317,1254.803256,1254.959301,461.176571286,461.176571
7308,3.654,3.653749999,3.654250001,0.000000002,0.000000002,patch_7318,1254.959301,1255.115347,461.176571286,461.176571
7309,3.6545,3.654250001,3.65475,0.000000002,0.000000002,patch_7319,1255.115347,1255.271392,461.176571286,461.176571
7310,3.655,3.65475,3.655250001,0.000000002,0.000000002,patch_7320,1255.271392,1255.427438,461.176571286,461.176571
7311,3.6555,3.655250001,3.65575,0.000000002,0.000000002,patch_7321,1255.427438,1255.583483,461.176571286,461.176571
7312,3.656,3.65575,3.656249999,0.000000002,0.000000002,patch_7322,1255.583483,1255.739528,461.176571286,461.176571
7313,3.6565,3.656249999,3.65675,0.000000002,0.000000002,patch_7323,1255.739528,1255.895574,461.176571286,461.176571
7314,3.657,3.65675,3.657249999,0.000000002,0.000000002,patch_7324,1255.895574,1256.051619,461.176571286,461.176571
7315,3.6575,3.657249999,3.657750001,0.000000002,0.000000002,patch_7325,1256.051619,1256.207665,461.176571286,461.176571
7316,3.658,3.657750001,3.658249999,0.000000002,0.000000002,patch_7326,1256.207665,1256.36371,461.176571286,461.176571
7317,3.6585,3.658249999,3.658750001,0.000000002,0.000000002,patch_7327,1256.36371,1256.519756,461.176571286,461.176571
7318,3.659,3.658750001,3.659249999,0.000000002,0.000000002,patch_7328,1256.519756,1256.675801,461.176571286,461.176571
7319,3.6595,3.659249999,3.659750001,0.000000002,0.000000002,patch_7329,1256.675801,1256.831847,461.176571286,461.176571
7320,3.66,3.659750001,3.66025,0.000000002,0.000000002,patch_7330,1256.831847,1256.987892,461.176571286,461.176571
7321,3.6605,3.66025,3.660750001,0.000000002,0.000000002,patch_7331,1256.987892,1257.143938,461.176571286,461.176571
7322,3.661,3.660750001,3.66125,0.000000002,0.000000002,patch_7332,1257.143938,1257.299983,461.176571286,461.176571
7323,3.6615,3.66125,3.661749999,0.000000002,0.000000002,patch_7333,1257.299983,1257.456028,461.176571286,461.176571
7324,3.662,3.661749999,3.66225,0.000000002,0.000000002,patch_7334,1257.456028,1257.612074,461.176571286,461.176571
7325,3.6625,3.66225,3.662749999,0.000000002,0.000000002,patch_7335,1257.612074,1257.768119,461.176571286,461.176571
7326,3.663,3.662749999,3.663250001,0.000000002,0.000000002,patch_7336,1257.768119,1257.924165,461.176571286,461.176571
7327,3.6635,3.663250001,3.663749999,0.000000002,0.000000002,patch_7337,1257.924165,1258.08021,461.176571286,461.176571
7328,3.664,3.663749999,3.664250001,0.000000002,0.000000002,patch_7338,1258.08021,1258.236256,461.176571286,461.176571
7329,3.6645,3.664250001,3.664749999,0.000000002,0.000000002,patch_7339,1258.236256,1258.392301,461.176571286,461.176571
7330,3.665,3.664749999,3.665250001,0.000000002,0.000000002,patch_7340,1258.392301,1258.548347,461.176571286,461.176571
7331,3.6655,3.665250001,3.66575,0.000000002,0.000000002,patch_7341,1258.548347,1258.704392,461.176571286,461.176571
7332,3.666,3.66575,3.666250001,0.000000002,0.000000002,patch_7342,1258.704392,1258.860438,461.176571286,461.176571
7333,3.6665,3.666250001,3.66675,0.000000002,0.000000002,patch_7343,1258.860438,1259.016483,461.176571286,461.176571
7334,3.667,3.66675,3.667249999,0.000000002,0.000000002,patch_7344,1259.016483,1259.172528,461.176571286,461.176571
7335,3.6675,3.667249999,3.66775,0.000000002,0.000000002,patch_7345,1259.172528,1259.328574,461.176571286,461.176571
7336,3.668,3.66775,3.668249999,0.000000002,0.000000002,patch_7346,1259.328574,1259.484619,461.176571286,461.176571
7337,3.6685,3.668249999,3.668750001,0.000000002,0.000000002,patch_7347,1259.484619,1259.640665,461.176571286,461.176571
7338,3.669,3.668750001,3.669249999,0.000000002,0.000000002,patch_7348,1259.640665,1259.79671,461.176571286,461.176571
7339,3.6695,3.669249999,3.669750001,0.000000002,0.000000002,patch_7349,1259.79671,1259.952756,461.176571286,461.176571
7340,3.67,3.669750001,3.670249999,0.000000002,0.000000002,patch_7350,1259.952756,1260.108801,461.176571286,461.176571
7341,3.6705,3.670249999,3.670750001,0.000000002,0.000000002,patch_7351,1260.108801,1260.264847,461.176571286,461.176571
7342,3.671,3.670750001,3.67125,0.000000002,0.000000002,patch_7352,1260.264847,1260.420892,461.176571286,461.176571
7343,3.6715,3.67125,3.671750001,0.000000002,0.000000002,patch_7353,1260.420892,1260.576938,461.176571286,461.176571
7344,3.672,3.671750001,3.67225,0.000000002,0.000000002,patch_7354,1260.576938,1260.732983,461.176571286,461.176571
7345,3.6725,3.67225,3.672749999,0.000000002,0.000000002,patch_7355,1260.732983,1260.889028,461.176571286,461.176571
7346,3.673,3.672749999,3.67325,0.000000002,0.000000002,patch_7356,1260.889028,1261.045074,461.176571286,461.176571
7347,3.6735,3.67325,3.673749999,0.000000002,0.000000002,patch_7357,1261.045074,1261.201119,461.176571286,461.176571
7348,3.674,3.673749999,3.674250001,0.000000002,0.000000002,patch_7358,1261.201119,1261.357165,461.176571286,461.176571
7349,3.6745,3.674250001,3.674749999,0.000000002,0.000000002,patch_7359,1261.357165,1261.51321,461.176571286,461.176571
7350,3.675,3.674749999,3.675250001,0.000000002,0.000000002,patch_7360,1261.51321,1261.669256,461.176571286,461.176571
7351,3.6755,3.675250001,3.675749999,0.000000002,0.000000002,patch_7361,1261.669256,1261.825301,461.176571286,461.176571
7352,3.676,3.675749999,3.676250001,0.000000002,0.000000002,patch_7362,1261.825301,1261.981347,461.176571286,461.176571
7353,3.6765,3.676250001,3.67675,0.000000002,0.000000002,patch_7363,1261.981347,1262.137392,461.176571286,461.176571
7354,3.677,3.67675,3.677250001,0.000000002,0.000000002,patch_7364,1262.137392,1262.293438,461.176571286,461.176571
7355,3.6775,3.677250001,3.67775,0.000000002,0.000000002,patch_7365,1262.293438,1262.449483,461.176571286,461.176571
7356,3.678,3.67775,3.678249999,0.000000002,0.000000002,patch_7366,1262.449483,1262.605528,461.176571286,461.176571
7357,3.6785,3.678249999,3.67875,0.000000002,0.000000002,patch_7367,1262.605528,1262.761574,461.176571286,461.176571
7358,3.679,3.67875,3.679249999,0.000000002,0.000000002,patch_7368,1262.761574,1262.917619,461.176571286,461.176571
7359,3.6795,3.679249999,3.679750001,0.000000002,0.000000002,patch_7369,1262.917619,1263.073665,461.176571286,461.176571
7360,3.68,3.679750001,3.680249999,0.000000002,0.000000002,patch_7370,1263.073665,1263.22971,461.176571286,461.176571
7361,3.6805,3.680249999,3.680750001,0.000000002,0.000000002,patch_7371,1263.22971,1263.385756,461.176571286,461.176571
7362,3.681,3.680750001,3.681249999,0.000000002,0.000000002,patch_7372,1263.385756,1263.541801,461.176571286,461.176571
7363,3.6815,3.681249999,3.681750001,0.000000002,0.000000002,patch_7373,1263.541801,1263.697847,461.176571286,461.176571
7364,3.682,3.681750001,3.68225,0.000000002,0.000000002,patch_7374,1263.697847,1263.853892,461.176571286,461.176571
7365,3.6825,3.68225,3.682750001,0.000000002,0.000000002,patch_7375,1263.853892,1264.009938,461.176571286,461.176571
7366,3.683,3.682749998,3.68325,0.000000002,0.000000002,patch_7376,1264.009937,1264.165983,461.176571286,461.176571
7367,3.6835,3.68325,3.683749999,0.000000002,0.000000002,patch_7377,1264.165983,1264.322028,461.176571286,461.176571
7368,3.684,3.683749999,3.68425,0.000000002,0.000000002,patch_7378,1264.322028,1264.478074,461.176571286,461.176571
7369,3.6845,3.68425,3.684749999,0.000000002,0.000000002,patch_7379,1264.478074,1264.634119,461.176571286,461.176571
7370,3.685,3.684749999,3.685250001,0.000000002,0.000000002,patch_7380,1264.634119,1264.790165,461.176571286,461.176571
7371,3.6855,3.685250001,3.685749999,0.000000002,0.000000002,patch_7381,1264.790165,1264.94621,461.176571286,461.176571
7372,3.686,3.685749999,3.686250001,0.000000002,0.000000002,patch_7382,1264.94621,1265.102256,461.176571286,461.176571
7373,3.6865,3.686250001,3.686749999,0.000000002,0.000000002,patch_7383,1265.102256,1265.258301,461.176571286,461.176571
7374,3.687,3.686749999,3.687250001,0.000000002,0.000000002,patch_7384,1265.258301,1265.414347,461.176571286,461.176571
7375,3.6875,3.687250001,3.68775,0.000000002,0.000000002,patch_7385,1265.414347,1265.570392,461.176571286,461.176571
7376,3.688,3.68775,3.688250001,0.000000002,0.000000002,patch_7386,1265.570392,1265.726438,461.176571286,461.176571
7377,3.6885,3.688250001,3.68875,0.000000002,0.000000002,patch_7387,1265.726438,1265.882483,461.176571286,461.176571
7378,3.689,3.68875,3.689249999,0.000000002,0.000000002,patch_7388,1265.882483,1266.038528,461.176571286,461.176571
7379,3.6895,3.689249999,3.68975,0.000000002,0.000000002,patch_7389,1266.038528,1266.194574,461.176571286,461.176571
7380,3.69,3.68975,3.690249999,0.000000002,0.000000002,patch_7390,1266.194574,1266.350619,461.176571286,461.176571
7381,3.6905,3.690249999,3.690750001,0.000000002,0.000000002,patch_7391,1266.350619,1266.506665,461.176571286,461.176571
7382,3.691,3.690750001,3.691249999,0.000000002,0.000000002,patch_7392,1266.506665,1266.66271,461.176571286,461.176571
7383,3.6915,3.691249999,3.691750001,0.000000002,0.000000002,patch_7393,1266.66271,1266.818756,461.176571286,461.176571
7384,3.692,3.691750001,3.692249999,0.000000002,0.000000002,patch_7394,1266.818756,1266.974801,461.176571286,461.176571
7385,3.6925,3.692249999,3.692750001,0.000000002,0.000000002,patch_7395,1266.974801,1267.130847,461.176571286,461.176571
7386,3.693,3.692750001,3.69325,0.000000002,0.000000002,patch_7396,1267.130847,1267.286892,461.176571286,461.176571
7387,3.6935,3.69325,3.693750001,0.000000002,0.000000002,patch_7397,1267.286892,1267.442938,461.176571286,461.176571
7388,3.694,3.693750001,3.69425,0.000000002,0.000000002,patch_7398,1267.442938,1267.598983,461.176571286,461.176571
7389,3.6945,3.69425,3.694749999,0.000000002,0.000000002,patch_7399,1267.598983,1267.755028,461.176571286,461.176571
7390,3.695,3.694749999,3.69525,0.000000002,0.000000002,patch_7400,1267.755028,1267.911074,461.176571286,461.176571
7391,3.6955,3.69525,3.695749999,0.000000002,0.000000002,patch_7401,1267.911074,1268.067119,461.176571286,461.176571
7392,3.696,3.695749999,3.696250001,0.000000002,0.000000002,patch_7402,1268.067119,1268.223165,461.176571286,461.176571
7393,3.6965,3.696250001,3.696749999,0.000000002,0.000000002,patch_7403,1268.223165,1268.37921,461.176571286,461.176571
7394,3.697,3.696749999,3.697250001,0.000000002,0.000000002,patch_7404,1268.37921,1268.535256,461.176571286,461.176571
7395,3.6975,3.697250001,3.697749999,0.000000002,0.000000002,patch_7405,1268.535256,1268.691301,461.176571286,461.176571
7396,3.698,3.697749999,3.698250001,0.000000002,0.000000002,patch_7406,1268.691301,1268.847347,461.176571286,461.176571
7397,3.6985,3.698250001,3.69875,0.000000002,0.000000002,patch_7407,1268.847347,1269.003392,461.176571286,461.176571
7398,3.699,3.69875,3.699250001,0.000000002,0.000000002,patch_7408,1269.003392,1269.159438,461.176571286,461.176571
7399,3.6995,3.699250001,3.69975,0.000000002,0.000000002,patch_7409,1269.159438,1269.315483,461.176571286,461.176571
7400,3.7,3.69975,3.700249999,0.000000002,0.000000002,patch_7410,1269.315483,1269.471528,461.176571286,461.176571
7401,3.7005,3.700249999,3.70075,0.000000002,0.000000002,patch_7411,1269.471528,1269.627574,461.176571286,461.176571
7402,3.701,3.70075,3.701249999,0.000000002,0.000000002,patch_7412,1269.627574,1269.783619,461.176571286,461.176571
7403,3.7015,3.701249999,3.701750001,0.000000002,0.000000002,patch_7413,1269.783619,1269.939665,461.176571286,461.176571
7404,3.702,3.701750001,3.702249999,0.000000002,0.000000002,patch_7414,1269.939665,1270.09571,461.176571286,461.176571
7405,3.7025,3.702249999,3.702750001,0.000000002,0.000000002,patch_7415,1270.09571,1270.251756,461.176571286,461.176571
7406,3.703,3.702750001,3.703249999,0.000000002,0.000000002,patch_7416,1270.251756,1270.407801,461.176571286,461.176571
7407,3.7035,3.703249999,3.703750001,0.000000002,0.000000002,patch_7417,1270.407801,1270.563847,461.176571286,461.176571
7408,3.704,3.703750001,3.70425,0.000000002,0.000000002,patch_7418,1270.563847,1270.719892,461.176571286,461.176571
7409,3.7045,3.70425,3.704750001,0.000000002,0.000000002,patch_7419,1270.719892,1270.875938,461.176571286,461.176571
7410,3.705,3.704750001,3.70525,0.000000002,0.000000002,patch_7420,1270.875938,1271.031983,461.176571286,461.176571
7411,3.7055,3.70525,3.705749999,0.000000002,0.000000002,patch_7421,1271.031983,1271.188028,461.176571286,461.176571
7412,3.706,3.705749999,3.70625,0.000000002,0.000000002,patch_7422,1271.188028,1271.344074,461.176571286,461.176571
7413,3.7065,3.70625,3.706749999,0.000000002,0.000000002,patch_7423,1271.344074,1271.500119,461.176571286,461.176571
7414,3.707,3.706749999,3.707250001,0.000000002,0.000000002,patch_7424,1271.500119,1271.656165,461.176571286,461.176571
7415,3.7075,3.707250001,3.707749999,0.000000002,0.000000002,patch_7425,1271.656165,1271.81221,461.176571286,461.176571
7416,3.708,3.707749999,3.708250001,0.000000002,0.000000002,patch_7426,1271.81221,1271.968256,461.176571286,461.176571
7417,3.7085,3.708250001,3.708749999,0.000000002,0.000000002,patch_7427,1271.968256,1272.124301,461.176571286,461.176571
7418,3.709,3.708749999,3.709250001,0.000000002,0.000000002,patch_7428,1272.124301,1272.280347,461.176571286,461.176571
7419,3.7095,3.709250001,3.70975,0.000000002,0.000000002,patch_7429,1272.280347,1272.436392,461.176571286,461.176571
7420,3.71,3.70975,3.710250001,0.000000002,0.000000002,patch_7430,1272.436392,1272.592438,461.176571286,461.176571
7421,3.7105,3.710250001,3.71075,0.000000002,0.000000002,patch_7431,1272.592438,1272.748483,461.176571286,461.176571
7422,3.711,3.71075,3.711249999,0.000000002,0.000000002,patch_7432,1272.748483,1272.904528,461.176571286,461.176571
7423,3.7115,3.711249999,3.71175,0.000000002,0.000000002,patch_7433,1272.904528,1273.060574,461.176571286,461.176571
7424,3.712,3.71175,3.712249999,-0.000000004,-0.000000005,patch_7434,1273.060574,1273.216619,461.176571286,461.176572
7425,3.7125,3.712249999,3.712750001,-0.000000004,-0.000000005,patch_7435,1273.216619,1273.372665,461.176571286,461.176572
7426,3.713,3.712750001,3.713249999,-0.000000004,-0.000000005,patch_7436,1273.372665,1273.52871,461.176571286,461.176572
7427,3.7135,3.713249999,3.713750001,-0.000000004,-0.000000005,patch_7437,1273.52871,1273.684756,461.176571286,461.176572
7428,3.714,3.713750001,3.714249999,-0.000000004,-0.000000005,patch_7438,1273.684756,1273.840801,461.176571286,461.176572
7429,3.7145,3.714249999,3.714750001,-0.000000004,-0.000000005,patch_7439,1273.840801,1273.996847,461.176571286,461.176572
7430,3.715,3.714750001,3.71525,0.000000002,0.000000002,patch_7440,1273.996847,1274.152892,461.176571286,461.176571
7431,3.7155,3.71525,3.715750001,0.000000002,0.000000002,patch_7441,1274.152892,1274.308938,461.176571286,461.176571
7432,3.716,3.715750001,3.71625,0.000000008,0.000000009,patch_7442,1274.308938,1274.464983,461.176571286,461.17657
7433,3.7165,3.71625,3.716749999,0.000000008,0.000000009,patch_7443,1274.464983,1274.621028,461.176571286,461.17657
7434,3.717,3.716749999,3.71725,0.000000008,0.000000009,patch_7444,1274.621028,1274.777074,461.176571286,461.17657
7435,3.7175,3.71725,3.717749999,0.000000014,0.000000016,patch_7445,1274.777074,1274.933119,461.176571286,461.176569
7436,3.718,3.717749999,3.718250001,0.000000008,0.000000009,patch_7446,1274.933119,1275.089165,461.176571286,461.17657
7437,3.7185,3.718250001,3.718749999,0.000000008,0.000000009,patch_7447,1275.089165,1275.24521,461.176571286,461.17657
7438,3.719,3.718749999,3.719250001,0.000000002,0.000000002,patch_7448,1275.24521,1275.401256,461.176571286,461.176571
7439,3.7195,3.719250001,3.719749999,-0.000000011,-0.000000012,patch_7449,1275.401256,1275.557301,461.176571286,461.176573
7440,3.72,3.719749999,3.720250001,-0.000000023,-0.000000026,patch_7450,1275.557301,1275.713347,461.176571286,461.176575
7441,3.7205,3.720250001,3.72075,-0.000000036,-0.000000039,patch_7451,1275.713347,1275.869392,461.176571286,461.176577
7442,3.721,3.72075,3.721250001,-0.000000042,-0.000000046,patch_7452,1275.869392,1276.025438,461.176571286,461.176578
7443,3.7215,3.721250001,3.72175,-0.000000042,-0.000000046,patch_7453,1276.025438,1276.181483,461.176571286,461.176578
7444,3.722,3.72175,3.722249999,-0.000000036,-0.000000039,patch_7454,1276.181483,1276.337528,461.176571286,461.176577
7445,3.7225,3.722249999,3.72275,-0.000000023,-0.000000026,patch_7455,1276.337528,1276.493574,461.176571286,461.176575
7446,3.723,3.72275,3.723249999,0.000000002,0.000000002,patch_7456,1276.493574,1276.649619,461.176571286,461.176571
7447,3.7235,3.723249999,3.723750001,0.00000004,0.000000043,patch_7457,1276.649619,1276.805665,461.176571286,461.176565
7448,3.724,3.723750001,3.724249999,0.000000084,0.000000092,patch_7458,1276.805665,1276.96171,461.176571286,461.176558
7449,3.7245,3.724249999,3.724750001,0.000000121,0.000000133,patch_7459,1276.96171,1277.117756,461.176571286,461.176552
7450,3.725,3.724750001,3.725249999,0.000000153,0.000000167,patch_7460,1277.117756,1277.273801,461.176571286,461.176547
7451,3.7255,3.725249999,3.725750001,0.000000165,0.000000181,patch_7461,1277.273801,1277.429847,461.176571286,461.176545
7452,3.726,3.725750001,3.72625,0.000000147,0.000000161,patch_7462,1277.429847,1277.585892,461.176571286,461.176548
7453,3.7265,3.72625,3.726750001,0.000000096,0.000000105,patch_7463,1277.585892,1277.741938,461.176571286,461.176556
7454,3.727,3.726750001,3.72725,-0.000000004,-0.000000005,patch_7464,1277.741938,1277.897983,461.176571286,461.176572
7455,3.7275,3.72725,3.727749999,-0.000000143,-0.000000157,patch_7465,1277.897983,1278.054028,461.176571286,461.176594
7456,3.728,3.727749999,3.72825,-0.000000307,-0.000000336,patch_7466,1278.054028,1278.210074,461.176571286,461.17662
7457,3.7285,3.72825,3.728749999,-0.000000458,-0.000000501,patch_7467,1278.210074,1278.366119,461.176571286,461.176644
7458,3.729,3.728749999,3.729250001,-0.000000571,-0.000000625,patch_7468,1278.366119,1278.522165,461.176571286,461.176662
7459,3.7295,3.729250001,3.729749999,-0.000000609,-0.000000667,patch_7469,1278.522165,1278.67821,461.176571286,461.176668
7460,3.73,3.729749999,3.730250001,-0.000000546,-0.000000598,patch_7470,1278.67821,1278.834256,461.176571286,461.176658
7461,3.7305,3.730250001,3.730749999,-0.000000351,-0.000000384,patch_7471,1278.834256,1278.990301,461.176571286,461.176627
7462,3.731,3.730749999,3.731250001,0.000000002,0.000000002,patch_7472,1278.990301,1279.146347,461.176571286,461.176571
7463,3.7315,3.731250001,3.73175,0.000000531,0.000000581,patch_7473,1279.146347,1279.302392,461.176571286,461.176487
7464,3.732,3.73175,3.732250001,0.000001129,0.000001236,patch_7474,1279.302392,1279.458438,461.176571286,461.176392
7465,3.7325,3.732250001,3.73275,0.000001702,0.000001863,patch_7475,1279.458438,1279.614483,461.176571286,461.176301
7466,3.733,3.73275,3.733249999,0.000002117,0.000002318,patch_7476,1279.614483,1279.770528,461.176571286,461.176235
7467,3.7335,3.733249999,3.73375,0.000002274,0.000002491,patch_7477,1279.770528,1279.926574,461.176571286,461.17621
7468,3.734,3.73375,3.734249999,0.000002048,0.000002242,patch_7478,1279.926574,1280.082619,461.176571286,461.176246
7469,3.7345,3.734249999,3.734750001,0.000001336,0.000001463,patch_7479,1280.082619,1280.238665,461.176571286,461.176359
7470,3.735,3.734750001,3.735249999,0.000000014,0.000000016,patch_7480,1280.238665,1280.39471,461.176571286,461.176569
7471,3.7355,3.735249999,3.735750001,-0.000001937,-0.000002121,patch_7481,1280.39471,1280.550756,461.176571286,461.176879
7472,3.736,3.735750001,3.736249999,-0.000004191,-0.000004589,patch_7482,1280.550756,1280.706801,461.176571286,461.177237
7473,3.7365,3.736249999,3.736750001,-0.000006313,-0.000006913,patch_7483,1280.706801,1280.862847,461.176571286,461.177574
7474,3.737,3.736750001,3.73725,-0.000007887,-0.000008636,patch_7484,1280.862847,1281.018892,461.176571286,461.177824
7475,3.7375,3.73725,3.737750001,-0.000008478,-0.000009284,patch_7485,1281.018892,1281.174938,461.176571286,461.177918
7476,3.738,3.737750001,3.73825,-0.000007672,-0.000008402,patch_7486,1281.174938,1281.330983,461.176571286,461.17779
7477,3.7385,3.73825,3.738749999,-0.000005035,-0.000005513,patch_7487,1281.330983,1281.487028,461.176571286,461.177371
7478,3.739,3.738749999,3.73925,-0.000000143,-0.000000157,patch_7488,1281.487028,1281.643074,461.176571286,461.176594
7479,3.7395,3.73925,3.739749999,0.000007116,0.000007792,patch_7489,1281.643074,1281.799119,461.176571286,461.175441
7480,3.74,3.739749999,3.740250001,0.000015508,0.000016982,patch_7490,1281.799119,1281.955165,461.176571286,461.174108
7481,3.7405,3.740250001,3.740749999,0.000023453,0.000025682,patch_7491,1281.955165,1282.11121,461.176571286,461.172846
7482,3.741,3.740749999,3.741250001,0.000029364,0.000032155,patch_7492,1282.11121,1282.267256,461.176571286,461.171907
7483,3.7415,3.741250001,3.741749999,0.000031649,0.000034658,patch_7493,1282.267256,1282.423301,461.176571286,461.171544
7484,3.742,3.741749999,3.742250001,0.000028716,0.000031445,patch_7494,1282.423301,1282.579347,461.176571286,461.17201
7485,3.7425,3.742250001,3.74275,0.000018989,0.000020794,patch_7495,1282.579347,1282.735392,461.176571286,461.173555
7486,3.743,3.74275,3.743250001,0.000000877,0.00000096,patch_7496,1282.735392,1282.891438,461.176571286,461.176432
7487,3.7435,3.743250001,3.74375,-0.0000261,-0.00002858,patch_7497,1282.891438,1283.047483,461.176571286,461.180717
7488,3.744,3.74375,3.744249999,-0.000057407,-0.000062863,patch_7498,1283.047483,1283.203528,461.176571286,461.18569
7489,3.7445,3.744249999,3.74475,-0.000087128,-0.00009541,patch_7499,1283.203528,1283.359574,461.176571286,461.190411
7490,3.745,3.74475,3.745249999,-0.000109339,-0.000119731,patch_7500,1283.359574,1283.515619,461.176571286,461.193939
7491,3.7455,3.745249999,3.745750001,-0.000118109,-0.000129334,patch_7501,1283.515619,1283.671665,461.176571286,461.195332
7492,3.746,3.745750001,3.746249999,-0.00010752,-0.000117739,patch_7502,1283.671665,1283.82771,461.176571286,461.19365
7493,3.7465,3.746249999,3.746750001,-0.000071641,-0.000078451,patch_7503,1283.82771,1283.983756,461.176571286,461.187951
7494,3.747,3.746750001,3.747249999,-0.00000455,-0.000004982,patch_7504,1283.983756,1284.139801,461.176571286,461.177294
7495,3.7475,3.747249999,3.747750001,0.000095707,0.000104803,patch_7505,1284.139801,1284.295847,461.176571286,461.161369
7496,3.748,3.747750001,3.74825,0.000212482,0.000232678,patch_7506,1284.295847,1284.451892,461.176571286,461.14282
7497,3.7485,3.74825,3.748750001,0.000323655,0.000354417,patch_7507,1284.451892,1284.607938,461.176571286,461.125161
7498,3.749,3.748750001,3.74925,0.000407122,0.000445816,patch_7508,1284.607938,1284.763983,461.176571286,461.111903
7499,3.7495,3.74925,3.749749999,0.000440771,0.000482664,patch_7509,1284.763983,1284.920028,461.176571286,461.106558
7500,3.75,3.749749999,3.75025,0.000402494,0.000440749,patch_7510,1284.920028,1285.076074,461.176571286,461.112638
7501,3.7505,3.75025,3.750749999,0.000270175,0.000295853,patch_7511,1285.076074,1285.232119,461.176571286,461.133656
7502,3.751,3.750749999,3.751250001,0.000021709,0.000023772,patch_7512,1285.232119,1285.388165,461.176571286,461.173123
7503,3.7515,3.751250001,3.751749999,-0.000350905,-0.000384257,patch_7513,1285.388165,1285.54421,461.176571286,461.23231
7504,3.752,3.751749999,3.752250001,-0.000786386,-0.000861128,patch_7514,1285.54421,1285.700256,461.176571286,461.301483
7505,3.7525,3.752250001,3.752749999,-0.001202226,-0.001316491,patch_7515,1285.700256,1285.856301,461.176571286,461.367536
7506,3.753,3.752749999,3.753250001,-0.001515894,-0.001659972,patch_7516,1285.856301,1286.012347,461.176571286,461.41736
7507,3.7535,3.753250001,3.75375,-0.001644884,-0.001801221,patch_7517,1286.012347,1286.168392,461.176571286,461.437849
7508,3.754,3.75375,3.754250001,-0.001506671,-0.001649872,patch_7518,1286.168392,1286.324438,461.176571286,461.415895
7509,3.7545,3.754250001,3.75475,-0.001018742,-0.001115568,patch_7519,1286.324438,1286.480483,461.176571286,461.338391
7510,3.755,3.75475,3.755249999,-0.000098574,-0.000107943,patch_7520,1286.480483,1286.636528,461.176571286,461.192229
7511,3.7555,3.755249999,3.75575,0.001314013,0.001438903,patch_7521,1286.636528,1286.792574,461.176571286,460.96785
7512,3.756,3.75575,3.756249999,0.003164466,0.003465232,patch_7522,1286.792574,1286.948619,461.176571286,460.673919
7513,3.7565,3.756249999,3.756750001,0.005361477,0.005871056,patch_7523,1286.948619,1287.104665,461.176571286,460.32494
7514,3.757,3.756750001,3.757249999,0.007813702,0.008556352,patch_7524,1287.104665,1287.26071,461.176571286,459.935422
7515,3.7575,3.757249999,3.757750001,0.010429825,0.011421124,patch_7525,1287.26071,1287.416756,461.176571286,459.51987
7516,3.758,3.757750001,3.758249999,0.013118505,0.014365348,patch_7526,1287.416756,1287.572801,461.176571286,459.092793
7517,3.7585,3.758249999,3.758750001,0.015788417,0.017289021,patch_7527,1287.572801,1287.728847,461.176571286,458.668697
7518,3.759,3.758750001,3.75925,0.018348233,0.020092133,patch_7528,1287.728847,1287.884892,461.176571286,458.262089
7519,3.7595,3.75925,3.759750001,0.020707756,0.022675917,patch_7529,1287.884892,1288.040938,461.176571286,457.887296
7520,3.76,3.759750001,3.76025,0.022782992,0.024948393,patch_7530,1288.040938,1288.196983,461.176571286,457.55766
7521,3.7605,3.76025,3.760749999,0.024491985,0.026819816,patch_7531,1288.196983,1288.353028,461.176571286,457.286199
7522,3.761,3.760749999,3.76125,0.025752792,0.028200456,patch_7532,1288.353028,1288.509074,461.176571286,457.085929
7523,3.7615,3.76125,3.761749999,0.026483471,0.029000583,patch_7533,1288.509074,1288.665119,461.176571286,456.969866
7524,3.762,3.761749999,3.762250001,0.026602067,0.02913045,patch_7534,1288.665119,1288.821165,461.176571286,456.951028
7525,3.7625,3.762250001,3.762749999,0.026026642,0.028500334,patch_7535,1288.821165,1288.97721,461.176571286,457.04243
7526,3.763,3.762749999,3.763250001,0.024675254,0.027020504,patch_7536,1288.97721,1289.133256,461.176571286,457.257088
7527,3.7635,3.763250001,3.763749999,0.022500297,0.024638829,patch_7537,1289.133256,1289.289301,461.176571286,457.602564
7528,3.764,3.763749999,3.764250001,0.019647607,0.021515006,patch_7538,1289.289301,1289.445347,461.176571286,458.055693
7529,3.7645,3.764250001,3.76475,0.016330689,0.017882833,patch_7539,1289.445347,1289.601392,461.176571286,458.582561
7530,3.765,3.76475,3.765250001,0.012763109,0.013976174,patch_7540,1289.601392,1289.757438,461.176571286,459.149245
7531,3.7655,3.765250001,3.76575,0.009158441,0.010028902,patch_7541,1289.757438,1289.913483,461.176571286,459.72182
7532,3.766,3.76575,3.766249999,0.005730251,0.00627488,patch_7542,1289.913483,1290.069528,461.176571286,460.266363
7533,3.7665,3.766249999,3.76675,0.002692118,0.00294799,patch_7543,1290.069528,1290.225574,461.176571286,460.748948
7534,3.767,3.76675,3.767249999,0.000257603,0.000282086,patch_7544,1290.225574,1290.381619,461.176571286,461.135653
7535,3.7675,3.767249999,3.767750001,-0.001398036,-0.001530911,patch_7545,1290.381619,1290.537665,461.176571286,461.398639
7536,3.768,3.767750001,3.768249999,-0.002325626,-0.002546665,patch_7546,1290.537665,1290.69371,461.176571286,461.54598
7537,3.7685,3.768249999,3.768750001,-0.002658579,-0.002911262,patch_7547,1290.69371,1290.849756,461.176571286,461.598867
7538,3.769,3.768750001,3.769249999,-0.00253042,-0.002770923,patch_7548,1290.849756,1291.005801,461.176571286,461.57851
7539,3.7695,3.769249999,3.769750001,-0.002074705,-0.002271895,patch_7549,1291.005801,1291.161847,461.176571286,461.506123
7540,3.77,3.769750001,3.77025,-0.001424949,-0.001560383,patch_7550,1291.161847,1291.317892,461.176571286,461.402914
7541,3.7705,3.77025,3.770750001,-0.000714705,-0.000782634,patch_7551,1291.317892,1291.473938,461.176571286,461.290097
7542,3.771,3.770750001,3.77125,-0.000077503,-0.000084869,patch_7552,1291.473938,1291.629983,461.176571286,461.188882
7543,3.7715,3.77125,3.771749999,0.000370828,0.000406073,patch_7553,1291.629983,1291.786028,461.176571286,461.117668
7544,3.772,3.771749999,3.77225,0.000623877,0.000683173,patch_7554,1291.786028,1291.942074,461.176571286,461.077473
7545,3.7725,3.77225,3.772749999,0.000717007,0.000785155,patch_7555,1291.942074,1292.098119,461.176571286,461.06268
7546,3.773,3.772749999,3.773250001,0.000685636,0.000750802,patch_7556,1292.098119,1292.254165,461.176571286,461.067663
7547,3.7735,3.773250001,3.773749999,0.000565196,0.000618915,patch_7557,1292.254165,1292.41021,461.176571286,461.086794
7548,3.774,3.773749999,3.774250001,0.000391125,0.000428299,patch_7558,1292.41021,1292.566256,461.176571286,461.114444
7549,3.7745,3.774250001,3.774749999,0.000198846,0.000217746,patch_7559,1292.566256,1292.722301,461.176571286,461.144986
7550,3.775,3.774749999,3.775250001,0.000023799,0.000026061,patch_7560,1292.722301,1292.878347,461.176571286,461.172791
7551,3.7755,3.775250001,3.77575,-0.00010293,-0.000112713,patch_7561,1292.878347,1293.034392,461.176571286,461.192921
7552,3.776,3.77575,3.776250001,-0.000178313,-0.000195261,patch_7562,1293.034392,1293.190438,461.176571286,461.204895
7553,3.7765,3.776250001,3.77675,-0.000210508,-0.000230516,patch_7563,1293.190438,1293.346483,461.176571286,461.210009
7554,3.777,3.77675,3.777249999,-0.000207701,-0.000227441,patch_7564,1293.346483,1293.502528,461.176571286,461.209563
7555,3.7775,3.777249999,3.77775,-0.00017808,-0.000195006,patch_7565,1293.502528,1293.658574,461.176571286,461.204858
7556,3.778,3.77775,3.778249999,-0.000129831,-0.000142171,patch_7566,1293.658574,1293.814619,461.176571286,461.197194
7557,3.7785,3.778249999,3.778750001,-0.000071138,-0.000077899,patch_7567,1293.814619,1293.970665,461.176571286,461.187871
7558,3.779,3.778750001,3.779249999,-0.000010191,-0.000011159,patch_7568,1293.970665,1294.12671,461.176571286,461.17819
7559,3.7795,3.779249999,3.779750001,0.000045342,0.000049652,patch_7569,1294.12671,1294.282756,461.176571286,461.169369
7560,3.78,3.779750001,3.780249999,0.000091306,0.000099984,patch_7570,1294.282756,1294.438801,461.176571286,461.162068
7561,3.7805,3.780249999,3.780750001,0.000125019,0.000136901,patch_7571,1294.438801,1294.594847,461.176571286,461.156713
7562,3.781,3.780750001,3.78125,0.000143798,0.000157465,patch_7572,1294.594847,1294.750892,461.176571286,461.15373
7563,3.7815,3.78125,3.781750001,0.00014495,0.000158727,patch_7573,1294.750892,1294.906938,461.176571286,461.153547
7564,3.782,3.781750001,3.78225,0.000125806,0.000137763,patch_7574,1294.906938,1295.062983,461.176571286,461.156588
7565,3.7825,3.78225,3.782749999,0.000083669,0.000091622,patch_7575,1295.062983,1295.219028,461.176571286,461.163281
7566,3.783,3.782749999,3.78325,0.000015867,0.000017375,patch_7576,1295.219028,1295.375074,461.176571286,461.174051
7567,3.7835,3.78325,3.783749999,-0.000078371,-0.00008582,patch_7577,1295.375074,1295.531119,461.176571286,461.18902
7568,3.784,3.783749999,3.784250001,-0.000186082,-0.000203768,patch_7578,1295.531119,1295.687165,461.176571286,461.206129
7569,3.7845,3.784250001,3.784749999,-0.000288378,-0.000315787,patch_7579,1295.687165,1295.84321,461.176571286,461.222378
7570,3.785,3.784749999,3.785250001,-0.000366336,-0.000401154,patch_7580,1295.84321,1295.999256,461.176571286,461.234761
7571,3.7855,3.785250001,3.785749999,-0.00040103,-0.000439146,patch_7581,1295.999256,1296.155301,461.176571286,461.240272
7572,3.786,3.785749999,3.786250001,-0.00037355,-0.000409054,patch_7582,1296.155301,1296.311347,461.176571286,461.235907
7573,3.7865,3.786250001,3.78675,-0.000264971,-0.000290155,patch_7583,1296.311347,1296.467392,461.176571286,461.21866
7574,3.787,3.78675,3.787250001,-0.000056375,-0.000061733,patch_7584,1296.467392,1296.623438,461.176571286,461.185526
7575,3.7875,3.787250001,3.78775,0.000266246,0.000291552,patch_7585,1296.623438,1296.779483,461.176571286,461.13428
7576,3.788,3.78775,3.788249999,0.00068009,0.000744729,patch_7586,1296.779483,1296.935528,461.176571286,461.068544
7577,3.7885,3.788249999,3.78875,0.001145739,0.001254636,patch_7587,1296.935528,1297.091574,461.176571286,460.994579
7578,3.789,3.78875,3.789249999,0.001623665,0.001777986,patch_7588,1297.091574,1297.247619,461.176571286,460.918664
7579,3.7895,3.789249999,3.789750001,0.002074356,0.002271513,patch_7589,1297.247619,1297.403665,461.176571286,460.847075
7580,3.79,3.789750001,3.790249999,0.002458302,0.002691951,patch_7590,1297.403665,1297.55971,461.176571286,460.786088
7581,3.7905,3.790249999,3.790750001,0.002735986,0.002996026,patch_7591,1297.55971,1297.715756,461.176571286,460.74198
7582,3.791,3.790750001,3.791249999,0.00286789,0.003140467,patch_7592,1297.715756,1297.871801,461.176571286,460.721028
7583,3.7915,3.791249999,3.791750001,0.002820717,0.003088811,patch_7593,1297.871801,1298.027847,461.176571286,460.728521
7584,3.792,3.791750001,3.79225,0.002609999,0.002858066,patch_7594,1298.027847,1298.183892,461.176571286,460.761992
7585,3.7925,3.79225,3.792750001,0.002274284,0.002490442,patch_7595,1298.183892,1298.339938,461.176571286,460.815318
7586,3.793,3.792750001,3.79325,0.001852256,0.002028303,patch_7596,1298.339938,1298.495983,461.176571286,460.882354
7587,3.7935,3.79325,3.793749999,0.001382609,0.001514018,patch_7597,1298.495983,1298.652028,461.176571286,460.956954
7588,3.794,3.793749999,3.79425,0.000904022,0.000989945,patch_7598,1298.652028,1298.808074,461.176571286,461.032974
7589,3.7945,3.79425,3.794749999,0.000455194,0.000498458,patch_7599,1298.808074,1298.964119,461.176571286,461.104267
7590,3.795,3.794749999,3.795250001,0.000074805,0.000081915,patch_7600,1298.964119,1299.120165,461.176571286,461.164689
7591,3.7955,3.795250001,3.795749999,-0.000202463,-0.000221706,patch_7601,1299.120165,1299.27621,461.176571286,461.208731
7592,3.796,3.795749999,3.796250001,-0.000375023,-0.000410667,patch_7602,1299.27621,1299.432256,461.176571286,461.236141
7593,3.7965,3.796250001,3.796749999,-0.000457533,-0.000501019,patch_7603,1299.432256,1299.588301,461.176571286,461.249247
7594,3.797,3.796749999,3.797250001,-0.000464798,-0.000508974,patch_7604,1299.588301,1299.744347,461.176571286,461.250401
7595,3.7975,3.797250001,3.79775,-0.000411588,-0.000450707,patch_7605,1299.744347,1299.900392,461.176571286,461.241949
7596,3.798,3.79775,3.798250001,-0.000312698,-0.000342418,patch_7606,1299.900392,1300.056438,461.176571286,461.226241
7597,3.7985,3.798250001,3.79875,-0.000182921,-0.000200307,patch_7607,1300.056438,1300.212483,461.176571286,461.205627
7598,3.799,3.79875,3.799249999,-0.000037035,-0.000040555,patch_7608,1300.212483,1300.368528,461.176571286,461.182454
7599,3.7995,3.799249999,3.79975,0.0001103,0.000120783,patch_7609,1300.368528,1300.524574,461.176571286,461.159051
7600,3.8,3.79975,3.800249999,0.00024549,0.000268822,patch_7610,1300.524574,1300.680619,461.176571286,461.137577
7601,3.8005,3.800249999,3.800750001,0.000355517,0.000389307,patch_7611,1300.680619,1300.836665,461.176571286,461.1201
7602,3.801,3.800750001,3.801249999,0.000427355,0.000467973,patch_7612,1300.836665,1300.99271,461.176571286,461.108689
7603,3.8015,3.801249999,3.801750001,0.000447973,0.000490551,patch_7613,1300.99271,1301.148756,461.176571286,461.105414
7604,3.802,3.801750001,3.802249999,0.000404358,0.00044279,patch_7614,1301.148756,1301.304801,461.176571286,461.112342
7605,3.8025,3.802249999,3.802750001,0.000283477,0.00031042,patch_7615,1301.304801,1301.460847,461.176571286,461.131543
7606,3.803,3.802750001,3.80325,0.000072312,0.000079185,patch_7616,1301.460847,1301.616892,461.176571286,461.165085
7607,3.8035,3.80325,3.803750001,-0.000220588,-0.000241553,patch_7617,1301.616892,1301.772938,461.176571286,461.21161
7608,3.804,3.803750001,3.80425,-0.000390252,-0.000427344,patch_7618,1301.772938,1301.928983,461.176571286,461.23856
7609,3.8045,3.80425,3.804749999,-0.000126715,-0.000138758,patch_7619,1301.928983,1302.085028,461.176571286,461.196699
7610,3.805,3.804749999,3.80525,0.000880955,0.000964685,patch_7620,1302.085028,1302.241074,461.176571286,461.036638
7611,3.8055,3.80525,3.805749999,0.002943701,0.003223484,patch_7621,1302.241074,1302.397119,461.176571286,460.708986
7612,3.806,3.805749999,3.806250001,0.006372465,0.006978133,patch_7622,1302.397119,1302.553165,461.176571286,460.164352
7613,3.8065,3.806250001,3.806749999,0.011478171,0.012569109,patch_7623,1302.553165,1302.70921,461.176571286,459.353348
7614,3.807,3.806749999,3.807250001,0.018571775,0.020336922,patch_7624,1302.70921,1302.865256,461.176571286,458.226581
7615,3.8075,3.807250001,3.807749999,0.027901038,0.030552881,patch_7625,1302.865256,1303.021301,461.176571286,456.744696
7616,3.808,3.807749999,3.808250001,0.039108196,0.042825219,patch_7626,1303.021301,1303.177347,461.176571286,454.964521
7617,3.8085,3.808250001,3.80875,0.051498406,0.056393052,patch_7627,1303.177347,1303.333392,461.176571286,452.996427
7618,3.809,3.80875,3.809250001,0.064373196,0.070491521,patch_7628,1303.333392,1303.489438,461.176571286,450.951361
7619,3.8095,3.809250001,3.80975,0.077034089,0.084355763,patch_7629,1303.489438,1303.645483,461.176571286,448.940271
7620,3.81,3.80975,3.810249999,0.088782594,0.097220901,patch_7630,1303.645483,1303.801528,461.176571286,447.074107
7621,3.8105,3.810249999,3.81075,0.098920255,0.108322091,patch_7631,1303.801528,1303.957574,461.176571286,445.463814
7622,3.811,3.81075,3.811249999,0.106748567,0.116894442,patch_7632,1303.957574,1304.113619,461.176571286,444.220344
7623,3.8115,3.811249999,3.811750001,0.111651525,0.1222634,patch_7633,1304.113619,1304.269665,461.176571286,443.441545
7624,3.812,3.811750001,3.812249999,0.113845438,0.124665833,patch_7634,1304.269665,1304.42571,461.176571286,443.093058
7625,3.8125,3.812249999,3.812750001,0.114029224,0.124867087,patch_7635,1304.42571,1304.581756,461.176571286,443.063865
7626,3.813,3.812750001,3.813249999,0.11290773,0.123639001,patch_7636,1304.581756,1304.737801,461.176571286,443.242006
7627,3.8135,3.813249999,3.813750001,0.111185806,0.121753418,patch_7637,1304.737801,1304.893847,461.176571286,443.515521
7628,3.814,3.813750001,3.81425,0.109568269,0.119982142,patch_7638,1304.893847,1305.049892,461.176571286,443.772455
7629,3.8145,3.81425,3.814750001,0.108759997,0.119097049,patch_7639,1305.049892,1305.205938,461.176571286,443.900843
7630,3.815,3.814750001,3.81525,0.109465822,0.119869958,patch_7640,1305.205938,1305.361983,461.176571286,443.788728
7631,3.8155,3.81525,3.815749999,0.112320986,0.12299649,patch_7641,1305.361983,1305.518028,461.176571286,443.335206
7632,3.816,3.815749999,3.81625,0.117220306,0.128361464,patch_7642,1305.518028,1305.674074,461.176571286,442.556985
7633,3.8165,3.81625,3.816749999,0.12361146,0.135360063,patch_7643,1305.674074,1305.830119,461.176571286,441.541797
7634,3.817,3.816749999,3.817250001,0.130935985,0.143380744,patch_7644,1305.830119,1305.986165,461.176571286,440.37835
7635,3.8175,3.817250001,3.817749999,0.138635383,0.151811928,patch_7645,1305.986165,1306.14221,461.176571286,439.155357
7636,3.818,3.817749999,3.818250001,0.146151153,0.160042032,patch_7646,1306.14221,1306.298256,461.176571286,437.961532
7637,3.8185,3.818250001,3.818749999,0.152924805,0.167459483,patch_7647,1306.298256,1306.454301,461.176571286,436.885587
7638,3.819,3.818749999,3.819250001,0.158397881,0.173452746,patch_7648,1306.454301,1306.610347,461.176571286,436.016229
7639,3.8195,3.819250001,3.81975,0.16206014,0.177463083,patch_7649,1306.610347,1306.766392,461.176571286,435.434506
7640,3.82,3.81975,3.820250001,0.163943186,0.179525102,patch_7650,1306.766392,1306.922438,461.176571286,435.135398
7641,3.8205,3.820250001,3.82075,0.164419305,0.180046473,patch_7651,1306.922438,1307.078483,461.176571286,435.05977
7642,3.821,3.82075,3.821249999,0.163866015,0.179440596,patch_7652,1307.078483,1307.234528,461.176571286,435.147656
7643,3.8215,3.821249999,3.82175,0.162660854,0.178120891,patch_7653,1307.234528,1307.390574,461.176571286,435.339087
7644,3.822,3.82175,3.822249999,0.161181378,0.176500798,patch_7654,1307.390574,1307.546619,461.176571286,435.574091
7645,3.8225,3.822249999,3.822750001,0.159805073,0.174993683,patch_7655,1307.546619,1307.702665,461.176571286,435.792707
7646,3.823,3.822750001,3.823249999,0.158909526,0.174013019,patch_7656,1307.702665,1307.85871,461.176571286,435.934958
7647,3.8235,3.823249999,3.823750001,0.158850493,0.173948375,patch_7657,1307.85871,1308.014756,461.176571286,435.944335
7648,3.824,3.823750001,3.824249999,0.159725384,0.17490642,patch_7658,1308.014756,1308.170801,461.176571286,435.805365
7649,3.8245,3.824249999,3.824750001,0.161462587,0.176808735,patch_7659,1308.170801,1308.326847,461.176571286,435.529423
7650,3.825,3.824750001,3.82525,0.163987607,0.179573745,patch_7660,1308.326847,1308.482892,461.176571286,435.128342
7651,3.8255,3.82525,3.825750001,0.167225925,0.183119847,patch_7661,1308.482892,1308.638938,461.176571286,434.613959
7652,3.826,3.825750001,3.82625,0.171102969,0.187365383,patch_7662,1308.638938,1308.794983,461.176571286,433.998119
7653,3.8265,3.82625,3.826749999,0.175544244,0.192228778,patch_7663,1308.794983,1308.951028,461.176571286,433.292655
7654,3.827,3.826749999,3.82725,0.180475217,0.197628414,patch_7664,1308.951028,1309.107074,461.176571286,432.509406
7655,3.8275,3.82725,3.827749999,0.185817063,0.203477973,patch_7665,1309.107074,1309.263119,461.176571286,431.660893
7656,3.828,3.827749999,3.828250001,0.191437524,0.209632628,patch_7666,1309.263119,1309.419165,461.176571286,430.768124
7657,3.8285,3.828250001,3.828749999,0.197167785,0.21590752,patch_7667,1309.419165,1309.57521,461.176571286,429.857914
7658,3.829,3.828749999,3.829250001,0.20283839,0.222117085,patch_7668,1309.57521,1309.731256,461.176571286,428.95718
7659,3.8295,3.829250001,3.829749999,0.208279906,0.228075788,patch_7669,1309.731256,1309.887301,461.176571286,428.092835
7660,3.83,3.829749999,3.830250001,0.213322833,0.233598018,patch_7670,1309.887301,1310.043347,461.176571286,427.291803
7661,3.8305,3.830250001,3.83075,0.217797727,0.238498226,patch_7671,1310.043347,1310.199392,461.176571286,426.580999
7662,3.831,3.83075,3.831250001,0.221535085,0.2425908,patch_7672,1310.199392,1310.355438,461.176571286,425.987347
7663,3.8315,3.831250001,3.83175,0.224369941,0.245695094,patch_7673,1310.355438,1310.511483,461.176571286,425.537051
7664,3.832,3.83175,3.832249999,0.226196081,0.247694799,patch_7674,1310.511483,1310.667528,461.176571286,425.246982
7665,3.8325,3.832249999,3.83275,0.226949065,0.24851935,patch_7675,1310.667528,1310.823574,461.176571286,425.127376
7666,3.833,3.83275,3.833249999,0.226565346,0.24809916,patch_7676,1310.823574,1310.979619,461.176571286,425.188327
7667,3.8335,3.833249999,3.833750001,0.224981294,0.246364553,patch_7677,1310.979619,1311.135665,461.176571286,425.439942
7668,3.834,3.833750001,3.834249999,0.222133413,0.243245996,patch_7678,1311.135665,1311.29171,461.176571286,425.892307
7669,3.8345,3.834249999,3.834750001,0.217958093,0.238673834,patch_7679,1311.29171,1311.447756,461.176571286,426.555526
7670,3.835,3.834750001,3.835249999,0.212391793,0.232578487,patch_7680,1311.447756,1311.603801,461.176571286,427.439692
7671,3.8355,3.835249999,3.835750001,0.205382259,0.224902735,patch_7681,1311.603801,1311.759847,461.176571286,428.553105
7672,3.836,3.835750001,3.83625,0.197036895,0.215764189,patch_7682,1311.759847,1311.915892,461.176571286,429.878705
7673,3.8365,3.83625,3.836750001,0.187580796,0.205409339,patch_7683,1311.915892,1312.071938,461.176571286,431.380737
7674,3.837,3.836750001,3.83725,0.177241697,0.194087565,patch_7684,1312.071938,1312.227983,461.176571286,433.023027
7675,3.8375,3.83725,3.837749999,0.166247485,0.182048412,patch_7685,1312.227983,1312.384028,461.176571286,434.769377
7676,3.838,3.837749999,3.83825,0.154825938,0.169541309,patch_7686,1312.384028,1312.540074,461.176571286,436.583606
7677,3.8385,3.83825,3.838749999,0.143204867,0.156815717,patch_7687,1312.540074,1312.696119,461.176571286,438.429528
7678,3.839,3.838749999,3.839250001,0.131612094,0.144121114,patch_7688,1312.696119,1312.852165,461.176571286,440.270955
7679,3.8395,3.839250001,3.839749999,0.12026795,0.131698771,patch_7689,1312.852165,1313.00821,461.176571286,442.072889
7680,3.84,3.839749999,3.840250001,0.109281646,0.119668277,patch_7690,1313.00821,1313.164256,461.176571286,443.817983
7681,3.8405,3.840250001,3.840749999,0.098677083,0.108055808,patch_7691,1313.164256,1313.320301,461.176571286,445.50244
7682,3.841,3.840749999,3.841250001,0.088476002,0.096885169,patch_7692,1313.320301,1313.476347,461.176571286,447.122807
7683,3.8415,3.841250001,3.84175,0.078700115,0.086180136,patch_7693,1313.476347,1313.632392,461.176571286,448.675635
7684,3.842,3.84175,3.842250001,0.069371179,0.075964536,patch_7694,1313.632392,1313.788438,461.176571286,450.157468
7685,3.8425,3.842250001,3.84275,0.06051089,0.066262124,patch_7695,1313.788438,1313.944483,461.176571286,451.56486
7686,3.843,3.84275,3.843249999,0.052140992,0.057096712,patch_7696,1313.944483,1314.100528,461.176571286,452.894357
7687,3.8435,3.843249999,3.84375,0.044285886,0.04849502,patch_7697,1314.100528,1314.256574,461.176571286,454.142083
7688,3.844,3.84375,3.844249999,0.037012128,0.040529932,patch_7698,1314.256574,1314.412619,461.176571286,455.297466
7689,3.8445,3.844249999,3.844750001,0.030419951,0.033311204,patch_7699,1314.412619,1314.568665,461.176571286,456.344585
7690,3.845,3.844750001,3.845249999,0.02461053,0.026949628,patch_7700,1314.568665,1314.72471,461.176571286,457.267369
7691,3.8455,3.845249999,3.845750001,0.019685027,0.021555983,patch_7701,1314.72471,1314.880756,461.176571286,458.049749
7692,3.846,3.845750001,3.846249999,0.015744606,0.017241046,patch_7702,1314.880756,1315.036801,461.176571286,458.675656
7693,3.8465,3.846249999,3.846750001,0.012890442,0.014115609,patch_7703,1315.036801,1315.192847,461.176571286,459.129019
7694,3.847,3.846750001,3.84725,0.011223699,0.012290451,patch_7704,1315.192847,1315.348892,461.176571286,459.393769
7695,3.8475,3.84725,3.847750001,0.010832954,0.011862568,patch_7705,1315.348892,1315.504938,461.176571286,459.455836
7696,3.848,3.847750001,3.84825,0.011594903,0.012696936,patch_7706,1315.504938,1315.660983,461.176571286,459.334806
7697,3.8485,3.84825,3.848749999,0.013210338,0.014465909,patch_7707,1315.660983,1315.817028,461.176571286,459.078206
7698,3.849,3.848749999,3.84925,0.015374687,0.016835968,patch_7708,1315.817028,1315.973074,461.176571286,458.734415
7699,3.8495,3.84925,3.849749999,0.017783404,0.01947362,patch_7709,1315.973074,1316.129119,461.176571286,458.351808
7700,3.85,3.849749999,3.850250001,0.020131929,0.02204536,patch_7710,1316.129119,1316.285165,461.176571286,457.978762
7701,3.8505,3.850250001,3.850749999,0.022115709,0.024217688,patch_7711,1316.285165,1316.44121,461.176571286,457.663653
7702,3.851,3.850749999,3.851250001,0.023430192,0.025657106,patch_7712,1316.44121,1316.597256,461.176571286,457.454857
7703,3.8515,3.851250001,3.851749999,0.023785078,0.026045721,patch_7713,1316.597256,1316.753301,461.176571286,457.398486
7704,3.852,3.851749999,3.852250001,0.023145558,0.025345419,patch_7714,1316.753301,1316.909347,461.176571286,457.500069
7705,3.8525,3.852250001,3.85275,0.021697459,0.023759685,patch_7715,1316.909347,1317.065392,461.176571286,457.730089
7706,3.853,3.85275,3.853250001,0.019633882,0.021499977,patch_7716,1317.065392,1317.221438,461.176571286,458.057873
7707,3.8535,3.853250001,3.85375,0.017147907,0.018777723,patch_7717,1317.221438,1317.377483,461.176571286,458.452752
7708,3.854,3.85375,3.854249999,0.014432635,0.015804379,patch_7718,1317.377483,1317.533528,461.176571286,458.884053
7709,3.8545,3.854249999,3.85475,0.011681152,0.012791382,patch_7719,1317.533528,1317.689574,461.176571286,459.321106
7710,3.855,3.85475,3.855249999,0.009086546,0.009950174,patch_7720,1317.689574,1317.845619,461.176571286,459.73324
7711,3.8555,3.855249999,3.855750001,0.006835621,0.00748531,patch_7721,1317.845619,1318.001665,461.176571286,460.090783
7712,3.856,3.855750001,3.856249999,0.004994925,0.005469666,patch_7722,1318.001665,1318.15771,461.176571286,460.383164
7713,3.8565,3.856249999,3.856750001,0.003522997,0.003857839,patch_7723,1318.15771,1318.313756,461.176571286,460.616969
7714,3.857,3.856750001,3.857249999,0.002374527,0.002600214,patch_7724,1318.313756,1318.469801,461.176571286,460.799395
7715,3.8575,3.857249999,3.857750001,0.00150422,0.001647188,patch_7725,1318.469801,1318.625847,461.176571286,460.937637
7716,3.858,3.857750001,3.85825,0.000866759,0.00094914,patch_7726,1318.625847,1318.781892,461.176571286,461.038893
7717,3.8585,3.85825,3.858750001,0.000416848,0.000456467,patch_7727,1318.781892,1318.937938,461.176571286,461.110358
7718,3.859,3.858750001,3.85925,0.000109185,0.000119563,patch_7728,1318.937938,1319.093983,461.176571286,461.159228
7719,3.8595,3.85925,3.859749999,-0.000098712,-0.000108094,patch_7729,1319.093983,1319.250028,461.176571286,461.192251
7720,3.86,3.859749999,3.86025,-0.000191496,-0.000209697,patch_7730,1319.250028,1319.406074,461.176571286,461.206989
7721,3.8605,3.86025,3.860749999,-0.000099808,-0.000109294,patch_7731,1319.406074,1319.562119,461.176571286,461.192425
7722,3.861,3.860749999,3.861250001,0.000247782,0.000271332,patch_7732,1319.562119,1319.718165,461.176571286,461.137213
7723,3.8615,3.861250001,3.861749999,0.000922695,0.001010392,patch_7733,1319.718165,1319.87421,461.176571286,461.030008
7724,3.862,3.861749999,3.862250001,0.001996373,0.002186118,patch_7734,1319.87421,1320.030256,461.176571286,460.859462
7725,3.8625,3.862250001,3.862749999,0.003540234,0.003876715,patch_7735,1320.030256,1320.186301,461.176571286,460.614231
7726,3.863,3.862749999,3.863250001,0.005625713,0.006160407,patch_7736,1320.186301,1320.342347,461.176571286,460.282968
7727,3.8635,3.863250001,3.86375,0.008316709,0.009107168,patch_7737,1320.342347,1320.498392,461.176571286,459.855523
7728,3.864,3.86375,3.864250001,0.011512582,0.012606791,patch_7738,1320.498392,1320.654438,461.176571286,459.347882
7729,3.8645,3.864250001,3.86475,0.014952823,0.016374008,patch_7739,1320.654438,1320.810483,461.176571286,458.801425
7730,3.865,3.86475,3.865249999,0.01837033,0.020116331,patch_7740,1320.810483,1320.966528,461.176571286,458.258579
7731,3.8655,3.865249999,3.86575,0.021497991,0.023541259,patch_7741,1320.966528,1321.122574,461.176571286,457.761773
7732,3.866,3.86575,3.866249999,0.024068692,0.026356291,patch_7742,1321.122574,1321.278619,461.176571286,457.353436
7733,3.8665,3.866249999,3.866750001,0.025815345,0.028268954,patch_7743,1321.278619,1321.434665,461.176571286,457.075993
7734,3.867,3.866750001,3.867249999,0.02647083,0.02898674,patch_7744,1321.434665,1321.59071,461.176571286,456.971874
7735,3.8675,3.867249999,3.867750001,0.025779932,0.028230176,patch_7745,1321.59071,1321.746756,461.176571286,457.081618
7736,3.868,3.867750001,3.868249999,0.023766053,0.026024888,patch_7746,1321.746756,1321.902801,461.176571286,457.401508
7737,3.8685,3.868249999,3.868750001,0.020734166,0.022704837,patch_7747,1321.902801,1322.058847,461.176571286,457.883101
7738,3.869,3.868750001,3.86925,0.017001699,0.018617619,patch_7748,1322.058847,1322.214892,461.176571286,458.475976
7739,3.8695,3.86925,3.869750001,0.01288608,0.014110832,patch_7749,1322.214892,1322.370938,461.176571286,459.129712
7740,3.87,3.869750001,3.87025,0.00870476,0.0095321,patch_7750,1322.370938,1322.526983,461.176571286,459.793884
7741,3.8705,3.87025,3.870749999,0.004775167,0.005229021,patch_7751,1322.526983,1322.683028,461.176571286,460.418071
7742,3.871,3.870749999,3.87125,0.001414741,0.001549205,patch_7752,1322.683028,1322.839074,461.176571286,460.95185
7743,3.8715,3.87125,3.871749999,-0.001068005,-0.001169513,patch_7753,1322.839074,1322.995119,461.176571286,461.346216
7744,3.872,3.871749999,3.872250001,-0.002589025,-0.002835098,patch_7754,1322.995119,1323.151165,461.176571286,461.587819
7745,3.8725,3.872250001,3.872749999,-0.003300232,-0.003613902,patch_7755,1323.151165,1323.30721,461.176571286,461.700789
7746,3.873,3.872749999,3.873250001,-0.003364718,-0.003684516,patch_7756,1323.30721,1323.463256,461.176571286,461.711032
7747,3.8735,3.873250001,3.873749999,-0.002945573,-0.003225534,patch_7757,1323.463256,1323.619301,461.176571286,461.644454
7748,3.874,3.873749999,3.874250001,-0.002205898,-0.002415557,patch_7758,1323.619301,1323.775347,461.176571286,461.526962
7749,3.8745,3.874250001,3.87475,-0.001308784,-0.001433177,patch_7759,1323.775347,1323.931392,461.176571286,461.384462
7750,3.875,3.87475,3.875250001,-0.000417336,-0.000457001,patch_7760,1323.931392,1324.087438,461.176571286,461.242862
7751,3.8755,3.875250001,3.87575,0.000308578,0.000337906,patch_7761,1324.087438,1324.243483,461.176571286,461.127556
7752,3.876,3.87575,3.876249999,0.000796746,0.000872473,patch_7762,1324.243483,1324.399528,461.176571286,461.050014
7753,3.8765,3.876249999,3.87675,0.001070747,0.001172516,patch_7763,1324.399528,1324.555574,461.176571286,461.006491
7754,3.877,3.87675,3.877249999,0.001159017,0.001269175,patch_7764,1324.555574,1324.711619,461.176571286,460.99247
7755,3.8775,3.877249999,3.877750001,0.001089999,0.001193597,patch_7765,1324.711619,1324.867665,461.176571286,461.003433
7756,3.878,3.877750001,3.878249999,0.00089213,0.000976922,patch_7766,1324.867665,1325.02371,461.176571286,461.034863
7757,3.8785,3.878249999,3.878750001,0.00059386,0.000650303,patch_7767,1325.02371,1325.179756,461.176571286,461.082241
7758,3.879,3.878750001,3.879249999,0.000223626,0.00024488,patch_7768,1325.179756,1325.335801,461.176571286,461.14105
7759,3.8795,3.879249999,3.879750001,-0.000189815,-0.000207856,patch_7769,1325.335801,1325.491847,461.176571286,461.206722
7760,3.88,3.879750001,3.88025,-0.000608342,-0.000666162,patch_7770,1325.491847,1325.647892,461.176571286,461.273202
7761,3.8805,3.88025,3.880750001,-0.000983197,-0.001076645,patch_7771,1325.647892,1325.803938,461.176571286,461.332745
7762,3.881,3.880750001,3.88125,-0.001265055,-0.001385292,patch_7772,1325.803938,1325.959983,461.176571286,461.377516
7763,3.8815,3.88125,3.881749999,-0.001404577,-0.001538074,patch_7773,1325.959983,1326.116028,461.176571286,461.399678
7764,3.882,3.881749999,3.88225,-0.001352437,-0.001480979,patch_7774,1326.116028,1326.272074,461.176571286,461.391396
7765,3.8825,3.88225,3.882749999,-0.001059298,-0.001159979,patch_7775,1326.272074,1326.428119,461.176571286,461.344833
7766,3.883,3.882749999,3.883250001,-0.00047584,-0.000521066,patch_7776,1326.428119,1326.584165,461.176571286,461.252155
7767,3.8835,3.883250001,3.883749999,0.000447583,0.000490123,patch_7777,1326.584165,1326.74021,461.176571286,461.105476
7768,3.884,3.883749999,3.884250001,0.001770213,0.001938462,patch_7778,1326.74021,1326.896256,461.176571286,460.895386
7769,3.8845,3.884250001,3.884749999,0.003562647,0.003901257,patch_7779,1326.896256,1327.052301,461.176571286,460.610671
7770,3.885,3.884749999,3.885250001,0.005896144,0.006456541,patch_7780,1327.052301,1327.208347,461.176571286,460.240012
7771,3.8855,3.885250001,3.88575,0.008841965,0.009682346,patch_7781,1327.208347,1327.364392,461.176571286,459.77209
7772,3.886,3.88575,3.886250001,0.012471367,0.013656704,patch_7782,1327.364392,1327.520438,461.176571286,459.195586
7773,3.8865,3.886250001,3.88675,0.016855618,0.018457653,patch_7783,1327.520438,1327.676483,461.176571286,458.49918
7774,3.887,3.88675,3.887249999,0.022065968,0.024163219,patch_7784,1327.676483,1327.832528,461.176571286,457.671554
7775,3.8875,3.887249999,3.88775,0.028168629,0.030845906,patch_7785,1327.832528,1327.988574,461.176571286,456.702191
7776,3.888,3.88775,3.888249999,0.035055671,0.038387523,patch_7786,1327.988574,1328.144619,461.176571286,455.608235
7777,3.8885,3.888249999,3.888750001,0.04240498,0.046435345,patch_7787,1328.144619,1328.300665,461.176571286,454.440851
7778,3.889,3.888750001,3.889249999,0.049881315,0.054622265,patch_7788,1328.300665,1328.45671,461.176571286,453.25329
7779,3.8895,3.889249999,3.889750001,0.057149388,0.062581129,patch_7789,1328.45671,1328.612756,461.176571286,452.09881
7780,3.89,3.889750001,3.890249999,0.063873954,0.069944828,patch_7790,1328.612756,1328.768801,461.176571286,451.030662
7781,3.8905,3.890249999,3.890750001,0.069719738,0.076346223,patch_7791,1328.768801,1328.924847,461.176571286,450.102102
7782,3.891,3.890750001,3.89125,0.074351485,0.081418192,patch_7792,1328.924847,1329.080892,461.176571286,449.366383
7783,3.8915,3.89125,3.891750001,0.077442921,0.084803453,patch_7793,1329.080892,1329.236938,461.176571286,448.875331
7784,3.892,3.891750001,3.89225,0.079005089,0.086514097,patch_7794,1329.236938,1329.392983,461.176571286,448.627192
7785,3.8925,3.89225,3.892749999,0.079480686,0.087034896,patch_7795,1329.392983,1329.549028,461.176571286,448.551647
7786,3.893,3.892749999,3.89325,0.079340516,0.086881404,patch_7796,1329.549028,1329.705074,461.176571286,448.573912
7787,3.8935,3.89325,3.893749999,0.079055466,0.086569262,patch_7797,1329.705074,1329.861119,461.176571286,448.61919
7788,3.894,3.893749999,3.894250001,0.079096362,0.086614045,patch_7798,1329.861119,1330.017165,461.176571286,448.612694
7789,3.8945,3.894250001,3.894749999,0.079934046,0.087531346,patch_7799,1330.017165,1330.17321,461.176571286,448.479634
7790,3.895,3.894749999,3.895250001,0.082039369,0.089836768,patch_7800,1330.17321,1330.329256,461.176571286,448.145219
7791,3.8955,3.895250001,3.895749999,0.085872784,0.094034529,patch_7801,1330.329256,1330.485301,461.176571286,447.536309
7792,3.896,3.895749999,3.896250001,0.091467566,0.100161065,patch_7802,1330.485301,1330.641347,461.176571286,446.647619
7793,3.8965,3.896250001,3.89675,0.098288453,0.107630241,patch_7803,1330.641347,1330.797392,461.176571286,445.564171
7794,3.897,3.89675,3.897250001,0.105760797,0.11581279,patch_7804,1330.797392,1330.953438,461.176571286,444.377244
7795,3.8975,3.897250001,3.89775,0.113309915,0.124079411,patch_7805,1330.953438,1331.109483,461.176571286,443.178122
7796,3.898,3.89775,3.898249999,0.120361162,0.131800842,patch_7806,1331.109483,1331.265528,461.176571286,442.058083
7797,3.8985,3.898249999,3.89875,0.126339883,0.138347808,patch_7807,1331.265528,1331.421574,461.176571286,441.108407
7798,3.899,3.89875,3.899249999,0.130671408,0.143091021,patch_7808,1331.421574,1331.577619,461.176571286,440.420376
7799,3.8995,3.899249999,3.899750001,0.132790895,0.145411954,patch_7809,1331.577619,1331.733665,461.176571286,440.083711
7800,3.9,3.899750001,3.900249999,0.132575915,0.145176541,patch_7810,1331.733665,1331.88971,461.176571286,440.117859
7801,3.9005,3.900249999,3.900750001,0.130516721,0.142921631,patch_7811,1331.88971,1332.045756,461.176571286,440.444947
7802,3.901,3.900750001,3.901249999,0.127148583,0.13923337,patch_7812,1332.045756,1332.201801,461.176571286,440.979951
7803,3.9015,3.901249999,3.901750001,0.123006711,0.134697835,patch_7813,1332.201801,1332.357847,461.176571286,441.637857
7804,3.902,3.901750001,3.90225,0.118626402,0.129901201,patch_7814,1332.357847,1332.513892,461.176571286,442.333637
7805,3.9025,3.90225,3.902750001,0.114542858,0.125429539,patch_7815,1332.513892,1332.669938,461.176571286,442.982278
7806,3.903,3.902750001,3.90325,0.111291364,0.121869008,patch_7816,1332.669938,1332.825983,461.176571286,443.498754
7807,3.9035,3.90325,3.903749999,0.109400411,0.11979833,patch_7817,1332.825983,1332.982028,461.176571286,443.799118
7808,3.904,3.903749999,3.90425,0.109063455,0.119429348,patch_7818,1332.982028,1333.138074,461.176571286,443.852641
7809,3.9045,3.90425,3.904749999,0.109991115,0.120445177,patch_7819,1333.138074,1333.294119,461.176571286,443.705289
7810,3.905,3.904749999,3.905250001,0.111856476,0.122487831,patch_7820,1333.294119,1333.450165,461.176571286,443.40899
7811,3.9055,3.905250001,3.905749999,0.114332599,0.125199296,patch_7821,1333.450165,1333.60621,461.176571286,443.015676
7812,3.906,3.905749999,3.906250001,0.117092595,0.128221614,patch_7822,1333.60621,1333.762256,461.176571286,442.577271
7813,3.9065,3.906250001,3.906749999,0.119809516,0.131196764,patch_7823,1333.762256,1333.918301,461.176571286,442.145708
7814,3.907,3.906749999,3.907250001,0.122156454,0.133766767,patch_7824,1333.918301,1334.074347,461.176571286,441.772914
7815,3.9075,3.907250001,3.90775,0.123810456,0.135577972,patch_7825,1334.074347,1334.230392,461.176571286,441.510188
7816,3.908,3.90775,3.908250001,0.124666825,0.136515735,patch_7826,1334.230392,1334.386438,461.176571286,441.37416
7817,3.9085,3.908250001,3.90875,0.124948179,0.13682383,patch_7827,1334.386438,1334.542483,461.176571286,441.329469
7818,3.909,3.90875,3.909249999,0.124904054,0.13677551,patch_7828,1334.542483,1334.698528,461.176571286,441.336478
7819,3.9095,3.909249999,3.90975,0.12478396,0.136644002,patch_7829,1334.698528,1334.854574,461.176571286,441.355554
7820,3.91,3.90975,3.910249999,0.124837453,0.13670258,patch_7830,1334.854574,1335.010619,461.176571286,441.347057
7821,3.9105,3.910249999,3.910750001,0.125314088,0.137224517,patch_7831,1335.010619,1335.166665,461.176571286,441.271347
7822,3.911,3.910750001,3.911249999,0.126463339,0.138482997,patch_7832,1335.166665,1335.32271,461.176571286,441.088797
7823,3.9115,3.911249999,3.911750001,0.128531901,0.140748165,patch_7833,1335.32271,1335.478756,461.176571286,440.760221
7824,3.912,3.911750001,3.912249999,0.131589354,0.144096213,patch_7834,1335.478756,1335.634801,461.176571286,440.274567
7825,3.9125,3.912249999,3.912750001,0.135428858,0.14830064,patch_7835,1335.634801,1335.790847,461.176571286,439.66469
7826,3.913,3.912750001,3.91325,0.139819637,0.153108739,patch_7836,1335.790847,1335.946892,461.176571286,438.967247
7827,3.9135,3.91325,3.913750001,0.144530845,0.158267723,patch_7837,1335.946892,1336.102938,461.176571286,438.218906
7828,3.914,3.913750001,3.91425,0.149331734,0.16352491,patch_7838,1336.102938,1336.258983,461.176571286,437.45632
7829,3.9145,3.91425,3.914749999,0.153991402,0.168627454,patch_7839,1336.258983,1336.415028,461.176571286,436.716166
7830,3.915,3.914749999,3.91525,0.158279103,0.173322679,patch_7840,1336.415028,1336.571074,461.176571286,436.035096
7831,3.9155,3.91525,3.915749999,0.161965248,0.177359171,patch_7841,1336.571074,1336.727119,461.176571286,435.449579
7832,3.916,3.915749999,3.916250001,0.164906309,0.180579764,patch_7842,1336.727119,1336.883165,461.176571286,434.982413
7833,3.9165,3.916250001,3.916749999,0.167098491,0.182980301,patch_7843,1336.883165,1337.03921,461.176571286,434.634201
7834,3.917,3.916749999,3.917250001,0.168550802,0.184570647,patch_7844,1337.03921,1337.195256,461.176571286,434.403512
7835,3.9175,3.917250001,3.917749999,0.169272302,0.185360721,patch_7845,1337.195256,1337.351301,461.176571286,434.288907
7836,3.918,3.917749999,3.918250001,0.16927205,0.185360446,patch_7846,1337.351301,1337.507347,461.176571286,434.288947
7837,3.9185,3.918250001,3.91875,0.168559011,0.184579636,patch_7847,1337.507347,1337.663392,461.176571286,434.402208
7838,3.919,3.91875,3.919250001,0.16714227,0.183028241,patch_7848,1337.663392,1337.819438,461.176571286,434.627247
7839,3.9195,3.919250001,3.91975,0.165032043,0.180717449,patch_7849,1337.819438,1337.975483,461.176571286,434.962441
7840,3.92,3.91975,3.920249999,0.162329539,0.177758086,patch_7850,1337.975483,1338.131528,461.176571286,435.391714
7841,3.9205,3.920249999,3.92075,0.159290028,0.174429686,patch_7851,1338.131528,1338.287574,461.176571286,435.874518
7842,3.921,3.92075,3.921249999,0.156183672,0.171028087,patch_7852,1338.287574,1338.443619,461.176571286,436.36794
7843,3.9215,3.921249999,3.921750001,0.153280648,0.167849147,patch_7853,1338.443619,1338.599665,461.176571286,436.829064
7844,3.922,3.921750001,3.922249999,0.150851099,0.165188683,patch_7854,1338.599665,1338.75571,461.176571286,437.21498
7845,3.9225,3.922249999,3.922750001,0.149165186,0.163342532,patch_7855,1338.75571,1338.911756,461.176571286,437.482775
7846,3.923,3.922750001,3.923249999,0.148493049,0.162606513,patch_7856,1338.911756,1339.067801,461.176571286,437.589539
7847,3.9235,3.923249999,3.923750001,0.149102149,0.163273504,patch_7857,1339.067801,1339.223847,461.176571286,437.492788
7848,3.924,3.923750001,3.92425,0.151020468,0.165374149,patch_7858,1339.223847,1339.379892,461.176571286,437.188077
7849,3.9245,3.92425,3.924750001,0.153854027,0.168477022,patch_7859,1339.379892,1339.535938,461.176571286,436.737987
7850,3.925,3.924750001,3.92525,0.157165958,0.172103735,patch_7860,1339.535938,1339.691983,461.176571286,436.211911
7851,3.9255,3.92525,3.925749999,0.160519358,0.175775857,patch_7861,1339.691983,1339.848028,461.176571286,435.679248
7852,3.926,3.925749999,3.92625,0.163477304,0.17901494,patch_7862,1339.848028,1340.004074,461.176571286,435.2094
7853,3.9265,3.92625,3.926749999,0.165602835,0.181342491,patch_7863,1340.004074,1340.160119,461.176571286,434.871775
7854,3.927,3.926749999,3.927250001,0.166459097,0.182280136,patch_7864,1340.160119,1340.316165,461.176571286,434.735764
7855,3.9275,3.927250001,3.927749999,0.16561173,0.181352232,patch_7865,1340.316165,1340.47221,461.176571286,434.870362
7856,3.928,3.927749999,3.928250001,0.162884277,0.178365549,patch_7866,1340.47221,1340.628256,461.176571286,435.303598
7857,3.9285,3.928250001,3.928749999,0.158573804,0.173645389,patch_7867,1340.628256,1340.784301,461.176571286,435.988285
7858,3.929,3.928749999,3.929250001,0.153028058,0.16757255,patch_7868,1340.784301,1340.940347,461.176571286,436.869186
7859,3.9295,3.929250001,3.92975,0.14659485,0.1605279,patch_7869,1340.940347,1341.096392,461.176571286,437.891054
7860,3.93,3.92975,3.930250001,0.139621944,0.152892257,patch_7870,1341.096392,1341.252438,461.176571286,438.998649
7861,3.9305,3.930250001,3.93075,0.132457137,0.145046474,patch_7871,1341.252438,1341.408483,461.176571286,440.136726
7862,3.931,3.93075,3.931249999,0.125448215,0.137371391,patch_7872,1341.408483,1341.564528,461.176571286,441.250042
7863,3.9315,3.931249999,3.93175,0.118941959,0.130246751,patch_7873,1341.564528,1341.720574,461.176571286,442.283513
7864,3.932,3.93175,3.932249999,0.113171772,0.123928138,patch_7874,1341.720574,1341.876619,461.176571286,443.200065
7865,3.9325,3.932249999,3.932750001,0.108154014,0.11843347,patch_7875,1341.876619,1342.032665,461.176571286,443.997099
7866,3.933,3.932750001,3.933249999,0.103880653,0.113753949,patch_7876,1342.032665,1342.18871,461.176571286,444.675891
7867,3.9335,3.933249999,3.933750001,0.100343569,0.109880684,patch_7877,1342.18871,1342.344756,461.176571286,445.237731
7868,3.934,3.933750001,3.934249999,0.097534707,0.106804855,patch_7878,1342.344756,1342.500801,461.176571286,445.683898
7869,3.9345,3.934249999,3.934750001,0.095445993,0.10451762,patch_7879,1342.500801,1342.656847,461.176571286,446.015675
7870,3.935,3.934750001,3.93525,0.094069323,0.103010104,patch_7880,1342.656847,1342.812892,461.176571286,446.234349
7871,3.9355,3.93525,3.935750001,0.093396103,0.102272899,patch_7881,1342.812892,1342.968938,461.176571286,446.341285
7872,3.936,3.935750001,3.93625,0.093345669,0.102217672,patch_7882,1342.968938,1343.124983,461.176571286,446.349296
7873,3.9365,3.93625,3.936749999,0.093693731,0.102598815,patch_7883,1343.124983,1343.281028,461.176571286,446.294009
7874,3.937,3.936749999,3.93725,0.094198948,0.10315205,patch_7884,1343.281028,1343.437074,461.176571286,446.213759
7875,3.9375,3.93725,3.937749999,0.094619999,0.10361312,patch_7885,1343.437074,1343.593119,461.176571286,446.146878
7876,3.938,3.937749999,3.938250001,0.094715541,0.103717742,patch_7886,1343.593119,1343.749165,461.176571286,446.131702
7877,3.9385,3.938250001,3.938749999,0.094244263,0.103201672,patch_7887,1343.749165,1343.90521,461.176571286,446.206561
7878,3.939,3.938749999,3.939250001,0.092964833,0.101800639,patch_7888,1343.90521,1344.061256,461.176571286,446.409789
7879,3.9395,3.939250001,3.939749999,0.090636901,0.09925145,patch_7889,1344.061256,1344.217301,461.176571286,446.779564
7880,3.94,3.939749999,3.940250001,0.087171749,0.095456954,patch_7890,1344.217301,1344.373347,461.176571286,447.329978
7881,3.9405,3.940250001,3.94075,0.08279591,0.090665214,patch_7891,1344.373347,1344.529392,461.176571286,448.025048
7882,3.941,3.94075,3.941250001,0.077775187,0.085167299,patch_7892,1344.529392,1344.685438,461.176571286,448.822553
7883,3.9415,3.941250001,3.94175,0.072375359,0.079254247,patch_7893,1344.685438,1344.841483,461.176571286,449.680276
7884,3.942,3.94175,3.942249999,0.066862219,0.073217112,patch_7894,1344.841483,1344.997528,461.176571286,450.555998
7885,3.9425,3.942249999,3.94275,0.061501549,0.06734694,patch_7895,1344.997528,1345.153574,461.176571286,451.407501
7886,3.943,3.94275,3.943249999,0.056559162,0.061934805,patch_7896,1345.153574,1345.309619,461.176571286,452.192563
7887,3.9435,3.943249999,3.943750001,0.052300168,0.057271017,patch_7897,1345.309619,1345.465665,461.176571286,452.869073
7888,3.944,3.943750001,3.944249999,0.048864479,0.053508784,patch_7898,1345.465665,1345.62171,461.176571286,453.414807
7889,3.9445,3.944249999,3.944750001,0.046120701,0.050504225,patch_7899,1345.62171,1345.777756,461.176571286,453.850636
7890,3.945,3.944750001,3.945249999,0.04390194,0.048074582,patch_7900,1345.777756,1345.933801,461.176571286,454.20307
7891,3.9455,3.945249999,3.945750001,0.0420413,0.046037099,patch_7901,1345.933801,1346.089847,461.176571286,454.498619
7892,3.946,3.945750001,3.94625,0.040371881,0.04420901,patch_7902,1346.089847,1346.245892,461.176571286,454.763794
7893,3.9465,3.94625,3.946750001,0.038726794,0.042407567,patch_7903,1346.245892,1346.401938,461.176571286,455.025104
7894,3.947,3.946750001,3.94725,0.036939132,0.040449997,patch_7904,1346.401938,1346.557983,461.176571286,455.309061
7895,3.9475,3.94725,3.947749999,0.034842516,0.03815411,patch_7905,1346.557983,1346.714028,461.176571286,455.642093
7896,3.948,3.947749999,3.94825,0.032385311,0.03546336,patch_7906,1346.714028,1346.870074,461.176571286,456.032402
7897,3.9485,3.94825,3.948749999,0.029775251,0.032605228,patch_7907,1346.870074,1347.026119,461.176571286,456.446991
7898,3.949,3.948749999,3.949250001,0.027255688,0.029846195,patch_7908,1347.026119,1347.182165,461.176571286,456.847205
7899,3.9495,3.949250001,3.949749999,0.025069959,0.027452724,patch_7909,1347.182165,1347.33821,461.176571286,457.194392
7900,3.95,3.949749999,3.950250001,0.023461424,0.025691306,patch_7910,1347.33821,1347.494256,461.176571286,457.449896
7901,3.9505,3.950250001,3.950749999,0.022673431,0.024828418,patch_7911,1347.494256,1347.650301,461.176571286,457.575063
7902,3.951,3.950749999,3.951250001,0.02294932,0.025130529,patch_7912,1347.650301,1347.806347,461.176571286,457.53124
7903,3.9515,3.951250001,3.95175,0.024531886,0.02686351,patch_7913,1347.806347,1347.962392,461.176571286,457.279861
7904,3.952,3.95175,3.952250001,0.027508051,0.030122543,patch_7914,1347.962392,1348.118438,461.176571286,456.807119
7905,3.9525,3.952250001,3.95275,0.031597261,0.03460041,patch_7915,1348.118438,1348.274483,461.176571286,456.157578
7906,3.953,3.95275,3.953249999,0.036466022,0.039931921,patch_7916,1348.274483,1348.430528,461.176571286,455.384211
7907,3.9535,3.953249999,3.95375,0.041780816,0.045751857,patch_7917,1348.430528,1348.586574,461.176571286,454.539995
7908,3.954,3.95375,3.954249999,0.047208155,0.051695035,patch_7918,1348.586574,1348.742619,461.176571286,453.677902
7909,3.9545,3.954249999,3.954750001,0.052414539,0.057396258,patch_7919,1348.742619,1348.898665,461.176571286,452.850906
7910,3.955,3.954750001,3.955249999,0.057066463,0.062490322,patch_7920,1348.898665,1349.05471,461.176571286,452.111982
7911,3.9555,3.955249999,3.955750001,0.06083093,0.066612582,patch_7921,1349.05471,1349.210756,461.176571286,451.514024
7912,3.956,3.955750001,3.956249999,0.063548688,0.069588648,patch_7922,1349.210756,1349.366801,461.176571286,451.082328
7913,3.9565,3.956249999,3.956750001,0.065488048,0.071712333,patch_7923,1349.366801,1349.522847,461.176571286,450.774275
7914,3.957,3.956750001,3.95725,0.066981853,0.073348117,patch_7924,1349.522847,1349.678892,461.176571286,450.536995
7915,3.9575,3.95725,3.957750001,0.068362993,0.074860527,patch_7925,1349.678892,1349.834938,461.176571286,450.317611
7916,3.958,3.957750001,3.95825,0.069964351,0.076614085,patch_7926,1349.834938,1349.990983,461.176571286,450.063247
7917,3.9585,3.95825,3.958749999,0.072118772,0.078973273,patch_7927,1349.990983,1350.147028,461.176571286,449.721033
7918,3.959,3.958749999,3.95925,0.075159139,0.08230261,patch_7928,1350.147028,1350.303074,461.176571286,449.238093
7919,3.9595,3.95925,3.959749999,0.079417913,0.086966157,patch_7929,1350.303074,1350.459119,461.176571286,448.561618
7920,3.96,3.959749999,3.960250001,0.085036617,0.093118889,patch_7930,1350.459119,1350.615165,461.176571286,447.669128
7921,3.9605,3.960250001,3.960749999,0.091666473,0.100378877,patch_7931,1350.615165,1350.77121,461.176571286,446.616024
7922,3.961,3.960749999,3.961250001,0.098881071,0.108279184,patch_7932,1350.77121,1350.927256,461.176571286,445.470038
7923,3.9615,3.961250001,3.961749999,0.106253996,0.116352865,patch_7933,1350.927256,1351.083301,461.176571286,444.298903
7924,3.962,3.961749999,3.962250001,0.113358818,0.124132963,patch_7934,1351.083301,1351.239347,461.176571286,443.170354
7925,3.9625,3.962250001,3.96275,0.119769124,0.131152533,patch_7935,1351.239347,1351.395392,461.176571286,442.152124
7926,3.963,3.96275,3.963250001,0.125058515,0.136944652,patch_7936,1351.395392,1351.551438,461.176571286,441.311943
7927,3.9635,3.963250001,3.96375,0.128800884,0.141042714,patch_7937,1351.551438,1351.707483,461.176571286,440.717495
7928,3.964,3.96375,3.964249999,0.130769398,0.143198324,patch_7938,1351.707483,1351.863528,461.176571286,440.404811
7929,3.9645,3.964249999,3.96475,0.1312716,0.143748257,patch_7939,1351.863528,1352.019574,461.176571286,440.32504
7930,3.965,3.96475,3.965249999,0.13070366,0.143126338,patch_7940,1352.019574,1352.175619,461.176571286,440.415253
7931,3.9655,3.965249999,3.965750001,0.129461733,0.141766373,patch_7941,1352.175619,1352.331665,461.176571286,440.612524
7932,3.966,3.965750001,3.966249999,0.127942009,0.140102207,patch_7942,1352.331665,1352.48771,461.176571286,440.853921
7933,3.9665,3.966249999,3.966750001,0.12654066,0.138567668,patch_7943,1352.48771,1352.643756,461.176571286,441.076515
7934,3.967,3.966750001,3.967249999,0.125653865,0.137596587,patch_7944,1352.643756,1352.799801,461.176571286,441.217376
7935,3.9675,3.967249999,3.967750001,0.125677567,0.137622542,patch_7945,1352.799801,1352.955847,461.176571286,441.213611
7936,3.968,3.967750001,3.96825,0.126837804,0.138893053,patch_7946,1352.955847,1353.111892,461.176571286,441.029316
7937,3.9685,3.96825,3.968750001,0.128884464,0.141134237,patch_7947,1353.111892,1353.267938,461.176571286,440.704219
7938,3.969,3.968750001,3.96925,0.13148476,0.143981678,patch_7948,1353.267938,1353.423983,461.176571286,440.291181
7939,3.9695,3.96925,3.969749999,0.134305891,0.147070942,patch_7949,1353.423983,1353.580028,461.176571286,439.843065
7940,3.97,3.969749999,3.97025,0.137015044,0.150037585,patch_7950,1353.580028,1353.736074,461.176571286,439.412736
7941,3.9705,3.97025,3.970749999,0.13927941,0.152517167,patch_7951,1353.736074,1353.892119,461.176571286,439.053058
7942,3.971,3.970749999,3.971250001,0.140766202,0.15414527,patch_7952,1353.892119,1354.048165,461.176571286,438.816892
7943,3.9715,3.971250001,3.971749999,0.141142726,0.154557581,patch_7953,1354.048165,1354.20421,461.176571286,438.757084
7944,3.972,3.971749999,3.972250001,0.140217112,0.153543992,patch_7954,1354.20421,1354.360256,461.176571286,438.904111
7945,3.9725,3.972250001,3.972749999,0.138209672,0.151345756,patch_7955,1354.360256,1354.516301,461.176571286,439.222978
7946,3.973,3.972749999,3.973250001,0.135415631,0.148286156,patch_7956,1354.516301,1354.672347,461.176571286,439.666791
7947,3.9735,3.973250001,3.97375,0.132130267,0.144688536,patch_7957,1354.672347,1354.828392,461.176571286,440.188647
7948,3.974,3.97375,3.974250001,0.128648816,0.140876192,patch_7958,1354.828392,1354.984438,461.176571286,440.74165
7949,3.9745,3.974250001,3.97475,0.125266582,0.137172495,patch_7959,1354.984438,1355.140483,461.176571286,441.278893
7950,3.975,3.97475,3.975249999,0.122278802,0.133900743,patch_7960,1355.140483,1355.296528,461.176571286,441.75348
7951,3.9755,3.975249999,3.97575,0.119980685,0.131384202,patch_7961,1355.296528,1355.452574,461.176571286,442.118519
7952,3.976,3.97575,3.976249999,0.11854743,0.129814724,patch_7962,1355.452574,1355.608619,461.176571286,442.346181
7953,3.9765,3.976249999,3.976750001,0.11778737,0.128982424,patch_7963,1355.608619,1355.764665,461.176571286,442.466911
7954,3.977,3.976750001,3.977249999,0.117438912,0.128600847,patch_7964,1355.764665,1355.92071,461.176571286,442.522261
7955,3.9775,3.977249999,3.977750001,0.117240496,0.128383573,patch_7965,1355.92071,1356.076756,461.176571286,442.553778
7956,3.978,3.977750001,3.978249999,0.116930535,0.128044152,patch_7966,1356.076756,1356.232801,461.176571286,442.603013
7957,3.9785,3.978249999,3.978750001,0.11624745,0.127296143,patch_7967,1356.232801,1356.388847,461.176571286,442.711516
7958,3.979,3.978750001,3.97925,0.114929662,0.125853107,patch_7968,1356.388847,1356.544892,461.176571286,442.920837
7959,3.9795,3.97925,3.979750001,0.112715622,0.123428634,patch_7969,1356.544892,1356.700938,461.176571286,443.272521
7960,3.98,3.979750001,3.98025,0.109444895,0.119847042,patch_7970,1356.700938,1356.856983,461.176571286,443.792052
7961,3.9805,3.98025,3.980749999,0.105280145,0.115286455,patch_7971,1356.856983,1357.013028,461.176571286,444.453592
7962,3.981,3.980749999,3.98125,0.100448465,0.10999555,patch_7972,1357.013028,1357.169074,461.176571286,445.221069
7963,3.9815,3.98125,3.981749999,0.095176978,0.104223037,patch_7973,1357.169074,1357.325119,461.176571286,446.058406
7964,3.982,3.981749999,3.982250001,0.089692803,0.098217621,patch_7974,1357.325119,1357.481165,461.176571286,446.929527
7965,3.9825,3.982250001,3.982749999,0.084223032,0.092227977,patch_7975,1357.481165,1357.63721,461.176571286,447.79836
7966,3.983,3.982749999,3.983250001,0.07899479,0.086502819,patch_7976,1357.63721,1357.793256,461.176571286,448.628828
7967,3.9835,3.983250001,3.983749999,0.074235149,0.0812908,patch_7977,1357.793256,1357.949301,461.176571286,449.384862
7968,3.984,3.983749999,3.984250001,0.070118472,0.076782855,patch_7978,1357.949301,1358.105347,461.176571286,450.038766
7969,3.9845,3.984250001,3.98475,0.066642674,0.072976701,patch_7979,1358.105347,1358.261392,461.176571286,450.590871
7970,3.985,3.98475,3.985250001,0.063768931,0.069829824,patch_7980,1358.261392,1358.417438,461.176571286,451.047344
7971,3.9855,3.985250001,3.98575,0.061458381,0.067299669,patch_7981,1358.417438,1358.573483,461.176571286,451.414358
7972,3.986,3.98575,3.986249999,0.059672186,0.065343705,patch_7982,1358.573483,1358.729528,461.176571286,451.698082
7973,3.9865,3.986249999,3.98675,0.058371496,0.063919392,patch_7983,1358.729528,1358.885574,461.176571286,451.904687
7974,3.987,3.98675,3.987249999,0.05751745,0.062984173,patch_7984,1358.885574,1359.041619,461.176571286,452.040346
7975,3.9875,3.987249999,3.987750001,0.05707121,0.06249552,patch_7985,1359.041619,1359.197665,461.176571286,452.111228
7976,3.988,3.987750001,3.988249999,0.056959067,0.062372719,patch_7986,1359.197665,1359.35371,461.176571286,452.129041
7977,3.9885,3.988249999,3.988750001,0.056985559,0.062401729,patch_7987,1359.35371,1359.509756,461.176571286,452.124833
7978,3.989,3.988750001,3.989249999,0.056928622,0.062339381,patch_7988,1359.509756,1359.665801,461.176571286,452.133877
7979,3.9895,3.989249999,3.989750001,0.056566188,0.061942499,patch_7989,1359.665801,1359.821847,461.176571286,452.191447
7980,3.99,3.989750001,3.99025,0.0556762,0.060967923,patch_7990,1359.821847,1359.977892,461.176571286,452.332815
7981,3.9905,3.99025,3.990750001,0.054036591,0.059172477,patch_7991,1359.977892,1360.133938,461.176571286,452.593255
7982,3.991,3.990750001,3.99125,0.051425296,0.056312993,patch_7992,1360.133938,1360.289983,461.176571286,453.00804
7983,3.9915,3.99125,3.991749999,0.047620273,0.052146323,patch_7993,1360.289983,1360.446028,461.176571286,453.61244
7984,3.992,3.991749999,3.99225,0.042510015,0.046550363,patch_7994,1360.446028,1360.602074,461.176571286,454.424167
7985,3.9925,3.99225,3.992749999,0.03638724,0.039845651,patch_7995,1360.602074,1360.758119,461.176571286,455.396725
7986,3.993,3.992749999,3.993250001,0.029636982,0.032453817,patch_7996,1360.758119,1360.914165,461.176571286,456.468954
7987,3.9935,3.993250001,3.993749999,0.02264427,0.024796486,patch_7997,1360.914165,1361.07021,461.176571286,457.579695
7988,3.994,3.993749999,3.994250001,0.015794152,0.017295301,patch_7998,1361.07021,1361.226256,461.176571286,458.667786
7989,3.9945,3.994250001,3.994749999,0.009471657,0.010371887,patch_7999,1361.226256,1361.382301,461.176571286,459.672068
7990,3.995,3.994749999,3.995250001,0.004061826,0.004447881,patch_8000,1361.382301,1361.538347,461.176571286,460.53138
7991,3.9955,3.995250001,3.99575,-0.000050312,-0.000055094,patch_8001,1361.538347,1361.694392,461.176571286,461.184563
7992,3.996,3.99575,3.996250001,-0.002601528,-0.00284879,patch_8002,1361.694392,1361.850438,461.176571286,461.589805
7993,3.9965,3.996250001,3.99675,-0.003794356,-0.00415499,patch_8003,1361.850438,1362.006483,461.176571286,461.779277
7994,3.997,3.99675,3.997249999,-0.003942623,-0.004317348,patch_8004,1362.006483,1362.162528,461.176571286,461.802828
7995,3.9975,3.997249999,3.99775,-0.003360178,-0.003679545,patch_8005,1362.162528,1362.318574,461.176571286,461.710311
7996,3.998,3.99775,3.998249999,-0.002360856,-0.002585243,patch_8006,1362.318574,1362.474619,461.176571286,461.551576
7997,3.9985,3.998249999,3.998750001,-0.001258495,-0.001378108,patch_8007,1362.474619,1362.630665,461.176571286,461.376474
7998,3.999,3.998750001,3.999249999,-0.000366927,-0.000401802,patch_8008,1362.630665,1362.78671,461.176571286,461.234855
7999,3.9995,3.999249999,3.999750001,0.000000002,0.000000002,patch_8009,1362.78671,1362.942756,461.176571286,461.176571
